
> food-digester-platform@0.0.0 verify /Users/anray/Documents/project/hiddenjoyacom/food-digester-platform
> pnpm lint && pnpm format:check && pnpm typecheck && pnpm openapi:check && pnpm test && pnpm build && pnpm check:boundaries && pnpm check:schemas && pnpm check:migrations && pnpm check:evidence && pnpm check:secrets && pnpm check:sensitive-sinks && pnpm check:admin-web-delivery && pnpm check:admin-web-e2e && pnpm check:cmd-ota-delivery && pnpm test:device-contracts /tmp/fdp-device-contracts-gate.json && pnpm test:iot-integration /tmp/fdp-iot-integration-gate.json && pnpm test:core-api-integration /tmp/fdp-core-api-integration-gate.json && pnpm test:admin-e2e-suite /tmp/fdp-admin-e2e-gate.json && pnpm test:security-suite /tmp/fdp-security-gate.json && pnpm test:reliability-suite /tmp/fdp-reliability-gate.json && pnpm test:prototype-regression /tmp/fdp-prototype-regression-gate.json


> food-digester-platform@0.0.0 lint /Users/anray/Documents/project/hiddenjoyacom/food-digester-platform
> eslint .


> food-digester-platform@0.0.0 format:check /Users/anray/Documents/project/hiddenjoyacom/food-digester-platform
> prettier --check .

Checking formatting...
All matched files use Prettier code style!

> food-digester-platform@0.0.0 typecheck /Users/anray/Documents/project/hiddenjoyacom/food-digester-platform
> turbo run typecheck

• turbo 2.10.11

   • Packages in scope: @fdp/admin-web, @fdp/archive-worker, @fdp/auth, @fdp/aws-clients, @fdp/cloud-api, @fdp/contracts, @fdp/database, @fdp/domain, @fdp/infra, @fdp/ingestion-worker, @fdp/media, @fdp/observability, @fdp/summary-worker
   • Running typecheck in 13 packages
   • Remote caching disabled

@fdp/contracts:typecheck: cache hit, replaying logs aa15856efcfb63ca
@fdp/aws-clients:typecheck: cache hit, replaying logs 767e47322641a244
@fdp/infra:typecheck: cache hit, replaying logs ce88fe65165f8d55
@fdp/observability:typecheck: cache hit, replaying logs a0b06f97baffe220
@fdp/contracts:build: cache hit, replaying logs badb40bf08f6da73
@fdp/aws-clients:typecheck: 
@fdp/aws-clients:typecheck: > @fdp/aws-clients@0.0.0 typecheck /Users/anray/Documents/project/hiddenjoyacom/food-digester-platform/packages/aws-clients
@fdp/infra:typecheck: 
@fdp/infra:typecheck: > @fdp/infra@0.0.0 typecheck /Users/anray/Documents/project/hiddenjoyacom/food-digester-platform/infra
@fdp/aws-clients:typecheck: > tsc -p tsconfig.json
@fdp/infra:typecheck: > tsc -p tsconfig.json
@fdp/infra:typecheck: 
@fdp/contracts:typecheck: 
@fdp/contracts:typecheck: > @fdp/contracts@0.0.0 typecheck /Users/anray/Documents/project/hiddenjoyacom/food-digester-platform/contracts
@fdp/contracts:typecheck: > tsc -p tsconfig.json
@fdp/contracts:typecheck: 
@fdp/aws-clients:typecheck: 
@fdp/observability:typecheck: 
@fdp/observability:typecheck: > @fdp/observability@0.0.0 typecheck /Users/anray/Documents/project/hiddenjoyacom/food-digester-platform/packages/observability
@fdp/contracts:build: 
@fdp/contracts:build: > @fdp/contracts@0.0.0 build /Users/anray/Documents/project/hiddenjoyacom/food-digester-platform/contracts
@fdp/observability:typecheck: > tsc -p tsconfig.json
@fdp/observability:typecheck: 
@fdp/contracts:build: > node -e "console.log('@fdp/contracts 为源码契约包：内部使用 .ts 扩展名互引，不经 tsc 构建；消费方经 tsx/打包器直接使用源码')"
@fdp/contracts:build: 
@fdp/observability:build: cache hit, replaying logs 548a24332771f8b7
@fdp/database:generate: cache hit, replaying logs 0a1b95f052ac6898
@fdp/aws-clients:build: cache hit, replaying logs 72b741ff8e28f9c8
@fdp/contracts:build: @fdp/contracts 为源码契约包：内部使用 .ts 扩展名互引，不经 tsc 构建；消费方经 tsx/打包器直接使用源码
@fdp/observability:build: 
@fdp/observability:build: > @fdp/observability@0.0.0 build /Users/anray/Documents/project/hiddenjoyacom/food-digester-platform/packages/observability
@fdp/observability:build: > tsc -p tsconfig.build.json
@fdp/observability:build: 
@fdp/database:generate: 
@fdp/database:generate: > @fdp/database@0.0.0 generate /Users/anray/Documents/project/hiddenjoyacom/food-digester-platform/packages/database
@fdp/database:generate: > prisma generate
@fdp/database:generate: 
@fdp/database:generate: Loaded Prisma config from prisma.config.ts.
@fdp/database:generate: 
@fdp/database:generate: Prisma schema loaded from prisma/schema.prisma.
@fdp/database:generate: 
@fdp/database:generate: ✔ Generated Prisma Client (7.9.1) to ./src/generated in 152ms
@fdp/database:generate: 
@fdp/aws-clients:build: 
@fdp/aws-clients:build: > @fdp/aws-clients@0.0.0 build /Users/anray/Documents/project/hiddenjoyacom/food-digester-platform/packages/aws-clients
@fdp/aws-clients:build: > tsc -p tsconfig.build.json
@fdp/aws-clients:build: 
@fdp/domain:typecheck: cache hit, replaying logs fd26312a4c0953c8
@fdp/domain:typecheck: 
@fdp/domain:typecheck: > @fdp/domain@0.0.0 typecheck /Users/anray/Documents/project/hiddenjoyacom/food-digester-platform/packages/domain
@fdp/domain:build: cache hit, replaying logs 47ef0249a0b99843
@fdp/domain:typecheck: > tsc -p tsconfig.json
@fdp/domain:typecheck: 
@fdp/domain:build: 
@fdp/domain:build: > @fdp/domain@0.0.0 build /Users/anray/Documents/project/hiddenjoyacom/food-digester-platform/packages/domain
@fdp/domain:build: > tsc -p tsconfig.build.json
@fdp/domain:build: 
@fdp/database:typecheck: cache hit, replaying logs 296cc02212625e83
@fdp/database:typecheck: 
@fdp/database:typecheck: > @fdp/database@0.0.0 typecheck /Users/anray/Documents/project/hiddenjoyacom/food-digester-platform/packages/database
@fdp/database:typecheck: > tsc -p tsconfig.json
@fdp/database:typecheck: 
@fdp/database:build: cache hit, replaying logs 49f924209107aab2
@fdp/database:build: 
@fdp/database:build: > @fdp/database@0.0.0 build /Users/anray/Documents/project/hiddenjoyacom/food-digester-platform/packages/database
@fdp/database:build: > tsc -p tsconfig.build.json
@fdp/database:build: 
@fdp/media:build: cache hit, replaying logs a99b79ffc692cec0
@fdp/summary-worker:typecheck: cache hit, replaying logs 1f7e18ab1639ce64
@fdp/auth:typecheck: cache hit, replaying logs 2c9d1b88d762ac7e
@fdp/media:typecheck: cache hit, replaying logs 373350b1e08ba96e
@fdp/media:build: 
@fdp/media:build: > @fdp/media@0.0.0 build /Users/anray/Documents/project/hiddenjoyacom/food-digester-platform/packages/media
@fdp/media:build: > tsc -p tsconfig.build.json
@fdp/media:build: 
@fdp/archive-worker:typecheck: cache hit, replaying logs ffaba39cb0ec33bb
@fdp/media:typecheck: 
@fdp/media:typecheck: > @fdp/media@0.0.0 typecheck /Users/anray/Documents/project/hiddenjoyacom/food-digester-platform/packages/media
@fdp/media:typecheck: > tsc -p tsconfig.json
@fdp/media:typecheck: 
@fdp/archive-worker:typecheck: 
@fdp/archive-worker:typecheck: > @fdp/archive-worker@0.0.0 typecheck /Users/anray/Documents/project/hiddenjoyacom/food-digester-platform/apps/archive-worker
@fdp/archive-worker:typecheck: > tsc -p tsconfig.json
@fdp/archive-worker:typecheck: 
@fdp/auth:typecheck: 
@fdp/auth:typecheck: > @fdp/auth@0.0.0 typecheck /Users/anray/Documents/project/hiddenjoyacom/food-digester-platform/packages/auth
@fdp/auth:typecheck: > tsc -p tsconfig.json
@fdp/auth:typecheck: 
@fdp/auth:build: cache hit, replaying logs 5d51195380a2a2a3
@fdp/summary-worker:typecheck: 
@fdp/summary-worker:typecheck: > @fdp/summary-worker@0.0.0 typecheck /Users/anray/Documents/project/hiddenjoyacom/food-digester-platform/apps/summary-worker
@fdp/summary-worker:typecheck: > tsc -p tsconfig.json
@fdp/summary-worker:typecheck: 
@fdp/auth:build: 
@fdp/auth:build: > @fdp/auth@0.0.0 build /Users/anray/Documents/project/hiddenjoyacom/food-digester-platform/packages/auth
@fdp/auth:build: > tsc -p tsconfig.build.json
@fdp/auth:build: 
@fdp/cloud-api:typecheck: cache hit, replaying logs 7f40e85c652f1d55
@fdp/admin-web:typecheck: cache hit, replaying logs ab273557cf216424
@fdp/ingestion-worker:typecheck: cache hit, replaying logs 22cbaf898d75c6d7
@fdp/cloud-api:typecheck: 
@fdp/cloud-api:typecheck: > @fdp/cloud-api@0.0.0 typecheck /Users/anray/Documents/project/hiddenjoyacom/food-digester-platform/apps/cloud-api
@fdp/cloud-api:typecheck: > tsc -p tsconfig.json
@fdp/cloud-api:typecheck: 
@fdp/ingestion-worker:typecheck: 
@fdp/ingestion-worker:typecheck: > @fdp/ingestion-worker@0.0.0 typecheck /Users/anray/Documents/project/hiddenjoyacom/food-digester-platform/apps/ingestion-worker
@fdp/ingestion-worker:typecheck: > tsc -p tsconfig.json
@fdp/ingestion-worker:typecheck: 
@fdp/admin-web:typecheck: 
@fdp/admin-web:typecheck: > @fdp/admin-web@0.0.0 typecheck /Users/anray/Documents/project/hiddenjoyacom/food-digester-platform/apps/admin-web
@fdp/admin-web:typecheck: > tsc -p tsconfig.json && tsc -p tsconfig.e2e.json
@fdp/admin-web:typecheck: 

 Tasks:    21 successful, 21 total
Cached:    21 cached, 21 total
  Time:    41ms >>> FULL TURBO


> food-digester-platform@0.0.0 openapi:check /Users/anray/Documents/project/hiddenjoyacom/food-digester-platform
> node scripts/build-openapi.mjs --check && redocly lint contracts/rest/openapi-base.json "contracts/rest/*-api.json" contracts/rest/openapi.bundle.json --extends spec

OpenAPI bundle 新鲜：contracts/rest/openapi.bundle.json

    ╔═══════════════════════════════════════════════════════╗
    ║                                                       ║
    ║  A new version of Redocly CLI (2.60.0) is available.  ║
    ║  Update now: `npm i -g @redocly/cli@latest`.          ║
    ║  Changelog: https://redocly.com/docs/cli/changelog/   ║
    ║                                                       ║
    ╚═══════════════════════════════════════════════════════╝

validating contracts/rest/openapi-base.json...
contracts/rest/openapi-base.json: validated in 6ms

validating contracts/rest/prototype-planned-api.json...
contracts/rest/prototype-planned-api.json: validated in 4ms

validating contracts/rest/device-sync-api.json...
contracts/rest/device-sync-api.json: validated in 6ms

validating contracts/rest/device-ota-api.json...
contracts/rest/device-ota-api.json: validated in 2ms

validating contracts/rest/device-onboarding-api.json...
contracts/rest/device-onboarding-api.json: validated in 3ms

validating contracts/rest/device-media-api.json...
contracts/rest/device-media-api.json: validated in 3ms

validating contracts/rest/device-deactivate-api.json...
contracts/rest/device-deactivate-api.json: validated in 3ms

validating contracts/rest/device-certificate-api.json...
contracts/rest/device-certificate-api.json: validated in 2ms

validating contracts/rest/admin-user-api.json...
contracts/rest/admin-user-api.json: validated in 3ms

validating contracts/rest/admin-site-api.json...
contracts/rest/admin-site-api.json: validated in 4ms

validating contracts/rest/admin-settings-api.json...
contracts/rest/admin-settings-api.json: validated in 2ms

validating contracts/rest/admin-replay-api.json...
contracts/rest/admin-replay-api.json: validated in 2ms

validating contracts/rest/admin-ota-package-api.json...
contracts/rest/admin-ota-package-api.json: validated in 3ms

validating contracts/rest/admin-ota-campaign-api.json...
contracts/rest/admin-ota-campaign-api.json: validated in 4ms

validating contracts/rest/admin-onboarding-api.json...
contracts/rest/admin-onboarding-api.json: validated in 3ms

validating contracts/rest/admin-media-api.json...
contracts/rest/admin-media-api.json: validated in 2ms

validating contracts/rest/admin-license-api.json...
contracts/rest/admin-license-api.json: validated in 3ms

validating contracts/rest/admin-esg-api.json...
contracts/rest/admin-esg-api.json: validated in 4ms

validating contracts/rest/admin-device-user-api.json...
contracts/rest/admin-device-user-api.json: validated in 3ms

validating contracts/rest/admin-device-status-api.json...
contracts/rest/admin-device-status-api.json: validated in 2ms

validating contracts/rest/admin-device-retirement-api.json...
contracts/rest/admin-device-retirement-api.json: validated in 2ms

validating contracts/rest/admin-device-console-api.json...
contracts/rest/admin-device-console-api.json: validated in 3ms

validating contracts/rest/admin-device-assignment-api.json...
contracts/rest/admin-device-assignment-api.json: validated in 2ms

validating contracts/rest/admin-device-api.json...
contracts/rest/admin-device-api.json: validated in 3ms

validating contracts/rest/admin-dashboard-api.json...
contracts/rest/admin-dashboard-api.json: validated in 2ms

validating contracts/rest/admin-customer-api.json...
contracts/rest/admin-customer-api.json: validated in 2ms

validating contracts/rest/admin-contract-device-api.json...
contracts/rest/admin-contract-device-api.json: validated in 3ms

validating contracts/rest/admin-contract-api.json...
contracts/rest/admin-contract-api.json: validated in 3ms

validating contracts/rest/admin-consumable-request-api.json...
contracts/rest/admin-consumable-request-api.json: validated in 2ms

validating contracts/rest/admin-consumable-api.json...
contracts/rest/admin-consumable-api.json: validated in 2ms

validating contracts/rest/admin-configuration-api.json...
contracts/rest/admin-configuration-api.json: validated in 3ms

validating contracts/rest/admin-command-api.json...
contracts/rest/admin-command-api.json: validated in 3ms

validating contracts/rest/admin-certificate-rotation-api.json...
contracts/rest/admin-certificate-rotation-api.json: validated in 2ms

validating contracts/rest/admin-audit-api.json...
contracts/rest/admin-audit-api.json: validated in 2ms

validating contracts/rest/admin-alarm-api.json...
contracts/rest/admin-alarm-api.json: validated in 3ms

validating contracts/rest/openapi.bundle.json...
contracts/rest/openapi.bundle.json: validated in 31ms

Woohoo! Your API descriptions are valid. 🎉


> food-digester-platform@0.0.0 test /Users/anray/Documents/project/hiddenjoyacom/food-digester-platform
> vitest run && pnpm test:contracts && pnpm test:scripts


 RUN  v4.1.11 /Users/anray/Documents/project/hiddenjoyacom/food-digester-platform

Bundling asset Qa09Perf/IngestionFn/Code/Stage...
Bundling asset TestStack/IngestionFn/Code/Stage...
Bundling asset DeployTest/IngestionFn/Code/Stage...
Bundling asset TestStack/ArchiveFn/Code/Stage...
Bundling asset Qa09Perf/ArchiveFn/Code/Stage...
Bundling asset DeployTest/ArchiveFn/Code/Stage...
Bundling asset Qa09Perf/OutboxPublisherFn/Code/Stage...
Bundling asset TestStack/OutboxPublisherFn/Code/Stage...
Bundling asset DeployTest/OutboxPublisherFn/Code/Stage...
Bundling asset Qa09Perf/NotificationPublisherFn/Code/Stage...
Bundling asset TestStack/NotificationPublisherFn/Code/Stage...
Bundling asset DeployTest/NotificationPublisherFn/Code/Stage...
Bundling asset DeployTest/SummaryFn/Code/Stage...
Bundling asset Qa09Perf/SummaryFn/Code/Stage...
Bundling asset TestStack/SummaryFn/Code/Stage...
Bundling asset Qa09Perf/ReplayTriggerPublisherFn/Code/Stage...
Bundling asset DeployTest/ReplayTriggerPublisherFn/Code/Stage...
Bundling asset TestStack/ReplayTriggerPublisherFn/Code/Stage...
Bundling asset DeployTest/ReplayFn/Code/Stage...
Bundling asset Qa09Perf/ReplayFn/Code/Stage...
Bundling asset TestStack/ReplayFn/Code/Stage...
Bundling asset Qa09Perf/CertPackageSweeperFn/Code/Stage...
Bundling asset DeployTest/CertPackageSweeperFn/Code/Stage...
Bundling asset TestStack/CertPackageSweeperFn/Code/Stage...
Bundling asset Qa09Perf/OnboardingDeadlineFn/Code/Stage...
Bundling asset DeployTest/OnboardingDeadlineFn/Code/Stage...
Bundling asset TestStack/OnboardingDeadlineFn/Code/Stage...
Bundling asset Qa09Perf/RetirementTimeoutFn/Code/Stage...
Bundling asset TestStack/RetirementTimeoutFn/Code/Stage...
Bundling asset DeployTest/RetirementTimeoutFn/Code/Stage...
Bundling asset TestStack/ActivityExportFn/Code/Stage...
Bundling asset Qa09Perf/ActivityExportFn/Code/Stage...
Bundling asset DeployTest/ActivityExportFn/Code/Stage...
Bundling asset TestStack/EsgExportFn/Code/Stage...
Bundling asset Qa09Perf/EsgExportFn/Code/Stage...
Bundling asset DeployTest/EsgExportFn/Code/Stage...
Bundling asset TestStack/CommandPublisherFn/Code/Stage...
Bundling asset Qa09Perf/CommandPublisherFn/Code/Stage...
Bundling asset DeployTest/CommandPublisherFn/Code/Stage...
Bundling asset TestStack/CommandTimeoutFn/Code/Stage...
Bundling asset Qa09Perf/CommandTimeoutFn/Code/Stage...
Bundling asset DeployTest/CommandTimeoutFn/Code/Stage...
Bundling asset TestStack/OtaDispatcherFn/Code/Stage...
Bundling asset Qa09Perf/OtaDispatcherFn/Code/Stage...
Bundling asset DeployTest/OtaDispatcherFn/Code/Stage...
Bundling asset TestStack/OnboardingApiFn/Code/Stage...
Bundling asset Qa09Perf/OnboardingApiFn/Code/Stage...
Bundling asset DeployTest/OnboardingApiFn/Code/Stage...
Bundling asset TestStack/OnboardingProvisioningFn/Code/Stage...
Bundling asset Qa09Perf/OnboardingProvisioningFn/Code/Stage...
Bundling asset DeployTest/OnboardingProvisioningFn/Code/Stage...
Bundling asset TestStack/DeviceApiFn/Code/Stage...
Bundling asset Qa09Perf/DeviceApiFn/Code/Stage...
Bundling asset DeployTest/DeviceApiFn/Code/Stage...
Bundling asset TestStack/ApiFn/Code/Stage...
Bundling asset Qa09Perf/ApiFn/Code/Stage...
Bundling asset DeployTest/ApiFn/Code/Stage...
Bundling asset TestStack/IngestionFn/Code/Stage...
Bundling asset TestStack/ArchiveFn/Code/Stage...
Bundling asset TestStack/OutboxPublisherFn/Code/Stage...
Bundling asset TestStack/NotificationPublisherFn/Code/Stage...
Bundling asset TestStack/SummaryFn/Code/Stage...
Bundling asset TestStack/ReplayTriggerPublisherFn/Code/Stage...
Bundling asset TestStack/ReplayFn/Code/Stage...
Bundling asset TestStack/CertPackageSweeperFn/Code/Stage...
Bundling asset TestStack/OnboardingDeadlineFn/Code/Stage...
Bundling asset TestStack/RetirementTimeoutFn/Code/Stage...
Bundling asset TestStack/ActivityExportFn/Code/Stage...
Bundling asset TestStack/EsgExportFn/Code/Stage...
Bundling asset TestStack/CommandPublisherFn/Code/Stage...
Bundling asset TestStack/CommandTimeoutFn/Code/Stage...
Bundling asset TestStack/OtaDispatcherFn/Code/Stage...
Bundling asset TestStack/OnboardingApiFn/Code/Stage...
Bundling asset TestStack/OnboardingProvisioningFn/Code/Stage...
Bundling asset TestStack/DeviceApiFn/Code/Stage...
Bundling asset TestStack/ApiFn/Code/Stage...
Bundling asset TestStack/IngestionFn/Code/Stage...
Bundling asset TestStack/ArchiveFn/Code/Stage...
Bundling asset TestStack/OutboxPublisherFn/Code/Stage...
Bundling asset TestStack/NotificationPublisherFn/Code/Stage...
Bundling asset TestStack/SummaryFn/Code/Stage...
Bundling asset TestStack/ReplayTriggerPublisherFn/Code/Stage...
Bundling asset TestStack/ReplayFn/Code/Stage...
Bundling asset TestStack/CertPackageSweeperFn/Code/Stage...
Bundling asset TestStack/OnboardingDeadlineFn/Code/Stage...
Bundling asset TestStack/RetirementTimeoutFn/Code/Stage...
Bundling asset TestStack/ActivityExportFn/Code/Stage...
Bundling asset TestStack/EsgExportFn/Code/Stage...
Bundling asset TestStack/CommandPublisherFn/Code/Stage...
Bundling asset TestStack/CommandTimeoutFn/Code/Stage...
Bundling asset TestStack/OtaDispatcherFn/Code/Stage...
Bundling asset TestStack/OnboardingApiFn/Code/Stage...
Bundling asset TestStack/OnboardingProvisioningFn/Code/Stage...
Bundling asset TestStack/DeviceApiFn/Code/Stage...
Bundling asset TestStack/ApiFn/Code/Stage...
Bundling asset TestStack/IngestionFn/Code/Stage...
Bundling asset TestStack/ArchiveFn/Code/Stage...
Bundling asset TestStack/OutboxPublisherFn/Code/Stage...
Bundling asset TestStack/NotificationPublisherFn/Code/Stage...
Bundling asset TestStack/SummaryFn/Code/Stage...
Bundling asset TestStack/ReplayTriggerPublisherFn/Code/Stage...
Bundling asset TestStack/ReplayFn/Code/Stage...
Bundling asset TestStack/CertPackageSweeperFn/Code/Stage...
Bundling asset TestStack/OnboardingDeadlineFn/Code/Stage...
Bundling asset TestStack/RetirementTimeoutFn/Code/Stage...
Bundling asset TestStack/ActivityExportFn/Code/Stage...
Bundling asset TestStack/IngestionFn/Code/Stage...
Bundling asset TestStack/EsgExportFn/Code/Stage...
Bundling asset TestStack/ArchiveFn/Code/Stage...
Bundling asset TestStack/CommandPublisherFn/Code/Stage...
Bundling asset TestStack/OutboxPublisherFn/Code/Stage...
Bundling asset TestStack/CommandTimeoutFn/Code/Stage...
Bundling asset TestStack/NotificationPublisherFn/Code/Stage...
Bundling asset TestStack/OtaDispatcherFn/Code/Stage...
Bundling asset TestStack/SummaryFn/Code/Stage...
Bundling asset TestStack/OnboardingApiFn/Code/Stage...
Bundling asset TestStack/ReplayTriggerPublisherFn/Code/Stage...
Bundling asset TestStack/OnboardingProvisioningFn/Code/Stage...
Bundling asset TestStack/ReplayFn/Code/Stage...
Bundling asset TestStack/DeviceApiFn/Code/Stage...
Bundling asset TestStack/CertPackageSweeperFn/Code/Stage...
Bundling asset TestStack/ApiFn/Code/Stage...
Bundling asset TestStack/OnboardingDeadlineFn/Code/Stage...
Bundling asset TestStack/RetirementTimeoutFn/Code/Stage...
Bundling asset TestStack/ActivityExportFn/Code/Stage...
Bundling asset TestStack/IngestionFn/Code/Stage...
Bundling asset TestStack/EsgExportFn/Code/Stage...
Bundling asset TestStack/ArchiveFn/Code/Stage...
Bundling asset TestStack/CommandPublisherFn/Code/Stage...
Bundling asset TestStack/OutboxPublisherFn/Code/Stage...
Bundling asset TestStack/CommandTimeoutFn/Code/Stage...
Bundling asset TestStack/NotificationPublisherFn/Code/Stage...
Bundling asset TestStack/OtaDispatcherFn/Code/Stage...
Bundling asset TestStack/SummaryFn/Code/Stage...
Bundling asset TestStack/OnboardingApiFn/Code/Stage...
Bundling asset TestStack/ReplayTriggerPublisherFn/Code/Stage...
Bundling asset TestStack/OnboardingProvisioningFn/Code/Stage...
Bundling asset TestStack/ReplayFn/Code/Stage...
Bundling asset TestStack/DeviceApiFn/Code/Stage...
Bundling asset TestStack/CertPackageSweeperFn/Code/Stage...
Bundling asset TestStack/OnboardingDeadlineFn/Code/Stage...
Bundling asset TestStack/ApiFn/Code/Stage...
Bundling asset TestStack/RetirementTimeoutFn/Code/Stage...
Bundling asset TestStack/ActivityExportFn/Code/Stage...
Bundling asset TestStack/EsgExportFn/Code/Stage...
Bundling asset TestStack/CommandPublisherFn/Code/Stage...
Bundling asset TestStack/CommandTimeoutFn/Code/Stage...
Bundling asset TestStack/OtaDispatcherFn/Code/Stage...
Bundling asset TestStack/OnboardingApiFn/Code/Stage...
Bundling asset TestStack/OnboardingProvisioningFn/Code/Stage...
Bundling asset TestStack/DeviceApiFn/Code/Stage...
Bundling asset TestStack/ApiFn/Code/Stage...
Bundling asset TestStack/IngestionFn/Code/Stage...
Bundling asset TestStack/ArchiveFn/Code/Stage...
Bundling asset TestStack/OutboxPublisherFn/Code/Stage...
Bundling asset TestStack/NotificationPublisherFn/Code/Stage...
Bundling asset TestStack/SummaryFn/Code/Stage...
Bundling asset TestStack/ReplayTriggerPublisherFn/Code/Stage...
Bundling asset TestStack/ReplayFn/Code/Stage...
Bundling asset TestStack/CertPackageSweeperFn/Code/Stage...
Bundling asset TestStack/OnboardingDeadlineFn/Code/Stage...
Bundling asset TestStack/RetirementTimeoutFn/Code/Stage...
Bundling asset TestStack/ActivityExportFn/Code/Stage...
Bundling asset TestStack/EsgExportFn/Code/Stage...
Bundling asset TestStack/CommandPublisherFn/Code/Stage...
Bundling asset TestStack/CommandTimeoutFn/Code/Stage...
Bundling asset TestStack/OtaDispatcherFn/Code/Stage...
Bundling asset TestStack/OnboardingApiFn/Code/Stage...
Bundling asset TestStack/OnboardingProvisioningFn/Code/Stage...
Bundling asset TestStack/DeviceApiFn/Code/Stage...
Bundling asset TestStack/ApiFn/Code/Stage...
Bundling asset TestStack/IngestionFn/Code/Stage...
Bundling asset TestStack/ArchiveFn/Code/Stage...
Bundling asset TestStack/OutboxPublisherFn/Code/Stage...
Bundling asset TestStack/NotificationPublisherFn/Code/Stage...
Bundling asset TestStack/SummaryFn/Code/Stage...
Bundling asset TestStack/ReplayTriggerPublisherFn/Code/Stage...
Bundling asset TestStack/ReplayFn/Code/Stage...
Bundling asset TestStack/CertPackageSweeperFn/Code/Stage...
Bundling asset TestStack/OnboardingDeadlineFn/Code/Stage...
Bundling asset TestStack/RetirementTimeoutFn/Code/Stage...
Bundling asset TestStack/ActivityExportFn/Code/Stage...
Bundling asset TestStack/EsgExportFn/Code/Stage...
Bundling asset TestStack/CommandPublisherFn/Code/Stage...
Bundling asset TestStack/CommandTimeoutFn/Code/Stage...
Bundling asset TestStack/OtaDispatcherFn/Code/Stage...
Bundling asset TestStack/OnboardingApiFn/Code/Stage...
Bundling asset TestStack/OnboardingProvisioningFn/Code/Stage...
Bundling asset TestStack/DeviceApiFn/Code/Stage...
Bundling asset TestStack/ApiFn/Code/Stage...
Bundling asset Named/IngestionFn/Code/Stage...
Bundling asset Named/ArchiveFn/Code/Stage...
Bundling asset Named/OutboxPublisherFn/Code/Stage...
Bundling asset Named/NotificationPublisherFn/Code/Stage...
Bundling asset Named/SummaryFn/Code/Stage...
Bundling asset Named/ReplayTriggerPublisherFn/Code/Stage...
Bundling asset Named/ReplayFn/Code/Stage...
Bundling asset Named/CertPackageSweeperFn/Code/Stage...
Bundling asset Named/OnboardingDeadlineFn/Code/Stage...
Bundling asset Named/RetirementTimeoutFn/Code/Stage...
Bundling asset Named/ActivityExportFn/Code/Stage...
Bundling asset Named/EsgExportFn/Code/Stage...
Bundling asset Named/CommandPublisherFn/Code/Stage...
Bundling asset Named/CommandTimeoutFn/Code/Stage...
Bundling asset Named/OtaDispatcherFn/Code/Stage...
Bundling asset Named/OnboardingApiFn/Code/Stage...
Bundling asset Named/OnboardingProvisioningFn/Code/Stage...
Bundling asset Named/DeviceApiFn/Code/Stage...
Bundling asset Named/ApiFn/Code/Stage...
Bundling asset TestStack/IngestionFn/Code/Stage...
Bundling asset TestStack/ArchiveFn/Code/Stage...
Bundling asset TestStack/OutboxPublisherFn/Code/Stage...
Bundling asset TestStack/NotificationPublisherFn/Code/Stage...
Bundling asset TestStack/SummaryFn/Code/Stage...
Bundling asset TestStack/ReplayTriggerPublisherFn/Code/Stage...
Bundling asset TestStack/ReplayFn/Code/Stage...
Bundling asset TestStack/CertPackageSweeperFn/Code/Stage...
Bundling asset TestStack/OnboardingDeadlineFn/Code/Stage...
Bundling asset TestStack/RetirementTimeoutFn/Code/Stage...
Bundling asset TestStack/ActivityExportFn/Code/Stage...
Bundling asset TestStack/EsgExportFn/Code/Stage...
Bundling asset TestStack/CommandPublisherFn/Code/Stage...
Bundling asset TestStack/CommandTimeoutFn/Code/Stage...
Bundling asset TestStack/OtaDispatcherFn/Code/Stage...
Bundling asset TestStack/OnboardingApiFn/Code/Stage...
Bundling asset TestStack/OnboardingProvisioningFn/Code/Stage...
Bundling asset TestStack/DeviceApiFn/Code/Stage...
Bundling asset TestStack/ApiFn/Code/Stage...

 Test Files  182 passed (182)
      Tests  1497 passed (1497)
   Start at  10:03:55
   Duration  71.87s (transform 8.94s, setup 1.12s, import 172.29s, tests 335.26s, environment 12.66s)


> food-digester-platform@0.0.0 test:contracts /Users/anray/Documents/project/hiddenjoyacom/food-digester-platform
> pnpm --filter @fdp/contracts test


> @fdp/contracts@0.0.0 test /Users/anray/Documents/project/hiddenjoyacom/food-digester-platform/contracts
> node --import tsx --test mqtt/*.test.ts mqtt/*.test.mjs domain/*.test.ts lifecycle/*.test.ts media/*.test.ts security/*.test.ts rest/*.test.ts iot/*.test.mjs archive/*.test.mjs configuration/*.test.ts settings/*.test.ts

✔ 合法 Manifest fixtures 通过校验 (0.804708ms)
✔ 非法 Manifest fixtures 被拒绝 (0.200958ms)
✔ DEC-016 已冻结且策略覆盖全部阻塞任务 (0.61225ms)
✔ 三类来源使用独立 Envelope 与互斥前缀 (0.1285ms)
✔ License/OTA 禁止伪装为 MQTT 原文，OTA 记录类型封闭 (0.063958ms)
✔ 归档 Envelope 判别字段和版本固定 (0.054333ms)
✔ DEC-018 策略结构有效、已冻结且覆盖全部阻塞任务 (0.8365ms)
✔ V1 只允许四字段，范围、单位、默认值与冻结值一致 (0.069917ms)
✔ Admin Configuration 与 Device Sync OpenAPI 逐字段匹配统一策略 (0.134083ms)
✔ TS 常量与 JSON 策略一致 (0.06025ms)
✔ 策略 JSON 通过自身 JSON Schema 结构校验 (0.702791ms)
✔ 负向结构：实时流启用、非法范围/刷新模式与缺失字段被 Schema 拒绝 (0.927792ms)
✔ x-decision-versions 引用 DEC-009 且版本与决策登记一致；prototype-traceability.yaml 同步 (0.099666ms)
✔ 冻结值定性规则可执行：仅最新授权 Media、手动刷新、禁实时流 (0.085083ms)
✔ 策略消费者均为合法任务 ID 且覆盖 DEC-009 阻塞任务 (0.145708ms)
✔ TS 常量与 camera-interaction-policy.json 完全一致 (0.110542ms)
✔ 策略 JSON 通过自身 JSON Schema 结构校验 (0.760958ms)
✔ 负向结构：数据来源篡改与缺失字段被 Schema 拒绝 (0.354625ms)
✔ x-decision-versions 引用 DEC-008 且版本与决策登记一致；prototype-traceability.yaml 同步 (0.067667ms)
✔ 冻结值定性规则可执行：封闭类型集合、仅设备上报、禁云端臆测 (0.103416ms)
✔ 冻结参数可执行：正式名称、阈值和 24 小时过期规则 (0.231334ms)
✔ 策略消费者均为合法任务 ID 且覆盖 DEC-008 阻塞任务 (0.120834ms)
✔ TS 常量与 consumables-policy.json 完全一致 (0.089333ms)
✔ 策略 JSON 通过自身 JSON Schema 结构校验 (2.299208ms)
✔ 负向结构：联动规则反转与缺失字段被 Schema 拒绝 (0.301833ms)
✔ x-decision-versions 引用 DEC-007 且版本与决策登记一致；prototype-traceability.yaml 同步 (0.065084ms)
✔ 冻结值定性规则可执行：职责划分、联动与展示 (0.118667ms)
✔ 策略消费者均为合法任务 ID 且覆盖 DEC-007 阻塞任务与关联任务 (0.126ms)
✔ TS 常量与 contract-license-relation.json 完全一致 (0.070667ms)
✔ DEC-019 alias 策略已冻结且无待定参数 (0.576208ms)
✔ TS、JSON 与 Admin Device OpenAPI 使用同一 alias 规则 (0.10375ms)
✔ 策略 JSON 通过自身 JSON Schema 结构校验 (0.754708ms)
✔ 负向结构：单字段混用、独立存储"启用"与缺失字段被 Schema 拒绝 (0.31ms)
✔ x-decision-versions 引用 DEC-010 且版本与决策登记一致；prototype-traceability.yaml 同步 (0.059417ms)
✔ 冻结值定性规则可执行：四轴分离、禁单字段混用、派生原则 (0.098416ms)
✔ 冻结参数可执行：启用由 Active 生命周期和有效 License 派生 (0.053084ms)
✔ 策略消费者均为合法任务 ID 且覆盖 DEC-010 阻塞任务与关联任务 (0.110458ms)
✔ TS 常量与 device-status-axes-policy.json 完全一致 (0.066042ms)
✔ 策略 JSON 通过自身 JSON Schema 结构校验 (1.07725ms)
✔ 负向结构：设备地域真值与缺失字段被 Schema 拒绝 (0.254625ms)
✔ x-decision-versions 引用 DEC-011 且版本与决策登记一致；prototype-traceability.yaml 同步 (0.072292ms)
✔ 冻结值定性规则可执行：层级链、Site 属性、设备仅关联 Site (0.116666ms)
✔ 策略消费者均为合法任务 ID 且覆盖 DEC-011 阻塞任务 (0.137584ms)
✔ TS 常量与 geo-model-policy.json 完全一致 (0.069375ms)
✔ 策略 JSON 通过自身 JSON Schema 结构校验 (0.738292ms)
✔ 负向结构：AWS 授权、矩阵可编辑与缺失字段被 Schema 拒绝 (0.278667ms)
✔ x-decision-versions 引用 DEC-012 且版本与决策登记一致；prototype-traceability.yaml 同步 (0.066584ms)
✔ 冻结值定性规则可执行：封闭映射、界面名、AWS 权限与矩阵规则 (0.141208ms)
✔ 策略消费者均为合法任务 ID 且覆盖 DEC-012 阻塞任务 (0.1195ms)
✔ TS 常量与 role-mapping-policy.json 完全一致 (0.072792ms)
✔ Envelope 必填五个 iot* 上下文字段，Payload 平铺透传 (0.588042ms)
✔ iotType 枚举与 topic-catalog 上行类型严格一致（8 个） (0.090125ms)
✔ 所有合法 Fixture 通过校验（含 Payload 内不可信身份字段的样本） (0.286458ms)
✔ 所有非法 Fixture 被稳定拒绝且错误路径正确 (0.123291ms)
✔ 矩阵 JSON 通过自身 JSON Schema 结构校验 (1.060792ms)
✔ 负向结构：缺失必填字段、非法枚举与额外行为键被 Schema 拒绝 (0.519375ms)
✔ x-decision-versions 引用 DEC-001 且版本与决策登记一致 (0.071042ms)
✔ 冻结值：独立状态；允许维护、同步、遥测、告警和 OTA (0.075708ms)
✔ Maintenance Sync 节奏为 15 分钟（Suspended 节奏） (0.052416ms)
✔ 失败关闭：未知行为拒绝并抛出稳定错误 (0.177ms)
✔ 命令策略与 command-catalog 一致：Maintenance 允许集合 == Suspended 允许集合 (0.112875ms)
✔ 行为条目消费者均为合法任务 ID 且覆盖 DEC-001 阻塞任务 (0.134166ms)
✔ TS 常量与 maintenance-behavior-matrix.json 完全一致 (0.136333ms)
✔ DEC-017 策略结构有效、已冻结且覆盖全部阻塞任务 (2.101625ms)
✔ 24 小时截止从证书包存储开始，截止边界包含在超时内 (1.610166ms)
✔ 超时处置、迟到 Heartbeat 与重新申请规则失败关闭 (0.163834ms)
✔ TS 常量与 JSON 策略一致 (0.164209ms)
✔ 策略 JSON 通过自身 JSON Schema 结构校验 (0.731416ms)
✔ 负向结构：存储位置篡改、非法处置行为与缺失字段被 Schema 拒绝 (0.313208ms)
✔ x-decision-versions 引用 DEC-005 且版本与决策登记一致 (0.058917ms)
✔ 冻结值定性规则可执行：RDS 元数据 / S3 文件分离 (0.054166ms)
✔ 冻结参数可执行：元数据 365 天、文件 90 天且删除文件保留元数据 (0.069334ms)
✔ 策略消费者均为合法任务 ID 且覆盖 DEC-005 阻塞任务与关联任务 (0.112708ms)
✔ TS 常量与 media-retention-policy.json 完全一致 (0.091917ms)
✔ 策略 JSON 通过自身 JSON Schema 结构校验 (1.24325ms)
✔ 负向结构：客户端指定 Key、篡改冻结 TTL/配额与缺失字段被 Schema 拒绝 (0.3355ms)
✔ 锁定规则：mediaTypes 与 CT-03 media.schema.json 枚举一致；客户端不得指定 Key (0.110167ms)
✔ DEC-024 冻结值可执行且无待定参数 (0.061125ms)
✔ TS 常量与 media-upload-policy.json 完全一致 (0.137209ms)
✔ 22 个 Command 全部唯一且覆盖六大分类 (0.644333ms)
✔ 13 个 Notification 全部唯一且有设备动作映射 (0.121417ms)
✔ 高风险标记与文档一致（EMERGENCY_STOP/FACTORY_RESET/SHUTDOWN/全部加热、排料、电机控制） (0.073167ms)
✔ 允许状态矩阵无遗漏：22 命令 × 4 状态 (0.0995ms)
✔ Suspended 仅允许安全停止、诊断、同步和维护/恢复类命令 (0.065834ms)
✔ MAINTENANCE 按 Suspended 限制（DEC-001 冻结值） (0.046625ms)
✔ 未知命令/通知在运行时被拒绝 (0.1825ms)
✔ denyReason 稳定且允许时返回 null (0.04525ms)
✔ TS 常量与 command-catalog.json / notification-catalog.json 完全一致 (0.102ms)
✔ Schema 枚举与目录一致（cmd/ack command、notification type） (0.265625ms)
✔ 策略 JSON 通过自身 JSON Schema 结构校验 (0.766834ms)
✔ 负向结构：非法取值与缺失字段被 Schema 拒绝 (0.267792ms)
✔ x-decision-versions 引用 DEC-006 且版本与决策登记一致 (0.055125ms)
✔ 冻结值可执行：V1 下行 seq 可选、上行必填、Command 以 meta.id 幂等 (0.057167ms)
✔ 策略与 common.schema.json 一致：下行 metaBase 不要求 seq、id 必填；上行 metaSeq 要求 seq (0.057792ms)
✔ 下行/上行 Schema 的 meta 引用与策略一致 (0.608166ms)
✔ 策略消费者均为合法任务 ID 且覆盖 DEC-006 阻塞任务 (0.142708ms)
✔ TS 常量与 downlink-policy.json 完全一致 (0.1055ms)
✔ DEC-015 策略冻结、可追溯且覆盖全部阻塞任务 (0.603ms)
✔ 唯一通道为既有 ACK；Topic 总数和 IoT 权限面不扩大 (0.070333ms)
✔ ACK 判别字段、关联键和 OTA 状态与冻结策略一致 (0.059166ms)
✔ 状态机只允许冻结的单向迁移；相同状态幂等 (0.065625ms)
✔ TS 常量与 JSON 策略完全一致 (0.078209ms)
✔ DEC-013 策略 JSON 通过自身 Schema 且覆盖登记阻塞任务 (0.80375ms)
✔ DEC-013 策略关键值被 Schema 锁定，篡改时失败关闭 (0.190959ms)
✔ DEC-013 策略冻结且无待定参数 (0.055333ms)
✔ Heartbeat 旧嵌套结构在兼容期转换为正式扁平结构且不修改原对象 (0.278625ms)
✔ Telemetry motorCurrentAmp 在兼容期转换为 currentAmp；同值并存允许、冲突失败关闭 (0.29ms)
✔ 兼容截止边界起拒绝嵌套结构、motorCurrentAmp 与 DISCHARING (0.096583ms)
✔ RFC 8785 固定向量与 audit.hash 覆盖 {meta,data} (0.183583ms)
✔ 11 类消息均有 Schema 和 Fixture，且每类 >=1 合法 + >=3 非法 (2.258584ms)
✔ 所有合法 Fixture 通过校验 (1.555917ms)
✔ 所有非法 Fixture 被稳定拒绝并返回明确错误路径 (0.831375ms)
✔ 非法枚举被稳定拒绝且路径明确 (0.06975ms)
✔ 单位/类型错误被拒绝（integer 不接受小数与字符串） (0.192875ms)
✔ 缺少必填字段被拒绝（meta.id、上行 seq、Heartbeat 必填 data 字段） (0.16825ms)
✔ 额外身份字段（customerId/tenantId/deviceId）在各层均被拒绝 (0.167167ms)
✔ 下行消息 meta.seq 可选（DEC-006），上行强制 (0.859875ms)
✔ Telemetry/Report/Tamper 强制 audit.hash；Command 禁止 audit（DEC-002） (0.3455ms)
✔ DEC-013：Audited 合法 Fixture 携带可复算的 RFC 8785 audit.hash (0.529541ms)
✔ schemaVer 缺省按 1.0 归一化；非法 schemaVer 被拒绝 (0.200292ms)
✔ meta.id 字符集与长度固定 (0.103917ms)
✔ payloads.ts 与 Schema 保持一致（生成器新鲜度） (2.47925ms)
✔ 全部 Schema 的 x-decision-versions 可追溯到决策登记 (1.020458ms)
✔ Telemetry current (0.35925ms)
✔ Telemetry past 300s (0.043166ms)
✔ Telemetry past 301s (0.035083ms)
✔ Telemetry past 24h inclusive (0.554958ms)
✔ Telemetry past 24h plus 1ms (0.040625ms)
✔ Telemetry future 300s inclusive (0.031208ms)
✔ Telemetry future 300s plus 1ms (0.038625ms)
✔ other topics retain symmetric 300-second tolerance (0.064167ms)
✔ configured tolerance affects future bound but cannot enlarge Telemetry history (0.051166ms)
✔ invalid numeric policy inputs fail closed (0.078375ms)
✔ Tier 登记 JSON 通过自身 JSON Schema 结构校验 (0.9165ms)
✔ 负向结构：非法 Tier、未知 Topic 键与缺失字段被 Schema 拒绝 (0.46ms)
✔ x-decision-versions 引用 DEC-002 且版本与决策登记一致 (0.063541ms)
✔ 冻结值：Telemetry/Report/Tamper 为 AUDITED，Command 及其余为 STANDARD (0.13325ms)
✔ Tier 与 topic-catalog.json 的 payloadEnvelope 完全一致 (0.061375ms)
✔ Tier 与 11 个 MQTT Schema 的 audit 强制完全一致 (0.571291ms)
✔ 失败关闭：未知 Topic 拒绝并抛出稳定错误 (0.188083ms)
✔ Tier 条目消费者均为合法任务 ID 且覆盖 DEC-002 阻塞任务 (0.122709ms)
✔ 登记覆盖全部 11 个 Topic 且 TS 常量与 topic-tier.json 完全一致 (0.088667ms)
✔ catalog 恰好包含 8 个上行和 3 个下行 Topic (0.615834ms)
✔ 11 个 Topic 的方向与 QoS 矩阵全部符合契约 (0.112958ms)
✔ TS 常量与 topic-catalog.json 完全一致 (0.088125ms)
✔ 合法 Topic 可解析出 deviceId/type/direction (0.118167ms)
✔ buildTopic 与 parseTopic 往返一致 (0.083042ms)
✔ 未知层级和空 deviceId 被拒绝 (0.237083ms)
✔ buildTopic 拒绝空和非法 deviceId (0.088708ms)
✔ 权限模板：设备只能发布自身上行、只能订阅自身下行 (0.096083ms)
✔ 权限模板拒绝非法 deviceId (0.065583ms)
✔ 六个端点齐备且 CognitoJwt 认证；响应码齐备 (1.227792ms)
✔ 筛选参数齐备：severity/status/device/site/时间范围 + 游标分页 (0.093458ms)
✔ Schema 封闭：Alarm 处理字段（操作者/原因/时间）与 replayed 齐备；确认/清除强制 reason (0.069958ms)
✔ 所有 $ref 可解析（内部引用 + 同目录相对引用 openapi-base.json） (0.325083ms)
✔ 端点齐备且 CognitoJwt 认证：列表 + 详情 (0.594917ms)
✔ 只读 API：不存在任何写路由（post/put/patch/delete） (0.751166ms)
✔ 筛选参数齐备（actor/Customer/对象/动作/结果/时间 + 游标分页）；响应不暴露敏感字段 (0.328959ms)
✔ 所有 $ref 可解析（内部引用 + openapi-base.json） (0.523583ms)
✔ 端点存在且 Cognito 认证；轮换请求视图为七字段且不含密钥材料 (0.611625ms)
✔ 所有 $ref 可解析（内部引用 + 同目录相对引用 openapi-base.json） (0.958542ms)
✔ 端点齐备且 CognitoJwt 认证；201 创建 + 200 幂等重放 + 409 冲突/状态门 (1.163584ms)
✔ 命令枚举与 CT-04 目录 22 个白名单一致；确认凭证与 timeoutSec 边界齐备 (0.096042ms)
✔ 响应 Schema 封闭且含 requestedBy/expiresAt/replayed/confirmedBy (0.0575ms)
✔ BE-CMD-03 查询端点齐备：列表/详情 + 状态枚举 + attempts/acks 时间线 (0.115708ms)
✔ 所有 $ref 可解析（内部引用 + 同目录相对引用 openapi-base.json） (0.56225ms)
✔ 七个端点齐备且 Cognito 认证；operationId 与响应码齐备 (2.021334ms)
✔ Schema 封闭：DEC-018 冻结 V1 四字段、单位、范围与默认值 (0.237875ms)
✔ 所有 $ref 可解析（内部引用 + 同目录相对引用 openapi-base.json） (0.331625ms)
✔ 列表与按需联系人端点齐备且 Cognito 认证；筛选参数齐备 (0.673958ms)
✔ Schema 封闭：两种耗材列恒在；列表零联系人 PII；按需联系人独立；百分比 0~100 (0.096625ms)
✔ 所有 $ref 可解析（内部引用 + 同目录相对引用 openapi-base.json） (7.500583ms)
✔ 六个端点齐备且 Cognito 认证；状态迁移强制 If-Match (0.642083ms)
✔ Schema 封闭：四态枚举/source 固定 ADMIN/幂等 replayed/完整历史字段 (1.147542ms)
✔ 所有 $ref 可解析（内部引用 + 同目录相对引用 openapi-base.json） (0.339208ms)
✔ 八个端点齐备且 Cognito 认证；写操作强制 If-Match (0.744542ms)
✔ Schema 封闭：五态枚举/唯一编号/强制原因/派生状态/最小权限 contact (1.461833ms)
✔ 所有 $ref 可解析（内部引用 + 同目录相对引用 openapi-base.json） (0.705083ms)
✔ 五个端点齐备且 Cognito 认证；operationId 与响应码齐备 (1.204291ms)
✔ Schema 封闭：设备视图字段齐备/关联窗口/强制原因/批量语义 (0.103375ms)
✔ 所有 $ref 可解析（内部引用 + 同目录相对引用 openapi-base.json） (0.274333ms)
✔ 六端点齐备且 Cognito 认证；写操作声明 If-Match；响应码齐备 (0.664292ms)
✔ Customer 视图六字段封闭；status 枚举 ACTIVE|SUSPENDED；请求体封闭 (0.542167ms)
✔ 所有 $ref 可解析（内部引用 + 同目录相对引用 openapi-base.json） (0.334041ms)
✔ 端点齐备且 CognitoJwt 认证：仅 GET 总览（只读，无写路由） (0.597958ms)
✔ 总览 DTO 齐备：Contract/设备分布/在线率/今日 ESG/最新告警/设备卡片；四轴分离不合并 (0.177833ms)
✔ 所有 $ref 可解析（内部引用 + openapi-base.json） (1.01675ms)
✔ 列表/详情端点存在且 Cognito 认证；筛选参数齐备；响应码齐备 (1.529958ms)
✔ Device 视图字段封闭（原型设备群表格字段均有来源）；证书仅摘要 (0.196125ms)
✔ BE-DEV-06 元数据 PATCH 端点：白名单仅 alias + If-Match 乐观锁 + 409 冲突语义 (0.093917ms)
✔ 所有 $ref 可解析（内部引用 + 同目录相对引用 openapi-base.json） (0.287ms)
✔ 分配/历史端点齐备且 Cognito 认证；响应码齐备 (0.751708ms)
✔ DeviceAssignment 视图封闭：授权窗口（assignedAt/endedAt）+ 幂等/通知字段齐备 (0.172042ms)
✔ 所有 $ref 可解析（内部引用 + 同目录相对引用 openapi-base.json） (3.708333ms)
✔ 端点齐备且 CognitoJwt 认证：console/activities/export/导出详情 (1.023833ms)
✔ 四轴分离 + 数据块 observedAt/stale/单位；最新 Media 可选块稳定可空 (0.112083ms)
✔ 不透传 MQTT 原始消息、不含实时流/运维字段；所有 $ref 可解析 (0.334667ms)
✔ retire/force-complete 端点齐备且 Cognito 认证；响应码齐备 (0.612042ms)
✔ 请求体封闭：retire 强制原因 + confirm 恒 true；视图封闭且通知枚举正确 (0.090083ms)
✔ 所有 $ref 可解析（内部引用 + 同目录相对引用 openapi-base.json） (0.768084ms)
✔ suspend/reactivate 端点齐备且 Cognito 认证；响应码齐备 (0.637458ms)
✔ 请求体封闭：挂起强制原因；恢复强制原因 + issueResolved 恒 true；通知枚举正确 (0.089917ms)
✔ 所有 $ref 可解析（内部引用 + 同目录相对引用 openapi-base.json） (1.471625ms)
✔ 七个端点齐备且 Cognito 认证；写操作强制 If-Match (0.822375ms)
✔ Schema 封闭：管理 DTO 无 PHC；写接口只受控接收 writeOnly password (4.814ms)
✔ 所有 $ref 可解析（内部引用 + 同目录相对引用 openapi-base.json） (0.388666ms)
✔ 八个端点齐备且 CognitoJwt 认证；导出创建返回 202 (3.335333ms)
✔ 查询筛选参数齐备（customerId/siteId/deviceId/时间范围 + 游标）；reports 含 reportType (0.309166ms)
✔ Schema 封闭：导出数据集枚举、短期 URL 过期字段、CSV 一致性字段 (0.104292ms)
✔ 所有 $ref 可解析（内部引用 + 同目录相对引用 openapi-base.json） (0.403167ms)
✔ 八个端点齐备且 Cognito 认证；operationId 与响应码齐备 (0.645375ms)
✔ Schema 封闭：七态枚举/Entitlement 三码/签名字段/强制原因/幂等与派生字段 (0.096542ms)
✔ 所有 $ref 可解析（内部引用 + 同目录相对引用 openapi-base.json） (0.324208ms)
✔ 四个审批端点存在且使用 Cognito JWT 认证 (0.62675ms)
✔ approve/reject 强制 If-Match；reject 强制 reason (0.106291ms)
✔ 申请 DTO 不含 CSR 原文 (0.058709ms)
✔ 管理端明确暴露内部 TIMED_OUT，列表状态过滤为封闭枚举 (0.531125ms)
✔ 所有 $ref 可解析（内部引用 + 同目录相对引用 openapi-base.json） (0.239458ms)
✔ 端点齐备且 CognitoJwt 认证：创建/列表/详情/targets/扩大批次/pause/resume/cancel/retry (0.729209ms)
✔ 首批强制恰好 1 台；最终全量审批契约封闭；状态机枚举封闭 (0.278584ms)
✔ 视图封闭且不泄露内部字段；批次/重试结果结构稳定 (0.177ms)
✔ 所有 $ref 可解析（内部引用 + 同目录相对引用 openapi-base.json） (1.107333ms)
✔ 端点齐备且 CognitoJwt 认证：上传会话/complete/列表/详情 (0.598125ms)
✔ packageType/sha256 与 CT-03 OTA Schema 一致；创建字段封闭且签名必填 (0.073541ms)
✔ 状态机封闭：UPLOADED/VERIFIED/RETIRED；可发布=VERIFIED；视图不泄露信任根 (13.625792ms)
✔ 所有 $ref 可解析（内部引用 + 同目录相对引用 openapi-base.json） (0.348042ms)
✔ 端点存在且 Cognito 认证；三端点（create/list/detail）响应码齐备 (0.620375ms)
✔ ReplayJob 视图七字段封闭；状态枚举与统计字段齐备；scope 封闭 (0.08875ms)
✔ 所有 $ref 可解析（内部引用 + 同目录相对引用 openapi-base.json） (0.865292ms)
✔ 端点齐备且 CognitoJwt 认证：列表/读取/更新（无删除与新建路由） (0.827125ms)
✔ 封闭 key 集与乐观锁版本控制；固定枚举不可经 API 改写 (0.15975ms)
✔ 所有 $ref 可解析（内部引用 + openapi-base.json） (1.494917ms)
✔ 六端点齐备且 Cognito 认证；写操作声明 If-Match；响应码齐备 (2.087542ms)
✔ Site 视图字段封闭（含 deviceCount/version）；status 枚举；请求体封闭且更新体不含 customerId (0.10275ms)
✔ 所有 $ref 可解析（内部引用 + 同目录相对引用 openapi-base.json） (0.300417ms)
✔ 端点齐备且 CognitoJwt 认证：列表/邀请/角色/scope/停用/密码重置 (0.63775ms)
✔ 角色封闭集与 DEC-012 映射；输入不含密码字段；响应不含凭证材料 (0.122208ms)
✔ 所有 $ref 可解析（内部引用 + openapi-base.json） (0.3345ms)
✔ 端点存在且使用 Device mTLS 认证 (0.564834ms)
✔ 轮换契约：请求强制 currentCertificateId；响应五字段；409/403/400/401 齐整 (0.103ms)
✔ 状态契约为四态枚举且响应不含 PEM/私钥字段 (0.069458ms)
✔ 状态查询由 mTLS 身份定位证书，不增加源稿未定义的 deviceId Query (0.044167ms)
✔ 所有 $ref 可解析（内部引用 + 同目录相对引用 openapi-base.json） (0.962292ms)
✔ deactivate 端点齐备且 DeviceMtls 认证；响应码齐备 (0.581917ms)
✔ 响应视图封闭：退役记录 + 证书摘要（无证书材料字段）；幂等字段齐备 (0.146209ms)
✔ 所有 $ref 可解析（内部引用 + 同目录相对引用 openapi-base.json） (1.233791ms)
✔ BE-ONB-01 端点存在且 CSR 首次申请无需预置 Token (1.141334ms)
✔ 请求体包含设备资料和必填 CSR (0.090125ms)
✔ 成功响应含 requestId 与 PENDING 状态（200 幂等重放 / 201 新建） (0.060834ms)
✔ 匿名申请负向响应覆盖稳定错误码语义：400/404/409/429/500 (0.058667ms)
✔ 所有 $ref 可解析（内部引用 + 同目录相对引用 openapi-base.json） (0.203709ms)
✔ BE-ONB-03 status 端点：requestId 与 CSR 私钥签名，三态响应不含设备私钥 (0.086292ms)
✔ BE-OTA-03 下载兑换必须使用 Device mTLS 且绑定 target/token (0.564875ms)
✔ 一次性兑换响应禁止缓存，并封闭安全失败状态 (0.08525ms)
✔ 六个设备 Endpoint 的 Method、Path 完整且认证方式符合 DEC-025 (0.620333ms)
✔ Onboarding 按 DEC-026 增加 chain 与 REST，保留顶层结构，不使用 data/meta 包裹 (0.072834ms)
✔ Certificate 与 Sync 关键字段遵循源稿日期、枚举、用户和配置结构 (0.09125ms)
✔ 管理端 License/Device 投影不把源稿 OTA entitlement 改名为 OTA_UPDATE (0.045375ms)
✔ 所有 REST OpenAPI 使用当前正式决策登记版本且无非法 SEC 决策引用 (7.620333ms)
✔ sync 端点齐备且 DeviceMtls 认证；响应码齐备 (1.913ms)
✔ 请求体封闭：lastSyncTime 与可选许可证确认 (0.066416ms)
✔ 快照顶层与源稿六域同形，兼容元数据不成为必填线协议 (0.205541ms)
✔ Retired 退役确认待处理设备仍可 Sync，契约不在认证层全局拒绝 (0.081417ms)
✔ 所有 $ref 可解析（内部引用 + 同目录相对引用 openapi-base.json） (0.250375ms)
✔ 许可证确认绑定版本与快照，规范验签输入保留完整UTC时间 (0.061667ms)
✔ 基座 SuccessResponse 结构：data + meta(requestId, UTC timestamp) (1.449667ms)
✔ 游标分页响应与往返解析 (0.122ms)
✔ 非法游标返回 CURSOR_INVALID（400） (0.154292ms)
✔ limit 归一化：默认 50，范围 1~100 (0.072125ms)
✔ Idempotency-Key：缺失/非法被拒绝，合法值透传 (0.095833ms)
✔ If-Match 并发版本冲突返回确定的 409 (0.176875ms)
✔ 验证失败有确定响应（400 + VALIDATION_FAILED） (0.098125ms)
✔ 异常映射器不泄露堆栈、SQL 或 AWS 内部错误 (0.056209ms)
✔ 错误码目录、HTTP 状态映射与 OpenAPI ErrorCode 枚举三者一致 (0.092167ms)
✔ OpenAPI 基座结构有效：四个 API 分组与安全方案 (0.096084ms)
✔ OpenAPI 基座所有内部 $ref 均可解析（无悬空引用） (0.138375ms)
✔ 设备端：上传会话端点齐备且 DeviceMtls 认证；输入封闭；objectPath 由服务端签发 (0.597916ms)
✔ 管理端：列表/下载端点齐备且 CognitoJwt 认证；视图不泄露内部存储信息 (0.469167ms)
✔ Media 状态枚举封闭（AVAILABLE/DELETED）；配额/大小/TTL 引用 DEC-024 冻结值 (0.105125ms)
✔ 所有 $ref 可解析（内部引用 + openapi-base.json） (0.31075ms)
✔ 策略 JSON 通过自身 JSON Schema 结构校验 (0.694084ms)
✔ 负向结构：非法枚举、非空待冻结参数与缺失字段被 Schema 拒绝 (0.328542ms)
✔ x-decision-versions 引用 DEC-003 且版本与决策登记一致 (0.055917ms)
✔ 暂定值定性规则可执行：KMS 信封、一次性领取、成功即销毁、丢失重签 (0.067584ms)
✔ 冻结参数可直接执行：24 小时、一次成功领取、无待定参数 (0.062833ms)
✔ 策略消费者均为合法任务 ID 且覆盖 DEC-003 阻塞任务与 SEC-01 (0.108125ms)
✔ TS 常量与 certificate-package-policy.json 完全一致 (0.105542ms)
✔ 策略 JSON 通过自身 JSON Schema 结构校验 (0.707ms)
✔ 负向结构：复用云端 Hash、非独立 salt 与非法字段被 Schema 拒绝 (0.337125ms)
✔ x-decision-versions 引用 DEC-004 且版本与决策登记一致 (0.056125ms)
✔ 暂定值定性规则可执行：设备本地专用、禁复用云端 Hash、每用户 salt、仅 Sync 下发 (0.096167ms)
✔ 冻结参数可直接执行：Argon2id PHC、固定参数与长度 (0.074ms)
✔ 策略消费者均为合法任务 ID 且覆盖 DEC-004 阻塞任务 (0.104042ms)
✔ TS 常量与 device-user-verifier-policy.json 完全一致 (0.085125ms)
✔ 策略 JSON 通过自身 JSON Schema 结构校验 (0.736125ms)
✔ 负向结构：跳过服务端验签、非失败关闭与内嵌信任根被 Schema 拒绝 (0.340875ms)
✔ 暂定值定性规则可执行：服务端验签强制、失败关闭、载荷字段锁定、信任根带外分发 (0.100916ms)
✔ DEC-022 冻结算法、信任根类型、编码且无待定参数 (0.060166ms)
✔ DEC-022 固定 RSA/SHA-256 测试向量可复验 (0.673875ms)
✔ 策略消费者均为合法任务 ID 且覆盖 BE-OTA-01 (0.107208ms)
✔ TS 常量与 ota-package-signature-policy.json 完全一致 (0.081125ms)
✔ 四类业务设置共享版本化 JSON Schema 与运行时校验器 (22.474ms)
ℹ tests 302
ℹ suites 0
ℹ pass 302
ℹ fail 0
ℹ cancelled 0
ℹ skipped 0
ℹ todo 0
ℹ duration_ms 610.814459

> food-digester-platform@0.0.0 test:scripts /Users/anray/Documents/project/hiddenjoyacom/food-digester-platform
> node --import tsx --test scripts/*.test.mjs

✔ bootstrap input is bound to the normalized email and never accepts a password (0.758709ms)
✔ successful bootstrap creates Cognito identity before committing linked database user (0.202166ms)
✔ non-pristine Cognito or database fails before any mutation (0.191791ms)
✔ database failure deletes Cognito identity and records compensated failure (0.214209ms)
✔ failed Cognito compensation keeps reconciliation required (0.113959ms)
✔ source approval requires exact SHA and packager embeds committed SHA (6208.842125ms)
✔ runner without approved source fails closed without leaking configuration (26.26625ms)
✔ serial and parallel repeated browser receipts are validated (2.188958ms)
✔ fail closed: missing required flow (0.221667ms)
✔ fail closed: skipped execution (0.124ms)
✔ fail closed: flaky execution (0.089333ms)
✔ fail closed: retry hides failure (0.09975ms)
✔ fail closed: unexpected error (0.113333ms)
✔ fail closed: missing isolated trace (0.086792ms)
✔ fail closed: data prefix reused (0.891542ms)
✔ fail closed: context cleanup failed (0.110917ms)
✔ fail closed: unmocked network request (0.134834ms)
✔ fail closed: missing role proof (0.172709ms)
✔ fail closed: wrong route permission (0.148875ms)
✔ fail closed: Auditor OTA write enabled (0.149ms)
✔ fail closed: missing MFA assertion (0.182375ms)
✔ fail closed: missing conflict response (0.154458ms)
✔ fail closed: missing forbidden response (0.140333ms)
✔ fail closed: missing repeat (0.094875ms)
✔ repeat traces cannot duplicate the first execution (0.135417ms)
✔ manifest exactly matches independent Playwright discovery (627.198208ms)
✔ discovery fails closed: missing case (0.213333ms)
✔ discovery fails closed: extra case (0.072833ms)
✔ discovery fails closed: duplicate replacing required case (0.064708ms)
✔ old Viewer permission cannot pass the updated matrix (0.177167ms)
✔ required behavioral proof cannot be missing: QA-09 设备管理长别名和序列号在375px完整换行且不裁切 (0.149667ms)
✔ required behavioral proof cannot be missing: H-01 API 拒绝停用会话后清除浏览器会话并返回登录 (0.128334ms)
✔ required behavioral proof cannot be missing: M-01 CustomerViewer 从菜单查询设备用户详情，全部写入口隐藏 (0.118375ms)
✔ required behavioral proof cannot be missing: UI redesign: all business routes at 1366x768 (0.126334ms)
✔ required behavioral proof cannot be missing: UI redesign: all business routes at 1440x900 (0.322791ms)
✔ required behavioral proof cannot be missing: UI redesign: all business routes at 1920x1080 (0.108042ms)
✔ required behavioral proof cannot be missing: QA05 login SRP MFA error success logout without persisting password (0.109833ms)
✔ required behavioral proof cannot be missing: QA05 ESG cursor totals export snapshot timezone and empty state (0.103458ms)
✔ required behavioral proof cannot be missing: QA05 Command dangerous confirmation terminal result and publish failure (0.10725ms)
✔ required behavioral proof cannot be missing: QA05 Media expiry renew 403 and audit read-only zero writes (0.23675ms)
✔ serial and repeated phases require all 108 independent prefixes (1.068708ms)
✔ phase budget accounts for startup, executions and worker slots, with a finite ceiling (0.084083ms)
✔ invalid phase budget rejected: repeat=0 workers=1 (0.068917ms)
✔ invalid phase budget rejected: repeat=1 workers=0 (0.029625ms)
✔ invalid phase budget rejected: repeat=0.5 workers=1 (0.023375ms)
✔ invalid phase budget rejected: repeat=1 workers=0.5 (0.026042ms)
✔ invalid phase budget rejected: repeat=Infinity workers=1 (0.020667ms)
✔ invalid phase budget rejected: repeat=1 workers=NaN (0.022458ms)
✔ real child-process timeout is classified and cannot create a successful phase (54.229792ms)
✔ failed/killed process cannot pass: status=1 (0.355333ms)
✔ failed/killed process cannot pass: status=null (0.177ms)
✔ spawn errors reject without disclosing raw process error details (0.504625ms)
✔ successful process may proceed to the strict report and trace validator (0.252083ms)
✔ 真实 OpenAPI 片段可确定性打包且无外部引用 (60.777833ms)
✔ bundle 新鲜度检查拒绝缺失或过期产物 (163.802125ms)
✔ 失败示例：非法 OpenAPI 版本与缺少 responses 被拒绝 (0.403417ms)
✔ 失败示例：全局重复 operationId 被拒绝 (0.09025ms)
✔ 失败示例：非法 parameter 与 Schema 被拒绝 (0.364084ms)
✔ 仓库提交的统一 bundle 与当前片段一致 (14.953417ms)
✔ scoped Gate accepts the archived real-target receipt, without promoting full acceptance (20.157209ms)
✔ scoped Gate rejects missing role (8.975ms)
✔ scoped Gate rejects wrong SHA (31.402583ms)
✔ scoped Gate rejects unverified Lambda (19.995291ms)
✔ scoped Gate rejects runtime drift (6.599708ms)
✔ scoped Gate rejects mocked API (15.118125ms)
✔ scoped Gate rejects empty tenant (8.882834ms)
✔ scoped Gate rejects cross-Customer list leak (6.442875ms)
✔ scoped Gate rejects Viewer mutation accepted (6.558459ms)
✔ scoped Gate rejects expired old Token (10.910333ms)
✔ scoped Gate rejects two duplicate successes (15.619875ms)
✔ scoped Gate rejects two optimistic successes (7.060291ms)
✔ scoped Gate rejects bundled Firefox (20.347792ms)
✔ scoped Gate rejects missing browser-role case (6.491333ms)
✔ scoped Gate rejects persisted edit belongs to another record (6.314125ms)
✔ scoped Gate rejects forbidden page rendered as business page (17.331167ms)
✔ scoped Gate rejects missing screenshot (1.8015ms)
✔ scoped Gate rejects cleanup duplicate hides missing ID (7.318583ms)
✔ scoped Gate rejects cleanup incomplete (7.457083ms)
✔ scoped Gate rejects private credentials retained (13.81325ms)
✔ scoped Gate rejects scope promoted (7.277667ms)
✔ 当前管理后台源代码满足入口与组合根交付约束 (10.022333ms)
✔ 缺少入口和构建产物时失败关闭 (0.30225ms)
✔ FE-06 至 FE-19 任一任务或路由从事实源缺失时失败关闭 (8.696334ms)
✔ FE-11 至 FE-15 任一任务、路由或页面标识缺失时失败关闭 (19.304625ms)
✔ FE-06 至 FE-15 任一控制器或 operationId 缺失时失败关闭 (3.911875ms)
✔ FE-11 至 FE-15 控制器或 operationId 缺失时失败关闭 (4.519958ms)
✔ FE-16 至 FE-19 任一任务、路由、控制器、页面标识或 operationId 缺失时失败关闭 (4.153959ms)
✔ App 移除显式页面分支时失败关闭 (3.691958ms)
✔ 完整目标回执覆盖双提交、隔离环境、五角色、七路由、五闭环与清理 (86.483167ms)
✔ 缺路由、角色、闭环或审计拒绝角色时失败关闭 (19.677584ms)
✔ mock、泄露、短链持久化、危险操作与只读写请求均失败关闭 (37.5285ms)
✔ 缺失回执、双部署提交漂移、HEAD 不一致与未清理均失败关闭 (51.428875ms)
✔ 目标 Gate 是显式发布步骤且不进入普通 verify (0.240458ms)
✔ 完整回执覆盖双提交、隔离环境、五角色、五路由、四闭环、隐私、双语布局与清理 (85.846083ms)
✔ 缺路由、角色、闭环、locale 或 viewport 时失败关闭 (15.284958ms)
✔ mock、权限、并发、泄露或布局不合格时失败关闭 (25.375459ms)
✔ 缺失回执、双部署提交漂移、HEAD 不一致与未清理均失败关闭 (9.961958ms)
✔ 目标 Gate 是显式发布步骤且不进入普通 verify (0.193833ms)
✔ 完整路由、五角色、五业务闭环、租户、并发、敏感字段与清理回执通过 (0.8025ms)
✔ 缺路由、角色或业务闭环时失败关闭 (0.145125ms)
✔ Cognito、部署 API、跨租户、并发与敏感字段证据不满足约束时失败关闭 (0.095542ms)
✔ 缺失回执、部署提交或 sourceCommit 不一致时失败关闭 (0.482875ms)
✔ 完整的 58 API、五角色、并发、ESG 与清理目标 AWS 回执通过 (0.841375ms)
✔ 58 个回执 operationId 与九份正式业务 OpenAPI 精确一致 (1.791292ms)
✔ API 缺项、角色缺项与跨 Customer 放行均失败关闭 (0.256458ms)
✔ 并发或 ESG 证据不满足生产约束时失败关闭 (0.92975ms)
✔ 缺失回执与 sourceCommit 不匹配均失败关闭 (2.936791ms)
✔ 完整覆盖 25 API、五角色、竞态、退役与导出的隔离 AWS 回执通过 (0.88125ms)
✔ 缺 operation、跨租户放行、竞态双成功、证书未失活与 MQTT/S3 缺口均失败关闭 (0.178334ms)
✔ operation 成功状态与负向状态集合不完整时失败关闭 (0.090708ms)
✔ 回执缺失、非法 JSON 或 sourceCommit 不一致时独立发布 Gate 失败 (0.655875ms)
✔ 完整 Archive、Replay、Summary 目标 AWS 回执通过 (0.773ms)
✔ 缺探针、重复归档、Replay 复制业务行和空 Summary 均失败关闭 (0.205958ms)
✔ 缺少回执或提交不一致时独立 Gate 失败 (0.553916ms)
✔ 完整隔离 AWS 回执覆盖 8 Topic、负向路径、QA-03 与清理时通过 (0.818875ms)
✔ 缺 Topic、未知 Topic 命中、Error Action 未恢复和原文漂移均失败关闭 (0.154584ms)
✔ 未提供目标 AWS 回执时独立发布 Gate 明确失败 (0.435334ms)
✔ 回执必须对应待发布的精确 Git 提交 (0.299917ms)
✔ 完整的 15 API、角色、Cognito、并发、S3、Dashboard、审计与清理回执通过 (0.901375ms)
✔ 15 个 operationId 与六份正式 OpenAPI 精确一致 (0.87175ms)
✔ API、角色、租户或安全/并发探针缺口均失败关闭 (0.268ms)
✔ 缺失回执与 sourceCommit 不匹配均失败关闭 (1.134208ms)
✔ 干净的依赖图通过检查 (1.453125ms)
✔ 共享包反向依赖 apps 被识别为边界违规 (1.028125ms)
✔ contracts 反向依赖 apps 被识别为边界违规 (1.157583ms)
✔ apps 之间互相依赖被识别为边界违规 (0.62375ms)
✔ 工作区循环依赖被检出 (5.168625ms)
✔ 非工作区依赖（外部 npm 包）不参与检查 (0.625708ms)
✔ 当前仓库通过边界与循环依赖检查 (0.763208ms)
✔ CDK WARNING 与规则校验编号会触发 Gate (0.566042ms)
✔ 正常 synth 输出不会误报 (0.403041ms)
✔ 已交付 Lambda 缺失或回退到内联 501 占位时 Gate 失败 (0.165042ms)
✔ 已交付 Lambda 使用 S3 asset 时 Gate 通过 (0.057375ms)
✔ CMD/OTA 生产接线 Gate 对 Worker/调度任一缺失均失败关闭 (0.196625ms)
✔ CMD/OTA 生产接线 Gate 对 IoT/S3/KMS 权限缺失失败关闭 (0.227333ms)
✔ 真实登记文件：结构校验通过，并准确识别当前未决 DEC (2.116958ms)
✔ 真实契约版本文件：decisionRegisterVersion 与登记一致 (0.443292ms)
✔ 契约版本不一致被拒绝 (0.352875ms)
✔ 重复决策 ID 被拒绝（已知冲突必须有唯一决策 ID） (0.145833ms)
✔ 原则与决策之间 ID 也全局唯一 (0.107833ms)
✔ pending 决策携带批准人被拒绝 (0.078292ms)
✔ frozen 决策必须有批准人、批准时间和 >=1.0.0 版本 (0.111167ms)
✔ blockingTasks 为空或格式非法被拒绝 (0.082458ms)
✔ history 必须非空且末条版本与条目版本一致 (0.070083ms)
✔ 非 UTC 时间戳被拒绝 (0.086333ms)
✔ CLI validate 模式：真实文件退出码 0 且输出实际未决数；--fail-on-pending 按实际未决数返回 (0.9545ms)
✔ CLI：结构错误退出码 1 (0.705375ms)
✔ 追溯校验：合法 x-decision-versions 引用通过（Schema 可追溯到决策版本） (1.380083ms)
✔ 追溯校验：不存在的决策 ID 被拒绝 (1.260459ms)
✔ 追溯校验：引用版本与登记版本不一致被拒绝 (1.614084ms)
✔ 追溯校验：缺少 x-decision-versions 或格式非法被拒绝 (1.226084ms)
✔ 追溯校验：嵌套在 OpenAPI info 下的 x-decision-versions 可被递归发现 (0.842125ms)
✔ 已交付 API（含管理后台 P1）的 129 个 OpenAPI operation 与生产路由双向一致 (7.026708ms)
✔ 版本化已交付清单缺失、重复或引用不存在文件时失败关闭 (0.898542ms)
✔ 缺失、额外、重复及 method/path 漂移均失败关闭 (0.171042ms)
✔ CMD/OTA 治理 Gate 校验四份 REST 契约及 DEC-022/023 冻结状态 (3.679083ms)
✔ 有效链接、无易漂移计数且工具链配对正确时通过 (1.653417ms)
✔ 损坏的仓库内 Markdown 链接被拒绝 (0.921875ms)
✔ 陈旧测试计数或不兼容工具链声明被拒绝 (0.692ms)
✔ 当前仓库 ENG/DB/DOM 与 IAC/AUTH/SEC 任务文档证据一致 (16.609625ms)
✔ BE-IOT-01～08 文档全部纳入默认链接与证据门禁 (0.11125ms)
✔ BE-ARC/RPL/ESG 四份文档及 P2 回归纳入默认证据门禁 (0.053083ms)
✔ 11 份管理后台业务文档全部纳入默认链接与证据门禁 (0.042708ms)
✔ BE-MED/RBAC/AUD/DASH/SET 五份文档纳入状态与 AWS 证据门禁 (0.036583ms)
✔ FE-06～FE-10 五份前端文档纳入四层状态与目标回执门禁 (0.043791ms)
✔ FE-11～FE-15 五份前端文档纳入四层状态与独立目标回执门禁 (0.079625ms)
✔ 前端任务文档拒绝缺层级、问题责任字段、目标 Gate 和 P1 陈旧描述 (0.082958ms)
✔ FE-11～FE-15 文档拒绝旧缺陷、任务级勾选及旧目标 Gate (0.057542ms)
✔ BE-MED/RBAC/AUD/DASH/SET 文档拒绝缺状态层、陈旧参数和设置生效误述 (0.051417ms)
✔ 管理后台业务文档拒绝缺证据引用和陈旧决策或部署说法 (0.049792ms)
✔ BE-ARC/RPL/ESG 文档拒绝缺审计快照和生产接线边界外旧说法 (0.042125ms)
✔ BE-IOT 文档拒绝缺少审计快照、Report P2002 与 Media 另路由旧说法 (0.050958ms)
✔ BE-IOT 严格负向探针必须保留为可定位的永久回归 (0.658292ms)
✔ 安全任务文档拒绝历史计数、缺少 verify 命令与陈旧 DEC-012 状态 (0.064167ms)
✔ 安全任务文档接受当前命令、审计快照引用与 frozen 决策 (0.037875ms)
✔ 当前仓库（DB-01 已落地）Migration 结构通过 (8.338291ms)
✔ schema.prisma 未落地时跳过并通过（骨架期行为） (0.206667ms)
✔ 失败示例：Schema 已存在但无任何 Migration（未提交 Migration） (1.029375ms)
✔ 失败示例：migrations/ 为空且缺少 migration_lock.toml (0.852333ms)
✔ 失败示例：Migration 目录名非法与空 migration.sql (0.999375ms)
✔ 合法 Migration 结构通过 (2.158417ms)
✔ 失败示例：已有旧 Migration 但 Schema 已变化且未登记快照 (0.652167ms)
✔ 真实矩阵通过完整性检查 (3.045167ms)
✔ 真实引用集合：41 个矩阵 API 与 13 个 routeId 全部可解析 (0.436083ms)
✔ index19.html 源清单：9 个菜单、12 个页面、128 个元素与矩阵双向覆盖 (0.330917ms)
✔ 真实矩阵：9 菜单、12 页面、每项均有处置结论 (0.25375ms)
✔ 被拒绝的实时流、明文密码、状态混用不携带实现任务 (0.228084ms)
✔ 矩阵的 x-decision-versions 可追溯到决策登记（DEC-007~012） (1.145917ms)
✔ 缺少菜单或页面被拒绝 (0.251833ms)
✔ 重复元素 ID 被拒绝 (0.073833ms)
✔ Adapt/Reject 缺少依据被拒绝 (0.074875ms)
✔ Adopt/Adapt 生产字段缺少 API 来源被拒绝 (0.110084ms)
✔ rejectCategory 项非 Reject 或携带实现任务被拒绝 (0.074292ms)
✔ 未知角色被拒绝（R7） (0.0675ms)
✔ 格式合法但不存在的 operationId、routeId 与响应字段被拒绝 (1.138041ms)
✔ planned operation 的任务归属漂移被拒绝 (0.319959ms)
✔ 源清单与矩阵任一侧删除元素均被双向覆盖检查拒绝 (1.789125ms)
✔ index19.html 内容变化但未重新盘点源清单时失败关闭 (1.428417ms)
✔ 重复 operationId 与 routeId 被引用索引拒绝 (0.744042ms)
✔ CLI：真实矩阵退出码 0，违规矩阵退出码 1 (26.217458ms)
✔ remaining scope cannot replace full core, Active acceptance or failed cleanups (0.517333ms)
✔ 当前仓库全部 Schema、OpenAPI 片段与统一 bundle 通过引用校验 (84.3465ms)
✔ 失败示例：悬空内部 $ref 被拒绝 (3.818625ms)
✔ 失败示例：同目录相对 $ref 目标文件不存在被拒绝 (1.390167ms)
✔ 失败示例：JSON 语法损坏的 Schema 被拒绝 (1.0385ms)
✔ 失败示例：JSON Schema 2020-12 非法 type 被元 Schema 拒绝 (1.127208ms)
✔ 失败示例：OpenAPI 基座缺少 paths 被拒绝 (0.647083ms)
✔ 同目录相对 $ref 可解析时通过 (0.760667ms)
✔ 失败示例：PEM 私钥块被检出 (0.555417ms)
✔ 失败示例：AWS Access Key ID 被检出 (0.068ms)
✔ 失败示例：GitHub 令牌被检出 (0.050333ms)
✔ 失败示例：Slack 令牌被检出 (0.04625ms)
✔ 正常内容不误报 (0.348333ms)
✔ 失败示例：未跟踪且未忽略文件中的私钥也被扫描 (50.3215ms)
✔ 当前仓库通过敏感信息扫描 (2857.954958ms)
✔ 生产源码直接 console 与 raw trace API 均被拒绝 (1.343333ms)
✔ 测试目录可使用 console，生产统一 logger 允许 (1.455583ms)
✔ 当前仓库生产源码通过 sink 门禁 (76.190416ms)
✔ QA-02 MQTT heartbeat: all valid/invalid fixtures, missing meta and type mutation (8.730667ms)
✔ QA-02 MQTT telemetry: all valid/invalid fixtures, missing meta and type mutation (4.457042ms)
✔ QA-02 MQTT report: all valid/invalid fixtures, missing meta and type mutation (2.142125ms)
✔ QA-02 MQTT alarm: all valid/invalid fixtures, missing meta and type mutation (1.24475ms)
✔ QA-02 MQTT event: all valid/invalid fixtures, missing meta and type mutation (0.808125ms)
✔ QA-02 MQTT ack: all valid/invalid fixtures, missing meta and type mutation (1.079417ms)
✔ QA-02 MQTT tamper: all valid/invalid fixtures, missing meta and type mutation (0.994417ms)
✔ QA-02 MQTT media: all valid/invalid fixtures, missing meta and type mutation (0.94925ms)
✔ QA-02 MQTT cmd: all valid/invalid fixtures, missing meta and type mutation (1.250917ms)
✔ QA-02 MQTT ota: all valid/invalid fixtures, missing meta and type mutation (8.619791ms)
✔ QA-02 MQTT notification: all valid/invalid fixtures, missing meta and type mutation (1.408333ms)
✔ MQTT semantic hash, discriminator and UTC calendar errors fail closed (0.448875ms)
✔ full REST response: field deletion/type mutation/envelope/date/errors/status/headers are enforced (2.543666ms)
✔ REST request validation: required body/path/query/header, optional Sync, bodyless Deactivate, no type coercion in JSON (5.913208ms)
✔ all device operations and declared response JSON Schemas compile; stable error catalog has no duplicates (37.000667ms)
✔ predecessor MQTT is compatible; known REST break requires exact version and frozen DEC approvals (32.12425ms)
✔ breaking contract mutations fail: removing fields/operations/status, changing type/required/security (60.851792ms)
✔ receipt coverage gate fails closed for missing operations/statuses, no valid request and forged records (0.2875ms)
✔ archived CSR upgrade mapping still verifies original baselines without rewriting history (2.418375ms)
✔ QA04 coverage Gate accepts complete matrix and proofs (0.93725ms)
✔ QA04 coverage Gate rejects missing domain (0.229167ms)
✔ QA04 coverage Gate rejects no negative path (0.111875ms)
✔ QA04 coverage Gate rejects untrusted handler (0.086792ms)
✔ QA04 coverage Gate rejects missing role (0.147916ms)
✔ QA04 coverage Gate rejects cross-tenant leak (0.121042ms)
✔ QA04 coverage Gate rejects two write winners (0.131917ms)
✔ QA04 coverage Gate rejects duplicate audit (0.111083ms)
✔ QA04 coverage Gate rejects rollback missing (0.116791ms)
✔ QA04 coverage Gate rejects unclean resource (0.129291ms)
✔ QA04 coverage Gate rejects reused isolation (0.104417ms)
✔ QA04 coverage Gate rejects no observed replay (0.114584ms)
✔ QA04 required acceptance cases are enforced (0.555458ms)
✔ QA04 skipped assertion fails execution Gate (0.054625ms)
✔ QA04 removed state-machine assertion fails coverage Gate (0.399292ms)
✔ migration source requires exact approved commit (0.982542ms)
✔ migration connection requires complete secret and verified TLS; special credentials are encoded (0.394833ms)
✔ database verification derives every mapped Prisma table (1.01225ms)
✔ runner without approved source fails without reporting credentials or driver details (48.054333ms)
✔ source packager archives committed tree, includes exact SHA and refuses overwriting ZIP (5962.896875ms)
✔ local TLS broker: 10 independent certificate sessions, QoS1, downlinks, reconnect and broker ACL rejection (733.454208ms)
✔ 10 concurrent sessions: all topics, exact 5% duplicates / 2% delayed telemetry, replay and isolated bad Schema (125.766334ms)
✔ cross-device publish, subscribe, receive and wildcard denied (0.471584ms)
✔ invalid configuration, OTA transitions and test credential gate fail closed (0.639166ms)
✔ scripted failed command, missing target mapping and illegal downlink do not generate mixed ACK (0.241583ms)
✔ all sessions close when one transport fails; no successful receipt (112.702375ms)
✔ MQTT adapter rejects SUBACK denial and connection failures (0.213ms)
✔ CLI creates offline receipt and refuses ungated mqtts before reading credential paths (368.819583ms)
✔ CDK wrapper accepts synth/diff and requires explicit deploy stack (0.77125ms)
✔ CDK wrapper builds the whole workspace and fails closed on build errors (0.118417ms)
✔ CDK wrapper uses local SSO but requires OIDC credentials in GitHub Actions (0.069541ms)
✔ QA03 Gate accepts complete local integration receipt (5.1505ms)
✔ QA03 Gate rejects missing scenario (0.227833ms)
✔ QA03 Gate rejects unclean resources (0.084292ms)
✔ QA03 Gate rejects reused isolation prefix (0.090625ms)
✔ QA03 Gate rejects lost message (0.091583ms)
✔ QA03 Gate rejects duplicate business record (0.117958ms)
✔ QA03 Gate rejects missing raw proof (0.085417ms)
✔ QA03 Gate rejects missing fault probe (1.018292ms)
✔ receipt covers all 128 decisions in two viewports (6.927125ms)
✔ fail closed: missing page (0.529875ms)
✔ fail closed: skipped case (1.278459ms)
✔ fail closed: flaky success (0.6545ms)
✔ fail closed: retry (0.570542ms)
✔ fail closed: unexpected external network (4.144792ms)
✔ fail closed: fixture collision (2.120334ms)
✔ fail closed: missing cleanup (0.219458ms)
✔ fail closed: updated baseline masquerades as regression (0.215208ms)
✔ fail closed: missing group (0.242208ms)
✔ fail closed: duplicate group (0.192958ms)
✔ fail closed: missing rejection assertion (0.218375ms)
✔ fail closed: missing menu (0.193583ms)
✔ fail closed: missing behavior guard (0.184208ms)
✔ fail closed: wrong viewport (0.179084ms)
✔ fail closed: snapshot hash mismatch (0.176333ms)
✔ binding omission, duplication and reject implementation fail closed (0.294167ms)
✔ actual config guard accepts R0/R1 and final false restore without declaring business/P95 (1.354791ms)
✔ config rejects accountReadCandidate drift (0.300875ms)
✔ config rejects pool drift (0.110167ms)
✔ config rejects memory drift (0.088792ms)
✔ config rejects preconnect drift (0.110417ms)
✔ config rejects engineCpu drift (0.110792ms)
✔ config rejects envName drift (0.0955ms)
✔ config rejects revisionId drift (0.089ms)
✔ config rejects codeSha256 drift (0.115375ms)
✔ config rejects state drift (0.308709ms)
✔ config rejects architecture drift (0.347875ms)
✔ config rejects source, inventory and concurrency drift (1.337458ms)
✔ new detail receipts require explicit matching actual flag, including false restore (0.155875ms)
✔ real gzip bytes bind exact own devices, raw outbox hash and canonical published hash (4.560916ms)
✔ scope expansion, unknown customer/device, modified bytes and missing archive fail closed (2.340375ms)
✔ IoT normalized raw body binds outbox bytes while original publication binds canonical payload (2.740458ms)
✔ quick MQTT profile requires exact additional telemetry ledger and cannot waive missing archives (6.256417ms)
✔ archive deadline uses actual S3 modification times and cannot green an eventual late archive (3.573375ms)
✔ redelivery rejects foreign archives, unbounded inventories and unbound certificates before AWS operations (2.644667ms)
✔ C1 waits for both branches then independent query/checkout; C0 refuses candidate signal; warm absent is null (1.581958ms)
✔ preconnect proof rejects missing (0.079625ms)
✔ preconnect proof rejects duplicate (0.054833ms)
✔ preconnect proof rejects failed (0.057ms)
✔ preconnect proof rejects foreign (0.065833ms)
✔ preconnect proof rejects bad timestamp (0.078334ms)
✔ preconnect proof rejects dispatch instead of settlement (0.059792ms)
✔ preconnect proof rejects not connection wait (0.053084ms)
✔ preconnect proof rejects query before preparation (0.062458ms)
✔ preconnect proof rejects checkout steals readiness (0.485125ms)
✔ preconnect proof rejects outside hook (0.067875ms)
✔ preconnect proof rejects invalid duration (0.048458ms)
✔ preconnect proof rejects orphan (0.046333ms)
✔ preconnect proof rejects consistently empty invocation identities (0.161708ms)
✔ nominal 30x profile cannot conceal a slower real publish window (45.756958ms)
✔ version proof requires CI deploy Amplify exact commit and 19 distinct verified artifact bytes (0.370417ms)
✔ own-fixture fault grant rejects shared changes and unknown faults while retaining deployment boundary (0.132167ms)
✔ database proof rejects foreign build, source, role and nonzero cleanup instead of trusting child PASS (0.288666ms)
✔ target gates reject missing finish cleanup required case and foreign device before live calls (0.584292ms)
✔ business cleanup preserves outside rows, rejects baseline drift and deletes own dependent rows atomically (1984.493709ms)
✔ fault injection rejects missing authorization and foreign export identity without mutation (0.618ms)
✔ assertion-only validation cannot stand in for cleanup or whole target acceptance (0.126625ms)
✔ nonActive scope cannot enter the full wave that contains Active dependent probes (0.939708ms)
✔ foundation mode cannot be mistaken for full core or browser acceptance (0.0955ms)
✔ complete intermediate/root chain matches truststore and private key (8.420834ms)
✔ missing root is distinguished from valid signing certificate and key (0.420083ms)
✔ wrong parent, expired chain and wrong private key fail independently (2.291542ms)
✔ oversized worker chain, malformed values and arbitrary canaries never leak (3.160584ms)
✔ receipt gate accepts completed diagnostic with invalid chain, rejects data leak and missing cleanup (2.007208ms)
✔ approved exact Worker, Secret, KMS and original expiry scope is accepted (0.674ms)
✔ removing role condition, wildcard Secret or extended expiry is rejected (0.728166ms)
✔ unrestricted KMS, different context or extra secret permissions are rejected (0.176208ms)
✔ repair gate requires retained versions, exact output binding and all cleanup (3.061209ms)
✔ only root field changes, original version remains immutable and AWSPREVIOUS (14.46125ms)
✔ baseline drift prevents all writes (0.110125ms)
✔ wrong fixed root prevents all writes (0.322917ms)
✔ unknown put outcome recovers immutable token without a second put (1.171791ms)
✔ candidate mutation fails before promotion (0.320375ms)
✔ concurrent current movement after candidate write is preserved (0.581167ms)
✔ unknown promotion response is recovered from current stages (0.860333ms)
✔ post-promotion failed readback rolls back only the known current candidate (2.993292ms)
✔ invalid version token rejects before accessing any secret (0.586333ms)
✔ rollback refuses to overwrite a concurrent foreign current version (0.880417ms)
✔ unknown AWS errors are returned as fixed codes without secret exception text (0.10225ms)
✔ successful promotion waits for metadata visibility without repeating stage writes (0.890834ms)
✔ existing current candidate is verified using read-only store without new versions or stage writes (0.85525ms)
✔ read-only recovery rejects changed fields without rolling back an existing current version (0.299791ms)
✔ capacity planning includes operational and rotation idle overlap and rejects naive concurrency increase (0.966875ms)
✔ read recovery preserves original timeout, reads only one started ID and never replays a mutation (24.455583ms)
✔ known authorization, expired SSO, invalid JSON and unknown failures never retry (67.329584ms)
✔ two read recoveries are the global bound, repeated timeout remains FAIL (14.977625ms)
✔ started Build waiting is bounded by polls and elapsed time; non-success terminal status never admits cleanup (14.554166ms)
✔ every cloud ownership field and raw Plan is required before reading results (13.526333ms)
✔ CLI failure records exit/signal/timing, classifies recognized errors and stores no stderr or credentials (0.957708ms)
✔ cleanup observer persists each success/failure and preserves failure identity without raw message, stack or input (0.30525ms)
✔ sign-out failure still deletes and verifies own identity, retains failure and cannot admit cleanup PASS (0.207542ms)
✔ only UserNotFound proves absence, failed delete is retained, and surviving identity fails closed (0.220917ms)
✔ partition preserves 722ms without treating CPU as exclusive scheduling or compiler time (1.688667ms)
✔ split rejects missing setup (0.087833ms)
✔ split rejects setup gap (0.095625ms)
✔ split rejects setup wrong boundary (0.0675ms)
✔ split rejects missing (0.062792ms)
✔ split rejects duplicate (0.043834ms)
✔ split rejects foreign (0.044958ms)
✔ split rejects invalid CPU (0.04525ms)
✔ split rejects no CPU (0.05525ms)
✔ split rejects wrong boundary (0.088667ms)
✔ split rejects failed (0.79375ms)
✔ split rejects gap (0.179417ms)
✔ split rejects overlap (0.103792ms)
✔ split rejects fake duration (0.105083ms)
✔ split rejects connection claim (0.172875ms)
✔ target observer setup gap remains rejected: 737ms/17ms (0.263458ms)
✔ target observer setup gap remains rejected: 498ms/18ms (0.116417ms)
✔ target observer setup gap remains rejected: 40ms/20ms (0.112959ms)
✔ explicit setup covers 17ms without shifting original entrance (0.262375ms)
✔ explicit setup covers 18ms without shifting original entrance (0.127458ms)
✔ explicit setup covers 20ms without shifting original entrance (0.097ms)
✔ range reads keep the original default and permit bounded slow-link retry (1.085333ms)
✔ range reads reject unbounded, ambiguous and below-default timeouts (0.216ms)
✔ read-only asset concurrency stays bounded independently of DB/API capacity (0.128833ms)
✔ cold sampler collector binds exact own REPORT and safe client metrics: patch (80.632167ms)
✔ cold sampler collector binds exact own REPORT and safe client metrics: audit (52.681708ms)
✔ two batches preserve six own contracts, six winners/conflicts and audits with a hard concurrency/request bound (85.967292ms)
✔ unknown write drains siblings and waits for Lambda quiescence without retry or false PASS (8.90425ms)
✔ audit drift fails closed: audit-id (11.853125ms)
✔ audit drift fails closed: foreign-list (11.4575ms)
✔ foreign context, missing baseline or excess batches fail before any dispatch/receipt (9.419292ms)
✔ sampling correlation ledger rejects foreign or missing HTTP rows even with a valid business result (66.682167ms)
✔ DLQ scope requires closed ledger, 20 exact IDs and fresh empty database proof (1.357167ms)
✔ one-shot worker deletes only exact retired pointers, restores unknown visibility, and exports no bodies or handles (7.212583ms)
✔ six exact request/time/status/extended/Lambda links pass without saving unrelated fields or requests (50.732917ms)
✔ correlation refuses complete proof for time (53.074334ms)
✔ correlation refuses complete proof for lambda-id (64.010917ms)
✔ correlation refuses complete proof for duplicate (51.922667ms)
✔ correlation refuses complete proof for missing-http (57.642542ms)
✔ audit GET binds list/detail operation and timeout UUID without claiming client success (112.898542ms)
✔ public child proof retains legacy partition and never implies compiler/server/P95 attribution (2.169375ms)
✔ detail rejects missing (0.128541ms)
✔ detail rejects duplicate (0.108375ms)
✔ detail rejects foreign (0.17125ms)
✔ detail rejects failed (0.114833ms)
✔ detail rejects boundary (0.078334ms)
✔ detail rejects CPU (0.073208ms)
✔ detail rejects negative CPU (0.064667ms)
✔ detail rejects fraction (0.102ms)
✔ detail rejects wait (0.123333ms)
✔ detail rejects wrong wait (0.0925ms)
✔ detail rejects gap (0.069584ms)
✔ detail rejects overlap (0.056209ms)
✔ detail rejects coverage (0.059833ms)
✔ detail rejects invalid time (0.059833ms)
✔ detail rejects off (0.052125ms)
✔ detail rejects two pg (0.040916ms)
✔ detail rejects unsettled (0.045584ms)
✔ detail rejects root (0.047291ms)
✔ fresh planner preserves fixed budget, demands both detail modes, never dispatches (0.342584ms)
✔ legacy manifests cannot be promoted to detailed target proof (2.616ms)
✔ hosted detail input byte binding is explicit and rejects run, mode, budget, context and hash drift (0.746125ms)
✔ driver partition separates controlled wait and result access without causal claims (1.558125ms)
✔ reject crossed boundary (0.241417ms)
✔ reject nonfinite boundary (0.10025ms)
✔ reject missing boundary (0.0845ms)
✔ reject wrong sample order (0.095292ms)
✔ reject extra sample (0.075084ms)
✔ reject hidden query retry (0.067834ms)
✔ reject unreleased connection (0.850209ms)
✔ reject extra pool (0.236208ms)
✔ reject target equivalence (0.240875ms)
✔ reject compiler-only claim (0.155542ms)
✔ reject server-only claim (0.114167ms)
✔ reject wrong controlled recipe (0.127375ms)
✔ reject wrong account mode (0.101291ms)
✔ reject unproved phases (0.139125ms)
✔ cold summary requires exact transactional physical proof and never copies payloads (2.805417ms)
✔ strict load split preserves 5ms coverage and only public boundary attribution (0.139958ms)
✔ rejects foreign request (0.076833ms)
✔ rejects duplicate (0.052917ms)
✔ rejects missing model boundary (0.05775ms)
✔ rejects multiple SQL (0.047667ms)
✔ rejects root query (0.047958ms)
✔ rejects duplicate ownership (0.041708ms)
✔ rejects CPU attribution (0.05775ms)
✔ rejects boundary guess (0.09025ms)
✔ rejects gap (0.060542ms)
✔ rejects overlap (0.048625ms)
✔ rejects failure (0.143208ms)
✔ rejects invalid wait (0.319333ms)
✔ phase proof covers success, conditional conflict and all audit reads without declaring latency/cleanup acceptance (2.501875ms)
✔ cold 409 gate requires matching cold phase flags and successful runtime initialization (5.097416ms)
✔ new account gate requires nested hook, Prisma query, first driver query and checkout on every request (0.226417ms)
✔ account gate rejects missing (0.192083ms)
✔ account gate rejects duplicate (0.162125ms)
✔ account gate rejects failure (0.174792ms)
✔ account gate rejects wait-boundary (1.956416ms)
✔ account gate rejects timestamp (0.213417ms)
✔ account gate rejects outside-hook (0.1785ms)
✔ phase proof rejects foreign-invocation (0.157708ms)
✔ phase proof rejects missing-transaction (0.09875ms)
✔ phase proof rejects conflict-code (0.108ms)
✔ phase proof rejects missing-http (0.047958ms)
✔ phase proof rejects other-run (0.037ms)
✔ bounded sampler requires physical Init Duration as well as application cold phases and retains client metrics (0.601708ms)
✔ bounded sampler rejects foreign-report (0.16925ms)
✔ bounded sampler rejects duplicate-report (0.114ms)
✔ bounded sampler rejects no-socket-metrics (0.165125ms)
✔ bounded sampler rejects missing-body (0.114375ms)
✔ bounded sampler rejects over-budget (0.093875ms)
✔ bounded sampler rejects missing-audit (0.086875ms)
✔ client preparation requires actual dispatch, cold adapter suffix and leaves warm adapter timings absent (0.657208ms)
✔ client preparation rejects missing prepare (0.195375ms)
✔ client preparation rejects settlement is not driver dispatch (0.179083ms)
✔ client preparation rejects preparation after driver start (0.158ms)
✔ client preparation rejects cold missing suffix (0.1665ms)
✔ client preparation rejects suffix outside preparation (0.155542ms)
✔ client preparation rejects wrong invocation (0.151041ms)
✔ client preparation cannot bypass account phase checks (0.124041ms)
✔ engine CPU mode proves preparation before model, preserves driver boundary and refuses old lazy ownership (1.491334ms)
✔ runtime assembly opt-in preserves both engine ownership modes and rejects old partial runtime receipts (20.29975ms)
✔ parent phase Gate requires engine/runtime and C1 settlement before queries; C0 refuses candidate phases (0.842292ms)
✔ new contract-load split opt-in cannot reuse an older unsplit target receipt (0.077209ms)
✔ success audits bind precisely and conflicts never have a success audit (0.786417ms)
✔ audit proof rejects duplicate (0.149166ms)
✔ audit proof rejects wrong-version (0.05625ms)
✔ audit proof rejects conflict-success (0.044875ms)
✔ Gateway overlap cannot conceal serialized Lambda executions (0.331042ms)
✔ three races accept either winner, bind every successful write to audit and advance once per version (43.164167ms)
✔ early failure still drains the late sibling before readback and never retries or reports PASS (4.450584ms)
✔ race fails closed for double-winner (4.699083ms)
✔ race fails closed for gateway-id (5.501708ms)
✔ race fails closed for audit-id (14.772334ms)
✔ foreign context fails before dispatch or receipt writes (0.340916ms)
✔ historical read scope rejects any resource outside the exact sealed old contract before live calls (0.1ms)
✔ read-only completion accepts only all six settled exact successful PATCH receipts (0.69075ms)
✔ cleanup/completion guard rejects unknown-write (0.184375ms)
✔ cleanup/completion guard rejects foreign-site (0.082416ms)
✔ cleanup/completion guard rejects wrong-account (0.0725ms)
✔ cleanup/completion guard rejects unfinished (0.0765ms)
✔ cleanup/completion guard rejects gateway-id (0.083916ms)
✔ log projection redacts payload/error details and rejects unrecognized events (0.459084ms)
✔ serialized AWS log projection preserves closed event names through the 20-sequence Gate (1.073375ms)
✔ specific redelivery needs matching SQS ID, final disposition and durable duplicate receipt (0.111917ms)
✔ 20 sequence stage Gate rejects incomplete coverage and unrelated device evidence (0.398958ms)
✔ completed Build result tolerates delayed/truncated CloudWatch visibility and transient read failure without rerunning SQL (0.746959ms)
✔ wrong/multiple/failed frames and AccessDenied reject immediately, absent result fails closed after bounded reads (0.472834ms)
✔ expired SSO is a terminal authentication condition, never a transient log retry (0.079292ms)
✔ CloudWatch 250000-character fragments reassemble exact source-bound metadata without accepting truncation or another frame (6.43025ms)
✔ large fixture observations round-trip through bounded gzip without losing metadata (13.225166ms)
✔ compressed fixture frames reject corruption, noncanonical data and decompression bombs (35.611042ms)
✔ compressed metadata still requires the exact expected source/build/action binding (1.646708ms)
✔ fixed manifest rejects unsafe SQL identifiers, missing hash and duplicates (0.563375ms)
✔ migration comparison distinguishes missing, tampered, unfinished and rolled-back migrations (0.144958ms)
✔ snapshot uses repeatable read/read only, timeouts, fixed SELECTs and always rolls back (0.342916ms)
✔ writable transaction rejected before business queries and rolled back (0.17425ms)
✔ query failure rolls back instead of yielding partial PASS (0.106916ms)
✔ dedicated query project never changes migration project or passes StartBuild overrides (31.95725ms)
✔ legacy onboarding rows without CSR columns require reconciliation before migration (0.119209ms)
✔ query success preserves real migration BLOCKED instead of promoting readiness (1.059292ms)
✔ wrong build, writable transaction, unbound hash and fabricated migration PASS rejected (0.44575ms)
✔ missing table count cannot become complete SQL evidence (0.379542ms)
✔ explicit manual false overrides repository true and preserves capacity/immediate context (0.714625ms)
✔ manual deployment rejects branch/SHA, missing mode, phase drift and unsupported events before cloud work (0.154208ms)
✔ push keeps existing resolved defaults but cannot ignore explicit invalid input (0.067625ms)
✔ input pair gate never implies target acceptance and rejects SHA/config/context/duplicate run drift (0.339041ms)
✔ workflow records input receipt before verification/AWS and never interpolates manual input into shell (1.473375ms)
✔ C0/C1 same SHA and engine=true differ only preconnect; push cannot turn candidate on (9.176541ms)
✔ R0/R1 input pair binds same SHA and budget, differs only account read; push always off (0.3925ms)
✔ detail is off on push, manual detail requires guarded preconnect and round trips both R inputs (0.368084ms)
✔ entity merge requires actual decisions on both viewports, scoped devices, versions and cleanup (0.593ms)
✔ certificate merge cannot use review-only parent to claim real dual-channel certificate entity (0.1045ms)
✔ pre-start rejection is persisted and never retried; no started receipt or SQL is invented (611.239875ms)
✔ post-start authorization rejection retains exact Build receipt and failed read with no restart (496.054916ms)
✔ terminal failed Build remains FAIL, is known terminal and never reads successful frame (495.132042ms)
✔ in-budget transient read recovers the same Build, retains original FAIL and runs mutation once (2545.657458ms)
✔ request UUID is durable before a single dispatch and credentials never enter receipts (13.841417ms)
✔ failed AWAIT_HEADERS preserves correlation without retry (0.60675ms)
✔ failed READ_BODY preserves correlation without retry (0.135416ms)
✔ malformed JSON cannot become a successful HTTP receipt (0.205ms)
✔ socket events split DNS/TCP/TLS; receipts contain no URL, authorization or socket details (1.092834ms)
✔ real delayed body is measured separately; a reused connection has absent DNS/TCP/TLS, not invented zeros (148.136125ms)
✔ total deadline aborts an unfinished response body; no complete-body receipt or retry (3.2415ms)
✔ injected fetch cannot masquerade as detailed socket observation (0.248834ms)
✔ layout diagnostic fails closed before AWS calls for foreign, finished or unbound fixtures (0.604791ms)
✔ diagnostic cleanup retains all actions and fails closed: absent (0.498ms)
✔ diagnostic cleanup retains all actions and fails closed: still-present (0.049083ms)
✔ diagnostic cleanup retains all actions and fails closed: read-denied (0.05ms)
✔ diagnostic cleanup retains all actions and fails closed: signout-failed (0.057708ms)
✔ diagnostic cleanup retains all actions and fails closed: delete-failed (0.062291ms)
✔ snapshot must be available encrypted manual and exact whitelist cannot expand (0.436542ms)
✔ real local SQL retires exactly two jobs/requests and preserves every other table (1475.505625ms)
✔ live status drift aborts with original rows intact (514.428375ms)
✔ unexpected cascade/trigger changing a preserved table rolls back all deletes (441.379917ms)
✔ valid HTTP writes cannot be inflated by malformed, wrong role, wrong method or failed requests (1.018ms)
✔ target License wire sequence proves ExpiringSoon renewal and Renewed activation using real handlers and PostgreSQL (1597.197875ms)
✔ planner never dispatches and matchable inputs never accept P95 or causal benefit (0.996166ms)
✔ pair rejects drift or missing proof sourceCommit (0.090041ms)
✔ pair rejects drift or missing proof memoryMiB (0.052167ms)
✔ pair rejects drift or missing proof architecture (0.05125ms)
✔ pair rejects drift or missing proof poolMax (0.056875ms)
✔ pair rejects drift or missing proof actorRole (0.044458ms)
✔ pair rejects drift or missing proof accountState (0.040625ms)
✔ pair rejects drift or missing proof operationId (0.040625ms)
✔ pair rejects drift or missing proof expectedStatus (0.054334ms)
✔ pair rejects drift or missing proof authenticatedPreconnect (0.087125ms)
✔ pair rejects drift or missing proof engineCpuDiagnosis (0.137584ms)
✔ pair rejects drift or missing proof artifactSetSha256 (0.144584ms)
✔ pair rejects drift or missing proof lambdaCount (0.082375ms)
✔ pair rejects drift or missing proof cleanupGate (0.041375ms)
✔ pair rejects drift or missing proof source (0.040167ms)
✔ pair rejects drift or missing proof coldProofGroup (0.025542ms)
✔ pair rejects drift or missing proof naturalCold409Count (0.06775ms)
✔ pair rejects drift or missing proof platformInitDurationMs (0.061417ms)
✔ pair rejects drift or missing proof clientSplitGate (0.038667ms)
✔ pair rejects drift or missing proof firstCheckoutOwned (0.044583ms)
✔ pair rejects drift or missing proof startedAt (0.023958ms)
✔ actual receipt loader rejects byte drift and directory escape before reading semantic proof (2.054125ms)
✔ matched independent sampling stays distinct from baseline and cannot accept a missing group (0.159458ms)
✔ recovery sub-gate checks all preserved tables without accepting full QA09 (1.124166ms)
✔ version mismatch, missing migration and changed certificate/other business data fail closed (0.417084ms)
✔ retirement evidence cannot hide wrong deleted IDs or lose preservation proof (0.286083ms)
✔ retirement project has fixed source and never modifies readonly/migration runner (20.422417ms)
✔ real Sync observation redacts secret domains and cannot treat delivery as firmware verification (0.52ms)
✔ receipt runner sends only RECEIVED and redacts complete snapshots even with device password hashes (0.4215ms)
✔ receipt runner fails closed for mismatched snapshots and refused confirmation (0.138792ms)
✔ 117 elements require both real viewport receipts (3.245083ms)
✔ one failure fails all elements in the affected behavior group (0.397333ms)
✔ Active dependent operations are explicit NOT_RUN, not successful disabled checks (0.439875ms)
✔ duplicate, foreign and invalid viewport receipts fail closed (0.552042ms)
✔ Defer and Reject failures also block the browser Gate (0.461792ms)
✔ CSV proof rejects empty, foreign and malformed downloads while parsing quoted data (0.222958ms)
✔ reopens own TLS session after same-clientId negative probe and closes on failure (0.753666ms)
✔ foreign MQTT scope is rejected before connection (0.105333ms)
✔ S3 fallback accepts exact owned version cleanup and rejects bucket, customer and pagination expansion (1.170125ms)
✔ export scope rejects a foreign device before API, AWS or output writes (0.626583ms)
✔ domain cleanup refuses live run, foreign customer name, missing DB cleanup and out-of-scope objects (0.636667ms)
✔ unseeded identity cleanup rejects unfinished, foreign, seeded and pre-existing admin ledgers (0.508875ms)
✔ Cognito canonical UUID is allowed only with exact own email and creation within this failed run (0.332625ms)
✔ P95 uses all actual samples and rejects empty or invalid measurements (0.426959ms)
✔ complete P95 excludes censored timeouts and refuses partial sample acceptance (0.114125ms)
✔ performance summary refuses to report P95 PASS for missing or incomplete actual samples (58.772792ms)
✔ read-only pool probe distinguishes one connection, recovery and incomplete capacity acceptance (1.685166ms)
✔ observed connection-budget violation refuses a pool PASS receipt (0.538625ms)
✔ foreign probe application name is rejected before database access (0.05775ms)
✔ CPU ancestry attributes minified constructor and compile samples exclusively (0.67875ms)
✔ curl metrics differences preserve boundaries and reject bad ordering or nonfinite values (0.843125ms)
✔ curl probes are six bounded verified GETs with no credential/config/retry path; proxy prevents dispatch (1.014625ms)
✔ curl failures retain siblings and discard raw error text (0.179417ms)
✔ scheduled publishing overlaps slow PUBACK and drains failures without abandoning in-flight writes (20.91175ms)
✔ only exact test account and readonly role accepted (0.442167ms)
✔ stack identity, region, project and test tag fail closed (0.09925ms)
✔ permission denial is unverified, never classified as absent (0.102834ms)
✔ metadata health never promotes missing business evidence to AWS PASS (0.218209ms)
✔ five groups with unconfirmed or disabled users do not prove usable identities (0.072666ms)
✔ missing target receipts and version mismatch remain blockers (0.069791ms)
✔ existing test environment requires neither new account nor stack and retains real-response/cleanup boundaries (0.214209ms)
✔ real sub-scope acceptance cannot claim whole QA09 (1.781125ms)
✔ unfinished execution, missing role probe and failed assertion rejected (0.38325ms)
✔ missing cleanup, wrong target, secrets and source tampering rejected (2.835375ms)
✔ identity cleanup only accepts this run and the five known role identities (0.526834ms)
✔ record cleanup requires exact run namespace, not merely a partial prefix (0.172416ms)
✔ recovery excludes explicitly later own SLO records without waiving original bytes or deadlines (7.58375ms)
✔ later record exemption never includes other devices or customers (10.979833ms)
✔ site compensation rejects foreign-route before any AWS command (203.772875ms)
✔ site compensation rejects failed-cleanup before any AWS command (189.291708ms)
✔ site compensation rejects unbound-parent before any AWS command (161.610917ms)
✔ remaining target rejects foreign fixture before an API or database call (0.904708ms)
✔ unproved license activation fails legal stage and independent stage failures remain explicit without credentials (38.1285ms)
✔ per-request service throttling requires both unique IDs and bound access-row time/status, never minute metrics (3.217042ms)
✔ QA09 rollout separates logging, budget and event publication and rejects silent phase mistakes (0.710667ms)
✔ engine CPU diagnosis is explicit and only allowed after pool budget rollout (0.091833ms)
✔ runtime assembly has ordered nested CPU intervals without additive initialization totals (1.746083ms)
✔ runtime proof rejects absent, duplicate, failed, foreign IDs, overlap, bad CPU and invalid durations (0.328417ms)
✔ security retest rejects foreign fixture before any credential or live API access (0.548334ms)
✔ six tampered tokens require HTTP rejection and keep credentials out of receipt (0.682583ms)
✔ unknown seed outcome requires observed complete own set or proven empty set, never a blind retry (0.50575ms)
✔ semantic SQL creates two scoped read models without lifecycle or authentication claims and refuses reuse (1125.903875ms)
✔ semantic SQL refuses scope/state drift: lifecycle_status='Active' (173.112083ms)
✔ semantic SQL refuses scope/state drift: site_id=NULL (175.747542ms)
✔ semantic SQL refuses scope/state drift: customer_id='22222222-2222-2222-2222-222222222222' WHERE customer_id='11111111-1111-1111-1111-111111111111' (173.117125ms)
✔ semantic SQL refuses scope/state drift: name='outside' (166.326791ms)
✔ platform exports require the exact ledger and own frozen filters; foreign jobs remain unchanged (230.78775ms)
✔ business session cleanup never accepts a foreign email id role scope or lifecycle (1.603959ms)
✔ session fixtures require exact own customer and site binding before cleanup (0.42675ms)
✔ complete narrow real-environment scope never accepts full QA09 (1.546625ms)
✔ missing mTLS, shared keys, different ingress/archive bytes and missing cleanup fail closed (0.7805ms)
✔ CodeBuild inline source fits service limit and decompresses to exact reviewed bytes (19.951958ms)
✔ exact own-ten plan rejects expansion, historical identity and wrong customer namespace (12.288375ms)
✔ real SQL creates exact fixtures and cleanup preserves original devices/certificates (798.655167ms)
✔ unexpected original-data trigger mutation rolls back fixture creation (462.884417ms)
✔ processing provisioning job prevents cleanup without deleting any own devices (443.033292ms)
✔ CSR proofs bind method, path, request ID, timestamp, nonce and independent key (72.452083ms)
✔ closed-fixture audit and request outbox cleanup require ledger and preserve unrelated events (436.280041ms)
✔ closed-fixture access rejects missing approval audit and live customer (428.216125ms)
✔ unseeded capacity attempt has read-only empty audit with deleted customers and fixed original baseline (433.146292ms)
✔ business-only Onboarded fixtures preserve original rows, refuse reuse and make no certificate/authentication claim (439.970917ms)
✔ unseeded timeout audit reads only exact prefix and cannot mutate original or retry customer creation (427.195542ms)
✔ active lifecycle fixture changes exactly two own states and never claims a natural path (428.580125ms)
✔ capacity probe executes a read-only transaction and leaves fixture and original rows unchanged (425.504542ms)
✔ review-only mode cannot run without an explicit review hook or with unknown options (0.432792ms)
✔ fixture CLI distinguishes expired SSO from authorization rejection and transport timeouts (0.161333ms)
✔ TLS diagnostic bounds independent reads to 12 and six concurrent; fake observations cannot claim real target source (65.428083ms)
✔ TLS diagnostic retains settled siblings, missing samples and unexpected HTTP/authentication as PARTIAL (1.197083ms)
✔ version binding preserves prior defaults and accepts exact new target (1.261ms)
✔ invalid version input is rejected before any AWS operation (0.160875ms)
✔ all delivered writes have an explicit permission and own or absent object path (0.702542ms)
✔ identical claims still change signed payload bytes rather than unused base64 signature bits (0.116042ms)
✔ Gateway 403 rejects tampered signatures while protected 2xx must fail (5.829542ms)
✔ quick has exact cadence, 24 historical hours, 30x burst, 5% duplicates and 2% delayed delivery (5.492333ms)
✔ full plan contains 86400 historical Telemetry samples for 10 devices at 10-second cadence (177.284083ms)
✔ unknown profile fails closed (0.160792ms)
✔ P95 uses nearest rank and does not mutate input (0.125167ms)
✔ invalid latency  rejected (0.059167ms)
✔ invalid latency NaN rejected (0.03725ms)
✔ invalid latency Infinity rejected (0.032709ms)
✔ invalid latency -1 rejected (0.038209ms)
✔ independent checker verifies count average min max and UTC buckets (0.211792ms)
✔ complete reliability proof passes (1.306959ms)
✔ Gate rejects missing trace (0.747167ms)
✔ Gate rejects duplicate trace (0.365167ms)
✔ Gate rejects failed cleanup (0.338167ms)
✔ Gate rejects wrong profile (0.393375ms)
✔ Gate rejects wrong cadence (0.338875ms)
✔ Gate rejects untracked loss (0.3245ms)
✔ Gate rejects duplicate business row (0.334917ms)
✔ Gate rejects missing archive (0.495041ms)
✔ Gate rejects missing reorder (0.544666ms)
✔ Gate rejects missing retry (0.9455ms)
✔ Gate rejects unresolved gap (0.42925ms)
✔ Gate rejects worker not paused (2.2125ms)
✔ Gate rejects no backlog (0.341583ms)
✔ Gate rejects unscoped replay (0.32475ms)
✔ Gate rejects duplicate MQTT publish (0.31425ms)
✔ Gate rejects late ACK changed terminal state (0.321417ms)
✔ Gate rejects telemetry P95 failed (0.352459ms)
✔ Gate rejects command P95 failed (0.334458ms)
✔ Gate rejects NaN P95 (0.33075ms)
✔ Gate rejects missing latency samples (0.331958ms)
✔ security receipt accepts complete execution and all observed acceptance proofs (2.763625ms)
✔ execution fails closed: deleted required test (0.87975ms)
✔ execution fails closed: missing file (0.090458ms)
✔ execution fails closed: pending test (0.07425ms)
✔ execution fails closed: failed test (2.604625ms)
✔ proof fails closed: missing proof (0.170666ms)
✔ proof fails closed: reused prefix (0.093125ms)
✔ proof fails closed: cleanup incomplete (0.08975ms)
✔ proof fails closed: expired JWT accepted (0.092541ms)
✔ proof fails closed: missing write operation (0.123417ms)
✔ proof fails closed: forged identity accepted (0.094542ms)
✔ proof fails closed: route resolved before auth (0.07025ms)
✔ proof fails closed: cross tenant allowed (0.104167ms)
✔ proof fails closed: unauthorized side effect (0.099458ms)
✔ proof fails closed: prototype pollution (0.104959ms)
✔ proof fails closed: malicious media signed (0.105459ms)
✔ proof fails closed: malicious media persisted (0.095333ms)
✔ proof fails closed: leak ignored (0.108167ms)
✔ proof fails closed: unscanned audit (0.139375ms)
✔ proof fails closed: unscanned snapshot (0.14725ms)
✔ proof fails closed: partial response scan (0.094875ms)
✔ independent scanner rejects nested secrets raw JWT Error private key and signed URL without echoing values (1.039042ms)
✔ scanner detects opaque canary leakage and permits null redacted values and public certificate (0.072708ms)
ℹ tests 732
ℹ suites 0
ℹ pass 732
ℹ fail 0
ℹ cancelled 0
ℹ skipped 0
ℹ todo 0
ℹ duration_ms 7828.626542

> food-digester-platform@0.0.0 build /Users/anray/Documents/project/hiddenjoyacom/food-digester-platform
> turbo run build

• turbo 2.10.11

   • Packages in scope: @fdp/admin-web, @fdp/archive-worker, @fdp/auth, @fdp/aws-clients, @fdp/cloud-api, @fdp/contracts, @fdp/database, @fdp/domain, @fdp/infra, @fdp/ingestion-worker, @fdp/media, @fdp/observability, @fdp/summary-worker
   • Running build in 13 packages
   • Remote caching disabled

@fdp/contracts:build: cache hit, replaying logs badb40bf08f6da73
@fdp/observability:build: cache hit, replaying logs 548a24332771f8b7
@fdp/observability:build: 
@fdp/observability:build: > @fdp/observability@0.0.0 build /Users/anray/Documents/project/hiddenjoyacom/food-digester-platform/packages/observability
@fdp/observability:build: > tsc -p tsconfig.build.json
@fdp/observability:build: 
@fdp/contracts:build: 
@fdp/contracts:build: > @fdp/contracts@0.0.0 build /Users/anray/Documents/project/hiddenjoyacom/food-digester-platform/contracts
@fdp/contracts:build: > node -e "console.log('@fdp/contracts 为源码契约包：内部使用 .ts 扩展名互引，不经 tsc 构建；消费方经 tsx/打包器直接使用源码')"
@fdp/contracts:build: 
@fdp/contracts:build: @fdp/contracts 为源码契约包：内部使用 .ts 扩展名互引，不经 tsc 构建；消费方经 tsx/打包器直接使用源码
@fdp/aws-clients:build: cache hit, replaying logs 72b741ff8e28f9c8
@fdp/database:generate: cache hit, replaying logs 0a1b95f052ac6898
@fdp/aws-clients:build: 
@fdp/aws-clients:build: > @fdp/aws-clients@0.0.0 build /Users/anray/Documents/project/hiddenjoyacom/food-digester-platform/packages/aws-clients
@fdp/aws-clients:build: > tsc -p tsconfig.build.json
@fdp/aws-clients:build: 
@fdp/database:generate: 
@fdp/database:generate: > @fdp/database@0.0.0 generate /Users/anray/Documents/project/hiddenjoyacom/food-digester-platform/packages/database
@fdp/database:generate: > prisma generate
@fdp/database:generate: 
@fdp/database:generate: Loaded Prisma config from prisma.config.ts.
@fdp/database:generate: 
@fdp/database:generate: Prisma schema loaded from prisma/schema.prisma.
@fdp/database:generate: 
@fdp/database:generate: ✔ Generated Prisma Client (7.9.1) to ./src/generated in 152ms
@fdp/database:generate: 
@fdp/domain:build: cache hit, replaying logs 47ef0249a0b99843
@fdp/domain:build: 
@fdp/domain:build: > @fdp/domain@0.0.0 build /Users/anray/Documents/project/hiddenjoyacom/food-digester-platform/packages/domain
@fdp/domain:build: > tsc -p tsconfig.build.json
@fdp/domain:build: 
@fdp/infra:build: cache hit, replaying logs 5611dae83fecadde
@fdp/infra:build: 
@fdp/infra:build: > @fdp/infra@0.0.0 build /Users/anray/Documents/project/hiddenjoyacom/food-digester-platform/infra
@fdp/infra:build: > tsc -p tsconfig.build.json
@fdp/infra:build: 
@fdp/database:build: cache hit, replaying logs 49f924209107aab2
@fdp/database:build: 
@fdp/database:build: > @fdp/database@0.0.0 build /Users/anray/Documents/project/hiddenjoyacom/food-digester-platform/packages/database
@fdp/database:build: > tsc -p tsconfig.build.json
@fdp/database:build: 
@fdp/archive-worker:build: cache miss, executing 6e33cec9c7c3dca9
@fdp/summary-worker:build: cache miss, executing 529ea5231bcd128e
@fdp/media:build: cache hit, replaying logs a99b79ffc692cec0
@fdp/media:build: 
@fdp/media:build: > @fdp/media@0.0.0 build /Users/anray/Documents/project/hiddenjoyacom/food-digester-platform/packages/media
@fdp/media:build: > tsc -p tsconfig.build.json
@fdp/media:build: 
@fdp/auth:build: cache hit, replaying logs 5d51195380a2a2a3
@fdp/auth:build: 
@fdp/auth:build: > @fdp/auth@0.0.0 build /Users/anray/Documents/project/hiddenjoyacom/food-digester-platform/packages/auth
@fdp/auth:build: > tsc -p tsconfig.build.json
@fdp/auth:build: 
@fdp/cloud-api:build: cache miss, executing f9623206c9bea9c3
@fdp/admin-web:build: cache miss, executing 3d07761d378802e3
@fdp/ingestion-worker:build: cache miss, executing cec9904f3dba1ab4
@fdp/summary-worker:build: 
@fdp/summary-worker:build: > @fdp/summary-worker@0.0.0 build /Users/anray/Documents/project/hiddenjoyacom/food-digester-platform/apps/summary-worker
@fdp/summary-worker:build: > tsc -p tsconfig.build.json
@fdp/summary-worker:build: 
@fdp/ingestion-worker:build: 
@fdp/ingestion-worker:build: > @fdp/ingestion-worker@0.0.0 build /Users/anray/Documents/project/hiddenjoyacom/food-digester-platform/apps/ingestion-worker
@fdp/ingestion-worker:build: > tsc -p tsconfig.build.json
@fdp/ingestion-worker:build: 
@fdp/admin-web:build: 
@fdp/admin-web:build: > @fdp/admin-web@0.0.0 build /Users/anray/Documents/project/hiddenjoyacom/food-digester-platform/apps/admin-web
@fdp/admin-web:build: > tsc -p tsconfig.build.json && vite build
@fdp/admin-web:build: 
@fdp/archive-worker:build: 
@fdp/archive-worker:build: > @fdp/archive-worker@0.0.0 build /Users/anray/Documents/project/hiddenjoyacom/food-digester-platform/apps/archive-worker
@fdp/archive-worker:build: > tsc -p tsconfig.build.json
@fdp/archive-worker:build: 
@fdp/cloud-api:build: 
@fdp/cloud-api:build: > @fdp/cloud-api@0.0.0 build /Users/anray/Documents/project/hiddenjoyacom/food-digester-platform/apps/cloud-api
@fdp/cloud-api:build: > tsc -p tsconfig.build.json
@fdp/cloud-api:build: 
@fdp/admin-web:build: vite v8.2.2 building client environment for production...
@fdp/admin-web:build: transforming...
@fdp/admin-web:build: ✓ 1609 modules transformed.
@fdp/admin-web:build: rendering chunks...
@fdp/admin-web:build: computing gzip size...
@fdp/admin-web:build: dist/web/index.html                     0.46 kB │ gzip:   0.32 kB
@fdp/admin-web:build: dist/web/assets/index-CecZB0A0.css     19.08 kB │ gzip:   5.07 kB
@fdp/admin-web:build: dist/web/assets/index-D1EpTElP.js   1,357.74 kB │ gzip: 417.92 kB
@fdp/admin-web:build: 
@fdp/admin-web:build: ✓ built in 238ms
@fdp/admin-web:build: [plugin builtin:vite-reporter] 
@fdp/admin-web:build: (!) Some chunks are larger than 500 kB after minification. Consider:
@fdp/admin-web:build: - Using dynamic import() to code-split the application
@fdp/admin-web:build: - Use build.rolldownOptions.output.codeSplitting to improve chunking: https://rolldown.rs/reference/OutputOptions.codeSplitting
@fdp/admin-web:build: - Adjust chunk size limit for this warning via build.chunkSizeWarningLimit.

 Tasks:    14 successful, 14 total
Cached:    9 cached, 14 total
  Time:    3.409s 


> food-digester-platform@0.0.0 check:boundaries /Users/anray/Documents/project/hiddenjoyacom/food-digester-platform
> node scripts/check-boundaries.mjs

检查 13 个工作区包
模块边界与循环依赖检查通过

> food-digester-platform@0.0.0 check:schemas /Users/anray/Documents/project/hiddenjoyacom/food-digester-platform
> node scripts/check-schemas.mjs

OpenAPI / JSON Schema 校验通过

> food-digester-platform@0.0.0 check:migrations /Users/anray/Documents/project/hiddenjoyacom/food-digester-platform
> node scripts/check-migrations.mjs

Migration 结构与 Prisma Schema 漂移检查通过

> food-digester-platform@0.0.0 check:evidence /Users/anray/Documents/project/hiddenjoyacom/food-digester-platform
> node scripts/check-eng-db-dom-evidence.mjs

ENG/DB/DOM/IAC/AUTH/SEC/BE-IOT/BE-ARC/RPL/ESG/管理后台业务与前端 证据与开发文档检查通过

> food-digester-platform@0.0.0 check:secrets /Users/anray/Documents/project/hiddenjoyacom/food-digester-platform
> node scripts/check-secrets.mjs

敏感信息扫描通过

> food-digester-platform@0.0.0 check:sensitive-sinks /Users/anray/Documents/project/hiddenjoyacom/food-digester-platform
> node scripts/check-sensitive-sinks.mjs

生产日志与 Trace sink 脱敏门禁通过

> food-digester-platform@0.0.0 check:admin-web-delivery /Users/anray/Documents/project/hiddenjoyacom/food-digester-platform
> node scripts/check-admin-web-delivery.mjs

管理后台交付检查通过：入口、组合根、路由页面、OpenAPI operationId、CSS 与浏览器构建产物均已就绪

> food-digester-platform@0.0.0 check:admin-web-e2e /Users/anray/Documents/project/hiddenjoyacom/food-digester-platform
> pnpm --filter @fdp/admin-web test:e2e


> @fdp/admin-web@0.0.0 test:e2e /Users/anray/Documents/project/hiddenjoyacom/food-digester-platform/apps/admin-web
> playwright test

[WebServer] (node:99677) Warning: The 'NO_COLOR' env is ignored due to the 'FORCE_COLOR' env being set.
[WebServer] (Use `node --trace-warnings ...` to show where the warning was created)

[WebServer] (node:99705) Warning: The 'NO_COLOR' env is ignored due to the 'FORCE_COLOR' env being set.
[WebServer] (Use `node --trace-warnings ...` to show where the warning was created)

[WebServer] [plugin builtin:vite-reporter] 
[WebServer] (!) Some chunks are larger than 500 kB after minification. Consider:
[WebServer] - Using dynamic import() to code-split the application
[WebServer] - Use build.rolldownOptions.output.codeSplitting to improve chunking: https://rolldown.rs/reference/OutputOptions.codeSplitting
[WebServer] - Adjust chunk size limit for this warning via build.chunkSizeWarningLimit.

[WebServer] (node:99706) Warning: The 'NO_COLOR' env is ignored due to the 'FORCE_COLOR' env being set.
[WebServer] (Use `node --trace-warnings ...` to show where the warning was created)

[WebServer] (node:99732) Warning: The 'NO_COLOR' env is ignored due to the 'FORCE_COLOR' env being set.
[WebServer] (Use `node --trace-warnings ...` to show where the warning was created)


Running 36 tests using 1 worker

(node:99733) Warning: The 'NO_COLOR' env is ignored due to the 'FORCE_COLOR' env being set.
(Use `node --trace-warnings ...` to show where the warning was created)


[1/36] e2e/admin-web.spec.ts:15:1 › H-01 API 拒绝停用会话后清除浏览器会话并返回登录
[2/36] e2e/admin-web.spec.ts:42:1 › M-01 CustomerViewer 从菜单查询设备用户详情，全部写入口隐藏
[3/36] e2e/admin-web.spec.ts:88:1 › 无 Token 安全回登录；五角色菜单和受限路由均由组合根守卫
[4/36] e2e/admin-web.spec.ts:116:1 › 刷新失败清会话，API 403 保留会话并呈现无权
[5/36] e2e/admin-web.spec.ts:138:1 › Customer scope 与 Dashboard 离线/无 entitlement 动作在真实浏览器失败关闭
[6/36] e2e/admin-web.spec.ts:175:1 › Onboarding 审批双击只提交一次，展示录入来源和证书状态
[7/36] e2e/admin-web.spec.ts:220:1 › Customer/Site CRUD 关键路径：创建、非法时区、关联停用提示与 409
[8/36] e2e/admin-web.spec.ts:343:1 › 1440/768/375 响应式布局、横向表格和对话框键盘边界
[9/36] e2e/admin-web.spec.ts:429:1 › FE-06 至 FE-10 六个生产路由可运行，并覆盖成功、空态、分页入口、时区与响应式
[10/36] e2e/admin-web.spec.ts:471:1 › FE-06 至 FE-10 在 403/404、Customer scope、详情焦点与重复提交场景失败关闭
[11/36] e2e/admin-web.spec.ts:547:1 › FE-11 至 FE-15 七个生产路由由真实控制器驱动，并覆盖媒体签发与审计详情
[12/36] e2e/admin-web.spec.ts:611:1 › FE-11 至 FE-15 API 403 与路由角色边界在真实浏览器失败关闭
[13/36] e2e/admin-web.spec.ts:628:1 › FE-17 新建权限与零设备第二阶段在真实浏览器失败关闭
[14/36] e2e/admin-web.spec.ts:699:1 › FE-18 Chromium 覆盖 unknown/stale、联系人按需零预载与申请状态机
[15/36] e2e/admin-web.spec.ts:803:1 › FE-16 Chromium 覆盖邀请、角色、Scope、重置与设置 409 回源
[16/36] e2e/admin-web.spec.ts:927:1 › FE-17 Chromium 覆盖绑定、解绑、续约与终止并保留 License 边界
[17/36] e2e/admin-web.spec.ts:1102:5 › FE-19 Chromium 22 个生产路由：zh-CN / 375px
[18/36] e2e/admin-web.spec.ts:1102:5 › FE-19 Chromium 22 个生产路由：zh-CN / 768px
[19/36] e2e/admin-web.spec.ts:1102:5 › FE-19 Chromium 22 个生产路由：zh-CN / 1440px
[20/36] e2e/admin-web.spec.ts:1102:5 › FE-19 Chromium 22 个生产路由：en / 375px
[21/36] e2e/admin-web.spec.ts:1102:5 › FE-19 Chromium 22 个生产路由：en / 768px
[22/36] e2e/admin-web.spec.ts:1102:5 › FE-19 Chromium 22 个生产路由：en / 1440px
[23/36] e2e/admin-web.spec.ts:1123:1 › FE-19 语言选择在刷新后保持
[24/36] e2e/admin-web.spec.ts:1135:1 › QA-09 设备管理长别名和序列号在375px完整换行且不裁切
[25/36] e2e/qa05-workflows.spec.ts:33:3 › QA05 role route and button matrix PlatformSuperAdmin
[26/36] e2e/qa05-workflows.spec.ts:33:3 › QA05 role route and button matrix PlatformOperator
[27/36] e2e/qa05-workflows.spec.ts:33:3 › QA05 role route and button matrix Auditor
[28/36] e2e/qa05-workflows.spec.ts:33:3 › QA05 role route and button matrix CustomerAdmin
[29/36] e2e/qa05-workflows.spec.ts:33:3 › QA05 role route and button matrix CustomerViewer
[30/36] e2e/qa05-workflows.spec.ts:80:1 › QA05 login SRP MFA error success logout without persisting password
[31/36] e2e/qa05-workflows.spec.ts:146:1 › QA05 ESG cursor totals export snapshot timezone and empty state
[32/36] e2e/qa05-workflows.spec.ts:216:1 › QA05 Command dangerous confirmation terminal result and publish failure
[33/36] e2e/qa05-workflows.spec.ts:271:1 › QA05 Media expiry renew 403 and audit read-only zero writes
[34/36] e2e/ui-redesign.spec.ts:12:3 › UI redesign: all business routes at 1366x768
[35/36] e2e/ui-redesign.spec.ts:12:3 › UI redesign: all business routes at 1440x900
[36/36] e2e/ui-redesign.spec.ts:12:3 › UI redesign: all business routes at 1920x1080
  36 passed (1.4m)

> food-digester-platform@0.0.0 check:cmd-ota-delivery /Users/anray/Documents/project/hiddenjoyacom/food-digester-platform
> pnpm check:runtime && pnpm check:cdk


> food-digester-platform@0.0.0 check:runtime /Users/anray/Documents/project/hiddenjoyacom/food-digester-platform
> node --import tsx scripts/check-delivered-runtime.mjs

已交付 REST 生产路由与 OpenAPI 双向一致（129 operations）

> food-digester-platform@0.0.0 check:cdk /Users/anray/Documents/project/hiddenjoyacom/food-digester-platform
> node scripts/check-cdk-synth.mjs

CDK synth 无 warning；已交付 Lambda asset 与 CMD/OTA 生产接线 Gate 通过

> food-digester-platform@0.0.0 test:device-contracts /Users/anray/Documents/project/hiddenjoyacom/food-digester-platform
> node --import tsx scripts/run-contract-suite.mjs /tmp/fdp-device-contracts-gate.json

✔ QA-02 MQTT heartbeat: all valid/invalid fixtures, missing meta and type mutation (4.305708ms)
✔ QA-02 MQTT telemetry: all valid/invalid fixtures, missing meta and type mutation (2.401542ms)
✔ QA-02 MQTT report: all valid/invalid fixtures, missing meta and type mutation (1.98975ms)
✔ QA-02 MQTT alarm: all valid/invalid fixtures, missing meta and type mutation (1.276ms)
✔ QA-02 MQTT event: all valid/invalid fixtures, missing meta and type mutation (0.848292ms)
✔ QA-02 MQTT ack: all valid/invalid fixtures, missing meta and type mutation (1.070625ms)
✔ QA-02 MQTT tamper: all valid/invalid fixtures, missing meta and type mutation (1.042792ms)
✔ QA-02 MQTT media: all valid/invalid fixtures, missing meta and type mutation (0.873084ms)
✔ QA-02 MQTT cmd: all valid/invalid fixtures, missing meta and type mutation (1.130125ms)
✔ QA-02 MQTT ota: all valid/invalid fixtures, missing meta and type mutation (1.510417ms)
✔ QA-02 MQTT notification: all valid/invalid fixtures, missing meta and type mutation (1.037ms)
✔ MQTT semantic hash, discriminator and UTC calendar errors fail closed (0.356584ms)
✔ full REST response: field deletion/type mutation/envelope/date/errors/status/headers are enforced (2.120792ms)
✔ REST request validation: required body/path/query/header, optional Sync, bodyless Deactivate, no type coercion in JSON (2.702125ms)
✔ all device operations and declared response JSON Schemas compile; stable error catalog has no duplicates (18.1875ms)
✔ predecessor MQTT is compatible; known REST break requires exact version and frozen DEC approvals (17.491125ms)
✔ breaking contract mutations fail: removing fields/operations/status, changing type/required/security (34.243208ms)
✔ receipt coverage gate fails closed for missing operations/statuses, no valid request and forged records (0.289958ms)
✔ archived CSR upgrade mapping still verifies original baselines without rewriting history (2.885791ms)
ℹ tests 19
ℹ suites 0
ℹ pass 19
ℹ fail 0
ℹ cancelled 0
ℹ skipped 0
ℹ todo 0
ℹ duration_ms 227.928167

 RUN  v4.1.11 /Users/anray/Documents/project/hiddenjoyacom/food-digester-platform


 Test Files  10 passed (10)
      Tests  98 passed (98)
   Start at  10:07:03
   Duration  4.04s (transform 3.90s, setup 87ms, import 8.12s, tests 15.89s, environment 0ms)

QA-02 PASS: 11 MQTT schemas, 8 device operations, 168 checked Handler responses

> food-digester-platform@0.0.0 test:iot-integration /Users/anray/Documents/project/hiddenjoyacom/food-digester-platform
> node --import tsx scripts/run-iot-integration.mjs /tmp/fdp-iot-integration-gate.json


 RUN  v4.1.11 /Users/anray/Documents/project/hiddenjoyacom/food-digester-platform


 Test Files  1 passed (1)
      Tests  5 passed (5)
   Start at  10:07:08
   Duration  4.69s (transform 215ms, setup 8ms, import 369ms, tests 4.26s, environment 0ms)


> food-digester-platform@0.0.0 test:core-api-integration /Users/anray/Documents/project/hiddenjoyacom/food-digester-platform
> node --import tsx scripts/run-core-api-integration.mjs /tmp/fdp-core-api-integration-gate.json


 RUN  v4.1.11 /Users/anray/Documents/project/hiddenjoyacom/food-digester-platform

 ✓ apps/cloud-api/test/admin-device-status.test.ts (8 tests) 2096ms
 ✓ apps/cloud-api/test/admin-device-assignment.test.ts (9 tests) 2302ms
 ✓ apps/cloud-api/test/admin-contract-device.test.ts (8 tests) 2439ms
 ✓ apps/cloud-api/test/admin-audit.test.ts (7 tests) 2941ms
 ✓ apps/cloud-api/test/admin-device-retirement.test.ts (7 tests) 3156ms
 ✓ apps/cloud-api/test/admin-alarm.test.ts (10 tests) 3245ms
 ✓ apps/cloud-api/test/admin-consumable-request.test.ts (8 tests) 3297ms
 ✓ apps/cloud-api/test/admin-contract.test.ts (9 tests) 3326ms
 ✓ apps/cloud-api/test/admin-esg.test.ts (10 tests) 3346ms
 ✓ apps/cloud-api/test/admin-onboarding.test.ts (13 tests) 3497ms
 ✓ apps/cloud-api/test/admin-license.test.ts (11 tests) 3426ms
 ✓ apps/cloud-api/test/admin-command.test.ts (15 tests) 3628ms
     ✓ ACTIVE 设备：22 个命令全部创建成功并进入 AUTHORIZED  379ms
 ✓ apps/cloud-api/test/qa04-core-api.test.ts (3 tests) 3786ms
   ✓ QA04 five roles, two tenants: read scope, mutation and audit boundaries  2250ms
   ✓ QA04 concurrent If-Match writes have one winner and one success audit  845ms
   ✓ QA04 audit failure rolls back lifecycle/outbox; retry and replay preserve exactly one audit  690ms
 ✓ apps/cloud-api/test/device-sync.test.ts (13 tests) 1093ms

 Test Files  14 passed (14)
      Tests  131 passed (131)
   Start at  10:07:13
   Duration  5.50s (transform 6.36s, setup 302ms, import 14.26s, tests 41.58s, environment 1ms)

JSON report written to /var/folders/k8/_4hymb6j59s0c8xntb11ktmc0000gn/T/qa04-core-api-fGp7Wy/vitest.json
stderr | apps/cloud-api/test/qa04-core-api.test.ts > QA04 audit failure rolls back lifecycle/outbox; retry and replay preserve exactly one audit
audit FAILURE 记录写入失败 Error [PrismaClientKnownRequestError]: 
Invalid `client.auditLog.create()` invocation in
/Users/anray/Documents/project/hiddenjoyacom/food-digester-platform/packages/database/src/audit.ts:72:25

  69 /** 写一条审计记录。可在事务内（tx）或根 client 上调用。 */
  70 export async function recordAudit(client: DbClient, entry: AuditEntry): Promise<void> {
  71   const ctx = getRequestContext();
→ 72   await client.auditLog.create(
Database error. Code: `P0001`. Message: `QA04 audit unavailable`
    at redactSensitive (/Users/anray/Documents/project/hiddenjoyacom/food-digester-platform/packages/observability/src/redaction.ts:43:19)
    at Array.map (<anonymous>)
    at Object.error (/Users/anray/Documents/project/hiddenjoyacom/food-digester-platform/packages/observability/src/redaction.ts:70:18)
    at audited (/Users/anray/Documents/project/hiddenjoyacom/food-digester-platform/packages/database/src/audit.ts:144:14)
    at processTicksAndRejections (node:internal/process/task_queues:103:5)
    at /Users/anray/Documents/project/hiddenjoyacom/food-digester-platform/apps/cloud-api/src/admin/device-status/handler.ts:79:20
    at /Users/anray/Documents/project/hiddenjoyacom/food-digester-platform/apps/cloud-api/src/admin/device-status/handler.ts:104:16
    at Object.suspend (/Users/anray/Documents/project/hiddenjoyacom/food-digester-platform/apps/cloud-api/test/qa04-observe.ts:18:28)
    at /Users/anray/Documents/project/hiddenjoyacom/food-digester-platform/apps/cloud-api/test/qa04-core-api.test.ts:193:20
    at withFixture (/Users/anray/Documents/project/hiddenjoyacom/food-digester-platform/apps/cloud-api/test/qa04-core-api.test.ts:50:13)


> food-digester-platform@0.0.0 test:admin-e2e-suite /Users/anray/Documents/project/hiddenjoyacom/food-digester-platform
> node scripts/run-admin-e2e.mjs /tmp/fdp-admin-e2e-gate.json

QA05 phase=serial executions=36 workers=1 timeoutMs=660000






Running 36 tests using 1 worker



[1/36] e2e/admin-web.spec.ts:15:1 › H-01 API 拒绝停用会话后清除浏览器会话并返回登录
[2/36] e2e/admin-web.spec.ts:42:1 › M-01 CustomerViewer 从菜单查询设备用户详情，全部写入口隐藏
[3/36] e2e/admin-web.spec.ts:88:1 › 无 Token 安全回登录；五角色菜单和受限路由均由组合根守卫
[4/36] e2e/admin-web.spec.ts:116:1 › 刷新失败清会话，API 403 保留会话并呈现无权
[5/36] e2e/admin-web.spec.ts:138:1 › Customer scope 与 Dashboard 离线/无 entitlement 动作在真实浏览器失败关闭
[6/36] e2e/admin-web.spec.ts:175:1 › Onboarding 审批双击只提交一次，展示录入来源和证书状态
[7/36] e2e/admin-web.spec.ts:220:1 › Customer/Site CRUD 关键路径：创建、非法时区、关联停用提示与 409
[8/36] e2e/admin-web.spec.ts:343:1 › 1440/768/375 响应式布局、横向表格和对话框键盘边界
[9/36] e2e/admin-web.spec.ts:429:1 › FE-06 至 FE-10 六个生产路由可运行，并覆盖成功、空态、分页入口、时区与响应式
[10/36] e2e/admin-web.spec.ts:471:1 › FE-06 至 FE-10 在 403/404、Customer scope、详情焦点与重复提交场景失败关闭
[11/36] e2e/admin-web.spec.ts:547:1 › FE-11 至 FE-15 七个生产路由由真实控制器驱动，并覆盖媒体签发与审计详情
[12/36] e2e/admin-web.spec.ts:611:1 › FE-11 至 FE-15 API 403 与路由角色边界在真实浏览器失败关闭
[13/36] e2e/admin-web.spec.ts:628:1 › FE-17 新建权限与零设备第二阶段在真实浏览器失败关闭
[14/36] e2e/admin-web.spec.ts:699:1 › FE-18 Chromium 覆盖 unknown/stale、联系人按需零预载与申请状态机
[15/36] e2e/admin-web.spec.ts:803:1 › FE-16 Chromium 覆盖邀请、角色、Scope、重置与设置 409 回源
[16/36] e2e/admin-web.spec.ts:927:1 › FE-17 Chromium 覆盖绑定、解绑、续约与终止并保留 License 边界
[17/36] e2e/admin-web.spec.ts:1102:5 › FE-19 Chromium 22 个生产路由：zh-CN / 375px
[18/36] e2e/admin-web.spec.ts:1102:5 › FE-19 Chromium 22 个生产路由：zh-CN / 768px
[19/36] e2e/admin-web.spec.ts:1102:5 › FE-19 Chromium 22 个生产路由：zh-CN / 1440px
[20/36] e2e/admin-web.spec.ts:1102:5 › FE-19 Chromium 22 个生产路由：en / 375px
[21/36] e2e/admin-web.spec.ts:1102:5 › FE-19 Chromium 22 个生产路由：en / 768px
[22/36] e2e/admin-web.spec.ts:1102:5 › FE-19 Chromium 22 个生产路由：en / 1440px
[23/36] e2e/admin-web.spec.ts:1123:1 › FE-19 语言选择在刷新后保持
[24/36] e2e/admin-web.spec.ts:1135:1 › QA-09 设备管理长别名和序列号在375px完整换行且不裁切
[25/36] e2e/qa05-workflows.spec.ts:33:3 › QA05 role route and button matrix PlatformSuperAdmin
[26/36] e2e/qa05-workflows.spec.ts:33:3 › QA05 role route and button matrix PlatformOperator
[27/36] e2e/qa05-workflows.spec.ts:33:3 › QA05 role route and button matrix Auditor
[28/36] e2e/qa05-workflows.spec.ts:33:3 › QA05 role route and button matrix CustomerAdmin
[29/36] e2e/qa05-workflows.spec.ts:33:3 › QA05 role route and button matrix CustomerViewer
[30/36] e2e/qa05-workflows.spec.ts:80:1 › QA05 login SRP MFA error success logout without persisting password
[31/36] e2e/qa05-workflows.spec.ts:146:1 › QA05 ESG cursor totals export snapshot timezone and empty state
[32/36] e2e/qa05-workflows.spec.ts:216:1 › QA05 Command dangerous confirmation terminal result and publish failure
[33/36] e2e/qa05-workflows.spec.ts:271:1 › QA05 Media expiry renew 403 and audit read-only zero writes
[34/36] e2e/ui-redesign.spec.ts:12:3 › UI redesign: all business routes at 1366x768
[35/36] e2e/ui-redesign.spec.ts:12:3 › UI redesign: all business routes at 1440x900
[36/36] e2e/ui-redesign.spec.ts:12:3 › UI redesign: all business routes at 1920x1080
  36 passed (1.4m)
[WebServer] (node:1804) Warning: The 'NO_COLOR' env is ignored due to the 'FORCE_COLOR' env being set.
[WebServer] (Use `node --trace-warnings ...` to show where the warning was created)
[WebServer] (node:1843) Warning: The 'NO_COLOR' env is ignored due to the 'FORCE_COLOR' env being set.
[WebServer] (Use `node --trace-warnings ...` to show where the warning was created)
[WebServer] [plugin builtin:vite-reporter] 
[WebServer] (!) Some chunks are larger than 500 kB after minification. Consider:
[WebServer] - Using dynamic import() to code-split the application
[WebServer] - Use build.rolldownOptions.output.codeSplitting to improve chunking: https://rolldown.rs/reference/OutputOptions.codeSplitting
[WebServer] - Adjust chunk size limit for this warning via build.chunkSizeWarningLimit.
[WebServer] (node:1856) Warning: The 'NO_COLOR' env is ignored due to the 'FORCE_COLOR' env being set.
[WebServer] (Use `node --trace-warnings ...` to show where the warning was created)
[WebServer] (node:1879) Warning: The 'NO_COLOR' env is ignored due to the 'FORCE_COLOR' env being set.
[WebServer] (Use `node --trace-warnings ...` to show where the warning was created)
(node:1890) Warning: The 'NO_COLOR' env is ignored due to the 'FORCE_COLOR' env being set.
(Use `node --trace-warnings ...` to show where the warning was created)
QA05 phase=serial durationMs=84800
QA05 phase=parallel-repeat executions=72 workers=2 timeoutMs=660000






Running 72 tests using 2 workers





[1/72] e2e/admin-web.spec.ts:15:1 › H-01 API 拒绝停用会话后清除浏览器会话并返回登录
[2/72] e2e/admin-web.spec.ts:42:1 › M-01 CustomerViewer 从菜单查询设备用户详情，全部写入口隐藏
[3/72] e2e/admin-web.spec.ts:88:1 › 无 Token 安全回登录；五角色菜单和受限路由均由组合根守卫
[4/72] e2e/admin-web.spec.ts:116:1 › 刷新失败清会话，API 403 保留会话并呈现无权
[5/72] e2e/admin-web.spec.ts:138:1 › Customer scope 与 Dashboard 离线/无 entitlement 动作在真实浏览器失败关闭
[6/72] e2e/admin-web.spec.ts:175:1 › Onboarding 审批双击只提交一次，展示录入来源和证书状态
[7/72] e2e/admin-web.spec.ts:220:1 › Customer/Site CRUD 关键路径：创建、非法时区、关联停用提示与 409
[8/72] e2e/admin-web.spec.ts:343:1 › 1440/768/375 响应式布局、横向表格和对话框键盘边界
[9/72] e2e/admin-web.spec.ts:429:1 › FE-06 至 FE-10 六个生产路由可运行，并覆盖成功、空态、分页入口、时区与响应式
[10/72] e2e/admin-web.spec.ts:471:1 › FE-06 至 FE-10 在 403/404、Customer scope、详情焦点与重复提交场景失败关闭
[11/72] e2e/admin-web.spec.ts:547:1 › FE-11 至 FE-15 七个生产路由由真实控制器驱动，并覆盖媒体签发与审计详情
[12/72] e2e/admin-web.spec.ts:611:1 › FE-11 至 FE-15 API 403 与路由角色边界在真实浏览器失败关闭
[13/72] e2e/admin-web.spec.ts:628:1 › FE-17 新建权限与零设备第二阶段在真实浏览器失败关闭
[14/72] e2e/admin-web.spec.ts:699:1 › FE-18 Chromium 覆盖 unknown/stale、联系人按需零预载与申请状态机
[15/72] e2e/admin-web.spec.ts:803:1 › FE-16 Chromium 覆盖邀请、角色、Scope、重置与设置 409 回源
[16/72] e2e/admin-web.spec.ts:927:1 › FE-17 Chromium 覆盖绑定、解绑、续约与终止并保留 License 边界
[17/72] e2e/admin-web.spec.ts:1102:5 › FE-19 Chromium 22 个生产路由：zh-CN / 375px
[18/72] e2e/admin-web.spec.ts:1102:5 › FE-19 Chromium 22 个生产路由：zh-CN / 768px
[19/72] e2e/admin-web.spec.ts:1102:5 › FE-19 Chromium 22 个生产路由：zh-CN / 1440px
[20/72] e2e/admin-web.spec.ts:1102:5 › FE-19 Chromium 22 个生产路由：en / 375px
[21/72] e2e/admin-web.spec.ts:1102:5 › FE-19 Chromium 22 个生产路由：en / 768px
[22/72] e2e/admin-web.spec.ts:1102:5 › FE-19 Chromium 22 个生产路由：en / 1440px
[23/72] e2e/admin-web.spec.ts:1123:1 › FE-19 语言选择在刷新后保持
[24/72] e2e/admin-web.spec.ts:1135:1 › QA-09 设备管理长别名和序列号在375px完整换行且不裁切
[25/72] e2e/qa05-workflows.spec.ts:33:3 › QA05 role route and button matrix PlatformSuperAdmin
[26/72] e2e/qa05-workflows.spec.ts:33:3 › QA05 role route and button matrix PlatformOperator
[27/72] e2e/qa05-workflows.spec.ts:33:3 › QA05 role route and button matrix Auditor
[28/72] e2e/qa05-workflows.spec.ts:33:3 › QA05 role route and button matrix CustomerAdmin
[29/72] e2e/qa05-workflows.spec.ts:33:3 › QA05 role route and button matrix CustomerViewer
[30/72] e2e/qa05-workflows.spec.ts:80:1 › QA05 login SRP MFA error success logout without persisting password
[31/72] e2e/qa05-workflows.spec.ts:146:1 › QA05 ESG cursor totals export snapshot timezone and empty state
[32/72] e2e/qa05-workflows.spec.ts:216:1 › QA05 Command dangerous confirmation terminal result and publish failure
[33/72] e2e/qa05-workflows.spec.ts:271:1 › QA05 Media expiry renew 403 and audit read-only zero writes
[34/72] e2e/ui-redesign.spec.ts:12:3 › UI redesign: all business routes at 1366x768
[35/72] e2e/ui-redesign.spec.ts:12:3 › UI redesign: all business routes at 1440x900
[36/72] e2e/ui-redesign.spec.ts:12:3 › UI redesign: all business routes at 1920x1080


[37/72] e2e/admin-web.spec.ts:15:1 › H-01 API 拒绝停用会话后清除浏览器会话并返回登录
[38/72] e2e/admin-web.spec.ts:42:1 › M-01 CustomerViewer 从菜单查询设备用户详情，全部写入口隐藏
[39/72] e2e/admin-web.spec.ts:88:1 › 无 Token 安全回登录；五角色菜单和受限路由均由组合根守卫
[40/72] e2e/admin-web.spec.ts:116:1 › 刷新失败清会话，API 403 保留会话并呈现无权
[41/72] e2e/admin-web.spec.ts:138:1 › Customer scope 与 Dashboard 离线/无 entitlement 动作在真实浏览器失败关闭
[42/72] e2e/admin-web.spec.ts:175:1 › Onboarding 审批双击只提交一次，展示录入来源和证书状态
[43/72] e2e/admin-web.spec.ts:220:1 › Customer/Site CRUD 关键路径：创建、非法时区、关联停用提示与 409
[44/72] e2e/admin-web.spec.ts:343:1 › 1440/768/375 响应式布局、横向表格和对话框键盘边界
[45/72] e2e/admin-web.spec.ts:429:1 › FE-06 至 FE-10 六个生产路由可运行，并覆盖成功、空态、分页入口、时区与响应式
[46/72] e2e/admin-web.spec.ts:471:1 › FE-06 至 FE-10 在 403/404、Customer scope、详情焦点与重复提交场景失败关闭
[47/72] e2e/admin-web.spec.ts:547:1 › FE-11 至 FE-15 七个生产路由由真实控制器驱动，并覆盖媒体签发与审计详情
[48/72] e2e/admin-web.spec.ts:611:1 › FE-11 至 FE-15 API 403 与路由角色边界在真实浏览器失败关闭
[49/72] e2e/admin-web.spec.ts:628:1 › FE-17 新建权限与零设备第二阶段在真实浏览器失败关闭
[50/72] e2e/admin-web.spec.ts:699:1 › FE-18 Chromium 覆盖 unknown/stale、联系人按需零预载与申请状态机
[51/72] e2e/admin-web.spec.ts:803:1 › FE-16 Chromium 覆盖邀请、角色、Scope、重置与设置 409 回源
[52/72] e2e/admin-web.spec.ts:927:1 › FE-17 Chromium 覆盖绑定、解绑、续约与终止并保留 License 边界
[53/72] e2e/admin-web.spec.ts:1102:5 › FE-19 Chromium 22 个生产路由：zh-CN / 375px
[54/72] e2e/admin-web.spec.ts:1102:5 › FE-19 Chromium 22 个生产路由：zh-CN / 1440px


[55/72] e2e/admin-web.spec.ts:1102:5 › FE-19 Chromium 22 个生产路由：zh-CN / 768px
[56/72] e2e/admin-web.spec.ts:1102:5 › FE-19 Chromium 22 个生产路由：en / 375px
[57/72] e2e/admin-web.spec.ts:1102:5 › FE-19 Chromium 22 个生产路由：en / 768px
[58/72] e2e/admin-web.spec.ts:1102:5 › FE-19 Chromium 22 个生产路由：en / 1440px
[59/72] e2e/admin-web.spec.ts:1123:1 › FE-19 语言选择在刷新后保持
[60/72] e2e/admin-web.spec.ts:1135:1 › QA-09 设备管理长别名和序列号在375px完整换行且不裁切
[61/72] e2e/qa05-workflows.spec.ts:33:3 › QA05 role route and button matrix PlatformSuperAdmin
[62/72] e2e/qa05-workflows.spec.ts:33:3 › QA05 role route and button matrix PlatformOperator
[63/72] e2e/qa05-workflows.spec.ts:33:3 › QA05 role route and button matrix Auditor
[64/72] e2e/qa05-workflows.spec.ts:33:3 › QA05 role route and button matrix CustomerAdmin
[65/72] e2e/qa05-workflows.spec.ts:33:3 › QA05 role route and button matrix CustomerViewer
[66/72] e2e/qa05-workflows.spec.ts:80:1 › QA05 login SRP MFA error success logout without persisting password
[67/72] e2e/qa05-workflows.spec.ts:146:1 › QA05 ESG cursor totals export snapshot timezone and empty state
[68/72] e2e/qa05-workflows.spec.ts:216:1 › QA05 Command dangerous confirmation terminal result and publish failure
[69/72] e2e/qa05-workflows.spec.ts:271:1 › QA05 Media expiry renew 403 and audit read-only zero writes
[70/72] e2e/ui-redesign.spec.ts:12:3 › UI redesign: all business routes at 1366x768
[71/72] e2e/ui-redesign.spec.ts:12:3 › UI redesign: all business routes at 1440x900
[72/72] e2e/ui-redesign.spec.ts:12:3 › UI redesign: all business routes at 1920x1080
  72 passed (1.5m)
[WebServer] (node:2100) Warning: The 'NO_COLOR' env is ignored due to the 'FORCE_COLOR' env being set.
[WebServer] (Use `node --trace-warnings ...` to show where the warning was created)
[WebServer] (node:2138) Warning: The 'NO_COLOR' env is ignored due to the 'FORCE_COLOR' env being set.
[WebServer] (Use `node --trace-warnings ...` to show where the warning was created)
[WebServer] [plugin builtin:vite-reporter] 
[WebServer] (!) Some chunks are larger than 500 kB after minification. Consider:
[WebServer] - Using dynamic import() to code-split the application
[WebServer] - Use build.rolldownOptions.output.codeSplitting to improve chunking: https://rolldown.rs/reference/OutputOptions.codeSplitting
[WebServer] - Adjust chunk size limit for this warning via build.chunkSizeWarningLimit.
[WebServer] (node:2150) Warning: The 'NO_COLOR' env is ignored due to the 'FORCE_COLOR' env being set.
[WebServer] (Use `node --trace-warnings ...` to show where the warning was created)
[WebServer] (node:2173) Warning: The 'NO_COLOR' env is ignored due to the 'FORCE_COLOR' env being set.
[WebServer] (Use `node --trace-warnings ...` to show where the warning was created)
(node:2176) Warning: The 'NO_COLOR' env is ignored due to the 'FORCE_COLOR' env being set.
(Use `node --trace-warnings ...` to show where the warning was created)
(node:2175) Warning: The 'NO_COLOR' env is ignored due to the 'FORCE_COLOR' env being set.
(Use `node --trace-warnings ...` to show where the warning was created)
(node:2290) Warning: The 'NO_COLOR' env is ignored due to the 'FORCE_COLOR' env being set.
(Use `node --trace-warnings ...` to show where the warning was created)
(node:2328) Warning: The 'NO_COLOR' env is ignored due to the 'FORCE_COLOR' env being set.
(Use `node --trace-warnings ...` to show where the warning was created)
QA05 phase=parallel-repeat durationMs=91662

> food-digester-platform@0.0.0 test:security-suite /Users/anray/Documents/project/hiddenjoyacom/food-digester-platform
> node --import tsx scripts/run-security-suite.mjs /tmp/fdp-security-gate.json


 RUN  v4.1.11 /Users/anray/Documents/project/hiddenjoyacom/food-digester-platform

 ✓ packages/database/test/db03.test.ts (10 tests) 1125ms
 ✓ packages/auth/test/device-mtls.test.ts (11 tests) 1251ms
 ✓ packages/auth/test/secure-package.test.ts (14 tests) 1382ms
 ✓ packages/auth/test/cognito.test.ts (14 tests) 108ms
 ✓ packages/auth/test/qa06-jwt-security.test.ts (1 test) 171ms
 ✓ apps/cloud-api/test/admin-lambda-composition.test.ts (12 tests) 587ms
 ✓ packages/aws-clients/test/iot-device-policy.test.ts (12 tests) 8ms
 ✓ apps/cloud-api/test/device-lambda-composition.test.ts (13 tests) 62ms
 ✓ packages/auth/test/guard.test.ts (10 tests) 3ms
 ✓ packages/observability/test/redaction.test.ts (8 tests) 3ms
 ✓ apps/cloud-api/test/admin-command.test.ts (15 tests) 1858ms
 ✓ apps/cloud-api/test/admin-settings.test.ts (10 tests) 2189ms
 ✓ apps/cloud-api/test/admin-audit.test.ts (7 tests) 2328ms
 ✓ apps/cloud-api/test/media.test.ts (12 tests) 2452ms
 ✓ apps/cloud-api/test/csr-onboarding.test.ts (1 test) 2326ms
 ✓ apps/cloud-api/test/ota-dispatch.test.ts (16 tests) 2627ms
 ✓ apps/cloud-api/test/admin-user.test.ts (31 tests) 2835ms
 ✓ apps/cloud-api/test/admin-device-user.test.ts (8 tests) 2855ms
     ✓ 仅匹配具有目标设备 ACTIVE 分配的设备操作员  306ms
 ✓ apps/cloud-api/test/certificate-rotate.test.ts (8 tests) 3149ms
     ✓ 缺失 CSR 不签发；AWS attach 失败保留可重试停用记录并保留旧证  323ms
 ✓ apps/cloud-api/test/qa06-security.test.ts (4 tests) 3566ms
   ✓ QA06 signed tenant scope and SQL JSON injection cannot cross boundaries or corrupt business state  2115ms
   ✓ QA06 malicious media filenames and metadata reject before signing or persistence  586ms
   ✓ QA06 raw canaries are absent from actual logger trace audit and snapshot artifacts  572ms

 Test Files  20 passed (20)
      Tests  217 passed (217)
   Start at  10:10:16
   Duration  4.90s (transform 7.23s, setup 158ms, import 14.36s, tests 30.89s, environment 1ms)

JSON report written to /var/folders/k8/_4hymb6j59s0c8xntb11ktmc0000gn/T/qa06-security-kZk6SU/vitest.json

> food-digester-platform@0.0.0 test:reliability-suite /Users/anray/Documents/project/hiddenjoyacom/food-digester-platform
> node --import tsx scripts/run-reliability-suite.mjs /tmp/fdp-reliability-gate.json

JSON report written to /var/folders/k8/_4hymb6j59s0c8xntb11ktmc0000gn/T/qa07-reliability-lyCvtz/vitest.json

> food-digester-platform@0.0.0 test:prototype-regression /Users/anray/Documents/project/hiddenjoyacom/food-digester-platform
> node scripts/run-prototype-regression.mjs /tmp/fdp-prototype-regression-gate.json







Running 24 tests using 1 worker



[1/24] e2e/qa08-prototype.spec.ts:461:5 › QA08 dashboard 375
[2/24] e2e/qa08-prototype.spec.ts:461:5 › QA08 device-view 375
[3/24] e2e/qa08-prototype.spec.ts:461:5 › QA08 device-operate 375
[4/24] e2e/qa08-prototype.spec.ts:461:5 › QA08 device-group 375
[5/24] e2e/qa08-prototype.spec.ts:461:5 › QA08 device-manage 375
[6/24] e2e/qa08-prototype.spec.ts:461:5 › QA08 device-consumable 375
[7/24] e2e/qa08-prototype.spec.ts:461:5 › QA08 contract-modify 375
[8/24] e2e/qa08-prototype.spec.ts:461:5 › QA08 contract-new 375
[9/24] e2e/qa08-prototype.spec.ts:461:5 › QA08 contract-detail 375
[10/24] e2e/qa08-prototype.spec.ts:461:5 › QA08 esg-overview 375
[11/24] e2e/qa08-prototype.spec.ts:461:5 › QA08 esg-device 375
[12/24] e2e/qa08-prototype.spec.ts:461:5 › QA08 settings 375
[13/24] e2e/qa08-prototype.spec.ts:461:5 › QA08 dashboard 1440
[14/24] e2e/qa08-prototype.spec.ts:461:5 › QA08 device-view 1440
[15/24] e2e/qa08-prototype.spec.ts:461:5 › QA08 device-operate 1440
[16/24] e2e/qa08-prototype.spec.ts:461:5 › QA08 device-group 1440
[17/24] e2e/qa08-prototype.spec.ts:461:5 › QA08 device-manage 1440
[18/24] e2e/qa08-prototype.spec.ts:461:5 › QA08 device-consumable 1440
[19/24] e2e/qa08-prototype.spec.ts:461:5 › QA08 contract-modify 1440
[20/24] e2e/qa08-prototype.spec.ts:461:5 › QA08 contract-new 1440
[21/24] e2e/qa08-prototype.spec.ts:461:5 › QA08 contract-detail 1440
[22/24] e2e/qa08-prototype.spec.ts:461:5 › QA08 esg-overview 1440
[23/24] e2e/qa08-prototype.spec.ts:461:5 › QA08 esg-device 1440
[24/24] e2e/qa08-prototype.spec.ts:461:5 › QA08 settings 1440
  24 passed (1.9m)
[WebServer] (node:2645) Warning: The 'NO_COLOR' env is ignored due to the 'FORCE_COLOR' env being set.
[WebServer] (Use `node --trace-warnings ...` to show where the warning was created)
[WebServer] (node:2685) Warning: The 'NO_COLOR' env is ignored due to the 'FORCE_COLOR' env being set.
[WebServer] (Use `node --trace-warnings ...` to show where the warning was created)
[WebServer] [plugin builtin:vite-reporter] 
[WebServer] (!) Some chunks are larger than 500 kB after minification. Consider:
[WebServer] - Using dynamic import() to code-split the application
[WebServer] - Use build.rolldownOptions.output.codeSplitting to improve chunking: https://rolldown.rs/reference/OutputOptions.codeSplitting
[WebServer] - Adjust chunk size limit for this warning via build.chunkSizeWarningLimit.
[WebServer] (node:2694) Warning: The 'NO_COLOR' env is ignored due to the 'FORCE_COLOR' env being set.
[WebServer] (Use `node --trace-warnings ...` to show where the warning was created)
[WebServer] (node:2718) Warning: The 'NO_COLOR' env is ignored due to the 'FORCE_COLOR' env being set.
[WebServer] (Use `node --trace-warnings ...` to show where the warning was created)
(node:2720) Warning: The 'NO_COLOR' env is ignored due to the 'FORCE_COLOR' env being set.
(Use `node --trace-warnings ...` to show where the warning was created)
