deploy-test	Run pnpm verify	﻿2026-10-07T06:27:55.9597755Z ##[group]Run pnpm verify
deploy-test	Run pnpm verify	2026-10-07T06:27:55.9598238Z ^[[36;1mpnpm verify^[[0m
deploy-test	Run pnpm verify	2026-10-07T06:27:55.9642251Z shell: /usr/bin/bash -e {0}
deploy-test	Run pnpm verify	2026-10-07T06:27:55.9642657Z env:
deploy-test	Run pnpm verify	2026-10-07T06:27:55.9643341Z   FDP_DEVICE_API_CERTIFICATE_ARN: arn:aws:acm:ap-southeast-1:065986019555:certificate/db3daf4f-de27-4cb3-8813-5f1f068478e0
deploy-test	Run pnpm verify	2026-10-07T06:27:55.9644154Z   FDP_PUBLIC_API_CERTIFICATE_ARN: arn:aws:acm:ap-southeast-1:065986019555:certificate/2777e55f-df6e-4e7d-8ce8-22cd3cf2babb
deploy-test	Run pnpm verify	2026-10-07T06:27:55.9644851Z   FDP_TRUSTSTORE_BUCKET_NAME: fdp-test-mtls-truststore-065986019555
deploy-test	Run pnpm verify	2026-10-07T06:27:55.9645576Z   FDP_TRUSTSTORE_VERSION: FtN.3H5AydTqt6cgxf0wzeOcNQHFxCOx
deploy-test	Run pnpm verify	2026-10-07T06:27:55.9646025Z   FDP_QA09_ENGINE_CPU_DIAGNOSIS: true
deploy-test	Run pnpm verify	2026-10-07T06:27:55.9646451Z   FDP_QA09_ROLLOUT_PHASE: immediate
deploy-test	Run pnpm verify	2026-10-07T06:27:55.9646944Z   FDP_TEST_DEPLOY_ROLE_ARN: arn:aws:iam::065986019555:role/fdp-test-github-deploy-role
deploy-test	Run pnpm verify	2026-10-07T06:27:55.9647535Z   PNPM_HOME: /home/runner/setup-pnpm/node_modules/.bin
deploy-test	Run pnpm verify	2026-10-07T06:27:55.9647947Z   FDP_QA09_AUTHENTICATED_PRECONNECT: true
deploy-test	Run pnpm verify	2026-10-07T06:27:55.9648476Z ##[endgroup]
deploy-test	Run pnpm verify	2026-10-07T06:27:56.2371641Z 
deploy-test	Run pnpm verify	2026-10-07T06:27:56.2373164Z > food-digester-platform@0.0.0 verify /home/runner/work/food-digester-platform/food-digester-platform
deploy-test	Run pnpm verify	2026-10-07T06:27:56.2378354Z > pnpm lint && pnpm format:check && pnpm typecheck && pnpm openapi:check && pnpm test && pnpm build && pnpm check:boundaries && pnpm check:schemas && pnpm check:migrations && pnpm check:evidence && pnpm check:secrets && pnpm check:sensitive-sinks && pnpm check:admin-web-delivery && pnpm check:admin-web-e2e && pnpm check:cmd-ota-delivery && pnpm test:device-contracts /tmp/fdp-device-contracts-gate.json && pnpm test:iot-integration /tmp/fdp-iot-integration-gate.json && pnpm test:core-api-integration /tmp/fdp-core-api-integration-gate.json && pnpm test:admin-e2e-suite /tmp/fdp-admin-e2e-gate.json && pnpm test:security-suite /tmp/fdp-security-gate.json && pnpm test:reliability-suite /tmp/fdp-reliability-gate.json && pnpm test:prototype-regression /tmp/fdp-prototype-regression-gate.json
deploy-test	Run pnpm verify	2026-10-07T06:27:56.2382019Z 
deploy-test	Run pnpm verify	2026-10-07T06:27:56.6113113Z 
deploy-test	Run pnpm verify	2026-10-07T06:27:56.6114622Z > food-digester-platform@0.0.0 lint /home/runner/work/food-digester-platform/food-digester-platform
deploy-test	Run pnpm verify	2026-10-07T06:27:56.6116549Z > eslint .
deploy-test	Run pnpm verify	2026-10-07T06:27:56.6117011Z 
deploy-test	Run pnpm verify	2026-10-07T06:28:10.7892454Z 
deploy-test	Run pnpm verify	2026-10-07T06:28:10.7893989Z > food-digester-platform@0.0.0 format:check /home/runner/work/food-digester-platform/food-digester-platform
deploy-test	Run pnpm verify	2026-10-07T06:28:10.7895034Z > prettier --check .
deploy-test	Run pnpm verify	2026-10-07T06:28:10.7895515Z 
deploy-test	Run pnpm verify	2026-10-07T06:28:10.8794158Z Checking formatting...
deploy-test	Run pnpm verify	2026-10-07T06:28:25.3290681Z All matched files use Prettier code style!
deploy-test	Run pnpm verify	2026-10-07T06:28:25.6434185Z 
deploy-test	Run pnpm verify	2026-10-07T06:28:25.6436278Z > food-digester-platform@0.0.0 typecheck /home/runner/work/food-digester-platform/food-digester-platform
deploy-test	Run pnpm verify	2026-10-07T06:28:25.6437796Z > turbo run typecheck
deploy-test	Run pnpm verify	2026-10-07T06:28:25.6438309Z 
deploy-test	Run pnpm verify	2026-10-07T06:28:25.6793871Z 
deploy-test	Run pnpm verify	2026-10-07T06:28:25.6836171Z Attention:
deploy-test	Run pnpm verify	2026-10-07T06:28:25.6837845Z Turborepo now collects completely anonymous telemetry regarding usage.
deploy-test	Run pnpm verify	2026-10-07T06:28:25.6913437Z This information is used to shape the Turborepo roadmap and prioritize features.
deploy-test	Run pnpm verify	2026-10-07T06:28:25.6917606Z You can learn more, including how to opt-out if you'd not like to participate in this anonymous program, by visiting the following URL:
deploy-test	Run pnpm verify	2026-10-07T06:28:25.6920230Z https://turborepo.dev/docs/telemetry
deploy-test	Run pnpm verify	2026-10-07T06:28:25.6920589Z 
deploy-test	Run pnpm verify	2026-10-07T06:28:25.7037652Z 
deploy-test	Run pnpm verify	2026-10-07T06:28:25.7040601Z    • Packages in scope: @fdp/admin-web, @fdp/archive-worker, @fdp/auth, @fdp/aws-clients, @fdp/cloud-api, @fdp/contracts, @fdp/database, @fdp/domain, @fdp/infra, @fdp/ingestion-worker, @fdp/media, @fdp/observability, @fdp/summary-worker
deploy-test	Run pnpm verify	2026-10-07T06:28:25.7044522Z    • Running typecheck in 13 packages
deploy-test	Run pnpm verify	2026-10-07T06:28:25.7046810Z    • Remote caching disabled
deploy-test	Run pnpm verify	2026-10-07T06:28:25.7047390Z 
deploy-test	Run pnpm verify	2026-10-07T06:28:26.8937064Z ##[group]@fdp/contracts:build
deploy-test	Run pnpm verify	2026-10-07T06:28:26.9026662Z cache miss, executing badb40bf08f6da73
deploy-test	Run pnpm verify	2026-10-07T06:28:26.9085907Z 
deploy-test	Run pnpm verify	2026-10-07T06:28:26.9098202Z > @fdp/contracts@0.0.0 build /home/runner/work/food-digester-platform/food-digester-platform/contracts
deploy-test	Run pnpm verify	2026-10-07T06:28:26.9147063Z > node -e "console.log('@fdp/contracts 为源码契约包：内部使用 .ts 扩展名互引，不经 tsc 构建；消费方经 tsx/打包器直接使用源码')"
deploy-test	Run pnpm verify	2026-10-07T06:28:26.9205523Z 
deploy-test	Run pnpm verify	2026-10-07T06:28:26.9236866Z @fdp/contracts 为源码契约包：内部使用 .ts 扩展名互引，不经 tsc 构建；消费方经 tsx/打包器直接使用源码
deploy-test	Run pnpm verify	2026-10-07T06:28:26.9266567Z ##[endgroup]
deploy-test	Run pnpm verify	2026-10-07T06:28:31.3442769Z ##[group]@fdp/observability:build
deploy-test	Run pnpm verify	2026-10-07T06:28:31.3557161Z cache miss, executing ea923edaeec24452
deploy-test	Run pnpm verify	2026-10-07T06:28:31.3616747Z 
deploy-test	Run pnpm verify	2026-10-07T06:28:31.3657451Z > @fdp/observability@0.0.0 build /home/runner/work/food-digester-platform/food-digester-platform/packages/observability
deploy-test	Run pnpm verify	2026-10-07T06:28:31.3746796Z > tsc -p tsconfig.build.json
deploy-test	Run pnpm verify	2026-10-07T06:28:31.3787344Z 
deploy-test	Run pnpm verify	2026-10-07T06:28:31.3846940Z ##[endgroup]
deploy-test	Run pnpm verify	2026-10-07T06:28:31.8827621Z ##[group]@fdp/observability:typecheck
deploy-test	Run pnpm verify	2026-10-07T06:28:31.8897080Z cache miss, executing f1ff6030ddc8a9f2
deploy-test	Run pnpm verify	2026-10-07T06:28:31.8975882Z 
deploy-test	Run pnpm verify	2026-10-07T06:28:31.9026754Z > @fdp/observability@0.0.0 typecheck /home/runner/work/food-digester-platform/food-digester-platform/packages/observability
deploy-test	Run pnpm verify	2026-10-07T06:28:31.9076896Z > tsc -p tsconfig.json
deploy-test	Run pnpm verify	2026-10-07T06:28:31.9145997Z 
deploy-test	Run pnpm verify	2026-10-07T06:28:31.9157188Z ##[endgroup]
deploy-test	Run pnpm verify	2026-10-07T06:28:33.8198449Z ##[group]@fdp/domain:build
deploy-test	Run pnpm verify	2026-10-07T06:28:33.8219833Z cache miss, executing 47ef0249a0b99843
deploy-test	Run pnpm verify	2026-10-07T06:28:33.8338738Z 
deploy-test	Run pnpm verify	2026-10-07T06:28:33.8387067Z > @fdp/domain@0.0.0 build /home/runner/work/food-digester-platform/food-digester-platform/packages/domain
deploy-test	Run pnpm verify	2026-10-07T06:28:33.8451180Z > tsc -p tsconfig.build.json
deploy-test	Run pnpm verify	2026-10-07T06:28:33.8511177Z 
deploy-test	Run pnpm verify	2026-10-07T06:28:33.8540733Z ##[endgroup]
deploy-test	Run pnpm verify	2026-10-07T06:28:34.1283674Z ##[group]@fdp/database:generate
deploy-test	Run pnpm verify	2026-10-07T06:28:34.1368629Z cache miss, executing c9801dc001f46347
deploy-test	Run pnpm verify	2026-10-07T06:28:34.1415705Z 
deploy-test	Run pnpm verify	2026-10-07T06:28:34.1497259Z > @fdp/database@0.0.0 generate /home/runner/work/food-digester-platform/food-digester-platform/packages/database
deploy-test	Run pnpm verify	2026-10-07T06:28:34.1546536Z > prisma generate
deploy-test	Run pnpm verify	2026-10-07T06:28:34.1619873Z 
deploy-test	Run pnpm verify	2026-10-07T06:28:34.1656946Z Loaded Prisma config from prisma.config.ts.
deploy-test	Run pnpm verify	2026-10-07T06:28:34.1721078Z 
deploy-test	Run pnpm verify	2026-10-07T06:28:34.1766480Z Prisma schema loaded from prisma/schema.prisma.
deploy-test	Run pnpm verify	2026-10-07T06:28:34.1788011Z 
deploy-test	Run pnpm verify	2026-10-07T06:28:34.1790665Z ✔ Generated Prisma Client (7.9.1) to ./src/generated in 1.70s
deploy-test	Run pnpm verify	2026-10-07T06:28:34.1791132Z 
deploy-test	Run pnpm verify	2026-10-07T06:28:34.1791989Z ##[endgroup]
deploy-test	Run pnpm verify	2026-10-07T06:28:34.2307065Z ##[group]@fdp/domain:typecheck
deploy-test	Run pnpm verify	2026-10-07T06:28:34.2366630Z cache miss, executing fd26312a4c0953c8
deploy-test	Run pnpm verify	2026-10-07T06:28:34.2395439Z 
deploy-test	Run pnpm verify	2026-10-07T06:28:34.2426671Z > @fdp/domain@0.0.0 typecheck /home/runner/work/food-digester-platform/food-digester-platform/packages/domain
deploy-test	Run pnpm verify	2026-10-07T06:28:34.2446242Z > tsc -p tsconfig.json
deploy-test	Run pnpm verify	2026-10-07T06:28:34.2449582Z 
deploy-test	Run pnpm verify	2026-10-07T06:28:34.2450974Z ##[endgroup]
deploy-test	Run pnpm verify	2026-10-07T06:28:34.7082522Z ##[group]@fdp/contracts:typecheck
deploy-test	Run pnpm verify	2026-10-07T06:28:34.7106552Z cache miss, executing aa15856efcfb63ca
deploy-test	Run pnpm verify	2026-10-07T06:28:34.7131421Z 
deploy-test	Run pnpm verify	2026-10-07T06:28:34.7133293Z > @fdp/contracts@0.0.0 typecheck /home/runner/work/food-digester-platform/food-digester-platform/contracts
deploy-test	Run pnpm verify	2026-10-07T06:28:34.7134699Z > tsc -p tsconfig.json
deploy-test	Run pnpm verify	2026-10-07T06:28:34.7135560Z 
deploy-test	Run pnpm verify	2026-10-07T06:28:34.7136353Z ##[endgroup]
deploy-test	Run pnpm verify	2026-10-07T06:28:35.6568070Z ##[group]@fdp/aws-clients:build
deploy-test	Run pnpm verify	2026-10-07T06:28:35.6614477Z cache miss, executing 72b741ff8e28f9c8
deploy-test	Run pnpm verify	2026-10-07T06:28:35.6645696Z 
deploy-test	Run pnpm verify	2026-10-07T06:28:35.6732516Z > @fdp/aws-clients@0.0.0 build /home/runner/work/food-digester-platform/food-digester-platform/packages/aws-clients
deploy-test	Run pnpm verify	2026-10-07T06:28:35.6767143Z > tsc -p tsconfig.build.json
deploy-test	Run pnpm verify	2026-10-07T06:28:35.6785616Z 
deploy-test	Run pnpm verify	2026-10-07T06:28:35.6803980Z ##[endgroup]
deploy-test	Run pnpm verify	2026-10-07T06:28:36.3977640Z ##[group]@fdp/aws-clients:typecheck
deploy-test	Run pnpm verify	2026-10-07T06:28:36.3979143Z cache miss, executing 767e47322641a244
deploy-test	Run pnpm verify	2026-10-07T06:28:36.3980501Z 
deploy-test	Run pnpm verify	2026-10-07T06:28:36.3981964Z > @fdp/aws-clients@0.0.0 typecheck /home/runner/work/food-digester-platform/food-digester-platform/packages/aws-clients
deploy-test	Run pnpm verify	2026-10-07T06:28:36.3983454Z > tsc -p tsconfig.json
deploy-test	Run pnpm verify	2026-10-07T06:28:36.3983955Z 
deploy-test	Run pnpm verify	2026-10-07T06:28:36.3984694Z ##[endgroup]
deploy-test	Run pnpm verify	2026-10-07T06:28:39.1536948Z ##[group]@fdp/infra:typecheck
deploy-test	Run pnpm verify	2026-10-07T06:28:39.1567161Z cache miss, executing 501d8e78370248ae
deploy-test	Run pnpm verify	2026-10-07T06:28:39.1571584Z 
deploy-test	Run pnpm verify	2026-10-07T06:28:39.1572250Z > @fdp/infra@0.0.0 typecheck /home/runner/work/food-digester-platform/food-digester-platform/infra
deploy-test	Run pnpm verify	2026-10-07T06:28:39.1573075Z > tsc -p tsconfig.json
deploy-test	Run pnpm verify	2026-10-07T06:28:39.1573452Z 
deploy-test	Run pnpm verify	2026-10-07T06:28:39.1574166Z ##[endgroup]
deploy-test	Run pnpm verify	2026-10-07T06:28:39.5629034Z ##[group]@fdp/database:typecheck
deploy-test	Run pnpm verify	2026-10-07T06:28:39.5630024Z cache miss, executing 715b1e3a1a9ff81d
deploy-test	Run pnpm verify	2026-10-07T06:28:39.5630610Z 
deploy-test	Run pnpm verify	2026-10-07T06:28:39.5631532Z > @fdp/database@0.0.0 typecheck /home/runner/work/food-digester-platform/food-digester-platform/packages/database
deploy-test	Run pnpm verify	2026-10-07T06:28:39.5632726Z > tsc -p tsconfig.json
deploy-test	Run pnpm verify	2026-10-07T06:28:39.5633032Z 
deploy-test	Run pnpm verify	2026-10-07T06:28:39.5633731Z ##[endgroup]
deploy-test	Run pnpm verify	2026-10-07T06:28:40.0090919Z ##[group]@fdp/database:build
deploy-test	Run pnpm verify	2026-10-07T06:28:40.0091914Z cache miss, executing 5a55b0b69fe3163d
deploy-test	Run pnpm verify	2026-10-07T06:28:40.0092309Z 
deploy-test	Run pnpm verify	2026-10-07T06:28:40.0093130Z > @fdp/database@0.0.0 build /home/runner/work/food-digester-platform/food-digester-platform/packages/database
deploy-test	Run pnpm verify	2026-10-07T06:28:40.0094244Z > tsc -p tsconfig.build.json
deploy-test	Run pnpm verify	2026-10-07T06:28:40.0094591Z 
deploy-test	Run pnpm verify	2026-10-07T06:28:40.0095525Z ##[endgroup]
deploy-test	Run pnpm verify	2026-10-07T06:28:45.5758479Z ##[group]@fdp/media:typecheck
deploy-test	Run pnpm verify	2026-10-07T06:28:45.5759880Z cache miss, executing f70b8b2c9dba19d8
deploy-test	Run pnpm verify	2026-10-07T06:28:45.5760509Z 
deploy-test	Run pnpm verify	2026-10-07T06:28:45.5797896Z > @fdp/media@0.0.0 typecheck /home/runner/work/food-digester-platform/food-digester-platform/packages/media
deploy-test	Run pnpm verify	2026-10-07T06:28:45.5818056Z > tsc -p tsconfig.json
deploy-test	Run pnpm verify	2026-10-07T06:28:45.5836280Z 
deploy-test	Run pnpm verify	2026-10-07T06:28:45.5837897Z ##[endgroup]
deploy-test	Run pnpm verify	2026-10-07T06:28:45.6380578Z ##[group]@fdp/media:build
deploy-test	Run pnpm verify	2026-10-07T06:28:45.6447409Z cache miss, executing 8bde945d50534e9a
deploy-test	Run pnpm verify	2026-10-07T06:28:45.6505764Z 
deploy-test	Run pnpm verify	2026-10-07T06:28:45.6537868Z > @fdp/media@0.0.0 build /home/runner/work/food-digester-platform/food-digester-platform/packages/media
deploy-test	Run pnpm verify	2026-10-07T06:28:45.6560863Z > tsc -p tsconfig.build.json
deploy-test	Run pnpm verify	2026-10-07T06:28:45.6595749Z 
deploy-test	Run pnpm verify	2026-10-07T06:28:45.6635323Z ##[endgroup]
deploy-test	Run pnpm verify	2026-10-07T06:28:46.8041471Z ##[group]@fdp/archive-worker:typecheck
deploy-test	Run pnpm verify	2026-10-07T06:28:46.8065578Z cache miss, executing 36a06e44fca6b93a
deploy-test	Run pnpm verify	2026-10-07T06:28:46.8096706Z 
deploy-test	Run pnpm verify	2026-10-07T06:28:46.8127134Z > @fdp/archive-worker@0.0.0 typecheck /home/runner/work/food-digester-platform/food-digester-platform/apps/archive-worker
deploy-test	Run pnpm verify	2026-10-07T06:28:46.8128727Z > tsc -p tsconfig.json
deploy-test	Run pnpm verify	2026-10-07T06:28:46.8155743Z 
deploy-test	Run pnpm verify	2026-10-07T06:28:46.8187149Z ##[endgroup]
deploy-test	Run pnpm verify	2026-10-07T06:28:47.8387450Z ##[group]@fdp/summary-worker:typecheck
deploy-test	Run pnpm verify	2026-10-07T06:28:47.8388597Z cache miss, executing ea0b60abb2ec3ad7
deploy-test	Run pnpm verify	2026-10-07T06:28:47.8388866Z 
deploy-test	Run pnpm verify	2026-10-07T06:28:47.8389495Z > @fdp/summary-worker@0.0.0 typecheck /home/runner/work/food-digester-platform/food-digester-platform/apps/summary-worker
deploy-test	Run pnpm verify	2026-10-07T06:28:47.8390366Z > tsc -p tsconfig.json
deploy-test	Run pnpm verify	2026-10-07T06:28:47.8390570Z 
deploy-test	Run pnpm verify	2026-10-07T06:28:47.8391069Z ##[endgroup]
deploy-test	Run pnpm verify	2026-10-07T06:28:47.9350998Z ##[group]@fdp/auth:build
deploy-test	Run pnpm verify	2026-10-07T06:28:47.9352614Z cache miss, executing 8557fd70e2792bd9
deploy-test	Run pnpm verify	2026-10-07T06:28:47.9353344Z 
deploy-test	Run pnpm verify	2026-10-07T06:28:47.9354142Z > @fdp/auth@0.0.0 build /home/runner/work/food-digester-platform/food-digester-platform/packages/auth
deploy-test	Run pnpm verify	2026-10-07T06:28:47.9355884Z > tsc -p tsconfig.build.json
deploy-test	Run pnpm verify	2026-10-07T06:28:47.9356425Z 
deploy-test	Run pnpm verify	2026-10-07T06:28:47.9360169Z ##[endgroup]
deploy-test	Run pnpm verify	2026-10-07T06:28:48.6398370Z ##[group]@fdp/auth:typecheck
deploy-test	Run pnpm verify	2026-10-07T06:28:48.6421813Z cache miss, executing 377311972d9ad44d
deploy-test	Run pnpm verify	2026-10-07T06:28:48.6422854Z 
deploy-test	Run pnpm verify	2026-10-07T06:28:48.6423988Z > @fdp/auth@0.0.0 typecheck /home/runner/work/food-digester-platform/food-digester-platform/packages/auth
deploy-test	Run pnpm verify	2026-10-07T06:28:48.6426714Z > tsc -p tsconfig.json
deploy-test	Run pnpm verify	2026-10-07T06:28:48.6427310Z 
deploy-test	Run pnpm verify	2026-10-07T06:28:48.6428691Z ##[endgroup]
deploy-test	Run pnpm verify	2026-10-07T06:28:58.4524568Z ##[group]@fdp/ingestion-worker:typecheck
deploy-test	Run pnpm verify	2026-10-07T06:28:58.4539082Z cache miss, executing 611101d34820522f
deploy-test	Run pnpm verify	2026-10-07T06:28:58.4540136Z 
deploy-test	Run pnpm verify	2026-10-07T06:28:58.4541814Z > @fdp/ingestion-worker@0.0.0 typecheck /home/runner/work/food-digester-platform/food-digester-platform/apps/ingestion-worker
deploy-test	Run pnpm verify	2026-10-07T06:28:58.4543046Z > tsc -p tsconfig.json
deploy-test	Run pnpm verify	2026-10-07T06:28:58.4543572Z 
deploy-test	Run pnpm verify	2026-10-07T06:28:58.4544262Z ##[endgroup]
deploy-test	Run pnpm verify	2026-10-07T06:29:03.1836794Z ##[group]@fdp/admin-web:typecheck
deploy-test	Run pnpm verify	2026-10-07T06:29:03.1848292Z cache miss, executing ddaad94ac81a2b45
deploy-test	Run pnpm verify	2026-10-07T06:29:03.1848751Z 
deploy-test	Run pnpm verify	2026-10-07T06:29:03.1849322Z > @fdp/admin-web@0.0.0 typecheck /home/runner/work/food-digester-platform/food-digester-platform/apps/admin-web
deploy-test	Run pnpm verify	2026-10-07T06:29:03.1850133Z > tsc -p tsconfig.json && tsc -p tsconfig.e2e.json
deploy-test	Run pnpm verify	2026-10-07T06:29:03.1850496Z 
deploy-test	Run pnpm verify	2026-10-07T06:29:03.1851120Z ##[endgroup]
deploy-test	Run pnpm verify	2026-10-07T06:29:03.3342446Z ##[group]@fdp/cloud-api:typecheck
deploy-test	Run pnpm verify	2026-10-07T06:29:03.3354097Z cache miss, executing 1f0cbfb64141613e
deploy-test	Run pnpm verify	2026-10-07T06:29:03.3354597Z 
deploy-test	Run pnpm verify	2026-10-07T06:29:03.3355855Z > @fdp/cloud-api@0.0.0 typecheck /home/runner/work/food-digester-platform/food-digester-platform/apps/cloud-api
deploy-test	Run pnpm verify	2026-10-07T06:29:03.3356918Z > tsc -p tsconfig.json
deploy-test	Run pnpm verify	2026-10-07T06:29:03.3357155Z 
deploy-test	Run pnpm verify	2026-10-07T06:29:03.3357743Z ##[endgroup]
deploy-test	Run pnpm verify	2026-10-07T06:29:03.3358042Z 
deploy-test	Run pnpm verify	2026-10-07T06:29:03.3358331Z  Tasks:    21 successful, 21 total
deploy-test	Run pnpm verify	2026-10-07T06:29:03.3358786Z Cached:    0 cached, 21 total
deploy-test	Run pnpm verify	2026-10-07T06:29:03.3359234Z   Time:    37.655s 
deploy-test	Run pnpm verify	2026-10-07T06:29:03.3359437Z 
deploy-test	Run pnpm verify	2026-10-07T06:29:03.6469717Z 
deploy-test	Run pnpm verify	2026-10-07T06:29:03.6472114Z > food-digester-platform@0.0.0 openapi:check /home/runner/work/food-digester-platform/food-digester-platform
deploy-test	Run pnpm verify	2026-10-07T06:29:03.6474385Z > node scripts/build-openapi.mjs --check && redocly lint contracts/rest/openapi-base.json "contracts/rest/*-api.json" contracts/rest/openapi.bundle.json --extends spec
deploy-test	Run pnpm verify	2026-10-07T06:29:03.6475745Z 
deploy-test	Run pnpm verify	2026-10-07T06:29:03.7304799Z OpenAPI bundle 新鲜：contracts/rest/openapi.bundle.json
deploy-test	Run pnpm verify	2026-10-07T06:29:04.0241115Z ^[[90mvalidating contracts/rest/openapi-base.json...
deploy-test	Run pnpm verify	2026-10-07T06:29:04.0447060Z ^[[39m^[[90mcontracts/rest/openapi-base.json: validated in 22ms
deploy-test	Run pnpm verify	2026-10-07T06:29:04.0447849Z 
deploy-test	Run pnpm verify	2026-10-07T06:29:04.0457201Z ^[[39m^[[90mvalidating contracts/rest/prototype-planned-api.json...
deploy-test	Run pnpm verify	2026-10-07T06:29:04.0656883Z ^[[39m^[[90mcontracts/rest/prototype-planned-api.json: validated in 21ms
deploy-test	Run pnpm verify	2026-10-07T06:29:04.0658030Z 
deploy-test	Run pnpm verify	2026-10-07T06:29:04.0659804Z ^[[39m^[[90mvalidating contracts/rest/device-sync-api.json...
deploy-test	Run pnpm verify	2026-10-07T06:29:04.0885819Z ^[[39m^[[90mcontracts/rest/device-sync-api.json: validated in 23ms
deploy-test	Run pnpm verify	2026-10-07T06:29:04.0886429Z 
deploy-test	Run pnpm verify	2026-10-07T06:29:04.0887135Z ^[[39m^[[90mvalidating contracts/rest/device-ota-api.json...
deploy-test	Run pnpm verify	2026-10-07T06:29:04.0982298Z ^[[39m^[[90mcontracts/rest/device-ota-api.json: validated in 10ms
deploy-test	Run pnpm verify	2026-10-07T06:29:04.0983021Z 
deploy-test	Run pnpm verify	2026-10-07T06:29:04.0983987Z ^[[39m^[[90mvalidating contracts/rest/device-onboarding-api.json...
deploy-test	Run pnpm verify	2026-10-07T06:29:04.1102662Z ^[[39m^[[90mcontracts/rest/device-onboarding-api.json: validated in 12ms
deploy-test	Run pnpm verify	2026-10-07T06:29:04.1103287Z 
deploy-test	Run pnpm verify	2026-10-07T06:29:04.1103758Z ^[[39m^[[90mvalidating contracts/rest/device-media-api.json...
deploy-test	Run pnpm verify	2026-10-07T06:29:04.1187819Z ^[[39m^[[90mcontracts/rest/device-media-api.json: validated in 9ms
deploy-test	Run pnpm verify	2026-10-07T06:29:04.1188634Z 
deploy-test	Run pnpm verify	2026-10-07T06:29:04.1202433Z ^[[39m^[[90mvalidating contracts/rest/device-deactivate-api.json...
deploy-test	Run pnpm verify	2026-10-07T06:29:04.1283428Z ^[[39m^[[90mcontracts/rest/device-deactivate-api.json: validated in 10ms
deploy-test	Run pnpm verify	2026-10-07T06:29:04.1284494Z 
deploy-test	Run pnpm verify	2026-10-07T06:29:04.1291139Z ^[[39m^[[90mvalidating contracts/rest/device-certificate-api.json...
deploy-test	Run pnpm verify	2026-10-07T06:29:04.1380025Z ^[[39m^[[90mcontracts/rest/device-certificate-api.json: validated in 10ms
deploy-test	Run pnpm verify	2026-10-07T06:29:04.1380713Z 
deploy-test	Run pnpm verify	2026-10-07T06:29:04.1381083Z ^[[39m^[[90mvalidating contracts/rest/admin-user-api.json...
deploy-test	Run pnpm verify	2026-10-07T06:29:04.1501630Z ^[[39m^[[90mcontracts/rest/admin-user-api.json: validated in 12ms
deploy-test	Run pnpm verify	2026-10-07T06:29:04.1502981Z 
deploy-test	Run pnpm verify	2026-10-07T06:29:04.1503896Z ^[[39m^[[90mvalidating contracts/rest/admin-site-api.json...
deploy-test	Run pnpm verify	2026-10-07T06:29:04.1653127Z ^[[39m^[[90mcontracts/rest/admin-site-api.json: validated in 16ms
deploy-test	Run pnpm verify	2026-10-07T06:29:04.1654047Z 
deploy-test	Run pnpm verify	2026-10-07T06:29:04.1654848Z ^[[39m^[[90mvalidating contracts/rest/admin-settings-api.json...
deploy-test	Run pnpm verify	2026-10-07T06:29:04.1733961Z ^[[39m^[[90mcontracts/rest/admin-settings-api.json: validated in 8ms
deploy-test	Run pnpm verify	2026-10-07T06:29:04.1734536Z 
deploy-test	Run pnpm verify	2026-10-07T06:29:04.1735396Z ^[[39m^[[90mvalidating contracts/rest/admin-replay-api.json...
deploy-test	Run pnpm verify	2026-10-07T06:29:04.1800036Z ^[[39m^[[90mcontracts/rest/admin-replay-api.json: validated in 7ms
deploy-test	Run pnpm verify	2026-10-07T06:29:04.1800517Z 
deploy-test	Run pnpm verify	2026-10-07T06:29:04.1801119Z ^[[39m^[[90mvalidating contracts/rest/admin-ota-package-api.json...
deploy-test	Run pnpm verify	2026-10-07T06:29:04.1886785Z ^[[39m^[[90mcontracts/rest/admin-ota-package-api.json: validated in 9ms
deploy-test	Run pnpm verify	2026-10-07T06:29:04.1887431Z 
deploy-test	Run pnpm verify	2026-10-07T06:29:04.1888114Z ^[[39m^[[90mvalidating contracts/rest/admin-ota-campaign-api.json...
deploy-test	Run pnpm verify	2026-10-07T06:29:04.1989035Z ^[[39m^[[90mcontracts/rest/admin-ota-campaign-api.json: validated in 11ms
deploy-test	Run pnpm verify	2026-10-07T06:29:04.1989542Z 
deploy-test	Run pnpm verify	2026-10-07T06:29:04.1989963Z ^[[39m^[[90mvalidating contracts/rest/admin-onboarding-api.json...
deploy-test	Run pnpm verify	2026-10-07T06:29:04.2098025Z ^[[39m^[[90mcontracts/rest/admin-onboarding-api.json: validated in 10ms
deploy-test	Run pnpm verify	2026-10-07T06:29:04.2116231Z 
deploy-test	Run pnpm verify	2026-10-07T06:29:04.2139396Z ^[[39m^[[90mvalidating contracts/rest/admin-media-api.json...
deploy-test	Run pnpm verify	2026-10-07T06:29:04.2192330Z ^[[39m^[[90mcontracts/rest/admin-media-api.json: validated in 11ms
deploy-test	Run pnpm verify	2026-10-07T06:29:04.2192852Z 
deploy-test	Run pnpm verify	2026-10-07T06:29:04.2193261Z ^[[39m^[[90mvalidating contracts/rest/admin-license-api.json...
deploy-test	Run pnpm verify	2026-10-07T06:29:04.2264025Z ^[[39m^[[90mcontracts/rest/admin-license-api.json: validated in 8ms
deploy-test	Run pnpm verify	2026-10-07T06:29:04.2264517Z 
deploy-test	Run pnpm verify	2026-10-07T06:29:04.2264876Z ^[[39m^[[90mvalidating contracts/rest/admin-esg-api.json...
deploy-test	Run pnpm verify	2026-10-07T06:29:04.2376238Z ^[[39m^[[90mcontracts/rest/admin-esg-api.json: validated in 12ms
deploy-test	Run pnpm verify	2026-10-07T06:29:04.2376982Z 
deploy-test	Run pnpm verify	2026-10-07T06:29:04.2377874Z ^[[39m^[[90mvalidating contracts/rest/admin-device-user-api.json...
deploy-test	Run pnpm verify	2026-10-07T06:29:04.2443291Z ^[[39m^[[90mcontracts/rest/admin-device-user-api.json: validated in 7ms
deploy-test	Run pnpm verify	2026-10-07T06:29:04.2443935Z 
deploy-test	Run pnpm verify	2026-10-07T06:29:04.2444399Z ^[[39m^[[90mvalidating contracts/rest/admin-device-status-api.json...
deploy-test	Run pnpm verify	2026-10-07T06:29:04.2482416Z ^[[39m^[[90mcontracts/rest/admin-device-status-api.json: validated in 5ms
deploy-test	Run pnpm verify	2026-10-07T06:29:04.2482747Z 
deploy-test	Run pnpm verify	2026-10-07T06:29:04.2483284Z ^[[39m^[[90mvalidating contracts/rest/admin-device-retirement-api.json...
deploy-test	Run pnpm verify	2026-10-07T06:29:04.2522213Z ^[[39m^[[90mcontracts/rest/admin-device-retirement-api.json: validated in 4ms
deploy-test	Run pnpm verify	2026-10-07T06:29:04.2522719Z 
deploy-test	Run pnpm verify	2026-10-07T06:29:04.2523174Z ^[[39m^[[90mvalidating contracts/rest/admin-device-console-api.json...
deploy-test	Run pnpm verify	2026-10-07T06:29:04.2592524Z ^[[39m^[[90mcontracts/rest/admin-device-console-api.json: validated in 7ms
deploy-test	Run pnpm verify	2026-10-07T06:29:04.2593316Z 
deploy-test	Run pnpm verify	2026-10-07T06:29:04.2594179Z ^[[39m^[[90mvalidating contracts/rest/admin-device-assignment-api.json...
deploy-test	Run pnpm verify	2026-10-07T06:29:04.2643364Z ^[[39m^[[90mcontracts/rest/admin-device-assignment-api.json: validated in 5ms
deploy-test	Run pnpm verify	2026-10-07T06:29:04.2643886Z 
deploy-test	Run pnpm verify	2026-10-07T06:29:04.2644266Z ^[[39m^[[90mvalidating contracts/rest/admin-device-api.json...
deploy-test	Run pnpm verify	2026-10-07T06:29:04.2709074Z ^[[39m^[[90mcontracts/rest/admin-device-api.json: validated in 7ms
deploy-test	Run pnpm verify	2026-10-07T06:29:04.2709620Z 
deploy-test	Run pnpm verify	2026-10-07T06:29:04.2710164Z ^[[39m^[[90mvalidating contracts/rest/admin-dashboard-api.json...
deploy-test	Run pnpm verify	2026-10-07T06:29:04.2760183Z ^[[39m^[[90mcontracts/rest/admin-dashboard-api.json: validated in 5ms
deploy-test	Run pnpm verify	2026-10-07T06:29:04.2760799Z 
deploy-test	Run pnpm verify	2026-10-07T06:29:04.2761348Z ^[[39m^[[90mvalidating contracts/rest/admin-customer-api.json...
deploy-test	Run pnpm verify	2026-10-07T06:29:04.2810738Z ^[[39m^[[90mcontracts/rest/admin-customer-api.json: validated in 6ms
deploy-test	Run pnpm verify	2026-10-07T06:29:04.2811382Z 
deploy-test	Run pnpm verify	2026-10-07T06:29:04.2811924Z ^[[39m^[[90mvalidating contracts/rest/admin-contract-device-api.json...
deploy-test	Run pnpm verify	2026-10-07T06:29:04.2868174Z ^[[39m^[[90mcontracts/rest/admin-contract-device-api.json: validated in 6ms
deploy-test	Run pnpm verify	2026-10-07T06:29:04.2868967Z 
deploy-test	Run pnpm verify	2026-10-07T06:29:04.2869525Z ^[[39m^[[90mvalidating contracts/rest/admin-contract-api.json...
deploy-test	Run pnpm verify	2026-10-07T06:29:04.2924699Z ^[[39m^[[90mcontracts/rest/admin-contract-api.json: validated in 6ms
deploy-test	Run pnpm verify	2026-10-07T06:29:04.2926216Z 
deploy-test	Run pnpm verify	2026-10-07T06:29:04.2926926Z ^[[39m^[[90mvalidating contracts/rest/admin-consumable-request-api.json...
deploy-test	Run pnpm verify	2026-10-07T06:29:04.2976024Z ^[[39m^[[90mcontracts/rest/admin-consumable-request-api.json: validated in 6ms
deploy-test	Run pnpm verify	2026-10-07T06:29:04.2977183Z 
deploy-test	Run pnpm verify	2026-10-07T06:29:04.2977615Z ^[[39m^[[90mvalidating contracts/rest/admin-consumable-api.json...
deploy-test	Run pnpm verify	2026-10-07T06:29:04.3022985Z ^[[39m^[[90mcontracts/rest/admin-consumable-api.json: validated in 5ms
deploy-test	Run pnpm verify	2026-10-07T06:29:04.3023509Z 
deploy-test	Run pnpm verify	2026-10-07T06:29:04.3024135Z ^[[39m^[[90mvalidating contracts/rest/admin-configuration-api.json...
deploy-test	Run pnpm verify	2026-10-07T06:29:04.3098621Z ^[[39m^[[90mcontracts/rest/admin-configuration-api.json: validated in 8ms
deploy-test	Run pnpm verify	2026-10-07T06:29:04.3099066Z 
deploy-test	Run pnpm verify	2026-10-07T06:29:04.3099753Z ^[[39m^[[90mvalidating contracts/rest/admin-command-api.json...
deploy-test	Run pnpm verify	2026-10-07T06:29:04.3150911Z ^[[39m^[[90mcontracts/rest/admin-command-api.json: validated in 6ms
deploy-test	Run pnpm verify	2026-10-07T06:29:04.3151304Z 
deploy-test	Run pnpm verify	2026-10-07T06:29:04.3151817Z ^[[39m^[[90mvalidating contracts/rest/admin-certificate-rotation-api.json...
deploy-test	Run pnpm verify	2026-10-07T06:29:04.3183604Z ^[[39m^[[90mcontracts/rest/admin-certificate-rotation-api.json: validated in 4ms
deploy-test	Run pnpm verify	2026-10-07T06:29:04.3184174Z 
deploy-test	Run pnpm verify	2026-10-07T06:29:04.3184606Z ^[[39m^[[90mvalidating contracts/rest/admin-audit-api.json...
deploy-test	Run pnpm verify	2026-10-07T06:29:04.3227150Z ^[[39m^[[90mcontracts/rest/admin-audit-api.json: validated in 5ms
deploy-test	Run pnpm verify	2026-10-07T06:29:04.3227859Z 
deploy-test	Run pnpm verify	2026-10-07T06:29:04.3228564Z ^[[39m^[[90mvalidating contracts/rest/admin-alarm-api.json...
deploy-test	Run pnpm verify	2026-10-07T06:29:04.3309911Z ^[[39m^[[90mcontracts/rest/admin-alarm-api.json: validated in 9ms
deploy-test	Run pnpm verify	2026-10-07T06:29:04.3310885Z 
deploy-test	Run pnpm verify	2026-10-07T06:29:04.3311602Z ^[[39m^[[90mvalidating contracts/rest/openapi.bundle.json...
deploy-test	Run pnpm verify	2026-10-07T06:29:04.4243816Z ^[[39m^[[90mcontracts/rest/openapi.bundle.json: validated in 94ms
deploy-test	Run pnpm verify	2026-10-07T06:29:04.4244417Z 
deploy-test	Run pnpm verify	2026-10-07T06:29:04.4259149Z ^[[39m^[[32mWoohoo! Your API descriptions are valid. 🎉
deploy-test	Run pnpm verify	2026-10-07T06:29:04.4260178Z ^[[39m
deploy-test	Run pnpm verify	2026-10-07T06:29:05.4151018Z 
deploy-test	Run pnpm verify	2026-10-07T06:29:05.4152523Z > food-digester-platform@0.0.0 test /home/runner/work/food-digester-platform/food-digester-platform
deploy-test	Run pnpm verify	2026-10-07T06:29:05.4153906Z > vitest run && pnpm test:contracts && pnpm test:scripts
deploy-test	Run pnpm verify	2026-10-07T06:29:05.4154318Z 
deploy-test	Run pnpm verify	2026-10-07T06:29:05.7176038Z 
deploy-test	Run pnpm verify	2026-10-07T06:29:05.7178457Z ^[[1m^[[30m^[[46m RUN ^[[49m^[[39m^[[22m ^[[36mv4.1.11 ^[[39m^[[90m/home/runner/work/food-digester-platform/food-digester-platform^[[39m
deploy-test	Run pnpm verify	2026-10-07T06:29:05.7179268Z 
deploy-test	Run pnpm verify	2026-10-07T06:29:07.1927394Z Bundling asset TestStack/IngestionFn/Code/Stage...
deploy-test	Run pnpm verify	2026-10-07T06:29:08.0765441Z Bundling asset TestStack/ArchiveFn/Code/Stage...
deploy-test	Run pnpm verify	2026-10-07T06:29:08.7708094Z Bundling asset TestStack/OutboxPublisherFn/Code/Stage...
deploy-test	Run pnpm verify	2026-10-07T06:29:09.8087640Z Bundling asset TestStack/NotificationPublisherFn/Code/Stage...
deploy-test	Run pnpm verify	2026-10-07T06:29:11.3486993Z Bundling asset TestStack/SummaryFn/Code/Stage...
deploy-test	Run pnpm verify	2026-10-07T06:29:12.4482688Z Bundling asset TestStack/ReplayTriggerPublisherFn/Code/Stage...
deploy-test	Run pnpm verify	2026-10-07T06:29:13.6420214Z Bundling asset TestStack/ReplayFn/Code/Stage...
deploy-test	Run pnpm verify	2026-10-07T06:29:14.5443867Z  ^[[32m✓^[[39m apps/cloud-api/test/ota-dispatch.test.ts ^[[2m(^[[22m^[[2m16 tests^[[22m^[[2m)^[[22m^[[33m 6290^[[2mms^[[22m^[[39m
deploy-test	Run pnpm verify	2026-10-07T06:29:14.5446375Z      ^[[33m^[[2m✓^[[22m^[[39m 成功下发：OTA Topic + CT-03 载荷（schema 校验）+ 15 分钟 URL + NOTIFIED + 历史 + OTA_AVAILABLE + PUBLICATION 归档 ^[[33m 472^[[2mms^[[22m^[[39m
deploy-test	Run pnpm verify	2026-10-07T06:29:14.6026767Z Bundling asset TestStack/CertPackageSweeperFn/Code/Stage...
deploy-test	Run pnpm verify	2026-10-07T06:29:15.2539845Z  ^[[32m✓^[[39m apps/cloud-api/test/admin-user.test.ts ^[[2m(^[[22m^[[2m31 tests^[[22m^[[2m)^[[22m^[[33m 6955^[[2mms^[[22m^[[39m
deploy-test	Run pnpm verify	2026-10-07T06:29:15.2552002Z      ^[[33m^[[2m✓^[[22m^[[39m PlatformSuperAdmin 停用后旧 id Token 不再进入读写路由 ^[[33m 502^[[2mms^[[22m^[[39m
deploy-test	Run pnpm verify	2026-10-07T06:29:15.5534977Z Bundling asset TestStack/OnboardingDeadlineFn/Code/Stage...
deploy-test	Run pnpm verify	2026-10-07T06:29:15.9843623Z  ^[[32m✓^[[39m apps/admin-web/test/contract-parity.test.ts ^[[2m(^[[22m^[[2m23 tests^[[22m^[[2m)^[[22m^[[32m 34^[[2mms^[[22m^[[39m
deploy-test	Run pnpm verify	2026-10-07T06:29:16.5496770Z Bundling asset TestStack/RetirementTimeoutFn/Code/Stage...
deploy-test	Run pnpm verify	2026-10-07T06:29:17.9127358Z Bundling asset TestStack/ActivityExportFn/Code/Stage...
deploy-test	Run pnpm verify	2026-10-07T06:29:18.9816644Z Bundling asset TestStack/EsgExportFn/Code/Stage...
deploy-test	Run pnpm verify	2026-10-07T06:29:20.2567357Z Bundling asset TestStack/CommandPublisherFn/Code/Stage...
deploy-test	Run pnpm verify	2026-10-07T06:29:20.6963638Z  ^[[32m✓^[[39m apps/cloud-api/test/admin-device-console.test.ts ^[[2m(^[[22m^[[2m11 tests^[[22m^[[2m)^[[22m^[[33m 5005^[[2mms^[[22m^[[39m
deploy-test	Run pnpm verify	2026-10-07T06:29:21.2526914Z Bundling asset TestStack/CommandTimeoutFn/Code/Stage...
deploy-test	Run pnpm verify	2026-10-07T06:29:22.2697243Z Bundling asset TestStack/OtaDispatcherFn/Code/Stage...
deploy-test	Run pnpm verify	2026-10-07T06:29:22.5768309Z  ^[[32m✓^[[39m apps/cloud-api/test/admin-ota-campaign.test.ts ^[[2m(^[[22m^[[2m14 tests^[[22m^[[2m)^[[22m^[[33m 5393^[[2mms^[[22m^[[39m
deploy-test	Run pnpm verify	2026-10-07T06:29:23.2641373Z Bundling asset TestStack/OnboardingApiFn/Code/Stage...
deploy-test	Run pnpm verify	2026-10-07T06:29:24.3727370Z Bundling asset TestStack/OnboardingProvisioningFn/Code/Stage...
deploy-test	Run pnpm verify	2026-10-07T06:29:25.2937799Z Bundling asset TestStack/DeviceApiFn/Code/Stage...
deploy-test	Run pnpm verify	2026-10-07T06:29:26.3588624Z Bundling asset TestStack/ApiFn/Code/Stage...
deploy-test	Run pnpm verify	2026-10-07T06:29:31.9479615Z Bundling asset TestStack/IngestionFn/Code/Stage...
deploy-test	Run pnpm verify	2026-10-07T06:29:32.8191736Z Bundling asset TestStack/ArchiveFn/Code/Stage...
deploy-test	Run pnpm verify	2026-10-07T06:29:33.3859417Z  ^[[32m✓^[[39m apps/admin-web/test/device-manage.test.tsx ^[[2m(^[[22m^[[2m28 tests^[[22m^[[2m)^[[22m^[[33m 10065^[[2mms^[[22m^[[39m
deploy-test	Run pnpm verify	2026-10-07T06:29:33.3931136Z    ^[[33m^[[2m✓^[[22m^[[39m 状态矩阵：Active 设备（SuperAdmin）可挂起/退役/改名/轮换，不可分配/恢复 ^[[33m 369^[[2mms^[[22m^[[39m
deploy-test	Run pnpm verify	2026-10-07T06:29:33.3933712Z    ^[[33m^[[2m✓^[[22m^[[39m 挂起：原因必填；确认后提交原因并回源刷新（操作后历史刷新） ^[[33m 485^[[2mms^[[22m^[[39m
deploy-test	Run pnpm verify	2026-10-07T06:29:33.3935461Z    ^[[33m^[[2m✓^[[22m^[[39m 恢复：确认文案含“问题已解决”语义；提交后回源刷新 ^[[33m 423^[[2mms^[[22m^[[39m
deploy-test	Run pnpm verify	2026-10-07T06:29:33.3936888Z    ^[[33m^[[2m✓^[[22m^[[39m 退役：不可恢复警告 + 原因必填；成功后提示等待设备确认 ^[[33m 304^[[2mms^[[22m^[[39m
deploy-test	Run pnpm verify	2026-10-07T06:29:33.3938194Z    ^[[33m^[[2m✓^[[22m^[[39m 退役等待状态：PENDING_CONFIRMATION 展示 72 小时窗口语义；SuperAdmin 可强制完成 ^[[33m 367^[[2mms^[[22m^[[39m
deploy-test	Run pnpm verify	2026-10-07T06:29:33.3939760Z    ^[[33m^[[2m✓^[[22m^[[39m 后端 409 拒绝（DEVICE_STATE_NOT_ALLOWED）正确呈现错误码；403 呈现无权 ^[[33m 388^[[2mms^[[22m^[[39m
deploy-test	Run pnpm verify	2026-10-07T06:29:33.3941128Z    ^[[33m^[[2m✓^[[22m^[[39m 别名：编辑/保存/清除；超长禁用保存；提交后回源刷新 ^[[33m 744^[[2mms^[[22m^[[39m
deploy-test	Run pnpm verify	2026-10-07T06:29:33.3942419Z    ^[[33m^[[2m✓^[[22m^[[39m 别名：空输入保存禁用；超过 64 字符保存禁用 ^[[33m 1378^[[2mms^[[22m^[[39m
deploy-test	Run pnpm verify	2026-10-07T06:29:33.3962772Z    ^[[33m^[[2m✓^[[22m^[[39m 别名按 Unicode 码点计数并在提交前执行 NFC 规范化 ^[[33m 2449^[[2mms^[[22m^[[39m
deploy-test	Run pnpm verify	2026-10-07T06:29:33.3976925Z    ^[[33m^[[2m✓^[[22m^[[39m 别名 If-Match 冲突（VERSION_CONFLICT）提示刷新 ^[[33m 354^[[2mms^[[22m^[[39m
deploy-test	Run pnpm verify	2026-10-07T06:29:33.3978568Z    ^[[33m^[[2m✓^[[22m^[[39m 分配：站点选项随客户过滤；未选齐禁用提交；成功后回源刷新历史 ^[[33m 900^[[2mms^[[22m^[[39m
deploy-test	Run pnpm verify	2026-10-07T06:29:33.3979755Z    ^[[33m^[[2m✓^[[22m^[[39m 分配原因为空时不携带 reason 字段 ^[[33m 521^[[2mms^[[22m^[[39m
deploy-test	Run pnpm verify	2026-10-07T06:29:33.4124944Z Bundling asset TestStack/OutboxPublisherFn/Code/Stage...
deploy-test	Run pnpm verify	2026-10-07T06:29:34.2811663Z Bundling asset TestStack/NotificationPublisherFn/Code/Stage...
deploy-test	Run pnpm verify	2026-10-07T06:29:35.2132506Z Bundling asset TestStack/SummaryFn/Code/Stage...
deploy-test	Run pnpm verify	2026-10-07T06:29:36.3888801Z Bundling asset TestStack/ReplayTriggerPublisherFn/Code/Stage...
deploy-test	Run pnpm verify	2026-10-07T06:29:37.3592521Z Bundling asset TestStack/ReplayFn/Code/Stage...
deploy-test	Run pnpm verify	2026-10-07T06:29:38.4317595Z Bundling asset TestStack/CertPackageSweeperFn/Code/Stage...
deploy-test	Run pnpm verify	2026-10-07T06:29:38.8007903Z  ^[[32m✓^[[39m apps/cloud-api/test/media.test.ts ^[[2m(^[[22m^[[2m12 tests^[[22m^[[2m)^[[22m^[[33m 4177^[[2mms^[[22m^[[39m
deploy-test	Run pnpm verify	2026-10-07T06:29:38.8097466Z      ^[[33m^[[2m✓^[[22m^[[39m 认证与生命周期：无证书/未知证书 → 401；Suspended/Retired/未分配 Customer → 403 ^[[33m 399^[[2mms^[[22m^[[39m
deploy-test	Run pnpm verify	2026-10-07T06:29:39.3246151Z Bundling asset TestStack/OnboardingDeadlineFn/Code/Stage...
deploy-test	Run pnpm verify	2026-10-07T06:29:40.1919689Z Bundling asset TestStack/RetirementTimeoutFn/Code/Stage...
deploy-test	Run pnpm verify	2026-10-07T06:29:41.2354240Z Bundling asset TestStack/ActivityExportFn/Code/Stage...
deploy-test	Run pnpm verify	2026-10-07T06:29:42.5011414Z Bundling asset TestStack/EsgExportFn/Code/Stage...
deploy-test	Run pnpm verify	2026-10-07T06:29:43.4047496Z Bundling asset TestStack/CommandPublisherFn/Code/Stage...
deploy-test	Run pnpm verify	2026-10-07T06:29:44.3834979Z Bundling asset TestStack/CommandTimeoutFn/Code/Stage...
deploy-test	Run pnpm verify	2026-10-07T06:29:44.5657697Z  ^[[32m✓^[[39m apps/cloud-api/test/admin-license.test.ts ^[[2m(^[[22m^[[2m11 tests^[[22m^[[2m)^[[22m^[[33m 4512^[[2mms^[[22m^[[39m
deploy-test	Run pnpm verify	2026-10-07T06:29:44.5777110Z      ^[[33m^[[2m✓^[[22m^[[39m 完整链路：每步状态/签名/历史/审计/通知各一次 ^[[33m 522^[[2mms^[[22m^[[39m
deploy-test	Run pnpm verify	2026-10-07T06:29:44.8727608Z  ^[[32m✓^[[39m apps/admin-web/test/ota.test.tsx ^[[2m(^[[22m^[[2m19 tests^[[22m^[[2m)^[[22m^[[33m 19661^[[2mms^[[22m^[[39m
deploy-test	Run pnpm verify	2026-10-07T06:29:44.8729609Z    ^[[33m^[[2m✓^[[22m^[[39m 包列表：VERIFIED 显示“可发布”徽标；UPLOADED 不可发布；筛选回调 ^[[33m 1476^[[2mms^[[22m^[[39m
deploy-test	Run pnpm verify	2026-10-07T06:29:44.8731067Z    ^[[33m^[[2m✓^[[22m^[[39m 上传会话：字段级校验阻止非法元数据（sha256 非 hex64 → 提交禁用） ^[[33m 2310^[[2mms^[[22m^[[39m
deploy-test	Run pnpm verify	2026-10-07T06:29:44.8732550Z    ^[[33m^[[2m✓^[[22m^[[39m 上传 E2E：创建会话 → 直传 + complete 校验 → VERIFIED 可发布并回源刷新 ^[[33m 4317^[[2mms^[[22m^[[39m
deploy-test	Run pnpm verify	2026-10-07T06:29:44.8733821Z    ^[[33m^[[2m✓^[[22m^[[39m 坏包不可建 Campaign：包下拉仅 VERIFIED 可发布包；校验函数拒绝非 VERIFIED 包 ^[[33m 483^[[2mms^[[22m^[[39m
deploy-test	Run pnpm verify	2026-10-07T06:29:44.8735438Z    ^[[33m^[[2m✓^[[22m^[[39m 创建 Campaign E2E：VERIFIED 包 + 首批 1 台 → RUNNING/CANARY 提示并回源刷新 ^[[33m 1264^[[2mms^[[22m^[[39m
deploy-test	Run pnpm verify	2026-10-07T06:29:44.8736686Z    ^[[33m^[[2m✓^[[22m^[[39m 目标状态看板：total 与 8 状态计数渲染；目标列表批次/状态展示 ^[[33m 501^[[2mms^[[22m^[[39m
deploy-test	Run pnpm verify	2026-10-07T06:29:44.8737953Z    ^[[33m^[[2m✓^[[22m^[[39m 暂停/恢复/取消：RUNNING→已暂停（不再产生新下发）；PAUSED→恢复；取消需明确确认 ^[[33m 1750^[[2mms^[[22m^[[39m
deploy-test	Run pnpm verify	2026-10-07T06:29:44.8739195Z    ^[[33m^[[2m✓^[[22m^[[39m 动作矩阵：终态（COMPLETED/CANCELLED）全部动作禁用；Auditor 无 ota:write 禁用 ^[[33m 686^[[2mms^[[22m^[[39m
deploy-test	Run pnpm verify	2026-10-07T06:29:44.8740639Z    ^[[33m^[[2m✓^[[22m^[[39m 扩大批次：普通角色不能审批最终全量；部分选择仍可提交 ^[[33m 1280^[[2mms^[[22m^[[39m
deploy-test	Run pnpm verify	2026-10-07T06:29:44.8741719Z    ^[[33m^[[2m✓^[[22m^[[39m 扩大批次：最终全量须既有 targets 全部成功并精确确认 ^[[33m 2796^[[2mms^[[22m^[[39m
deploy-test	Run pnpm verify	2026-10-07T06:29:44.8742921Z    ^[[33m^[[2m✓^[[22m^[[39m 失败重试：缺省重试全部 FAILED；勾选子集携 targetIds ^[[33m 1537^[[2mms^[[22m^[[39m
deploy-test	Run pnpm verify	2026-10-07T06:29:44.8744167Z    ^[[33m^[[2m✓^[[22m^[[39m 目标筛选：状态/批次号经 onApplyTargetFilter 应用 ^[[33m 662^[[2mms^[[22m^[[39m
deploy-test	Run pnpm verify	2026-10-07T06:29:45.2269128Z Bundling asset TestStack/OtaDispatcherFn/Code/Stage...
deploy-test	Run pnpm verify	2026-10-07T06:29:46.2423748Z Bundling asset TestStack/OnboardingApiFn/Code/Stage...
deploy-test	Run pnpm verify	2026-10-07T06:29:47.6709084Z Bundling asset TestStack/OnboardingProvisioningFn/Code/Stage...
deploy-test	Run pnpm verify	2026-10-07T06:29:48.8367945Z Bundling asset TestStack/DeviceApiFn/Code/Stage...
deploy-test	Run pnpm verify	2026-10-07T06:29:49.7349645Z ^[[90mstderr^[[2m | apps/ingestion-worker/test/ingest-pipeline.test.ts^[[2m > ^[[22m^[[2mcreateIngestionHandler（BE-IOT-02 校验管线）^[[2m > ^[[22m^[[2m单条坏消息不导致整批重复：坏消息进 Quarantine，其余照常处理
deploy-test	Run pnpm verify	2026-10-07T06:29:49.7367706Z ^[[22m^[[39mingestion message quarantined {
deploy-test	Run pnpm verify	2026-10-07T06:29:49.7390041Z   event: ^[[32m'ingestion.quarantined'^[[39m,
deploy-test	Run pnpm verify	2026-10-07T06:29:49.7406565Z   messageId: ^[[32m'sqs-bad'^[[39m,
deploy-test	Run pnpm verify	2026-10-07T06:29:49.7411712Z   errorType: ^[[32m'INVALID_JSON'^[[39m,
deploy-test	Run pnpm verify	2026-10-07T06:29:49.7412468Z   errorPath: ^[[32m'(root)'^[[39m,
deploy-test	Run pnpm verify	2026-10-07T06:29:49.7413331Z   reason: ^[[32m'message body is not valid JSON'^[[39m
deploy-test	Run pnpm verify	2026-10-07T06:29:49.7413971Z }
deploy-test	Run pnpm verify	2026-10-07T06:29:49.7426518Z 
deploy-test	Run pnpm verify	2026-10-07T06:29:49.7478607Z ^[[90mstderr^[[2m | apps/ingestion-worker/test/ingest-pipeline.test.ts^[[2m > ^[[22m^[[2mcreateIngestionHandler（BE-IOT-02 校验管线）^[[2m > ^[[22m^[[2mQuarantine 投递失败只重试当前记录，批次后续记录继续隔离
deploy-test	Run pnpm verify	2026-10-07T06:29:49.7480589Z ^[[22m^[[39mingestion message quarantined {
deploy-test	Run pnpm verify	2026-10-07T06:29:49.7507024Z   event: ^[[32m'ingestion.quarantined'^[[39m,
deploy-test	Run pnpm verify	2026-10-07T06:29:49.7508146Z   messageId: ^[[32m'sqs-quarantine-down'^[[39m,
deploy-test	Run pnpm verify	2026-10-07T06:29:49.7509220Z   errorType: ^[[32m'INVALID_JSON'^[[39m,
deploy-test	Run pnpm verify	2026-10-07T06:29:49.7509910Z   errorPath: ^[[32m'(root)'^[[39m,
deploy-test	Run pnpm verify	2026-10-07T06:29:49.7510788Z   reason: ^[[32m'message body is not valid JSON'^[[39m
deploy-test	Run pnpm verify	2026-10-07T06:29:49.7511359Z }
deploy-test	Run pnpm verify	2026-10-07T06:29:49.7511598Z 
deploy-test	Run pnpm verify	2026-10-07T06:29:49.7513002Z ^[[90mstderr^[[2m | apps/ingestion-worker/test/ingest-pipeline.test.ts^[[2m > ^[[22m^[[2mcreateIngestionHandler（BE-IOT-02 校验管线）^[[2m > ^[[22m^[[2mQuarantine 投递失败只重试当前记录，批次后续记录继续隔离
deploy-test	Run pnpm verify	2026-10-07T06:29:49.7514255Z ^[[22m^[[39mingestion message quarantined {
deploy-test	Run pnpm verify	2026-10-07T06:29:49.7514965Z   event: ^[[32m'ingestion.quarantined'^[[39m,
deploy-test	Run pnpm verify	2026-10-07T06:29:49.7515740Z   messageId: ^[[32m'sqs-quarantine-next'^[[39m,
deploy-test	Run pnpm verify	2026-10-07T06:29:49.7516499Z   errorType: ^[[32m'INVALID_JSON'^[[39m,
deploy-test	Run pnpm verify	2026-10-07T06:29:49.7517125Z   errorPath: ^[[32m'(root)'^[[39m,
deploy-test	Run pnpm verify	2026-10-07T06:29:49.7517837Z   reason: ^[[32m'message body is not valid JSON'^[[39m
deploy-test	Run pnpm verify	2026-10-07T06:29:49.7518382Z }
deploy-test	Run pnpm verify	2026-10-07T06:29:49.7518600Z 
deploy-test	Run pnpm verify	2026-10-07T06:29:49.7617807Z ^[[90mstderr^[[2m | apps/ingestion-worker/test/ingest-pipeline.test.ts^[[2m > ^[[22m^[[2mcreateIngestionHandler（BE-IOT-02 校验管线）^[[2m > ^[[22m^[[2mSchema 违规进 Quarantine（含错误路径）；字段范围由 Schema 覆盖
deploy-test	Run pnpm verify	2026-10-07T06:29:49.7646527Z ^[[22m^[[39mingestion message quarantined {
deploy-test	Run pnpm verify	2026-10-07T06:29:49.7647653Z   event: ^[[32m'ingestion.quarantined'^[[39m,
deploy-test	Run pnpm verify	2026-10-07T06:29:49.7676384Z   messageId: ^[[32m'sqs-1'^[[39m,
deploy-test	Run pnpm verify	2026-10-07T06:29:49.7706705Z   errorType: ^[[32m'SCHEMA_VIOLATION'^[[39m,
deploy-test	Run pnpm verify	2026-10-07T06:29:49.7724909Z   errorPath: ^[[32m'data.deviceStatus'^[[39m,
deploy-test	Run pnpm verify	2026-10-07T06:29:49.7729151Z   reason: ^[[32m'payload violates heartbeat.schema.json: 非法枚举值 "BROKEN"，允许值: ONLINE, DEGRADED, OFFLINE'^[[39m,
deploy-test	Run pnpm verify	2026-10-07T06:29:49.7730677Z   iotTopic: ^[[32m'bnx/device/dev-ing-5/heartbeat'^[[39m,
deploy-test	Run pnpm verify	2026-10-07T06:29:49.7731571Z   iotDeviceId: ^[[32m'dev-ing-5'^[[39m
deploy-test	Run pnpm verify	2026-10-07T06:29:49.7732377Z }
deploy-test	Run pnpm verify	2026-10-07T06:29:49.7732738Z 
deploy-test	Run pnpm verify	2026-10-07T06:29:49.8348411Z ^[[90mstderr^[[2m | apps/ingestion-worker/test/ingest-pipeline.test.ts^[[2m > ^[[22m^[[2mcreateIngestionHandler（BE-IOT-02 校验管线）^[[2m > ^[[22m^[[2mDEC-013：兼容截止边界起旧格式进入 Quarantine
deploy-test	Run pnpm verify	2026-10-07T06:29:49.8350689Z ^[[22m^[[39mingestion message quarantined {
deploy-test	Run pnpm verify	2026-10-07T06:29:49.8376993Z   event: ^[[32m'ingestion.quarantined'^[[39m,
deploy-test	Run pnpm verify	2026-10-07T06:29:49.8396690Z   messageId: ^[[32m'sqs-expired'^[[39m,
deploy-test	Run pnpm verify	2026-10-07T06:29:49.8397461Z   errorType: ^[[32m'SCHEMA_VIOLATION'^[[39m,
deploy-test	Run pnpm verify	2026-10-07T06:29:49.8398182Z   errorPath: ^[[32m'data'^[[39m,
deploy-test	Run pnpm verify	2026-10-07T06:29:49.8399347Z   reason: ^[[32m'LEGACY_FORMAT_EXPIRED: DEC-013 legacy compatibility expired at 2026-12-03T09:46:26Z'^[[39m,
deploy-test	Run pnpm verify	2026-10-07T06:29:49.8400592Z   iotTopic: ^[[32m'bnx/device/dev-ing-8/heartbeat'^[[39m,
deploy-test	Run pnpm verify	2026-10-07T06:29:49.8401494Z   iotDeviceId: ^[[32m'dev-ing-8'^[[39m
deploy-test	Run pnpm verify	2026-10-07T06:29:49.8402085Z }
deploy-test	Run pnpm verify	2026-10-07T06:29:49.8402470Z 
deploy-test	Run pnpm verify	2026-10-07T06:29:49.8478452Z ^[[90mstderr^[[2m | apps/ingestion-worker/test/ingest-pipeline.test.ts^[[2m > ^[[22m^[[2mcreateIngestionHandler（BE-IOT-02 校验管线）^[[2m > ^[[22m^[[2mDEC-013：Audited Topic 验证 RFC 8785 audit.hash，不匹配时隔离
deploy-test	Run pnpm verify	2026-10-07T06:29:49.8480565Z ^[[22m^[[39mingestion message quarantined {
deploy-test	Run pnpm verify	2026-10-07T06:29:49.8481374Z   event: ^[[32m'ingestion.quarantined'^[[39m,
deploy-test	Run pnpm verify	2026-10-07T06:29:49.8482196Z   messageId: ^[[32m'sqs-audit-bad'^[[39m,
deploy-test	Run pnpm verify	2026-10-07T06:29:49.8483010Z   errorType: ^[[32m'AUDIT_HASH_MISMATCH'^[[39m,
deploy-test	Run pnpm verify	2026-10-07T06:29:49.8483766Z   errorPath: ^[[32m'audit.hash'^[[39m,
deploy-test	Run pnpm verify	2026-10-07T06:29:49.8484533Z   reason: ^[[32m'audit.hash must equal SHA-256(RFC8785({meta,data}))'^[[39m,
deploy-test	Run pnpm verify	2026-10-07T06:29:49.8485561Z   iotTopic: ^[[32m'bnx/device/dev-ing-9/telemetry'^[[39m,
deploy-test	Run pnpm verify	2026-10-07T06:29:49.8486283Z   iotDeviceId: ^[[32m'dev-ing-9'^[[39m
deploy-test	Run pnpm verify	2026-10-07T06:29:49.8486889Z }
deploy-test	Run pnpm verify	2026-10-07T06:29:49.8487676Z 
deploy-test	Run pnpm verify	2026-10-07T06:29:49.8684572Z ^[[90mstderr^[[2m | apps/ingestion-worker/test/ingest-pipeline.test.ts^[[2m > ^[[22m^[[2mcreateIngestionHandler（BE-IOT-02 校验管线）^[[2m > ^[[22m^[[2m身份违规进 Quarantine：未知/撤销证书、非审批态 PENDING_CLAIM、Topic 绑定不一致
deploy-test	Run pnpm verify	2026-10-07T06:29:49.8689727Z ^[[22m^[[39mingestion message quarantined {
deploy-test	Run pnpm verify	2026-10-07T06:29:49.8690861Z   event: ^[[32m'ingestion.quarantined'^[[39m,
deploy-test	Run pnpm verify	2026-10-07T06:29:49.8691716Z   messageId: ^[[32m'sqs-unknown'^[[39m,
deploy-test	Run pnpm verify	2026-10-07T06:29:49.8692574Z   errorType: ^[[32m'UNKNOWN_DEVICE'^[[39m,
deploy-test	Run pnpm verify	2026-10-07T06:29:49.8693340Z   errorPath: ^[[32m'iotPrincipal'^[[39m,
deploy-test	Run pnpm verify	2026-10-07T06:29:49.8694665Z   reason: ^[[32m'certificate not registered in device ledger'^[[39m,
deploy-test	Run pnpm verify	2026-10-07T06:29:49.8695975Z   iotTopic: ^[[32m'bnx/device/dev-ing-10/heartbeat'^[[39m,
deploy-test	Run pnpm verify	2026-10-07T06:29:49.8696857Z   iotDeviceId: ^[[32m'dev-ing-10'^[[39m
deploy-test	Run pnpm verify	2026-10-07T06:29:49.8697680Z }
deploy-test	Run pnpm verify	2026-10-07T06:29:49.8698059Z 
deploy-test	Run pnpm verify	2026-10-07T06:29:49.8736631Z ^[[90mstderr^[[2m | apps/ingestion-worker/test/ingest-pipeline.test.ts^[[2m > ^[[22m^[[2mcreateIngestionHandler（BE-IOT-02 校验管线）^[[2m > ^[[22m^[[2m身份违规进 Quarantine：未知/撤销证书、非审批态 PENDING_CLAIM、Topic 绑定不一致
deploy-test	Run pnpm verify	2026-10-07T06:29:49.8756579Z ^[[22m^[[39mingestion message quarantined {
deploy-test	Run pnpm verify	2026-10-07T06:29:49.8757787Z   event: ^[[32m'ingestion.quarantined'^[[39m,
deploy-test	Run pnpm verify	2026-10-07T06:29:49.8942660Z   messageId: ^[[32m'sqs-revoked'^[[39m,
deploy-test	Run pnpm verify	2026-10-07T06:29:49.8943514Z   errorType: ^[[32m'IDENTITY_VIOLATION'^[[39m,
deploy-test	Run pnpm verify	2026-10-07T06:29:49.8944337Z   errorPath: ^[[32m'iotPrincipal'^[[39m,
deploy-test	Run pnpm verify	2026-10-07T06:29:49.8945488Z   reason: ^[[32m'certificate is neither ACTIVE nor an approved onboarding certificate'^[[39m,
deploy-test	Run pnpm verify	2026-10-07T06:29:49.8946511Z   iotTopic: ^[[32m'bnx/device/dev-ing-12/heartbeat'^[[39m,
deploy-test	Run pnpm verify	2026-10-07T06:29:49.8947234Z   iotDeviceId: ^[[32m'dev-ing-12'^[[39m
deploy-test	Run pnpm verify	2026-10-07T06:29:49.8947764Z }
deploy-test	Run pnpm verify	2026-10-07T06:29:49.8948158Z 
deploy-test	Run pnpm verify	2026-10-07T06:29:49.8949717Z ^[[90mstderr^[[2m | apps/ingestion-worker/test/ingest-pipeline.test.ts^[[2m > ^[[22m^[[2mcreateIngestionHandler（BE-IOT-02 校验管线）^[[2m > ^[[22m^[[2m身份违规进 Quarantine：未知/撤销证书、非审批态 PENDING_CLAIM、Topic 绑定不一致
deploy-test	Run pnpm verify	2026-10-07T06:29:49.8951185Z ^[[22m^[[39mingestion message quarantined {
deploy-test	Run pnpm verify	2026-10-07T06:29:49.8952110Z   event: ^[[32m'ingestion.quarantined'^[[39m,
deploy-test	Run pnpm verify	2026-10-07T06:29:49.8952853Z   messageId: ^[[32m'sqs-unapproved-pending'^[[39m,
deploy-test	Run pnpm verify	2026-10-07T06:29:49.8953561Z   errorType: ^[[32m'IDENTITY_VIOLATION'^[[39m,
deploy-test	Run pnpm verify	2026-10-07T06:29:49.8954249Z   errorPath: ^[[32m'iotPrincipal'^[[39m,
deploy-test	Run pnpm verify	2026-10-07T06:29:49.8955465Z   reason: ^[[32m'certificate is neither ACTIVE nor an approved onboarding certificate'^[[39m,
deploy-test	Run pnpm verify	2026-10-07T06:29:49.8956547Z   iotTopic: ^[[32m'bnx/device/dev-ing-13/heartbeat'^[[39m,
deploy-test	Run pnpm verify	2026-10-07T06:29:49.8957270Z   iotDeviceId: ^[[32m'dev-ing-13'^[[39m
deploy-test	Run pnpm verify	2026-10-07T06:29:49.8957778Z }
deploy-test	Run pnpm verify	2026-10-07T06:29:49.8958063Z 
deploy-test	Run pnpm verify	2026-10-07T06:29:49.8959639Z ^[[90mstderr^[[2m | apps/ingestion-worker/test/ingest-pipeline.test.ts^[[2m > ^[[22m^[[2mcreateIngestionHandler（BE-IOT-02 校验管线）^[[2m > ^[[22m^[[2m身份违规进 Quarantine：未知/撤销证书、非审批态 PENDING_CLAIM、Topic 绑定不一致
deploy-test	Run pnpm verify	2026-10-07T06:29:49.8961126Z ^[[22m^[[39mingestion message quarantined {
deploy-test	Run pnpm verify	2026-10-07T06:29:49.8961811Z   event: ^[[32m'ingestion.quarantined'^[[39m,
deploy-test	Run pnpm verify	2026-10-07T06:29:49.8962472Z   messageId: ^[[32m'sqs-mismatch'^[[39m,
deploy-test	Run pnpm verify	2026-10-07T06:29:49.8963138Z   errorType: ^[[32m'IDENTITY_VIOLATION'^[[39m,
deploy-test	Run pnpm verify	2026-10-07T06:29:49.8963781Z   errorPath: ^[[32m'iotDeviceId'^[[39m,
deploy-test	Run pnpm verify	2026-10-07T06:29:49.8964573Z   reason: ^[[32m'topic device does not match certificate binding'^[[39m,
deploy-test	Run pnpm verify	2026-10-07T06:29:49.8966144Z   iotTopic: ^[[32m'bnx/device/dev-ing-11/heartbeat'^[[39m,
deploy-test	Run pnpm verify	2026-10-07T06:29:49.8966865Z   iotDeviceId: ^[[32m'dev-ing-11'^[[39m
deploy-test	Run pnpm verify	2026-10-07T06:29:49.8967416Z }
deploy-test	Run pnpm verify	2026-10-07T06:29:49.8967695Z 
deploy-test	Run pnpm verify	2026-10-07T06:29:49.8969136Z ^[[90mstderr^[[2m | apps/ingestion-worker/test/ingest-pipeline.test.ts^[[2m > ^[[22m^[[2mcreateIngestionHandler（BE-IOT-02 校验管线）^[[2m > ^[[22m^[[2mRetired 设备即使证书仍 ACTIVE，八类业务 MQTT 也全部失败关闭
deploy-test	Run pnpm verify	2026-10-07T06:29:49.8970435Z ^[[22m^[[39mingestion message quarantined {
deploy-test	Run pnpm verify	2026-10-07T06:29:49.8971113Z   event: ^[[32m'ingestion.quarantined'^[[39m,
deploy-test	Run pnpm verify	2026-10-07T06:29:49.8971807Z   messageId: ^[[32m'sqs-retired-heartbeat'^[[39m,
deploy-test	Run pnpm verify	2026-10-07T06:29:49.8972510Z   errorType: ^[[32m'IDENTITY_VIOLATION'^[[39m,
deploy-test	Run pnpm verify	2026-10-07T06:29:49.8973207Z   errorPath: ^[[32m'iotDeviceId'^[[39m,
deploy-test	Run pnpm verify	2026-10-07T06:29:49.8974118Z   reason: ^[[32m'retired device business MQTT is disabled'^[[39m,
deploy-test	Run pnpm verify	2026-10-07T06:29:49.8975040Z   iotTopic: ^[[32m'bnx/device/dev-ing-14/heartbeat'^[[39m,
deploy-test	Run pnpm verify	2026-10-07T06:29:49.8975899Z   iotDeviceId: ^[[32m'dev-ing-14'^[[39m
deploy-test	Run pnpm verify	2026-10-07T06:29:49.8976430Z }
deploy-test	Run pnpm verify	2026-10-07T06:29:49.8976707Z 
deploy-test	Run pnpm verify	2026-10-07T06:29:49.8977976Z ^[[90mstderr^[[2m | apps/ingestion-worker/test/ingest-pipeline.test.ts^[[2m > ^[[22m^[[2mcreateIngestionHandler（BE-IOT-02 校验管线）^[[2m > ^[[22m^[[2mRetired 设备即使证书仍 ACTIVE，八类业务 MQTT 也全部失败关闭
deploy-test	Run pnpm verify	2026-10-07T06:29:49.8979538Z ^[[22m^[[39mingestion message quarantined {
deploy-test	Run pnpm verify	2026-10-07T06:29:49.8980263Z   event: ^[[32m'ingestion.quarantined'^[[39m,
deploy-test	Run pnpm verify	2026-10-07T06:29:49.8980981Z   messageId: ^[[32m'sqs-retired-telemetry'^[[39m,
deploy-test	Run pnpm verify	2026-10-07T06:29:49.8981708Z   errorType: ^[[32m'IDENTITY_VIOLATION'^[[39m,
deploy-test	Run pnpm verify	2026-10-07T06:29:49.8982355Z   errorPath: ^[[32m'iotDeviceId'^[[39m,
deploy-test	Run pnpm verify	2026-10-07T06:29:49.8983109Z   reason: ^[[32m'retired device business MQTT is disabled'^[[39m,
deploy-test	Run pnpm verify	2026-10-07T06:29:49.8983923Z   iotTopic: ^[[32m'bnx/device/dev-ing-14/telemetry'^[[39m,
deploy-test	Run pnpm verify	2026-10-07T06:29:49.8984627Z   iotDeviceId: ^[[32m'dev-ing-14'^[[39m
deploy-test	Run pnpm verify	2026-10-07T06:29:49.8985245Z }
deploy-test	Run pnpm verify	2026-10-07T06:29:49.8985556Z 
deploy-test	Run pnpm verify	2026-10-07T06:29:49.9029508Z ^[[90mstderr^[[2m | apps/ingestion-worker/test/ingest-pipeline.test.ts^[[2m > ^[[22m^[[2mcreateIngestionHandler（BE-IOT-02 校验管线）^[[2m > ^[[22m^[[2mRetired 设备即使证书仍 ACTIVE，八类业务 MQTT 也全部失败关闭
deploy-test	Run pnpm verify	2026-10-07T06:29:49.9033656Z ^[[22m^[[39mingestion message quarantined {
deploy-test	Run pnpm verify	2026-10-07T06:29:49.9034568Z   event: ^[[32m'ingestion.quarantined'^[[39m,
deploy-test	Run pnpm verify	2026-10-07T06:29:49.9035554Z   messageId: ^[[32m'sqs-retired-report'^[[39m,
deploy-test	Run pnpm verify	2026-10-07T06:29:49.9036310Z   errorType: ^[[32m'IDENTITY_VIOLATION'^[[39m,
deploy-test	Run pnpm verify	2026-10-07T06:29:49.9037021Z   errorPath: ^[[32m'iotDeviceId'^[[39m,
deploy-test	Run pnpm verify	2026-10-07T06:29:49.9037820Z   reason: ^[[32m'retired device business MQTT is disabled'^[[39m,
deploy-test	Run pnpm verify	2026-10-07T06:29:49.9038663Z   iotTopic: ^[[32m'bnx/device/dev-ing-14/report'^[[39m,
deploy-test	Run pnpm verify	2026-10-07T06:29:49.9039390Z   iotDeviceId: ^[[32m'dev-ing-14'^[[39m
deploy-test	Run pnpm verify	2026-10-07T06:29:49.9039942Z }
deploy-test	Run pnpm verify	2026-10-07T06:29:49.9040284Z 
deploy-test	Run pnpm verify	2026-10-07T06:29:49.9067117Z ^[[90mstderr^[[2m | apps/ingestion-worker/test/ingest-pipeline.test.ts^[[2m > ^[[22m^[[2mcreateIngestionHandler（BE-IOT-02 校验管线）^[[2m > ^[[22m^[[2mRetired 设备即使证书仍 ACTIVE，八类业务 MQTT 也全部失败关闭
deploy-test	Run pnpm verify	2026-10-07T06:29:49.9068701Z ^[[22m^[[39mingestion message quarantined {
deploy-test	Run pnpm verify	2026-10-07T06:29:49.9069426Z   event: ^[[32m'ingestion.quarantined'^[[39m,
deploy-test	Run pnpm verify	2026-10-07T06:29:49.9070136Z   messageId: ^[[32m'sqs-retired-alarm'^[[39m,
deploy-test	Run pnpm verify	2026-10-07T06:29:49.9070823Z   errorType: ^[[32m'IDENTITY_VIOLATION'^[[39m,
deploy-test	Run pnpm verify	2026-10-07T06:29:49.9071572Z   errorPath: ^[[32m'iotDeviceId'^[[39m,
deploy-test	Run pnpm verify	2026-10-07T06:29:49.9072386Z   reason: ^[[32m'retired device business MQTT is disabled'^[[39m,
deploy-test	Run pnpm verify	2026-10-07T06:29:49.9073217Z   iotTopic: ^[[32m'bnx/device/dev-ing-14/alarm'^[[39m,
deploy-test	Run pnpm verify	2026-10-07T06:29:49.9073939Z   iotDeviceId: ^[[32m'dev-ing-14'^[[39m
deploy-test	Run pnpm verify	2026-10-07T06:29:49.9074536Z }
deploy-test	Run pnpm verify	2026-10-07T06:29:49.9074788Z 
deploy-test	Run pnpm verify	2026-10-07T06:29:49.9107632Z ^[[90mstderr^[[2m | apps/ingestion-worker/test/ingest-pipeline.test.ts^[[2m > ^[[22m^[[2mcreateIngestionHandler（BE-IOT-02 校验管线）^[[2m > ^[[22m^[[2mRetired 设备即使证书仍 ACTIVE，八类业务 MQTT 也全部失败关闭
deploy-test	Run pnpm verify	2026-10-07T06:29:49.9136115Z ^[[22m^[[39mingestion message quarantined {
deploy-test	Run pnpm verify	2026-10-07T06:29:49.9165898Z   event: ^[[32m'ingestion.quarantined'^[[39m,
deploy-test	Run pnpm verify	2026-10-07T06:29:49.9186194Z   messageId: ^[[32m'sqs-retired-event'^[[39m,
deploy-test	Run pnpm verify	2026-10-07T06:29:49.9211331Z   errorType: ^[[32m'IDENTITY_VIOLATION'^[[39m,
deploy-test	Run pnpm verify	2026-10-07T06:29:49.9212495Z   errorPath: ^[[32m'iotDeviceId'^[[39m,
deploy-test	Run pnpm verify	2026-10-07T06:29:49.9213192Z   reason: ^[[32m'retired device business MQTT is disabled'^[[39m,
deploy-test	Run pnpm verify	2026-10-07T06:29:49.9214366Z   iotTopic: ^[[32m'bnx/device/dev-ing-14/event'^[[39m,
deploy-test	Run pnpm verify	2026-10-07T06:29:49.9236292Z   iotDeviceId: ^[[32m'dev-ing-14'^[[39m
deploy-test	Run pnpm verify	2026-10-07T06:29:49.9236925Z }
deploy-test	Run pnpm verify	2026-10-07T06:29:49.9237321Z 
deploy-test	Run pnpm verify	2026-10-07T06:29:49.9238967Z ^[[90mstderr^[[2m | apps/ingestion-worker/test/ingest-pipeline.test.ts^[[2m > ^[[22m^[[2mcreateIngestionHandler（BE-IOT-02 校验管线）^[[2m > ^[[22m^[[2mRetired 设备即使证书仍 ACTIVE，八类业务 MQTT 也全部失败关闭
deploy-test	Run pnpm verify	2026-10-07T06:29:49.9240577Z ^[[22m^[[39mingestion message quarantined {
deploy-test	Run pnpm verify	2026-10-07T06:29:49.9241290Z   event: ^[[32m'ingestion.quarantined'^[[39m,
deploy-test	Run pnpm verify	2026-10-07T06:29:49.9242008Z   messageId: ^[[32m'sqs-retired-ack'^[[39m,
deploy-test	Run pnpm verify	2026-10-07T06:29:49.9242697Z   errorType: ^[[32m'IDENTITY_VIOLATION'^[[39m,
deploy-test	Run pnpm verify	2026-10-07T06:29:49.9243370Z   errorPath: ^[[32m'iotDeviceId'^[[39m,
deploy-test	Run pnpm verify	2026-10-07T06:29:49.9244166Z   reason: ^[[32m'retired device business MQTT is disabled'^[[39m,
deploy-test	Run pnpm verify	2026-10-07T06:29:49.9244984Z   iotTopic: ^[[32m'bnx/device/dev-ing-14/ack'^[[39m,
deploy-test	Run pnpm verify	2026-10-07T06:29:49.9245834Z   iotDeviceId: ^[[32m'dev-ing-14'^[[39m
deploy-test	Run pnpm verify	2026-10-07T06:29:49.9246354Z }
deploy-test	Run pnpm verify	2026-10-07T06:29:49.9246600Z 
deploy-test	Run pnpm verify	2026-10-07T06:29:49.9247938Z ^[[90mstderr^[[2m | apps/ingestion-worker/test/ingest-pipeline.test.ts^[[2m > ^[[22m^[[2mcreateIngestionHandler（BE-IOT-02 校验管线）^[[2m > ^[[22m^[[2mRetired 设备即使证书仍 ACTIVE，八类业务 MQTT 也全部失败关闭
deploy-test	Run pnpm verify	2026-10-07T06:29:49.9249300Z ^[[22m^[[39mingestion message quarantined {
deploy-test	Run pnpm verify	2026-10-07T06:29:49.9250012Z   event: ^[[32m'ingestion.quarantined'^[[39m,
deploy-test	Run pnpm verify	2026-10-07T06:29:49.9250725Z   messageId: ^[[32m'sqs-retired-tamper'^[[39m,
deploy-test	Run pnpm verify	2026-10-07T06:29:49.9251409Z   errorType: ^[[32m'IDENTITY_VIOLATION'^[[39m,
deploy-test	Run pnpm verify	2026-10-07T06:29:49.9252067Z   errorPath: ^[[32m'iotDeviceId'^[[39m,
deploy-test	Run pnpm verify	2026-10-07T06:29:49.9252821Z   reason: ^[[32m'retired device business MQTT is disabled'^[[39m,
deploy-test	Run pnpm verify	2026-10-07T06:29:49.9253633Z   iotTopic: ^[[32m'bnx/device/dev-ing-14/tamper'^[[39m,
deploy-test	Run pnpm verify	2026-10-07T06:29:49.9254331Z   iotDeviceId: ^[[32m'dev-ing-14'^[[39m
deploy-test	Run pnpm verify	2026-10-07T06:29:49.9254843Z }
deploy-test	Run pnpm verify	2026-10-07T06:29:49.9255263Z 
deploy-test	Run pnpm verify	2026-10-07T06:29:49.9256570Z ^[[90mstderr^[[2m | apps/ingestion-worker/test/ingest-pipeline.test.ts^[[2m > ^[[22m^[[2mcreateIngestionHandler（BE-IOT-02 校验管线）^[[2m > ^[[22m^[[2mRetired 设备即使证书仍 ACTIVE，八类业务 MQTT 也全部失败关闭
deploy-test	Run pnpm verify	2026-10-07T06:29:49.9257816Z ^[[22m^[[39mingestion message quarantined {
deploy-test	Run pnpm verify	2026-10-07T06:29:49.9258475Z   event: ^[[32m'ingestion.quarantined'^[[39m,
deploy-test	Run pnpm verify	2026-10-07T06:29:49.9259148Z   messageId: ^[[32m'sqs-retired-media'^[[39m,
deploy-test	Run pnpm verify	2026-10-07T06:29:49.9259820Z   errorType: ^[[32m'IDENTITY_VIOLATION'^[[39m,
deploy-test	Run pnpm verify	2026-10-07T06:29:49.9260475Z   errorPath: ^[[32m'iotDeviceId'^[[39m,
deploy-test	Run pnpm verify	2026-10-07T06:29:49.9261226Z   reason: ^[[32m'retired device business MQTT is disabled'^[[39m,
deploy-test	Run pnpm verify	2026-10-07T06:29:49.9283521Z   iotTopic: ^[[32m'bnx/device/dev-ing-14/media'^[[39m,
deploy-test	Run pnpm verify	2026-10-07T06:29:49.9284363Z   iotDeviceId: ^[[32m'dev-ing-14'^[[39m
deploy-test	Run pnpm verify	2026-10-07T06:29:49.9284905Z }
deploy-test	Run pnpm verify	2026-10-07T06:29:49.9285401Z 
deploy-test	Run pnpm verify	2026-10-07T06:29:49.9321558Z ^[[90mstderr^[[2m | apps/ingestion-worker/test/ingest-pipeline.test.ts^[[2m > ^[[22m^[[2mcreateIngestionHandler（BE-IOT-02 校验管线）^[[2m > ^[[22m^[[2m时钟偏差超阈值进 Quarantine（CLOCK_SKEW，路径 meta.ts）
deploy-test	Run pnpm verify	2026-10-07T06:29:49.9323039Z ^[[22m^[[39mingestion message quarantined {
deploy-test	Run pnpm verify	2026-10-07T06:29:49.9323787Z   event: ^[[32m'ingestion.quarantined'^[[39m,
deploy-test	Run pnpm verify	2026-10-07T06:29:49.9324516Z   messageId: ^[[32m'sqs-1'^[[39m,
deploy-test	Run pnpm verify	2026-10-07T06:29:49.9325235Z   errorType: ^[[32m'CLOCK_SKEW'^[[39m,
deploy-test	Run pnpm verify	2026-10-07T06:29:49.9325899Z   errorPath: ^[[32m'meta.ts'^[[39m,
deploy-test	Run pnpm verify	2026-10-07T06:29:49.9326870Z   reason: ^[[32m'device timestamp outside allowed window: skew 3600s, past 300s, future 300s'^[[39m,
deploy-test	Run pnpm verify	2026-10-07T06:29:49.9327919Z   iotTopic: ^[[32m'bnx/device/dev-ing-15/heartbeat'^[[39m,
deploy-test	Run pnpm verify	2026-10-07T06:29:49.9328637Z   iotDeviceId: ^[[32m'dev-ing-15'^[[39m
deploy-test	Run pnpm verify	2026-10-07T06:29:49.9329203Z }
deploy-test	Run pnpm verify	2026-10-07T06:29:49.9329542Z 
deploy-test	Run pnpm verify	2026-10-07T06:29:49.9490283Z ^[[90mstderr^[[2m | apps/ingestion-worker/test/ingest-pipeline.test.ts^[[2m > ^[[22m^[[2mcreateIngestionHandler（BE-IOT-02 校验管线）^[[2m > ^[[22m^[[2mEnvelope 失败关闭：字段缺失、Topic 上下文不一致及额外 iot* 字段均隔离
deploy-test	Run pnpm verify	2026-10-07T06:29:49.9506007Z ^[[22m^[[39mingestion message quarantined {
deploy-test	Run pnpm verify	2026-10-07T06:29:49.9507439Z   event: ^[[32m'ingestion.quarantined'^[[39m,
deploy-test	Run pnpm verify	2026-10-07T06:29:49.9508456Z   messageId: ^[[32m'sqs-missing'^[[39m,
deploy-test	Run pnpm verify	2026-10-07T06:29:49.9508995Z   errorType: ^[[32m'INVALID_ENVELOPE'^[[39m,
deploy-test	Run pnpm verify	2026-10-07T06:29:49.9509523Z   errorPath: ^[[32m'iotPrincipal'^[[39m,
deploy-test	Run pnpm verify	2026-10-07T06:29:49.9510058Z   reason: ^[[32m'iotPrincipal missing'^[[39m
deploy-test	Run pnpm verify	2026-10-07T06:29:49.9510430Z }
deploy-test	Run pnpm verify	2026-10-07T06:29:49.9510571Z 
deploy-test	Run pnpm verify	2026-10-07T06:29:49.9511835Z ^[[90mstderr^[[2m | apps/ingestion-worker/test/ingest-pipeline.test.ts^[[2m > ^[[22m^[[2mcreateIngestionHandler（BE-IOT-02 校验管线）^[[2m > ^[[22m^[[2mEnvelope 失败关闭：字段缺失、Topic 上下文不一致及额外 iot* 字段均隔离
deploy-test	Run pnpm verify	2026-10-07T06:29:49.9513090Z ^[[22m^[[39mingestion message quarantined {
deploy-test	Run pnpm verify	2026-10-07T06:29:49.9513607Z   event: ^[[32m'ingestion.quarantined'^[[39m,
deploy-test	Run pnpm verify	2026-10-07T06:29:49.9514132Z   messageId: ^[[32m'sqs-mismatch'^[[39m,
deploy-test	Run pnpm verify	2026-10-07T06:29:49.9514725Z   errorType: ^[[32m'INVALID_ENVELOPE'^[[39m,
deploy-test	Run pnpm verify	2026-10-07T06:29:49.9515472Z   errorPath: ^[[32m'iotType'^[[39m,
deploy-test	Run pnpm verify	2026-10-07T06:29:49.9516093Z   reason: ^[[32m'iotType missing or inconsistent with iotTopic'^[[39m
deploy-test	Run pnpm verify	2026-10-07T06:29:49.9516633Z }
deploy-test	Run pnpm verify	2026-10-07T06:29:49.9516787Z 
deploy-test	Run pnpm verify	2026-10-07T06:29:49.9518023Z ^[[90mstderr^[[2m | apps/ingestion-worker/test/ingest-pipeline.test.ts^[[2m > ^[[22m^[[2mcreateIngestionHandler（BE-IOT-02 校验管线）^[[2m > ^[[22m^[[2mEnvelope 失败关闭：字段缺失、Topic 上下文不一致及额外 iot* 字段均隔离
deploy-test	Run pnpm verify	2026-10-07T06:29:49.9519215Z ^[[22m^[[39mingestion message quarantined {
deploy-test	Run pnpm verify	2026-10-07T06:29:49.9519744Z   event: ^[[32m'ingestion.quarantined'^[[39m,
deploy-test	Run pnpm verify	2026-10-07T06:29:49.9520294Z   messageId: ^[[32m'sqs-device-mismatch'^[[39m,
deploy-test	Run pnpm verify	2026-10-07T06:29:49.9520848Z   errorType: ^[[32m'INVALID_ENVELOPE'^[[39m,
deploy-test	Run pnpm verify	2026-10-07T06:29:49.9521352Z   errorPath: ^[[32m'iotDeviceId'^[[39m,
deploy-test	Run pnpm verify	2026-10-07T06:29:49.9521988Z   reason: ^[[32m'iotDeviceId is inconsistent with iotTopic'^[[39m
deploy-test	Run pnpm verify	2026-10-07T06:29:49.9522481Z }
deploy-test	Run pnpm verify	2026-10-07T06:29:49.9522634Z 
deploy-test	Run pnpm verify	2026-10-07T06:29:49.9547466Z ^[[90mstderr^[[2m | apps/ingestion-worker/test/ingest-pipeline.test.ts^[[2m > ^[[22m^[[2mcreateIngestionHandler（BE-IOT-02 校验管线）^[[2m > ^[[22m^[[2mEnvelope 失败关闭：字段缺失、Topic 上下文不一致及额外 iot* 字段均隔离
deploy-test	Run pnpm verify	2026-10-07T06:29:49.9653006Z ^[[22m^[[39mingestion message quarantined {
deploy-test	Run pnpm verify	2026-10-07T06:29:49.9696541Z   event: ^[[32m'ingestion.quarantined'^[[39m,
deploy-test	Run pnpm verify	2026-10-07T06:29:49.9746436Z   messageId: ^[[32m'sqs-extra-iot'^[[39m,
deploy-test	Run pnpm verify	2026-10-07T06:29:49.9818050Z   errorType: ^[[32m'SCHEMA_VIOLATION'^[[39m,
deploy-test	Run pnpm verify	2026-10-07T06:29:49.9841365Z  ^[[32m✓^[[39m apps/ingestion-worker/test/ingest-pipeline.test.ts ^[[2m(^[[22m^[[2m15 tests^[[22m^[[2m)^[[22m^[[33m 4716^[[2mms^[[22m^[[39m
deploy-test	Run pnpm verify	2026-10-07T06:29:49.9868861Z   errorPath: ^[[32m'(root)'^[[39m,
deploy-test	Run pnpm verify	2026-10-07T06:29:49.9877432Z      ^[[33m^[[2m✓^[[22m^[[39m 生产组合根闭环：SQS → 身份/Schema 校验 → Heartbeat → Onboarded ^[[33m 556^[[2mms^[[22m^[[39m
deploy-test	Run pnpm verify	2026-10-07T06:29:49.9898009Z   reason: ^[[32m'payload violates heartbeat.schema.json: 不允许的额外字段 iotSpoofedContext'^[[39m,
deploy-test	Run pnpm verify	2026-10-07T06:29:49.9901587Z   iotTopic: ^[[32m'bnx/device/dev-ing-17/heartbeat'^[[39m,
deploy-test	Run pnpm verify	2026-10-07T06:29:49.9903029Z   iotDeviceId: ^[[32m'dev-ing-17'^[[39m
deploy-test	Run pnpm verify	2026-10-07T06:29:49.9903708Z }
deploy-test	Run pnpm verify	2026-10-07T06:29:49.9904068Z 
deploy-test	Run pnpm verify	2026-10-07T06:29:49.9989864Z Bundling asset TestStack/ApiFn/Code/Stage...
deploy-test	Run pnpm verify	2026-10-07T06:29:51.7145627Z  ^[[32m✓^[[39m apps/cloud-api/test/device-sync.test.ts ^[[2m(^[[22m^[[2m13 tests^[[22m^[[2m)^[[22m^[[33m 5464^[[2mms^[[22m^[[39m
deploy-test	Run pnpm verify	2026-10-07T06:29:51.7148064Z      ^[[33m^[[2m✓^[[22m^[[39m 六域齐备：Assignment/Alias/License+签名/Device Users+验证材料/Configuration/Operational Status ^[[33m 505^[[2mms^[[22m^[[39m
deploy-test	Run pnpm verify	2026-10-07T06:29:52.9205349Z Bundling asset TestStack/IngestionFn/Code/Stage...
deploy-test	Run pnpm verify	2026-10-07T06:29:54.2161049Z Bundling asset TestStack/ArchiveFn/Code/Stage...
deploy-test	Run pnpm verify	2026-10-07T06:29:55.1797683Z Bundling asset TestStack/OutboxPublisherFn/Code/Stage...
deploy-test	Run pnpm verify	2026-10-07T06:29:56.1166905Z Bundling asset TestStack/NotificationPublisherFn/Code/Stage...
deploy-test	Run pnpm verify	2026-10-07T06:29:57.1628375Z Bundling asset TestStack/SummaryFn/Code/Stage...
deploy-test	Run pnpm verify	2026-10-07T06:29:57.3180820Z  ^[[32m✓^[[39m apps/cloud-api/test/admin-ota-package.test.ts ^[[2m(^[[22m^[[2m13 tests^[[22m^[[2m)^[[22m^[[33m 4579^[[2mms^[[22m^[[39m
deploy-test	Run pnpm verify	2026-10-07T06:29:58.2008553Z Bundling asset TestStack/ReplayTriggerPublisherFn/Code/Stage...
deploy-test	Run pnpm verify	2026-10-07T06:29:59.3060462Z Bundling asset TestStack/ReplayFn/Code/Stage...
deploy-test	Run pnpm verify	2026-10-07T06:30:00.6727349Z Bundling asset TestStack/CertPackageSweeperFn/Code/Stage...
deploy-test	Run pnpm verify	2026-10-07T06:30:01.7609070Z Bundling asset TestStack/OnboardingDeadlineFn/Code/Stage...
deploy-test	Run pnpm verify	2026-10-07T06:30:02.7047066Z Bundling asset TestStack/RetirementTimeoutFn/Code/Stage...
deploy-test	Run pnpm verify	2026-10-07T06:30:03.5188098Z  ^[[32m✓^[[39m apps/admin-web/test/contracts.test.tsx ^[[2m(^[[22m^[[2m11 tests^[[22m^[[2m)^[[22m^[[33m 11081^[[2mms^[[22m^[[39m
deploy-test	Run pnpm verify	2026-10-07T06:30:03.5189957Z    ^[[33m^[[2m✓^[[22m^[[39m 列表：客户名解析、设备计数、服务期限、派生状态标签、筛选回调 ^[[33m 1541^[[2mms^[[22m^[[39m
deploy-test	Run pnpm verify	2026-10-07T06:30:03.5191137Z    ^[[33m^[[2m✓^[[22m^[[39m 列表：新建按钮按 contract:write 门控（Operator 禁用） ^[[33m 473^[[2mms^[[22m^[[39m
deploy-test	Run pnpm verify	2026-10-07T06:30:03.5192159Z    ^[[33m^[[2m✓^[[22m^[[39m 新建：创建 DRAFT（不自动激活 License）→ eligible 设备两步关联 ^[[33m 1447^[[2mms^[[22m^[[39m
deploy-test	Run pnpm verify	2026-10-07T06:30:03.5193060Z    ^[[33m^[[2m✓^[[22m^[[39m 新建：编号重复 409 → 明确错误呈现 ^[[33m 691^[[2mms^[[22m^[[39m
deploy-test	Run pnpm verify	2026-10-07T06:30:03.5194024Z    ^[[33m^[[2m✓^[[22m^[[39m 详情：编辑携带 version（If-Match）+ 强制原因；EFFECTIVE 不可改有效期 ^[[33m 1088^[[2mms^[[22m^[[39m
deploy-test	Run pnpm verify	2026-10-07T06:30:03.5194980Z    ^[[33m^[[2m✓^[[22m^[[39m 详情：续约校验（newEndAt 须晚于当前）+ 提交；激活/终止强制原因确认 ^[[33m 2586^[[2mms^[[22m^[[39m
deploy-test	Run pnpm verify	2026-10-07T06:30:03.5196186Z    ^[[33m^[[2m✓^[[22m^[[39m 详情：绑定 eligible 设备（重叠租期 409 呈现）；解绑不撤销 License（License 展示不变） ^[[33m 2574^[[2mms^[[22m^[[39m
deploy-test	Run pnpm verify	2026-10-07T06:30:03.6497430Z Bundling asset TestStack/ActivityExportFn/Code/Stage...
deploy-test	Run pnpm verify	2026-10-07T06:30:04.4858639Z  ^[[32m✓^[[39m apps/cloud-api/test/admin-device-user.test.ts ^[[2m(^[[22m^[[2m8 tests^[[22m^[[2m)^[[22m^[[33m 5968^[[2mms^[[22m^[[39m
deploy-test	Run pnpm verify	2026-10-07T06:30:04.4866189Z      ^[[33m^[[2m✓^[[22m^[[39m 仅匹配具有目标设备 ACTIVE 分配的设备操作员 ^[[33m 553^[[2mms^[[22m^[[39m
deploy-test	Run pnpm verify	2026-10-07T06:30:04.4867456Z      ^[[33m^[[2m✓^[[22m^[[39m 每步 version+1、审计各一次、USERS_CHANGED 每设备一条 ^[[33m 359^[[2mms^[[22m^[[39m
deploy-test	Run pnpm verify	2026-10-07T06:30:04.4868815Z      ^[[33m^[[2m✓^[[22m^[[39m CustomerAdmin 只能管理自身 Customer；跨 Customer 404；未认证 401；Viewer 写 403 ^[[33m 430^[[2mms^[[22m^[[39m
deploy-test	Run pnpm verify	2026-10-07T06:30:04.6387464Z Bundling asset TestStack/EsgExportFn/Code/Stage...
deploy-test	Run pnpm verify	2026-10-07T06:30:05.5926859Z Bundling asset TestStack/CommandPublisherFn/Code/Stage...
deploy-test	Run pnpm verify	2026-10-07T06:30:06.9150788Z Bundling asset TestStack/CommandTimeoutFn/Code/Stage...
deploy-test	Run pnpm verify	2026-10-07T06:30:08.3286551Z Bundling asset TestStack/OtaDispatcherFn/Code/Stage...
deploy-test	Run pnpm verify	2026-10-07T06:30:09.3586103Z Bundling asset TestStack/OnboardingApiFn/Code/Stage...
deploy-test	Run pnpm verify	2026-10-07T06:30:09.3791507Z  ^[[32m✓^[[39m apps/cloud-api/test/admin-dashboard.test.ts ^[[2m(^[[22m^[[2m8 tests^[[22m^[[2m)^[[22m^[[33m 4823^[[2mms^[[22m^[[39m
deploy-test	Run pnpm verify	2026-10-07T06:30:10.3595032Z Bundling asset TestStack/OnboardingProvisioningFn/Code/Stage...
deploy-test	Run pnpm verify	2026-10-07T06:30:10.7711345Z  ^[[32m✓^[[39m apps/cloud-api/test/admin-configuration.test.ts ^[[2m(^[[22m^[[2m9 tests^[[22m^[[2m)^[[22m^[[33m 4881^[[2mms^[[22m^[[39m
deploy-test	Run pnpm verify	2026-10-07T06:30:10.7725508Z      ^[[33m^[[2m✓^[[22m^[[39m 创建配置（按设备/按型号）与不可变版本；版本号递增；二选一与目标校验 ^[[33m 348^[[2mms^[[22m^[[39m
deploy-test	Run pnpm verify	2026-10-07T06:30:11.4186496Z Bundling asset TestStack/DeviceApiFn/Code/Stage...
deploy-test	Run pnpm verify	2026-10-07T06:30:12.8604489Z Bundling asset TestStack/ApiFn/Code/Stage...
deploy-test	Run pnpm verify	2026-10-07T06:30:15.2892955Z  ^[[32m✓^[[39m apps/cloud-api/test/admin-site.test.ts ^[[2m(^[[22m^[[2m13 tests^[[22m^[[2m)^[[22m^[[33m 4773^[[2mms^[[22m^[[39m
deploy-test	Run pnpm verify	2026-10-07T06:30:15.2895383Z      ^[[33m^[[2m✓^[[22m^[[39m 创建成功：201 + 默认值（ACTIVE/version=1/timezone=UTC）+ 审计 + deviceCount=0 ^[[33m 324^[[2mms^[[22m^[[39m
deploy-test	Run pnpm verify	2026-10-07T06:30:16.1097059Z Bundling asset TestStack/IngestionFn/Code/Stage...
deploy-test	Run pnpm verify	2026-10-07T06:30:17.1966480Z Bundling asset TestStack/ArchiveFn/Code/Stage...
deploy-test	Run pnpm verify	2026-10-07T06:30:17.6442008Z  ^[[32m✓^[[39m apps/cloud-api/test/admin-command.test.ts ^[[2m(^[[22m^[[2m15 tests^[[22m^[[2m)^[[22m^[[33m 5750^[[2mms^[[22m^[[39m
deploy-test	Run pnpm verify	2026-10-07T06:30:17.6455539Z      ^[[33m^[[2m✓^[[22m^[[39m ACTIVE 设备：22 个命令全部创建成功并进入 AUTHORIZED ^[[33m 708^[[2mms^[[22m^[[39m
deploy-test	Run pnpm verify	2026-10-07T06:30:17.9336484Z Bundling asset TestStack/OutboxPublisherFn/Code/Stage...
deploy-test	Run pnpm verify	2026-10-07T06:30:19.1343915Z Bundling asset TestStack/NotificationPublisherFn/Code/Stage...
deploy-test	Run pnpm verify	2026-10-07T06:30:20.3036608Z Bundling asset TestStack/SummaryFn/Code/Stage...
deploy-test	Run pnpm verify	2026-10-07T06:30:21.4085354Z  ^[[32m✓^[[39m apps/cloud-api/test/admin-device.test.ts ^[[2m(^[[22m^[[2m10 tests^[[22m^[[2m)^[[22m^[[33m 4935^[[2mms^[[22m^[[39m
deploy-test	Run pnpm verify	2026-10-07T06:30:21.4157935Z      ^[[33m^[[2m✓^[[22m^[[39m 原型设备群表格字段均有来源；证书仅摘要（不泄露 PEM/私钥/证书包） ^[[33m 509^[[2mms^[[22m^[[39m
deploy-test	Run pnpm verify	2026-10-07T06:30:21.4186690Z      ^[[33m^[[2m✓^[[22m^[[39m lifecycle × operational × connectivity × licenseStatus 组合精确命中 ^[[33m 301^[[2mms^[[22m^[[39m
deploy-test	Run pnpm verify	2026-10-07T06:30:21.7207142Z Bundling asset TestStack/ReplayTriggerPublisherFn/Code/Stage...
deploy-test	Run pnpm verify	2026-10-07T06:30:22.6948046Z Bundling asset TestStack/ReplayFn/Code/Stage...
deploy-test	Run pnpm verify	2026-10-07T06:30:23.5717365Z  ^[[32m✓^[[39m apps/cloud-api/test/admin-alarm.test.ts ^[[2m(^[[22m^[[2m10 tests^[[22m^[[2m)^[[22m^[[33m 4564^[[2mms^[[22m^[[39m
deploy-test	Run pnpm verify	2026-10-07T06:30:23.5809151Z      ^[[33m^[[2m✓^[[22m^[[39m 确认记录操作者/原因/时间 + 审计；重复确认幂等（无新写入/审计/领域事件） ^[[33m 377^[[2mms^[[22m^[[39m
deploy-test	Run pnpm verify	2026-10-07T06:30:23.6992628Z Bundling asset TestStack/CertPackageSweeperFn/Code/Stage...
deploy-test	Run pnpm verify	2026-10-07T06:30:24.6336600Z Bundling asset TestStack/OnboardingDeadlineFn/Code/Stage...
deploy-test	Run pnpm verify	2026-10-07T06:30:24.7177557Z  ^[[32m✓^[[39m apps/cloud-api/test/admin-lambda-composition.test.ts ^[[2m(^[[22m^[[2m12 tests^[[22m^[[2m)^[[22m^[[33m 678^[[2mms^[[22m^[[39m
deploy-test	Run pnpm verify	2026-10-07T06:30:25.5996556Z Bundling asset TestStack/RetirementTimeoutFn/Code/Stage...
deploy-test	Run pnpm verify	2026-10-07T06:30:26.6528752Z Bundling asset TestStack/ActivityExportFn/Code/Stage...
deploy-test	Run pnpm verify	2026-10-07T06:30:27.9177235Z Bundling asset TestStack/EsgExportFn/Code/Stage...
deploy-test	Run pnpm verify	2026-10-07T06:30:28.9716789Z Bundling asset TestStack/CommandPublisherFn/Code/Stage...
deploy-test	Run pnpm verify	2026-10-07T06:30:29.9630413Z Bundling asset TestStack/CommandTimeoutFn/Code/Stage...
deploy-test	Run pnpm verify	2026-10-07T06:30:30.0867488Z  ^[[32m✓^[[39m apps/cloud-api/test/admin-esg.test.ts ^[[2m(^[[22m^[[2m10 tests^[[22m^[[2m)^[[22m^[[33m 4182^[[2mms^[[22m^[[39m
deploy-test	Run pnpm verify	2026-10-07T06:30:30.0887119Z      ^[[33m^[[2m✓^[[22m^[[39m overview：最近聚合窗口 + ACTIVE 计算版本 ^[[33m 311^[[2mms^[[22m^[[39m
deploy-test	Run pnpm verify	2026-10-07T06:30:30.8338434Z Bundling asset TestStack/OtaDispatcherFn/Code/Stage...
deploy-test	Run pnpm verify	2026-10-07T06:30:31.8171563Z Bundling asset TestStack/OnboardingApiFn/Code/Stage...
deploy-test	Run pnpm verify	2026-10-07T06:30:33.0866841Z Bundling asset TestStack/OnboardingProvisioningFn/Code/Stage...
deploy-test	Run pnpm verify	2026-10-07T06:30:34.1215205Z Bundling asset TestStack/DeviceApiFn/Code/Stage...
deploy-test	Run pnpm verify	2026-10-07T06:30:35.2596667Z Bundling asset TestStack/ApiFn/Code/Stage...
deploy-test	Run pnpm verify	2026-10-07T06:30:35.2925415Z  ^[[32m✓^[[39m apps/cloud-api/test/admin-contract.test.ts ^[[2m(^[[22m^[[2m9 tests^[[22m^[[2m)^[[22m^[[33m 4131^[[2mms^[[22m^[[39m
deploy-test	Run pnpm verify	2026-10-07T06:30:35.2928168Z      ^[[33m^[[2m✓^[[22m^[[39m 创建→详情→编辑→激活→续约→终止；每步审计一次、version 递增 ^[[33m 349^[[2mms^[[22m^[[39m
deploy-test	Run pnpm verify	2026-10-07T06:30:35.5062267Z  ^[[32m✓^[[39m apps/admin-web/test/device-operate.test.tsx ^[[2m(^[[22m^[[2m13 tests^[[22m^[[2m)^[[22m^[[33m 11347^[[2mms^[[22m^[[39m
deploy-test	Run pnpm verify	2026-10-07T06:30:35.5076850Z    ^[[33m^[[2m✓^[[22m^[[39m PUBLISH_FAILED 可筛选展示；温度命令仅保留协议 parity、不可由后台提交 ^[[33m 938^[[2mms^[[22m^[[39m
deploy-test	Run pnpm verify	2026-10-07T06:30:35.5077960Z    ^[[33m^[[2m✓^[[22m^[[39m 无协议 command code 禁止提交：未知 code 抛错；模式切换表单只能选组内真实命令 ^[[33m 615^[[2mms^[[22m^[[39m
deploy-test	Run pnpm verify	2026-10-07T06:30:35.5078780Z    ^[[33m^[[2m✓^[[22m^[[39m 高风险命令：confirmText 必须与命令名完全一致；客户端不提交确认时间 ^[[33m 2667^[[2mms^[[22m^[[39m
deploy-test	Run pnpm verify	2026-10-07T06:30:35.5079929Z    ^[[33m^[[2m✓^[[22m^[[39m 低风险命令无需确认凭证；timeoutSec 越界禁止提交 ^[[33m 1894^[[2mms^[[22m^[[39m
deploy-test	Run pnpm verify	2026-10-07T06:30:35.5080669Z    ^[[33m^[[2m✓^[[22m^[[39m DEC-018 排除 M/N 入口；温度阈值跳转 Configuration 且不产生命令提交 ^[[33m 358^[[2mms^[[22m^[[39m
deploy-test	Run pnpm verify	2026-10-07T06:30:35.5081629Z    ^[[33m^[[2m✓^[[22m^[[39m 门控：Suspended/Retired/离线/无 Entitlement/无 command:send 均禁用且原因展示 ^[[33m 1510^[[2mms^[[22m^[[39m
deploy-test	Run pnpm verify	2026-10-07T06:30:35.5082779Z    ^[[33m^[[2m✓^[[22m^[[39m Suspended 设备仍允许安全停止类命令（STOP/REBOOT 等 catalog allowedStatuses） ^[[33m 395^[[2mms^[[22m^[[39m
deploy-test	Run pnpm verify	2026-10-07T06:30:35.5084156Z    ^[[33m^[[2m✓^[[22m^[[39m 状态 E2E：提交受理（AUTHORIZED，requestedBy 身份上下文）→ 下发 → ACK → 成功；表单无 requestedBy 输入 ^[[33m 1060^[[2mms^[[22m^[[39m
deploy-test	Run pnpm verify	2026-10-07T06:30:35.5085453Z    ^[[33m^[[2m✓^[[22m^[[39m TIMED_OUT 展示；超时后收到的 ACK 标注“迟到 ACK” ^[[33m 392^[[2mms^[[22m^[[39m
deploy-test	Run pnpm verify	2026-10-07T06:30:35.5086491Z    ^[[33m^[[2m✓^[[22m^[[39m 媒体面板：仅最新 Media + 手动刷新；无播放/停止按钮（DEC-009） ^[[33m 439^[[2mms^[[22m^[[39m
deploy-test	Run pnpm verify	2026-10-07T06:30:35.5087415Z    ^[[33m^[[2m✓^[[22m^[[39m 活动日志：级别/类型筛选应用；导出快照与当前筛选一致；表格渲染 ^[[33m 1070^[[2mms^[[22m^[[39m
deploy-test	Run pnpm verify	2026-10-07T06:30:38.5724868Z Bundling asset TestStack/IngestionFn/Code/Stage...
deploy-test	Run pnpm verify	2026-10-07T06:30:40.0096600Z Bundling asset TestStack/ArchiveFn/Code/Stage...
deploy-test	Run pnpm verify	2026-10-07T06:30:40.7636792Z Bundling asset TestStack/OutboxPublisherFn/Code/Stage...
deploy-test	Run pnpm verify	2026-10-07T06:30:41.3857771Z  ^[[32m✓^[[39m apps/cloud-api/test/admin-consumable.test.ts ^[[2m(^[[22m^[[2m9 tests^[[22m^[[2m)^[[22m^[[33m 4878^[[2mms^[[22m^[[39m
deploy-test	Run pnpm verify	2026-10-07T06:30:41.3907495Z      ^[[33m^[[2m✓^[[22m^[[39m 两种耗材列稳定映射；查询返回百分比/来源消息/observedAt/stale；联系人授权摘要 ^[[33m 325^[[2mms^[[22m^[[39m
deploy-test	Run pnpm verify	2026-10-07T06:30:41.8290080Z Bundling asset TestStack/NotificationPublisherFn/Code/Stage...
deploy-test	Run pnpm verify	2026-10-07T06:30:42.5213205Z  ^[[32m✓^[[39m apps/cloud-api/test/provisioning.test.ts ^[[2m(^[[22m^[[2m8 tests^[[22m^[[2m)^[[22m^[[33m 5979^[[2mms^[[22m^[[39m
deploy-test	Run pnpm verify	2026-10-07T06:30:42.5255835Z      ^[[33m^[[2m✓^[[22m^[[39m 正向：Thing/Policy/attach 全链调用；证书 PENDING_CLAIM；私钥仅以信封密文落库 ^[[33m 511^[[2mms^[[22m^[[39m
deploy-test	Run pnpm verify	2026-10-07T06:30:42.5260604Z      ^[[33m^[[2m✓^[[22m^[[39m H-05：轮换证书包过期时撤销新证书后清包，失败可重试且旧证仍可用于重签 ^[[33m 428^[[2mms^[[22m^[[39m
deploy-test	Run pnpm verify	2026-10-07T06:30:42.7870626Z Bundling asset TestStack/SummaryFn/Code/Stage...
deploy-test	Run pnpm verify	2026-10-07T06:30:43.8586582Z Bundling asset TestStack/ReplayTriggerPublisherFn/Code/Stage...
deploy-test	Run pnpm verify	2026-10-07T06:30:45.0749733Z Bundling asset TestStack/ReplayFn/Code/Stage...
deploy-test	Run pnpm verify	2026-10-07T06:30:46.3273445Z Bundling asset TestStack/CertPackageSweeperFn/Code/Stage...
deploy-test	Run pnpm verify	2026-10-07T06:30:47.3043517Z  ^[[32m✓^[[39m apps/cloud-api/test/command-publisher.test.ts ^[[2m(^[[22m^[[2m15 tests^[[22m^[[2m)^[[22m^[[33m 4907^[[2mms^[[22m^[[39m
deploy-test	Run pnpm verify	2026-10-07T06:30:47.3045549Z      ^[[33m^[[2m✓^[[22m^[[39m AUTHORIZED 命令发布成功：正确 Topic、QoS 1、Payload 符合 cmd.schema.json，状态 PUBLISHED + attempts 落行 ^[[33m 319^[[2mms^[[22m^[[39m
deploy-test	Run pnpm verify	2026-10-07T06:30:47.3425405Z Bundling asset TestStack/OnboardingDeadlineFn/Code/Stage...
deploy-test	Run pnpm verify	2026-10-07T06:30:48.4439128Z Bundling asset TestStack/RetirementTimeoutFn/Code/Stage...
deploy-test	Run pnpm verify	2026-10-07T06:30:48.6439881Z  ^[[32m✓^[[39m apps/cloud-api/test/admin-contract-device.test.ts ^[[2m(^[[22m^[[2m8 tests^[[22m^[[2m)^[[22m^[[33m 4964^[[2mms^[[22m^[[39m
deploy-test	Run pnpm verify	2026-10-07T06:30:48.6497021Z      ^[[33m^[[2m✓^[[22m^[[39m 批量关联全成：ACTIVE 关联 + 审计一次；Contract 设备视图含四轴/固件/Region/别名/租期 ^[[33m 462^[[2mms^[[22m^[[39m
deploy-test	Run pnpm verify	2026-10-07T06:30:49.4582955Z Bundling asset TestStack/ActivityExportFn/Code/Stage...
deploy-test	Run pnpm verify	2026-10-07T06:30:50.6046833Z Bundling asset TestStack/EsgExportFn/Code/Stage...
deploy-test	Run pnpm verify	2026-10-07T06:30:51.6956857Z Bundling asset TestStack/CommandPublisherFn/Code/Stage...
deploy-test	Run pnpm verify	2026-10-07T06:30:52.9786681Z Bundling asset TestStack/CommandTimeoutFn/Code/Stage...
deploy-test	Run pnpm verify	2026-10-07T06:30:53.8774799Z Bundling asset TestStack/OtaDispatcherFn/Code/Stage...
deploy-test	Run pnpm verify	2026-10-07T06:30:54.6239605Z ^[[90mstderr^[[2m | apps/cloud-api/test/admin-customer.test.ts^[[2m > ^[[22m^[[2mPATCH /admin/customers/{customerId}（更新：If-Match 乐观锁）^[[2m > ^[[22m^[[2m更新成功 version 自增 + 审计；If-Match 缺失 400；版本不符 409
deploy-test	Run pnpm verify	2026-10-07T06:30:54.6241794Z ^[[22m^[[39maudit FAILURE 记录写入失败 Error [PrismaClientKnownRequestError]: 
deploy-test	Run pnpm verify	2026-10-07T06:30:54.6243184Z Invalid `client.auditLog.create()` invocation in
deploy-test	Run pnpm verify	2026-10-07T06:30:54.6244564Z /home/runner/work/food-digester-platform/food-digester-platform/packages/database/src/audit.ts:72:25
deploy-test	Run pnpm verify	2026-10-07T06:30:54.6276035Z 
deploy-test	Run pnpm verify	2026-10-07T06:30:54.6307016Z   69 /** 写一条审计记录。可在事务内（tx）或根 client 上调用。 */
deploy-test	Run pnpm verify	2026-10-07T06:30:54.6308313Z   70 export async function recordAudit(client: DbClient, entry: AuditEntry): Promise<void> {
deploy-test	Run pnpm verify	2026-10-07T06:30:54.6336567Z   71   const ctx = getRequestContext();
deploy-test	Run pnpm verify	2026-10-07T06:30:54.6360241Z → 72   await client.auditLog.create(
deploy-test	Run pnpm verify	2026-10-07T06:30:54.6396866Z Foreign key constraint violated on the constraint: `audit_logs_customer_id_fkey`
deploy-test	Run pnpm verify	2026-10-07T06:30:54.6403502Z     at redactSensitive ^[[90m(/home/runner/work/food-digester-platform/food-digester-platform/^[[39mpackages/observability/src/redaction.ts:43:19^[[90m)^[[39m
deploy-test	Run pnpm verify	2026-10-07T06:30:54.6404847Z     at Array.map (<anonymous>)
deploy-test	Run pnpm verify	2026-10-07T06:30:54.6425512Z     at Object.error ^[[90m(/home/runner/work/food-digester-platform/food-digester-platform/^[[39mpackages/observability/src/redaction.ts:70:18^[[90m)^[[39m
deploy-test	Run pnpm verify	2026-10-07T06:30:54.6457335Z     at audited ^[[90m(/home/runner/work/food-digester-platform/food-digester-platform/^[[39mpackages/database/src/audit.ts:144:14^[[90m)^[[39m
deploy-test	Run pnpm verify	2026-10-07T06:30:54.6459491Z ^[[90m    at processTicksAndRejections (node:internal/process/task_queues:103:5)^[[39m
deploy-test	Run pnpm verify	2026-10-07T06:30:54.6461082Z     at ^[[90m/home/runner/work/food-digester-platform/food-digester-platform/^[[39mapps/cloud-api/src/admin/customer/handler.ts:127:23
deploy-test	Run pnpm verify	2026-10-07T06:30:54.6462891Z     at Object.update ^[[90m(/home/runner/work/food-digester-platform/food-digester-platform/^[[39mapps/cloud-api/src/admin/customer/handler.ts:165:16^[[90m)^[[39m
deploy-test	Run pnpm verify	2026-10-07T06:30:54.6464716Z     at ^[[90m/home/runner/work/food-digester-platform/food-digester-platform/^[[39mapps/cloud-api/test/admin-customer.test.ts:247:21
deploy-test	Run pnpm verify	2026-10-07T06:30:54.6466695Z     at ^[[90mfile:///home/runner/work/food-digester-platform/food-digester-platform/^[[39mnode_modules/^[[4m@vitest/runner^[[24m/dist/chunk-artifact.js:1903:20
deploy-test	Run pnpm verify	2026-10-07T06:30:54.6467647Z 
deploy-test	Run pnpm verify	2026-10-07T06:30:54.8373973Z  ^[[32m✓^[[39m apps/cloud-api/test/admin-customer.test.ts ^[[2m(^[[22m^[[2m14 tests^[[22m^[[2m)^[[22m^[[33m 4663^[[2mms^[[22m^[[39m
deploy-test	Run pnpm verify	2026-10-07T06:30:54.9609591Z Bundling asset TestStack/OnboardingApiFn/Code/Stage...
deploy-test	Run pnpm verify	2026-10-07T06:30:55.8649875Z Bundling asset TestStack/OnboardingProvisioningFn/Code/Stage...
deploy-test	Run pnpm verify	2026-10-07T06:30:56.9695995Z Bundling asset TestStack/DeviceApiFn/Code/Stage...
deploy-test	Run pnpm verify	2026-10-07T06:30:58.3256951Z Bundling asset TestStack/ApiFn/Code/Stage...
deploy-test	Run pnpm verify	2026-10-07T06:31:00.3878790Z  ^[[32m✓^[[39m apps/cloud-api/test/admin-device-retirement.test.ts ^[[2m(^[[22m^[[2m7 tests^[[22m^[[2m)^[[22m^[[33m 4389^[[2mms^[[22m^[[39m
deploy-test	Run pnpm verify	2026-10-07T06:31:00.3892569Z      ^[[33m^[[2m✓^[[22m^[[39m Active→Retired：撤销 Assignment/License/Entitlement + 待确认记录 + DEVICE_RETIRED + 审计；证书保持 ACTIVE ^[[33m 464^[[2mms^[[22m^[[39m
deploy-test	Run pnpm verify	2026-10-07T06:31:01.1985517Z Bundling asset TestStack/IngestionFn/Code/Stage...
deploy-test	Run pnpm verify	2026-10-07T06:31:02.0485339Z Bundling asset TestStack/ArchiveFn/Code/Stage...
deploy-test	Run pnpm verify	2026-10-07T06:31:02.5406981Z Bundling asset TestStack/OutboxPublisherFn/Code/Stage...
deploy-test	Run pnpm verify	2026-10-07T06:31:03.4014068Z Bundling asset TestStack/NotificationPublisherFn/Code/Stage...
deploy-test	Run pnpm verify	2026-10-07T06:31:04.2051134Z Bundling asset TestStack/SummaryFn/Code/Stage...
deploy-test	Run pnpm verify	2026-10-07T06:31:04.9409521Z Bundling asset TestStack/ReplayTriggerPublisherFn/Code/Stage...
deploy-test	Run pnpm verify	2026-10-07T06:31:05.6849341Z Bundling asset TestStack/ReplayFn/Code/Stage...
deploy-test	Run pnpm verify	2026-10-07T06:31:06.4481832Z Bundling asset TestStack/CertPackageSweeperFn/Code/Stage...
deploy-test	Run pnpm verify	2026-10-07T06:31:07.1927393Z Bundling asset TestStack/OnboardingDeadlineFn/Code/Stage...
deploy-test	Run pnpm verify	2026-10-07T06:31:07.9116861Z Bundling asset TestStack/RetirementTimeoutFn/Code/Stage...
deploy-test	Run pnpm verify	2026-10-07T06:31:08.6570815Z Bundling asset TestStack/ActivityExportFn/Code/Stage...
deploy-test	Run pnpm verify	2026-10-07T06:31:09.4548697Z Bundling asset TestStack/EsgExportFn/Code/Stage...
deploy-test	Run pnpm verify	2026-10-07T06:31:10.2184932Z Bundling asset TestStack/CommandPublisherFn/Code/Stage...
deploy-test	Run pnpm verify	2026-10-07T06:31:11.0127848Z Bundling asset TestStack/CommandTimeoutFn/Code/Stage...
deploy-test	Run pnpm verify	2026-10-07T06:31:11.8219868Z Bundling asset TestStack/OtaDispatcherFn/Code/Stage...
deploy-test	Run pnpm verify	2026-10-07T06:31:12.6248102Z Bundling asset TestStack/OnboardingApiFn/Code/Stage...
deploy-test	Run pnpm verify	2026-10-07T06:31:13.4503580Z Bundling asset TestStack/OnboardingProvisioningFn/Code/Stage...
deploy-test	Run pnpm verify	2026-10-07T06:31:13.9280615Z  ^[[32m✓^[[39m apps/admin-web/test/settings.test.tsx ^[[2m(^[[22m^[[2m14 tests^[[22m^[[2m)^[[22m^[[33m 11366^[[2mms^[[22m^[[39m
deploy-test	Run pnpm verify	2026-10-07T06:31:13.9340938Z    ^[[33m^[[2m✓^[[22m^[[39m 标签页按权限可见：SuperAdmin 三个；CustomerAdmin 仅设备用户 ^[[33m 877^[[2mms^[[22m^[[39m
deploy-test	Run pnpm verify	2026-10-07T06:31:13.9357750Z    ^[[33m^[[2m✓^[[22m^[[39m 邀请：表单无永久密码字段；提交体不含 password；提示 Cognito 临时凭证 ^[[33m 1764^[[2mms^[[22m^[[39m
deploy-test	Run pnpm verify	2026-10-07T06:31:13.9387440Z    ^[[33m^[[2m✓^[[22m^[[39m 邀请校验：平台/Customer 混绑拒绝；Customer 角色缺 customerId 拒绝 ^[[33m 1303^[[2mms^[[22m^[[39m
deploy-test	Run pnpm verify	2026-10-07T06:31:13.9407142Z    ^[[33m^[[2m✓^[[22m^[[39m 角色变更：高风险明确确认后整体替换；混绑禁用提交 ^[[33m 1442^[[2mms^[[22m^[[39m
deploy-test	Run pnpm verify	2026-10-07T06:31:13.9465766Z    ^[[33m^[[2m✓^[[22m^[[39m 停用与重置：明确确认；重置提示不接触密码 ^[[33m 1318^[[2mms^[[22m^[[39m
deploy-test	Run pnpm verify	2026-10-07T06:31:13.9466831Z    ^[[33m^[[2m✓^[[22m^[[39m 自我提权/越权：403 经 ErrorNotice 正确呈现 ^[[33m 1095^[[2mms^[[22m^[[39m
deploy-test	Run pnpm verify	2026-10-07T06:31:13.9467819Z    ^[[33m^[[2m✓^[[22m^[[39m 用户列表筛选回调（roleType/status/customerId/q） ^[[33m 1219^[[2mms^[[22m^[[39m
deploy-test	Run pnpm verify	2026-10-07T06:31:13.9468899Z    ^[[33m^[[2m✓^[[22m^[[39m 设置编辑：非法 JSON 禁用提交；合法提交携 version 乐观锁 ^[[33m 960^[[2mms^[[22m^[[39m
deploy-test	Run pnpm verify	2026-10-07T06:31:13.9469907Z    ^[[33m^[[2m✓^[[22m^[[39m 并发冲突可恢复：409 VERSION_CONFLICT → 提示刷新并回调 onRefresh ^[[33m 636^[[2mms^[[22m^[[39m
deploy-test	Run pnpm verify	2026-10-07T06:31:14.2701424Z Bundling asset TestStack/DeviceApiFn/Code/Stage...
deploy-test	Run pnpm verify	2026-10-07T06:31:15.2866748Z Bundling asset TestStack/ApiFn/Code/Stage...
deploy-test	Run pnpm verify	2026-10-07T06:31:18.2317341Z Bundling asset TestStack/IngestionFn/Code/Stage...
deploy-test	Run pnpm verify	2026-10-07T06:31:18.5018978Z ^[[90mstderr^[[2m | apps/ingestion-worker/test/ack-dispatch.test.ts^[[2m > ^[[22m^[[2mBE-IOT-08 端到端分发：SQS → 管线 → 分发器 → ACK Handler^[[2m > ^[[22m^[[2mMedia 生产链路：SQS → 校验 → receipt → BE-MED-01 核心 → MediaObject；过期会话稳定隔离
deploy-test	Run pnpm verify	2026-10-07T06:31:18.5020980Z ^[[22m^[[39mingestion message quarantined {
deploy-test	Run pnpm verify	2026-10-07T06:31:18.5022022Z   event: ^[[32m'ingestion.quarantined'^[[39m,
deploy-test	Run pnpm verify	2026-10-07T06:31:18.5023011Z   messageId: ^[[32m'sqs-media-expired'^[[39m,
deploy-test	Run pnpm verify	2026-10-07T06:31:18.5023942Z   errorType: ^[[32m'MEDIA_SESSION_EXPIRED'^[[39m,
deploy-test	Run pnpm verify	2026-10-07T06:31:18.5025621Z   errorPath: ^[[32m'data.objectPath'^[[39m,
deploy-test	Run pnpm verify	2026-10-07T06:31:18.5026287Z   reason: ^[[32m'media metadata rejected: SESSION_EXPIRED'^[[39m,
deploy-test	Run pnpm verify	2026-10-07T06:31:18.5026947Z   iotTopic: ^[[32m'bnx/device/dev-ackd-2/media'^[[39m,
deploy-test	Run pnpm verify	2026-10-07T06:31:18.5027583Z   iotDeviceId: ^[[32m'dev-ackd-2'^[[39m
deploy-test	Run pnpm verify	2026-10-07T06:31:18.5028060Z }
deploy-test	Run pnpm verify	2026-10-07T06:31:18.5028429Z 
deploy-test	Run pnpm verify	2026-10-07T06:31:18.5974912Z ^[[90mstderr^[[2m | apps/ingestion-worker/test/ack-dispatch.test.ts^[[2m > ^[[22m^[[2mBE-IOT-08 端到端分发：SQS → 管线 → 分发器 → ACK Handler^[[2m > ^[[22m^[[2m未知/冲突 ACK → 确定异常路径（Quarantine），不误更新其他命令
deploy-test	Run pnpm verify	2026-10-07T06:31:18.6017514Z ^[[22m^[[39mingestion message quarantined {
deploy-test	Run pnpm verify	2026-10-07T06:31:18.6018829Z   event: ^[[32m'ingestion.quarantined'^[[39m,
deploy-test	Run pnpm verify	2026-10-07T06:31:18.6019754Z   messageId: ^[[32m'sqs-unk'^[[39m,
deploy-test	Run pnpm verify	2026-10-07T06:31:18.6020429Z   errorType: ^[[32m'UNKNOWN_COMMAND'^[[39m,
deploy-test	Run pnpm verify	2026-10-07T06:31:18.6021099Z   errorPath: ^[[32m'data.commandId'^[[39m,
deploy-test	Run pnpm verify	2026-10-07T06:31:18.6021897Z   reason: ^[[32m'ack references unknown command CMD-GHOST'^[[39m,
deploy-test	Run pnpm verify	2026-10-07T06:31:18.6022944Z   iotTopic: ^[[32m'bnx/device/dev-ackd-4/ack'^[[39m,
deploy-test	Run pnpm verify	2026-10-07T06:31:18.6023671Z   iotDeviceId: ^[[32m'dev-ackd-4'^[[39m
deploy-test	Run pnpm verify	2026-10-07T06:31:18.6024240Z }
deploy-test	Run pnpm verify	2026-10-07T06:31:18.6026045Z 
deploy-test	Run pnpm verify	2026-10-07T06:31:18.6106439Z ^[[90mstderr^[[2m | apps/ingestion-worker/test/ack-dispatch.test.ts^[[2m > ^[[22m^[[2mBE-IOT-08 端到端分发：SQS → 管线 → 分发器 → ACK Handler^[[2m > ^[[22m^[[2m未知/冲突 ACK → 确定异常路径（Quarantine），不误更新其他命令
deploy-test	Run pnpm verify	2026-10-07T06:31:18.6107656Z ^[[22m^[[39mingestion message quarantined {
deploy-test	Run pnpm verify	2026-10-07T06:31:18.6108263Z   event: ^[[32m'ingestion.quarantined'^[[39m,
deploy-test	Run pnpm verify	2026-10-07T06:31:18.6108818Z   messageId: ^[[32m'sqs-mis'^[[39m,
deploy-test	Run pnpm verify	2026-10-07T06:31:18.6109360Z   errorType: ^[[32m'COMMAND_MISMATCH'^[[39m,
deploy-test	Run pnpm verify	2026-10-07T06:31:18.6109900Z   errorPath: ^[[32m'data.command'^[[39m,
deploy-test	Run pnpm verify	2026-10-07T06:31:18.6110560Z   reason: ^[[32m'ack command START does not match original STOP'^[[39m,
deploy-test	Run pnpm verify	2026-10-07T06:31:18.6111255Z   iotTopic: ^[[32m'bnx/device/dev-ackd-4/ack'^[[39m,
deploy-test	Run pnpm verify	2026-10-07T06:31:18.6111749Z   iotDeviceId: ^[[32m'dev-ackd-4'^[[39m
deploy-test	Run pnpm verify	2026-10-07T06:31:18.6112200Z }
deploy-test	Run pnpm verify	2026-10-07T06:31:18.6112362Z 
deploy-test	Run pnpm verify	2026-10-07T06:31:18.6754340Z ^[[90mstderr^[[2m | apps/ingestion-worker/test/ack-dispatch.test.ts^[[2m > ^[[22m^[[2mBE-IOT-08 端到端分发：SQS → 管线 → 分发器 → ACK Handler^[[2m > ^[[22m^[[2mDEC-015 隔离：OTA_TARGET ACK 只更新 OTA 状态与历史，不回改 Command；COMMAND 混入 OTA 字段 → 隔离
deploy-test	Run pnpm verify	2026-10-07T06:31:18.6755720Z ^[[22m^[[39mingestion message quarantined {
deploy-test	Run pnpm verify	2026-10-07T06:31:18.6756405Z   event: ^[[32m'ingestion.quarantined'^[[39m,
deploy-test	Run pnpm verify	2026-10-07T06:31:18.6756825Z   messageId: ^[[32m'sqs-mixed'^[[39m,
deploy-test	Run pnpm verify	2026-10-07T06:31:18.6757237Z   errorType: ^[[32m'INVALID_ENVELOPE'^[[39m,
deploy-test	Run pnpm verify	2026-10-07T06:31:18.6757638Z   errorPath: ^[[32m'data.objectType'^[[39m,
deploy-test	Run pnpm verify	2026-10-07T06:31:18.6758120Z   reason: ^[[32m'COMMAND ack cannot contain OTA target fields'^[[39m,
deploy-test	Run pnpm verify	2026-10-07T06:31:18.6758617Z   iotTopic: ^[[32m'bnx/device/dev-ackd-6/ack'^[[39m,
deploy-test	Run pnpm verify	2026-10-07T06:31:18.6759028Z   iotDeviceId: ^[[32m'dev-ackd-6'^[[39m
deploy-test	Run pnpm verify	2026-10-07T06:31:18.6759341Z }
deploy-test	Run pnpm verify	2026-10-07T06:31:18.6759897Z 
deploy-test	Run pnpm verify	2026-10-07T06:31:18.7480631Z  ^[[32m✓^[[39m apps/ingestion-worker/test/ack-dispatch.test.ts ^[[2m(^[[22m^[[2m6 tests^[[22m^[[2m)^[[22m^[[33m 4270^[[2mms^[[22m^[[39m
deploy-test	Run pnpm verify	2026-10-07T06:31:18.7513053Z      ^[[33m^[[2m✓^[[22m^[[39m COMMAND ACK 按 commandId 更新结果/执行时长；无 batchItemFailures ^[[33m 435^[[2mms^[[22m^[[39m
deploy-test	Run pnpm verify	2026-10-07T06:31:19.2144032Z Bundling asset TestStack/ArchiveFn/Code/Stage...
deploy-test	Run pnpm verify	2026-10-07T06:31:19.6796344Z Bundling asset TestStack/OutboxPublisherFn/Code/Stage...
deploy-test	Run pnpm verify	2026-10-07T06:31:20.4169234Z Bundling asset TestStack/NotificationPublisherFn/Code/Stage...
deploy-test	Run pnpm verify	2026-10-07T06:31:21.2461402Z Bundling asset TestStack/SummaryFn/Code/Stage...
deploy-test	Run pnpm verify	2026-10-07T06:31:22.0354067Z Bundling asset TestStack/ReplayTriggerPublisherFn/Code/Stage...
deploy-test	Run pnpm verify	2026-10-07T06:31:22.8331637Z Bundling asset TestStack/ReplayFn/Code/Stage...
deploy-test	Run pnpm verify	2026-10-07T06:31:23.7149550Z Bundling asset TestStack/CertPackageSweeperFn/Code/Stage...
deploy-test	Run pnpm verify	2026-10-07T06:31:24.5976904Z Bundling asset TestStack/OnboardingDeadlineFn/Code/Stage...
deploy-test	Run pnpm verify	2026-10-07T06:31:25.5514755Z Bundling asset TestStack/RetirementTimeoutFn/Code/Stage...
deploy-test	Run pnpm verify	2026-10-07T06:31:26.4262738Z Bundling asset TestStack/ActivityExportFn/Code/Stage...
deploy-test	Run pnpm verify	2026-10-07T06:31:27.2797578Z  ^[[32m✓^[[39m apps/admin-web/test/device-users.test.tsx ^[[2m(^[[22m^[[2m11 tests^[[22m^[[2m)^[[22m^[[33m 6521^[[2mms^[[22m^[[39m
deploy-test	Run pnpm verify	2026-10-07T06:31:27.2804022Z    ^[[33m^[[2m✓^[[22m^[[39m 敏感字段快照为 0：任何响应与 DOM 不显示 passwordHash；密码输入不回显 ^[[33m 1483^[[2mms^[[22m^[[39m
deploy-test	Run pnpm verify	2026-10-07T06:31:27.2804882Z    ^[[33m^[[2m✓^[[22m^[[39m 重置密码：仅一次受控提交 + 必填原因；提交后清空不回显 ^[[33m 629^[[2mms^[[22m^[[39m
deploy-test	Run pnpm verify	2026-10-07T06:31:27.2827153Z    ^[[33m^[[2m✓^[[22m^[[39m 创建：username/password 必填校验；platform 角色需选客户 ^[[33m 807^[[2mms^[[22m^[[39m
deploy-test	Run pnpm verify	2026-10-07T06:31:27.2828599Z    ^[[33m^[[2m✓^[[22m^[[39m 筛选：Customer/Region/Subregion/Device/status/keyword 使用权威拓扑并可重置 ^[[33m 1278^[[2mms^[[22m^[[39m
deploy-test	Run pnpm verify	2026-10-07T06:31:27.2829733Z    ^[[33m^[[2m✓^[[22m^[[39m 停用：强制原因 + If-Match 语义；停用后停用/分配按钮禁用 ^[[33m 420^[[2mms^[[22m^[[39m
deploy-test	Run pnpm verify	2026-10-07T06:31:27.2830567Z    ^[[33m^[[2m✓^[[22m^[[39m 分配：批量勾选 + 强制原因；撤销仅列 ACTIVE 分配 ^[[33m 1299^[[2mms^[[22m^[[39m
deploy-test	Run pnpm verify	2026-10-07T06:31:27.2831455Z    ^[[33m^[[2m✓^[[22m^[[39m 修改资料：原因必填；空显示名提交 null；详情含同步版本与分配历史 ^[[33m 459^[[2mms^[[22m^[[39m
deploy-test	Run pnpm verify	2026-10-07T06:31:27.4019643Z Bundling asset TestStack/EsgExportFn/Code/Stage...
deploy-test	Run pnpm verify	2026-10-07T06:31:28.3338256Z Bundling asset TestStack/CommandPublisherFn/Code/Stage...
deploy-test	Run pnpm verify	2026-10-07T06:31:29.1327801Z Bundling asset TestStack/CommandTimeoutFn/Code/Stage...
deploy-test	Run pnpm verify	2026-10-07T06:31:30.0668693Z Bundling asset TestStack/OtaDispatcherFn/Code/Stage...
deploy-test	Run pnpm verify	2026-10-07T06:31:31.0538366Z Bundling asset TestStack/OnboardingApiFn/Code/Stage...
deploy-test	Run pnpm verify	2026-10-07T06:31:31.7370455Z  ^[[32m✓^[[39m apps/admin-web/test/esg.test.tsx ^[[2m(^[[22m^[[2m10 tests^[[22m^[[2m)^[[22m^[[33m 2226^[[2mms^[[22m^[[39m
deploy-test	Run pnpm verify	2026-10-07T06:31:31.7379844Z    ^[[33m^[[2m✓^[[22m^[[39m 概览：指标单位（kg/kWh/%）、计算版本、完整率、估算 CO2e 列头正确；核证声明固定展示 ^[[33m 519^[[2mms^[[22m^[[39m
deploy-test	Run pnpm verify	2026-10-07T06:31:31.7416928Z    ^[[33m^[[2m✓^[[22m^[[39m 日期按用户时区转 UTC：Asia/Shanghai 日历日 → UTC 区间并展示换算结果 ^[[33m 523^[[2mms^[[22m^[[39m
deploy-test	Run pnpm verify	2026-10-07T06:31:31.7451766Z    ^[[33m^[[2m✓^[[22m^[[39m 导出：筛选快照与页面一致；状态流 PENDING→COMPLETED 出下载链接；过期链接明确提示 ^[[33m 341^[[2mms^[[22m^[[39m
deploy-test	Run pnpm verify	2026-10-07T06:31:31.7453152Z    ^[[33m^[[2m✓^[[22m^[[39m 设备页：九项指标 + 完整率 + 计算版本；ScopeFilter 联动；CT-06 锚点齐全 ^[[33m 595^[[2mms^[[22m^[[39m
deploy-test	Run pnpm verify	2026-10-07T06:31:31.9001241Z Bundling asset TestStack/OnboardingProvisioningFn/Code/Stage...
deploy-test	Run pnpm verify	2026-10-07T06:31:32.8416360Z Bundling asset TestStack/DeviceApiFn/Code/Stage...
deploy-test	Run pnpm verify	2026-10-07T06:31:33.7226753Z Bundling asset TestStack/ApiFn/Code/Stage...
deploy-test	Run pnpm verify	2026-10-07T06:31:34.4157826Z ^[[90mstderr^[[2m | apps/ingestion-worker/test/qa07-reliability.test.ts^[[2m > ^[[22m^[[2mQA07 production timestamp boundaries quarantine old or future Telemetry without weakening other topics
deploy-test	Run pnpm verify	2026-10-07T06:31:34.4186439Z ^[[22m^[[39mingestion message quarantined {
deploy-test	Run pnpm verify	2026-10-07T06:31:34.4208734Z   event: ^[[32m'ingestion.quarantined'^[[39m,
deploy-test	Run pnpm verify	2026-10-07T06:31:34.4210067Z   messageId: ^[[32m'SQS-1a5db54b-c960-49e5-8730-477e2b70a2f7'^[[39m,
deploy-test	Run pnpm verify	2026-10-07T06:31:34.4210901Z   errorType: ^[[32m'CLOCK_SKEW'^[[39m,
deploy-test	Run pnpm verify	2026-10-07T06:31:34.4211423Z   errorPath: ^[[32m'meta.ts'^[[39m,
deploy-test	Run pnpm verify	2026-10-07T06:31:34.4212528Z   reason: ^[[32m'device timestamp outside allowed window: skew 86400s, past 86400s, future 300s'^[[39m,
deploy-test	Run pnpm verify	2026-10-07T06:31:34.4214218Z   iotTopic: ^[[32m'bnx/device/QA07-AB415BF3C82A-DEV0/telemetry'^[[39m,
deploy-test	Run pnpm verify	2026-10-07T06:31:34.4215238Z   iotDeviceId: ^[[32m'QA07-AB415BF3C82A-DEV0'^[[39m
deploy-test	Run pnpm verify	2026-10-07T06:31:34.4246030Z }
deploy-test	Run pnpm verify	2026-10-07T06:31:34.4247230Z 
deploy-test	Run pnpm verify	2026-10-07T06:31:34.4248935Z ^[[90mstderr^[[2m | apps/ingestion-worker/test/qa07-reliability.test.ts^[[2m > ^[[22m^[[2mQA07 production timestamp boundaries quarantine old or future Telemetry without weakening other topics
deploy-test	Run pnpm verify	2026-10-07T06:31:34.4250357Z ^[[22m^[[39mingestion message quarantined {
deploy-test	Run pnpm verify	2026-10-07T06:31:34.4251047Z   event: ^[[32m'ingestion.quarantined'^[[39m,
deploy-test	Run pnpm verify	2026-10-07T06:31:34.4251898Z   messageId: ^[[32m'SQS-12326df6-8b8c-4e1f-ae1e-9cabb3b2fe40'^[[39m,
deploy-test	Run pnpm verify	2026-10-07T06:31:34.4252614Z   errorType: ^[[32m'CLOCK_SKEW'^[[39m,
deploy-test	Run pnpm verify	2026-10-07T06:31:34.4253152Z   errorPath: ^[[32m'meta.ts'^[[39m,
deploy-test	Run pnpm verify	2026-10-07T06:31:34.4254047Z   reason: ^[[32m'device timestamp outside allowed window: skew 300s, past 86400s, future 300s'^[[39m,
deploy-test	Run pnpm verify	2026-10-07T06:31:34.4254995Z   iotTopic: ^[[32m'bnx/device/QA07-AB415BF3C82A-DEV0/telemetry'^[[39m,
deploy-test	Run pnpm verify	2026-10-07T06:31:34.4256026Z   iotDeviceId: ^[[32m'QA07-AB415BF3C82A-DEV0'^[[39m
deploy-test	Run pnpm verify	2026-10-07T06:31:34.4256558Z }
deploy-test	Run pnpm verify	2026-10-07T06:31:34.4256805Z 
deploy-test	Run pnpm verify	2026-10-07T06:31:34.4258025Z ^[[90mstderr^[[2m | apps/ingestion-worker/test/qa07-reliability.test.ts^[[2m > ^[[22m^[[2mQA07 production timestamp boundaries quarantine old or future Telemetry without weakening other topics
deploy-test	Run pnpm verify	2026-10-07T06:31:34.4259737Z ^[[22m^[[39mingestion message quarantined {
deploy-test	Run pnpm verify	2026-10-07T06:31:34.4260428Z   event: ^[[32m'ingestion.quarantined'^[[39m,
deploy-test	Run pnpm verify	2026-10-07T06:31:34.4261164Z   messageId: ^[[32m'SQS-586b57cc-57e9-47ba-812a-37c209855db7'^[[39m,
deploy-test	Run pnpm verify	2026-10-07T06:31:34.4261852Z   errorType: ^[[32m'CLOCK_SKEW'^[[39m,
deploy-test	Run pnpm verify	2026-10-07T06:31:34.4262410Z   errorPath: ^[[32m'meta.ts'^[[39m,
deploy-test	Run pnpm verify	2026-10-07T06:31:34.4263211Z   reason: ^[[32m'device timestamp outside allowed window: skew 300s, past 300s, future 300s'^[[39m,
deploy-test	Run pnpm verify	2026-10-07T06:31:34.4264062Z   iotTopic: ^[[32m'bnx/device/QA07-AB415BF3C82A-DEV0/heartbeat'^[[39m,
deploy-test	Run pnpm verify	2026-10-07T06:31:34.4264787Z   iotDeviceId: ^[[32m'QA07-AB415BF3C82A-DEV0'^[[39m
deploy-test	Run pnpm verify	2026-10-07T06:31:34.4265501Z }
deploy-test	Run pnpm verify	2026-10-07T06:31:34.4265751Z 
deploy-test	Run pnpm verify	2026-10-07T06:31:34.4307183Z ^[[90mstderr^[[2m | apps/ingestion-worker/test/qa07-reliability.test.ts^[[2m > ^[[22m^[[2mQA07 production timestamp boundaries quarantine old or future Telemetry without weakening other topics
deploy-test	Run pnpm verify	2026-10-07T06:31:34.4336207Z ^[[22m^[[39mingestion message quarantined {
deploy-test	Run pnpm verify	2026-10-07T06:31:34.4336959Z   event: ^[[32m'ingestion.quarantined'^[[39m,
deploy-test	Run pnpm verify	2026-10-07T06:31:34.4337604Z   messageId: ^[[32m'QA07-bad-hash'^[[39m,
deploy-test	Run pnpm verify	2026-10-07T06:31:34.4338279Z   errorType: ^[[32m'AUDIT_HASH_MISMATCH'^[[39m,
deploy-test	Run pnpm verify	2026-10-07T06:31:34.4338881Z   errorPath: ^[[32m'audit.hash'^[[39m,
deploy-test	Run pnpm verify	2026-10-07T06:31:34.4339606Z   reason: ^[[32m'audit.hash must equal SHA-256(RFC8785({meta,data}))'^[[39m,
deploy-test	Run pnpm verify	2026-10-07T06:31:34.4340400Z   iotTopic: ^[[32m'bnx/device/QA07-AB415BF3C82A-DEV0/telemetry'^[[39m,
deploy-test	Run pnpm verify	2026-10-07T06:31:34.4341049Z   iotDeviceId: ^[[32m'QA07-AB415BF3C82A-DEV0'^[[39m
deploy-test	Run pnpm verify	2026-10-07T06:31:34.4341525Z }
deploy-test	Run pnpm verify	2026-10-07T06:31:34.4341732Z 
deploy-test	Run pnpm verify	2026-10-07T06:31:34.4525687Z  ^[[32m✓^[[39m apps/ingestion-worker/test/qa07-reliability.test.ts ^[[2m(^[[22m^[[2m2 tests^[[22m^[[2m)^[[22m^[[33m 46195^[[2mms^[[22m^[[39m
deploy-test	Run pnpm verify	2026-10-07T06:31:34.4590564Z    ^[[33m^[[2m✓^[[22m^[[39m QA07 paced load, historical backfill, burst, pause recovery, scoped replay and command reliability ^[[33m 43774^[[2mms^[[22m^[[39m
deploy-test	Run pnpm verify	2026-10-07T06:31:34.4612795Z    ^[[33m^[[2m✓^[[22m^[[39m QA07 production timestamp boundaries quarantine old or future Telemetry without weakening other topics ^[[33m 2418^[[2mms^[[22m^[[39m
deploy-test	Run pnpm verify	2026-10-07T06:31:36.4930222Z Bundling asset Named/IngestionFn/Code/Stage...
deploy-test	Run pnpm verify	2026-10-07T06:31:37.5266663Z Bundling asset Named/ArchiveFn/Code/Stage...
deploy-test	Run pnpm verify	2026-10-07T06:31:38.0823072Z Bundling asset Named/OutboxPublisherFn/Code/Stage...
deploy-test	Run pnpm verify	2026-10-07T06:31:38.9255522Z Bundling asset Named/NotificationPublisherFn/Code/Stage...
deploy-test	Run pnpm verify	2026-10-07T06:31:39.9678114Z Bundling asset Named/SummaryFn/Code/Stage...
deploy-test	Run pnpm verify	2026-10-07T06:31:40.8401432Z Bundling asset Named/ReplayTriggerPublisherFn/Code/Stage...
deploy-test	Run pnpm verify	2026-10-07T06:31:41.6296935Z Bundling asset Named/ReplayFn/Code/Stage...
deploy-test	Run pnpm verify	2026-10-07T06:31:42.4995599Z Bundling asset Named/CertPackageSweeperFn/Code/Stage...
deploy-test	Run pnpm verify	2026-10-07T06:31:43.2948926Z Bundling asset Named/OnboardingDeadlineFn/Code/Stage...
deploy-test	Run pnpm verify	2026-10-07T06:31:44.0597933Z  ^[[32m✓^[[39m apps/admin-web/test/licenses.test.tsx ^[[2m(^[[22m^[[2m11 tests^[[22m^[[2m)^[[22m^[[33m 7296^[[2mms^[[22m^[[39m
deploy-test	Run pnpm verify	2026-10-07T06:31:44.0599659Z    ^[[33m^[[2m✓^[[22m^[[39m 列表：正式 License 实体包含有效与终态历史记录 ^[[33m 868^[[2mms^[[22m^[[39m
deploy-test	Run pnpm verify	2026-10-07T06:31:44.0600699Z    ^[[33m^[[2m✓^[[22m^[[39m 筛选：草稿筛选经搜索应用；重置清空 ^[[33m 671^[[2mms^[[22m^[[39m
deploy-test	Run pnpm verify	2026-10-07T06:31:44.0601855Z    ^[[33m^[[2m✓^[[22m^[[39m 状态矩阵：Draft 仅签发；Issued 仅激活；Active 仅撤销；ExpiringSoon 仅续期；Renewed/Revoked 无动作 ^[[33m 929^[[2mms^[[22m^[[39m
deploy-test	Run pnpm verify	2026-10-07T06:31:44.0603062Z    ^[[33m^[[2m✓^[[22m^[[39m E2E：创建 Draft（Entitlement 配置）→ 签发 → 激活，逐步推进且每步回源刷新 ^[[33m 1841^[[2mms^[[22m^[[39m
deploy-test	Run pnpm verify	2026-10-07T06:31:44.0604115Z    ^[[33m^[[2m✓^[[22m^[[39m 续期：ExpiringSoon → 新到期日期校验（须晚于当前）→ Renewed ^[[33m 769^[[2mms^[[22m^[[39m
deploy-test	Run pnpm verify	2026-10-07T06:31:44.0605662Z    ^[[33m^[[2m✓^[[22m^[[39m 撤销：强制原因（空原因禁止确认）→ Revoked；操作后回源 ^[[33m 589^[[2mms^[[22m^[[39m
deploy-test	Run pnpm verify	2026-10-07T06:31:44.0607117Z    ^[[33m^[[2m✓^[[22m^[[39m 两个有效 License：创建遇 409 CONFLICT 错误可读（后端 message 原样呈现） ^[[33m 1208^[[2mms^[[22m^[[39m
deploy-test	Run pnpm verify	2026-10-07T06:31:44.0608585Z    ^[[33m^[[2m✓^[[22m^[[39m 详情加载 403 呈现无权；历史时间线渲染 from→to/操作人/原因 ^[[33m 313^[[2mms^[[22m^[[39m
deploy-test	Run pnpm verify	2026-10-07T06:31:44.1360676Z  ^[[32m✓^[[39m apps/admin-web/test/consumables.test.tsx ^[[2m(^[[22m^[[2m10 tests^[[22m^[[2m)^[[22m^[[33m 10157^[[2mms^[[22m^[[39m
deploy-test	Run pnpm verify	2026-10-07T06:31:44.1361957Z    ^[[33m^[[2m✓^[[22m^[[39m 列表：列与筛选覆盖（Region/Subregion/Site/连接/关键字/阈值/类型） ^[[33m 2811^[[2mms^[[22m^[[39m
deploy-test	Run pnpm verify	2026-10-07T06:31:44.1362862Z    ^[[33m^[[2m✓^[[22m^[[39m unknown 不画正常进度条；stale 徽标清晰；阈值分级（暂定阈值 prop 驱动） ^[[33m 476^[[2mms^[[22m^[[39m
deploy-test	Run pnpm verify	2026-10-07T06:31:44.1363659Z    ^[[33m^[[2m✓^[[22m^[[39m 联系方式：列表零 PII，点击后才请求独立端点；403 不显示号码 ^[[33m 1123^[[2mms^[[22m^[[39m
deploy-test	Run pnpm verify	2026-10-07T06:31:44.1364362Z    ^[[33m^[[2m✓^[[22m^[[39m 阈值来源显示设置版本或明确回退原因 ^[[33m 525^[[2mms^[[22m^[[39m
deploy-test	Run pnpm verify	2026-10-07T06:31:44.1365294Z    ^[[33m^[[2m✓^[[22m^[[39m 处理→完成全流程：操作携带 version + 备注（complete 强制备注） ^[[33m 1677^[[2mms^[[22m^[[39m
deploy-test	Run pnpm verify	2026-10-07T06:31:44.1366126Z    ^[[33m^[[2m✓^[[22m^[[39m 创建申请：成功提示；开放申请重复创建幂等（replayed 提示） ^[[33m 2257^[[2mms^[[22m^[[39m
deploy-test	Run pnpm verify	2026-10-07T06:31:44.1366843Z    ^[[33m^[[2m✓^[[22m^[[39m 非法跳级/漂移：409 错误呈现；写权限门控（Viewer 按钮禁用） ^[[33m 1008^[[2mms^[[22m^[[39m
deploy-test	Run pnpm verify	2026-10-07T06:31:44.2086622Z Bundling asset Named/RetirementTimeoutFn/Code/Stage...
deploy-test	Run pnpm verify	2026-10-07T06:31:45.0857118Z Bundling asset Named/ActivityExportFn/Code/Stage...
deploy-test	Run pnpm verify	2026-10-07T06:31:46.3990301Z Bundling asset Named/EsgExportFn/Code/Stage...
deploy-test	Run pnpm verify	2026-10-07T06:31:48.1856768Z Bundling asset Named/CommandPublisherFn/Code/Stage...
deploy-test	Run pnpm verify	2026-10-07T06:31:49.3666777Z Bundling asset Named/CommandTimeoutFn/Code/Stage...
deploy-test	Run pnpm verify	2026-10-07T06:31:50.1488067Z  ^[[32m✓^[[39m apps/cloud-api/test/admin-audit.test.ts ^[[2m(^[[22m^[[2m7 tests^[[22m^[[2m)^[[22m^[[33m 5083^[[2mms^[[22m^[[39m
deploy-test	Run pnpm verify	2026-10-07T06:31:50.1578792Z      ^[[33m^[[2m✓^[[22m^[[39m Auditor/SuperAdmin 可跨 Customer 只读；Operator/Customer 角色 → 403；无 actor → 401 ^[[33m 319^[[2mms^[[22m^[[39m
deploy-test	Run pnpm verify	2026-10-07T06:31:50.5478673Z  ^[[32m✓^[[39m apps/cloud-api/test/admin-onboarding.test.ts ^[[2m(^[[22m^[[2m13 tests^[[22m^[[2m)^[[22m^[[33m 5484^[[2mms^[[22m^[[39m
deploy-test	Run pnpm verify	2026-10-07T06:31:50.5480219Z      ^[[33m^[[2m✓^[[22m^[[39m 默认仅返回 PENDING；status=REJECTED 可查拒绝原因；游标分页 ^[[33m 334^[[2mms^[[22m^[[39m
deploy-test	Run pnpm verify	2026-10-07T06:31:50.6314571Z Bundling asset Named/OtaDispatcherFn/Code/Stage...
deploy-test	Run pnpm verify	2026-10-07T06:31:51.7829443Z Bundling asset Named/OnboardingApiFn/Code/Stage...
deploy-test	Run pnpm verify	2026-10-07T06:31:53.6279715Z Bundling asset Named/OnboardingProvisioningFn/Code/Stage...
deploy-test	Run pnpm verify	2026-10-07T06:31:55.1837328Z Bundling asset Named/DeviceApiFn/Code/Stage...
deploy-test	Run pnpm verify	2026-10-07T06:31:56.1020554Z  ^[[32m✓^[[39m apps/ingestion-worker/test/outbox-publisher.test.ts ^[[2m(^[[22m^[[2m10 tests^[[22m^[[2m)^[[22m^[[33m 5251^[[2mms^[[22m^[[39m
deploy-test	Run pnpm verify	2026-10-07T06:31:56.4276530Z Bundling asset Named/ApiFn/Code/Stage...
deploy-test	Run pnpm verify	2026-10-07T06:31:58.0388114Z  ^[[32m✓^[[39m apps/cloud-api/test/business-notifier.test.ts ^[[2m(^[[22m^[[2m10 tests^[[22m^[[2m)^[[22m^[[33m 6355^[[2mms^[[22m^[[39m
deploy-test	Run pnpm verify	2026-10-07T06:31:58.0410765Z      ^[[33m^[[2m✓^[[22m^[[39m CRITICAL Alarm 激活：邮件 + Webhook 各一条 SENT 投递；内容白名单字段 ^[[33m 537^[[2mms^[[22m^[[39m
deploy-test	Run pnpm verify	2026-10-07T06:31:58.1297756Z Bundling asset TestStack/IngestionFn/Code/Stage...
deploy-test	Run pnpm verify	2026-10-07T06:31:59.6140353Z Bundling asset TestStack/ArchiveFn/Code/Stage...
deploy-test	Run pnpm verify	2026-10-07T06:32:00.4677469Z Bundling asset TestStack/OutboxPublisherFn/Code/Stage...
deploy-test	Run pnpm verify	2026-10-07T06:32:01.9256633Z Bundling asset TestStack/NotificationPublisherFn/Code/Stage...
deploy-test	Run pnpm verify	2026-10-07T06:32:02.3207888Z  ^[[32m✓^[[39m apps/ingestion-worker/test/heartbeat-handler.test.ts ^[[2m(^[[22m^[[2m6 tests^[[22m^[[2m)^[[22m^[[33m 5634^[[2mms^[[22m^[[39m
deploy-test	Run pnpm verify	2026-10-07T06:32:02.3247731Z      ^[[33m^[[2m✓^[[22m^[[39m 首次 Heartbeat：latest state 全字段落库（在线/uptime/固件/运行模式/License/网络/资源/传感器/证书/Tamper） ^[[33m 363^[[2mms^[[22m^[[39m
deploy-test	Run pnpm verify	2026-10-07T06:32:02.3317167Z      ^[[33m^[[2m✓^[[22m^[[39m 扩展点：OnboardingApproved 设备首个 Heartbeat 完成 Onboarding（BE-ONB-04） ^[[33m 408^[[2mms^[[22m^[[39m
deploy-test	Run pnpm verify	2026-10-07T06:32:03.2663709Z Bundling asset TestStack/SummaryFn/Code/Stage...
deploy-test	Run pnpm verify	2026-10-07T06:32:04.4397112Z Bundling asset TestStack/ReplayTriggerPublisherFn/Code/Stage...
deploy-test	Run pnpm verify	2026-10-07T06:32:04.4586542Z  ^[[32m✓^[[39m apps/cloud-api/test/admin-consumable-request.test.ts ^[[2m(^[[22m^[[2m8 tests^[[22m^[[2m)^[[22m^[[33m 4671^[[2mms^[[22m^[[39m
deploy-test	Run pnpm verify	2026-10-07T06:32:04.4607893Z      ^[[33m^[[2m✓^[[22m^[[39m 创建→处理→完成；每步状态/处理人/备注/完成时间/审计 ^[[33m 465^[[2mms^[[22m^[[39m
deploy-test	Run pnpm verify	2026-10-07T06:32:05.7437389Z Bundling asset TestStack/ReplayFn/Code/Stage...
deploy-test	Run pnpm verify	2026-10-07T06:32:06.8737204Z Bundling asset TestStack/CertPackageSweeperFn/Code/Stage...
deploy-test	Run pnpm verify	2026-10-07T06:32:08.2994243Z Bundling asset TestStack/OnboardingDeadlineFn/Code/Stage...
deploy-test	Run pnpm verify	2026-10-07T06:32:08.7817738Z  ^[[32m✓^[[39m apps/cloud-api/test/admin-device-assignment.test.ts ^[[2m(^[[22m^[[2m9 tests^[[22m^[[2m)^[[22m^[[33m 5315^[[2mms^[[22m^[[39m
deploy-test	Run pnpm verify	2026-10-07T06:32:08.7830024Z      ^[[33m^[[2m✓^[[22m^[[39m Onboarded → Assigned：归属更新 + 状态历史 + 授权窗口 + 恰好一次通知 + 审计 ^[[33m 532^[[2mms^[[22m^[[39m
deploy-test	Run pnpm verify	2026-10-07T06:32:09.4111944Z Bundling asset TestStack/RetirementTimeoutFn/Code/Stage...
deploy-test	Run pnpm verify	2026-10-07T06:32:10.4837621Z Bundling asset TestStack/ActivityExportFn/Code/Stage...
deploy-test	Run pnpm verify	2026-10-07T06:32:10.5248523Z  ^[[32m✓^[[39m apps/ingestion-worker/test/onboarding-completion.test.ts ^[[2m(^[[22m^[[2m8 tests^[[22m^[[2m)^[[22m^[[33m 5199^[[2mms^[[22m^[[39m
deploy-test	Run pnpm verify	2026-10-07T06:32:10.5270726Z      ^[[33m^[[2m✓^[[22m^[[39m 截止边界后 Heartbeat 先于 evaluator 到达：失败关闭并原子执行超时处置；并发仅处置一次 ^[[33m 495^[[2mms^[[22m^[[39m
deploy-test	Run pnpm verify	2026-10-07T06:32:11.3406911Z Bundling asset TestStack/EsgExportFn/Code/Stage...
deploy-test	Run pnpm verify	2026-10-07T06:32:12.4519016Z Bundling asset TestStack/CommandPublisherFn/Code/Stage...
deploy-test	Run pnpm verify	2026-10-07T06:32:13.7165484Z Bundling asset TestStack/CommandTimeoutFn/Code/Stage...
deploy-test	Run pnpm verify	2026-10-07T06:32:14.6198334Z Bundling asset TestStack/OtaDispatcherFn/Code/Stage...
deploy-test	Run pnpm verify	2026-10-07T06:32:14.6400955Z  ^[[32m✓^[[39m apps/admin-web/test/components.test.tsx ^[[2m(^[[22m^[[2m18 tests^[[22m^[[2m)^[[22m^[[33m 3321^[[2mms^[[22m^[[39m
deploy-test	Run pnpm verify	2026-10-07T06:32:14.6402444Z    ^[[33m^[[2m✓^[[22m^[[39m CursorTable：加载态（role=status） ^[[33m 325^[[2mms^[[22m^[[39m
deploy-test	Run pnpm verify	2026-10-07T06:32:14.6403487Z    ^[[33m^[[2m✓^[[22m^[[39m CursorTable：数据行渲染与游标分页（下一页携 nextCursor，无下一页时禁用） ^[[33m 735^[[2mms^[[22m^[[39m
deploy-test	Run pnpm verify	2026-10-07T06:32:14.6404469Z    ^[[33m^[[2m✓^[[22m^[[39m ConfirmDialog：原因必填（标签关联 + 确认门控）+ 确认回传原因 ^[[33m 629^[[2mms^[[22m^[[39m
deploy-test	Run pnpm verify	2026-10-07T06:32:14.6406403Z    ^[[33m^[[2m✓^[[22m^[[39m ScopeFilter：三级联动（上游变更清空下游），标签均可用 ^[[33m 476^[[2mms^[[22m^[[39m
deploy-test	Run pnpm verify	2026-10-07T06:32:15.6096634Z Bundling asset TestStack/OnboardingApiFn/Code/Stage...
deploy-test	Run pnpm verify	2026-10-07T06:32:16.0277804Z  ^[[32m✓^[[39m apps/ingestion-worker/test/signals-ack.test.ts ^[[2m(^[[22m^[[2m13 tests^[[22m^[[2m)^[[22m^[[33m 4374^[[2mms^[[22m^[[39m
deploy-test	Run pnpm verify	2026-10-07T06:32:16.0279605Z      ^[[33m^[[2m✓^[[22m^[[39m PUBLISHED + SUCCESS → SUCCEEDED；ack 落行；审计与归档齐备 ^[[33m 347^[[2mms^[[22m^[[39m
deploy-test	Run pnpm verify	2026-10-07T06:32:16.6036769Z Bundling asset TestStack/OnboardingProvisioningFn/Code/Stage...
deploy-test	Run pnpm verify	2026-10-07T06:32:16.6233088Z  ^[[32m✓^[[39m apps/ingestion-worker/test/archive-worker.test.ts ^[[2m(^[[22m^[[2m11 tests^[[22m^[[2m)^[[22m^[[32m 20^[[2mms^[[22m^[[39m
deploy-test	Run pnpm verify	2026-10-07T06:32:17.8783756Z Bundling asset TestStack/DeviceApiFn/Code/Stage...
deploy-test	Run pnpm verify	2026-10-07T06:32:19.3382794Z Bundling asset TestStack/ApiFn/Code/Stage...
deploy-test	Run pnpm verify	2026-10-07T06:32:20.6888482Z  ^[[32m✓^[[39m apps/summary-worker/test/aggregation-worker.test.ts ^[[2m(^[[22m^[[2m6 tests^[[22m^[[2m)^[[22m^[[33m 5220^[[2mms^[[22m^[[39m
deploy-test	Run pnpm verify	2026-10-07T06:32:20.6917330Z      ^[[33m^[[2m✓^[[22m^[[39m 固定输入产生确定输出：hourly 完整率（缺失序号）、daily 加权 rollup、ESG 日汇总 + 计算版本 ^[[33m 609^[[2mms^[[22m^[[39m
deploy-test	Run pnpm verify	2026-10-07T06:32:21.2606316Z  ^[[32m✓^[[39m packages/database/test/db01.test.ts ^[[2m(^[[22m^[[2m21 tests^[[22m^[[2m)^[[22m^[[33m 4351^[[2mms^[[22m^[[39m
deploy-test	Run pnpm verify	2026-10-07T06:32:22.6285982Z  ^[[32m✓^[[39m infra/test/app-stack.test.ts ^[[2m(^[[22m^[[2m39 tests^[[22m^[[2m)^[[22m^[[33m 46192^[[2mms^[[22m^[[39m
deploy-test	Run pnpm verify	2026-10-07T06:32:22.6347943Z      ^[[33m^[[2m✓^[[22m^[[39m Stack 物理名带环境前缀 ^[[33m 21442^[[2mms^[[22m^[[39m
deploy-test	Run pnpm verify	2026-10-07T06:32:22.6349233Z      ^[[33m^[[2m✓^[[22m^[[39m 仅显式 local/test 模式可保留无 mTLS 的默认入口 ^[[33m 24448^[[2mms^[[22m^[[39m
deploy-test	Run pnpm verify	2026-10-07T06:32:28.0797754Z  ^[[32m✓^[[39m apps/ingestion-worker/test/signals-handlers.test.ts ^[[2m(^[[22m^[[2m8 tests^[[22m^[[2m)^[[22m^[[33m 4635^[[2mms^[[22m^[[39m
deploy-test	Run pnpm verify	2026-10-07T06:32:28.0826992Z      ^[[33m^[[2m✓^[[22m^[[39m ACTIVE 建行（字段映射）→ CLEARED 正确闭合；重复 CLEAR 幂等；各生成归档事件 ^[[33m 415^[[2mms^[[22m^[[39m
deploy-test	Run pnpm verify	2026-10-07T06:32:29.4152423Z  ^[[32m✓^[[39m apps/ingestion-worker/test/ingest-receipt.test.ts ^[[2m(^[[22m^[[2m9 tests^[[22m^[[2m)^[[22m^[[33m 7625^[[2mms^[[22m^[[39m
deploy-test	Run pnpm verify	2026-10-07T06:32:29.4178502Z      ^[[33m^[[2m✓^[[22m^[[39m 5% 重复 + 2% 乱序模拟：无重复业务记录，全部到达后无未解除缺口 ^[[33m 2567^[[2mms^[[22m^[[39m
deploy-test	Run pnpm verify	2026-10-07T06:32:29.4314548Z  ^[[32m✓^[[39m apps/admin-web/test/configuration.test.tsx ^[[2m(^[[22m^[[2m9 tests^[[22m^[[2m)^[[22m^[[33m 5656^[[2mms^[[22m^[[39m
deploy-test	Run pnpm verify	2026-10-07T06:32:29.4335816Z    ^[[33m^[[2m✓^[[22m^[[39m 版本表单只渲染 V1 四字段且单位正确；候选扩展字段不存在于 DOM ^[[33m 1222^[[2mms^[[22m^[[39m
deploy-test	Run pnpm verify	2026-10-07T06:32:29.4381590Z    ^[[33m^[[2m✓^[[22m^[[39m 非法范围/非整数有字段级错误且禁止提交；合法后提交四字段快照 ^[[33m 2176^[[2mms^[[22m^[[39m
deploy-test	Run pnpm verify	2026-10-07T06:32:29.4393321Z    ^[[33m^[[2m✓^[[22m^[[39m 发布：生效时间可选且需合法；成功后提示 CONFIG_CHANGED 通知 ^[[33m 989^[[2mms^[[22m^[[39m
deploy-test	Run pnpm verify	2026-10-07T06:32:29.4394526Z    ^[[33m^[[2m✓^[[22m^[[39m 列表与筛选：行渲染；筛选应用与重置；新建配置目标二选一 ^[[33m 955^[[2mms^[[22m^[[39m
deploy-test	Run pnpm verify	2026-10-07T06:32:32.9189605Z  ^[[32m✓^[[39m apps/ingestion-worker/test/replay-worker.test.ts ^[[2m(^[[22m^[[2m6 tests^[[22m^[[2m)^[[22m^[[33m 4310^[[2mms^[[22m^[[39m
deploy-test	Run pnpm verify	2026-10-07T06:32:32.9193069Z      ^[[33m^[[2m✓^[[22m^[[39m 范围内记录重投 Ingress（沿用原 meta.id/seq）；范围外（设备/时间/序号/Customer）不进入队列；COMPLETED + 统计 + 执行审计 ^[[33m 379^[[2mms^[[22m^[[39m
deploy-test	Run pnpm verify	2026-10-07T06:32:38.4848166Z  ^[[32m✓^[[39m apps/cloud-api/test/admin-device-status.test.ts ^[[2m(^[[22m^[[2m8 tests^[[22m^[[2m)^[[22m^[[33m 3869^[[2mms^[[22m^[[39m
deploy-test	Run pnpm verify	2026-10-07T06:32:39.0337271Z  ^[[32m✓^[[39m apps/admin-web/test/alarms.test.tsx ^[[2m(^[[22m^[[2m10 tests^[[22m^[[2m)^[[22m^[[33m 6591^[[2mms^[[22m^[[39m
deploy-test	Run pnpm verify	2026-10-07T06:32:39.0338832Z    ^[[33m^[[2m✓^[[22m^[[39m 状态更新：ACTIVE 可确认/清除 → ACKNOWLEDGED 仅清除 → CLEARED 无动作；每步原因必填 ^[[33m 3350^[[2mms^[[22m^[[39m
deploy-test	Run pnpm verify	2026-10-07T06:32:39.0339891Z    ^[[33m^[[2m✓^[[22m^[[39m 重复操作幂等：replayed=true 提示已幂等忽略且不重复写入语义 ^[[33m 899^[[2mms^[[22m^[[39m
deploy-test	Run pnpm verify	2026-10-07T06:32:39.0356953Z    ^[[33m^[[2m✓^[[22m^[[39m 后端拒绝呈现：CLEARED 终态确认 → 409 CONFLICT；无 alarm:write → 403/按钮禁用 ^[[33m 712^[[2mms^[[22m^[[39m
deploy-test	Run pnpm verify	2026-10-07T06:32:39.0358044Z    ^[[33m^[[2m✓^[[22m^[[39m 筛选参数与 URL 同步：应用后 replaceState；urlStateFromSearch 可回读 ^[[33m 434^[[2mms^[[22m^[[39m
deploy-test	Run pnpm verify	2026-10-07T06:32:39.0358961Z    ^[[33m^[[2m✓^[[22m^[[39m 三个 Tab 切换；Event/Tamper 只读（无操作列）；Tamper details 原样 JSON 透传 ^[[33m 572^[[2mms^[[22m^[[39m
deploy-test	Run pnpm verify	2026-10-07T06:32:39.0360339Z    ^[[33m^[[2m✓^[[22m^[[39m 跨 Customer 不可见：详情 404 呈现 NOT_FOUND；Customer 角色无客户筛选 ^[[33m 322^[[2mms^[[22m^[[39m
deploy-test	Run pnpm verify	2026-10-07T06:32:39.5113960Z  ^[[32m✓^[[39m apps/cloud-api/test/certificate-rotate.test.ts ^[[2m(^[[22m^[[2m8 tests^[[22m^[[2m)^[[22m^[[33m 8225^[[2mms^[[22m^[[39m
deploy-test	Run pnpm verify	2026-10-07T06:32:39.5133147Z      ^[[33m^[[2m✓^[[22m^[[39m 缺失 CSR 不签发；AWS attach 失败保留可重试停用记录并保留旧证 ^[[33m 754^[[2mms^[[22m^[[39m
deploy-test	Run pnpm verify	2026-10-07T06:32:39.5151806Z      ^[[33m^[[2m✓^[[22m^[[39m 正向：返回五字段证书包；双证书窗口（旧证仍可用）；私钥不落库/审计 ^[[33m 546^[[2mms^[[22m^[[39m
deploy-test	Run pnpm verify	2026-10-07T06:32:39.5169947Z      ^[[33m^[[2m✓^[[22m^[[39m 旧证书错误/跨设备拒绝：缺字段 400；与身份不符 403（含他设备证书） ^[[33m 676^[[2mms^[[22m^[[39m
deploy-test	Run pnpm verify	2026-10-07T06:32:39.5176790Z      ^[[33m^[[2m✓^[[22m^[[39m 请求体未知字段失败关闭为 400，且不创建证书 ^[[33m 307^[[2mms^[[22m^[[39m
deploy-test	Run pnpm verify	2026-10-07T06:32:39.5177998Z      ^[[33m^[[2m✓^[[22m^[[39m 旧证书撤销/过期 → 401（认证层先行拒绝） ^[[33m 447^[[2mms^[[22m^[[39m
deploy-test	Run pnpm verify	2026-10-07T06:32:39.5179309Z      ^[[33m^[[2m✓^[[22m^[[39m 响应不确定重试：撤销未确认证书并重签，不重复下发同一私钥 ^[[33m 443^[[2mms^[[22m^[[39m
deploy-test	Run pnpm verify	2026-10-07T06:32:39.5180507Z      ^[[33m^[[2m✓^[[22m^[[39m 成功提交后、首个新证 Heartbeat 前重复请求稳定冲突且不撤证重签 ^[[33m 419^[[2mms^[[22m^[[39m
deploy-test	Run pnpm verify	2026-10-07T06:32:39.5181621Z      ^[[33m^[[2m✓^[[22m^[[39m 部分失败（发证后 attach 失败）可重试：不建孤儿业务记录，重试成功 ^[[33m 439^[[2mms^[[22m^[[39m
deploy-test	Run pnpm verify	2026-10-07T06:32:44.5007482Z  ^[[32m✓^[[39m apps/cloud-api/test/admin-settings.test.ts ^[[2m(^[[22m^[[2m10 tests^[[22m^[[2m)^[[22m^[[33m 4353^[[2mms^[[22m^[[39m
deploy-test	Run pnpm verify	2026-10-07T06:32:45.2078731Z  ^[[32m✓^[[39m apps/cloud-api/test/license-sync-lifecycle.test.ts ^[[2m(^[[22m^[[2m10 tests^[[22m^[[2m)^[[22m^[[33m 6077^[[2mms^[[22m^[[39m
deploy-test	Run pnpm verify	2026-10-07T06:32:45.2097490Z    ^[[33m^[[2m✓^[[22m^[[39m real PostgreSQL: served snapshot and signed local verification drive Assigned→Licensed→Active once ^[[33m 836^[[2mms^[[22m^[[39m
deploy-test	Run pnpm verify	2026-10-07T06:32:45.2146895Z    ^[[33m^[[2m✓^[[22m^[[39m expired/revoked licenses and changed assignment cannot activate a device ^[[33m 422^[[2mms^[[22m^[[39m
deploy-test	Run pnpm verify	2026-10-07T06:32:50.3598613Z  ^[[32m✓^[[39m apps/cloud-api/test/admin-device-metadata.test.ts ^[[2m(^[[22m^[[2m10 tests^[[22m^[[2m)^[[22m^[[33m 4713^[[2mms^[[22m^[[39m
deploy-test	Run pnpm verify	2026-10-07T06:32:50.3876090Z  ^[[32m✓^[[39m packages/auth/test/secure-package.test.ts ^[[2m(^[[22m^[[2m14 tests^[[22m^[[2m)^[[22m^[[33m 4715^[[2mms^[[22m^[[39m
deploy-test	Run pnpm verify	2026-10-07T06:32:51.3334081Z  ^[[32m✓^[[39m apps/admin-web/test/media.test.tsx ^[[2m(^[[22m^[[2m13 tests^[[22m^[[2m)^[[22m^[[33m 8790^[[2mms^[[22m^[[39m
deploy-test	Run pnpm verify	2026-10-07T06:32:51.3338281Z    ^[[33m^[[2m✓^[[22m^[[39m 列表渲染元数据；类型/设备/状态/时间筛选经回调应用（时间转 UTC ISO） ^[[33m 2225^[[2mms^[[22m^[[39m
deploy-test	Run pnpm verify	2026-10-07T06:32:51.3340847Z    ^[[33m^[[2m✓^[[22m^[[39m Customer 角色不暴露 customerId 筛选（服务端强制租户隔离） ^[[33m 490^[[2mms^[[22m^[[39m
deploy-test	Run pnpm verify	2026-10-07T06:32:51.3342260Z    ^[[33m^[[2m✓^[[22m^[[39m 手动刷新回源（获取最新设备媒体） ^[[33m 335^[[2mms^[[22m^[[39m
deploy-test	Run pnpm verify	2026-10-07T06:32:51.3343248Z    ^[[33m^[[2m✓^[[22m^[[39m 图片查看：实时签发短期 URL → img 渲染 + 下载链接 + 有效期提示 ^[[33m 833^[[2mms^[[22m^[[39m
deploy-test	Run pnpm verify	2026-10-07T06:32:51.3344264Z    ^[[33m^[[2m✓^[[22m^[[39m 视频查看：录制文件受控查看（video 元素）；页面无实时流语义 ^[[33m 1327^[[2mms^[[22m^[[39m
deploy-test	Run pnpm verify	2026-10-07T06:32:51.3345456Z    ^[[33m^[[2m✓^[[22m^[[39m 链接过期后重新申请：注入时钟判定过期 → 重新申请实时重签 ^[[33m 839^[[2mms^[[22m^[[39m
deploy-test	Run pnpm verify	2026-10-07T06:32:51.3346436Z    ^[[33m^[[2m✓^[[22m^[[39m 关闭预览即弃用授权 URL（不持久缓存）：重开重新申请 ^[[33m 734^[[2mms^[[22m^[[39m
deploy-test	Run pnpm verify	2026-10-07T06:32:51.3347900Z    ^[[33m^[[2m✓^[[22m^[[39m 未知媒体类型安全降级：不渲染 img/video、不提供下载，仅元数据 ^[[33m 658^[[2mms^[[22m^[[39m
deploy-test	Run pnpm verify	2026-10-07T06:32:51.3348982Z    ^[[33m^[[2m✓^[[22m^[[39m 跨 Customer 资源不可访问：列表 403 → 无权界面；下载 404 → 错误可读并可重试 ^[[33m 814^[[2mms^[[22m^[[39m
deploy-test	Run pnpm verify	2026-10-07T06:32:56.0070765Z  ^[[32m✓^[[39m apps/ingestion-worker/test/report-handler.test.ts ^[[2m(^[[22m^[[2m7 tests^[[22m^[[2m)^[[22m^[[33m 5123^[[2mms^[[22m^[[39m
deploy-test	Run pnpm verify	2026-10-07T06:32:56.0090885Z      ^[[33m^[[2m✓^[[22m^[[39m 合法 CYCLE 报告：RDS 全字段映射 + 恰好一个归档事件（字段与 RDS 完整一致，保留方法版本与 audit.hash） ^[[33m 403^[[2mms^[[22m^[[39m
deploy-test	Run pnpm verify	2026-10-07T06:32:57.6667009Z ^[[90mstderr^[[2m | apps/ingestion-worker/test/telemetry-handler.test.ts^[[2m > ^[[22m^[[2mcreateTelemetryHandler（BE-IOT-05）^[[2m > ^[[22m^[[2m字段范围错误被隔离（端到端）：humidityPct>100 进 Quarantine，无聚合/归档；同批合法消息照常处理
deploy-test	Run pnpm verify	2026-10-07T06:32:57.6696839Z ^[[22m^[[39mingestion message quarantined {
deploy-test	Run pnpm verify	2026-10-07T06:32:57.6726585Z   event: ^[[32m'ingestion.quarantined'^[[39m,
deploy-test	Run pnpm verify	2026-10-07T06:32:57.6756747Z   messageId: ^[[32m'sqs-bad'^[[39m,
deploy-test	Run pnpm verify	2026-10-07T06:32:57.6757718Z   errorType: ^[[32m'SCHEMA_VIOLATION'^[[39m,
deploy-test	Run pnpm verify	2026-10-07T06:32:57.6758439Z   errorPath: ^[[32m'data.humidityPct'^[[39m,
deploy-test	Run pnpm verify	2026-10-07T06:32:57.6759282Z   reason: ^[[32m'payload violates telemetry.schema.json: 150 > 100'^[[39m,
deploy-test	Run pnpm verify	2026-10-07T06:32:57.6760199Z   iotTopic: ^[[32m'bnx/device/dev-tel-5/telemetry'^[[39m,
deploy-test	Run pnpm verify	2026-10-07T06:32:57.6760895Z   iotDeviceId: ^[[32m'dev-tel-5'^[[39m
deploy-test	Run pnpm verify	2026-10-07T06:32:57.6761425Z }
deploy-test	Run pnpm verify	2026-10-07T06:32:57.6761709Z 
deploy-test	Run pnpm verify	2026-10-07T06:32:57.7497399Z  ^[[32m✓^[[39m apps/ingestion-worker/test/telemetry-handler.test.ts ^[[2m(^[[22m^[[2m6 tests^[[22m^[[2m)^[[22m^[[33m 5767^[[2mms^[[22m^[[39m
deploy-test	Run pnpm verify	2026-10-07T06:32:57.7527273Z      ^[[33m^[[2m✓^[[22m^[[39m 合法记录：hourly 聚合一行 + 恰好一个归档事件（含原始 Payload/audit.hash），耗材投影不更新 ^[[33m 416^[[2mms^[[22m^[[39m
deploy-test	Run pnpm verify	2026-10-07T06:32:57.7586942Z      ^[[33m^[[2m✓^[[22m^[[39m 同设备同窗口并发 20 条：sampleCount 与 metrics 原子累计不丢增量 ^[[33m 403^[[2mms^[[22m^[[39m
deploy-test	Run pnpm verify	2026-10-07T06:32:58.0827693Z  ^[[32m✓^[[39m packages/domain/test/device-lifecycle.test.ts ^[[2m(^[[22m^[[2m98 tests^[[22m^[[2m)^[[22m^[[32m 63^[[2mms^[[22m^[[39m
deploy-test	Run pnpm verify	2026-10-07T06:33:02.0898181Z  ^[[32m✓^[[39m apps/cloud-api/test/device-deactivate.test.ts ^[[2m(^[[22m^[[2m11 tests^[[22m^[[2m)^[[22m^[[33m 4487^[[2mms^[[22m^[[39m
deploy-test	Run pnpm verify	2026-10-07T06:33:02.0910140Z      ^[[33m^[[2m✓^[[22m^[[39m 确认在先断证在后：CONFIRMED + 证书撤销 + 审计（仅摘要）+ 通用校验此前 403 而本端点可达 ^[[33m 375^[[2mms^[[22m^[[39m
deploy-test	Run pnpm verify	2026-10-07T06:33:02.6760820Z  ^[[32m✓^[[39m apps/cloud-api/test/qa06-security.test.ts ^[[2m(^[[22m^[[2m4 tests^[[22m^[[2m)^[[22m^[[33m 11149^[[2mms^[[22m^[[39m
deploy-test	Run pnpm verify	2026-10-07T06:33:02.6784239Z    ^[[33m^[[2m✓^[[22m^[[39m QA06 signed tenant scope and SQL JSON injection cannot cross boundaries or corrupt business state ^[[33m 4905^[[2mms^[[22m^[[39m
deploy-test	Run pnpm verify	2026-10-07T06:33:02.6802153Z    ^[[33m^[[2m✓^[[22m^[[39m QA06 malicious media filenames and metadata reject before signing or persistence ^[[33m 3148^[[2mms^[[22m^[[39m
deploy-test	Run pnpm verify	2026-10-07T06:33:02.6817559Z    ^[[33m^[[2m✓^[[22m^[[39m QA06 raw canaries are absent from actual logger trace audit and snapshot artifacts ^[[33m 2867^[[2mms^[[22m^[[39m
deploy-test	Run pnpm verify	2026-10-07T06:33:02.9453024Z  ^[[32m✓^[[39m packages/database/test/authenticated-preconnect.test.ts ^[[2m(^[[22m^[[2m12 tests^[[22m^[[2m)^[[22m^[[33m 370^[[2mms^[[22m^[[39m
deploy-test	Run pnpm verify	2026-10-07T06:33:04.0277722Z  ^[[32m✓^[[39m apps/admin-web/test/dashboard.test.tsx ^[[2m(^[[22m^[[2m12 tests^[[22m^[[2m)^[[22m^[[33m 2986^[[2mms^[[22m^[[39m
deploy-test	Run pnpm verify	2026-10-07T06:33:04.0279520Z    ^[[33m^[[2m✓^[[22m^[[39m 10 设备 Fixture：全部指标与卡片值一致 ^[[33m 772^[[2mms^[[22m^[[39m
deploy-test	Run pnpm verify	2026-10-07T06:33:04.0280390Z    ^[[33m^[[2m✓^[[22m^[[39m 耗材：unknown 显示“—”不画进度条；stale 标记数据过期 ^[[32m 300^[[2mms^[[22m^[[39m
deploy-test	Run pnpm verify	2026-10-07T06:33:04.0281182Z    ^[[33m^[[2m✓^[[22m^[[39m 命令提交：确认后调用提交器并显示 Pending（非“成功”） ^[[33m 1281^[[2mms^[[22m^[[39m
deploy-test	Run pnpm verify	2026-10-07T06:33:04.4054067Z Bundling asset DeployTest/IngestionFn/Code/Stage...
deploy-test	Run pnpm verify	2026-10-07T06:33:05.7477461Z Bundling asset DeployTest/ArchiveFn/Code/Stage...
deploy-test	Run pnpm verify	2026-10-07T06:33:06.3696708Z Bundling asset DeployTest/OutboxPublisherFn/Code/Stage...
deploy-test	Run pnpm verify	2026-10-07T06:33:07.6256711Z Bundling asset DeployTest/NotificationPublisherFn/Code/Stage...
deploy-test	Run pnpm verify	2026-10-07T06:33:07.7478315Z  ^[[32m✓^[[39m packages/database/test/db02.test.ts ^[[2m(^[[22m^[[2m13 tests^[[22m^[[2m)^[[22m^[[33m 4510^[[2mms^[[22m^[[39m
deploy-test	Run pnpm verify	2026-10-07T06:33:08.5936594Z Bundling asset DeployTest/SummaryFn/Code/Stage...
deploy-test	Run pnpm verify	2026-10-07T06:33:09.3857644Z  ^[[32m✓^[[39m apps/cloud-api/test/admin-command-query.test.ts ^[[2m(^[[22m^[[2m4 tests^[[22m^[[2m)^[[22m^[[33m 4092^[[2mms^[[22m^[[39m
deploy-test	Run pnpm verify	2026-10-07T06:33:09.7286615Z Bundling asset DeployTest/ReplayTriggerPublisherFn/Code/Stage...
deploy-test	Run pnpm verify	2026-10-07T06:33:10.9959940Z Bundling asset DeployTest/ReplayFn/Code/Stage...
deploy-test	Run pnpm verify	2026-10-07T06:33:12.0055625Z Bundling asset DeployTest/CertPackageSweeperFn/Code/Stage...
deploy-test	Run pnpm verify	2026-10-07T06:33:13.3819821Z Bundling asset DeployTest/OnboardingDeadlineFn/Code/Stage...
deploy-test	Run pnpm verify	2026-10-07T06:33:14.4098656Z Bundling asset DeployTest/RetirementTimeoutFn/Code/Stage...
deploy-test	Run pnpm verify	2026-10-07T06:33:15.4912728Z Bundling asset DeployTest/ActivityExportFn/Code/Stage...
deploy-test	Run pnpm verify	2026-10-07T06:33:16.3281730Z Bundling asset DeployTest/EsgExportFn/Code/Stage...
deploy-test	Run pnpm verify	2026-10-07T06:33:17.2118612Z Bundling asset DeployTest/CommandPublisherFn/Code/Stage...
deploy-test	Run pnpm verify	2026-10-07T06:33:18.3483111Z Bundling asset DeployTest/CommandTimeoutFn/Code/Stage...
deploy-test	Run pnpm verify	2026-10-07T06:33:19.3877812Z Bundling asset DeployTest/OtaDispatcherFn/Code/Stage...
deploy-test	Run pnpm verify	2026-10-07T06:33:19.9785800Z ^[[90mstderr^[[2m | apps/ingestion-worker/test/qa03-data-path.test.ts^[[2m > ^[[22m^[[2mQA03 partial failure, quarantine retry, payload conflict and gap recovery
deploy-test	Run pnpm verify	2026-10-07T06:33:19.9789990Z ^[[22m^[[39mingestion message quarantined {
deploy-test	Run pnpm verify	2026-10-07T06:33:19.9790731Z   event: ^[[32m'ingestion.quarantined'^[[39m,
deploy-test	Run pnpm verify	2026-10-07T06:33:19.9791456Z   messageId: ^[[32m'QA03-invalid-json'^[[39m,
deploy-test	Run pnpm verify	2026-10-07T06:33:19.9792194Z   errorType: ^[[32m'INVALID_JSON'^[[39m,
deploy-test	Run pnpm verify	2026-10-07T06:33:19.9793022Z   errorPath: ^[[32m'(root)'^[[39m,
deploy-test	Run pnpm verify	2026-10-07T06:33:19.9793727Z   reason: ^[[32m'message body is not valid JSON'^[[39m
deploy-test	Run pnpm verify	2026-10-07T06:33:19.9794290Z }
deploy-test	Run pnpm verify	2026-10-07T06:33:19.9794723Z 
deploy-test	Run pnpm verify	2026-10-07T06:33:20.0838285Z ^[[90mstderr^[[2m | apps/ingestion-worker/test/qa03-data-path.test.ts^[[2m > ^[[22m^[[2mQA03 partial failure, quarantine retry, payload conflict and gap recovery
deploy-test	Run pnpm verify	2026-10-07T06:33:20.0867813Z ^[[22m^[[39mingestion message quarantined {
deploy-test	Run pnpm verify	2026-10-07T06:33:20.0869588Z   event: ^[[32m'ingestion.quarantined'^[[39m,
deploy-test	Run pnpm verify	2026-10-07T06:33:20.0870360Z   messageId: ^[[32m'QA03-invalid-json'^[[39m,
deploy-test	Run pnpm verify	2026-10-07T06:33:20.0871080Z   errorType: ^[[32m'INVALID_JSON'^[[39m,
deploy-test	Run pnpm verify	2026-10-07T06:33:20.0871783Z   errorPath: ^[[32m'(root)'^[[39m,
deploy-test	Run pnpm verify	2026-10-07T06:33:20.0872466Z   reason: ^[[32m'message body is not valid JSON'^[[39m
deploy-test	Run pnpm verify	2026-10-07T06:33:20.0873008Z }
deploy-test	Run pnpm verify	2026-10-07T06:33:20.0873385Z 
deploy-test	Run pnpm verify	2026-10-07T06:33:20.1048275Z ^[[90mstderr^[[2m | apps/ingestion-worker/test/qa03-data-path.test.ts^[[2m > ^[[22m^[[2mQA03 partial failure, quarantine retry, payload conflict and gap recovery
deploy-test	Run pnpm verify	2026-10-07T06:33:20.1076842Z ^[[22m^[[39mingestion message quarantined {
deploy-test	Run pnpm verify	2026-10-07T06:33:20.1137581Z   event: ^[[32m'ingestion.quarantined'^[[39m,
deploy-test	Run pnpm verify	2026-10-07T06:33:20.1167530Z   messageId: ^[[32m'conflict'^[[39m,
deploy-test	Run pnpm verify	2026-10-07T06:33:20.1196994Z   errorType: ^[[32m'PAYLOAD_CONFLICT'^[[39m,
deploy-test	Run pnpm verify	2026-10-07T06:33:20.1257327Z   errorPath: ^[[32m'meta.seq'^[[39m,
deploy-test	Run pnpm verify	2026-10-07T06:33:20.1287366Z   reason: ^[[32m'receipt key QA03-963194EBE82D-DEV0:telemetry:1 already recorded with different payload hash (security anomaly)'^[[39m,
deploy-test	Run pnpm verify	2026-10-07T06:33:20.1347242Z   iotTopic: ^[[32m'bnx/device/QA03-963194EBE82D-DEV0/telemetry'^[[39m,
deploy-test	Run pnpm verify	2026-10-07T06:33:20.1367308Z   iotDeviceId: ^[[32m'QA03-963194EBE82D-DEV0'^[[39m
deploy-test	Run pnpm verify	2026-10-07T06:33:20.1371482Z }
deploy-test	Run pnpm verify	2026-10-07T06:33:20.1372023Z 
deploy-test	Run pnpm verify	2026-10-07T06:33:20.1373480Z ^[[90mstderr^[[2m | apps/ingestion-worker/test/qa03-data-path.test.ts^[[2m > ^[[22m^[[2mQA03 partial failure, quarantine retry, payload conflict and gap recovery
deploy-test	Run pnpm verify	2026-10-07T06:33:20.1374968Z ^[[22m^[[39mingestion message quarantined {
deploy-test	Run pnpm verify	2026-10-07T06:33:20.1376002Z   event: ^[[32m'ingestion.quarantined'^[[39m,
deploy-test	Run pnpm verify	2026-10-07T06:33:20.1376832Z   messageId: ^[[32m'schema'^[[39m,
deploy-test	Run pnpm verify	2026-10-07T06:33:20.1377553Z   errorType: ^[[32m'SCHEMA_VIOLATION'^[[39m,
deploy-test	Run pnpm verify	2026-10-07T06:33:20.1378278Z   errorPath: ^[[32m'data.deviceStatus'^[[39m,
deploy-test	Run pnpm verify	2026-10-07T06:33:20.1379545Z   reason: ^[[32m'payload violates heartbeat.schema.json: 非法枚举值 "BROKEN"，允许值: ONLINE, DEGRADED, OFFLINE'^[[39m,
deploy-test	Run pnpm verify	2026-10-07T06:33:20.1380824Z   iotTopic: ^[[32m'bnx/device/QA03-963194EBE82D-DEV0/heartbeat'^[[39m,
deploy-test	Run pnpm verify	2026-10-07T06:33:20.1381773Z   iotDeviceId: ^[[32m'QA03-963194EBE82D-DEV0'^[[39m
deploy-test	Run pnpm verify	2026-10-07T06:33:20.1382741Z }
deploy-test	Run pnpm verify	2026-10-07T06:33:20.1383339Z 
deploy-test	Run pnpm verify	2026-10-07T06:33:20.1385940Z ^[[90mstderr^[[2m | apps/ingestion-worker/test/qa03-data-path.test.ts^[[2m > ^[[22m^[[2mQA03 partial failure, quarantine retry, payload conflict and gap recovery
deploy-test	Run pnpm verify	2026-10-07T06:33:20.1387353Z ^[[22m^[[39mingestion message quarantined {
deploy-test	Run pnpm verify	2026-10-07T06:33:20.1388146Z   event: ^[[32m'ingestion.quarantined'^[[39m,
deploy-test	Run pnpm verify	2026-10-07T06:33:20.1388856Z   messageId: ^[[32m'identity'^[[39m,
deploy-test	Run pnpm verify	2026-10-07T06:33:20.1389606Z   errorType: ^[[32m'IDENTITY_VIOLATION'^[[39m,
deploy-test	Run pnpm verify	2026-10-07T06:33:20.1390400Z   errorPath: ^[[32m'iotDeviceId'^[[39m,
deploy-test	Run pnpm verify	2026-10-07T06:33:20.1391312Z   reason: ^[[32m'topic device does not match certificate binding'^[[39m,
deploy-test	Run pnpm verify	2026-10-07T06:33:20.1392319Z   iotTopic: ^[[32m'bnx/device/QA03-963194EBE82D-DEV0/event'^[[39m,
deploy-test	Run pnpm verify	2026-10-07T06:33:20.1393336Z   iotDeviceId: ^[[32m'QA03-963194EBE82D-DEV0'^[[39m
deploy-test	Run pnpm verify	2026-10-07T06:33:20.1394057Z }
deploy-test	Run pnpm verify	2026-10-07T06:33:20.1394351Z 
deploy-test	Run pnpm verify	2026-10-07T06:33:20.5067981Z Bundling asset DeployTest/OnboardingApiFn/Code/Stage...
deploy-test	Run pnpm verify	2026-10-07T06:33:21.1216761Z ^[[90mstderr^[[2m | apps/cloud-api/test/qa04-core-api.test.ts^[[2m > ^[[22m^[[2mQA04 audit failure rolls back lifecycle/outbox; retry and replay preserve exactly one audit
deploy-test	Run pnpm verify	2026-10-07T06:33:21.1227018Z ^[[22m^[[39maudit FAILURE 记录写入失败 Error [PrismaClientKnownRequestError]: 
deploy-test	Run pnpm verify	2026-10-07T06:33:21.1236624Z Invalid `client.auditLog.create()` invocation in
deploy-test	Run pnpm verify	2026-10-07T06:33:21.1237845Z /home/runner/work/food-digester-platform/food-digester-platform/packages/database/src/audit.ts:72:25
deploy-test	Run pnpm verify	2026-10-07T06:33:21.1238682Z 
deploy-test	Run pnpm verify	2026-10-07T06:33:21.1239274Z   69 /** 写一条审计记录。可在事务内（tx）或根 client 上调用。 */
deploy-test	Run pnpm verify	2026-10-07T06:33:21.1240016Z   70 export async function recordAudit(client: DbClient, entry: AuditEntry): Promise<void> {
deploy-test	Run pnpm verify	2026-10-07T06:33:21.1240751Z   71   const ctx = getRequestContext();
deploy-test	Run pnpm verify	2026-10-07T06:33:21.1241468Z → 72   await client.auditLog.create(
deploy-test	Run pnpm verify	2026-10-07T06:33:21.1242231Z Database error. Code: `P0001`. Message: `QA04 audit unavailable`
deploy-test	Run pnpm verify	2026-10-07T06:33:21.1243661Z     at redactSensitive ^[[90m(/home/runner/work/food-digester-platform/food-digester-platform/^[[39mpackages/observability/src/redaction.ts:43:19^[[90m)^[[39m
deploy-test	Run pnpm verify	2026-10-07T06:33:21.1244809Z     at Array.map (<anonymous>)
deploy-test	Run pnpm verify	2026-10-07T06:33:21.1246311Z     at Object.error ^[[90m(/home/runner/work/food-digester-platform/food-digester-platform/^[[39mpackages/observability/src/redaction.ts:70:18^[[90m)^[[39m
deploy-test	Run pnpm verify	2026-10-07T06:33:21.1247921Z     at audited ^[[90m(/home/runner/work/food-digester-platform/food-digester-platform/^[[39mpackages/database/src/audit.ts:144:14^[[90m)^[[39m
deploy-test	Run pnpm verify	2026-10-07T06:33:21.1249233Z ^[[90m    at processTicksAndRejections (node:internal/process/task_queues:103:5)^[[39m
deploy-test	Run pnpm verify	2026-10-07T06:33:21.1250606Z     at ^[[90m/home/runner/work/food-digester-platform/food-digester-platform/^[[39mapps/cloud-api/src/admin/device-status/handler.ts:79:20
deploy-test	Run pnpm verify	2026-10-07T06:33:21.1252358Z     at Object.suspend ^[[90m(/home/runner/work/food-digester-platform/food-digester-platform/^[[39mapps/cloud-api/src/admin/device-status/handler.ts:104:16^[[90m)^[[39m
deploy-test	Run pnpm verify	2026-10-07T06:33:21.1254462Z     at ^[[90m/home/runner/work/food-digester-platform/food-digester-platform/^[[39mapps/cloud-api/test/qa04-core-api.test.ts:193:20
deploy-test	Run pnpm verify	2026-10-07T06:33:21.1256253Z     at withFixture ^[[90m(/home/runner/work/food-digester-platform/food-digester-platform/^[[39mapps/cloud-api/test/qa04-core-api.test.ts:50:13^[[90m)^[[39m
deploy-test	Run pnpm verify	2026-10-07T06:33:21.1257810Z     at ^[[90m/home/runner/work/food-digester-platform/food-digester-platform/^[[39mapps/cloud-api/test/qa04-core-api.test.ts:184:3
deploy-test	Run pnpm verify	2026-10-07T06:33:21.1258533Z 
deploy-test	Run pnpm verify	2026-10-07T06:33:21.2023847Z  ^[[32m✓^[[39m apps/cloud-api/test/qa04-core-api.test.ts ^[[2m(^[[22m^[[2m3 tests^[[22m^[[2m)^[[22m^[[33m 10445^[[2mms^[[22m^[[39m
deploy-test	Run pnpm verify	2026-10-07T06:33:21.2025833Z    ^[[33m^[[2m✓^[[22m^[[39m QA04 five roles, two tenants: read scope, mutation and audit boundaries ^[[33m 4387^[[2mms^[[22m^[[39m
deploy-test	Run pnpm verify	2026-10-07T06:33:21.2027007Z    ^[[33m^[[2m✓^[[22m^[[39m QA04 concurrent If-Match writes have one winner and one success audit ^[[33m 2762^[[2mms^[[22m^[[39m
deploy-test	Run pnpm verify	2026-10-07T06:33:21.2028387Z    ^[[33m^[[2m✓^[[22m^[[39m QA04 audit failure rolls back lifecycle/outbox; retry and replay preserve exactly one audit ^[[33m 3292^[[2mms^[[22m^[[39m
deploy-test	Run pnpm verify	2026-10-07T06:33:21.5750640Z Bundling asset DeployTest/OnboardingProvisioningFn/Code/Stage...
deploy-test	Run pnpm verify	2026-10-07T06:33:22.7227090Z Bundling asset DeployTest/DeviceApiFn/Code/Stage...
deploy-test	Run pnpm verify	2026-10-07T06:33:23.0423299Z ^[[90mstderr^[[2m | apps/ingestion-worker/test/qa03-data-path.test.ts^[[2m > ^[[22m^[[2mQA03 archive queue outage and manifest failure converge with stable objects
deploy-test	Run pnpm verify	2026-10-07T06:33:23.0457415Z ^[[22m^[[39marchive validation rejected {
deploy-test	Run pnpm verify	2026-10-07T06:33:23.0468647Z   kind: ^[[32m'archive.validation_rejected'^[[39m,
deploy-test	Run pnpm verify	2026-10-07T06:33:23.0469627Z   messageId: ^[[32m'invalid-archive'^[[39m,
deploy-test	Run pnpm verify	2026-10-07T06:33:23.0470323Z   eventId: ^[[1mnull^[[22m,
deploy-test	Run pnpm verify	2026-10-07T06:33:23.0470902Z   errorPath: ^[[32m'$'^[[39m,
deploy-test	Run pnpm verify	2026-10-07T06:33:23.0471863Z   reason: ^[[32m"Expected property name or '}' in JSON at position 1 (line 1 column 2)"^[[39m,
deploy-test	Run pnpm verify	2026-10-07T06:33:23.0472811Z   rawBody: ^[[32m'{bad'^[[39m
deploy-test	Run pnpm verify	2026-10-07T06:33:23.0473345Z }
deploy-test	Run pnpm verify	2026-10-07T06:33:23.0473773Z 
deploy-test	Run pnpm verify	2026-10-07T06:33:24.4116817Z Bundling asset DeployTest/ApiFn/Code/Stage...
deploy-test	Run pnpm verify	2026-10-07T06:33:26.3679466Z  ^[[32m✓^[[39m packages/auth/test/device-mtls.test.ts ^[[2m(^[[22m^[[2m11 tests^[[22m^[[2m)^[[22m^[[33m 4684^[[2mms^[[22m^[[39m
deploy-test	Run pnpm verify	2026-10-07T06:33:31.3747727Z  ^[[32m✓^[[39m infra/test/deployment-config.test.ts ^[[2m(^[[22m^[[2m3 tests^[[22m^[[2m)^[[22m^[[33m 27242^[[2mms^[[22m^[[39m
deploy-test	Run pnpm verify	2026-10-07T06:33:31.3758107Z    ^[[33m^[[2m✓^[[22m^[[39m deployment template: unauthed OPTIONS only, fixed origin errors, pinned truststore and private one-shot migration ^[[33m 27224^[[2mms^[[22m^[[39m
deploy-test	Run pnpm verify	2026-10-07T06:33:32.6197516Z  ^[[32m✓^[[39m apps/ingestion-worker/test/qa03-data-path.test.ts ^[[2m(^[[22m^[[2m5 tests^[[22m^[[2m)^[[22m^[[33m 23972^[[2mms^[[22m^[[39m
deploy-test	Run pnpm verify	2026-10-07T06:33:32.6228155Z    ^[[33m^[[2m✓^[[22m^[[39m QA03 eight routes: business + receipts + outbox + raw archive, duplicate redelivery ^[[33m 8391^[[2mms^[[22m^[[39m
deploy-test	Run pnpm verify	2026-10-07T06:33:32.6234508Z    ^[[33m^[[2m✓^[[22m^[[39m QA03 partial failure, quarantine retry, payload conflict and gap recovery ^[[33m 3102^[[2mms^[[22m^[[39m
deploy-test	Run pnpm verify	2026-10-07T06:33:32.6235950Z    ^[[33m^[[2m✓^[[22m^[[39m QA03 archive queue outage and manifest failure converge with stable objects ^[[33m 2906^[[2mms^[[22m^[[39m
deploy-test	Run pnpm verify	2026-10-07T06:33:32.6237203Z    ^[[33m^[[2m✓^[[22m^[[39m QA03 business/receipt/outbox transaction rollback then retry ^[[33m 3404^[[2mms^[[22m^[[39m
deploy-test	Run pnpm verify	2026-10-07T06:33:32.6238356Z    ^[[33m^[[2m✓^[[22m^[[39m QA03 isolated resources are cleaned even when the scenario throws ^[[33m 6162^[[2mms^[[22m^[[39m
deploy-test	Run pnpm verify	2026-10-07T06:33:32.9020113Z  ^[[32m✓^[[39m packages/domain/test/command.test.ts ^[[2m(^[[22m^[[2m16 tests^[[22m^[[2m)^[[22m^[[32m 16^[[2mms^[[22m^[[39m
deploy-test	Run pnpm verify	2026-10-07T06:33:33.7637818Z  ^[[32m✓^[[39m packages/database/test/client-preparation.test.ts ^[[2m(^[[22m^[[2m5 tests^[[22m^[[2m)^[[22m^[[33m 417^[[2mms^[[22m^[[39m
deploy-test	Run pnpm verify	2026-10-07T06:33:35.3477634Z  ^[[32m✓^[[39m apps/admin-web/test/auth-flow.test.ts ^[[2m(^[[22m^[[2m18 tests^[[22m^[[2m)^[[22m^[[33m 1117^[[2mms^[[22m^[[39m
deploy-test	Run pnpm verify	2026-10-07T06:33:35.4212450Z  ^[[32m✓^[[39m apps/admin-web/test/audit-logs.test.tsx ^[[2m(^[[22m^[[2m9 tests^[[22m^[[2m)^[[22m^[[33m 5791^[[2mms^[[22m^[[39m
deploy-test	Run pnpm verify	2026-10-07T06:33:35.4237059Z    ^[[33m^[[2m✓^[[22m^[[39m 筛选：actor/Customer/对象/动作/结果/时间全字段回调（时间转 UTC ISO） ^[[33m 3256^[[2mms^[[22m^[[39m
deploy-test	Run pnpm verify	2026-10-07T06:33:35.4288181Z    ^[[33m^[[2m✓^[[22m^[[39m 时间范围倒置时失败关闭且不发起筛选 ^[[33m 395^[[2mms^[[22m^[[39m
deploy-test	Run pnpm verify	2026-10-07T06:33:35.4346581Z    ^[[33m^[[2m✓^[[22m^[[39m 分页正确：下一页携带 nextCursor ^[[33m 757^[[2mms^[[22m^[[39m
deploy-test	Run pnpm verify	2026-10-07T06:33:35.4358534Z    ^[[33m^[[2m✓^[[22m^[[39m 详情：显示脱敏前后值、requestId、原因与 IP/UA ^[[33m 434^[[2mms^[[22m^[[39m
deploy-test	Run pnpm verify	2026-10-07T06:33:35.4446787Z    ^[[33m^[[2m✓^[[22m^[[39m 敏感字段不可见：明文 password/privateKey/token 前端兜底脱敏为 [REDACTED] ^[[33m 448^[[2mms^[[22m^[[39m
deploy-test	Run pnpm verify	2026-10-07T06:33:35.6800635Z  ^[[32m✓^[[39m packages/domain/test/license.test.ts ^[[2m(^[[22m^[[2m17 tests^[[22m^[[2m)^[[22m^[[32m 16^[[2mms^[[22m^[[39m
deploy-test	Run pnpm verify	2026-10-07T06:33:37.4737177Z  ^[[32m✓^[[39m apps/cloud-api/test/csr-onboarding.test.ts ^[[2m(^[[22m^[[2m1 test^[[22m^[[2m)^[[22m^[[33m 4784^[[2mms^[[22m^[[39m
deploy-test	Run pnpm verify	2026-10-07T06:33:37.4827068Z      ^[[33m^[[2m✓^[[22m^[[39m 匿名申请、相同公钥幂等、换钥冲突；签名轮询拒绝重放 ^[[33m 717^[[2mms^[[22m^[[39m
deploy-test	Run pnpm verify	2026-10-07T06:33:39.9422242Z  ^[[32m✓^[[39m apps/admin-web/test/device-view.test.tsx ^[[2m(^[[22m^[[2m6 tests^[[22m^[[2m)^[[22m^[[33m 1519^[[2mms^[[22m^[[39m
deploy-test	Run pnpm verify	2026-10-07T06:33:39.9480743Z    ^[[33m^[[2m✓^[[22m^[[39m 选择设备并应用：四级联动；未选设备禁用应用 ^[[33m 814^[[2mms^[[22m^[[39m
deploy-test	Run pnpm verify	2026-10-07T06:33:40.2037230Z  ^[[32m✓^[[39m packages/database/test/db03.test.ts ^[[2m(^[[22m^[[2m10 tests^[[22m^[[2m)^[[22m^[[33m 4358^[[2mms^[[22m^[[39m
deploy-test	Run pnpm verify	2026-10-07T06:33:43.7402701Z  ^[[32m✓^[[39m apps/cloud-api/test/certificate-status.test.ts ^[[2m(^[[22m^[[2m8 tests^[[22m^[[2m)^[[22m^[[33m 4569^[[2mms^[[22m^[[39m
deploy-test	Run pnpm verify	2026-10-07T06:33:45.6047469Z  ^[[32m✓^[[39m apps/cloud-api/test/admin-replay.test.ts ^[[2m(^[[22m^[[2m5 tests^[[22m^[[2m)^[[22m^[[33m 4267^[[2mms^[[22m^[[39m
deploy-test	Run pnpm verify	2026-10-07T06:33:45.6076839Z      ^[[33m^[[2m✓^[[22m^[[39m PlatformOperator 创建成功：201 + scope 落库 + 创建审计 ^[[33m 306^[[2mms^[[22m^[[39m
deploy-test	Run pnpm verify	2026-10-07T06:33:48.2737781Z  ^[[32m✓^[[39m apps/admin-web/test/onboarding.test.tsx ^[[2m(^[[22m^[[2m11 tests^[[22m^[[2m)^[[22m^[[33m 5641^[[2mms^[[22m^[[39m
deploy-test	Run pnpm verify	2026-10-07T06:33:48.2837761Z    ^[[33m^[[2m✓^[[22m^[[39m 列表与状态筛选：PENDING/APPROVED/REJECTED/TIMED_OUT 标签与状态列 ^[[33m 1065^[[2mms^[[22m^[[39m
deploy-test	Run pnpm verify	2026-10-07T06:33:48.2845761Z    ^[[33m^[[2m✓^[[22m^[[39m 权限门控：仅 canReview（SuperAdmin）且 PENDING 显示审批操作 ^[[33m 307^[[2mms^[[22m^[[39m
deploy-test	Run pnpm verify	2026-10-07T06:33:48.2847173Z    ^[[33m^[[2m✓^[[22m^[[39m 批准：确认后提交并跳转设备详情（携带序列号，不伪造设备记录） ^[[33m 800^[[2mms^[[22m^[[39m
deploy-test	Run pnpm verify	2026-10-07T06:33:48.2848043Z    ^[[33m^[[2m✓^[[22m^[[39m 拒绝：原因必填；提交后刷新列表 ^[[33m 1524^[[2mms^[[22m^[[39m
deploy-test	Run pnpm verify	2026-10-07T06:33:48.2848812Z    ^[[33m^[[2m✓^[[22m^[[39m 重复点击不会重复审批：在途期间后续提交被忽略 ^[[33m 532^[[2mms^[[22m^[[39m
deploy-test	Run pnpm verify	2026-10-07T06:33:48.2849543Z    ^[[33m^[[2m✓^[[22m^[[39m 并发审批冲突：409 VERSION_CONFLICT 显示刷新提示 ^[[33m 638^[[2mms^[[22m^[[39m
deploy-test	Run pnpm verify	2026-10-07T06:33:48.8408716Z  ^[[32m✓^[[39m apps/ingestion-worker/test/rotation-confirmation.test.ts ^[[2m(^[[22m^[[2m8 tests^[[22m^[[2m)^[[22m^[[33m 4491^[[2mms^[[22m^[[39m
deploy-test	Run pnpm verify	2026-10-07T06:33:48.8437531Z      ^[[33m^[[2m✓^[[22m^[[39m MQTT first: old certificate remains valid until REST, then durable AWS intent and admin completion ^[[33m 357^[[2mms^[[22m^[[39m
deploy-test	Run pnpm verify	2026-10-07T06:33:49.1257997Z  ^[[32m✓^[[39m packages/observability/test/data-path.test.ts ^[[2m(^[[22m^[[2m8 tests^[[22m^[[2m)^[[22m^[[32m 12^[[2mms^[[22m^[[39m
deploy-test	Run pnpm verify	2026-10-07T06:33:51.8656763Z  ^[[32m✓^[[39m apps/admin-web/test/i18n.test.tsx ^[[2m(^[[22m^[[2m7 tests^[[22m^[[2m)^[[22m^[[33m 3468^[[2mms^[[22m^[[39m
deploy-test	Run pnpm verify	2026-10-07T06:33:51.8659125Z    ^[[33m^[[2m✓^[[22m^[[39m 切换语言：菜单/面包屑/共享组件文案即时完整更新；localStorage 与 <html lang> 同步 ^[[33m 1883^[[2mms^[[22m^[[39m
deploy-test	Run pnpm verify	2026-10-07T06:33:51.8660292Z    ^[[33m^[[2m✓^[[22m^[[39m 刷新/重新登录后语言保持：重新挂载读取持久化值 ^[[33m 1459^[[2mms^[[22m^[[39m
deploy-test	Run pnpm verify	2026-10-07T06:33:53.1803909Z Bundling asset Qa09Perf/IngestionFn/Code/Stage...
deploy-test	Run pnpm verify	2026-10-07T06:33:54.0848662Z  ^[[32m✓^[[39m apps/cloud-api/test/admin-certificate-rotation.test.ts ^[[2m(^[[22m^[[2m4 tests^[[22m^[[2m)^[[22m^[[33m 4554^[[2mms^[[22m^[[39m
deploy-test	Run pnpm verify	2026-10-07T06:33:54.0900905Z      ^[[33m^[[2m✓^[[22m^[[39m 正向：201 创建 + 恰好一条 Outbox 通知（CERTIFICATE_ROTATION_REQUIRED）+ 审计 + 无密钥材料 ^[[33m 320^[[2mms^[[22m^[[39m
deploy-test	Run pnpm verify	2026-10-07T06:33:54.4848499Z Bundling asset Qa09Perf/ArchiveFn/Code/Stage...
deploy-test	Run pnpm verify	2026-10-07T06:33:55.0898505Z Bundling asset Qa09Perf/OutboxPublisherFn/Code/Stage...
deploy-test	Run pnpm verify	2026-10-07T06:33:56.0679229Z Bundling asset Qa09Perf/NotificationPublisherFn/Code/Stage...
deploy-test	Run pnpm verify	2026-10-07T06:33:56.9946752Z Bundling asset Qa09Perf/SummaryFn/Code/Stage...
deploy-test	Run pnpm verify	2026-10-07T06:33:57.9738874Z Bundling asset Qa09Perf/ReplayTriggerPublisherFn/Code/Stage...
deploy-test	Run pnpm verify	2026-10-07T06:33:58.9351267Z Bundling asset Qa09Perf/ReplayFn/Code/Stage...
deploy-test	Run pnpm verify	2026-10-07T06:33:59.2716432Z  ^[[32m✓^[[39m apps/admin-web/test/shell.test.tsx ^[[2m(^[[22m^[[2m8 tests^[[22m^[[2m)^[[22m^[[33m 3032^[[2mms^[[22m^[[39m
deploy-test	Run pnpm verify	2026-10-07T06:33:59.2718715Z    ^[[33m^[[2m✓^[[22m^[[39m 菜单按角色过滤：PlatformSuperAdmin 见全部 17 项；CustomerViewer 不见受限项 ^[[33m 1820^[[2mms^[[22m^[[39m
deploy-test	Run pnpm verify	2026-10-07T06:33:59.2746519Z    ^[[33m^[[2m✓^[[22m^[[39m 菜单展开/路由/面包屑一致：当前页 aria-current，面包屑含分组与页面 ^[[33m 447^[[2mms^[[22m^[[39m
deploy-test	Run pnpm verify	2026-10-07T06:33:59.8778144Z  ^[[32m✓^[[39m infra/test/deployment-governance.test.ts ^[[2m(^[[22m^[[2m2 tests^[[22m^[[2m)^[[22m^[[32m 9^[[2mms^[[22m^[[39m
deploy-test	Run pnpm verify	2026-10-07T06:33:59.9309845Z Bundling asset Qa09Perf/CertPackageSweeperFn/Code/Stage...
deploy-test	Run pnpm verify	2026-10-07T06:34:00.7139604Z  ^[[32m✓^[[39m apps/admin-web/test/sites.test.tsx ^[[2m(^[[22m^[[2m7 tests^[[22m^[[2m)^[[22m^[[33m 8840^[[2mms^[[22m^[[39m
deploy-test	Run pnpm verify	2026-10-07T06:34:00.7144018Z    ^[[33m^[[2m✓^[[22m^[[39m 列表：Region/Subregion/时区/联系人/设备数/状态列完整；筛选可变更 ^[[33m 1287^[[2mms^[[22m^[[39m
deploy-test	Run pnpm verify	2026-10-07T06:34:00.7145404Z    ^[[33m^[[2m✓^[[22m^[[39m 详情：地址/时区/联系人/设备数完整展示 ^[[33m 518^[[2mms^[[22m^[[39m
deploy-test	Run pnpm verify	2026-10-07T06:34:00.7146401Z    ^[[33m^[[2m✓^[[22m^[[39m 创建：非法时区客户端拦截不提交；合法输入提交成功 ^[[33m 2575^[[2mms^[[22m^[[39m
deploy-test	Run pnpm verify	2026-10-07T06:34:00.7147310Z    ^[[33m^[[2m✓^[[22m^[[39m 编辑：customerId 不可变（只读展示）；提交携带当前 version ^[[33m 1512^[[2mms^[[22m^[[39m
deploy-test	Run pnpm verify	2026-10-07T06:34:00.7148232Z    ^[[33m^[[2m✓^[[22m^[[39m 停用：展示关联设备数提示；原因必填；409 版本冲突提示刷新 ^[[33m 2738^[[2mms^[[22m^[[39m
deploy-test	Run pnpm verify	2026-10-07T06:34:00.9252977Z Bundling asset Qa09Perf/OnboardingDeadlineFn/Code/Stage...
deploy-test	Run pnpm verify	2026-10-07T06:34:00.9412957Z  ^[[32m✓^[[39m packages/domain/test/contract.test.ts ^[[2m(^[[22m^[[2m9 tests^[[22m^[[2m)^[[22m^[[32m 11^[[2mms^[[22m^[[39m
deploy-test	Run pnpm verify	2026-10-07T06:34:01.1855872Z  ^[[32m✓^[[39m apps/admin-web/test/session-manager.test.ts ^[[2m(^[[22m^[[2m10 tests^[[22m^[[2m)^[[22m^[[32m 10^[[2mms^[[22m^[[39m
deploy-test	Run pnpm verify	2026-10-07T06:34:01.9068618Z Bundling asset Qa09Perf/RetirementTimeoutFn/Code/Stage...
deploy-test	Run pnpm verify	2026-10-07T06:34:02.7721071Z  ^[[32m✓^[[39m apps/cloud-api/test/admin-p1-strict-request.test.ts ^[[2m(^[[22m^[[2m2 tests^[[22m^[[2m)^[[22m^[[32m 97^[[2mms^[[22m^[[39m
deploy-test	Run pnpm verify	2026-10-07T06:34:03.0738679Z Bundling asset Qa09Perf/ActivityExportFn/Code/Stage...
deploy-test	Run pnpm verify	2026-10-07T06:34:03.1829513Z  ^[[32m✓^[[39m apps/cloud-api/test/device-lambda-composition.test.ts ^[[2m(^[[22m^[[2m13 tests^[[22m^[[2m)^[[22m^[[32m 30^[[2mms^[[22m^[[39m
deploy-test	Run pnpm verify	2026-10-07T06:34:04.1028403Z Bundling asset Qa09Perf/EsgExportFn/Code/Stage...
deploy-test	Run pnpm verify	2026-10-07T06:34:04.7891917Z  ^[[32m✓^[[39m apps/cloud-api/test/device-retirement-timeout.test.ts ^[[2m(^[[22m^[[2m5 tests^[[22m^[[2m)^[[22m^[[33m 3910^[[2mms^[[22m^[[39m
deploy-test	Run pnpm verify	2026-10-07T06:34:05.0706811Z Bundling asset Qa09Perf/CommandPublisherFn/Code/Stage...
deploy-test	Run pnpm verify	2026-10-07T06:34:05.2568466Z  ^[[32m✓^[[39m apps/admin-web/test/guard-menu.test.ts ^[[2m(^[[22m^[[2m13 tests^[[22m^[[2m)^[[22m^[[32m 13^[[2mms^[[22m^[[39m
deploy-test	Run pnpm verify	2026-10-07T06:34:05.9487515Z  ^[[32m✓^[[39m packages/database/test/observed-pg.test.ts ^[[2m(^[[22m^[[2m4 tests^[[22m^[[2m)^[[22m^[[32m 226^[[2mms^[[22m^[[39m
deploy-test	Run pnpm verify	2026-10-07T06:34:06.0447079Z Bundling asset Qa09Perf/CommandTimeoutFn/Code/Stage...
deploy-test	Run pnpm verify	2026-10-07T06:34:07.0307115Z ^[[90mstdout^[[2m | apps/cloud-api/test/admin-runtime-initialization.test.ts^[[2m > ^[[22m^[[2mmissing configuration prevents any secret/client work in actual Lambda entry
deploy-test	Run pnpm verify	2026-10-07T06:34:07.0311913Z ^[[22m^[[39m{"event":"data-path.phase.completed","lambdaRequestId":"unknown","gatewayRequestId":"unknown","operationId":"listContracts","sqsMessageId":"unknown","deviceId":"unknown","messageId":"unknown","topicType":"unknown","coldStart":true,"phase":"runtime-initialize","durationMs":1,"outcome":"FAIL","errorCode":"DATA_PATH_PHASE_FAILED","startedAt":"2026-10-07T06:34:07.027Z","completedAt":"2026-10-07T06:34:07.028Z","includesConnectionWait":false}
deploy-test	Run pnpm verify	2026-10-07T06:34:07.0337707Z Bundling asset Qa09Perf/OtaDispatcherFn/Code/Stage...
deploy-test	Run pnpm verify	2026-10-07T06:34:07.0338210Z 
deploy-test	Run pnpm verify	2026-10-07T06:34:07.0358629Z ^[[90mstdout^[[2m | apps/cloud-api/test/admin-runtime-initialization.test.ts^[[2m > ^[[22m^[[2mmissing configuration prevents any secret/client work in actual Lambda entry
deploy-test	Run pnpm verify	2026-10-07T06:34:07.0362043Z ^[[22m^[[39m{"event":"admin.request.completed","gatewayRequestId":"unknown","gatewayExtendedRequestId":"unknown","lambdaRequestId":"unknown","operationId":"listContracts","status":500,"elapsedMs":4}
deploy-test	Run pnpm verify	2026-10-07T06:34:07.0364279Z 
deploy-test	Run pnpm verify	2026-10-07T06:34:07.0584732Z ^[[90mstdout^[[2m | apps/cloud-api/test/admin-runtime-initialization.test.ts^[[2m > ^[[22m^[[2mfailed secret never publishes runtime/client; later request retries initialization without business work
deploy-test	Run pnpm verify	2026-10-07T06:34:07.0589345Z ^[[22m^[[39m{"event":"data-path.phase.completed","lambdaRequestId":"unknown","gatewayRequestId":"unknown","operationId":"listContracts","sqsMessageId":"unknown","deviceId":"unknown","messageId":"unknown","topicType":"unknown","coldStart":true,"phase":"runtime-database-secret","durationMs":0,"outcome":"PASS","errorCode":"NONE","startedAt":"2026-10-07T06:34:07.057Z","completedAt":"2026-10-07T06:34:07.057Z","includesConnectionWait":false}
deploy-test	Run pnpm verify	2026-10-07T06:34:07.0596480Z {"event":"data-path.phase.completed","lambdaRequestId":"unknown","gatewayRequestId":"unknown","operationId":"listContracts","sqsMessageId":"unknown","deviceId":"unknown","messageId":"unknown","topicType":"unknown","coldStart":true,"phase":"runtime-license-secret","durationMs":1,"outcome":"FAIL","errorCode":"DATA_PATH_PHASE_FAILED","startedAt":"2026-10-07T06:34:07.057Z","completedAt":"2026-10-07T06:34:07.057Z","includesConnectionWait":false}
deploy-test	Run pnpm verify	2026-10-07T06:34:07.0601116Z 
deploy-test	Run pnpm verify	2026-10-07T06:34:07.0609428Z ^[[90mstdout^[[2m | apps/cloud-api/test/admin-runtime-initialization.test.ts^[[2m > ^[[22m^[[2mfailed secret never publishes runtime/client; later request retries initialization without business work
deploy-test	Run pnpm verify	2026-10-07T06:34:07.0612165Z ^[[22m^[[39m{"event":"data-path.phase.completed","lambdaRequestId":"unknown","gatewayRequestId":"unknown","operationId":"listContracts","sqsMessageId":"unknown","deviceId":"unknown","messageId":"unknown","topicType":"unknown","coldStart":true,"phase":"runtime-initialize","durationMs":2,"outcome":"FAIL","errorCode":"DATA_PATH_PHASE_FAILED","startedAt":"2026-10-07T06:34:07.056Z","completedAt":"2026-10-07T06:34:07.058Z","includesConnectionWait":false}
deploy-test	Run pnpm verify	2026-10-07T06:34:07.0613692Z 
deploy-test	Run pnpm verify	2026-10-07T06:34:07.0614629Z ^[[90mstdout^[[2m | apps/cloud-api/test/admin-runtime-initialization.test.ts^[[2m > ^[[22m^[[2mfailed secret never publishes runtime/client; later request retries initialization without business work
deploy-test	Run pnpm verify	2026-10-07T06:34:07.0616791Z ^[[22m^[[39m{"event":"admin.request.completed","gatewayRequestId":"unknown","gatewayExtendedRequestId":"unknown","lambdaRequestId":"unknown","operationId":"listContracts","status":500,"elapsedMs":2}
deploy-test	Run pnpm verify	2026-10-07T06:34:07.0617488Z 
deploy-test	Run pnpm verify	2026-10-07T06:34:07.0638667Z ^[[90mstdout^[[2m | apps/cloud-api/test/admin-runtime-initialization.test.ts^[[2m > ^[[22m^[[2mfailed secret never publishes runtime/client; later request retries initialization without business work
deploy-test	Run pnpm verify	2026-10-07T06:34:07.0643187Z ^[[22m^[[39m{"event":"data-path.phase.completed","lambdaRequestId":"unknown","gatewayRequestId":"unknown","operationId":"listContracts","sqsMessageId":"unknown","deviceId":"unknown","messageId":"unknown","topicType":"unknown","coldStart":true,"phase":"runtime-database-secret","durationMs":0,"outcome":"PASS","errorCode":"NONE","startedAt":"2026-10-07T06:34:07.061Z","completedAt":"2026-10-07T06:34:07.061Z","includesConnectionWait":false}
deploy-test	Run pnpm verify	2026-10-07T06:34:07.0651927Z {"event":"data-path.phase.completed","lambdaRequestId":"unknown","gatewayRequestId":"unknown","operationId":"listContracts","sqsMessageId":"unknown","deviceId":"unknown","messageId":"unknown","topicType":"unknown","coldStart":true,"phase":"runtime-license-secret","durationMs":0,"outcome":"PASS","errorCode":"NONE","startedAt":"2026-10-07T06:34:07.061Z","completedAt":"2026-10-07T06:34:07.061Z","includesConnectionWait":false}
deploy-test	Run pnpm verify	2026-10-07T06:34:07.0654443Z 
deploy-test	Run pnpm verify	2026-10-07T06:34:07.1238733Z ^[[90mstdout^[[2m | apps/cloud-api/test/admin-runtime-initialization.test.ts^[[2m > ^[[22m^[[2mfailed secret never publishes runtime/client; later request retries initialization without business work
deploy-test	Run pnpm verify	2026-10-07T06:34:07.1248692Z ^[[22m^[[39m{"event":"data-path.phase.completed","lambdaRequestId":"unknown","gatewayRequestId":"unknown","operationId":"listContracts","sqsMessageId":"unknown","deviceId":"unknown","messageId":"unknown","topicType":"unknown","coldStart":true,"phase":"runtime-client-construct","processCpuUserUs":16373,"processCpuSystemUs":18371,"processCpuScope":"PROCESS_ALL_THREADS","durationMs":22,"outcome":"PASS","errorCode":"NONE","startedAt":"2026-10-07T06:34:07.062Z","completedAt":"2026-10-07T06:34:07.084Z","includesConnectionWait":false}
deploy-test	Run pnpm verify	2026-10-07T06:34:07.1281482Z {"event":"data-path.phase.completed","lambdaRequestId":"unknown","gatewayRequestId":"unknown","operationId":"listContracts","sqsMessageId":"unknown","deviceId":"unknown","messageId":"unknown","topicType":"unknown","coldStart":true,"phase":"runtime-route-assembly","processCpuUserUs":33679,"processCpuSystemUs":3087,"processCpuScope":"PROCESS_ALL_THREADS","durationMs":36,"outcome":"PASS","errorCode":"NONE","startedAt":"2026-10-07T06:34:07.084Z","completedAt":"2026-10-07T06:34:07.120Z","includesConnectionWait":false}
deploy-test	Run pnpm verify	2026-10-07T06:34:07.1313348Z 
deploy-test	Run pnpm verify	2026-10-07T06:34:07.1338212Z ^[[90mstdout^[[2m | apps/cloud-api/test/admin-runtime-initialization.test.ts^[[2m > ^[[22m^[[2mfailed secret never publishes runtime/client; later request retries initialization without business work
deploy-test	Run pnpm verify	2026-10-07T06:34:07.1348718Z ^[[22m^[[39m{"event":"data-path.phase.completed","lambdaRequestId":"unknown","gatewayRequestId":"unknown","operationId":"listContracts","sqsMessageId":"unknown","deviceId":"unknown","messageId":"unknown","topicType":"unknown","coldStart":true,"phase":"runtime-initialize","durationMs":61,"outcome":"PASS","errorCode":"NONE","startedAt":"2026-10-07T06:34:07.061Z","completedAt":"2026-10-07T06:34:07.122Z","includesConnectionWait":false}
deploy-test	Run pnpm verify	2026-10-07T06:34:07.1441129Z 
deploy-test	Run pnpm verify	2026-10-07T06:34:07.1450929Z ^[[90mstdout^[[2m | apps/cloud-api/test/admin-runtime-initialization.test.ts^[[2m > ^[[22m^[[2mfailed secret never publishes runtime/client; later request retries initialization without business work
deploy-test	Run pnpm verify	2026-10-07T06:34:07.1455782Z ^[[22m^[[39m{"event":"data-path.phase.completed","lambdaRequestId":"unknown","gatewayRequestId":"unknown","operationId":"listContracts","sqsMessageId":"unknown","deviceId":"unknown","messageId":"unknown","topicType":"unknown","coldStart":true,"phase":"admin-authenticate","durationMs":0,"outcome":"FAIL","errorCode":"DATA_PATH_PHASE_FAILED","startedAt":"2026-10-07T06:34:07.122Z","completedAt":"2026-10-07T06:34:07.123Z","includesConnectionWait":false}
deploy-test	Run pnpm verify	2026-10-07T06:34:07.1458308Z 
deploy-test	Run pnpm verify	2026-10-07T06:34:07.1459868Z ^[[90mstdout^[[2m | apps/cloud-api/test/admin-runtime-initialization.test.ts^[[2m > ^[[22m^[[2mfailed secret never publishes runtime/client; later request retries initialization without business work
deploy-test	Run pnpm verify	2026-10-07T06:34:07.1464072Z ^[[22m^[[39m{"event":"data-path.phase.completed","lambdaRequestId":"unknown","gatewayRequestId":"unknown","operationId":"listContracts","sqsMessageId":"unknown","deviceId":"unknown","messageId":"unknown","topicType":"unknown","coldStart":true,"phase":"response-serialize","durationMs":0,"outcome":"PASS","errorCode":"NONE","startedAt":"2026-10-07T06:34:07.124Z","completedAt":"2026-10-07T06:34:07.124Z","includesConnectionWait":false}
deploy-test	Run pnpm verify	2026-10-07T06:34:07.1467137Z 
deploy-test	Run pnpm verify	2026-10-07T06:34:07.1468703Z ^[[90mstdout^[[2m | apps/cloud-api/test/admin-runtime-initialization.test.ts^[[2m > ^[[22m^[[2mfailed secret never publishes runtime/client; later request retries initialization without business work
deploy-test	Run pnpm verify	2026-10-07T06:34:07.1471334Z ^[[22m^[[39m{"event":"admin.request.completed","gatewayRequestId":"unknown","gatewayExtendedRequestId":"unknown","lambdaRequestId":"unknown","operationId":"listContracts","status":401,"elapsedMs":63}
deploy-test	Run pnpm verify	2026-10-07T06:34:07.1482904Z 
deploy-test	Run pnpm verify	2026-10-07T06:34:07.1807985Z ^[[90mstdout^[[2m | apps/cloud-api/test/admin-runtime-initialization.test.ts^[[2m > ^[[22m^[[2mconcurrent initialization shares one handler/client and warm bad JWT never triggers engine preparation
deploy-test	Run pnpm verify	2026-10-07T06:34:07.1829661Z ^[[22m^[[39m{"event":"data-path.phase.completed","lambdaRequestId":"unknown","gatewayRequestId":"unknown","operationId":"listContracts","sqsMessageId":"unknown","deviceId":"unknown","messageId":"unknown","topicType":"unknown","coldStart":true,"phase":"runtime-license-secret","durationMs":0,"outcome":"PASS","errorCode":"NONE","startedAt":"2026-10-07T06:34:07.177Z","completedAt":"2026-10-07T06:34:07.177Z","includesConnectionWait":false}
deploy-test	Run pnpm verify	2026-10-07T06:34:07.1858632Z {"event":"data-path.phase.completed","lambdaRequestId":"unknown","gatewayRequestId":"unknown","operationId":"listContracts","sqsMessageId":"unknown","deviceId":"unknown","messageId":"unknown","topicType":"unknown","coldStart":true,"phase":"runtime-database-secret","durationMs":0,"outcome":"PASS","errorCode":"NONE","startedAt":"2026-10-07T06:34:07.177Z","completedAt":"2026-10-07T06:34:07.178Z","includesConnectionWait":false}
deploy-test	Run pnpm verify	2026-10-07T06:34:07.1865565Z 
deploy-test	Run pnpm verify	2026-10-07T06:34:07.2298175Z ^[[90mstdout^[[2m | apps/cloud-api/test/admin-runtime-initialization.test.ts^[[2m > ^[[22m^[[2mconcurrent initialization shares one handler/client and warm bad JWT never triggers engine preparation
deploy-test	Run pnpm verify	2026-10-07T06:34:07.2322229Z ^[[22m^[[39m{"event":"data-path.phase.completed","lambdaRequestId":"unknown","gatewayRequestId":"unknown","operationId":"listContracts","sqsMessageId":"unknown","deviceId":"unknown","messageId":"unknown","topicType":"unknown","coldStart":true,"phase":"runtime-client-construct","processCpuUserUs":42346,"processCpuSystemUs":13015,"processCpuScope":"PROCESS_ALL_THREADS","durationMs":44,"outcome":"PASS","errorCode":"NONE","startedAt":"2026-10-07T06:34:07.178Z","completedAt":"2026-10-07T06:34:07.222Z","includesConnectionWait":false}
deploy-test	Run pnpm verify	2026-10-07T06:34:07.2358256Z {"event":"data-path.phase.completed","lambdaRequestId":"unknown","gatewayRequestId":"unknown","operationId":"listContracts","sqsMessageId":"unknown","deviceId":"unknown","messageId":"unknown","topicType":"unknown","coldStart":true,"phase":"runtime-route-assembly","processCpuUserUs":5148,"processCpuSystemUs":0,"processCpuScope":"PROCESS_ALL_THREADS","durationMs":5,"outcome":"PASS","errorCode":"NONE","startedAt":"2026-10-07T06:34:07.222Z","completedAt":"2026-10-07T06:34:07.227Z","includesConnectionWait":false}
deploy-test	Run pnpm verify	2026-10-07T06:34:07.2360245Z 
deploy-test	Run pnpm verify	2026-10-07T06:34:07.2362351Z ^[[90mstdout^[[2m | apps/cloud-api/test/admin-runtime-initialization.test.ts^[[2m > ^[[22m^[[2mconcurrent initialization shares one handler/client and warm bad JWT never triggers engine preparation
deploy-test	Run pnpm verify	2026-10-07T06:34:07.2366702Z ^[[22m^[[39m{"event":"data-path.phase.completed","lambdaRequestId":"unknown","gatewayRequestId":"unknown","operationId":"listContracts","sqsMessageId":"unknown","deviceId":"unknown","messageId":"unknown","topicType":"unknown","coldStart":true,"phase":"runtime-initialize","durationMs":50,"outcome":"PASS","errorCode":"NONE","startedAt":"2026-10-07T06:34:07.177Z","completedAt":"2026-10-07T06:34:07.227Z","includesConnectionWait":false}
deploy-test	Run pnpm verify	2026-10-07T06:34:07.2369705Z 
deploy-test	Run pnpm verify	2026-10-07T06:34:07.2371158Z ^[[90mstdout^[[2m | apps/cloud-api/test/admin-runtime-initialization.test.ts^[[2m > ^[[22m^[[2mconcurrent initialization shares one handler/client and warm bad JWT never triggers engine preparation
deploy-test	Run pnpm verify	2026-10-07T06:34:07.2374923Z ^[[22m^[[39m{"event":"data-path.phase.completed","lambdaRequestId":"unknown","gatewayRequestId":"unknown","operationId":"listContracts","sqsMessageId":"unknown","deviceId":"unknown","messageId":"unknown","topicType":"unknown","coldStart":true,"phase":"admin-authenticate","durationMs":0,"outcome":"FAIL","errorCode":"DATA_PATH_PHASE_FAILED","startedAt":"2026-10-07T06:34:07.227Z","completedAt":"2026-10-07T06:34:07.228Z","includesConnectionWait":false}
deploy-test	Run pnpm verify	2026-10-07T06:34:07.2379801Z {"event":"data-path.phase.completed","lambdaRequestId":"unknown","gatewayRequestId":"unknown","operationId":"listContracts","sqsMessageId":"unknown","deviceId":"unknown","messageId":"unknown","topicType":"unknown","coldStart":true,"phase":"admin-authenticate","durationMs":0,"outcome":"FAIL","errorCode":"DATA_PATH_PHASE_FAILED","startedAt":"2026-10-07T06:34:07.228Z","completedAt":"2026-10-07T06:34:07.228Z","includesConnectionWait":false}
deploy-test	Run pnpm verify	2026-10-07T06:34:07.2384543Z {"event":"data-path.phase.completed","lambdaRequestId":"unknown","gatewayRequestId":"unknown","operationId":"listContracts","sqsMessageId":"unknown","deviceId":"unknown","messageId":"unknown","topicType":"unknown","coldStart":true,"phase":"response-serialize","durationMs":0,"outcome":"PASS","errorCode":"NONE","startedAt":"2026-10-07T06:34:07.228Z","completedAt":"2026-10-07T06:34:07.228Z","includesConnectionWait":false}
deploy-test	Run pnpm verify	2026-10-07T06:34:07.2389979Z {"event":"data-path.phase.completed","lambdaRequestId":"unknown","gatewayRequestId":"unknown","operationId":"listContracts","sqsMessageId":"unknown","deviceId":"unknown","messageId":"unknown","topicType":"unknown","coldStart":true,"phase":"response-serialize","durationMs":0,"outcome":"PASS","errorCode":"NONE","startedAt":"2026-10-07T06:34:07.228Z","completedAt":"2026-10-07T06:34:07.228Z","includesConnectionWait":false}
deploy-test	Run pnpm verify	2026-10-07T06:34:07.2392273Z 
deploy-test	Run pnpm verify	2026-10-07T06:34:07.2393943Z ^[[90mstdout^[[2m | apps/cloud-api/test/admin-runtime-initialization.test.ts^[[2m > ^[[22m^[[2mconcurrent initialization shares one handler/client and warm bad JWT never triggers engine preparation
deploy-test	Run pnpm verify	2026-10-07T06:34:07.2396794Z ^[[22m^[[39m{"event":"admin.request.completed","gatewayRequestId":"unknown","gatewayExtendedRequestId":"unknown","lambdaRequestId":"unknown","operationId":"listContracts","status":401,"elapsedMs":51}
deploy-test	Run pnpm verify	2026-10-07T06:34:07.2399266Z {"event":"admin.request.completed","gatewayRequestId":"unknown","gatewayExtendedRequestId":"unknown","lambdaRequestId":"unknown","operationId":"listContracts","status":401,"elapsedMs":51}
deploy-test	Run pnpm verify	2026-10-07T06:34:07.2400305Z 
deploy-test	Run pnpm verify	2026-10-07T06:34:07.2850940Z ^[[90mstdout^[[2m | apps/cloud-api/test/admin-runtime-initialization.test.ts^[[2m > ^[[22m^[[2mclient construction failure retains safe runtime failure and later attempt can initialize
deploy-test	Run pnpm verify	2026-10-07T06:34:07.2856687Z ^[[22m^[[39m{"event":"data-path.phase.completed","lambdaRequestId":"unknown","gatewayRequestId":"unknown","operationId":"listContracts","sqsMessageId":"unknown","deviceId":"unknown","messageId":"unknown","topicType":"unknown","coldStart":true,"phase":"runtime-database-secret","durationMs":0,"outcome":"PASS","errorCode":"NONE","startedAt":"2026-10-07T06:34:07.284Z","completedAt":"2026-10-07T06:34:07.284Z","includesConnectionWait":false}
deploy-test	Run pnpm verify	2026-10-07T06:34:07.2861522Z {"event":"data-path.phase.completed","lambdaRequestId":"unknown","gatewayRequestId":"unknown","operationId":"listContracts","sqsMessageId":"unknown","deviceId":"unknown","messageId":"unknown","topicType":"unknown","coldStart":true,"phase":"runtime-license-secret","durationMs":0,"outcome":"PASS","errorCode":"NONE","startedAt":"2026-10-07T06:34:07.284Z","completedAt":"2026-10-07T06:34:07.284Z","includesConnectionWait":false}
deploy-test	Run pnpm verify	2026-10-07T06:34:07.2863531Z 
deploy-test	Run pnpm verify	2026-10-07T06:34:07.3029819Z ^[[90mstdout^[[2m | apps/cloud-api/test/admin-runtime-initialization.test.ts^[[2m > ^[[22m^[[2mclient construction failure retains safe runtime failure and later attempt can initialize
deploy-test	Run pnpm verify	2026-10-07T06:34:07.3041031Z ^[[22m^[[39m{"event":"data-path.phase.completed","lambdaRequestId":"unknown","gatewayRequestId":"unknown","operationId":"listContracts","sqsMessageId":"unknown","deviceId":"unknown","messageId":"unknown","topicType":"unknown","coldStart":true,"phase":"runtime-client-construct","processCpuUserUs":11471,"processCpuSystemUs":3088,"processCpuScope":"PROCESS_ALL_THREADS","durationMs":15,"outcome":"PASS","errorCode":"NONE","startedAt":"2026-10-07T06:34:07.284Z","completedAt":"2026-10-07T06:34:07.299Z","includesConnectionWait":false}
deploy-test	Run pnpm verify	2026-10-07T06:34:07.3046604Z {"event":"data-path.phase.completed","lambdaRequestId":"unknown","gatewayRequestId":"unknown","operationId":"listContracts","sqsMessageId":"unknown","deviceId":"unknown","messageId":"unknown","topicType":"unknown","coldStart":true,"phase":"runtime-route-assembly","processCpuUserUs":3937,"processCpuSystemUs":6,"processCpuScope":"PROCESS_ALL_THREADS","durationMs":3,"outcome":"PASS","errorCode":"NONE","startedAt":"2026-10-07T06:34:07.299Z","completedAt":"2026-10-07T06:34:07.302Z","includesConnectionWait":false}
deploy-test	Run pnpm verify	2026-10-07T06:34:07.3049368Z 
deploy-test	Run pnpm verify	2026-10-07T06:34:07.3051319Z ^[[90mstdout^[[2m | apps/cloud-api/test/admin-runtime-initialization.test.ts^[[2m > ^[[22m^[[2mclient construction failure retains safe runtime failure and later attempt can initialize
deploy-test	Run pnpm verify	2026-10-07T06:34:07.3055579Z ^[[22m^[[39m{"event":"data-path.phase.completed","lambdaRequestId":"unknown","gatewayRequestId":"unknown","operationId":"listContracts","sqsMessageId":"unknown","deviceId":"unknown","messageId":"unknown","topicType":"unknown","coldStart":true,"phase":"runtime-initialize","durationMs":18,"outcome":"PASS","errorCode":"NONE","startedAt":"2026-10-07T06:34:07.284Z","completedAt":"2026-10-07T06:34:07.302Z","includesConnectionWait":false}
deploy-test	Run pnpm verify	2026-10-07T06:34:07.3057807Z 
deploy-test	Run pnpm verify	2026-10-07T06:34:07.3059170Z ^[[90mstdout^[[2m | apps/cloud-api/test/admin-runtime-initialization.test.ts^[[2m > ^[[22m^[[2mclient construction failure retains safe runtime failure and later attempt can initialize
deploy-test	Run pnpm verify	2026-10-07T06:34:07.3063311Z ^[[22m^[[39m{"event":"data-path.phase.completed","lambdaRequestId":"unknown","gatewayRequestId":"unknown","operationId":"listContracts","sqsMessageId":"unknown","deviceId":"unknown","messageId":"unknown","topicType":"unknown","coldStart":true,"phase":"admin-authenticate","durationMs":0,"outcome":"FAIL","errorCode":"DATA_PATH_PHASE_FAILED","startedAt":"2026-10-07T06:34:07.302Z","completedAt":"2026-10-07T06:34:07.302Z","includesConnectionWait":false}
deploy-test	Run pnpm verify	2026-10-07T06:34:07.3065760Z 
deploy-test	Run pnpm verify	2026-10-07T06:34:07.3067147Z ^[[90mstdout^[[2m | apps/cloud-api/test/admin-runtime-initialization.test.ts^[[2m > ^[[22m^[[2mclient construction failure retains safe runtime failure and later attempt can initialize
deploy-test	Run pnpm verify	2026-10-07T06:34:07.3071223Z ^[[22m^[[39m{"event":"data-path.phase.completed","lambdaRequestId":"unknown","gatewayRequestId":"unknown","operationId":"listContracts","sqsMessageId":"unknown","deviceId":"unknown","messageId":"unknown","topicType":"unknown","coldStart":true,"phase":"response-serialize","durationMs":0,"outcome":"PASS","errorCode":"NONE","startedAt":"2026-10-07T06:34:07.302Z","completedAt":"2026-10-07T06:34:07.302Z","includesConnectionWait":false}
deploy-test	Run pnpm verify	2026-10-07T06:34:07.3073586Z 
deploy-test	Run pnpm verify	2026-10-07T06:34:07.3074989Z ^[[90mstdout^[[2m | apps/cloud-api/test/admin-runtime-initialization.test.ts^[[2m > ^[[22m^[[2mclient construction failure retains safe runtime failure and later attempt can initialize
deploy-test	Run pnpm verify	2026-10-07T06:34:07.3077707Z ^[[22m^[[39m{"event":"admin.request.completed","gatewayRequestId":"unknown","gatewayExtendedRequestId":"unknown","lambdaRequestId":"unknown","operationId":"listContracts","status":401,"elapsedMs":19}
deploy-test	Run pnpm verify	2026-10-07T06:34:07.3078916Z 
deploy-test	Run pnpm verify	2026-10-07T06:34:07.3389336Z ^[[90mstdout^[[2m | apps/cloud-api/test/admin-runtime-initialization.test.ts^[[2m > ^[[22m^[[2mactual C1 Lambda initialization uses one candidate client; invalid JWT does no checkout
deploy-test	Run pnpm verify	2026-10-07T06:34:07.3419140Z ^[[22m^[[39m{"event":"data-path.phase.completed","lambdaRequestId":"unknown","gatewayRequestId":"unknown","operationId":"listContracts","sqsMessageId":"unknown","deviceId":"unknown","messageId":"unknown","topicType":"unknown","coldStart":true,"phase":"runtime-database-secret","durationMs":0,"outcome":"PASS","errorCode":"NONE","startedAt":"2026-10-07T06:34:07.335Z","completedAt":"2026-10-07T06:34:07.335Z","includesConnectionWait":false}
deploy-test	Run pnpm verify	2026-10-07T06:34:07.3438391Z {"event":"data-path.phase.completed","lambdaRequestId":"unknown","gatewayRequestId":"unknown","operationId":"listContracts","sqsMessageId":"unknown","deviceId":"unknown","messageId":"unknown","topicType":"unknown","coldStart":true,"phase":"runtime-license-secret","durationMs":0,"outcome":"PASS","errorCode":"NONE","startedAt":"2026-10-07T06:34:07.335Z","completedAt":"2026-10-07T06:34:07.335Z","includesConnectionWait":false}
deploy-test	Run pnpm verify	2026-10-07T06:34:07.3440260Z 
deploy-test	Run pnpm verify	2026-10-07T06:34:07.3538597Z ^[[90mstdout^[[2m | apps/cloud-api/test/admin-runtime-initialization.test.ts^[[2m > ^[[22m^[[2mactual C1 Lambda initialization uses one candidate client; invalid JWT does no checkout
deploy-test	Run pnpm verify	2026-10-07T06:34:07.3564403Z ^[[22m^[[39m{"event":"data-path.phase.completed","lambdaRequestId":"unknown","gatewayRequestId":"unknown","operationId":"listContracts","sqsMessageId":"unknown","deviceId":"unknown","messageId":"unknown","topicType":"unknown","coldStart":true,"phase":"runtime-client-construct","processCpuUserUs":13026,"processCpuSystemUs":8945,"processCpuScope":"PROCESS_ALL_THREADS","durationMs":14,"outcome":"PASS","errorCode":"NONE","startedAt":"2026-10-07T06:34:07.335Z","completedAt":"2026-10-07T06:34:07.350Z","includesConnectionWait":false}
deploy-test	Run pnpm verify	2026-10-07T06:34:07.3576304Z {"event":"data-path.phase.completed","lambdaRequestId":"unknown","gatewayRequestId":"unknown","operationId":"listContracts","sqsMessageId":"unknown","deviceId":"unknown","messageId":"unknown","topicType":"unknown","coldStart":true,"phase":"runtime-route-assembly","processCpuUserUs":2993,"processCpuSystemUs":0,"processCpuScope":"PROCESS_ALL_THREADS","durationMs":2,"outcome":"PASS","errorCode":"NONE","startedAt":"2026-10-07T06:34:07.350Z","completedAt":"2026-10-07T06:34:07.352Z","includesConnectionWait":false}
deploy-test	Run pnpm verify	2026-10-07T06:34:07.3579853Z 
deploy-test	Run pnpm verify	2026-10-07T06:34:07.3581402Z ^[[90mstdout^[[2m | apps/cloud-api/test/admin-runtime-initialization.test.ts^[[2m > ^[[22m^[[2mactual C1 Lambda initialization uses one candidate client; invalid JWT does no checkout
deploy-test	Run pnpm verify	2026-10-07T06:34:07.3585871Z ^[[22m^[[39m{"event":"data-path.phase.completed","lambdaRequestId":"unknown","gatewayRequestId":"unknown","operationId":"listContracts","sqsMessageId":"unknown","deviceId":"unknown","messageId":"unknown","topicType":"unknown","coldStart":true,"phase":"runtime-initialize","durationMs":18,"outcome":"PASS","errorCode":"NONE","startedAt":"2026-10-07T06:34:07.335Z","completedAt":"2026-10-07T06:34:07.353Z","includesConnectionWait":false}
deploy-test	Run pnpm verify	2026-10-07T06:34:07.3588134Z 
deploy-test	Run pnpm verify	2026-10-07T06:34:07.3589540Z ^[[90mstdout^[[2m | apps/cloud-api/test/admin-runtime-initialization.test.ts^[[2m > ^[[22m^[[2mactual C1 Lambda initialization uses one candidate client; invalid JWT does no checkout
deploy-test	Run pnpm verify	2026-10-07T06:34:07.3593494Z ^[[22m^[[39m{"event":"data-path.phase.completed","lambdaRequestId":"unknown","gatewayRequestId":"unknown","operationId":"listContracts","sqsMessageId":"unknown","deviceId":"unknown","messageId":"unknown","topicType":"unknown","coldStart":true,"phase":"admin-authenticate","durationMs":0,"outcome":"FAIL","errorCode":"DATA_PATH_PHASE_FAILED","startedAt":"2026-10-07T06:34:07.353Z","completedAt":"2026-10-07T06:34:07.353Z","includesConnectionWait":false}
deploy-test	Run pnpm verify	2026-10-07T06:34:07.3597971Z {"event":"data-path.phase.completed","lambdaRequestId":"unknown","gatewayRequestId":"unknown","operationId":"listContracts","sqsMessageId":"unknown","deviceId":"unknown","messageId":"unknown","topicType":"unknown","coldStart":true,"phase":"admin-authenticate","durationMs":0,"outcome":"FAIL","errorCode":"DATA_PATH_PHASE_FAILED","startedAt":"2026-10-07T06:34:07.353Z","completedAt":"2026-10-07T06:34:07.353Z","includesConnectionWait":false}
deploy-test	Run pnpm verify	2026-10-07T06:34:07.3602676Z {"event":"data-path.phase.completed","lambdaRequestId":"unknown","gatewayRequestId":"unknown","operationId":"listContracts","sqsMessageId":"unknown","deviceId":"unknown","messageId":"unknown","topicType":"unknown","coldStart":true,"phase":"response-serialize","durationMs":0,"outcome":"PASS","errorCode":"NONE","startedAt":"2026-10-07T06:34:07.353Z","completedAt":"2026-10-07T06:34:07.353Z","includesConnectionWait":false}
deploy-test	Run pnpm verify	2026-10-07T06:34:07.3607160Z {"event":"data-path.phase.completed","lambdaRequestId":"unknown","gatewayRequestId":"unknown","operationId":"listContracts","sqsMessageId":"unknown","deviceId":"unknown","messageId":"unknown","topicType":"unknown","coldStart":true,"phase":"response-serialize","durationMs":0,"outcome":"PASS","errorCode":"NONE","startedAt":"2026-10-07T06:34:07.353Z","completedAt":"2026-10-07T06:34:07.353Z","includesConnectionWait":false}
deploy-test	Run pnpm verify	2026-10-07T06:34:07.3609096Z 
deploy-test	Run pnpm verify	2026-10-07T06:34:07.3610493Z ^[[90mstdout^[[2m | apps/cloud-api/test/admin-runtime-initialization.test.ts^[[2m > ^[[22m^[[2mactual C1 Lambda initialization uses one candidate client; invalid JWT does no checkout
deploy-test	Run pnpm verify	2026-10-07T06:34:07.3612510Z ^[[22m^[[39m{"event":"admin.request.completed","gatewayRequestId":"unknown","gatewayExtendedRequestId":"unknown","lambdaRequestId":"unknown","operationId":"listContracts","status":401,"elapsedMs":18}
deploy-test	Run pnpm verify	2026-10-07T06:34:07.3614651Z {"event":"admin.request.completed","gatewayRequestId":"unknown","gatewayExtendedRequestId":"unknown","lambdaRequestId":"unknown","operationId":"listContracts","status":401,"elapsedMs":18}
deploy-test	Run pnpm verify	2026-10-07T06:34:07.3615762Z 
deploy-test	Run pnpm verify	2026-10-07T06:34:07.3616752Z  ^[[31m❯^[[39m apps/cloud-api/test/admin-runtime-initialization.test.ts ^[[2m(^[[22m^[[2m6 tests^[[22m^[[2m | ^[[22m^[[31m4 failed^[[39m^[[2m)^[[22m^[[33m 1158^[[2mms^[[22m^[[39m
deploy-test	Run pnpm verify	2026-10-07T06:34:07.3618099Z    ^[[33m^[[2m✓^[[22m^[[39m missing configuration prevents any secret/client work in actual Lambda entry ^[[33m 834^[[2mms^[[22m^[[39m
deploy-test	Run pnpm verify	2026-10-07T06:34:07.3619645Z ^[[31m   ^[[31m×^[[31m failed secret never publishes runtime/client; later request retries initialization without business work^[[39m^[[32m 102^[[2mms^[[22m^[[39m
deploy-test	Run pnpm verify	2026-10-07T06:34:07.3621357Z ^[[31m   ^[[31m×^[[31m concurrent initialization shares one handler/client and warm bad JWT never triggers engine preparation^[[39m^[[32m 97^[[2mms^[[22m^[[39m
deploy-test	Run pnpm verify	2026-10-07T06:34:07.3623012Z ^[[31m   ^[[31m×^[[31m actual initialization emits client/assembly CPU once in cold scope; warm invalid JWT does no preparation^[[39m^[[32m 35^[[2mms^[[22m^[[39m
deploy-test	Run pnpm verify	2026-10-07T06:34:07.3624664Z ^[[31m   ^[[31m×^[[31m client construction failure retains safe runtime failure and later attempt can initialize^[[39m^[[32m 38^[[2mms^[[22m^[[39m
deploy-test	Run pnpm verify	2026-10-07T06:34:07.3626490Z    ^[[32m✓^[[39m actual C1 Lambda initialization uses one candidate client; invalid JWT does no checkout^[[32m 50^[[2mms^[[22m^[[39m
deploy-test	Run pnpm verify	2026-10-07T06:34:07.5343013Z  ^[[32m✓^[[39m packages/aws-clients/test/iot-device-policy.test.ts ^[[2m(^[[22m^[[2m12 tests^[[22m^[[2m)^[[22m^[[32m 9^[[2mms^[[22m^[[39m
deploy-test	Run pnpm verify	2026-10-07T06:34:07.8096926Z  ^[[32m✓^[[39m apps/admin-web/test/http-client.test.ts ^[[2m(^[[22m^[[2m7 tests^[[22m^[[2m)^[[22m^[[32m 10^[[2mms^[[22m^[[39m
deploy-test	Run pnpm verify	2026-10-07T06:34:08.0110583Z Bundling asset Qa09Perf/OnboardingApiFn/Code/Stage...
deploy-test	Run pnpm verify	2026-10-07T06:34:08.9345780Z Bundling asset Qa09Perf/OnboardingProvisioningFn/Code/Stage...
deploy-test	Run pnpm verify	2026-10-07T06:34:09.6083172Z  ^[[32m✓^[[39m apps/admin-web/test/device-groups.test.tsx ^[[2m(^[[22m^[[2m6 tests^[[22m^[[2m)^[[22m^[[33m 4010^[[2mms^[[22m^[[39m
deploy-test	Run pnpm verify	2026-10-07T06:34:09.6084943Z    ^[[33m^[[2m✓^[[22m^[[39m 列表字段覆盖矩阵：序号/区域/子区域/ID/别名/合约/租期/固件/四轴/操作 ^[[33m 1494^[[2mms^[[22m^[[39m
deploy-test	Run pnpm verify	2026-10-07T06:34:09.6086140Z    ^[[33m^[[2m✓^[[22m^[[39m 缺失值显示“—”（无合约/无别名/无固件/无站点） ^[[33m 331^[[2mms^[[22m^[[39m
deploy-test	Run pnpm verify	2026-10-07T06:34:09.6106855Z    ^[[33m^[[2m✓^[[22m^[[39m 筛选：搜索应用草稿（关键字+四轴+授权），重置清空 ^[[33m 797^[[2mms^[[22m^[[39m
deploy-test	Run pnpm verify	2026-10-07T06:34:09.6108057Z    ^[[33m^[[2m✓^[[22m^[[39m Region/Subregion/Site 联动筛选进入查询条件 ^[[33m 714^[[2mms^[[22m^[[39m
deploy-test	Run pnpm verify	2026-10-07T06:34:09.6109050Z    ^[[33m^[[2m✓^[[22m^[[39m 操作列“管理”跳转设备管理详情（状态操作由 FE-07 提供） ^[[33m 367^[[2mms^[[22m^[[39m
deploy-test	Run pnpm verify	2026-10-07T06:34:09.6109957Z    ^[[33m^[[2m✓^[[22m^[[39m 嵌入 FE-04 新增设备请求面板；403 显示无权 ^[[33m 303^[[2mms^[[22m^[[39m
deploy-test	Run pnpm verify	2026-10-07T06:34:10.2807030Z Bundling asset Qa09Perf/DeviceApiFn/Code/Stage...
deploy-test	Run pnpm verify	2026-10-07T06:34:11.5164007Z Bundling asset Qa09Perf/ApiFn/Code/Stage...
deploy-test	Run pnpm verify	2026-10-07T06:34:15.2452511Z  ^[[32m✓^[[39m apps/ingestion-worker/test/ota-status-ack.test.ts ^[[2m(^[[22m^[[2m3 tests^[[22m^[[2m)^[[22m^[[33m 4904^[[2mms^[[22m^[[39m
deploy-test	Run pnpm verify	2026-10-07T06:34:15.2464799Z      ^[[33m^[[2m✓^[[22m^[[39m 按冻结状态机完成下载、安装、成功；历史和审计同事务落库 ^[[33m 543^[[2mms^[[22m^[[39m
deploy-test	Run pnpm verify	2026-10-07T06:34:15.9047197Z  ^[[32m✓^[[39m apps/cloud-api/test/admin-account-hook-combination.test.ts ^[[2m(^[[22m^[[2m11 tests^[[22m^[[2m)^[[22m^[[33m 7649^[[2mms^[[22m^[[39m
deploy-test	Run pnpm verify	2026-10-07T06:34:15.9077106Z      ^[[33m^[[2m✓^[[22m^[[39m successful preparation never caches ACTIVE status: later DISABLED is rejected ^[[33m 323^[[2mms^[[22m^[[39m
deploy-test	Run pnpm verify	2026-10-07T06:34:18.2413220Z  ^[[32m✓^[[39m infra/test/qa09-performance.test.ts ^[[2m(^[[22m^[[2m3 tests^[[22m^[[2m)^[[22m^[[33m 25195^[[2mms^[[22m^[[39m
deploy-test	Run pnpm verify	2026-10-07T06:34:18.2480533Z    ^[[33m^[[2m✓^[[22m^[[39m observability and immediate queue synth retain narrow logs and hard DB budgets ^[[33m 25187^[[2mms^[[22m^[[39m
deploy-test	Run pnpm verify	2026-10-07T06:34:21.0375982Z  ^[[32m✓^[[39m apps/cloud-api/test/provisioning-worker.test.ts ^[[2m(^[[22m^[[2m4 tests^[[22m^[[2m)^[[22m^[[33m 4264^[[2mms^[[22m^[[39m
deploy-test	Run pnpm verify	2026-10-07T06:34:21.0417912Z      ^[[33m^[[2m✓^[[22m^[[39m 恢复过期 PROCESSING 租约，传递 operation/issued 凭证且不重复消耗 attempt ^[[33m 347^[[2mms^[[22m^[[39m
deploy-test	Run pnpm verify	2026-10-07T06:34:22.7707667Z  ^[[32m✓^[[39m packages/aws-clients/test/project-ca-certificate-issuer.test.ts ^[[2m(^[[22m^[[2m3 tests^[[22m^[[2m)^[[22m^[[33m 1387^[[2mms^[[22m^[[39m
deploy-test	Run pnpm verify	2026-10-07T06:34:22.7737168Z      ^[[33m^[[2m✓^[[22m^[[39m 拒绝不匹配 CA 私钥及弱 CSR 签名 ^[[33m 623^[[2mms^[[22m^[[39m
deploy-test	Run pnpm verify	2026-10-07T06:34:22.7766864Z      ^[[33m^[[2m✓^[[22m^[[39m 对设备 CSR 公钥签发且不返回私钥 ^[[33m 441^[[2mms^[[22m^[[39m
deploy-test	Run pnpm verify	2026-10-07T06:34:22.7768288Z      ^[[33m^[[2m✓^[[22m^[[39m 签发可由 CA 验证且包含客户端认证用途的叶证书，并缓存 Secret ^[[33m 320^[[2mms^[[22m^[[39m
deploy-test	Run pnpm verify	2026-10-07T06:34:23.0376559Z  ^[[32m✓^[[39m packages/domain/test/consumable.test.ts ^[[2m(^[[22m^[[2m9 tests^[[22m^[[2m)^[[22m^[[32m 12^[[2mms^[[22m^[[39m
deploy-test	Run pnpm verify	2026-10-07T06:34:23.4458831Z  ^[[32m✓^[[39m apps/admin-web/test/srp.test.ts ^[[2m(^[[22m^[[2m7 tests^[[22m^[[2m)^[[22m^[[32m 201^[[2mms^[[22m^[[39m
deploy-test	Run pnpm verify	2026-10-07T06:34:24.0347285Z  ^[[32m✓^[[39m packages/auth/test/cognito.test.ts ^[[2m(^[[22m^[[2m14 tests^[[22m^[[2m)^[[22m^[[32m 193^[[2mms^[[22m^[[39m
deploy-test	Run pnpm verify	2026-10-07T06:34:24.2270286Z  ^[[32m✓^[[39m apps/admin-web/test/app-smoke.test.tsx ^[[2m(^[[22m^[[2m10 tests^[[22m^[[2m)^[[22m^[[33m 2847^[[2mms^[[22m^[[39m
deploy-test	Run pnpm verify	2026-10-07T06:34:24.2277453Z      ^[[33m^[[2m✓^[[22m^[[39m 未登录访问根路径会进入登录页，并在登录后返回 dashboard ^[[33m 610^[[2mms^[[22m^[[39m
deploy-test	Run pnpm verify	2026-10-07T06:34:24.2278362Z      ^[[33m^[[2m✓^[[22m^[[39m 正式组合根读取持久化语言并将 FE-16 页面切换为英文 ^[[33m 357^[[2mms^[[22m^[[39m
deploy-test	Run pnpm verify	2026-10-07T06:34:24.2279035Z      ^[[33m^[[2m✓^[[22m^[[39m 当前业务页面和打开的表单即时切换语言，同时保留未保存输入且不重新请求 ^[[33m 1071^[[2mms^[[22m^[[39m
deploy-test	Run pnpm verify	2026-10-07T06:34:24.2279913Z  ^[[32m✓^[[39m packages/domain/test/configuration.test.ts ^[[2m(^[[22m^[[2m8 tests^[[22m^[[2m)^[[22m^[[32m 12^[[2mms^[[22m^[[39m
deploy-test	Run pnpm verify	2026-10-07T06:34:24.5780471Z  ^[[32m✓^[[39m apps/cloud-api/test/admin-runtime-secrets.test.ts ^[[2m(^[[22m^[[2m4 tests^[[22m^[[2m)^[[22m^[[32m 13^[[2mms^[[22m^[[39m
deploy-test	Run pnpm verify	2026-10-07T06:34:24.6815800Z  ^[[32m✓^[[39m packages/auth/test/guard.test.ts ^[[2m(^[[22m^[[2m10 tests^[[22m^[[2m)^[[22m^[[32m 12^[[2mms^[[22m^[[39m
deploy-test	Run pnpm verify	2026-10-07T06:34:25.2313852Z  ^[[32m✓^[[39m apps/cloud-api/test/admin-engine-diagnostic.test.ts ^[[2m(^[[22m^[[2m4 tests^[[22m^[[2m)^[[22m^[[32m 99^[[2mms^[[22m^[[39m
deploy-test	Run pnpm verify	2026-10-07T06:34:25.3137743Z  ^[[32m✓^[[39m apps/ingestion-worker/test/replay-runtime.test.ts ^[[2m(^[[22m^[[2m4 tests^[[22m^[[2m)^[[22m^[[32m 10^[[2mms^[[22m^[[39m
deploy-test	Run pnpm verify	2026-10-07T06:34:26.2478638Z ^[[90mstdout^[[2m | apps/cloud-api/test/admin-cors.test.ts^[[2m > ^[[22m^[[2mactual Lambda entry returns preflight without DB Secret or Cognito configuration
deploy-test	Run pnpm verify	2026-10-07T06:34:26.2481307Z ^[[22m^[[39m{"event":"admin.request.completed","gatewayRequestId":"unknown","gatewayExtendedRequestId":"unknown","lambdaRequestId":"unknown","operationId":"unknown","status":204,"elapsedMs":0}
deploy-test	Run pnpm verify	2026-10-07T06:34:26.2482600Z 
deploy-test	Run pnpm verify	2026-10-07T06:34:26.2526696Z  ^[[32m✓^[[39m apps/cloud-api/test/admin-cors.test.ts ^[[2m(^[[22m^[[2m6 tests^[[22m^[[2m)^[[22m^[[33m 713^[[2mms^[[22m^[[39m
deploy-test	Run pnpm verify	2026-10-07T06:34:26.2528698Z    ^[[33m^[[2m✓^[[22m^[[39m actual Lambda entry returns preflight without DB Secret or Cognito configuration ^[[33m 706^[[2mms^[[22m^[[39m
deploy-test	Run pnpm verify	2026-10-07T06:34:26.3573256Z  ^[[32m✓^[[39m apps/cloud-api/test/admin-cus-dev-strict-contract.test.ts ^[[2m(^[[22m^[[2m2 tests^[[22m^[[2m)^[[22m^[[32m 33^[[2mms^[[22m^[[39m
deploy-test	Run pnpm verify	2026-10-07T06:34:26.5637586Z  ^[[32m✓^[[39m packages/aws-clients/test/cognito-admin.test.ts ^[[2m(^[[22m^[[2m3 tests^[[22m^[[2m)^[[22m^[[32m 10^[[2mms^[[22m^[[39m
deploy-test	Run pnpm verify	2026-10-07T06:34:26.8238499Z  ^[[32m✓^[[39m packages/auth/test/permission-matrix.test.ts ^[[2m(^[[22m^[[2m8 tests^[[22m^[[2m)^[[22m^[[32m 10^[[2mms^[[22m^[[39m
deploy-test	Run pnpm verify	2026-10-07T06:34:27.0637711Z  ^[[32m✓^[[39m packages/observability/test/redaction.test.ts ^[[2m(^[[22m^[[2m8 tests^[[22m^[[2m)^[[22m^[[32m 7^[[2mms^[[22m^[[39m
deploy-test	Run pnpm verify	2026-10-07T06:34:27.2619906Z  ^[[32m✓^[[39m apps/admin-web/test/customers.test.tsx ^[[2m(^[[22m^[[2m6 tests^[[22m^[[2m)^[[22m^[[33m 8488^[[2mms^[[22m^[[39m
deploy-test	Run pnpm verify	2026-10-07T06:34:27.2624818Z    ^[[33m^[[2m✓^[[22m^[[39m 列表与状态筛选；详情展示版本相关字段 ^[[33m 1108^[[2mms^[[22m^[[39m
deploy-test	Run pnpm verify	2026-10-07T06:34:27.2626037Z    ^[[33m^[[2m✓^[[22m^[[39m 创建：名称为空禁用；提交成功后刷新 ^[[33m 1347^[[2mms^[[22m^[[39m
deploy-test	Run pnpm verify	2026-10-07T06:34:27.2627087Z    ^[[33m^[[2m✓^[[22m^[[39m 编辑：携带当前 version（If-Match 乐观锁） ^[[33m 1531^[[2mms^[[22m^[[39m
deploy-test	Run pnpm verify	2026-10-07T06:34:27.2627994Z    ^[[33m^[[2m✓^[[22m^[[39m 停用：原因必填（写审计）；成功后刷新 ^[[33m 1475^[[2mms^[[22m^[[39m
deploy-test	Run pnpm verify	2026-10-07T06:34:27.2629015Z    ^[[33m^[[2m✓^[[22m^[[39m 并发冲突：409 VERSION_CONFLICT 提示刷新；409 CONFLICT 展示后端原因 ^[[33m 2838^[[2mms^[[22m^[[39m
deploy-test	Run pnpm verify	2026-10-07T06:34:27.5097506Z  ^[[32m✓^[[39m apps/cloud-api/test/device-onboarding-lambda.test.ts ^[[2m(^[[22m^[[2m4 tests^[[22m^[[2m)^[[22m^[[32m 9^[[2mms^[[22m^[[39m
deploy-test	Run pnpm verify	2026-10-07T06:34:27.7388995Z Bundling asset TestStack/IngestionFn/Code/Stage...
deploy-test	Run pnpm verify	2026-10-07T06:34:27.9561419Z  ^[[32m✓^[[39m packages/aws-clients/test/ota-firmware.test.ts ^[[2m(^[[22m^[[2m2 tests^[[22m^[[2m)^[[22m^[[32m 13^[[2mms^[[22m^[[39m
deploy-test	Run pnpm verify	2026-10-07T06:34:28.3736620Z  ^[[32m✓^[[39m packages/aws-clients/test/iot-provisioning-client.test.ts ^[[2m(^[[22m^[[2m2 tests^[[22m^[[2m)^[[22m^[[32m 21^[[2mms^[[22m^[[39m
deploy-test	Run pnpm verify	2026-10-07T06:34:28.6289755Z  ^[[32m✓^[[39m apps/cloud-api/test/qa02-device-errors.test.ts ^[[2m(^[[22m^[[2m6 tests^[[22m^[[2m)^[[22m^[[32m 122^[[2mms^[[22m^[[39m
deploy-test	Run pnpm verify	2026-10-07T06:34:28.9441046Z  ^[[32m✓^[[39m apps/ingestion-worker/test/certificate-package-sweeper.test.ts ^[[2m(^[[22m^[[2m4 tests^[[22m^[[2m)^[[22m^[[32m 9^[[2mms^[[22m^[[39m
deploy-test	Run pnpm verify	2026-10-07T06:34:28.9446004Z Bundling asset TestStack/ArchiveFn/Code/Stage...
deploy-test	Run pnpm verify	2026-10-07T06:34:29.5359678Z Bundling asset TestStack/OutboxPublisherFn/Code/Stage...
deploy-test	Run pnpm verify	2026-10-07T06:34:29.8621196Z  ^[[32m✓^[[39m apps/cloud-api/test/onboarding-contract-parity.test.ts ^[[2m(^[[22m^[[2m3 tests^[[22m^[[2m)^[[22m^[[32m 7^[[2mms^[[22m^[[39m
deploy-test	Run pnpm verify	2026-10-07T06:34:30.1736222Z  ^[[32m✓^[[39m apps/cloud-api/test/device-user-verifier.test.ts ^[[2m(^[[22m^[[2m7 tests^[[22m^[[2m)^[[22m^[[33m 532^[[2mms^[[22m^[[39m
deploy-test	Run pnpm verify	2026-10-07T06:34:30.1767588Z      ^[[33m^[[2m✓^[[22m^[[39m 固定向量生成确定 PHC，设备方可独立复验 ^[[33m 301^[[2mms^[[22m^[[39m
deploy-test	Run pnpm verify	2026-10-07T06:34:30.5007134Z Bundling asset TestStack/NotificationPublisherFn/Code/Stage...
deploy-test	Run pnpm verify	2026-10-07T06:34:30.7103825Z  ^[[32m✓^[[39m packages/auth/test/qa06-jwt-security.test.ts ^[[2m(^[[22m^[[2m1 test^[[22m^[[2m)^[[22m^[[32m 85^[[2mms^[[22m^[[39m
deploy-test	Run pnpm verify	2026-10-07T06:34:30.9968241Z  ^[[32m✓^[[39m packages/aws-clients/test/kms-data-key-provider.test.ts ^[[2m(^[[22m^[[2m3 tests^[[22m^[[2m)^[[22m^[[32m 10^[[2mms^[[22m^[[39m
deploy-test	Run pnpm verify	2026-10-07T06:34:31.3753396Z  ^[[32m✓^[[39m packages/aws-clients/test/s3-media-url-signer.test.ts ^[[2m(^[[22m^[[2m2 tests^[[22m^[[2m)^[[22m^[[32m 9^[[2mms^[[22m^[[39m
deploy-test	Run pnpm verify	2026-10-07T06:34:31.5067606Z Bundling asset TestStack/SummaryFn/Code/Stage...
deploy-test	Run pnpm verify	2026-10-07T06:34:31.5934718Z  ^[[32m✓^[[39m packages/database/test/transaction-observation.test.ts ^[[2m(^[[22m^[[2m5 tests^[[22m^[[2m)^[[22m^[[32m 8^[[2mms^[[22m^[[39m
deploy-test	Run pnpm verify	2026-10-07T06:34:32.4807472Z  ^[[32m✓^[[39m apps/cloud-api/test/admin-preconnect-candidate.test.ts ^[[2m(^[[22m^[[2m1 test^[[22m^[[2m)^[[22m^[[33m 507^[[2mms^[[22m^[[39m
deploy-test	Run pnpm verify	2026-10-07T06:34:32.4838142Z    ^[[33m^[[2m✓^[[22m^[[39m offline candidate checkout starts only after signed JWT and valid JSON; account query remains per request ^[[33m 505^[[2mms^[[22m^[[39m
deploy-test	Run pnpm verify	2026-10-07T06:34:32.6984783Z Bundling asset TestStack/ReplayTriggerPublisherFn/Code/Stage...
deploy-test	Run pnpm verify	2026-10-07T06:34:33.5687871Z  ^[[32m✓^[[39m apps/cloud-api/test/admin-onboarding-parity.test.ts ^[[2m(^[[22m^[[2m3 tests^[[22m^[[2m)^[[22m^[[32m 5^[[2mms^[[22m^[[39m
deploy-test	Run pnpm verify	2026-10-07T06:34:33.7247297Z Bundling asset TestStack/ReplayFn/Code/Stage...
deploy-test	Run pnpm verify	2026-10-07T06:34:33.7801839Z  ^[[32m✓^[[39m apps/admin-web/test/onboarding-network-security.test.ts ^[[2m(^[[22m^[[2m2 tests^[[22m^[[2m)^[[22m^[[32m 4^[[2mms^[[22m^[[39m
deploy-test	Run pnpm verify	2026-10-07T06:34:34.7214408Z  ^[[32m✓^[[39m apps/admin-web/test/login-page.test.tsx ^[[2m(^[[22m^[[2m2 tests^[[22m^[[2m)^[[22m^[[33m 2293^[[2mms^[[22m^[[39m
deploy-test	Run pnpm verify	2026-10-07T06:34:34.7237478Z    ^[[33m^[[2m✓^[[22m^[[39m 临时密码登录后突出显示首次登录改密说明与明确提交动作 ^[[33m 1446^[[2mms^[[22m^[[39m
deploy-test	Run pnpm verify	2026-10-07T06:34:34.7247897Z    ^[[33m^[[2m✓^[[22m^[[39m 设置新密码失败时显示具体规则且不暴露身份服务英文错误 ^[[33m 845^[[2mms^[[22m^[[39m
deploy-test	Run pnpm verify	2026-10-07T06:34:34.7295770Z Bundling asset TestStack/CertPackageSweeperFn/Code/Stage...
deploy-test	Run pnpm verify	2026-10-07T06:34:34.7463834Z  ^[[32m✓^[[39m apps/admin-web/test/app-foundation.test.ts ^[[2m(^[[22m^[[2m3 tests^[[22m^[[2m)^[[22m^[[32m 10^[[2mms^[[22m^[[39m
deploy-test	Run pnpm verify	2026-10-07T06:34:35.0028339Z  ^[[32m✓^[[39m apps/ingestion-worker/test/archive-drain.test.ts ^[[2m(^[[22m^[[2m3 tests^[[22m^[[2m)^[[22m^[[32m 7^[[2mms^[[22m^[[39m
deploy-test	Run pnpm verify	2026-10-07T06:34:35.5166018Z  ^[[32m✓^[[39m apps/cloud-api/test/retirement-timeout-lambda.test.ts ^[[2m(^[[22m^[[2m2 tests^[[22m^[[2m)^[[22m^[[32m 6^[[2mms^[[22m^[[39m
deploy-test	Run pnpm verify	2026-10-07T06:34:35.7346940Z Bundling asset TestStack/OnboardingDeadlineFn/Code/Stage...
deploy-test	Run pnpm verify	2026-10-07T06:34:36.8382093Z Bundling asset TestStack/RetirementTimeoutFn/Code/Stage...
deploy-test	Run pnpm verify	2026-10-07T06:34:37.9305363Z Bundling asset TestStack/ActivityExportFn/Code/Stage...
deploy-test	Run pnpm verify	2026-10-07T06:34:38.3522302Z  ^[[32m✓^[[39m infra/test/admin-bootstrap-execution-stack.test.ts ^[[2m(^[[22m^[[2m2 tests^[[22m^[[2m)^[[22m^[[33m 2319^[[2mms^[[22m^[[39m
deploy-test	Run pnpm verify	2026-10-07T06:34:38.3537399Z    ^[[33m^[[2m✓^[[22m^[[39m admin bootstrap execution binds exact source, email and confirmation to one project ^[[33m 2309^[[2mms^[[22m^[[39m
deploy-test	Run pnpm verify	2026-10-07T06:34:38.5220413Z  ^[[32m✓^[[39m apps/admin-web/test/ui-controls.test.tsx ^[[2m(^[[22m^[[2m2 tests^[[22m^[[2m)^[[22m^[[33m 1545^[[2mms^[[22m^[[39m
deploy-test	Run pnpm verify	2026-10-07T06:34:38.5229081Z    ^[[33m^[[2m✓^[[22m^[[39m Library controls preserve native form submission and required validation ^[[33m 1436^[[2mms^[[22m^[[39m
deploy-test	Run pnpm verify	2026-10-07T06:34:38.9434003Z Bundling asset TestStack/EsgExportFn/Code/Stage...
deploy-test	Run pnpm verify	2026-10-07T06:34:38.9514395Z ^[[90mstderr^[[2m | apps/ingestion-worker/test/archive-runtime.test.ts^[[2m > ^[[22m^[[2mArchive SQS runtime^[[2m > ^[[22m^[[2m非法记录与业务拒绝记录进入 partial batch failure，合法记录仍处理
deploy-test	Run pnpm verify	2026-10-07T06:34:38.9523627Z ^[[22m^[[39marchive validation rejected {
deploy-test	Run pnpm verify	2026-10-07T06:34:38.9544991Z   kind: ^[[32m'archive.validation_rejected'^[[39m,
deploy-test	Run pnpm verify	2026-10-07T06:34:38.9560373Z   messageId: ^[[32m'sqs-invalid'^[[39m,
deploy-test	Run pnpm verify	2026-10-07T06:34:38.9561520Z  ^[[32m✓^[[39m apps/ingestion-worker/test/archive-runtime.test.ts ^[[2m(^[[22m^[[2m2 tests^[[22m^[[2m)^[[22m^[[32m 9^[[2mms^[[22m^[[39m
deploy-test	Run pnpm verify	2026-10-07T06:34:38.9563000Z   eventId: ^[[1mnull^[[22m,
deploy-test	Run pnpm verify	2026-10-07T06:34:38.9563883Z   errorPath: ^[[32m'$'^[[39m,
deploy-test	Run pnpm verify	2026-10-07T06:34:38.9565919Z   reason: ^[[32m"Expected property name or '}' in JSON at position 1 (line 1 column 2)"^[[39m,
deploy-test	Run pnpm verify	2026-10-07T06:34:38.9566806Z   rawBody: ^[[32m'{bad-json'^[[39m
deploy-test	Run pnpm verify	2026-10-07T06:34:38.9567704Z }
deploy-test	Run pnpm verify	2026-10-07T06:34:38.9568019Z 
deploy-test	Run pnpm verify	2026-10-07T06:34:38.9639064Z  ^[[32m✓^[[39m packages/auth/test/rate-limit.test.ts ^[[2m(^[[22m^[[2m3 tests^[[22m^[[2m)^[[22m^[[32m 5^[[2mms^[[22m^[[39m
deploy-test	Run pnpm verify	2026-10-07T06:34:39.1297346Z  ^[[32m✓^[[39m packages/observability/test/request-correlation.test.ts ^[[2m(^[[22m^[[2m2 tests^[[22m^[[2m)^[[22m^[[32m 7^[[2mms^[[22m^[[39m
deploy-test	Run pnpm verify	2026-10-07T06:34:39.5043460Z  ^[[32m✓^[[39m packages/aws-clients/test/s3-activity-export.test.ts ^[[2m(^[[22m^[[2m1 test^[[22m^[[2m)^[[22m^[[32m 6^[[2mms^[[22m^[[39m
deploy-test	Run pnpm verify	2026-10-07T06:34:39.7388205Z Bundling asset TestStack/CommandPublisherFn/Code/Stage...
deploy-test	Run pnpm verify	2026-10-07T06:34:40.0057242Z  ^[[32m✓^[[39m apps/admin-web/test/locale-value.test.tsx ^[[2m(^[[22m^[[2m2 tests^[[22m^[[2m)^[[22m^[[32m 54^[[2mms^[[22m^[[39m
deploy-test	Run pnpm verify	2026-10-07T06:34:40.0363863Z  ^[[32m✓^[[39m packages/aws-clients/test/s3-media-object-storage.test.ts ^[[2m(^[[22m^[[2m2 tests^[[22m^[[2m)^[[22m^[[32m 10^[[2mms^[[22m^[[39m
deploy-test	Run pnpm verify	2026-10-07T06:34:40.4742608Z  ^[[32m✓^[[39m packages/auth/test/contract-parity.test.ts ^[[2m(^[[22m^[[2m2 tests^[[22m^[[2m)^[[22m^[[32m 4^[[2mms^[[22m^[[39m
deploy-test	Run pnpm verify	2026-10-07T06:34:40.6023526Z Bundling asset TestStack/CommandTimeoutFn/Code/Stage...
deploy-test	Run pnpm verify	2026-10-07T06:34:40.7877648Z  ^[[32m✓^[[39m packages/aws-clients/test/s3-archive-store.test.ts ^[[2m(^[[22m^[[2m1 test^[[22m^[[2m)^[[22m^[[32m 9^[[2mms^[[22m^[[39m
deploy-test	Run pnpm verify	2026-10-07T06:34:41.1455806Z  ^[[32m✓^[[39m packages/aws-clients/test/database-secret.test.ts ^[[2m(^[[22m^[[2m2 tests^[[22m^[[2m)^[[22m^[[32m 11^[[2mms^[[22m^[[39m
deploy-test	Run pnpm verify	2026-10-07T06:34:41.3868101Z  ^[[32m✓^[[39m infra/test/template-security.test.ts ^[[2m(^[[22m^[[2m4 tests^[[22m^[[2m)^[[22m^[[32m 6^[[2mms^[[22m^[[39m
deploy-test	Run pnpm verify	2026-10-07T06:34:41.6205519Z  ^[[32m✓^[[39m packages/aws-clients/test/topic-parity.test.ts ^[[2m(^[[22m^[[2m1 test^[[22m^[[2m)^[[22m^[[32m 4^[[2mms^[[22m^[[39m
deploy-test	Run pnpm verify	2026-10-07T06:34:41.7270871Z Bundling asset TestStack/OtaDispatcherFn/Code/Stage...
deploy-test	Run pnpm verify	2026-10-07T06:34:41.8424306Z  ^[[32m✓^[[39m infra/test/topic-catalog-parity.test.ts ^[[2m(^[[22m^[[2m1 test^[[22m^[[2m)^[[22m^[[32m 5^[[2mms^[[22m^[[39m
deploy-test	Run pnpm verify	2026-10-07T06:34:42.3620164Z  ^[[32m✓^[[39m packages/aws-clients/test/iot-data-publisher.test.ts ^[[2m(^[[22m^[[2m1 test^[[22m^[[2m)^[[22m^[[32m 18^[[2mms^[[22m^[[39m
deploy-test	Run pnpm verify	2026-10-07T06:34:42.6901722Z  ^[[32m✓^[[39m apps/cloud-api/test/command-phase-observer.test.ts ^[[2m(^[[22m^[[2m1 test^[[22m^[[2m)^[[22m^[[32m 5^[[2mms^[[22m^[[39m
deploy-test	Run pnpm verify	2026-10-07T06:34:42.9160998Z Bundling asset TestStack/OnboardingApiFn/Code/Stage...
deploy-test	Run pnpm verify	2026-10-07T06:34:42.9233451Z  ^[[32m✓^[[39m infra/test/migration-execution-stack.test.ts ^[[2m(^[[22m^[[2m2 tests^[[22m^[[2m)^[[22m^[[33m 2356^[[2mms^[[22m^[[39m
deploy-test	Run pnpm verify	2026-10-07T06:34:42.9237038Z    ^[[33m^[[2m✓^[[22m^[[39m migration execution is exact-version, exact-commit, and project-scoped ^[[33m 2348^[[2mms^[[22m^[[39m
deploy-test	Run pnpm verify	2026-10-07T06:34:43.0767530Z  ^[[32m✓^[[39m apps/cloud-api/test/openapi-response.test.ts ^[[2m(^[[22m^[[2m2 tests^[[22m^[[2m)^[[22m^[[32m 13^[[2mms^[[22m^[[39m
deploy-test	Run pnpm verify	2026-10-07T06:34:43.1929654Z  ^[[32m✓^[[39m packages/aws-clients/test/sqs-archive-sender.test.ts ^[[2m(^[[22m^[[2m1 test^[[22m^[[2m)^[[22m^[[32m 3^[[2mms^[[22m^[[39m
deploy-test	Run pnpm verify	2026-10-07T06:34:43.4487414Z  ^[[32m✓^[[39m apps/admin-web/test/jwt.test.ts ^[[2m(^[[22m^[[2m2 tests^[[22m^[[2m)^[[22m^[[32m 9^[[2mms^[[22m^[[39m
deploy-test	Run pnpm verify	2026-10-07T06:34:43.4738072Z  ^[[32m✓^[[39m packages/database/test/index.test.ts ^[[2m(^[[22m^[[2m4 tests^[[22m^[[2m)^[[22m^[[32m 7^[[2mms^[[22m^[[39m
deploy-test	Run pnpm verify	2026-10-07T06:34:43.7472069Z  ^[[32m✓^[[39m packages/aws-clients/test/sqs-json-sender.test.ts ^[[2m(^[[22m^[[2m1 test^[[22m^[[2m)^[[22m^[[32m 6^[[2mms^[[22m^[[39m
deploy-test	Run pnpm verify	2026-10-07T06:34:43.8327688Z Bundling asset TestStack/OnboardingProvisioningFn/Code/Stage...
deploy-test	Run pnpm verify	2026-10-07T06:34:44.1508957Z  ^[[32m✓^[[39m apps/summary-worker/test/summary-runtime.test.ts ^[[2m(^[[22m^[[2m3 tests^[[22m^[[2m)^[[22m^[[32m 7^[[2mms^[[22m^[[39m
deploy-test	Run pnpm verify	2026-10-07T06:34:44.6654683Z  ^[[32m✓^[[39m apps/cloud-api/test/index.test.ts ^[[2m(^[[22m^[[2m2 tests^[[22m^[[2m)^[[22m^[[32m 4^[[2mms^[[22m^[[39m
deploy-test	Run pnpm verify	2026-10-07T06:34:44.7390080Z Bundling asset TestStack/DeviceApiFn/Code/Stage...
deploy-test	Run pnpm verify	2026-10-07T06:34:44.8457923Z  ^[[32m✓^[[39m apps/summary-worker/test/index.test.ts ^[[2m(^[[22m^[[2m1 test^[[22m^[[2m)^[[22m^[[32m 5^[[2mms^[[22m^[[39m
deploy-test	Run pnpm verify	2026-10-07T06:34:45.0757855Z  ^[[32m✓^[[39m apps/ingestion-worker/test/index.test.ts ^[[2m(^[[22m^[[2m1 test^[[22m^[[2m)^[[22m^[[32m 3^[[2mms^[[22m^[[39m
deploy-test	Run pnpm verify	2026-10-07T06:34:45.4647417Z  ^[[32m✓^[[39m apps/archive-worker/test/index.test.ts ^[[2m(^[[22m^[[2m1 test^[[22m^[[2m)^[[22m^[[32m 3^[[2mms^[[22m^[[39m
deploy-test	Run pnpm verify	2026-10-07T06:34:45.6577440Z  ^[[32m✓^[[39m packages/observability/test/index.test.ts ^[[2m(^[[22m^[[2m1 test^[[22m^[[2m)^[[22m^[[32m 3^[[2mms^[[22m^[[39m
deploy-test	Run pnpm verify	2026-10-07T06:34:45.6746791Z Bundling asset TestStack/ApiFn/Code/Stage...
deploy-test	Run pnpm verify	2026-10-07T06:34:46.1157666Z  ^[[32m✓^[[39m infra/test/index.test.ts ^[[2m(^[[22m^[[2m1 test^[[22m^[[2m)^[[22m^[[32m 4^[[2mms^[[22m^[[39m
deploy-test	Run pnpm verify	2026-10-07T06:34:46.2001387Z  ^[[32m✓^[[39m packages/aws-clients/test/index.test.ts ^[[2m(^[[22m^[[2m1 test^[[22m^[[2m)^[[22m^[[32m 3^[[2mms^[[22m^[[39m
deploy-test	Run pnpm verify	2026-10-07T06:34:46.3246651Z  ^[[32m✓^[[39m packages/domain/test/index.test.ts ^[[2m(^[[22m^[[2m1 test^[[22m^[[2m)^[[22m^[[32m 3^[[2mms^[[22m^[[39m
deploy-test	Run pnpm verify	2026-10-07T06:34:47.8266263Z  ^[[32m✓^[[39m apps/admin-web/test/index.test.ts ^[[2m(^[[22m^[[2m1 test^[[22m^[[2m)^[[22m^[[32m 2^[[2mms^[[22m^[[39m
deploy-test	Run pnpm verify	2026-10-07T06:34:49.7050491Z  ^[[32m✓^[[39m infra/test/iot-rule-envelope.test.ts ^[[2m(^[[22m^[[2m3 tests^[[22m^[[2m)^[[22m^[[32m 7^[[2mms^[[22m^[[39m
deploy-test	Run pnpm verify	2026-10-07T06:34:49.7125738Z 
deploy-test	Run pnpm verify	2026-10-07T06:34:49.7127421Z ^[[31m⎯⎯⎯⎯⎯⎯⎯^[[39m^[[1m^[[41m Failed Tests 4 ^[[49m^[[22m^[[31m⎯⎯⎯⎯⎯⎯⎯^[[39m
deploy-test	Run pnpm verify	2026-10-07T06:34:49.7127908Z 
deploy-test	Run pnpm verify	2026-10-07T06:34:49.7129565Z ^[[41m^[[1m FAIL ^[[22m^[[49m apps/cloud-api/test/admin-runtime-initialization.test.ts^[[2m > ^[[22mfailed secret never publishes runtime/client; later request retries initialization without business work
deploy-test	Run pnpm verify	2026-10-07T06:34:49.7137743Z ^[[31m^[[1mAssertionError^[[22m: expected +0 to equal 1^[[39m
deploy-test	Run pnpm verify	2026-10-07T06:34:49.7156168Z 
deploy-test	Run pnpm verify	2026-10-07T06:34:49.7156912Z ^[[32m- Expected^[[39m
deploy-test	Run pnpm verify	2026-10-07T06:34:49.7157344Z ^[[31m+ Received^[[39m
deploy-test	Run pnpm verify	2026-10-07T06:34:49.7157547Z 
deploy-test	Run pnpm verify	2026-10-07T06:34:49.7157713Z ^[[32m- 1^[[39m
deploy-test	Run pnpm verify	2026-10-07T06:34:49.7158050Z ^[[31m+ 0^[[39m
deploy-test	Run pnpm verify	2026-10-07T06:34:49.7158227Z 
deploy-test	Run pnpm verify	2026-10-07T06:34:49.7158920Z ^[[36m ^[[2m❯^[[22m apps/cloud-api/test/admin-runtime-initialization.test.ts:^[[2m54:10^[[22m^[[39m
deploy-test	Run pnpm verify	2026-10-07T06:34:49.7209687Z 
deploy-test	Run pnpm verify	2026-10-07T06:34:49.7213548Z     ^[[90m 52|^[[39m   assert^[[33m.^[[39m^[[34mequal^[[39m(mocks^[[33m.^[[39mclient^[[33m.^[[39mmock^[[33m.^[[39mcalls^[[33m.^[[39mlength^[[33m,^[[39m ^[[34m0^[[39m)^[[33m;^[[39m
deploy-test	Run pnpm verify	2026-10-07T06:34:49.7226879Z     ^[[90m 53|^[[39m   assert^[[33m.^[[39m^[[34mequal^[[39m((^[[35mawait^[[39m ^[[34mhandler^[[39m(event))^[[33m.^[[39mstatusCode^[[33m,^[[39m ^[[34m401^[[39m)^[[33m;^[[39m
deploy-test	Run pnpm verify	2026-10-07T06:34:49.7228497Z     ^[[90m 54|^[[39m   assert^[[33m.^[[39m^[[34mequal^[[39m(mocks^[[33m.^[[39mclient^[[33m.^[[39mmock^[[33m.^[[39mcalls^[[33m.^[[39mlength^[[33m,^[[39m ^[[34m1^[[39m)^[[33m;^[[39m
deploy-test	Run pnpm verify	2026-10-07T06:34:49.7229604Z     ^[[90m   |^[[39m          ^[[31m^^[[39m
deploy-test	Run pnpm verify	2026-10-07T06:34:49.7235550Z     ^[[90m 55|^[[39m   assert^[[33m.^[[39m^[[34mequal^[[39m(mocks^[[33m.^[[39mdatabase^[[33m.^[[39mmock^[[33m.^[[39mcalls^[[33m.^[[39mlength^[[33m,^[[39m ^[[34m2^[[39m)^[[33m;^[[39m
deploy-test	Run pnpm verify	2026-10-07T06:34:49.7236764Z ^[[2m Test Files ^[[22m ^[[1m^[[31m1 failed^[[39m^[[22m^[[2m | ^[[22m^[[1m^[[32m175 passed^[[39m^[[22m^[[90m (176)^[[39m
deploy-test	Run pnpm verify	2026-10-07T06:34:49.7237945Z     ^[[90m 56|^[[39m   assert^[[33m.^[[39m^[[34mequal^[[39m(mocks^[[33m.^[[39mlicense^[[33m.^[[39mmock^[[33m.^[[39mcalls^[[33m.^[[39mlength^[[33m,^[[39m ^[[34m2^[[39m)^[[33m;^[[39m
deploy-test	Run pnpm verify	2026-10-07T06:34:49.7240495Z 
deploy-test	Run pnpm verify	2026-10-07T06:34:49.7241003Z ^[[31m^[[2m⎯⎯⎯⎯⎯⎯⎯⎯⎯⎯⎯⎯⎯⎯⎯⎯⎯⎯⎯⎯⎯⎯⎯⎯[1/4]⎯^[[22m^[[39m
deploy-test	Run pnpm verify	2026-10-07T06:34:49.7241387Z 
deploy-test	Run pnpm verify	2026-10-07T06:34:49.7242575Z ^[[41m^[[1m FAIL ^[[22m^[[49m apps/cloud-api/test/admin-runtime-initialization.test.ts^[[2m > ^[[22mconcurrent initialization shares one handler/client and warm bad JWT never triggers engine preparation
deploy-test	Run pnpm verify	2026-10-07T06:34:49.7243805Z ^[[31m^[[1mAssertionError^[[22m: expected +0 to equal 1^[[39m
deploy-test	Run pnpm verify	2026-10-07T06:34:49.7244177Z 
deploy-test	Run pnpm verify	2026-10-07T06:34:49.7244413Z ^[[32m- Expected^[[39m
deploy-test	Run pnpm verify	2026-10-07T06:34:49.7244828Z ^[[31m+ Received^[[39m
deploy-test	Run pnpm verify	2026-10-07T06:34:49.7245230Z 
deploy-test	Run pnpm verify	2026-10-07T06:34:49.7245505Z ^[[32m- 1^[[39m
deploy-test	Run pnpm verify	2026-10-07T06:34:49.7245935Z ^[[31m+ 0^[[39m
deploy-test	Run pnpm verify	2026-10-07T06:34:49.7246199Z 
deploy-test	Run pnpm verify	2026-10-07T06:34:49.7246901Z ^[[36m ^[[2m❯^[[22m apps/cloud-api/test/admin-runtime-initialization.test.ts:^[[2m76:10^[[22m^[[39m
deploy-test	Run pnpm verify	2026-10-07T06:34:49.7247828Z     ^[[90m 74|^[[39m     [^[[34m401^[[39m^[[33m,^[[39m ^[[34m401^[[39m]^[[33m,^[[39m
deploy-test	Run pnpm verify	2026-10-07T06:34:49.7248457Z     ^[[90m 75|^[[39m   )^[[33m;^[[39m
deploy-test	Run pnpm verify	2026-10-07T06:34:49.7250075Z     ^[[90m 76|^[[39m   assert^[[33m.^[[39m^[[34mequal^[[39m(mocks^[[33m.^[[39mclient^[[33m.^[[39mmock^[[33m.^[[39mcalls^[[33m.^[[39mlength^[[33m,^[[39m ^[[34m1^[[39m)^[[33m;^[[39m
deploy-test	Run pnpm verify	2026-10-07T06:34:49.7251043Z     ^[[90m   |^[[39m          ^[[31m^^[[39m
deploy-test	Run pnpm verify	2026-10-07T06:34:49.7251975Z     ^[[90m 77|^[[39m   assert^[[33m.^[[39m^[[34mequal^[[39m(mocks^[[33m.^[[39mdatabase^[[33m.^[[39mmock^[[33m.^[[39mcalls^[[33m.^[[39mlength^[[33m,^[[39m ^[[34m1^[[39m)^[[33m;^[[39m
deploy-test	Run pnpm verify	2026-10-07T06:34:49.7253283Z     ^[[90m 78|^[[39m   assert^[[33m.^[[39m^[[34mequal^[[39m(mocks^[[33m.^[[39mlicense^[[33m.^[[39mmock^[[33m.^[[39mcalls^[[33m.^[[39mlength^[[33m,^[[39m ^[[34m1^[[39m)^[[33m;^[[39m
deploy-test	Run pnpm verify	2026-10-07T06:34:49.7253984Z 
deploy-test	Run pnpm verify	2026-10-07T06:34:49.7254385Z ^[[31m^[[2m⎯⎯⎯⎯⎯⎯⎯⎯⎯⎯⎯⎯⎯⎯⎯⎯⎯⎯⎯⎯⎯⎯⎯⎯[2/4]⎯^[[22m^[[39m
deploy-test	Run pnpm verify	2026-10-07T06:34:49.7254734Z 
deploy-test	Run pnpm verify	2026-10-07T06:34:49.7256110Z ^[[41m^[[1m FAIL ^[[22m^[[49m apps/cloud-api/test/admin-runtime-initialization.test.ts^[[2m > ^[[22mactual initialization emits client/assembly CPU once in cold scope; warm invalid JWT does no preparation
deploy-test	Run pnpm verify	2026-10-07T06:34:49.7257991Z ^[[31m^[[1mError^[[22m: The vi.spyOn() function could not find an object to spy upon. The first argument must be defined.^[[39m
deploy-test	Run pnpm verify	2026-10-07T06:34:49.7259193Z ^[[36m ^[[2m❯^[[22m apps/cloud-api/test/admin-runtime-initialization.test.ts:^[[2m111:24^[[22m^[[39m
deploy-test	Run pnpm verify	2026-10-07T06:34:49.7259919Z     ^[[90m109|^[[39m     }
deploy-test	Run pnpm verify	2026-10-07T06:34:49.7260938Z     ^[[90m110|^[[39m     ^[[35mconst^[[39m client ^[[33m=^[[39m mocks^[[33m.^[[39mclient^[[33m.^[[39mmock^[[33m.^[[39mresults[^[[34m0^[[39m]^[[33m?.^[[39mvalue^[[33m;^[[39m
deploy-test	Run pnpm verify	2026-10-07T06:34:49.7262249Z     ^[[90m111|^[[39m     ^[[35mconst^[[39m connect ^[[33m=^[[39m vi^[[33m.^[[39m^[[34mspyOn^[[39m(client^[[33m,^[[39m ^[[32m'$connect'^[[39m)^[[33m;^[[39m
deploy-test	Run pnpm verify	2026-10-07T06:34:49.7263102Z     ^[[90m   |^[[39m                        ^[[31m^^[[39m
deploy-test	Run pnpm verify	2026-10-07T06:34:49.7264157Z     ^[[90m112|^[[39m     assert^[[33m.^[[39m^[[34mequal^[[39m((^[[35mawait^[[39m ^[[34mhandler^[[39m(event))^[[33m.^[[39mstatusCode^[[33m,^[[39m ^[[34m401^[[39m)^[[33m;^[[39m
deploy-test	Run pnpm verify	2026-10-07T06:34:49.7265204Z     ^[[90m113|^[[39m     assert^[[33m.^[[39m^[[34mequal^[[39m(
deploy-test	Run pnpm verify	2026-10-07T06:34:49.7265602Z 
deploy-test	Run pnpm verify	2026-10-07T06:34:49.7265990Z ^[[31m^[[2m⎯⎯⎯⎯⎯⎯⎯⎯⎯⎯⎯⎯⎯⎯⎯⎯⎯⎯⎯⎯⎯⎯⎯⎯[3/4]⎯^[[22m^[[39m
deploy-test	Run pnpm verify	2026-10-07T06:34:49.7266330Z 
deploy-test	Run pnpm verify	2026-10-07T06:34:49.7267468Z ^[[41m^[[1m FAIL ^[[22m^[[49m apps/cloud-api/test/admin-runtime-initialization.test.ts^[[2m > ^[[22mclient construction failure retains safe runtime failure and later attempt can initialize
deploy-test	Run pnpm verify	2026-10-07T06:34:49.7268712Z ^[[31m^[[1mAssertionError^[[22m: expected 401 to equal 500^[[39m
deploy-test	Run pnpm verify	2026-10-07T06:34:49.7269117Z 
deploy-test	Run pnpm verify	2026-10-07T06:34:49.7269371Z ^[[32m- Expected^[[39m
deploy-test	Run pnpm verify	2026-10-07T06:34:49.7269790Z ^[[31m+ Received^[[39m
deploy-test	Run pnpm verify	2026-10-07T06:34:49.7270048Z 
deploy-test	Run pnpm verify	2026-10-07T06:34:49.7270271Z ^[[32m- 500^[[39m
deploy-test	Run pnpm verify	2026-10-07T06:34:49.7270637Z ^[[31m+ 401^[[39m
deploy-test	Run pnpm verify	2026-10-07T06:34:49.7271044Z 
deploy-test	Run pnpm verify	2026-10-07T06:34:49.7271804Z ^[[36m ^[[2m❯^[[22m apps/cloud-api/test/admin-runtime-initialization.test.ts:^[[2m131:10^[[22m^[[39m
deploy-test	Run pnpm verify	2026-10-07T06:34:49.7273017Z     ^[[90m129|^[[39m   ^[[35mconst^[[39m { handler } ^[[33m=^[[39m ^[[35mawait^[[39m ^[[35mimport^[[39m(^[[32m'../src/runtime/lambda-entry.js'^[[39m)^[[33m;^[[39m
deploy-test	Run pnpm verify	2026-10-07T06:34:49.7274061Z     ^[[90m130|^[[39m   ^[[35mconst^[[39m first ^[[33m=^[[39m ^[[35mawait^[[39m ^[[34mhandler^[[39m(event)^[[33m;^[[39m
deploy-test	Run pnpm verify	2026-10-07T06:34:49.7275011Z     ^[[90m131|^[[39m   assert^[[33m.^[[39m^[[34mequal^[[39m(first^[[33m.^[[39mstatusCode^[[33m,^[[39m ^[[34m500^[[39m)^[[33m;^[[39m
deploy-test	Run pnpm verify	2026-10-07T06:34:49.7276134Z     ^[[90m   |^[[39m          ^[[31m^^[[39m
deploy-test	Run pnpm verify	2026-10-07T06:34:49.7276994Z ^[[2m      Tests ^[[22m ^[[1m^[[31m4 failed^[[39m^[[22m^[[2m | ^[[22m^[[1m^[[32m1414 passed^[[39m^[[22m^[[90m (1418)^[[39m
deploy-test	Run pnpm verify	2026-10-07T06:34:49.7278181Z     ^[[90m132|^[[39m   assert^[[33m.^[[39m^[[34mnotInclude^[[39m(first^[[33m.^[[39mbody^[[33m,^[[39m ^[[32m'private-construction-error'^[[39m)^[[33m;^[[39m
deploy-test	Run pnpm verify	2026-10-07T06:34:49.7278913Z ^[[2m   Start at ^[[22m 06:29:05
deploy-test	Run pnpm verify	2026-10-07T06:34:49.7279817Z     ^[[90m133|^[[39m   assert^[[33m.^[[39m^[[34mequal^[[39m((^[[35mawait^[[39m ^[[34mhandler^[[39m(event))^[[33m.^[[39mstatusCode^[[33m,^[[39m ^[[34m401^[[39m)^[[33m;^[[39m
deploy-test	Run pnpm verify	2026-10-07T06:34:49.7280467Z 
deploy-test	Run pnpm verify	2026-10-07T06:34:49.7280887Z ^[[31m^[[2m⎯⎯⎯⎯⎯⎯⎯⎯⎯⎯⎯⎯⎯⎯⎯⎯⎯⎯⎯⎯⎯⎯⎯⎯[4/4]⎯^[[22m^[[39m
deploy-test	Run pnpm verify	2026-10-07T06:34:49.7281452Z 
deploy-test	Run pnpm verify	2026-10-07T06:34:49.7309047Z ^[[2m   Duration ^[[22m 343.97s^[[2m (transform 8.89s, setup 1.43s, import 293.90s, tests 675.25s, environment 20.23s)^[[22m
deploy-test	Run pnpm verify	2026-10-07T06:34:49.7315765Z 
deploy-test	Run pnpm verify	2026-10-07T06:34:49.7316558Z 
deploy-test	Run pnpm verify	2026-10-07T06:34:49.7347000Z ##[error]AssertionError: expected +0 to equal 1
deploy-test	Run pnpm verify	
deploy-test	Run pnpm verify	- Expected
deploy-test	Run pnpm verify	+ Received
deploy-test	Run pnpm verify	
deploy-test	Run pnpm verify	- 1
deploy-test	Run pnpm verify	+ 0
deploy-test	Run pnpm verify	
deploy-test	Run pnpm verify	 ❯ apps/cloud-api/test/admin-runtime-initialization.test.ts:54:10
deploy-test	Run pnpm verify	
deploy-test	Run pnpm verify	
deploy-test	Run pnpm verify	2026-10-07T06:34:49.7356775Z 
deploy-test	Run pnpm verify	2026-10-07T06:34:49.7360253Z ##[error]AssertionError: expected +0 to equal 1
deploy-test	Run pnpm verify	
deploy-test	Run pnpm verify	- Expected
deploy-test	Run pnpm verify	+ Received
deploy-test	Run pnpm verify	
deploy-test	Run pnpm verify	- 1
deploy-test	Run pnpm verify	+ 0
deploy-test	Run pnpm verify	
deploy-test	Run pnpm verify	 ❯ apps/cloud-api/test/admin-runtime-initialization.test.ts:76:10
deploy-test	Run pnpm verify	
deploy-test	Run pnpm verify	
deploy-test	Run pnpm verify	2026-10-07T06:34:49.7362243Z 
deploy-test	Run pnpm verify	2026-10-07T06:34:49.7365859Z ##[error]Error: The vi.spyOn() function could not find an object to spy upon. The first argument must be defined.
deploy-test	Run pnpm verify	 ❯ apps/cloud-api/test/admin-runtime-initialization.test.ts:111:24
deploy-test	Run pnpm verify	
deploy-test	Run pnpm verify	
deploy-test	Run pnpm verify	2026-10-07T06:34:49.7367662Z 
deploy-test	Run pnpm verify	2026-10-07T06:34:49.7369566Z ##[error]AssertionError: expected 401 to equal 500
deploy-test	Run pnpm verify	
deploy-test	Run pnpm verify	- Expected
deploy-test	Run pnpm verify	+ Received
deploy-test	Run pnpm verify	
deploy-test	Run pnpm verify	- 500
deploy-test	Run pnpm verify	+ 401
deploy-test	Run pnpm verify	
deploy-test	Run pnpm verify	 ❯ apps/cloud-api/test/admin-runtime-initialization.test.ts:131:10
deploy-test	Run pnpm verify	
deploy-test	Run pnpm verify	
deploy-test	Run pnpm verify	2026-10-07T06:34:49.8360847Z  ELIFECYCLE  Test failed. See above for more details.
deploy-test	Run pnpm verify	2026-10-07T06:34:49.8767820Z  ELIFECYCLE  Command failed with exit code 1.
deploy-test	Run pnpm verify	2026-10-07T06:34:49.8967826Z ##[error]Process completed with exit code 1.
