
> food-digester-platform@0.0.0 verify /Users/anray/Documents/project/hiddenjoyacom/food-digester-platform
> pnpm lint && pnpm format:check && pnpm typecheck && pnpm openapi:check && pnpm test && pnpm build && pnpm check:boundaries && pnpm check:schemas && pnpm check:migrations && pnpm check:evidence && pnpm check:secrets && pnpm check:sensitive-sinks && pnpm check:admin-web-delivery && pnpm check:admin-web-e2e && pnpm check:cmd-ota-delivery && pnpm test:device-contracts /tmp/fdp-device-contracts-gate.json && pnpm test:iot-integration /tmp/fdp-iot-integration-gate.json && pnpm test:core-api-integration /tmp/fdp-core-api-integration-gate.json && pnpm test:admin-e2e-suite /tmp/fdp-admin-e2e-gate.json && pnpm test:security-suite /tmp/fdp-security-gate.json && pnpm test:reliability-suite /tmp/fdp-reliability-gate.json && pnpm test:prototype-regression /tmp/fdp-prototype-regression-gate.json


> food-digester-platform@0.0.0 lint /Users/anray/Documents/project/hiddenjoyacom/food-digester-platform
> eslint .


> food-digester-platform@0.0.0 format:check /Users/anray/Documents/project/hiddenjoyacom/food-digester-platform
> prettier --check .

Checking formatting...
All matched files use Prettier code style!

> food-digester-platform@0.0.0 typecheck /Users/anray/Documents/project/hiddenjoyacom/food-digester-platform
> turbo run typecheck


   • Packages in scope: @fdp/admin-web, @fdp/archive-worker, @fdp/auth, @fdp/aws-clients, @fdp/cloud-api, @fdp/contracts, @fdp/database, @fdp/domain, @fdp/infra, @fdp/ingestion-worker, @fdp/media, @fdp/observability, @fdp/summary-worker
   • Running typecheck in 13 packages
   • Remote caching disabled

@fdp/database:generate: cache miss, executing 340c91f81bba6492
@fdp/contracts:build: cache hit, replaying logs badb40bf08f6da73
@fdp/contracts:typecheck: cache hit, replaying logs aa15856efcfb63ca
@fdp/infra:typecheck: cache hit, replaying logs d4cd6bfa1a601435
@fdp/contracts:build: 
@fdp/aws-clients:typecheck: cache hit, replaying logs 767e47322641a244
@fdp/contracts:typecheck: 
@fdp/contracts:typecheck: > @fdp/contracts@0.0.0 typecheck /Users/anray/Documents/project/hiddenjoyacom/food-digester-platform/contracts
@fdp/contracts:typecheck: > tsc -p tsconfig.json
@fdp/contracts:typecheck: 
@fdp/infra:typecheck: 
@fdp/infra:typecheck: > @fdp/infra@0.0.0 typecheck /Users/anray/Documents/project/hiddenjoyacom/food-digester-platform/infra
@fdp/contracts:build: > @fdp/contracts@0.0.0 build /Users/anray/Documents/project/hiddenjoyacom/food-digester-platform/contracts
@fdp/aws-clients:typecheck: 
@fdp/aws-clients:typecheck: > @fdp/aws-clients@0.0.0 typecheck /Users/anray/Documents/project/hiddenjoyacom/food-digester-platform/packages/aws-clients
@fdp/aws-clients:typecheck: > tsc -p tsconfig.json
@fdp/aws-clients:typecheck: 
@fdp/infra:typecheck: > tsc -p tsconfig.json
@fdp/infra:typecheck: 
@fdp/observability:typecheck: cache hit, replaying logs a9c1e000aa5237c2
@fdp/observability:build: cache hit, replaying logs 835abefc87dbb1a4
@fdp/contracts:build: > node -e "console.log('@fdp/contracts 为源码契约包：内部使用 .ts 扩展名互引，不经 tsc 构建；消费方经 tsx/打包器直接使用源码')"
@fdp/contracts:build: 
@fdp/contracts:build: @fdp/contracts 为源码契约包：内部使用 .ts 扩展名互引，不经 tsc 构建；消费方经 tsx/打包器直接使用源码
@fdp/observability:typecheck: 
@fdp/observability:typecheck: > @fdp/observability@0.0.0 typecheck /Users/anray/Documents/project/hiddenjoyacom/food-digester-platform/packages/observability
@fdp/observability:typecheck: > tsc -p tsconfig.json
@fdp/observability:typecheck: 
@fdp/observability:build: 
@fdp/observability:build: > @fdp/observability@0.0.0 build /Users/anray/Documents/project/hiddenjoyacom/food-digester-platform/packages/observability
@fdp/observability:build: > tsc -p tsconfig.build.json
@fdp/observability:build: 
@fdp/aws-clients:build: cache hit, replaying logs 72b741ff8e28f9c8
@fdp/aws-clients:build: 
@fdp/aws-clients:build: > @fdp/aws-clients@0.0.0 build /Users/anray/Documents/project/hiddenjoyacom/food-digester-platform/packages/aws-clients
@fdp/aws-clients:build: > tsc -p tsconfig.build.json
@fdp/aws-clients:build: 
@fdp/domain:typecheck: cache hit, replaying logs fd26312a4c0953c8
@fdp/domain:typecheck: 
@fdp/domain:typecheck: > @fdp/domain@0.0.0 typecheck /Users/anray/Documents/project/hiddenjoyacom/food-digester-platform/packages/domain
@fdp/domain:typecheck: > tsc -p tsconfig.json
@fdp/domain:typecheck: 
@fdp/domain:build: cache hit, replaying logs 47ef0249a0b99843
@fdp/domain:build: 
@fdp/domain:build: > @fdp/domain@0.0.0 build /Users/anray/Documents/project/hiddenjoyacom/food-digester-platform/packages/domain
@fdp/domain:build: > tsc -p tsconfig.build.json
@fdp/domain:build: 
@fdp/database:generate: 
@fdp/database:generate: > @fdp/database@0.0.0 generate /Users/anray/Documents/project/hiddenjoyacom/food-digester-platform/packages/database
@fdp/database:generate: > prisma generate
@fdp/database:generate: 
@fdp/database:generate: Loaded Prisma config from prisma.config.ts.
@fdp/database:generate: 
@fdp/database:generate: Prisma schema loaded from prisma/schema.prisma.
@fdp/database:generate: 
@fdp/database:generate: ✔ Generated Prisma Client (7.9.1) to ./src/generated in 134ms
@fdp/database:generate: 
@fdp/database:build: cache miss, executing de04938e9dfdc8ed
@fdp/database:typecheck: cache miss, executing da24b864fca60a8f
@fdp/database:typecheck: 
@fdp/database:typecheck: > @fdp/database@0.0.0 typecheck /Users/anray/Documents/project/hiddenjoyacom/food-digester-platform/packages/database
@fdp/database:build: 
@fdp/database:build: > @fdp/database@0.0.0 build /Users/anray/Documents/project/hiddenjoyacom/food-digester-platform/packages/database
@fdp/database:typecheck: > tsc -p tsconfig.json
@fdp/database:typecheck: 
@fdp/database:build: > tsc -p tsconfig.build.json
@fdp/database:build: 
@fdp/summary-worker:typecheck: cache miss, executing 24ab608c2cc90ccd
@fdp/auth:build: cache miss, executing 9ecc1fcceafe2db8
@fdp/media:build: cache miss, executing ab4b37236650349e
@fdp/archive-worker:typecheck: cache miss, executing e0872fe705afb7fb
@fdp/auth:typecheck: cache miss, executing 6fadf7091b1bde23
@fdp/media:typecheck: cache miss, executing 61bcb9a03be8d7a3
@fdp/archive-worker:typecheck: 
@fdp/archive-worker:typecheck: > @fdp/archive-worker@0.0.0 typecheck /Users/anray/Documents/project/hiddenjoyacom/food-digester-platform/apps/archive-worker
@fdp/archive-worker:typecheck: > tsc -p tsconfig.json
@fdp/archive-worker:typecheck: 
@fdp/media:typecheck: 
@fdp/media:typecheck: > @fdp/media@0.0.0 typecheck /Users/anray/Documents/project/hiddenjoyacom/food-digester-platform/packages/media
@fdp/media:typecheck: > tsc -p tsconfig.json
@fdp/media:typecheck: 
@fdp/auth:build: 
@fdp/auth:build: > @fdp/auth@0.0.0 build /Users/anray/Documents/project/hiddenjoyacom/food-digester-platform/packages/auth
@fdp/auth:build: > tsc -p tsconfig.build.json
@fdp/auth:build: 
@fdp/media:build: 
@fdp/media:build: > @fdp/media@0.0.0 build /Users/anray/Documents/project/hiddenjoyacom/food-digester-platform/packages/media
@fdp/media:build: > tsc -p tsconfig.build.json
@fdp/media:build: 
@fdp/auth:typecheck: 
@fdp/auth:typecheck: > @fdp/auth@0.0.0 typecheck /Users/anray/Documents/project/hiddenjoyacom/food-digester-platform/packages/auth
@fdp/auth:typecheck: > tsc -p tsconfig.json
@fdp/auth:typecheck: 
@fdp/summary-worker:typecheck: 
@fdp/summary-worker:typecheck: > @fdp/summary-worker@0.0.0 typecheck /Users/anray/Documents/project/hiddenjoyacom/food-digester-platform/apps/summary-worker
@fdp/summary-worker:typecheck: > tsc -p tsconfig.json
@fdp/summary-worker:typecheck: 
@fdp/ingestion-worker:typecheck: cache miss, executing c8fb6b83fcb665bf
@fdp/admin-web:typecheck: cache miss, executing aaa9111f8f818bee
@fdp/cloud-api:typecheck: cache miss, executing 50898f888ba8bb40
@fdp/cloud-api:typecheck: 
@fdp/cloud-api:typecheck: > @fdp/cloud-api@0.0.0 typecheck /Users/anray/Documents/project/hiddenjoyacom/food-digester-platform/apps/cloud-api
@fdp/cloud-api:typecheck: > tsc -p tsconfig.json
@fdp/cloud-api:typecheck: 
@fdp/ingestion-worker:typecheck: 
@fdp/ingestion-worker:typecheck: > @fdp/ingestion-worker@0.0.0 typecheck /Users/anray/Documents/project/hiddenjoyacom/food-digester-platform/apps/ingestion-worker
@fdp/ingestion-worker:typecheck: > tsc -p tsconfig.json
@fdp/ingestion-worker:typecheck: 
@fdp/admin-web:typecheck: 
@fdp/admin-web:typecheck: > @fdp/admin-web@0.0.0 typecheck /Users/anray/Documents/project/hiddenjoyacom/food-digester-platform/apps/admin-web
@fdp/admin-web:typecheck: > tsc -p tsconfig.json && tsc -p tsconfig.e2e.json
@fdp/admin-web:typecheck: 

 Tasks:    21 successful, 21 total
Cached:    9 cached, 21 total
  Time:    6.666s 


> food-digester-platform@0.0.0 openapi:check /Users/anray/Documents/project/hiddenjoyacom/food-digester-platform
> node scripts/build-openapi.mjs --check && redocly lint contracts/rest/openapi-base.json "contracts/rest/*-api.json" contracts/rest/openapi.bundle.json --extends spec

OpenAPI bundle 新鲜：contracts/rest/openapi.bundle.json

> food-digester-platform@0.0.0 test /Users/anray/Documents/project/hiddenjoyacom/food-digester-platform
> vitest run && pnpm test:contracts && pnpm test:scripts


 RUN  v4.1.11 /Users/anray/Documents/project/hiddenjoyacom/food-digester-platform


 Test Files  178 passed (178)
      Tests  1458 passed (1458)
   Start at  11:31:28
   Duration  69.42s (transform 9.87s, setup 1.16s, import 147.55s, tests 308.04s, environment 10.54s)


> food-digester-platform@0.0.0 test:contracts /Users/anray/Documents/project/hiddenjoyacom/food-digester-platform
> pnpm --filter @fdp/contracts test


> @fdp/contracts@0.0.0 test /Users/anray/Documents/project/hiddenjoyacom/food-digester-platform/contracts
> node --import tsx --test mqtt/*.test.ts mqtt/*.test.mjs domain/*.test.ts lifecycle/*.test.ts media/*.test.ts security/*.test.ts rest/*.test.ts iot/*.test.mjs archive/*.test.mjs configuration/*.test.ts settings/*.test.ts

✔ 合法 Manifest fixtures 通过校验 (1.156708ms)
✔ 非法 Manifest fixtures 被拒绝 (0.313084ms)
✔ DEC-016 已冻结且策略覆盖全部阻塞任务 (0.675292ms)
✔ 三类来源使用独立 Envelope 与互斥前缀 (0.129291ms)
✔ License/OTA 禁止伪装为 MQTT 原文，OTA 记录类型封闭 (0.059459ms)
✔ 归档 Envelope 判别字段和版本固定 (0.048375ms)
✔ DEC-018 策略结构有效、已冻结且覆盖全部阻塞任务 (2.046042ms)
✔ V1 只允许四字段，范围、单位、默认值与冻结值一致 (0.173958ms)
✔ Admin Configuration 与 Device Sync OpenAPI 逐字段匹配统一策略 (0.302583ms)
✔ TS 常量与 JSON 策略一致 (0.076583ms)
✔ 策略 JSON 通过自身 JSON Schema 结构校验 (2.078125ms)
✔ 负向结构：实时流启用、非法范围/刷新模式与缺失字段被 Schema 拒绝 (0.451167ms)
✔ x-decision-versions 引用 DEC-009 且版本与决策登记一致；prototype-traceability.yaml 同步 (0.163166ms)
✔ 冻结值定性规则可执行：仅最新授权 Media、手动刷新、禁实时流 (0.077958ms)
✔ 策略消费者均为合法任务 ID 且覆盖 DEC-009 阻塞任务 (0.379542ms)
✔ TS 常量与 camera-interaction-policy.json 完全一致 (0.1345ms)
✔ 策略 JSON 通过自身 JSON Schema 结构校验 (1.466916ms)
✔ 负向结构：数据来源篡改与缺失字段被 Schema 拒绝 (0.5255ms)
✔ x-decision-versions 引用 DEC-008 且版本与决策登记一致；prototype-traceability.yaml 同步 (0.096209ms)
✔ 冻结值定性规则可执行：封闭类型集合、仅设备上报、禁云端臆测 (0.134584ms)
✔ 冻结参数可执行：正式名称、阈值和 24 小时过期规则 (0.242791ms)
✔ 策略消费者均为合法任务 ID 且覆盖 DEC-008 阻塞任务 (0.253083ms)
✔ TS 常量与 consumables-policy.json 完全一致 (0.13225ms)
✔ 策略 JSON 通过自身 JSON Schema 结构校验 (1.256375ms)
✔ 负向结构：联动规则反转与缺失字段被 Schema 拒绝 (0.582375ms)
✔ x-decision-versions 引用 DEC-007 且版本与决策登记一致；prototype-traceability.yaml 同步 (0.117ms)
✔ 冻结值定性规则可执行：职责划分、联动与展示 (0.183792ms)
✔ 策略消费者均为合法任务 ID 且覆盖 DEC-007 阻塞任务与关联任务 (0.341ms)
✔ TS 常量与 contract-license-relation.json 完全一致 (0.098042ms)
✔ DEC-019 alias 策略已冻结且无待定参数 (0.609417ms)
✔ TS、JSON 与 Admin Device OpenAPI 使用同一 alias 规则 (0.101958ms)
✔ 策略 JSON 通过自身 JSON Schema 结构校验 (0.773833ms)
✔ 负向结构：单字段混用、独立存储"启用"与缺失字段被 Schema 拒绝 (0.333875ms)
✔ x-decision-versions 引用 DEC-010 且版本与决策登记一致；prototype-traceability.yaml 同步 (0.066125ms)
✔ 冻结值定性规则可执行：四轴分离、禁单字段混用、派生原则 (0.104334ms)
✔ 冻结参数可执行：启用由 Active 生命周期和有效 License 派生 (0.054542ms)
✔ 策略消费者均为合法任务 ID 且覆盖 DEC-010 阻塞任务与关联任务 (0.112834ms)
✔ TS 常量与 device-status-axes-policy.json 完全一致 (0.066041ms)
✔ 策略 JSON 通过自身 JSON Schema 结构校验 (1.545833ms)
✔ 负向结构：设备地域真值与缺失字段被 Schema 拒绝 (0.266083ms)
✔ x-decision-versions 引用 DEC-011 且版本与决策登记一致；prototype-traceability.yaml 同步 (0.071334ms)
✔ 冻结值定性规则可执行：层级链、Site 属性、设备仅关联 Site (0.111875ms)
✔ 策略消费者均为合法任务 ID 且覆盖 DEC-011 阻塞任务 (0.125666ms)
✔ TS 常量与 geo-model-policy.json 完全一致 (0.068083ms)
✔ 策略 JSON 通过自身 JSON Schema 结构校验 (1.696292ms)
✔ 负向结构：AWS 授权、矩阵可编辑与缺失字段被 Schema 拒绝 (0.667083ms)
✔ x-decision-versions 引用 DEC-012 且版本与决策登记一致；prototype-traceability.yaml 同步 (0.197083ms)
✔ 冻结值定性规则可执行：封闭映射、界面名、AWS 权限与矩阵规则 (0.361375ms)
✔ 策略消费者均为合法任务 ID 且覆盖 DEC-012 阻塞任务 (0.289458ms)
✔ TS 常量与 role-mapping-policy.json 完全一致 (0.166666ms)
✔ Envelope 必填五个 iot* 上下文字段，Payload 平铺透传 (0.59325ms)
✔ iotType 枚举与 topic-catalog 上行类型严格一致（8 个） (0.087042ms)
✔ 所有合法 Fixture 通过校验（含 Payload 内不可信身份字段的样本） (0.390667ms)
✔ 所有非法 Fixture 被稳定拒绝且错误路径正确 (0.141042ms)
✔ 矩阵 JSON 通过自身 JSON Schema 结构校验 (1.405125ms)
✔ 负向结构：缺失必填字段、非法枚举与额外行为键被 Schema 拒绝 (0.710375ms)
✔ x-decision-versions 引用 DEC-001 且版本与决策登记一致 (0.167125ms)
✔ 冻结值：独立状态；允许维护、同步、遥测、告警和 OTA (0.163459ms)
✔ Maintenance Sync 节奏为 15 分钟（Suspended 节奏） (0.076125ms)
✔ 失败关闭：未知行为拒绝并抛出稳定错误 (0.374667ms)
✔ 命令策略与 command-catalog 一致：Maintenance 允许集合 == Suspended 允许集合 (0.145042ms)
✔ 行为条目消费者均为合法任务 ID 且覆盖 DEC-001 阻塞任务 (0.248291ms)
✔ TS 常量与 maintenance-behavior-matrix.json 完全一致 (0.243209ms)
✔ DEC-017 策略结构有效、已冻结且覆盖全部阻塞任务 (1.320958ms)
✔ 24 小时截止从证书包存储开始，截止边界包含在超时内 (1.560375ms)
✔ 超时处置、迟到 Heartbeat 与重新申请规则失败关闭 (0.112375ms)
✔ TS 常量与 JSON 策略一致 (0.171542ms)
✔ 策略 JSON 通过自身 JSON Schema 结构校验 (1.878875ms)
✔ 负向结构：存储位置篡改、非法处置行为与缺失字段被 Schema 拒绝 (0.523833ms)
✔ x-decision-versions 引用 DEC-005 且版本与决策登记一致 (0.094833ms)
✔ 冻结值定性规则可执行：RDS 元数据 / S3 文件分离 (0.063459ms)
✔ 冻结参数可执行：元数据 365 天、文件 90 天且删除文件保留元数据 (0.071125ms)
✔ 策略消费者均为合法任务 ID 且覆盖 DEC-005 阻塞任务与关联任务 (0.131375ms)
✔ TS 常量与 media-retention-policy.json 完全一致 (0.093333ms)
✔ 策略 JSON 通过自身 JSON Schema 结构校验 (1.186542ms)
✔ 负向结构：客户端指定 Key、篡改冻结 TTL/配额与缺失字段被 Schema 拒绝 (0.422875ms)
✔ 锁定规则：mediaTypes 与 CT-03 media.schema.json 枚举一致；客户端不得指定 Key (0.24125ms)
✔ DEC-024 冻结值可执行且无待定参数 (0.128291ms)
✔ TS 常量与 media-upload-policy.json 完全一致 (0.235625ms)
✔ 22 个 Command 全部唯一且覆盖六大分类 (1.417ms)
✔ 13 个 Notification 全部唯一且有设备动作映射 (0.40625ms)
✔ 高风险标记与文档一致（EMERGENCY_STOP/FACTORY_RESET/SHUTDOWN/全部加热、排料、电机控制） (0.266375ms)
✔ 允许状态矩阵无遗漏：22 命令 × 4 状态 (0.280459ms)
✔ Suspended 仅允许安全停止、诊断、同步和维护/恢复类命令 (0.230209ms)
✔ MAINTENANCE 按 Suspended 限制（DEC-001 冻结值） (0.089375ms)
✔ 未知命令/通知在运行时被拒绝 (0.331541ms)
✔ denyReason 稳定且允许时返回 null (0.052625ms)
✔ TS 常量与 command-catalog.json / notification-catalog.json 完全一致 (0.190541ms)
✔ Schema 枚举与目录一致（cmd/ack command、notification type） (0.49925ms)
✔ 策略 JSON 通过自身 JSON Schema 结构校验 (1.618459ms)
✔ 负向结构：非法取值与缺失字段被 Schema 拒绝 (0.471708ms)
✔ x-decision-versions 引用 DEC-006 且版本与决策登记一致 (0.119ms)
✔ 冻结值可执行：V1 下行 seq 可选、上行必填、Command 以 meta.id 幂等 (0.1555ms)
✔ 策略与 common.schema.json 一致：下行 metaBase 不要求 seq、id 必填；上行 metaSeq 要求 seq (0.2985ms)
✔ 下行/上行 Schema 的 meta 引用与策略一致 (0.825125ms)
✔ 策略消费者均为合法任务 ID 且覆盖 DEC-006 阻塞任务 (0.171458ms)
✔ TS 常量与 downlink-policy.json 完全一致 (0.109ms)
✔ DEC-015 策略冻结、可追溯且覆盖全部阻塞任务 (1.134ms)
✔ 唯一通道为既有 ACK；Topic 总数和 IoT 权限面不扩大 (0.099667ms)
✔ ACK 判别字段、关联键和 OTA 状态与冻结策略一致 (0.061459ms)
✔ 状态机只允许冻结的单向迁移；相同状态幂等 (0.069625ms)
✔ TS 常量与 JSON 策略完全一致 (0.267541ms)
✔ DEC-013 策略 JSON 通过自身 Schema 且覆盖登记阻塞任务 (1.290042ms)
✔ DEC-013 策略关键值被 Schema 锁定，篡改时失败关闭 (0.515125ms)
✔ DEC-013 策略冻结且无待定参数 (0.11725ms)
✔ Heartbeat 旧嵌套结构在兼容期转换为正式扁平结构且不修改原对象 (0.475958ms)
✔ Telemetry motorCurrentAmp 在兼容期转换为 currentAmp；同值并存允许、冲突失败关闭 (0.421625ms)
✔ 兼容截止边界起拒绝嵌套结构、motorCurrentAmp 与 DISCHARING (0.131417ms)
✔ RFC 8785 固定向量与 audit.hash 覆盖 {meta,data} (0.255333ms)
✔ 11 类消息均有 Schema 和 Fixture，且每类 >=1 合法 + >=3 非法 (3.329292ms)
✔ 所有合法 Fixture 通过校验 (2.622ms)
✔ 所有非法 Fixture 被稳定拒绝并返回明确错误路径 (1.965ms)
✔ 非法枚举被稳定拒绝且路径明确 (0.198583ms)
✔ 单位/类型错误被拒绝（integer 不接受小数与字符串） (0.277667ms)
✔ 缺少必填字段被拒绝（meta.id、上行 seq、Heartbeat 必填 data 字段） (0.250666ms)
✔ 额外身份字段（customerId/tenantId/deviceId）在各层均被拒绝 (1.559583ms)
✔ 下行消息 meta.seq 可选（DEC-006），上行强制 (0.558333ms)
✔ Telemetry/Report/Tamper 强制 audit.hash；Command 禁止 audit（DEC-002） (0.304042ms)
✔ DEC-013：Audited 合法 Fixture 携带可复算的 RFC 8785 audit.hash (0.49925ms)
✔ schemaVer 缺省按 1.0 归一化；非法 schemaVer 被拒绝 (0.196833ms)
✔ meta.id 字符集与长度固定 (0.127042ms)
✔ payloads.ts 与 Schema 保持一致（生成器新鲜度） (1.800875ms)
✔ 全部 Schema 的 x-decision-versions 可追溯到决策登记 (2.774708ms)
✔ Telemetry current (0.657125ms)
✔ Telemetry past 300s (0.644666ms)
✔ Telemetry past 301s (0.132ms)
✔ Telemetry past 24h inclusive (0.050417ms)
✔ Telemetry past 24h plus 1ms (0.092041ms)
✔ Telemetry future 300s inclusive (0.060542ms)
✔ Telemetry future 300s plus 1ms (0.051333ms)
✔ other topics retain symmetric 300-second tolerance (0.06975ms)
✔ configured tolerance affects future bound but cannot enlarge Telemetry history (0.0505ms)
✔ invalid numeric policy inputs fail closed (0.145166ms)
✔ Tier 登记 JSON 通过自身 JSON Schema 结构校验 (1.597167ms)
✔ 负向结构：非法 Tier、未知 Topic 键与缺失字段被 Schema 拒绝 (1.080959ms)
✔ x-decision-versions 引用 DEC-002 且版本与决策登记一致 (0.110875ms)
✔ 冻结值：Telemetry/Report/Tamper 为 AUDITED，Command 及其余为 STANDARD (0.24575ms)
✔ Tier 与 topic-catalog.json 的 payloadEnvelope 完全一致 (0.116667ms)
✔ Tier 与 11 个 MQTT Schema 的 audit 强制完全一致 (1.443792ms)
✔ 失败关闭：未知 Topic 拒绝并抛出稳定错误 (0.532666ms)
✔ Tier 条目消费者均为合法任务 ID 且覆盖 DEC-002 阻塞任务 (0.446667ms)
✔ 登记覆盖全部 11 个 Topic 且 TS 常量与 topic-tier.json 完全一致 (0.271791ms)
✔ catalog 恰好包含 8 个上行和 3 个下行 Topic (1.413459ms)
✔ 11 个 Topic 的方向与 QoS 矩阵全部符合契约 (0.233375ms)
✔ TS 常量与 topic-catalog.json 完全一致 (0.188416ms)
✔ 合法 Topic 可解析出 deviceId/type/direction (0.214916ms)
✔ buildTopic 与 parseTopic 往返一致 (0.205417ms)
✔ 未知层级和空 deviceId 被拒绝 (0.358167ms)
✔ buildTopic 拒绝空和非法 deviceId (0.166334ms)
✔ 权限模板：设备只能发布自身上行、只能订阅自身下行 (0.124375ms)
✔ 权限模板拒绝非法 deviceId (0.187667ms)
✔ 六个端点齐备且 CognitoJwt 认证；响应码齐备 (1.923167ms)
✔ 筛选参数齐备：severity/status/device/site/时间范围 + 游标分页 (0.135875ms)
✔ Schema 封闭：Alarm 处理字段（操作者/原因/时间）与 replayed 齐备；确认/清除强制 reason (0.155291ms)
✔ 所有 $ref 可解析（内部引用 + 同目录相对引用 openapi-base.json） (0.76ms)
✔ 端点齐备且 CognitoJwt 认证：列表 + 详情 (1.486958ms)
✔ 只读 API：不存在任何写路由（post/put/patch/delete） (0.098791ms)
✔ 筛选参数齐备（actor/Customer/对象/动作/结果/时间 + 游标分页）；响应不暴露敏感字段 (0.812917ms)
✔ 所有 $ref 可解析（内部引用 + openapi-base.json） (0.34625ms)
✔ 端点存在且 Cognito 认证；轮换请求视图为七字段且不含密钥材料 (1.19375ms)
✔ 所有 $ref 可解析（内部引用 + 同目录相对引用 openapi-base.json） (0.336083ms)
✔ 端点齐备且 CognitoJwt 认证；201 创建 + 200 幂等重放 + 409 冲突/状态门 (1.437666ms)
✔ 命令枚举与 CT-04 目录 22 个白名单一致；确认凭证与 timeoutSec 边界齐备 (0.188291ms)
✔ 响应 Schema 封闭且含 requestedBy/expiresAt/replayed/confirmedBy (0.15225ms)
✔ BE-CMD-03 查询端点齐备：列表/详情 + 状态枚举 + attempts/acks 时间线 (0.290625ms)
✔ 所有 $ref 可解析（内部引用 + 同目录相对引用 openapi-base.json） (0.713625ms)
✔ 七个端点齐备且 Cognito 认证；operationId 与响应码齐备 (0.924334ms)
✔ Schema 封闭：DEC-018 冻结 V1 四字段、单位、范围与默认值 (0.429084ms)
✔ 所有 $ref 可解析（内部引用 + 同目录相对引用 openapi-base.json） (0.346458ms)
✔ 列表与按需联系人端点齐备且 Cognito 认证；筛选参数齐备 (0.886625ms)
✔ Schema 封闭：两种耗材列恒在；列表零联系人 PII；按需联系人独立；百分比 0~100 (0.192833ms)
✔ 所有 $ref 可解析（内部引用 + 同目录相对引用 openapi-base.json） (0.9785ms)
✔ 六个端点齐备且 Cognito 认证；状态迁移强制 If-Match (2.11ms)
✔ Schema 封闭：四态枚举/source 固定 ADMIN/幂等 replayed/完整历史字段 (0.882542ms)
✔ 所有 $ref 可解析（内部引用 + 同目录相对引用 openapi-base.json） (0.65425ms)
✔ 八个端点齐备且 Cognito 认证；写操作强制 If-Match (1.333625ms)
✔ Schema 封闭：五态枚举/唯一编号/强制原因/派生状态/最小权限 contact (0.148958ms)
✔ 所有 $ref 可解析（内部引用 + 同目录相对引用 openapi-base.json） (0.480958ms)
✔ 五个端点齐备且 Cognito 认证；operationId 与响应码齐备 (1.281958ms)
✔ Schema 封闭：设备视图字段齐备/关联窗口/强制原因/批量语义 (0.713ms)
✔ 所有 $ref 可解析（内部引用 + 同目录相对引用 openapi-base.json） (0.481625ms)
✔ 六端点齐备且 Cognito 认证；写操作声明 If-Match；响应码齐备 (6.951708ms)
✔ Customer 视图六字段封闭；status 枚举 ACTIVE|SUSPENDED；请求体封闭 (2.2895ms)
✔ 所有 $ref 可解析（内部引用 + 同目录相对引用 openapi-base.json） (2.222ms)
✔ 端点齐备且 CognitoJwt 认证：仅 GET 总览（只读，无写路由） (1.4ms)
✔ 总览 DTO 齐备：Contract/设备分布/在线率/今日 ESG/最新告警/设备卡片；四轴分离不合并 (0.5575ms)
✔ 所有 $ref 可解析（内部引用 + openapi-base.json） (0.601291ms)
✔ 列表/详情端点存在且 Cognito 认证；筛选参数齐备；响应码齐备 (1.140792ms)
✔ Device 视图字段封闭（原型设备群表格字段均有来源）；证书仅摘要 (0.775042ms)
✔ BE-DEV-06 元数据 PATCH 端点：白名单仅 alias + If-Match 乐观锁 + 409 冲突语义 (0.156958ms)
✔ 所有 $ref 可解析（内部引用 + 同目录相对引用 openapi-base.json） (0.473417ms)
✔ 分配/历史端点齐备且 Cognito 认证；响应码齐备 (1.046917ms)
✔ DeviceAssignment 视图封闭：授权窗口（assignedAt/endedAt）+ 幂等/通知字段齐备 (0.170959ms)
✔ 所有 $ref 可解析（内部引用 + 同目录相对引用 openapi-base.json） (1.267333ms)
✔ 端点齐备且 CognitoJwt 认证：console/activities/export/导出详情 (1.278125ms)
✔ 四轴分离 + 数据块 observedAt/stale/单位；最新 Media 可选块稳定可空 (0.26125ms)
✔ 不透传 MQTT 原始消息、不含实时流/运维字段；所有 $ref 可解析 (0.88775ms)
✔ retire/force-complete 端点齐备且 Cognito 认证；响应码齐备 (0.898583ms)
✔ 请求体封闭：retire 强制原因 + confirm 恒 true；视图封闭且通知枚举正确 (0.097292ms)
✔ 所有 $ref 可解析（内部引用 + 同目录相对引用 openapi-base.json） (1.109ms)
✔ suspend/reactivate 端点齐备且 Cognito 认证；响应码齐备 (1.230167ms)
✔ 请求体封闭：挂起强制原因；恢复强制原因 + issueResolved 恒 true；通知枚举正确 (0.184834ms)
✔ 所有 $ref 可解析（内部引用 + 同目录相对引用 openapi-base.json） (0.824667ms)
✔ 七个端点齐备且 Cognito 认证；写操作强制 If-Match (2.525459ms)
✔ Schema 封闭：管理 DTO 无 PHC；写接口只受控接收 writeOnly password (4.868417ms)
✔ 所有 $ref 可解析（内部引用 + 同目录相对引用 openapi-base.json） (3.269708ms)
✔ 八个端点齐备且 CognitoJwt 认证；导出创建返回 202 (1.331ms)
✔ 查询筛选参数齐备（customerId/siteId/deviceId/时间范围 + 游标）；reports 含 reportType (0.206708ms)
✔ Schema 封闭：导出数据集枚举、短期 URL 过期字段、CSV 一致性字段 (0.188ms)
✔ 所有 $ref 可解析（内部引用 + 同目录相对引用 openapi-base.json） (0.612583ms)
✔ 八个端点齐备且 Cognito 认证；operationId 与响应码齐备 (2.224166ms)
✔ Schema 封闭：七态枚举/Entitlement 三码/签名字段/强制原因/幂等与派生字段 (0.164583ms)
✔ 所有 $ref 可解析（内部引用 + 同目录相对引用 openapi-base.json） (0.535375ms)
✔ 四个审批端点存在且使用 Cognito JWT 认证 (1.095541ms)
✔ approve/reject 强制 If-Match；reject 强制 reason (0.198958ms)
✔ 申请 DTO 不含 CSR 原文 (0.138375ms)
✔ 管理端明确暴露内部 TIMED_OUT，列表状态过滤为封闭枚举 (0.118042ms)
✔ 所有 $ref 可解析（内部引用 + 同目录相对引用 openapi-base.json） (0.413708ms)
✔ 端点齐备且 CognitoJwt 认证：创建/列表/详情/targets/扩大批次/pause/resume/cancel/retry (1.526625ms)
✔ 首批强制恰好 1 台；最终全量审批契约封闭；状态机枚举封闭 (0.109458ms)
✔ 视图封闭且不泄露内部字段；批次/重试结果结构稳定 (0.099541ms)
✔ 所有 $ref 可解析（内部引用 + 同目录相对引用 openapi-base.json） (0.476375ms)
✔ 端点齐备且 CognitoJwt 认证：上传会话/complete/列表/详情 (1.058792ms)
✔ packageType/sha256 与 CT-03 OTA Schema 一致；创建字段封闭且签名必填 (0.09775ms)
✔ 状态机封闭：UPLOADED/VERIFIED/RETIRED；可发布=VERIFIED；视图不泄露信任根 (0.10125ms)
✔ 所有 $ref 可解析（内部引用 + 同目录相对引用 openapi-base.json） (0.358833ms)
✔ 端点存在且 Cognito 认证；三端点（create/list/detail）响应码齐备 (1.457958ms)
✔ ReplayJob 视图七字段封闭；状态枚举与统计字段齐备；scope 封闭 (0.247333ms)
✔ 所有 $ref 可解析（内部引用 + 同目录相对引用 openapi-base.json） (0.822042ms)
✔ 端点齐备且 CognitoJwt 认证：列表/读取/更新（无删除与新建路由） (1.014959ms)
✔ 封闭 key 集与乐观锁版本控制；固定枚举不可经 API 改写 (0.693125ms)
✔ 所有 $ref 可解析（内部引用 + openapi-base.json） (0.228042ms)
✔ 六端点齐备且 Cognito 认证；写操作声明 If-Match；响应码齐备 (1.180292ms)
✔ Site 视图字段封闭（含 deviceCount/version）；status 枚举；请求体封闭且更新体不含 customerId (0.24025ms)
✔ 所有 $ref 可解析（内部引用 + 同目录相对引用 openapi-base.json） (0.68075ms)
✔ 端点齐备且 CognitoJwt 认证：列表/邀请/角色/scope/停用/密码重置 (1.662875ms)
✔ 角色封闭集与 DEC-012 映射；输入不含密码字段；响应不含凭证材料 (0.264292ms)
✔ 所有 $ref 可解析（内部引用 + openapi-base.json） (0.427917ms)
✔ 端点存在且使用 Device mTLS 认证 (1.145959ms)
✔ 轮换契约：请求强制 currentCertificateId；响应五字段；409/403/400/401 齐整 (0.205583ms)
✔ 状态契约为四态枚举且响应不含 PEM/私钥字段 (1.257542ms)
✔ 状态查询由 mTLS 身份定位证书，不增加源稿未定义的 deviceId Query (0.220334ms)
✔ 所有 $ref 可解析（内部引用 + 同目录相对引用 openapi-base.json） (0.786ms)
✔ deactivate 端点齐备且 DeviceMtls 认证；响应码齐备 (1.153417ms)
✔ 响应视图封闭：退役记录 + 证书摘要（无证书材料字段）；幂等字段齐备 (0.325042ms)
✔ 所有 $ref 可解析（内部引用 + 同目录相对引用 openapi-base.json） (0.377417ms)
✔ BE-ONB-01 端点存在且 CSR 首次申请无需预置 Token (1.917166ms)
✔ 请求体包含设备资料和必填 CSR (0.216334ms)
✔ 成功响应含 requestId 与 PENDING 状态（200 幂等重放 / 201 新建） (0.145125ms)
✔ 匿名申请负向响应覆盖稳定错误码语义：400/404/409/429/500 (0.140875ms)
✔ 所有 $ref 可解析（内部引用 + 同目录相对引用 openapi-base.json） (0.294167ms)
✔ BE-ONB-03 status 端点：requestId 与 CSR 私钥签名，三态响应不含设备私钥 (0.125375ms)
✔ BE-OTA-03 下载兑换必须使用 Device mTLS 且绑定 target/token (0.951542ms)
✔ 一次性兑换响应禁止缓存，并封闭安全失败状态 (0.115166ms)
✔ 六个设备 Endpoint 的 Method、Path 完整且认证方式符合 DEC-025 (1.224875ms)
✔ Onboarding 按 DEC-026 增加 chain 与 REST，保留顶层结构，不使用 data/meta 包裹 (0.258458ms)
✔ Certificate 与 Sync 关键字段遵循源稿日期、枚举、用户和配置结构 (0.200958ms)
✔ 管理端 License/Device 投影不把源稿 OTA entitlement 改名为 OTA_UPDATE (0.108625ms)
✔ 所有 REST OpenAPI 使用当前正式决策登记版本且无非法 SEC 决策引用 (11.905791ms)
✔ sync 端点齐备且 DeviceMtls 认证；响应码齐备 (0.973417ms)
✔ 请求体封闭：lastSyncTime 与可选许可证确认 (0.137ms)
✔ 快照顶层与源稿六域同形，兼容元数据不成为必填线协议 (0.322125ms)
✔ Retired 退役确认待处理设备仍可 Sync，契约不在认证层全局拒绝 (0.100666ms)
✔ 所有 $ref 可解析（内部引用 + 同目录相对引用 openapi-base.json） (0.338417ms)
✔ 许可证确认绑定版本与快照，规范验签输入保留完整UTC时间 (0.171708ms)
✔ 基座 SuccessResponse 结构：data + meta(requestId, UTC timestamp) (3.391917ms)
✔ 游标分页响应与往返解析 (0.306875ms)
✔ 非法游标返回 CURSOR_INVALID（400） (0.518959ms)
✔ limit 归一化：默认 50，范围 1~100 (0.214375ms)
✔ Idempotency-Key：缺失/非法被拒绝，合法值透传 (0.269542ms)
✔ If-Match 并发版本冲突返回确定的 409 (0.407833ms)
✔ 验证失败有确定响应（400 + VALIDATION_FAILED） (0.283792ms)
✔ 异常映射器不泄露堆栈、SQL 或 AWS 内部错误 (0.139334ms)
✔ 错误码目录、HTTP 状态映射与 OpenAPI ErrorCode 枚举三者一致 (0.336625ms)
✔ OpenAPI 基座结构有效：四个 API 分组与安全方案 (0.194916ms)
✔ OpenAPI 基座所有内部 $ref 均可解析（无悬空引用） (0.312708ms)
✔ 设备端：上传会话端点齐备且 DeviceMtls 认证；输入封闭；objectPath 由服务端签发 (1.32325ms)
✔ 管理端：列表/下载端点齐备且 CognitoJwt 认证；视图不泄露内部存储信息 (0.305291ms)
✔ Media 状态枚举封闭（AVAILABLE/DELETED）；配额/大小/TTL 引用 DEC-024 冻结值 (0.100667ms)
✔ 所有 $ref 可解析（内部引用 + openapi-base.json） (0.444375ms)
✔ 策略 JSON 通过自身 JSON Schema 结构校验 (3.897875ms)
✔ 负向结构：非法枚举、非空待冻结参数与缺失字段被 Schema 拒绝 (1.525958ms)
✔ x-decision-versions 引用 DEC-003 且版本与决策登记一致 (0.219167ms)
✔ 暂定值定性规则可执行：KMS 信封、一次性领取、成功即销毁、丢失重签 (0.741916ms)
✔ 冻结参数可直接执行：24 小时、一次成功领取、无待定参数 (0.262875ms)
✔ 策略消费者均为合法任务 ID 且覆盖 DEC-003 阻塞任务与 SEC-01 (0.302084ms)
✔ TS 常量与 certificate-package-policy.json 完全一致 (0.575625ms)
✔ 策略 JSON 通过自身 JSON Schema 结构校验 (1.515208ms)
✔ 负向结构：复用云端 Hash、非独立 salt 与非法字段被 Schema 拒绝 (0.71175ms)
✔ x-decision-versions 引用 DEC-004 且版本与决策登记一致 (0.066ms)
✔ 暂定值定性规则可执行：设备本地专用、禁复用云端 Hash、每用户 salt、仅 Sync 下发 (0.110417ms)
✔ 冻结参数可直接执行：Argon2id PHC、固定参数与长度 (0.080375ms)
✔ 策略消费者均为合法任务 ID 且覆盖 DEC-004 阻塞任务 (0.202542ms)
✔ TS 常量与 device-user-verifier-policy.json 完全一致 (0.117292ms)
✔ 策略 JSON 通过自身 JSON Schema 结构校验 (0.9975ms)
✔ 负向结构：跳过服务端验签、非失败关闭与内嵌信任根被 Schema 拒绝 (0.429ms)
✔ 暂定值定性规则可执行：服务端验签强制、失败关闭、载荷字段锁定、信任根带外分发 (0.144417ms)
✔ DEC-022 冻结算法、信任根类型、编码且无待定参数 (0.072666ms)
✔ DEC-022 固定 RSA/SHA-256 测试向量可复验 (0.794ms)
✔ 策略消费者均为合法任务 ID 且覆盖 BE-OTA-01 (0.126875ms)
✔ TS 常量与 ota-package-signature-policy.json 完全一致 (0.143292ms)
✔ 四类业务设置共享版本化 JSON Schema 与运行时校验器 (30.554ms)
ℹ tests 302
ℹ suites 0
ℹ pass 302
ℹ fail 0
ℹ cancelled 0
ℹ skipped 0
ℹ todo 0
ℹ duration_ms 963.547292

> food-digester-platform@0.0.0 test:scripts /Users/anray/Documents/project/hiddenjoyacom/food-digester-platform
> node --import tsx --test scripts/*.test.mjs

✔ bootstrap input is bound to the normalized email and never accepts a password (1.2525ms)
✔ successful bootstrap creates Cognito identity before committing linked database user (0.238834ms)
✔ non-pristine Cognito or database fails before any mutation (0.203084ms)
✔ database failure deletes Cognito identity and records compensated failure (0.429292ms)
✔ failed Cognito compensation keeps reconciliation required (0.186166ms)
✔ source approval requires exact SHA and packager embeds committed SHA (10040.54175ms)
✔ runner without approved source fails closed without leaking configuration (33.769917ms)
✔ serial and parallel repeated browser receipts are validated (3.734417ms)
✔ fail closed: missing required flow (0.408584ms)
✔ fail closed: skipped execution (0.271667ms)
✔ fail closed: flaky execution (0.1745ms)
✔ fail closed: retry hides failure (0.138625ms)
✔ fail closed: unexpected error (0.097042ms)
✔ fail closed: missing isolated trace (0.081166ms)
✔ fail closed: data prefix reused (34.292166ms)
✔ fail closed: context cleanup failed (0.232709ms)
✔ fail closed: unmocked network request (0.284667ms)
✔ fail closed: missing role proof (0.287542ms)
✔ fail closed: wrong route permission (0.36675ms)
✔ fail closed: Auditor OTA write enabled (0.336166ms)
✔ fail closed: missing MFA assertion (0.278833ms)
✔ fail closed: missing conflict response (0.274542ms)
✔ fail closed: missing forbidden response (0.150084ms)
✔ fail closed: missing repeat (0.069292ms)
✔ repeat traces cannot duplicate the first execution (0.168584ms)
✔ manifest exactly matches independent Playwright discovery (1066.733083ms)
✔ discovery fails closed: missing case (0.271375ms)
✔ discovery fails closed: extra case (0.094834ms)
✔ discovery fails closed: duplicate replacing required case (0.337958ms)
✔ old Viewer permission cannot pass the updated matrix (0.687041ms)
✔ required behavioral proof cannot be missing: QA-09 设备管理长别名和序列号在375px完整换行且不裁切 (0.174708ms)
✔ required behavioral proof cannot be missing: H-01 API 拒绝停用会话后清除浏览器会话并返回登录 (0.23975ms)
✔ required behavioral proof cannot be missing: M-01 CustomerViewer 从菜单查询设备用户详情，全部写入口隐藏 (0.142583ms)
✔ required behavioral proof cannot be missing: UI redesign: all business routes at 1366x768 (0.123292ms)
✔ required behavioral proof cannot be missing: UI redesign: all business routes at 1440x900 (1.586ms)
✔ required behavioral proof cannot be missing: UI redesign: all business routes at 1920x1080 (0.487542ms)
✔ required behavioral proof cannot be missing: QA05 login SRP MFA error success logout without persisting password (0.340459ms)
✔ required behavioral proof cannot be missing: QA05 ESG cursor totals export snapshot timezone and empty state (0.286375ms)
✔ required behavioral proof cannot be missing: QA05 Command dangerous confirmation terminal result and publish failure (0.266042ms)
✔ required behavioral proof cannot be missing: QA05 Media expiry renew 403 and audit read-only zero writes (0.292792ms)
✔ serial and repeated phases require all 108 independent prefixes (0.874375ms)
✔ phase budget accounts for startup, executions and worker slots, with a finite ceiling (0.118708ms)
✔ invalid phase budget rejected: repeat=0 workers=1 (0.079209ms)
✔ invalid phase budget rejected: repeat=1 workers=0 (0.050875ms)
✔ invalid phase budget rejected: repeat=0.5 workers=1 (0.046792ms)
✔ invalid phase budget rejected: repeat=1 workers=0.5 (0.092542ms)
✔ invalid phase budget rejected: repeat=Infinity workers=1 (0.444167ms)
✔ invalid phase budget rejected: repeat=1 workers=NaN (0.046ms)
✔ real child-process timeout is classified and cannot create a successful phase (52.00525ms)
✔ failed/killed process cannot pass: status=1 (0.054167ms)
✔ failed/killed process cannot pass: status=null (0.031208ms)
✔ spawn errors reject without disclosing raw process error details (0.18125ms)
✔ successful process may proceed to the strict report and trace validator (0.103625ms)
✔ 真实 OpenAPI 片段可确定性打包且无外部引用 (144.881333ms)
✔ bundle 新鲜度检查拒绝缺失或过期产物 (248.412666ms)
✔ 失败示例：非法 OpenAPI 版本与缺少 responses 被拒绝 (0.533ms)
✔ 失败示例：全局重复 operationId 被拒绝 (0.192417ms)
✔ 失败示例：非法 parameter 与 Schema 被拒绝 (0.267875ms)
✔ 仓库提交的统一 bundle 与当前片段一致 (43.762583ms)
✔ scoped Gate accepts the archived real-target receipt, without promoting full acceptance (29.209334ms)
✔ scoped Gate rejects missing role (44.236792ms)
✔ scoped Gate rejects wrong SHA (40.164875ms)
✔ scoped Gate rejects unverified Lambda (47.037708ms)
✔ scoped Gate rejects runtime drift (11.2555ms)
✔ scoped Gate rejects mocked API (11.943167ms)
✔ scoped Gate rejects empty tenant (68.036292ms)
✔ scoped Gate rejects cross-Customer list leak (12.4765ms)
✔ scoped Gate rejects Viewer mutation accepted (12.213667ms)
✔ scoped Gate rejects expired old Token (11.313834ms)
✔ scoped Gate rejects two duplicate successes (67.029417ms)
✔ scoped Gate rejects two optimistic successes (18.2175ms)
✔ scoped Gate rejects bundled Firefox (9.267417ms)
✔ scoped Gate rejects missing browser-role case (9.388083ms)
✔ scoped Gate rejects persisted edit belongs to another record (9.318625ms)
✔ scoped Gate rejects forbidden page rendered as business page (44.567125ms)
✔ scoped Gate rejects missing screenshot (2.484917ms)
✔ scoped Gate rejects cleanup duplicate hides missing ID (10.154666ms)
✔ scoped Gate rejects cleanup incomplete (9.776875ms)
✔ scoped Gate rejects private credentials retained (93.156916ms)
✔ scoped Gate rejects scope promoted (23.087042ms)
✔ 当前管理后台源代码满足入口与组合根交付约束 (27.246292ms)
✔ 缺少入口和构建产物时失败关闭 (0.901167ms)
✔ FE-06 至 FE-19 任一任务或路由从事实源缺失时失败关闭 (8.089167ms)
✔ FE-11 至 FE-15 任一任务、路由或页面标识缺失时失败关闭 (5.664084ms)
✔ FE-06 至 FE-15 任一控制器或 operationId 缺失时失败关闭 (4.693625ms)
✔ FE-11 至 FE-15 控制器或 operationId 缺失时失败关闭 (5.265792ms)
✔ FE-16 至 FE-19 任一任务、路由、控制器、页面标识或 operationId 缺失时失败关闭 (9.113666ms)
✔ App 移除显式页面分支时失败关闭 (5.074625ms)
✔ 完整目标回执覆盖双提交、隔离环境、五角色、七路由、五闭环与清理 (163.459458ms)
✔ 缺路由、角色、闭环或审计拒绝角色时失败关闭 (69.761041ms)
✔ mock、泄露、短链持久化、危险操作与只读写请求均失败关闭 (22.921ms)
✔ 缺失回执、双部署提交漂移、HEAD 不一致与未清理均失败关闭 (148.576292ms)
✔ 目标 Gate 是显式发布步骤且不进入普通 verify (0.582208ms)
✔ 完整回执覆盖双提交、隔离环境、五角色、五路由、四闭环、隐私、双语布局与清理 (147.479125ms)
✔ 缺路由、角色、闭环、locale 或 viewport 时失败关闭 (150.301375ms)
✔ mock、权限、并发、泄露或布局不合格时失败关闭 (71.102875ms)
✔ 缺失回执、双部署提交漂移、HEAD 不一致与未清理均失败关闭 (44.980041ms)
✔ 目标 Gate 是显式发布步骤且不进入普通 verify (0.591875ms)
✔ 完整路由、五角色、五业务闭环、租户、并发、敏感字段与清理回执通过 (1.456583ms)
✔ 缺路由、角色或业务闭环时失败关闭 (0.231ms)
✔ Cognito、部署 API、跨租户、并发与敏感字段证据不满足约束时失败关闭 (0.203208ms)
✔ 缺失回执、部署提交或 sourceCommit 不一致时失败关闭 (0.892208ms)
✔ 完整的 58 API、五角色、并发、ESG 与清理目标 AWS 回执通过 (3.883875ms)
✔ 58 个回执 operationId 与九份正式业务 OpenAPI 精确一致 (11.237708ms)
✔ API 缺项、角色缺项与跨 Customer 放行均失败关闭 (1.894666ms)
✔ 并发或 ESG 证据不满足生产约束时失败关闭 (1.731542ms)
✔ 缺失回执与 sourceCommit 不匹配均失败关闭 (1.633709ms)
✔ 完整覆盖 25 API、五角色、竞态、退役与导出的隔离 AWS 回执通过 (1.662084ms)
✔ 缺 operation、跨租户放行、竞态双成功、证书未失活与 MQTT/S3 缺口均失败关闭 (0.547792ms)
✔ operation 成功状态与负向状态集合不完整时失败关闭 (0.281209ms)
✔ 回执缺失、非法 JSON 或 sourceCommit 不一致时独立发布 Gate 失败 (1.79225ms)
✔ 完整 Archive、Replay、Summary 目标 AWS 回执通过 (1.111792ms)
✔ 缺探针、重复归档、Replay 复制业务行和空 Summary 均失败关闭 (0.37025ms)
✔ 缺少回执或提交不一致时独立 Gate 失败 (0.737584ms)
✔ 完整隔离 AWS 回执覆盖 8 Topic、负向路径、QA-03 与清理时通过 (1.413959ms)
✔ 缺 Topic、未知 Topic 命中、Error Action 未恢复和原文漂移均失败关闭 (0.299542ms)
✔ 未提供目标 AWS 回执时独立发布 Gate 明确失败 (0.914208ms)
✔ 回执必须对应待发布的精确 Git 提交 (0.579084ms)
✔ 完整的 15 API、角色、Cognito、并发、S3、Dashboard、审计与清理回执通过 (1.682834ms)
✔ 15 个 operationId 与六份正式 OpenAPI 精确一致 (1.037708ms)
✔ API、角色、租户或安全/并发探针缺口均失败关闭 (0.256666ms)
✔ 缺失回执与 sourceCommit 不匹配均失败关闭 (1.405709ms)
✔ 干净的依赖图通过检查 (3.266792ms)
✔ 共享包反向依赖 apps 被识别为边界违规 (1.701375ms)
✔ contracts 反向依赖 apps 被识别为边界违规 (1.571291ms)
✔ apps 之间互相依赖被识别为边界违规 (0.952875ms)
✔ 工作区循环依赖被检出 (1.249375ms)
✔ 非工作区依赖（外部 npm 包）不参与检查 (28.294417ms)
✔ 当前仓库通过边界与循环依赖检查 (1.75625ms)
✔ CDK WARNING 与规则校验编号会触发 Gate (0.956833ms)
✔ 正常 synth 输出不会误报 (0.507042ms)
✔ 已交付 Lambda 缺失或回退到内联 501 占位时 Gate 失败 (0.256166ms)
✔ 已交付 Lambda 使用 S3 asset 时 Gate 通过 (0.151833ms)
✔ CMD/OTA 生产接线 Gate 对 Worker/调度任一缺失均失败关闭 (0.308791ms)
✔ CMD/OTA 生产接线 Gate 对 IoT/S3/KMS 权限缺失失败关闭 (14.994083ms)
✔ 真实登记文件：结构校验通过，并准确识别当前未决 DEC (3.380083ms)
✔ 真实契约版本文件：decisionRegisterVersion 与登记一致 (0.951333ms)
✔ 契约版本不一致被拒绝 (0.521083ms)
✔ 重复决策 ID 被拒绝（已知冲突必须有唯一决策 ID） (0.294708ms)
✔ 原则与决策之间 ID 也全局唯一 (0.198416ms)
✔ pending 决策携带批准人被拒绝 (0.148958ms)
✔ frozen 决策必须有批准人、批准时间和 >=1.0.0 版本 (0.218625ms)
✔ blockingTasks 为空或格式非法被拒绝 (0.113375ms)
✔ history 必须非空且末条版本与条目版本一致 (0.085ms)
✔ 非 UTC 时间戳被拒绝 (0.145292ms)
✔ CLI validate 模式：真实文件退出码 0 且输出实际未决数；--fail-on-pending 按实际未决数返回 (1.719917ms)
✔ CLI：结构错误退出码 1 (1.406375ms)
✔ 追溯校验：合法 x-decision-versions 引用通过（Schema 可追溯到决策版本） (12.340875ms)
✔ 追溯校验：不存在的决策 ID 被拒绝 (4.981083ms)
✔ 追溯校验：引用版本与登记版本不一致被拒绝 (3.150333ms)
✔ 追溯校验：缺少 x-decision-versions 或格式非法被拒绝 (2.368042ms)
✔ 追溯校验：嵌套在 OpenAPI info 下的 x-decision-versions 可被递归发现 (1.149792ms)
✔ 已交付 API（含管理后台 P1）的 129 个 OpenAPI operation 与生产路由双向一致 (10.448542ms)
✔ 版本化已交付清单缺失、重复或引用不存在文件时失败关闭 (1.628291ms)
✔ 缺失、额外、重复及 method/path 漂移均失败关闭 (0.477ms)
✔ CMD/OTA 治理 Gate 校验四份 REST 契约及 DEC-022/023 冻结状态 (5.356ms)
✔ 有效链接、无易漂移计数且工具链配对正确时通过 (2.402875ms)
✔ 损坏的仓库内 Markdown 链接被拒绝 (1.164292ms)
✔ 陈旧测试计数或不兼容工具链声明被拒绝 (0.973125ms)
✔ 当前仓库 ENG/DB/DOM 与 IAC/AUTH/SEC 任务文档证据一致 (38.90975ms)
✔ BE-IOT-01～08 文档全部纳入默认链接与证据门禁 (0.176ms)
✔ BE-ARC/RPL/ESG 四份文档及 P2 回归纳入默认证据门禁 (0.083ms)
✔ 11 份管理后台业务文档全部纳入默认链接与证据门禁 (0.055292ms)
✔ BE-MED/RBAC/AUD/DASH/SET 五份文档纳入状态与 AWS 证据门禁 (0.045834ms)
✔ FE-06～FE-10 五份前端文档纳入四层状态与目标回执门禁 (0.048709ms)
✔ FE-11～FE-15 五份前端文档纳入四层状态与独立目标回执门禁 (0.099958ms)
✔ 前端任务文档拒绝缺层级、问题责任字段、目标 Gate 和 P1 陈旧描述 (0.08925ms)
✔ FE-11～FE-15 文档拒绝旧缺陷、任务级勾选及旧目标 Gate (0.060375ms)
✔ BE-MED/RBAC/AUD/DASH/SET 文档拒绝缺状态层、陈旧参数和设置生效误述 (0.051125ms)
✔ 管理后台业务文档拒绝缺证据引用和陈旧决策或部署说法 (0.049333ms)
✔ BE-ARC/RPL/ESG 文档拒绝缺审计快照和生产接线边界外旧说法 (0.14ms)
✔ BE-IOT 文档拒绝缺少审计快照、Report P2002 与 Media 另路由旧说法 (0.152709ms)
✔ BE-IOT 严格负向探针必须保留为可定位的永久回归 (1.043709ms)
✔ 安全任务文档拒绝历史计数、缺少 verify 命令与陈旧 DEC-012 状态 (0.07025ms)
✔ 安全任务文档接受当前命令、审计快照引用与 frozen 决策 (0.038417ms)
✔ 当前仓库（DB-01 已落地）Migration 结构通过 (11.613792ms)
✔ schema.prisma 未落地时跳过并通过（骨架期行为） (0.352334ms)
✔ 失败示例：Schema 已存在但无任何 Migration（未提交 Migration） (0.680125ms)
✔ 失败示例：migrations/ 为空且缺少 migration_lock.toml (1.350709ms)
✔ 失败示例：Migration 目录名非法与空 migration.sql (2.136208ms)
✔ 合法 Migration 结构通过 (22.279ms)
✔ 失败示例：已有旧 Migration 但 Schema 已变化且未登记快照 (1.567417ms)
✔ 真实矩阵通过完整性检查 (3.432916ms)
✔ 真实引用集合：41 个矩阵 API 与 13 个 routeId 全部可解析 (0.60675ms)
✔ index19.html 源清单：9 个菜单、12 个页面、128 个元素与矩阵双向覆盖 (0.729959ms)
✔ 真实矩阵：9 菜单、12 页面、每项均有处置结论 (0.672334ms)
✔ 被拒绝的实时流、明文密码、状态混用不携带实现任务 (0.6075ms)
✔ 矩阵的 x-decision-versions 可追溯到决策登记（DEC-007~012） (1.728125ms)
✔ 缺少菜单或页面被拒绝 (0.370709ms)
✔ 重复元素 ID 被拒绝 (0.133125ms)
✔ Adapt/Reject 缺少依据被拒绝 (0.162167ms)
✔ Adopt/Adapt 生产字段缺少 API 来源被拒绝 (0.181917ms)
✔ rejectCategory 项非 Reject 或携带实现任务被拒绝 (0.312791ms)
✔ 未知角色被拒绝（R7） (0.218417ms)
✔ 格式合法但不存在的 operationId、routeId 与响应字段被拒绝 (1.872917ms)
✔ planned operation 的任务归属漂移被拒绝 (0.672167ms)
✔ 源清单与矩阵任一侧删除元素均被双向覆盖检查拒绝 (2.720209ms)
✔ index19.html 内容变化但未重新盘点源清单时失败关闭 (3.054542ms)
✔ 重复 operationId 与 routeId 被引用索引拒绝 (1.907125ms)
✔ CLI：真实矩阵退出码 0，违规矩阵退出码 1 (61.8895ms)
✔ remaining scope cannot replace full core, Active acceptance or failed cleanups (0.815083ms)
✔ 当前仓库全部 Schema、OpenAPI 片段与统一 bundle 通过引用校验 (312.629625ms)
✔ 失败示例：悬空内部 $ref 被拒绝 (0.832209ms)
✔ 失败示例：同目录相对 $ref 目标文件不存在被拒绝 (3.45125ms)
✔ 失败示例：JSON 语法损坏的 Schema 被拒绝 (1.762458ms)
✔ 失败示例：JSON Schema 2020-12 非法 type 被元 Schema 拒绝 (0.927292ms)
✔ 失败示例：OpenAPI 基座缺少 paths 被拒绝 (0.902666ms)
✔ 同目录相对 $ref 可解析时通过 (0.778917ms)
✔ 失败示例：PEM 私钥块被检出 (1.006667ms)
✔ 失败示例：AWS Access Key ID 被检出 (0.168458ms)
✔ 失败示例：GitHub 令牌被检出 (0.148375ms)
✔ 失败示例：Slack 令牌被检出 (0.097917ms)
✔ 正常内容不误报 (0.515833ms)
✔ 失败示例：未跟踪且未忽略文件中的私钥也被扫描 (50.909083ms)
✔ 当前仓库通过敏感信息扫描 (3860.5355ms)
✔ 生产源码直接 console 与 raw trace API 均被拒绝 (1.824791ms)
✔ 测试目录可使用 console，生产统一 logger 允许 (1.991625ms)
✔ 当前仓库生产源码通过 sink 门禁 (123.52025ms)
✔ QA-02 MQTT heartbeat: all valid/invalid fixtures, missing meta and type mutation (11.348291ms)
✔ QA-02 MQTT telemetry: all valid/invalid fixtures, missing meta and type mutation (2.894708ms)
✔ QA-02 MQTT report: all valid/invalid fixtures, missing meta and type mutation (3.538917ms)
✔ QA-02 MQTT alarm: all valid/invalid fixtures, missing meta and type mutation (2.812667ms)
✔ QA-02 MQTT event: all valid/invalid fixtures, missing meta and type mutation (2.986583ms)
✔ QA-02 MQTT ack: all valid/invalid fixtures, missing meta and type mutation (6.214334ms)
✔ QA-02 MQTT tamper: all valid/invalid fixtures, missing meta and type mutation (4.458583ms)
✔ QA-02 MQTT media: all valid/invalid fixtures, missing meta and type mutation (1.23ms)
✔ QA-02 MQTT cmd: all valid/invalid fixtures, missing meta and type mutation (1.3105ms)
✔ QA-02 MQTT ota: all valid/invalid fixtures, missing meta and type mutation (1.306542ms)
✔ QA-02 MQTT notification: all valid/invalid fixtures, missing meta and type mutation (1.073875ms)
✔ MQTT semantic hash, discriminator and UTC calendar errors fail closed (1.198542ms)
✔ full REST response: field deletion/type mutation/envelope/date/errors/status/headers are enforced (3.447375ms)
✔ REST request validation: required body/path/query/header, optional Sync, bodyless Deactivate, no type coercion in JSON (5.954375ms)
✔ all device operations and declared response JSON Schemas compile; stable error catalog has no duplicates (27.347625ms)
✔ predecessor MQTT is compatible; known REST break requires exact version and frozen DEC approvals (79.429042ms)
✔ breaking contract mutations fail: removing fields/operations/status, changing type/required/security (216.062375ms)
✔ receipt coverage gate fails closed for missing operations/statuses, no valid request and forged records (0.825542ms)
✔ archived CSR upgrade mapping still verifies original baselines without rewriting history (4.892916ms)
✔ QA04 coverage Gate accepts complete matrix and proofs (3.288ms)
✔ QA04 coverage Gate rejects missing domain (1.40975ms)
✔ QA04 coverage Gate rejects no negative path (0.232583ms)
✔ QA04 coverage Gate rejects untrusted handler (0.206625ms)
✔ QA04 coverage Gate rejects missing role (4.268833ms)
✔ QA04 coverage Gate rejects cross-tenant leak (0.379375ms)
✔ QA04 coverage Gate rejects two write winners (0.77725ms)
✔ QA04 coverage Gate rejects duplicate audit (0.846625ms)
✔ QA04 coverage Gate rejects rollback missing (0.272042ms)
✔ QA04 coverage Gate rejects unclean resource (0.453334ms)
✔ QA04 coverage Gate rejects reused isolation (0.203458ms)
✔ QA04 coverage Gate rejects no observed replay (0.185042ms)
✔ QA04 required acceptance cases are enforced (0.998875ms)
✔ QA04 skipped assertion fails execution Gate (0.127917ms)
✔ QA04 removed state-machine assertion fails coverage Gate (1.253833ms)
✔ migration source requires exact approved commit (0.746542ms)
✔ migration connection requires complete secret and verified TLS; special credentials are encoded (0.305667ms)
✔ database verification derives every mapped Prisma table (0.555541ms)
✔ runner without approved source fails without reporting credentials or driver details (51.1625ms)
✔ source packager archives committed tree, includes exact SHA and refuses overwriting ZIP (9448.55625ms)
✔ local TLS broker: 10 independent certificate sessions, QoS1, downlinks, reconnect and broker ACL rejection (1361.222166ms)
✔ 10 concurrent sessions: all topics, exact 5% duplicates / 2% delayed telemetry, replay and isolated bad Schema (302.966875ms)
✔ cross-device publish, subscribe, receive and wildcard denied (0.464ms)
✔ invalid configuration, OTA transitions and test credential gate fail closed (0.586125ms)
✔ scripted failed command, missing target mapping and illegal downlink do not generate mixed ACK (0.253708ms)
✔ all sessions close when one transport fails; no successful receipt (282.274209ms)
✔ MQTT adapter rejects SUBACK denial and connection failures (0.407292ms)
✔ CLI creates offline receipt and refuses ungated mqtts before reading credential paths (645.992917ms)
✔ CDK wrapper accepts synth/diff and requires explicit deploy stack (1.575666ms)
✔ CDK wrapper builds the whole workspace and fails closed on build errors (0.355333ms)
✔ CDK wrapper uses local SSO but requires OIDC credentials in GitHub Actions (0.196208ms)
✔ QA03 Gate accepts complete local integration receipt (1.223209ms)
✔ QA03 Gate rejects missing scenario (0.198333ms)
✔ QA03 Gate rejects unclean resources (0.124666ms)
✔ QA03 Gate rejects reused isolation prefix (0.217333ms)
✔ QA03 Gate rejects lost message (0.162292ms)
✔ QA03 Gate rejects duplicate business record (0.20925ms)
✔ QA03 Gate rejects missing raw proof (0.725709ms)
✔ QA03 Gate rejects missing fault probe (0.280542ms)
✔ receipt covers all 128 decisions in two viewports (3.327083ms)
✔ fail closed: missing page (0.487917ms)
✔ fail closed: skipped case (0.945084ms)
✔ fail closed: flaky success (0.294ms)
✔ fail closed: retry (0.773708ms)
✔ fail closed: unexpected external network (0.529958ms)
✔ fail closed: fixture collision (0.512958ms)
✔ fail closed: missing cleanup (0.497209ms)
✔ fail closed: updated baseline masquerades as regression (0.483958ms)
✔ fail closed: missing group (0.645667ms)
✔ fail closed: duplicate group (0.702458ms)
✔ fail closed: missing rejection assertion (0.376792ms)
✔ fail closed: missing menu (0.281458ms)
✔ fail closed: missing behavior guard (0.503708ms)
✔ fail closed: wrong viewport (0.206833ms)
✔ fail closed: snapshot hash mismatch (0.331083ms)
✔ binding omission, duplication and reject implementation fail closed (10.492583ms)
✔ actual config guard accepts R0/R1 and final false restore without declaring business/P95 (1.181833ms)
✔ config rejects accountReadCandidate drift (0.255209ms)
✔ config rejects pool drift (0.103625ms)
✔ config rejects memory drift (0.095458ms)
✔ config rejects preconnect drift (0.104458ms)
✔ config rejects engineCpu drift (0.197583ms)
✔ config rejects envName drift (0.101ms)
✔ config rejects revisionId drift (0.162166ms)
✔ config rejects codeSha256 drift (0.47225ms)
✔ config rejects state drift (0.169917ms)
✔ config rejects architecture drift (0.181625ms)
✔ config rejects source, inventory and concurrency drift (0.183625ms)
✔ real gzip bytes bind exact own devices, raw outbox hash and canonical published hash (8.54875ms)
✔ scope expansion, unknown customer/device, modified bytes and missing archive fail closed (2.750875ms)
✔ IoT normalized raw body binds outbox bytes while original publication binds canonical payload (2.591041ms)
✔ quick MQTT profile requires exact additional telemetry ledger and cannot waive missing archives (3.999083ms)
✔ archive deadline uses actual S3 modification times and cannot green an eventual late archive (2.521792ms)
✔ redelivery rejects foreign archives, unbounded inventories and unbound certificates before AWS operations (1.991125ms)
✔ C1 waits for both branches then independent query/checkout; C0 refuses candidate signal; warm absent is null (5.131083ms)
✔ preconnect proof rejects missing (0.110417ms)
✔ preconnect proof rejects duplicate (0.063083ms)
✔ preconnect proof rejects failed (0.065042ms)
✔ preconnect proof rejects foreign (0.133292ms)
✔ preconnect proof rejects bad timestamp (0.118417ms)
✔ preconnect proof rejects dispatch instead of settlement (0.166833ms)
✔ preconnect proof rejects not connection wait (0.190875ms)
✔ preconnect proof rejects query before preparation (0.136125ms)
✔ preconnect proof rejects checkout steals readiness (0.62025ms)
✔ preconnect proof rejects outside hook (0.071292ms)
✔ preconnect proof rejects invalid duration (0.052875ms)
✔ preconnect proof rejects orphan (0.047667ms)
✔ preconnect proof rejects consistently empty invocation identities (0.658708ms)
✔ nominal 30x profile cannot conceal a slower real publish window (8.5465ms)
✔ version proof requires CI deploy Amplify exact commit and 19 distinct verified artifact bytes (0.5205ms)
✔ own-fixture fault grant rejects shared changes and unknown faults while retaining deployment boundary (0.159292ms)
✔ database proof rejects foreign build, source, role and nonzero cleanup instead of trusting child PASS (0.551417ms)
✔ target gates reject missing finish cleanup required case and foreign device before live calls (0.90975ms)
✔ business cleanup preserves outside rows, rejects baseline drift and deletes own dependent rows atomically (4183.853208ms)
✔ fault injection rejects missing authorization and foreign export identity without mutation (0.829708ms)
✔ assertion-only validation cannot stand in for cleanup or whole target acceptance (0.16075ms)
✔ nonActive scope cannot enter the full wave that contains Active dependent probes (1.578125ms)
✔ foundation mode cannot be mistaken for full core or browser acceptance (0.114292ms)
✔ complete intermediate/root chain matches truststore and private key (34.87ms)
✔ missing root is distinguished from valid signing certificate and key (4.201875ms)
✔ wrong parent, expired chain and wrong private key fail independently (161.01125ms)
✔ oversized worker chain, malformed values and arbitrary canaries never leak (41.352333ms)
✔ receipt gate accepts completed diagnostic with invalid chain, rejects data leak and missing cleanup (6.566458ms)
✔ approved exact Worker, Secret, KMS and original expiry scope is accepted (2.013209ms)
✔ removing role condition, wildcard Secret or extended expiry is rejected (0.343875ms)
✔ unrestricted KMS, different context or extra secret permissions are rejected (0.160042ms)
✔ repair gate requires retained versions, exact output binding and all cleanup (4.314666ms)
✔ only root field changes, original version remains immutable and AWSPREVIOUS (6.139875ms)
✔ baseline drift prevents all writes (0.112417ms)
✔ wrong fixed root prevents all writes (0.330917ms)
✔ unknown put outcome recovers immutable token without a second put (1.215417ms)
✔ candidate mutation fails before promotion (0.33ms)
✔ concurrent current movement after candidate write is preserved (0.587375ms)
✔ unknown promotion response is recovered from current stages (0.872667ms)
✔ post-promotion failed readback rolls back only the known current candidate (0.919625ms)
✔ invalid version token rejects before accessing any secret (0.301334ms)
✔ rollback refuses to overwrite a concurrent foreign current version (0.761959ms)
✔ unknown AWS errors are returned as fixed codes without secret exception text (0.093791ms)
✔ successful promotion waits for metadata visibility without repeating stage writes (0.95075ms)
✔ existing current candidate is verified using read-only store without new versions or stage writes (0.805417ms)
✔ read-only recovery rejects changed fields without rolling back an existing current version (0.273125ms)
✔ capacity planning includes operational and rotation idle overlap and rejects naive concurrency increase (8.279292ms)
✔ partition preserves 722ms without treating CPU as exclusive scheduling or compiler time (2.3765ms)
✔ split rejects missing setup (0.254083ms)
✔ split rejects setup gap (0.347ms)
✔ split rejects setup wrong boundary (0.143333ms)
✔ split rejects missing (0.084792ms)
✔ split rejects duplicate (0.0565ms)
✔ split rejects foreign (0.053167ms)
✔ split rejects invalid CPU (0.051666ms)
✔ split rejects no CPU (0.193708ms)
✔ split rejects wrong boundary (0.139875ms)
✔ split rejects failed (0.818375ms)
✔ split rejects gap (0.242708ms)
✔ split rejects overlap (0.252417ms)
✔ split rejects fake duration (0.135167ms)
✔ split rejects connection claim (0.097083ms)
✔ target observer setup gap remains rejected: 737ms/17ms (0.140166ms)
✔ target observer setup gap remains rejected: 498ms/18ms (0.035458ms)
✔ target observer setup gap remains rejected: 40ms/20ms (0.140834ms)
✔ explicit setup covers 17ms without shifting original entrance (0.086416ms)
✔ explicit setup covers 18ms without shifting original entrance (0.092042ms)
✔ explicit setup covers 20ms without shifting original entrance (0.050958ms)
✔ range reads keep the original default and permit bounded slow-link retry (0.646042ms)
✔ range reads reject unbounded, ambiguous and below-default timeouts (0.513625ms)
✔ read-only asset concurrency stays bounded independently of DB/API capacity (0.304375ms)
✔ cold sampler collector binds exact own REPORT and safe client metrics: patch (96.944167ms)
✔ cold sampler collector binds exact own REPORT and safe client metrics: audit (86.986584ms)
✔ two batches preserve six own contracts, six winners/conflicts and audits with a hard concurrency/request bound (112.163083ms)
✔ unknown write drains siblings and waits for Lambda quiescence without retry or false PASS (16.217042ms)
✔ audit drift fails closed: audit-id (11.119125ms)
✔ audit drift fails closed: foreign-list (15.195042ms)
✔ foreign context, missing baseline or excess batches fail before any dispatch/receipt (1.329ms)
✔ sampling correlation ledger rejects foreign or missing HTTP rows even with a valid business result (47.228333ms)
✔ DLQ scope requires closed ledger, 20 exact IDs and fresh empty database proof (1.734542ms)
✔ one-shot worker deletes only exact retired pointers, restores unknown visibility, and exports no bodies or handles (4.145042ms)
✔ six exact request/time/status/extended/Lambda links pass without saving unrelated fields or requests (145.421167ms)
✔ correlation refuses complete proof for time (70.449875ms)
✔ correlation refuses complete proof for lambda-id (71.422708ms)
✔ correlation refuses complete proof for duplicate (66.632209ms)
✔ correlation refuses complete proof for missing-http (71.938708ms)
✔ audit GET binds list/detail operation and timeout UUID without claiming client success (256.11875ms)
✔ phase proof covers success, conditional conflict and all audit reads without declaring latency/cleanup acceptance (2.341875ms)
✔ cold 409 gate requires matching cold phase flags and successful runtime initialization (3.040875ms)
✔ new account gate requires nested hook, Prisma query, first driver query and checkout on every request (0.410791ms)
✔ account gate rejects missing (0.471917ms)
✔ account gate rejects duplicate (0.996875ms)
✔ account gate rejects failure (1.277ms)
✔ account gate rejects wait-boundary (1.73025ms)
✔ account gate rejects timestamp (5.096917ms)
✔ account gate rejects outside-hook (0.72ms)
✔ phase proof rejects foreign-invocation (2.67375ms)
✔ phase proof rejects missing-transaction (1.278833ms)
✔ phase proof rejects conflict-code (0.751041ms)
✔ phase proof rejects missing-http (4.61925ms)
✔ phase proof rejects other-run (1.539375ms)
✔ bounded sampler requires physical Init Duration as well as application cold phases and retains client metrics (7.061709ms)
✔ bounded sampler rejects foreign-report (10.669083ms)
✔ bounded sampler rejects duplicate-report (1.619416ms)
✔ bounded sampler rejects no-socket-metrics (0.555084ms)
✔ bounded sampler rejects missing-body (1.027459ms)
✔ bounded sampler rejects over-budget (0.526542ms)
✔ bounded sampler rejects missing-audit (0.467791ms)
✔ client preparation requires actual dispatch, cold adapter suffix and leaves warm adapter timings absent (8.475083ms)
✔ client preparation rejects missing prepare (0.696541ms)
✔ client preparation rejects settlement is not driver dispatch (5.474583ms)
✔ client preparation rejects preparation after driver start (0.421667ms)
✔ client preparation rejects cold missing suffix (2.579125ms)
✔ client preparation rejects suffix outside preparation (1.939834ms)
✔ client preparation rejects wrong invocation (1.348292ms)
✔ client preparation cannot bypass account phase checks (0.443583ms)
✔ engine CPU mode proves preparation before model, preserves driver boundary and refuses old lazy ownership (19.271417ms)
✔ runtime assembly opt-in preserves both engine ownership modes and rejects old partial runtime receipts (6.691709ms)
✔ parent phase Gate requires engine/runtime and C1 settlement before queries; C0 refuses candidate phases (6.710917ms)
✔ success audits bind precisely and conflicts never have a success audit (0.703083ms)
✔ audit proof rejects duplicate (0.376583ms)
✔ audit proof rejects wrong-version (0.230167ms)
✔ audit proof rejects conflict-success (0.203208ms)
✔ Gateway overlap cannot conceal serialized Lambda executions (0.590792ms)
✔ three races accept either winner, bind every successful write to audit and advance once per version (17.120333ms)
✔ early failure still drains the late sibling before readback and never retries or reports PASS (3.703333ms)
✔ race fails closed for double-winner (4.399416ms)
✔ race fails closed for gateway-id (4.556292ms)
✔ race fails closed for audit-id (12.045ms)
✔ foreign context fails before dispatch or receipt writes (0.542791ms)
✔ historical read scope rejects any resource outside the exact sealed old contract before live calls (0.1215ms)
✔ read-only completion accepts only all six settled exact successful PATCH receipts (1.558625ms)
✔ cleanup/completion guard rejects unknown-write (0.400125ms)
✔ cleanup/completion guard rejects foreign-site (0.145916ms)
✔ cleanup/completion guard rejects wrong-account (0.167459ms)
✔ cleanup/completion guard rejects unfinished (0.180125ms)
✔ cleanup/completion guard rejects gateway-id (0.185166ms)
✔ log projection redacts payload/error details and rejects unrecognized events (0.917417ms)
✔ serialized AWS log projection preserves closed event names through the 20-sequence Gate (2.681959ms)
✔ specific redelivery needs matching SQS ID, final disposition and durable duplicate receipt (0.146084ms)
✔ 20 sequence stage Gate rejects incomplete coverage and unrelated device evidence (3.076334ms)
✔ completed Build result tolerates delayed/truncated CloudWatch visibility and transient read failure without rerunning SQL (0.87575ms)
✔ wrong/multiple/failed frames and AccessDenied reject immediately, absent result fails closed after bounded reads (0.841792ms)
✔ expired SSO is a terminal authentication condition, never a transient log retry (0.124625ms)
✔ CloudWatch 250000-character fragments reassemble exact source-bound metadata without accepting truncation or another frame (15.764625ms)
✔ large fixture observations round-trip through bounded gzip without losing metadata (41.041375ms)
✔ compressed fixture frames reject corruption, noncanonical data and decompression bombs (61.616333ms)
✔ compressed metadata still requires the exact expected source/build/action binding (92.642583ms)
✔ fixed manifest rejects unsafe SQL identifiers, missing hash and duplicates (1.270417ms)
✔ migration comparison distinguishes missing, tampered, unfinished and rolled-back migrations (0.364ms)
✔ snapshot uses repeatable read/read only, timeouts, fixed SELECTs and always rolls back (0.715291ms)
✔ writable transaction rejected before business queries and rolled back (0.50725ms)
✔ query failure rolls back instead of yielding partial PASS (0.381541ms)
✔ dedicated query project never changes migration project or passes StartBuild overrides (36.360708ms)
✔ legacy onboarding rows without CSR columns require reconciliation before migration (0.342417ms)
✔ query success preserves real migration BLOCKED instead of promoting readiness (0.965167ms)
✔ wrong build, writable transaction, unbound hash and fabricated migration PASS rejected (0.567542ms)
✔ missing table count cannot become complete SQL evidence (1.053041ms)
✔ explicit manual false overrides repository true and preserves capacity/immediate context (1.507458ms)
✔ manual deployment rejects branch/SHA, missing mode, phase drift and unsupported events before cloud work (0.57425ms)
✔ push keeps existing resolved defaults but cannot ignore explicit invalid input (0.116ms)
✔ input pair gate never implies target acceptance and rejects SHA/config/context/duplicate run drift (0.328042ms)
✔ workflow records input receipt before verification/AWS and never interpolates manual input into shell (0.631916ms)
✔ C0/C1 same SHA and engine=true differ only preconnect; push cannot turn candidate on (0.6855ms)
✔ R0/R1 input pair binds same SHA and budget, differs only account read; push always off (2.076125ms)
✔ entity merge requires actual decisions on both viewports, scoped devices, versions and cleanup (1.430125ms)
✔ certificate merge cannot use review-only parent to claim real dual-channel certificate entity (0.201167ms)
✔ request UUID is durable before a single dispatch and credentials never enter receipts (17.433958ms)
✔ failed AWAIT_HEADERS preserves correlation without retry (0.637833ms)
✔ failed READ_BODY preserves correlation without retry (0.142542ms)
✔ malformed JSON cannot become a successful HTTP receipt (0.201125ms)
✔ socket events split DNS/TCP/TLS; receipts contain no URL, authorization or socket details (1.654ms)
✔ real delayed body is measured separately; a reused connection has absent DNS/TCP/TLS, not invented zeros (293.5255ms)
✔ total deadline aborts an unfinished response body; no complete-body receipt or retry (15.950167ms)
✔ injected fetch cannot masquerade as detailed socket observation (0.46475ms)
✔ layout diagnostic fails closed before AWS calls for foreign, finished or unbound fixtures (0.61425ms)
✔ diagnostic cleanup retains all actions and fails closed: absent (0.514625ms)
✔ diagnostic cleanup retains all actions and fails closed: still-present (0.052917ms)
✔ diagnostic cleanup retains all actions and fails closed: read-denied (0.054791ms)
✔ diagnostic cleanup retains all actions and fails closed: signout-failed (0.059875ms)
✔ diagnostic cleanup retains all actions and fails closed: delete-failed (0.072166ms)
✔ snapshot must be available encrypted manual and exact whitelist cannot expand (0.928792ms)
✔ real local SQL retires exactly two jobs/requests and preserves every other table (3246.168666ms)
✔ live status drift aborts with original rows intact (850.702375ms)
✔ unexpected cascade/trigger changing a preserved table rolls back all deletes (712.641667ms)
✔ valid HTTP writes cannot be inflated by malformed, wrong role, wrong method or failed requests (2.022709ms)
✔ target License wire sequence proves ExpiringSoon renewal and Renewed activation using real handlers and PostgreSQL (3349.94325ms)
✔ planner never dispatches and matchable inputs never accept P95 or causal benefit (1.27525ms)
✔ pair rejects drift or missing proof sourceCommit (0.160125ms)
✔ pair rejects drift or missing proof memoryMiB (0.935917ms)
✔ pair rejects drift or missing proof architecture (0.150875ms)
✔ pair rejects drift or missing proof poolMax (0.080125ms)
✔ pair rejects drift or missing proof actorRole (0.077292ms)
✔ pair rejects drift or missing proof accountState (0.066375ms)
✔ pair rejects drift or missing proof operationId (0.0975ms)
✔ pair rejects drift or missing proof expectedStatus (0.1105ms)
✔ pair rejects drift or missing proof authenticatedPreconnect (0.330167ms)
✔ pair rejects drift or missing proof engineCpuDiagnosis (0.139666ms)
✔ pair rejects drift or missing proof artifactSetSha256 (0.085083ms)
✔ pair rejects drift or missing proof lambdaCount (0.147833ms)
✔ pair rejects drift or missing proof cleanupGate (0.337125ms)
✔ pair rejects drift or missing proof source (0.075291ms)
✔ pair rejects drift or missing proof coldProofGroup (0.0385ms)
✔ pair rejects drift or missing proof naturalCold409Count (0.1ms)
✔ pair rejects drift or missing proof platformInitDurationMs (0.054375ms)
✔ pair rejects drift or missing proof clientSplitGate (0.074458ms)
✔ pair rejects drift or missing proof firstCheckoutOwned (0.09375ms)
✔ pair rejects drift or missing proof startedAt (0.094ms)
✔ actual receipt loader rejects byte drift and directory escape before reading semantic proof (3.123042ms)
✔ matched independent sampling stays distinct from baseline and cannot accept a missing group (0.149917ms)
✔ recovery sub-gate checks all preserved tables without accepting full QA09 (1.656ms)
✔ version mismatch, missing migration and changed certificate/other business data fail closed (0.812041ms)
✔ retirement evidence cannot hide wrong deleted IDs or lose preservation proof (1.4005ms)
✔ retirement project has fixed source and never modifies readonly/migration runner (28.413125ms)
✔ real Sync observation redacts secret domains and cannot treat delivery as firmware verification (0.902792ms)
✔ receipt runner sends only RECEIVED and redacts complete snapshots even with device password hashes (0.976125ms)
✔ receipt runner fails closed for mismatched snapshots and refused confirmation (0.266625ms)
✔ 117 elements require both real viewport receipts (8.432042ms)
✔ one failure fails all elements in the affected behavior group (1.2175ms)
✔ Active dependent operations are explicit NOT_RUN, not successful disabled checks (0.895042ms)
✔ duplicate, foreign and invalid viewport receipts fail closed (1.405209ms)
✔ Defer and Reject failures also block the browser Gate (1.772833ms)
✔ CSV proof rejects empty, foreign and malformed downloads while parsing quoted data (1.192458ms)
✔ reopens own TLS session after same-clientId negative probe and closes on failure (1.230333ms)
✔ foreign MQTT scope is rejected before connection (0.229917ms)
✔ S3 fallback accepts exact owned version cleanup and rejects bucket, customer and pagination expansion (2.638667ms)
✔ export scope rejects a foreign device before API, AWS or output writes (0.906292ms)
✔ domain cleanup refuses live run, foreign customer name, missing DB cleanup and out-of-scope objects (1.445375ms)
✔ unseeded identity cleanup rejects unfinished, foreign, seeded and pre-existing admin ledgers (0.741958ms)
✔ Cognito canonical UUID is allowed only with exact own email and creation within this failed run (0.272666ms)
✔ P95 uses all actual samples and rejects empty or invalid measurements (0.673083ms)
✔ complete P95 excludes censored timeouts and refuses partial sample acceptance (0.12625ms)
✔ performance summary refuses to report P95 PASS for missing or incomplete actual samples (76.764834ms)
✔ read-only pool probe distinguishes one connection, recovery and incomplete capacity acceptance (4.62ms)
✔ observed connection-budget violation refuses a pool PASS receipt (4.258959ms)
✔ foreign probe application name is rejected before database access (0.230834ms)
✔ CPU ancestry attributes minified constructor and compile samples exclusively (0.611875ms)
✔ curl metrics differences preserve boundaries and reject bad ordering or nonfinite values (0.914875ms)
✔ curl probes are six bounded verified GETs with no credential/config/retry path; proxy prevents dispatch (2.231709ms)
✔ curl failures retain siblings and discard raw error text (0.39075ms)
✔ scheduled publishing overlaps slow PUBACK and drains failures without abandoning in-flight writes (23.3985ms)
✔ only exact test account and readonly role accepted (1.92425ms)
✔ stack identity, region, project and test tag fail closed (0.137791ms)
✔ permission denial is unverified, never classified as absent (0.130166ms)
✔ metadata health never promotes missing business evidence to AWS PASS (0.235375ms)
✔ five groups with unconfirmed or disabled users do not prove usable identities (0.082625ms)
✔ missing target receipts and version mismatch remain blockers (0.06775ms)
✔ existing test environment requires neither new account nor stack and retains real-response/cleanup boundaries (0.261209ms)
✔ real sub-scope acceptance cannot claim whole QA09 (1.638041ms)
✔ unfinished execution, missing role probe and failed assertion rejected (0.180375ms)
✔ missing cleanup, wrong target, secrets and source tampering rejected (1.653708ms)
✔ identity cleanup only accepts this run and the five known role identities (1.609125ms)
✔ record cleanup requires exact run namespace, not merely a partial prefix (0.324417ms)
✔ recovery excludes explicitly later own SLO records without waiving original bytes or deadlines (11.089917ms)
✔ later record exemption never includes other devices or customers (1.826292ms)
✔ site compensation rejects foreign-route before any AWS command (526.36225ms)
✔ site compensation rejects failed-cleanup before any AWS command (358.628708ms)
✔ site compensation rejects unbound-parent before any AWS command (309.561792ms)
✔ remaining target rejects foreign fixture before an API or database call (42.273209ms)
✔ unproved license activation fails legal stage and independent stage failures remain explicit without credentials (4.750375ms)
✔ per-request service throttling requires both unique IDs and bound access-row time/status, never minute metrics (0.474666ms)
✔ QA09 rollout separates logging, budget and event publication and rejects silent phase mistakes (3.350917ms)
✔ engine CPU diagnosis is explicit and only allowed after pool budget rollout (0.235167ms)
✔ runtime assembly has ordered nested CPU intervals without additive initialization totals (2.794166ms)
✔ runtime proof rejects absent, duplicate, failed, foreign IDs, overlap, bad CPU and invalid durations (0.536167ms)
✔ security retest rejects foreign fixture before any credential or live API access (0.919917ms)
✔ six tampered tokens require HTTP rejection and keep credentials out of receipt (1.604ms)
✔ unknown seed outcome requires observed complete own set or proven empty set, never a blind retry (0.757ms)
✔ semantic SQL creates two scoped read models without lifecycle or authentication claims and refuses reuse (2200.997209ms)
✔ semantic SQL refuses scope/state drift: lifecycle_status='Active' (302.895709ms)
✔ semantic SQL refuses scope/state drift: site_id=NULL (316.574458ms)
✔ semantic SQL refuses scope/state drift: customer_id='22222222-2222-2222-2222-222222222222' WHERE customer_id='11111111-1111-1111-1111-111111111111' (360.197458ms)
✔ semantic SQL refuses scope/state drift: name='outside' (383.664625ms)
✔ platform exports require the exact ledger and own frozen filters; foreign jobs remain unchanged (280.628833ms)
✔ business session cleanup never accepts a foreign email id role scope or lifecycle (1.401458ms)
✔ session fixtures require exact own customer and site binding before cleanup (0.369791ms)
✔ complete narrow real-environment scope never accepts full QA09 (2.075667ms)
✔ missing mTLS, shared keys, different ingress/archive bytes and missing cleanup fail closed (1.178333ms)
✔ CodeBuild inline source fits service limit and decompresses to exact reviewed bytes (50.074875ms)
✔ exact own-ten plan rejects expansion, historical identity and wrong customer namespace (36.290417ms)
✔ real SQL creates exact fixtures and cleanup preserves original devices/certificates (1636.221125ms)
✔ unexpected original-data trigger mutation rolls back fixture creation (760.611334ms)
✔ processing provisioning job prevents cleanup without deleting any own devices (866.433041ms)
✔ CSR proofs bind method, path, request ID, timestamp, nonce and independent key (86.714458ms)
✔ closed-fixture audit and request outbox cleanup require ledger and preserve unrelated events (569.49375ms)
✔ closed-fixture access rejects missing approval audit and live customer (545.586875ms)
✔ unseeded capacity attempt has read-only empty audit with deleted customers and fixed original baseline (542.137ms)
✔ business-only Onboarded fixtures preserve original rows, refuse reuse and make no certificate/authentication claim (565.699917ms)
✔ unseeded timeout audit reads only exact prefix and cannot mutate original or retry customer creation (572.694542ms)
✔ active lifecycle fixture changes exactly two own states and never claims a natural path (577.31375ms)
✔ capacity probe executes a read-only transaction and leaves fixture and original rows unchanged (566.261208ms)
✔ review-only mode cannot run without an explicit review hook or with unknown options (0.677834ms)
✔ fixture CLI distinguishes expired SSO from authorization rejection and transport timeouts (0.252584ms)
✔ TLS diagnostic bounds independent reads to 12 and six concurrent; fake observations cannot claim real target source (65.414833ms)
✔ TLS diagnostic retains settled siblings, missing samples and unexpected HTTP/authentication as PARTIAL (0.702167ms)
✔ version binding preserves prior defaults and accepts exact new target (12.566583ms)
✔ invalid version input is rejected before any AWS operation (0.320541ms)
✔ all delivered writes have an explicit permission and own or absent object path (1.2215ms)
✔ identical claims still change signed payload bytes rather than unused base64 signature bits (0.244084ms)
✔ Gateway 403 rejects tampered signatures while protected 2xx must fail (4.106042ms)
✔ quick has exact cadence, 24 historical hours, 30x burst, 5% duplicates and 2% delayed delivery (7.56525ms)
✔ full plan contains 86400 historical Telemetry samples for 10 devices at 10-second cadence (494.340708ms)
✔ unknown profile fails closed (0.547791ms)
✔ P95 uses nearest rank and does not mutate input (0.203417ms)
✔ invalid latency  rejected (0.222667ms)
✔ invalid latency NaN rejected (0.101917ms)
✔ invalid latency Infinity rejected (0.080459ms)
✔ invalid latency -1 rejected (0.0965ms)
✔ independent checker verifies count average min max and UTC buckets (0.547083ms)
✔ complete reliability proof passes (0.685208ms)
✔ Gate rejects missing trace (0.4535ms)
✔ Gate rejects duplicate trace (0.410208ms)
✔ Gate rejects failed cleanup (0.523583ms)
✔ Gate rejects wrong profile (0.601209ms)
✔ Gate rejects wrong cadence (0.483167ms)
✔ Gate rejects untracked loss (0.472208ms)
✔ Gate rejects duplicate business row (0.444958ms)
✔ Gate rejects missing archive (0.4585ms)
✔ Gate rejects missing reorder (0.384333ms)
✔ Gate rejects missing retry (0.508208ms)
✔ Gate rejects unresolved gap (0.512333ms)
✔ Gate rejects worker not paused (0.954625ms)
✔ Gate rejects no backlog (0.731375ms)
✔ Gate rejects unscoped replay (0.628041ms)
✔ Gate rejects duplicate MQTT publish (0.979208ms)
✔ Gate rejects late ACK changed terminal state (0.504584ms)
✔ Gate rejects telemetry P95 failed (0.574084ms)
✔ Gate rejects command P95 failed (0.582ms)
✔ Gate rejects NaN P95 (0.734292ms)
✔ Gate rejects missing latency samples (0.384083ms)
✔ security receipt accepts complete execution and all observed acceptance proofs (20.967583ms)
✔ execution fails closed: deleted required test (2.586792ms)
✔ execution fails closed: missing file (1.805958ms)
✔ execution fails closed: pending test (0.131125ms)
✔ execution fails closed: failed test (5.980333ms)
✔ proof fails closed: missing proof (0.661708ms)
✔ proof fails closed: reused prefix (0.481583ms)
✔ proof fails closed: cleanup incomplete (2.260958ms)
✔ proof fails closed: expired JWT accepted (1.120375ms)
✔ proof fails closed: missing write operation (2.14825ms)
✔ proof fails closed: forged identity accepted (0.173167ms)
✔ proof fails closed: route resolved before auth (0.551833ms)
✔ proof fails closed: cross tenant allowed (0.353625ms)
✔ proof fails closed: unauthorized side effect (0.22475ms)
✔ proof fails closed: prototype pollution (0.420125ms)
✔ proof fails closed: malicious media signed (0.394083ms)
✔ proof fails closed: malicious media persisted (0.136917ms)
✔ proof fails closed: leak ignored (0.157208ms)
✔ proof fails closed: unscanned audit (0.23875ms)
✔ proof fails closed: unscanned snapshot (0.403167ms)
✔ proof fails closed: partial response scan (0.549917ms)
✔ independent scanner rejects nested secrets raw JWT Error private key and signed URL without echoing values (2.432125ms)
✔ scanner detects opaque canary leakage and permits null redacted values and public certificate (0.132708ms)
ℹ tests 665
ℹ suites 0
ℹ pass 665
ℹ fail 0
ℹ cancelled 0
ℹ skipped 0
ℹ todo 0
ℹ duration_ms 12695.489042

> food-digester-platform@0.0.0 build /Users/anray/Documents/project/hiddenjoyacom/food-digester-platform
> turbo run build


   • Packages in scope: @fdp/admin-web, @fdp/archive-worker, @fdp/auth, @fdp/aws-clients, @fdp/cloud-api, @fdp/contracts, @fdp/database, @fdp/domain, @fdp/infra, @fdp/ingestion-worker, @fdp/media, @fdp/observability, @fdp/summary-worker
   • Running build in 13 packages
   • Remote caching disabled

@fdp/contracts:build: cache hit, replaying logs badb40bf08f6da73
@fdp/observability:build: cache hit, replaying logs 835abefc87dbb1a4
@fdp/contracts:build: 
@fdp/contracts:build: > @fdp/contracts@0.0.0 build /Users/anray/Documents/project/hiddenjoyacom/food-digester-platform/contracts
@fdp/aws-clients:build: cache hit, replaying logs 72b741ff8e28f9c8
@fdp/observability:build: 
@fdp/observability:build: > @fdp/observability@0.0.0 build /Users/anray/Documents/project/hiddenjoyacom/food-digester-platform/packages/observability
@fdp/observability:build: > tsc -p tsconfig.build.json
@fdp/observability:build: 
@fdp/contracts:build: > node -e "console.log('@fdp/contracts 为源码契约包：内部使用 .ts 扩展名互引，不经 tsc 构建；消费方经 tsx/打包器直接使用源码')"
@fdp/contracts:build: 
@fdp/contracts:build: @fdp/contracts 为源码契约包：内部使用 .ts 扩展名互引，不经 tsc 构建；消费方经 tsx/打包器直接使用源码
@fdp/aws-clients:build: 
@fdp/aws-clients:build: > @fdp/aws-clients@0.0.0 build /Users/anray/Documents/project/hiddenjoyacom/food-digester-platform/packages/aws-clients
@fdp/database:generate: cache hit, replaying logs 340c91f81bba6492
@fdp/aws-clients:build: > tsc -p tsconfig.build.json
@fdp/aws-clients:build: 
@fdp/database:generate: 
@fdp/database:generate: > @fdp/database@0.0.0 generate /Users/anray/Documents/project/hiddenjoyacom/food-digester-platform/packages/database
@fdp/database:generate: > prisma generate
@fdp/database:generate: 
@fdp/database:generate: Loaded Prisma config from prisma.config.ts.
@fdp/database:generate: 
@fdp/database:generate: Prisma schema loaded from prisma/schema.prisma.
@fdp/database:generate: 
@fdp/database:generate: ✔ Generated Prisma Client (7.9.1) to ./src/generated in 134ms
@fdp/database:generate: 
@fdp/domain:build: cache hit, replaying logs 47ef0249a0b99843
@fdp/domain:build: 
@fdp/domain:build: > @fdp/domain@0.0.0 build /Users/anray/Documents/project/hiddenjoyacom/food-digester-platform/packages/domain
@fdp/domain:build: > tsc -p tsconfig.build.json
@fdp/domain:build: 
@fdp/infra:build: cache hit, replaying logs 336f7a52738bc936
@fdp/infra:build: 
@fdp/infra:build: > @fdp/infra@0.0.0 build /Users/anray/Documents/project/hiddenjoyacom/food-digester-platform/infra
@fdp/infra:build: > tsc -p tsconfig.build.json
@fdp/infra:build: 
@fdp/database:build: cache hit, replaying logs de04938e9dfdc8ed
@fdp/database:build: 
@fdp/database:build: > @fdp/database@0.0.0 build /Users/anray/Documents/project/hiddenjoyacom/food-digester-platform/packages/database
@fdp/database:build: > tsc -p tsconfig.build.json
@fdp/database:build: 
@fdp/archive-worker:build: cache miss, executing a48c0d6c6f1aca06
@fdp/summary-worker:build: cache miss, executing bfbb43f233f41fab
@fdp/media:build: cache hit, replaying logs ab4b37236650349e
@fdp/media:build: 
@fdp/media:build: > @fdp/media@0.0.0 build /Users/anray/Documents/project/hiddenjoyacom/food-digester-platform/packages/media
@fdp/media:build: > tsc -p tsconfig.build.json
@fdp/media:build: 
@fdp/auth:build: cache hit, replaying logs 9ecc1fcceafe2db8
@fdp/auth:build: 
@fdp/auth:build: > @fdp/auth@0.0.0 build /Users/anray/Documents/project/hiddenjoyacom/food-digester-platform/packages/auth
@fdp/auth:build: > tsc -p tsconfig.build.json
@fdp/auth:build: 
@fdp/cloud-api:build: cache miss, executing 1da6596743e0d2c9
@fdp/admin-web:build: cache miss, executing 78e13653e0e5b912
@fdp/ingestion-worker:build: cache miss, executing 50119cbbe0fea55c
@fdp/summary-worker:build: 
@fdp/summary-worker:build: > @fdp/summary-worker@0.0.0 build /Users/anray/Documents/project/hiddenjoyacom/food-digester-platform/apps/summary-worker
@fdp/summary-worker:build: > tsc -p tsconfig.build.json
@fdp/summary-worker:build: 
@fdp/archive-worker:build: 
@fdp/archive-worker:build: > @fdp/archive-worker@0.0.0 build /Users/anray/Documents/project/hiddenjoyacom/food-digester-platform/apps/archive-worker
@fdp/archive-worker:build: > tsc -p tsconfig.build.json
@fdp/archive-worker:build: 
@fdp/cloud-api:build: 
@fdp/cloud-api:build: > @fdp/cloud-api@0.0.0 build /Users/anray/Documents/project/hiddenjoyacom/food-digester-platform/apps/cloud-api
@fdp/cloud-api:build: > tsc -p tsconfig.build.json
@fdp/cloud-api:build: 
@fdp/ingestion-worker:build: 
@fdp/ingestion-worker:build: > @fdp/ingestion-worker@0.0.0 build /Users/anray/Documents/project/hiddenjoyacom/food-digester-platform/apps/ingestion-worker
@fdp/ingestion-worker:build: > tsc -p tsconfig.build.json
@fdp/ingestion-worker:build: 
@fdp/admin-web:build: 
@fdp/admin-web:build: > @fdp/admin-web@0.0.0 build /Users/anray/Documents/project/hiddenjoyacom/food-digester-platform/apps/admin-web
@fdp/admin-web:build: > tsc -p tsconfig.build.json && vite build
@fdp/admin-web:build: 
@fdp/admin-web:build: vite v8.2.2 building client environment for production...
@fdp/admin-web:build: transforming...
@fdp/admin-web:build: ✓ 1609 modules transformed.
@fdp/admin-web:build: rendering chunks...
@fdp/admin-web:build: computing gzip size...
@fdp/admin-web:build: dist/web/index.html                     0.46 kB │ gzip:   0.32 kB
@fdp/admin-web:build: dist/web/assets/index-CecZB0A0.css     19.08 kB │ gzip:   5.07 kB
@fdp/admin-web:build: dist/web/assets/index-D1EpTElP.js   1,357.74 kB │ gzip: 417.92 kB
@fdp/admin-web:build: 
@fdp/admin-web:build: ✓ built in 277ms
@fdp/admin-web:build: [plugin builtin:vite-reporter] 
@fdp/admin-web:build: (!) Some chunks are larger than 500 kB after minification. Consider:
@fdp/admin-web:build: - Using dynamic import() to code-split the application
@fdp/admin-web:build: - Use build.rolldownOptions.output.codeSplitting to improve chunking: https://rolldown.rs/reference/OutputOptions.codeSplitting
@fdp/admin-web:build: - Adjust chunk size limit for this warning via build.chunkSizeWarningLimit.

 Tasks:    14 successful, 14 total
Cached:    9 cached, 14 total
  Time:    4.787s 


> food-digester-platform@0.0.0 check:boundaries /Users/anray/Documents/project/hiddenjoyacom/food-digester-platform
> node scripts/check-boundaries.mjs

检查 13 个工作区包
模块边界与循环依赖检查通过

> food-digester-platform@0.0.0 check:schemas /Users/anray/Documents/project/hiddenjoyacom/food-digester-platform
> node scripts/check-schemas.mjs

OpenAPI / JSON Schema 校验通过

> food-digester-platform@0.0.0 check:migrations /Users/anray/Documents/project/hiddenjoyacom/food-digester-platform
> node scripts/check-migrations.mjs

Migration 结构与 Prisma Schema 漂移检查通过

> food-digester-platform@0.0.0 check:evidence /Users/anray/Documents/project/hiddenjoyacom/food-digester-platform
> node scripts/check-eng-db-dom-evidence.mjs

ENG/DB/DOM/IAC/AUTH/SEC/BE-IOT/BE-ARC/RPL/ESG/管理后台业务与前端 证据与开发文档检查通过

> food-digester-platform@0.0.0 check:secrets /Users/anray/Documents/project/hiddenjoyacom/food-digester-platform
> node scripts/check-secrets.mjs

敏感信息扫描通过

> food-digester-platform@0.0.0 check:sensitive-sinks /Users/anray/Documents/project/hiddenjoyacom/food-digester-platform
> node scripts/check-sensitive-sinks.mjs

生产日志与 Trace sink 脱敏门禁通过

> food-digester-platform@0.0.0 check:admin-web-delivery /Users/anray/Documents/project/hiddenjoyacom/food-digester-platform
> node scripts/check-admin-web-delivery.mjs

管理后台交付检查通过：入口、组合根、路由页面、OpenAPI operationId、CSS 与浏览器构建产物均已就绪

> food-digester-platform@0.0.0 check:admin-web-e2e /Users/anray/Documents/project/hiddenjoyacom/food-digester-platform
> pnpm --filter @fdp/admin-web test:e2e


> @fdp/admin-web@0.0.0 test:e2e /Users/anray/Documents/project/hiddenjoyacom/food-digester-platform/apps/admin-web
> playwright test







Running 36 tests using 1 worker



[1/36] e2e/admin-web.spec.ts:15:1 › H-01 API 拒绝停用会话后清除浏览器会话并返回登录
[2/36] e2e/admin-web.spec.ts:42:1 › M-01 CustomerViewer 从菜单查询设备用户详情，全部写入口隐藏
[3/36] e2e/admin-web.spec.ts:88:1 › 无 Token 安全回登录；五角色菜单和受限路由均由组合根守卫
[4/36] e2e/admin-web.spec.ts:116:1 › 刷新失败清会话，API 403 保留会话并呈现无权
[5/36] e2e/admin-web.spec.ts:138:1 › Customer scope 与 Dashboard 离线/无 entitlement 动作在真实浏览器失败关闭
[6/36] e2e/admin-web.spec.ts:175:1 › Onboarding 审批双击只提交一次，展示录入来源和证书状态
[7/36] e2e/admin-web.spec.ts:220:1 › Customer/Site CRUD 关键路径：创建、非法时区、关联停用提示与 409
[8/36] e2e/admin-web.spec.ts:343:1 › 1440/768/375 响应式布局、横向表格和对话框键盘边界
[9/36] e2e/admin-web.spec.ts:429:1 › FE-06 至 FE-10 六个生产路由可运行，并覆盖成功、空态、分页入口、时区与响应式
[10/36] e2e/admin-web.spec.ts:471:1 › FE-06 至 FE-10 在 403/404、Customer scope、详情焦点与重复提交场景失败关闭
[11/36] e2e/admin-web.spec.ts:547:1 › FE-11 至 FE-15 七个生产路由由真实控制器驱动，并覆盖媒体签发与审计详情
[12/36] e2e/admin-web.spec.ts:611:1 › FE-11 至 FE-15 API 403 与路由角色边界在真实浏览器失败关闭
[13/36] e2e/admin-web.spec.ts:628:1 › FE-17 新建权限与零设备第二阶段在真实浏览器失败关闭
[14/36] e2e/admin-web.spec.ts:699:1 › FE-18 Chromium 覆盖 unknown/stale、联系人按需零预载与申请状态机
[15/36] e2e/admin-web.spec.ts:803:1 › FE-16 Chromium 覆盖邀请、角色、Scope、重置与设置 409 回源
[16/36] e2e/admin-web.spec.ts:927:1 › FE-17 Chromium 覆盖绑定、解绑、续约与终止并保留 License 边界
[17/36] e2e/admin-web.spec.ts:1102:5 › FE-19 Chromium 22 个生产路由：zh-CN / 375px
[18/36] e2e/admin-web.spec.ts:1102:5 › FE-19 Chromium 22 个生产路由：zh-CN / 768px
[19/36] e2e/admin-web.spec.ts:1102:5 › FE-19 Chromium 22 个生产路由：zh-CN / 1440px
[20/36] e2e/admin-web.spec.ts:1102:5 › FE-19 Chromium 22 个生产路由：en / 375px
[21/36] e2e/admin-web.spec.ts:1102:5 › FE-19 Chromium 22 个生产路由：en / 768px
[22/36] e2e/admin-web.spec.ts:1102:5 › FE-19 Chromium 22 个生产路由：en / 1440px
[23/36] e2e/admin-web.spec.ts:1123:1 › FE-19 语言选择在刷新后保持
[24/36] e2e/admin-web.spec.ts:1135:1 › QA-09 设备管理长别名和序列号在375px完整换行且不裁切
[25/36] e2e/qa05-workflows.spec.ts:33:3 › QA05 role route and button matrix PlatformSuperAdmin
[26/36] e2e/qa05-workflows.spec.ts:33:3 › QA05 role route and button matrix PlatformOperator
[27/36] e2e/qa05-workflows.spec.ts:33:3 › QA05 role route and button matrix Auditor
[28/36] e2e/qa05-workflows.spec.ts:33:3 › QA05 role route and button matrix CustomerAdmin
[29/36] e2e/qa05-workflows.spec.ts:33:3 › QA05 role route and button matrix CustomerViewer
[30/36] e2e/qa05-workflows.spec.ts:80:1 › QA05 login SRP MFA error success logout without persisting password
[31/36] e2e/qa05-workflows.spec.ts:146:1 › QA05 ESG cursor totals export snapshot timezone and empty state
[32/36] e2e/qa05-workflows.spec.ts:216:1 › QA05 Command dangerous confirmation terminal result and publish failure
[33/36] e2e/qa05-workflows.spec.ts:271:1 › QA05 Media expiry renew 403 and audit read-only zero writes
[34/36] e2e/ui-redesign.spec.ts:12:3 › UI redesign: all business routes at 1366x768
[35/36] e2e/ui-redesign.spec.ts:12:3 › UI redesign: all business routes at 1440x900
[36/36] e2e/ui-redesign.spec.ts:12:3 › UI redesign: all business routes at 1920x1080
  36 passed (1.5m)

> food-digester-platform@0.0.0 check:cmd-ota-delivery /Users/anray/Documents/project/hiddenjoyacom/food-digester-platform
> pnpm check:runtime && pnpm check:cdk


> food-digester-platform@0.0.0 check:runtime /Users/anray/Documents/project/hiddenjoyacom/food-digester-platform
> node --import tsx scripts/check-delivered-runtime.mjs

已交付 REST 生产路由与 OpenAPI 双向一致（129 operations）

> food-digester-platform@0.0.0 check:cdk /Users/anray/Documents/project/hiddenjoyacom/food-digester-platform
> node scripts/check-cdk-synth.mjs

CDK synth 无 warning；已交付 Lambda asset 与 CMD/OTA 生产接线 Gate 通过

> food-digester-platform@0.0.0 test:device-contracts /Users/anray/Documents/project/hiddenjoyacom/food-digester-platform
> node --import tsx scripts/run-contract-suite.mjs /tmp/fdp-device-contracts-gate.json

✔ QA-02 MQTT heartbeat: all valid/invalid fixtures, missing meta and type mutation (4.621125ms)
✔ QA-02 MQTT telemetry: all valid/invalid fixtures, missing meta and type mutation (1.7145ms)
✔ QA-02 MQTT report: all valid/invalid fixtures, missing meta and type mutation (1.787208ms)
✔ QA-02 MQTT alarm: all valid/invalid fixtures, missing meta and type mutation (1.247084ms)
✔ QA-02 MQTT event: all valid/invalid fixtures, missing meta and type mutation (0.759ms)
✔ QA-02 MQTT ack: all valid/invalid fixtures, missing meta and type mutation (1.068875ms)
✔ QA-02 MQTT tamper: all valid/invalid fixtures, missing meta and type mutation (1.476667ms)
✔ QA-02 MQTT media: all valid/invalid fixtures, missing meta and type mutation (1.060334ms)
✔ QA-02 MQTT cmd: all valid/invalid fixtures, missing meta and type mutation (1.344375ms)
✔ QA-02 MQTT ota: all valid/invalid fixtures, missing meta and type mutation (1.216125ms)
✔ QA-02 MQTT notification: all valid/invalid fixtures, missing meta and type mutation (1.004291ms)
✔ MQTT semantic hash, discriminator and UTC calendar errors fail closed (0.39375ms)
✔ full REST response: field deletion/type mutation/envelope/date/errors/status/headers are enforced (2.321042ms)
✔ REST request validation: required body/path/query/header, optional Sync, bodyless Deactivate, no type coercion in JSON (3.0275ms)
✔ all device operations and declared response JSON Schemas compile; stable error catalog has no duplicates (17.52075ms)
✔ predecessor MQTT is compatible; known REST break requires exact version and frozen DEC approvals (17.326459ms)
✔ breaking contract mutations fail: removing fields/operations/status, changing type/required/security (35.007042ms)
✔ receipt coverage gate fails closed for missing operations/statuses, no valid request and forged records (0.261208ms)
✔ archived CSR upgrade mapping still verifies original baselines without rewriting history (2.145125ms)
ℹ tests 19
ℹ suites 0
ℹ pass 19
ℹ fail 0
ℹ cancelled 0
ℹ skipped 0
ℹ todo 0
ℹ duration_ms 223.729583

 RUN  v4.1.11 /Users/anray/Documents/project/hiddenjoyacom/food-digester-platform


 Test Files  10 passed (10)
      Tests  98 passed (98)
   Start at  11:34:46
   Duration  3.91s (transform 3.84s, setup 66ms, import 7.97s, tests 16.52s, environment 0ms)

QA-02 PASS: 11 MQTT schemas, 8 device operations, 168 checked Handler responses

> food-digester-platform@0.0.0 test:iot-integration /Users/anray/Documents/project/hiddenjoyacom/food-digester-platform
> node --import tsx scripts/run-iot-integration.mjs /tmp/fdp-iot-integration-gate.json


 RUN  v4.1.11 /Users/anray/Documents/project/hiddenjoyacom/food-digester-platform


 Test Files  1 passed (1)
      Tests  5 passed (5)
   Start at  11:34:50
   Duration  4.62s (transform 214ms, setup 9ms, import 363ms, tests 4.19s, environment 0ms)


> food-digester-platform@0.0.0 test:core-api-integration /Users/anray/Documents/project/hiddenjoyacom/food-digester-platform
> node --import tsx scripts/run-core-api-integration.mjs /tmp/fdp-core-api-integration-gate.json


 RUN  v4.1.11 /Users/anray/Documents/project/hiddenjoyacom/food-digester-platform

 ✓ apps/cloud-api/test/admin-device-assignment.test.ts (9 tests) 2295ms
 ✓ apps/cloud-api/test/admin-contract.test.ts (9 tests) 2789ms
 ✓ apps/cloud-api/test/admin-audit.test.ts (7 tests) 3119ms
 ✓ apps/cloud-api/test/admin-device-retirement.test.ts (7 tests) 3161ms
     ✓ Active→Retired：撤销 Assignment/License/Entitlement + 待确认记录 + DEVICE_RETIRED + 审计；证书保持 ACTIVE  320ms
 ✓ apps/cloud-api/test/admin-esg.test.ts (10 tests) 3169ms
 ✓ apps/cloud-api/test/admin-device-status.test.ts (8 tests) 3271ms
 ✓ apps/cloud-api/test/admin-onboarding.test.ts (13 tests) 3454ms
 ✓ apps/cloud-api/test/admin-contract-device.test.ts (8 tests) 3341ms
     ✓ 批量关联全成：ACTIVE 关联 + 审计一次；Contract 设备视图含四轴/固件/Region/别名/租期  343ms
 ✓ apps/cloud-api/test/admin-consumable-request.test.ts (8 tests) 3352ms
 ✓ apps/cloud-api/test/device-sync.test.ts (13 tests) 3498ms
     ✓ 六域齐备：Assignment/Alias/License+签名/Device Users+验证材料/Configuration/Operational Status  324ms
 ✓ apps/cloud-api/test/admin-license.test.ts (11 tests) 3482ms
     ✓ 完整链路：每步状态/签名/历史/审计/通知各一次  338ms
 ✓ apps/cloud-api/test/admin-command.test.ts (15 tests) 3584ms
     ✓ ACTIVE 设备：22 个命令全部创建成功并进入 AUTHORIZED  413ms
 ✓ apps/cloud-api/test/admin-alarm.test.ts (10 tests) 939ms
 ✓ apps/cloud-api/test/qa04-core-api.test.ts (3 tests) 4536ms
   ✓ QA04 five roles, two tenants: read scope, mutation and audit boundaries  3222ms
   ✓ QA04 concurrent If-Match writes have one winner and one success audit  739ms
   ✓ QA04 audit failure rolls back lifecycle/outbox; retry and replay preserve exactly one audit  574ms

 Test Files  14 passed (14)
      Tests  131 passed (131)
   Start at  11:34:55
   Duration  5.58s (transform 5.98s, setup 267ms, import 13.72s, tests 43.99s, environment 1ms)

JSON report written to /var/folders/k8/_4hymb6j59s0c8xntb11ktmc0000gn/T/qa04-core-api-DxbVCN/vitest.json

> food-digester-platform@0.0.0 test:admin-e2e-suite /Users/anray/Documents/project/hiddenjoyacom/food-digester-platform
> node scripts/run-admin-e2e.mjs /tmp/fdp-admin-e2e-gate.json

QA05 phase=serial executions=36 workers=1 timeoutMs=660000






Running 36 tests using 1 worker



[1/36] e2e/admin-web.spec.ts:15:1 › H-01 API 拒绝停用会话后清除浏览器会话并返回登录
[2/36] e2e/admin-web.spec.ts:42:1 › M-01 CustomerViewer 从菜单查询设备用户详情，全部写入口隐藏
[3/36] e2e/admin-web.spec.ts:88:1 › 无 Token 安全回登录；五角色菜单和受限路由均由组合根守卫
[4/36] e2e/admin-web.spec.ts:116:1 › 刷新失败清会话，API 403 保留会话并呈现无权
[5/36] e2e/admin-web.spec.ts:138:1 › Customer scope 与 Dashboard 离线/无 entitlement 动作在真实浏览器失败关闭
[6/36] e2e/admin-web.spec.ts:175:1 › Onboarding 审批双击只提交一次，展示录入来源和证书状态
[7/36] e2e/admin-web.spec.ts:220:1 › Customer/Site CRUD 关键路径：创建、非法时区、关联停用提示与 409
[8/36] e2e/admin-web.spec.ts:343:1 › 1440/768/375 响应式布局、横向表格和对话框键盘边界
[9/36] e2e/admin-web.spec.ts:429:1 › FE-06 至 FE-10 六个生产路由可运行，并覆盖成功、空态、分页入口、时区与响应式
[10/36] e2e/admin-web.spec.ts:471:1 › FE-06 至 FE-10 在 403/404、Customer scope、详情焦点与重复提交场景失败关闭
[11/36] e2e/admin-web.spec.ts:547:1 › FE-11 至 FE-15 七个生产路由由真实控制器驱动，并覆盖媒体签发与审计详情
[12/36] e2e/admin-web.spec.ts:611:1 › FE-11 至 FE-15 API 403 与路由角色边界在真实浏览器失败关闭
[13/36] e2e/admin-web.spec.ts:628:1 › FE-17 新建权限与零设备第二阶段在真实浏览器失败关闭
[14/36] e2e/admin-web.spec.ts:699:1 › FE-18 Chromium 覆盖 unknown/stale、联系人按需零预载与申请状态机
[15/36] e2e/admin-web.spec.ts:803:1 › FE-16 Chromium 覆盖邀请、角色、Scope、重置与设置 409 回源
[16/36] e2e/admin-web.spec.ts:927:1 › FE-17 Chromium 覆盖绑定、解绑、续约与终止并保留 License 边界
[17/36] e2e/admin-web.spec.ts:1102:5 › FE-19 Chromium 22 个生产路由：zh-CN / 375px
[18/36] e2e/admin-web.spec.ts:1102:5 › FE-19 Chromium 22 个生产路由：zh-CN / 768px
[19/36] e2e/admin-web.spec.ts:1102:5 › FE-19 Chromium 22 个生产路由：zh-CN / 1440px
[20/36] e2e/admin-web.spec.ts:1102:5 › FE-19 Chromium 22 个生产路由：en / 375px
[21/36] e2e/admin-web.spec.ts:1102:5 › FE-19 Chromium 22 个生产路由：en / 768px
[22/36] e2e/admin-web.spec.ts:1102:5 › FE-19 Chromium 22 个生产路由：en / 1440px
[23/36] e2e/admin-web.spec.ts:1123:1 › FE-19 语言选择在刷新后保持
[24/36] e2e/admin-web.spec.ts:1135:1 › QA-09 设备管理长别名和序列号在375px完整换行且不裁切
[25/36] e2e/qa05-workflows.spec.ts:33:3 › QA05 role route and button matrix PlatformSuperAdmin
[26/36] e2e/qa05-workflows.spec.ts:33:3 › QA05 role route and button matrix PlatformOperator
[27/36] e2e/qa05-workflows.spec.ts:33:3 › QA05 role route and button matrix Auditor
[28/36] e2e/qa05-workflows.spec.ts:33:3 › QA05 role route and button matrix CustomerAdmin
[29/36] e2e/qa05-workflows.spec.ts:33:3 › QA05 role route and button matrix CustomerViewer
[30/36] e2e/qa05-workflows.spec.ts:80:1 › QA05 login SRP MFA error success logout without persisting password
[31/36] e2e/qa05-workflows.spec.ts:146:1 › QA05 ESG cursor totals export snapshot timezone and empty state
[32/36] e2e/qa05-workflows.spec.ts:216:1 › QA05 Command dangerous confirmation terminal result and publish failure
[33/36] e2e/qa05-workflows.spec.ts:271:1 › QA05 Media expiry renew 403 and audit read-only zero writes
[34/36] e2e/ui-redesign.spec.ts:12:3 › UI redesign: all business routes at 1366x768
[35/36] e2e/ui-redesign.spec.ts:12:3 › UI redesign: all business routes at 1440x900
[36/36] e2e/ui-redesign.spec.ts:12:3 › UI redesign: all business routes at 1920x1080
  36 passed (1.4m)
QA05 phase=serial durationMs=84257
QA05 phase=parallel-repeat executions=72 workers=2 timeoutMs=660000






Running 72 tests using 2 workers





[1/72] e2e/admin-web.spec.ts:15:1 › H-01 API 拒绝停用会话后清除浏览器会话并返回登录
[2/72] e2e/admin-web.spec.ts:42:1 › M-01 CustomerViewer 从菜单查询设备用户详情，全部写入口隐藏
[3/72] e2e/admin-web.spec.ts:88:1 › 无 Token 安全回登录；五角色菜单和受限路由均由组合根守卫
[4/72] e2e/admin-web.spec.ts:116:1 › 刷新失败清会话，API 403 保留会话并呈现无权
[5/72] e2e/admin-web.spec.ts:138:1 › Customer scope 与 Dashboard 离线/无 entitlement 动作在真实浏览器失败关闭
[6/72] e2e/admin-web.spec.ts:175:1 › Onboarding 审批双击只提交一次，展示录入来源和证书状态
[7/72] e2e/admin-web.spec.ts:220:1 › Customer/Site CRUD 关键路径：创建、非法时区、关联停用提示与 409
[8/72] e2e/admin-web.spec.ts:343:1 › 1440/768/375 响应式布局、横向表格和对话框键盘边界
[9/72] e2e/admin-web.spec.ts:429:1 › FE-06 至 FE-10 六个生产路由可运行，并覆盖成功、空态、分页入口、时区与响应式
[10/72] e2e/admin-web.spec.ts:471:1 › FE-06 至 FE-10 在 403/404、Customer scope、详情焦点与重复提交场景失败关闭
[11/72] e2e/admin-web.spec.ts:547:1 › FE-11 至 FE-15 七个生产路由由真实控制器驱动，并覆盖媒体签发与审计详情
[12/72] e2e/admin-web.spec.ts:611:1 › FE-11 至 FE-15 API 403 与路由角色边界在真实浏览器失败关闭
[13/72] e2e/admin-web.spec.ts:628:1 › FE-17 新建权限与零设备第二阶段在真实浏览器失败关闭
[14/72] e2e/admin-web.spec.ts:699:1 › FE-18 Chromium 覆盖 unknown/stale、联系人按需零预载与申请状态机
[15/72] e2e/admin-web.spec.ts:803:1 › FE-16 Chromium 覆盖邀请、角色、Scope、重置与设置 409 回源
[16/72] e2e/admin-web.spec.ts:927:1 › FE-17 Chromium 覆盖绑定、解绑、续约与终止并保留 License 边界
[17/72] e2e/admin-web.spec.ts:1102:5 › FE-19 Chromium 22 个生产路由：zh-CN / 375px
[18/72] e2e/admin-web.spec.ts:1102:5 › FE-19 Chromium 22 个生产路由：zh-CN / 768px
[19/72] e2e/admin-web.spec.ts:1102:5 › FE-19 Chromium 22 个生产路由：zh-CN / 1440px
[20/72] e2e/admin-web.spec.ts:1102:5 › FE-19 Chromium 22 个生产路由：en / 375px
[21/72] e2e/admin-web.spec.ts:1102:5 › FE-19 Chromium 22 个生产路由：en / 768px
[22/72] e2e/admin-web.spec.ts:1102:5 › FE-19 Chromium 22 个生产路由：en / 1440px
[23/72] e2e/admin-web.spec.ts:1123:1 › FE-19 语言选择在刷新后保持
[24/72] e2e/admin-web.spec.ts:1135:1 › QA-09 设备管理长别名和序列号在375px完整换行且不裁切
[25/72] e2e/qa05-workflows.spec.ts:33:3 › QA05 role route and button matrix PlatformSuperAdmin
[26/72] e2e/qa05-workflows.spec.ts:33:3 › QA05 role route and button matrix PlatformOperator
[27/72] e2e/qa05-workflows.spec.ts:33:3 › QA05 role route and button matrix Auditor
[28/72] e2e/qa05-workflows.spec.ts:33:3 › QA05 role route and button matrix CustomerAdmin
[29/72] e2e/qa05-workflows.spec.ts:33:3 › QA05 role route and button matrix CustomerViewer
[30/72] e2e/qa05-workflows.spec.ts:80:1 › QA05 login SRP MFA error success logout without persisting password
[31/72] e2e/qa05-workflows.spec.ts:146:1 › QA05 ESG cursor totals export snapshot timezone and empty state
[32/72] e2e/qa05-workflows.spec.ts:216:1 › QA05 Command dangerous confirmation terminal result and publish failure
[33/72] e2e/qa05-workflows.spec.ts:271:1 › QA05 Media expiry renew 403 and audit read-only zero writes
[34/72] e2e/ui-redesign.spec.ts:12:3 › UI redesign: all business routes at 1366x768
[35/72] e2e/ui-redesign.spec.ts:12:3 › UI redesign: all business routes at 1440x900
[36/72] e2e/ui-redesign.spec.ts:12:3 › UI redesign: all business routes at 1920x1080


[37/72] e2e/admin-web.spec.ts:15:1 › H-01 API 拒绝停用会话后清除浏览器会话并返回登录
[38/72] e2e/admin-web.spec.ts:42:1 › M-01 CustomerViewer 从菜单查询设备用户详情，全部写入口隐藏
[39/72] e2e/admin-web.spec.ts:88:1 › 无 Token 安全回登录；五角色菜单和受限路由均由组合根守卫
[40/72] e2e/admin-web.spec.ts:116:1 › 刷新失败清会话，API 403 保留会话并呈现无权
[41/72] e2e/admin-web.spec.ts:138:1 › Customer scope 与 Dashboard 离线/无 entitlement 动作在真实浏览器失败关闭
[42/72] e2e/admin-web.spec.ts:175:1 › Onboarding 审批双击只提交一次，展示录入来源和证书状态
[43/72] e2e/admin-web.spec.ts:220:1 › Customer/Site CRUD 关键路径：创建、非法时区、关联停用提示与 409
[44/72] e2e/admin-web.spec.ts:343:1 › 1440/768/375 响应式布局、横向表格和对话框键盘边界
[45/72] e2e/admin-web.spec.ts:429:1 › FE-06 至 FE-10 六个生产路由可运行，并覆盖成功、空态、分页入口、时区与响应式
[46/72] e2e/admin-web.spec.ts:471:1 › FE-06 至 FE-10 在 403/404、Customer scope、详情焦点与重复提交场景失败关闭
[47/72] e2e/admin-web.spec.ts:547:1 › FE-11 至 FE-15 七个生产路由由真实控制器驱动，并覆盖媒体签发与审计详情
[48/72] e2e/admin-web.spec.ts:611:1 › FE-11 至 FE-15 API 403 与路由角色边界在真实浏览器失败关闭
[49/72] e2e/admin-web.spec.ts:628:1 › FE-17 新建权限与零设备第二阶段在真实浏览器失败关闭
[50/72] e2e/admin-web.spec.ts:699:1 › FE-18 Chromium 覆盖 unknown/stale、联系人按需零预载与申请状态机
[51/72] e2e/admin-web.spec.ts:803:1 › FE-16 Chromium 覆盖邀请、角色、Scope、重置与设置 409 回源
[52/72] e2e/admin-web.spec.ts:927:1 › FE-17 Chromium 覆盖绑定、解绑、续约与终止并保留 License 边界
[53/72] e2e/admin-web.spec.ts:1102:5 › FE-19 Chromium 22 个生产路由：zh-CN / 375px


[54/72] e2e/admin-web.spec.ts:1102:5 › FE-19 Chromium 22 个生产路由：zh-CN / 768px
[55/72] e2e/admin-web.spec.ts:1102:5 › FE-19 Chromium 22 个生产路由：zh-CN / 1440px
[56/72] e2e/admin-web.spec.ts:1102:5 › FE-19 Chromium 22 个生产路由：en / 375px
[57/72] e2e/admin-web.spec.ts:1102:5 › FE-19 Chromium 22 个生产路由：en / 768px
[58/72] e2e/admin-web.spec.ts:1102:5 › FE-19 Chromium 22 个生产路由：en / 1440px
[59/72] e2e/admin-web.spec.ts:1123:1 › FE-19 语言选择在刷新后保持
[60/72] e2e/admin-web.spec.ts:1135:1 › QA-09 设备管理长别名和序列号在375px完整换行且不裁切
[61/72] e2e/qa05-workflows.spec.ts:33:3 › QA05 role route and button matrix PlatformSuperAdmin
[62/72] e2e/qa05-workflows.spec.ts:33:3 › QA05 role route and button matrix PlatformOperator
[63/72] e2e/qa05-workflows.spec.ts:33:3 › QA05 role route and button matrix Auditor
[64/72] e2e/qa05-workflows.spec.ts:33:3 › QA05 role route and button matrix CustomerAdmin
[65/72] e2e/qa05-workflows.spec.ts:33:3 › QA05 role route and button matrix CustomerViewer
[66/72] e2e/qa05-workflows.spec.ts:80:1 › QA05 login SRP MFA error success logout without persisting password
[67/72] e2e/qa05-workflows.spec.ts:146:1 › QA05 ESG cursor totals export snapshot timezone and empty state
[68/72] e2e/qa05-workflows.spec.ts:216:1 › QA05 Command dangerous confirmation terminal result and publish failure
[69/72] e2e/qa05-workflows.spec.ts:271:1 › QA05 Media expiry renew 403 and audit read-only zero writes
[70/72] e2e/ui-redesign.spec.ts:12:3 › UI redesign: all business routes at 1366x768
[71/72] e2e/ui-redesign.spec.ts:12:3 › UI redesign: all business routes at 1440x900
[72/72] e2e/ui-redesign.spec.ts:12:3 › UI redesign: all business routes at 1920x1080
  72 passed (1.5m)
QA05 phase=parallel-repeat durationMs=92349

> food-digester-platform@0.0.0 test:security-suite /Users/anray/Documents/project/hiddenjoyacom/food-digester-platform
> node --import tsx scripts/run-security-suite.mjs /tmp/fdp-security-gate.json


 RUN  v4.1.11 /Users/anray/Documents/project/hiddenjoyacom/food-digester-platform

 ✓ packages/database/test/db03.test.ts (10 tests) 1160ms
 ✓ packages/auth/test/device-mtls.test.ts (11 tests) 1335ms
 ✓ packages/auth/test/secure-package.test.ts (14 tests) 1494ms
 ✓ packages/auth/test/qa06-jwt-security.test.ts (1 test) 174ms
 ✓ packages/auth/test/cognito.test.ts (14 tests) 263ms
 ✓ apps/cloud-api/test/admin-lambda-composition.test.ts (12 tests) 687ms
 ✓ packages/aws-clients/test/iot-device-policy.test.ts (12 tests) 7ms
 ✓ apps/cloud-api/test/device-lambda-composition.test.ts (13 tests) 37ms
 ✓ packages/auth/test/guard.test.ts (10 tests) 66ms
 ✓ packages/observability/test/redaction.test.ts (8 tests) 6ms
 ✓ apps/cloud-api/test/ota-dispatch.test.ts (16 tests) 2069ms
 ✓ apps/cloud-api/test/admin-audit.test.ts (7 tests) 2361ms
 ✓ apps/cloud-api/test/admin-settings.test.ts (10 tests) 2411ms
 ✓ apps/cloud-api/test/csr-onboarding.test.ts (1 test) 2444ms
 ✓ apps/cloud-api/test/media.test.ts (12 tests) 2636ms
 ✓ apps/cloud-api/test/admin-command.test.ts (15 tests) 2689ms
     ✓ ACTIVE 设备：22 个命令全部创建成功并进入 AUTHORIZED  322ms
 ✓ apps/cloud-api/test/admin-user.test.ts (31 tests) 3058ms
 ✓ apps/cloud-api/test/admin-device-user.test.ts (8 tests) 3110ms
     ✓ 仅匹配具有目标设备 ACTIVE 分配的设备操作员  331ms
 ✓ apps/cloud-api/test/certificate-rotate.test.ts (8 tests) 3399ms
     ✓ 缺失 CSR 不签发；AWS attach 失败保留可重试停用记录并保留旧证  392ms
 ✓ apps/cloud-api/test/qa06-security.test.ts (4 tests) 3719ms
   ✓ QA06 signed tenant scope and SQL JSON injection cannot cross boundaries or corrupt business state  2275ms
   ✓ QA06 malicious media filenames and metadata reject before signing or persistence  649ms
   ✓ QA06 raw canaries are absent from actual logger trace audit and snapshot artifacts  579ms

 Test Files  20 passed (20)
      Tests  217 passed (217)
   Start at  11:37:58
   Duration  5.17s (transform 7.26s, setup 186ms, import 15.45s, tests 33.12s, environment 1ms)

JSON report written to /var/folders/k8/_4hymb6j59s0c8xntb11ktmc0000gn/T/qa06-security-8mBEd9/vitest.json

> food-digester-platform@0.0.0 test:reliability-suite /Users/anray/Documents/project/hiddenjoyacom/food-digester-platform
> node --import tsx scripts/run-reliability-suite.mjs /tmp/fdp-reliability-gate.json

JSON report written to /var/folders/k8/_4hymb6j59s0c8xntb11ktmc0000gn/T/qa07-reliability-qMlm3S/vitest.json

> food-digester-platform@0.0.0 test:prototype-regression /Users/anray/Documents/project/hiddenjoyacom/food-digester-platform
> node scripts/run-prototype-regression.mjs /tmp/fdp-prototype-regression-gate.json







Running 24 tests using 1 worker



[1/24] e2e/qa08-prototype.spec.ts:461:5 › QA08 dashboard 375
[2/24] e2e/qa08-prototype.spec.ts:461:5 › QA08 device-view 375
[3/24] e2e/qa08-prototype.spec.ts:461:5 › QA08 device-operate 375
[4/24] e2e/qa08-prototype.spec.ts:461:5 › QA08 device-group 375
[5/24] e2e/qa08-prototype.spec.ts:461:5 › QA08 device-manage 375
[6/24] e2e/qa08-prototype.spec.ts:461:5 › QA08 device-consumable 375
[7/24] e2e/qa08-prototype.spec.ts:461:5 › QA08 contract-modify 375
[8/24] e2e/qa08-prototype.spec.ts:461:5 › QA08 contract-new 375
[9/24] e2e/qa08-prototype.spec.ts:461:5 › QA08 contract-detail 375
[10/24] e2e/qa08-prototype.spec.ts:461:5 › QA08 esg-overview 375
[11/24] e2e/qa08-prototype.spec.ts:461:5 › QA08 esg-device 375
[12/24] e2e/qa08-prototype.spec.ts:461:5 › QA08 settings 375
[13/24] e2e/qa08-prototype.spec.ts:461:5 › QA08 dashboard 1440
[14/24] e2e/qa08-prototype.spec.ts:461:5 › QA08 device-view 1440
[15/24] e2e/qa08-prototype.spec.ts:461:5 › QA08 device-operate 1440
[16/24] e2e/qa08-prototype.spec.ts:461:5 › QA08 device-group 1440
[17/24] e2e/qa08-prototype.spec.ts:461:5 › QA08 device-manage 1440
[18/24] e2e/qa08-prototype.spec.ts:461:5 › QA08 device-consumable 1440
[19/24] e2e/qa08-prototype.spec.ts:461:5 › QA08 contract-modify 1440
[20/24] e2e/qa08-prototype.spec.ts:461:5 › QA08 contract-new 1440
[21/24] e2e/qa08-prototype.spec.ts:461:5 › QA08 contract-detail 1440
[22/24] e2e/qa08-prototype.spec.ts:461:5 › QA08 esg-overview 1440
[23/24] e2e/qa08-prototype.spec.ts:461:5 › QA08 esg-device 1440
[24/24] e2e/qa08-prototype.spec.ts:461:5 › QA08 settings 1440
  24 passed (1.9m)
