verify	UNKNOWN STEP	﻿2026-10-06T06:16:42.0821830Z Current runner version: '2.337.0'
verify	UNKNOWN STEP	2026-10-06T06:16:42.0847898Z ##[group]Runner Image Provisioner
verify	UNKNOWN STEP	2026-10-06T06:16:42.0848758Z Hosted Compute Agent
verify	UNKNOWN STEP	2026-10-06T06:16:42.0849454Z Version: 20260901.588
verify	UNKNOWN STEP	2026-10-06T06:16:42.0850111Z Commit: f88ec8081b781fac6c440065ac7ff9e710ce3d0b
verify	UNKNOWN STEP	2026-10-06T06:16:42.0850987Z Build Date: 2026-09-01T19:56:44Z
verify	UNKNOWN STEP	2026-10-06T06:16:42.0851705Z Worker ID: {68b97138-25c7-42b9-935b-26a54937748e}
verify	UNKNOWN STEP	2026-10-06T06:16:42.0852452Z Azure Region: centralus
verify	UNKNOWN STEP	2026-10-06T06:16:42.0853094Z ##[endgroup]
verify	UNKNOWN STEP	2026-10-06T06:16:42.0855061Z ##[group]Operating System
verify	UNKNOWN STEP	2026-10-06T06:16:42.0855762Z Ubuntu
verify	UNKNOWN STEP	2026-10-06T06:16:42.0856402Z 24.04.5
verify	UNKNOWN STEP	2026-10-06T06:16:42.0856927Z LTS
verify	UNKNOWN STEP	2026-10-06T06:16:42.0857488Z ##[endgroup]
verify	UNKNOWN STEP	2026-10-06T06:16:42.0858058Z ##[group]Runner Image
verify	UNKNOWN STEP	2026-10-06T06:16:42.0858727Z Image: ubuntu-24.04
verify	UNKNOWN STEP	2026-10-06T06:16:42.0859412Z Version: 20260927.320.1
verify	UNKNOWN STEP	2026-10-06T06:16:42.0860749Z Included Software: https://github.com/actions/runner-images/blob/ubuntu24/20260927.320/images/ubuntu/Ubuntu2404-Readme.md
verify	UNKNOWN STEP	2026-10-06T06:16:42.0862512Z Image Release: https://github.com/actions/runner-images/releases/tag/ubuntu24%2F20260927.320
verify	UNKNOWN STEP	2026-10-06T06:16:42.0863535Z ##[endgroup]
verify	UNKNOWN STEP	2026-10-06T06:16:42.0865189Z ##[group]GITHUB_TOKEN Permissions
verify	UNKNOWN STEP	2026-10-06T06:16:42.0867383Z Contents: read
verify	UNKNOWN STEP	2026-10-06T06:16:42.0868551Z Metadata: read
verify	UNKNOWN STEP	2026-10-06T06:16:42.0869241Z ##[endgroup]
verify	UNKNOWN STEP	2026-10-06T06:16:42.0871748Z Secret source: Actions
verify	UNKNOWN STEP	2026-10-06T06:16:42.0872776Z Cache mode: write
verify	UNKNOWN STEP	2026-10-06T06:16:42.0873904Z Prepare workflow directory
verify	UNKNOWN STEP	2026-10-06T06:16:42.1216618Z Prepare all required actions
verify	UNKNOWN STEP	2026-10-06T06:16:42.1267027Z Getting action download info
verify	UNKNOWN STEP	2026-10-06T06:16:42.4041587Z Download action repository 'actions/checkout@v7' (SHA:3d3c42e5aac5ba805825da76410c181273ba90b1)
verify	UNKNOWN STEP	2026-10-06T06:16:42.4850684Z Download action repository 'pnpm/action-setup@v6' (SHA:0977fd99725f1db4007ccb2928dbb4e90d06cc86)
verify	UNKNOWN STEP	2026-10-06T06:16:42.8019508Z Download action repository 'actions/setup-node@v5' (SHA:a0853c24544627f65ddf259abe73b1d18a591444)
verify	UNKNOWN STEP	2026-10-06T06:16:43.0413555Z Complete job name: verify
verify	UNKNOWN STEP	2026-10-06T06:16:43.1201514Z ##[group]Run actions/checkout@v7
verify	UNKNOWN STEP	2026-10-06T06:16:43.1202403Z with:
verify	UNKNOWN STEP	2026-10-06T06:16:43.1202859Z   persist-credentials: false
verify	UNKNOWN STEP	2026-10-06T06:16:43.1203445Z   repository: inrust/food-digester-platform
verify	UNKNOWN STEP	2026-10-06T06:16:43.1208118Z   token: ***
verify	UNKNOWN STEP	2026-10-06T06:16:43.1208569Z   ssh-strict: true
verify	UNKNOWN STEP	2026-10-06T06:16:43.1209009Z   ssh-user: git
verify	UNKNOWN STEP	2026-10-06T06:16:43.1209435Z   clean: true
verify	UNKNOWN STEP	2026-10-06T06:16:43.1209884Z   sparse-checkout-cone-mode: true
verify	UNKNOWN STEP	2026-10-06T06:16:43.1210470Z   fetch-depth: 1
verify	UNKNOWN STEP	2026-10-06T06:16:43.1210893Z   fetch-tags: false
verify	UNKNOWN STEP	2026-10-06T06:16:43.1211348Z   show-progress: true
verify	UNKNOWN STEP	2026-10-06T06:16:43.1211805Z   lfs: false
verify	UNKNOWN STEP	2026-10-06T06:16:43.1212223Z   submodules: false
verify	UNKNOWN STEP	2026-10-06T06:16:43.1212673Z   set-safe-directory: true
verify	UNKNOWN STEP	2026-10-06T06:16:43.1213185Z   allow-unsafe-pr-checkout: false
verify	UNKNOWN STEP	2026-10-06T06:16:43.1214228Z ##[endgroup]
verify	UNKNOWN STEP	2026-10-06T06:16:43.2235748Z Syncing repository: inrust/food-digester-platform
verify	UNKNOWN STEP	2026-10-06T06:16:43.2238460Z ##[group]Getting Git version info
verify	UNKNOWN STEP	2026-10-06T06:16:43.2240035Z Working directory is '/home/runner/work/food-digester-platform/food-digester-platform'
verify	UNKNOWN STEP	2026-10-06T06:16:43.2242020Z [command]/usr/bin/git version
verify	UNKNOWN STEP	2026-10-06T06:16:43.2325462Z git version 2.55.0
verify	UNKNOWN STEP	2026-10-06T06:16:43.2329282Z ##[endgroup]
verify	UNKNOWN STEP	2026-10-06T06:16:43.2337391Z Temporarily overriding HOME='/home/runner/work/_temp/a985a9a7-2c03-4566-9d15-03b07c0b4daa' before making global git config changes
verify	UNKNOWN STEP	2026-10-06T06:16:43.2340079Z Adding repository directory to the temporary git global config as a safe directory
verify	UNKNOWN STEP	2026-10-06T06:16:43.2343618Z [command]/usr/bin/git config --global --add safe.directory /home/runner/work/food-digester-platform/food-digester-platform
verify	UNKNOWN STEP	2026-10-06T06:16:43.2398376Z Deleting the contents of '/home/runner/work/food-digester-platform/food-digester-platform'
verify	UNKNOWN STEP	2026-10-06T06:16:43.2401691Z ##[group]Determining repository object format
verify	UNKNOWN STEP	2026-10-06T06:16:43.2403322Z ##[endgroup]
verify	UNKNOWN STEP	2026-10-06T06:16:43.2404789Z ##[group]Initializing the repository
verify	UNKNOWN STEP	2026-10-06T06:16:43.2408182Z [command]/usr/bin/git init /home/runner/work/food-digester-platform/food-digester-platform
verify	UNKNOWN STEP	2026-10-06T06:16:43.2502990Z hint: Using 'master' as the name for the initial branch. This default branch name
verify	UNKNOWN STEP	2026-10-06T06:16:43.2505153Z hint: will change to "main" in Git 3.0. To configure the initial branch name
verify	UNKNOWN STEP	2026-10-06T06:16:43.2507320Z hint: to use in all of your new repositories, which will suppress this warning,
verify	UNKNOWN STEP	2026-10-06T06:16:43.2509145Z hint: call:
verify	UNKNOWN STEP	2026-10-06T06:16:43.2509993Z hint:
verify	UNKNOWN STEP	2026-10-06T06:16:43.2510996Z hint: 	git config --global init.defaultBranch <name>
verify	UNKNOWN STEP	2026-10-06T06:16:43.2512177Z hint:
verify	UNKNOWN STEP	2026-10-06T06:16:43.2513417Z hint: Names commonly chosen instead of 'master' are 'main', 'trunk' and
verify	UNKNOWN STEP	2026-10-06T06:16:43.2515658Z hint: 'development'. The just-created branch can be renamed via this command:
verify	UNKNOWN STEP	2026-10-06T06:16:43.2517119Z hint:
verify	UNKNOWN STEP	2026-10-06T06:16:43.2517977Z hint: 	git branch -m <name>
verify	UNKNOWN STEP	2026-10-06T06:16:43.2518881Z hint:
verify	UNKNOWN STEP	2026-10-06T06:16:43.2519799Z hint: Disable this message with "git config set advice.defaultBranchName false"
verify	UNKNOWN STEP	2026-10-06T06:16:43.2521061Z Initialized empty Git repository in /home/runner/work/food-digester-platform/food-digester-platform/.git/
verify	UNKNOWN STEP	2026-10-06T06:16:43.2525303Z [command]/usr/bin/git remote add origin https://github.com/inrust/food-digester-platform
verify	UNKNOWN STEP	2026-10-06T06:16:43.2575749Z ##[endgroup]
verify	UNKNOWN STEP	2026-10-06T06:16:43.2577083Z ##[group]Disabling automatic garbage collection
verify	UNKNOWN STEP	2026-10-06T06:16:43.2579890Z [command]/usr/bin/git config --local gc.auto 0
verify	UNKNOWN STEP	2026-10-06T06:16:43.2614354Z ##[endgroup]
verify	UNKNOWN STEP	2026-10-06T06:16:43.2615686Z ##[group]Setting up auth
verify	UNKNOWN STEP	2026-10-06T06:16:43.2616659Z Removing SSH command configuration
verify	UNKNOWN STEP	2026-10-06T06:16:43.2622372Z [command]/usr/bin/git config --local --name-only --get-regexp core\.sshCommand
verify	UNKNOWN STEP	2026-10-06T06:16:43.2661159Z [command]/usr/bin/git submodule foreach --recursive sh -c "git config --local --name-only --get-regexp 'core\.sshCommand' && git config --local --unset-all 'core.sshCommand' || :"
verify	UNKNOWN STEP	2026-10-06T06:16:43.3007801Z Removing HTTP extra header
verify	UNKNOWN STEP	2026-10-06T06:16:43.3014809Z [command]/usr/bin/git config --local --name-only --get-regexp http\.https\:\/\/github\.com\/\.extraheader
verify	UNKNOWN STEP	2026-10-06T06:16:43.3052515Z [command]/usr/bin/git submodule foreach --recursive sh -c "git config --local --name-only --get-regexp 'http\.https\:\/\/github\.com\/\.extraheader' && git config --local --unset-all 'http.https://github.com/.extraheader' || :"
verify	UNKNOWN STEP	2026-10-06T06:16:43.3278875Z Removing includeIf entries pointing to credentials config files
verify	UNKNOWN STEP	2026-10-06T06:16:43.3283552Z [command]/usr/bin/git config --local --name-only --get-regexp ^includeIf\.gitdir:
verify	UNKNOWN STEP	2026-10-06T06:16:43.3326230Z [command]/usr/bin/git submodule foreach --recursive git config --local --show-origin --name-only --get-regexp remote.origin.url
verify	UNKNOWN STEP	2026-10-06T06:16:43.3552126Z [command]/usr/bin/git config --file /home/runner/work/_temp/git-credentials-1947bef6-33fe-4ca4-beef-ba8778d21d28.config http.https://github.com/.extraheader AUTHORIZATION: basic ***
verify	UNKNOWN STEP	2026-10-06T06:16:43.3593857Z [command]/usr/bin/git config --local includeIf.gitdir:/home/runner/work/food-digester-platform/food-digester-platform/.git.path /home/runner/work/_temp/git-credentials-1947bef6-33fe-4ca4-beef-ba8778d21d28.config
verify	UNKNOWN STEP	2026-10-06T06:16:43.3629055Z [command]/usr/bin/git config --local includeIf.gitdir:/home/runner/work/food-digester-platform/food-digester-platform/.git/worktrees/*.path /home/runner/work/_temp/git-credentials-1947bef6-33fe-4ca4-beef-ba8778d21d28.config
verify	UNKNOWN STEP	2026-10-06T06:16:43.3671077Z [command]/usr/bin/git config --local includeIf.gitdir:/github/workspace/.git.path /github/runner_temp/git-credentials-1947bef6-33fe-4ca4-beef-ba8778d21d28.config
verify	UNKNOWN STEP	2026-10-06T06:16:43.3706608Z [command]/usr/bin/git config --local includeIf.gitdir:/github/workspace/.git/worktrees/*.path /github/runner_temp/git-credentials-1947bef6-33fe-4ca4-beef-ba8778d21d28.config
verify	UNKNOWN STEP	2026-10-06T06:16:43.3737942Z ##[endgroup]
verify	UNKNOWN STEP	2026-10-06T06:16:43.3738705Z ##[group]Fetching the repository
verify	UNKNOWN STEP	2026-10-06T06:16:43.3744852Z [command]/usr/bin/git -c protocol.version=2 fetch --no-tags --prune --no-recurse-submodules --depth=1 origin +f341f684a9bb16e76788a0ba8a0c45317ac0fc3a:refs/remotes/origin/main
verify	UNKNOWN STEP	2026-10-06T06:16:46.2805701Z From https://github.com/inrust/food-digester-platform
verify	UNKNOWN STEP	2026-10-06T06:16:46.2806584Z  * [new ref]         f341f684a9bb16e76788a0ba8a0c45317ac0fc3a -> origin/main
verify	UNKNOWN STEP	2026-10-06T06:16:46.2815127Z [command]/usr/bin/git branch --list --remote origin/main
verify	UNKNOWN STEP	2026-10-06T06:16:46.2845960Z   origin/main
verify	UNKNOWN STEP	2026-10-06T06:16:46.2856361Z [command]/usr/bin/git rev-parse refs/remotes/origin/main
verify	UNKNOWN STEP	2026-10-06T06:16:46.2883358Z f341f684a9bb16e76788a0ba8a0c45317ac0fc3a
verify	UNKNOWN STEP	2026-10-06T06:16:46.2888516Z ##[endgroup]
verify	UNKNOWN STEP	2026-10-06T06:16:46.2889874Z ##[group]Determining the checkout info
verify	UNKNOWN STEP	2026-10-06T06:16:46.2891169Z ##[endgroup]
verify	UNKNOWN STEP	2026-10-06T06:16:46.2895103Z [command]/usr/bin/git sparse-checkout disable
verify	UNKNOWN STEP	2026-10-06T06:16:46.2948796Z [command]/usr/bin/git config --local --unset-all extensions.worktreeConfig
verify	UNKNOWN STEP	2026-10-06T06:16:46.2984474Z ##[group]Checking out the ref
verify	UNKNOWN STEP	2026-10-06T06:16:46.2989598Z [command]/usr/bin/git checkout --progress --force -B main refs/remotes/origin/main
verify	UNKNOWN STEP	2026-10-06T06:16:46.7569219Z Switched to a new branch 'main'
verify	UNKNOWN STEP	2026-10-06T06:16:46.7571844Z branch 'main' set up to track 'origin/main'.
verify	UNKNOWN STEP	2026-10-06T06:16:46.7608099Z ##[endgroup]
verify	UNKNOWN STEP	2026-10-06T06:16:46.7658093Z [command]/usr/bin/git log -1 --format=%H
verify	UNKNOWN STEP	2026-10-06T06:16:46.7687583Z f341f684a9bb16e76788a0ba8a0c45317ac0fc3a
verify	UNKNOWN STEP	2026-10-06T06:16:46.7696624Z ##[group]Removing auth
verify	UNKNOWN STEP	2026-10-06T06:16:46.7697207Z Removing SSH command configuration
verify	UNKNOWN STEP	2026-10-06T06:16:46.7700398Z [command]/usr/bin/git config --local --name-only --get-regexp core\.sshCommand
verify	UNKNOWN STEP	2026-10-06T06:16:46.7740968Z [command]/usr/bin/git submodule foreach --recursive sh -c "git config --local --name-only --get-regexp 'core\.sshCommand' && git config --local --unset-all 'core.sshCommand' || :"
verify	UNKNOWN STEP	2026-10-06T06:16:46.7971830Z Removing HTTP extra header
verify	UNKNOWN STEP	2026-10-06T06:16:46.7975679Z [command]/usr/bin/git config --local --name-only --get-regexp http\.https\:\/\/github\.com\/\.extraheader
verify	UNKNOWN STEP	2026-10-06T06:16:46.8011495Z [command]/usr/bin/git submodule foreach --recursive sh -c "git config --local --name-only --get-regexp 'http\.https\:\/\/github\.com\/\.extraheader' && git config --local --unset-all 'http.https://github.com/.extraheader' || :"
verify	UNKNOWN STEP	2026-10-06T06:16:46.8242547Z Removing includeIf entries pointing to credentials config files
verify	UNKNOWN STEP	2026-10-06T06:16:46.8243226Z [command]/usr/bin/git config --local --name-only --get-regexp ^includeIf\.gitdir:
verify	UNKNOWN STEP	2026-10-06T06:16:46.8274397Z includeif.gitdir:/home/runner/work/food-digester-platform/food-digester-platform/.git.path
verify	UNKNOWN STEP	2026-10-06T06:16:46.8276152Z includeif.gitdir:/home/runner/work/food-digester-platform/food-digester-platform/.git/worktrees/*.path
verify	UNKNOWN STEP	2026-10-06T06:16:46.8277386Z includeif.gitdir:/github/workspace/.git.path
verify	UNKNOWN STEP	2026-10-06T06:16:46.8278191Z includeif.gitdir:/github/workspace/.git/worktrees/*.path
verify	UNKNOWN STEP	2026-10-06T06:16:46.8285627Z [command]/usr/bin/git config --local --get-all includeif.gitdir:/home/runner/work/food-digester-platform/food-digester-platform/.git.path
verify	UNKNOWN STEP	2026-10-06T06:16:46.8312150Z /home/runner/work/_temp/git-credentials-1947bef6-33fe-4ca4-beef-ba8778d21d28.config
verify	UNKNOWN STEP	2026-10-06T06:16:46.8322950Z [command]/usr/bin/git config --local --unset includeif.gitdir:/home/runner/work/food-digester-platform/food-digester-platform/.git.path \/home\/runner\/work\/_temp\/git\-credentials\-1947bef6\-33fe\-4ca4\-beef\-ba8778d21d28\.config
verify	UNKNOWN STEP	2026-10-06T06:16:46.8361115Z [command]/usr/bin/git config --local --get-all includeif.gitdir:/home/runner/work/food-digester-platform/food-digester-platform/.git/worktrees/*.path
verify	UNKNOWN STEP	2026-10-06T06:16:46.8422112Z /home/runner/work/_temp/git-credentials-1947bef6-33fe-4ca4-beef-ba8778d21d28.config
verify	UNKNOWN STEP	2026-10-06T06:16:46.8431658Z [command]/usr/bin/git config --local --unset includeif.gitdir:/home/runner/work/food-digester-platform/food-digester-platform/.git/worktrees/*.path \/home\/runner\/work\/_temp\/git\-credentials\-1947bef6\-33fe\-4ca4\-beef\-ba8778d21d28\.config
verify	UNKNOWN STEP	2026-10-06T06:16:46.8470898Z [command]/usr/bin/git config --local --get-all includeif.gitdir:/github/workspace/.git.path
verify	UNKNOWN STEP	2026-10-06T06:16:46.8499430Z /github/runner_temp/git-credentials-1947bef6-33fe-4ca4-beef-ba8778d21d28.config
verify	UNKNOWN STEP	2026-10-06T06:16:46.8510210Z [command]/usr/bin/git config --local --unset includeif.gitdir:/github/workspace/.git.path \/github\/runner_temp\/git\-credentials\-1947bef6\-33fe\-4ca4\-beef\-ba8778d21d28\.config
verify	UNKNOWN STEP	2026-10-06T06:16:46.8548589Z [command]/usr/bin/git config --local --get-all includeif.gitdir:/github/workspace/.git/worktrees/*.path
verify	UNKNOWN STEP	2026-10-06T06:16:46.8576096Z /github/runner_temp/git-credentials-1947bef6-33fe-4ca4-beef-ba8778d21d28.config
verify	UNKNOWN STEP	2026-10-06T06:16:46.8594672Z [command]/usr/bin/git config --local --unset includeif.gitdir:/github/workspace/.git/worktrees/*.path \/github\/runner_temp\/git\-credentials\-1947bef6\-33fe\-4ca4\-beef\-ba8778d21d28\.config
verify	UNKNOWN STEP	2026-10-06T06:16:46.8625361Z [command]/usr/bin/git submodule foreach --recursive git config --local --show-origin --name-only --get-regexp remote.origin.url
verify	UNKNOWN STEP	2026-10-06T06:16:46.8875531Z Removing credentials config '/home/runner/work/_temp/git-credentials-1947bef6-33fe-4ca4-beef-ba8778d21d28.config'
verify	UNKNOWN STEP	2026-10-06T06:16:46.8885422Z ##[endgroup]
verify	UNKNOWN STEP	2026-10-06T06:16:46.9169854Z ##[group]Run pnpm/action-setup@v6
verify	UNKNOWN STEP	2026-10-06T06:16:46.9170225Z with:
verify	UNKNOWN STEP	2026-10-06T06:16:46.9170478Z   version: 10.20.0
verify	UNKNOWN STEP	2026-10-06T06:16:46.9170744Z   dest: ~/setup-pnpm
verify	UNKNOWN STEP	2026-10-06T06:16:46.9171009Z   run_install: null
verify	UNKNOWN STEP	2026-10-06T06:16:46.9171263Z   cache: false
verify	UNKNOWN STEP	2026-10-06T06:16:46.9171541Z   cache_dependency_path: pnpm-lock.yaml
verify	UNKNOWN STEP	2026-10-06T06:16:46.9171898Z   package_json_file: package.json
verify	UNKNOWN STEP	2026-10-06T06:16:46.9172204Z   standalone: false
verify	UNKNOWN STEP	2026-10-06T06:16:46.9172463Z ##[endgroup]
verify	UNKNOWN STEP	2026-10-06T06:16:47.0654717Z ##[group]Running self-installer...
verify	UNKNOWN STEP	2026-10-06T06:16:48.9077651Z 
verify	UNKNOWN STEP	2026-10-06T06:16:48.9078421Z added 1 package, and audited 2 packages in 2s
verify	UNKNOWN STEP	2026-10-06T06:16:48.9078966Z 
verify	UNKNOWN STEP	2026-10-06T06:16:48.9079170Z 1 package is looking for funding
verify	UNKNOWN STEP	2026-10-06T06:16:48.9079712Z   run `npm fund` for details
verify	UNKNOWN STEP	2026-10-06T06:16:48.9104574Z 
verify	UNKNOWN STEP	2026-10-06T06:16:48.9104945Z found 0 vulnerabilities
verify	UNKNOWN STEP	2026-10-06T06:16:49.5406713Z Checking for updates...
verify	UNKNOWN STEP	2026-10-06T06:16:49.9599180Z Switching pnpm from v11.19.0 to v10.20.0...
verify	UNKNOWN STEP	2026-10-06T06:16:50.5132730Z .../v11/998-1a10fdb9166-3497d182f0678ae5 | Progress: resolved 1, reused 0, downloaded 0, added 0
verify	UNKNOWN STEP	2026-10-06T06:16:50.5153664Z .../v11/998-1a10fdb9166-3497d182f0678ae5 |   +1 +
verify	UNKNOWN STEP	2026-10-06T06:16:50.7650703Z .../v11/998-1a10fdb9166-3497d182f0678ae5 | Progress: resolved 1, reused 0, downloaded 1, added 1, done
verify	UNKNOWN STEP	2026-10-06T06:16:51.1813817Z [WARN] Detected a pnpm v10 installation layout at PNPM_HOME. The pnpm shims at PNPM_HOME have been refreshed so the new version is active, but pnpm v11 expects bins in PNPM_HOME/bin. Run "pnpm setup" to migrate your PATH to the v11 layout.
verify	UNKNOWN STEP	2026-10-06T06:16:51.1847351Z Successfully updated pnpm to v10.20.0
verify	UNKNOWN STEP	2026-10-06T06:16:51.2150119Z ##[endgroup]
verify	UNKNOWN STEP	2026-10-06T06:16:51.2150757Z Installation Completed!
verify	UNKNOWN STEP	2026-10-06T06:16:51.2353763Z ##[group]Run actions/setup-node@v5
verify	UNKNOWN STEP	2026-10-06T06:16:51.2354399Z with:
verify	UNKNOWN STEP	2026-10-06T06:16:51.2354642Z   node-version-file: .nvmrc
verify	UNKNOWN STEP	2026-10-06T06:16:51.2354877Z   cache: pnpm
verify	UNKNOWN STEP	2026-10-06T06:16:51.2355075Z   always-auth: false
verify	UNKNOWN STEP	2026-10-06T06:16:51.2355290Z   check-latest: false
verify	UNKNOWN STEP	2026-10-06T06:16:51.2358201Z   token: ***
verify	UNKNOWN STEP	2026-10-06T06:16:51.2358441Z   package-manager-cache: true
verify	UNKNOWN STEP	2026-10-06T06:16:51.2358700Z env:
verify	UNKNOWN STEP	2026-10-06T06:16:51.2358943Z   PNPM_HOME: /home/runner/setup-pnpm/node_modules/.bin
verify	UNKNOWN STEP	2026-10-06T06:16:51.2359256Z ##[endgroup]
verify	UNKNOWN STEP	2026-10-06T06:16:51.3829571Z Node version file is not JSON file
verify	UNKNOWN STEP	2026-10-06T06:16:51.3831745Z Resolved .nvmrc as 24.12.0
verify	UNKNOWN STEP	2026-10-06T06:16:51.3846630Z Attempting to download 24.12.0...
verify	UNKNOWN STEP	2026-10-06T06:16:51.3960447Z (node:2486) [DEP0040] DeprecationWarning: The `punycode` module is deprecated. Please use a userland alternative instead.
verify	UNKNOWN STEP	2026-10-06T06:16:51.3961439Z (Use `node --trace-deprecation ...` to show where the warning was created)
verify	UNKNOWN STEP	2026-10-06T06:16:52.1718361Z Acquiring 24.12.0 - x64 from https://github.com/actions/node-versions/releases/download/24.12.0-20140960970/node-24.12.0-linux-x64.tar.gz
verify	UNKNOWN STEP	2026-10-06T06:16:52.7619190Z Extracting ...
verify	UNKNOWN STEP	2026-10-06T06:16:52.7746380Z [command]/usr/bin/tar xz --strip 1 --warning=no-unknown-keyword --overwrite -C /home/runner/work/_temp/e6fa25cb-36ba-4570-9cdc-b6dfcf336166 -f /home/runner/work/_temp/4a0b66b2-3f29-49bf-a098-145af94357c7
verify	UNKNOWN STEP	2026-10-06T06:16:54.0111324Z Adding to the cache ...
verify	UNKNOWN STEP	2026-10-06T06:16:56.1198076Z ##[group]Environment details
verify	UNKNOWN STEP	2026-10-06T06:16:56.3362317Z node: v24.12.0
verify	UNKNOWN STEP	2026-10-06T06:16:56.3362782Z npm: 11.6.2
verify	UNKNOWN STEP	2026-10-06T06:16:56.3363031Z yarn: 1.22.22
verify	UNKNOWN STEP	2026-10-06T06:16:56.3363701Z ##[endgroup]
verify	UNKNOWN STEP	2026-10-06T06:16:56.3394480Z [command]/home/runner/setup-pnpm/node_modules/.bin/bin/pnpm store path --silent
verify	UNKNOWN STEP	2026-10-06T06:16:56.7014255Z /home/runner/work/food-digester-platform/food-digester-platform/.pnpm-store/v10
verify	UNKNOWN STEP	2026-10-06T06:16:56.8285411Z Cache hit for: node-cache-Linux-x64-pnpm-75c7fc907608ab439a8b09d5d0397666b4d43ed5b2640c9ca959afdd991ed814
verify	UNKNOWN STEP	2026-10-06T06:16:56.8405502Z (node:2486) [DEP0169] DeprecationWarning: `url.parse()` behavior is not standardized and prone to errors that have security implications. Use the WHATWG URL API instead. CVEs are not issued for `url.parse()` vulnerabilities.
verify	UNKNOWN STEP	2026-10-06T06:16:57.9919815Z Received 109051904 of 267652001 (40.7%), 104.1 MBs/sec
verify	UNKNOWN STEP	2026-10-06T06:16:58.8807053Z Received 267652001 of 267652001 (100.0%), 135.2 MBs/sec
verify	UNKNOWN STEP	2026-10-06T06:16:58.8807702Z Cache Size: ~255 MB (267652001 B)
verify	UNKNOWN STEP	2026-10-06T06:16:58.8842274Z [command]/usr/bin/tar -xf /home/runner/work/_temp/92f0c6bb-e6ec-44cf-8107-5fb48566490d/cache.tzst -P -C /home/runner/work/food-digester-platform/food-digester-platform --use-compress-program unzstd
verify	UNKNOWN STEP	2026-10-06T06:17:01.6680550Z Cache restored successfully
verify	UNKNOWN STEP	2026-10-06T06:17:01.6805031Z Cache restored from key: node-cache-Linux-x64-pnpm-75c7fc907608ab439a8b09d5d0397666b4d43ed5b2640c9ca959afdd991ed814
verify	UNKNOWN STEP	2026-10-06T06:17:01.7007964Z ##[group]Run pnpm install --frozen-lockfile
verify	UNKNOWN STEP	2026-10-06T06:17:01.7008396Z ^[[36;1mpnpm install --frozen-lockfile^[[0m
verify	UNKNOWN STEP	2026-10-06T06:17:01.7264907Z shell: /usr/bin/bash -e {0}
verify	UNKNOWN STEP	2026-10-06T06:17:01.7265276Z env:
verify	UNKNOWN STEP	2026-10-06T06:17:01.7265609Z   PNPM_HOME: /home/runner/setup-pnpm/node_modules/.bin
verify	UNKNOWN STEP	2026-10-06T06:17:01.7266039Z ##[endgroup]
verify	UNKNOWN STEP	2026-10-06T06:17:02.0343780Z Scope: all 14 workspace projects
verify	UNKNOWN STEP	2026-10-06T06:17:02.0789999Z Lockfile is up to date, resolution step is skipped
verify	UNKNOWN STEP	2026-10-06T06:17:02.2185926Z Packages: +535
verify	UNKNOWN STEP	2026-10-06T06:17:02.2195315Z ++++++++++++++++++++++++++++++++++++++++++++++++++++++++++++++++++++++++++++++++
verify	UNKNOWN STEP	2026-10-06T06:17:02.2255053Z Progress: resolved 0, reused 1, downloaded 0, added 0
verify	UNKNOWN STEP	2026-10-06T06:17:03.2219815Z Progress: resolved 0, reused 527, downloaded 0, added 308
verify	UNKNOWN STEP	2026-10-06T06:17:03.6789648Z Progress: resolved 0, reused 527, downloaded 0, added 535, done
verify	UNKNOWN STEP	2026-10-06T06:17:03.8530467Z 
verify	UNKNOWN STEP	2026-10-06T06:17:03.9246265Z Done in 2.1s using pnpm v10.20.0
verify	UNKNOWN STEP	2026-10-06T06:17:03.9616354Z ##[group]Run pnpm exec playwright install --with-deps chromium
verify	UNKNOWN STEP	2026-10-06T06:17:03.9616856Z ^[[36;1mpnpm exec playwright install --with-deps chromium^[[0m
verify	UNKNOWN STEP	2026-10-06T06:17:03.9682269Z shell: /usr/bin/bash -e {0}
verify	UNKNOWN STEP	2026-10-06T06:17:03.9682553Z env:
verify	UNKNOWN STEP	2026-10-06T06:17:03.9682826Z   PNPM_HOME: /home/runner/setup-pnpm/node_modules/.bin
verify	UNKNOWN STEP	2026-10-06T06:17:03.9683177Z ##[endgroup]
verify	UNKNOWN STEP	2026-10-06T06:17:04.7339302Z Installing dependencies...
verify	UNKNOWN STEP	2026-10-06T06:17:04.7420154Z Switching to root user to install dependencies...
verify	UNKNOWN STEP	2026-10-06T06:17:04.8291366Z Get:1 file:/etc/apt/apt-mirrors.txt Mirrorlist [144 B]
verify	UNKNOWN STEP	2026-10-06T06:17:04.8650545Z Hit:2 http://azure.archive.ubuntu.com/ubuntu noble InRelease
verify	UNKNOWN STEP	2026-10-06T06:17:04.8652945Z Get:6 https://packages.microsoft.com/ubuntu/24.04/prod noble InRelease [3600 B]
verify	UNKNOWN STEP	2026-10-06T06:17:04.8666392Z Get:3 http://azure.archive.ubuntu.com/ubuntu noble-updates InRelease [126 kB]
verify	UNKNOWN STEP	2026-10-06T06:17:04.8702742Z Get:4 http://azure.archive.ubuntu.com/ubuntu noble-backports InRelease [126 kB]
verify	UNKNOWN STEP	2026-10-06T06:17:04.8736740Z Get:5 http://azure.archive.ubuntu.com/ubuntu noble-security InRelease [126 kB]
verify	UNKNOWN STEP	2026-10-06T06:17:04.9937940Z Get:7 https://packages.microsoft.com/ubuntu/24.04/prod noble/main amd64 Packages [515 kB]
verify	UNKNOWN STEP	2026-10-06T06:17:05.0075346Z Get:8 https://packages.microsoft.com/ubuntu/24.04/prod noble/main arm64 Packages [458 kB]
verify	UNKNOWN STEP	2026-10-06T06:17:05.0159091Z Get:9 https://packages.microsoft.com/ubuntu/24.04/prod noble/main armhf Packages [12.6 kB]
verify	UNKNOWN STEP	2026-10-06T06:17:05.0418680Z Get:10 http://azure.archive.ubuntu.com/ubuntu noble-updates/main amd64 Packages [1370 kB]
verify	UNKNOWN STEP	2026-10-06T06:17:05.0502785Z Get:11 http://azure.archive.ubuntu.com/ubuntu noble-updates/main Translation-en [305 kB]
verify	UNKNOWN STEP	2026-10-06T06:17:05.0515778Z Get:12 http://azure.archive.ubuntu.com/ubuntu noble-updates/main amd64 Components [181 kB]
verify	UNKNOWN STEP	2026-10-06T06:17:05.0532736Z Get:13 http://azure.archive.ubuntu.com/ubuntu noble-updates/universe amd64 Packages [1701 kB]
verify	UNKNOWN STEP	2026-10-06T06:17:05.0617423Z Get:14 http://azure.archive.ubuntu.com/ubuntu noble-updates/universe Translation-en [341 kB]
verify	UNKNOWN STEP	2026-10-06T06:17:05.0645571Z Get:15 http://azure.archive.ubuntu.com/ubuntu noble-updates/universe amd64 Components [388 kB]
verify	UNKNOWN STEP	2026-10-06T06:17:05.0695314Z Get:16 http://azure.archive.ubuntu.com/ubuntu noble-updates/restricted amd64 Packages [1728 kB]
verify	UNKNOWN STEP	2026-10-06T06:17:05.0801741Z Get:17 http://azure.archive.ubuntu.com/ubuntu noble-updates/restricted Translation-en [395 kB]
verify	UNKNOWN STEP	2026-10-06T06:17:05.0823313Z Get:18 http://azure.archive.ubuntu.com/ubuntu noble-updates/multiverse Translation-en [13.3 kB]
verify	UNKNOWN STEP	2026-10-06T06:17:05.0825569Z Get:19 http://azure.archive.ubuntu.com/ubuntu noble-updates/multiverse amd64 Components [940 B]
verify	UNKNOWN STEP	2026-10-06T06:17:05.1469135Z Get:20 http://azure.archive.ubuntu.com/ubuntu noble-backports/main amd64 Components [5764 B]
verify	UNKNOWN STEP	2026-10-06T06:17:05.1482048Z Get:21 http://azure.archive.ubuntu.com/ubuntu noble-backports/universe amd64 Components [12.6 kB]
verify	UNKNOWN STEP	2026-10-06T06:17:05.1568687Z Get:22 http://azure.archive.ubuntu.com/ubuntu noble-security/main amd64 Packages [1071 kB]
verify	UNKNOWN STEP	2026-10-06T06:17:05.1634126Z Get:23 http://azure.archive.ubuntu.com/ubuntu noble-security/main Translation-en [222 kB]
verify	UNKNOWN STEP	2026-10-06T06:17:05.1653519Z Get:24 http://azure.archive.ubuntu.com/ubuntu noble-security/main amd64 Components [46.4 kB]
verify	UNKNOWN STEP	2026-10-06T06:17:05.1665543Z Get:25 http://azure.archive.ubuntu.com/ubuntu noble-security/universe amd64 Packages [1216 kB]
verify	UNKNOWN STEP	2026-10-06T06:17:05.1736295Z Get:26 http://azure.archive.ubuntu.com/ubuntu noble-security/universe Translation-en [244 kB]
verify	UNKNOWN STEP	2026-10-06T06:17:05.1756902Z Get:27 http://azure.archive.ubuntu.com/ubuntu noble-security/universe amd64 Components [76.3 kB]
verify	UNKNOWN STEP	2026-10-06T06:17:05.1770361Z Get:28 http://azure.archive.ubuntu.com/ubuntu noble-security/restricted amd64 Packages [1566 kB]
verify	UNKNOWN STEP	2026-10-06T06:17:05.1884859Z Get:29 http://azure.archive.ubuntu.com/ubuntu noble-security/restricted Translation-en [361 kB]
verify	UNKNOWN STEP	2026-10-06T06:17:10.2171108Z Fetched 12.6 MB in 1s (9350 kB/s)
verify	UNKNOWN STEP	2026-10-06T06:17:11.1019583Z Reading package lists...
verify	UNKNOWN STEP	2026-10-06T06:17:11.1265071Z Reading package lists...
verify	UNKNOWN STEP	2026-10-06T06:17:11.3352482Z Building dependency tree...
verify	UNKNOWN STEP	2026-10-06T06:17:11.3359559Z Reading state information...
verify	UNKNOWN STEP	2026-10-06T06:17:11.4844832Z libasound2t64 is already the newest version (1.2.11-1ubuntu0.3).
verify	UNKNOWN STEP	2026-10-06T06:17:11.4846032Z libasound2t64 set to manually installed.
verify	UNKNOWN STEP	2026-10-06T06:17:11.4847121Z libatk-bridge2.0-0t64 is already the newest version (2.52.0-1build1).
verify	UNKNOWN STEP	2026-10-06T06:17:11.4848058Z libatk-bridge2.0-0t64 set to manually installed.
verify	UNKNOWN STEP	2026-10-06T06:17:11.4848873Z libatk1.0-0t64 is already the newest version (2.52.0-1build1).
verify	UNKNOWN STEP	2026-10-06T06:17:11.4849583Z libatk1.0-0t64 set to manually installed.
verify	UNKNOWN STEP	2026-10-06T06:17:11.4850313Z libatspi2.0-0t64 is already the newest version (2.52.0-1build1).
verify	UNKNOWN STEP	2026-10-06T06:17:11.4851135Z libatspi2.0-0t64 set to manually installed.
verify	UNKNOWN STEP	2026-10-06T06:17:11.4851957Z libcairo2 is already the newest version (1.18.0-3build1).
verify	UNKNOWN STEP	2026-10-06T06:17:11.4852485Z libcairo2 set to manually installed.
verify	UNKNOWN STEP	2026-10-06T06:17:11.4853069Z libcups2t64 is already the newest version (2.4.7-1.2ubuntu7.14).
verify	UNKNOWN STEP	2026-10-06T06:17:11.4853630Z libcups2t64 set to manually installed.
verify	UNKNOWN STEP	2026-10-06T06:17:11.4854561Z libdbus-1-3 is already the newest version (1.14.10-4ubuntu4.1).
verify	UNKNOWN STEP	2026-10-06T06:17:11.4855984Z libdbus-1-3 set to manually installed.
verify	UNKNOWN STEP	2026-10-06T06:17:11.4856939Z libdrm2 is already the newest version (2.4.125-1ubuntu0.1~24.04.2).
verify	UNKNOWN STEP	2026-10-06T06:17:11.4857790Z libdrm2 set to manually installed.
verify	UNKNOWN STEP	2026-10-06T06:17:11.4858579Z libglib2.0-0t64 is already the newest version (2.80.0-6ubuntu3.9).
verify	UNKNOWN STEP	2026-10-06T06:17:11.4859490Z libglib2.0-0t64 set to manually installed.
verify	UNKNOWN STEP	2026-10-06T06:17:11.4860330Z libnspr4 is already the newest version (2:4.35-1.1build1).
verify	UNKNOWN STEP	2026-10-06T06:17:11.4861080Z libnspr4 set to manually installed.
verify	UNKNOWN STEP	2026-10-06T06:17:11.4861835Z libnss3 is already the newest version (2:3.98-1ubuntu0.2).
verify	UNKNOWN STEP	2026-10-06T06:17:11.4862585Z libnss3 set to manually installed.
verify	UNKNOWN STEP	2026-10-06T06:17:11.4863389Z libpango-1.0-0 is already the newest version (1.52.1+ds-1build1).
verify	UNKNOWN STEP	2026-10-06T06:17:11.4866162Z libpango-1.0-0 set to manually installed.
verify	UNKNOWN STEP	2026-10-06T06:17:11.4866991Z libx11-6 is already the newest version (2:1.8.7-1build1).
verify	UNKNOWN STEP	2026-10-06T06:17:11.4867709Z libx11-6 set to manually installed.
verify	UNKNOWN STEP	2026-10-06T06:17:11.4868433Z libxcb1 is already the newest version (1.15-1ubuntu2).
verify	UNKNOWN STEP	2026-10-06T06:17:11.4869147Z libxcb1 set to manually installed.
verify	UNKNOWN STEP	2026-10-06T06:17:11.4869948Z libxcomposite1 is already the newest version (1:0.4.5-1build3).
verify	UNKNOWN STEP	2026-10-06T06:17:11.4870759Z libxcomposite1 set to manually installed.
verify	UNKNOWN STEP	2026-10-06T06:17:11.4871553Z libxdamage1 is already the newest version (1:1.1.6-1build1).
verify	UNKNOWN STEP	2026-10-06T06:17:11.4872333Z libxdamage1 set to manually installed.
verify	UNKNOWN STEP	2026-10-06T06:17:11.4873126Z libxext6 is already the newest version (2:1.3.4-1build2).
verify	UNKNOWN STEP	2026-10-06T06:17:11.4873872Z libxext6 set to manually installed.
verify	UNKNOWN STEP	2026-10-06T06:17:11.4874951Z libxfixes3 is already the newest version (1:6.0.0-2build1).
verify	UNKNOWN STEP	2026-10-06T06:17:11.4875739Z libxfixes3 set to manually installed.
verify	UNKNOWN STEP	2026-10-06T06:17:11.4876550Z libxkbcommon0 is already the newest version (1.6.0-1build1).
verify	UNKNOWN STEP	2026-10-06T06:17:11.4877363Z libxkbcommon0 set to manually installed.
verify	UNKNOWN STEP	2026-10-06T06:17:11.4878188Z libxrandr2 is already the newest version (2:1.5.2-2build1).
verify	UNKNOWN STEP	2026-10-06T06:17:11.4878995Z libxrandr2 set to manually installed.
verify	UNKNOWN STEP	2026-10-06T06:17:11.4879809Z xvfb is already the newest version (2:21.1.12-1ubuntu1.8).
verify	UNKNOWN STEP	2026-10-06T06:17:11.4880907Z fonts-noto-color-emoji is already the newest version (2.047-0ubuntu0.24.04.1).
verify	UNKNOWN STEP	2026-10-06T06:17:11.4882112Z libfontconfig1 is already the newest version (2.15.0-1.1ubuntu2).
verify	UNKNOWN STEP	2026-10-06T06:17:11.4882957Z libfontconfig1 set to manually installed.
verify	UNKNOWN STEP	2026-10-06T06:17:11.4883823Z libfreetype6 is already the newest version (2.13.2+dfsg-1ubuntu0.1).
verify	UNKNOWN STEP	2026-10-06T06:17:11.4884918Z libfreetype6 set to manually installed.
verify	UNKNOWN STEP	2026-10-06T06:17:11.4885758Z fonts-liberation is already the newest version (1:2.1.5-3).
verify	UNKNOWN STEP	2026-10-06T06:17:11.4886554Z fonts-liberation set to manually installed.
verify	UNKNOWN STEP	2026-10-06T06:17:11.4887598Z The following additional packages will be installed:
verify	UNKNOWN STEP	2026-10-06T06:17:11.4888584Z   libgl1-mesa-dri libglx-mesa0 mesa-libgallium xfonts-encodings xfonts-utils
verify	UNKNOWN STEP	2026-10-06T06:17:11.4889383Z Recommended packages:
verify	UNKNOWN STEP	2026-10-06T06:17:11.4889909Z   fonts-ipafont-mincho fonts-tlwg-loma
verify	UNKNOWN STEP	2026-10-06T06:17:11.5047585Z The following NEW packages will be installed:
verify	UNKNOWN STEP	2026-10-06T06:17:11.5048300Z   fonts-freefont-ttf fonts-ipafont-gothic fonts-tlwg-loma-otf fonts-unifont
verify	UNKNOWN STEP	2026-10-06T06:17:11.5054561Z   fonts-wqy-zenhei xfonts-cyrillic xfonts-encodings xfonts-scalable
verify	UNKNOWN STEP	2026-10-06T06:17:11.5055225Z   xfonts-utils
verify	UNKNOWN STEP	2026-10-06T06:17:11.5065253Z The following packages will be upgraded:
verify	UNKNOWN STEP	2026-10-06T06:17:11.5065887Z   libgbm1 libgl1-mesa-dri libglx-mesa0 mesa-libgallium
verify	UNKNOWN STEP	2026-10-06T06:17:11.5236402Z 4 upgraded, 9 newly installed, 0 to remove and 21 not upgraded.
verify	UNKNOWN STEP	2026-10-06T06:17:11.5237177Z Need to get 32.1 MB of archives.
verify	UNKNOWN STEP	2026-10-06T06:17:11.5237958Z After this operation, 79.5 MB of additional disk space will be used.
verify	UNKNOWN STEP	2026-10-06T06:17:11.5238886Z Get:1 file:/etc/apt/apt-mirrors.txt Mirrorlist [144 B]
verify	UNKNOWN STEP	2026-10-06T06:17:11.5752580Z Get:2 http://azure.archive.ubuntu.com/ubuntu noble/universe amd64 fonts-ipafont-gothic all 00303-21ubuntu1 [3513 kB]
verify	UNKNOWN STEP	2026-10-06T06:17:11.6467696Z Get:3 http://azure.archive.ubuntu.com/ubuntu noble/main amd64 fonts-freefont-ttf all 20211204+svn4273-2 [5641 kB]
verify	UNKNOWN STEP	2026-10-06T06:17:11.7228242Z Get:4 http://azure.archive.ubuntu.com/ubuntu noble/universe amd64 fonts-tlwg-loma-otf all 1:0.7.3-1 [107 kB]
verify	UNKNOWN STEP	2026-10-06T06:17:11.7542335Z Get:5 http://azure.archive.ubuntu.com/ubuntu noble/universe amd64 fonts-unifont all 1:15.1.01-1build1 [2993 kB]
verify	UNKNOWN STEP	2026-10-06T06:17:11.8062879Z Get:6 http://azure.archive.ubuntu.com/ubuntu noble/universe amd64 fonts-wqy-zenhei all 0.9.45-8 [7472 kB]
verify	UNKNOWN STEP	2026-10-06T06:17:11.8990179Z Get:7 http://azure.archive.ubuntu.com/ubuntu noble-updates/main amd64 libgl1-mesa-dri amd64 25.2.8-0ubuntu0.24.04.4 [38.0 kB]
verify	UNKNOWN STEP	2026-10-06T06:17:11.9269513Z Get:8 http://azure.archive.ubuntu.com/ubuntu noble-updates/main amd64 libglx-mesa0 amd64 25.2.8-0ubuntu0.24.04.4 [110 kB]
verify	UNKNOWN STEP	2026-10-06T06:17:11.9557080Z Get:9 http://azure.archive.ubuntu.com/ubuntu noble-updates/main amd64 libgbm1 amd64 25.2.8-0ubuntu0.24.04.4 [34.2 kB]
verify	UNKNOWN STEP	2026-10-06T06:17:11.9838122Z Get:10 http://azure.archive.ubuntu.com/ubuntu noble-updates/main amd64 mesa-libgallium amd64 25.2.8-0ubuntu0.24.04.4 [10.8 MB]
verify	UNKNOWN STEP	2026-10-06T06:17:12.1059176Z Get:11 http://azure.archive.ubuntu.com/ubuntu noble/main amd64 xfonts-encodings all 1:1.0.5-0ubuntu2 [578 kB]
verify	UNKNOWN STEP	2026-10-06T06:17:12.1378613Z Get:12 http://azure.archive.ubuntu.com/ubuntu noble/main amd64 xfonts-utils amd64 1:7.7+6build3 [94.4 kB]
verify	UNKNOWN STEP	2026-10-06T06:17:12.1663199Z Get:13 http://azure.archive.ubuntu.com/ubuntu noble/universe amd64 xfonts-cyrillic all 1:1.0.5+nmu1 [384 kB]
verify	UNKNOWN STEP	2026-10-06T06:17:12.1969460Z Get:14 http://azure.archive.ubuntu.com/ubuntu noble/main amd64 xfonts-scalable all 1:1.0.3-1.3 [304 kB]
verify	UNKNOWN STEP	2026-10-06T06:17:12.4549395Z Fetched 32.1 MB in 1s (46.7 MB/s)
verify	UNKNOWN STEP	2026-10-06T06:17:12.4798325Z Selecting previously unselected package fonts-ipafont-gothic.
verify	UNKNOWN STEP	2026-10-06T06:17:12.5052050Z (Reading database ... 
verify	UNKNOWN STEP	2026-10-06T06:17:12.5052458Z (Reading database ... 5%
verify	UNKNOWN STEP	2026-10-06T06:17:12.5052923Z (Reading database ... 10%
verify	UNKNOWN STEP	2026-10-06T06:17:12.5053274Z (Reading database ... 15%
verify	UNKNOWN STEP	2026-10-06T06:17:12.5053592Z (Reading database ... 20%
verify	UNKNOWN STEP	2026-10-06T06:17:12.5053871Z (Reading database ... 25%
verify	UNKNOWN STEP	2026-10-06T06:17:12.5054365Z (Reading database ... 30%
verify	UNKNOWN STEP	2026-10-06T06:17:12.5054644Z (Reading database ... 35%
verify	UNKNOWN STEP	2026-10-06T06:17:12.5055028Z (Reading database ... 40%
verify	UNKNOWN STEP	2026-10-06T06:17:12.5055496Z (Reading database ... 45%
verify	UNKNOWN STEP	2026-10-06T06:17:12.5056006Z (Reading database ... 50%
verify	UNKNOWN STEP	2026-10-06T06:17:12.5107639Z (Reading database ... 55%
verify	UNKNOWN STEP	2026-10-06T06:17:12.6289861Z (Reading database ... 60%
verify	UNKNOWN STEP	2026-10-06T06:17:12.8157255Z (Reading database ... 65%
verify	UNKNOWN STEP	2026-10-06T06:17:13.0235880Z (Reading database ... 70%
verify	UNKNOWN STEP	2026-10-06T06:17:13.2297240Z (Reading database ... 75%
verify	UNKNOWN STEP	2026-10-06T06:17:13.3721198Z (Reading database ... 80%
verify	UNKNOWN STEP	2026-10-06T06:17:13.6210256Z (Reading database ... 85%
verify	UNKNOWN STEP	2026-10-06T06:17:13.8268133Z (Reading database ... 90%
verify	UNKNOWN STEP	2026-10-06T06:17:13.9789264Z (Reading database ... 95%
verify	UNKNOWN STEP	2026-10-06T06:17:13.9789934Z (Reading database ... 100%
verify	UNKNOWN STEP	2026-10-06T06:17:13.9790943Z (Reading database ... 202296 files and directories currently installed.)
verify	UNKNOWN STEP	2026-10-06T06:17:13.9835495Z Preparing to unpack .../00-fonts-ipafont-gothic_00303-21ubuntu1_all.deb ...
verify	UNKNOWN STEP	2026-10-06T06:17:13.9933242Z Unpacking fonts-ipafont-gothic (00303-21ubuntu1) ...
verify	UNKNOWN STEP	2026-10-06T06:17:14.2210835Z Selecting previously unselected package fonts-freefont-ttf.
verify	UNKNOWN STEP	2026-10-06T06:17:14.2339952Z Preparing to unpack .../01-fonts-freefont-ttf_20211204+svn4273-2_all.deb ...
verify	UNKNOWN STEP	2026-10-06T06:17:14.2347222Z Unpacking fonts-freefont-ttf (20211204+svn4273-2) ...
verify	UNKNOWN STEP	2026-10-06T06:17:14.3109692Z Selecting previously unselected package fonts-tlwg-loma-otf.
verify	UNKNOWN STEP	2026-10-06T06:17:14.3238559Z Preparing to unpack .../02-fonts-tlwg-loma-otf_1%3a0.7.3-1_all.deb ...
verify	UNKNOWN STEP	2026-10-06T06:17:14.3247022Z Unpacking fonts-tlwg-loma-otf (1:0.7.3-1) ...
verify	UNKNOWN STEP	2026-10-06T06:17:14.3445173Z Selecting previously unselected package fonts-unifont.
verify	UNKNOWN STEP	2026-10-06T06:17:14.3572217Z Preparing to unpack .../03-fonts-unifont_1%3a15.1.01-1build1_all.deb ...
verify	UNKNOWN STEP	2026-10-06T06:17:14.3579568Z Unpacking fonts-unifont (1:15.1.01-1build1) ...
verify	UNKNOWN STEP	2026-10-06T06:17:14.4607203Z Selecting previously unselected package fonts-wqy-zenhei.
verify	UNKNOWN STEP	2026-10-06T06:17:14.4734586Z Preparing to unpack .../04-fonts-wqy-zenhei_0.9.45-8_all.deb ...
verify	UNKNOWN STEP	2026-10-06T06:17:14.4832856Z Unpacking fonts-wqy-zenhei (0.9.45-8) ...
verify	UNKNOWN STEP	2026-10-06T06:17:14.9669718Z Preparing to unpack .../05-libgl1-mesa-dri_25.2.8-0ubuntu0.24.04.4_amd64.deb ...
verify	UNKNOWN STEP	2026-10-06T06:17:14.9806765Z Unpacking libgl1-mesa-dri:amd64 (25.2.8-0ubuntu0.24.04.4) over (25.2.8-0ubuntu0.24.04.2) ...
verify	UNKNOWN STEP	2026-10-06T06:17:15.0275865Z Preparing to unpack .../06-libglx-mesa0_25.2.8-0ubuntu0.24.04.4_amd64.deb ...
verify	UNKNOWN STEP	2026-10-06T06:17:15.0302729Z Unpacking libglx-mesa0:amd64 (25.2.8-0ubuntu0.24.04.4) over (25.2.8-0ubuntu0.24.04.2) ...
verify	UNKNOWN STEP	2026-10-06T06:17:15.0663325Z Preparing to unpack .../07-libgbm1_25.2.8-0ubuntu0.24.04.4_amd64.deb ...
verify	UNKNOWN STEP	2026-10-06T06:17:15.0683626Z Unpacking libgbm1:amd64 (25.2.8-0ubuntu0.24.04.4) over (25.2.8-0ubuntu0.24.04.2) ...
verify	UNKNOWN STEP	2026-10-06T06:17:15.1059952Z Preparing to unpack .../08-mesa-libgallium_25.2.8-0ubuntu0.24.04.4_amd64.deb ...
verify	UNKNOWN STEP	2026-10-06T06:17:15.1081113Z Unpacking mesa-libgallium:amd64 (25.2.8-0ubuntu0.24.04.4) over (25.2.8-0ubuntu0.24.04.2) ...
verify	UNKNOWN STEP	2026-10-06T06:17:15.2790079Z Selecting previously unselected package xfonts-encodings.
verify	UNKNOWN STEP	2026-10-06T06:17:15.2921170Z Preparing to unpack .../09-xfonts-encodings_1%3a1.0.5-0ubuntu2_all.deb ...
verify	UNKNOWN STEP	2026-10-06T06:17:15.2928295Z Unpacking xfonts-encodings (1:1.0.5-0ubuntu2) ...
verify	UNKNOWN STEP	2026-10-06T06:17:15.3216483Z Selecting previously unselected package xfonts-utils.
verify	UNKNOWN STEP	2026-10-06T06:17:15.3344680Z Preparing to unpack .../10-xfonts-utils_1%3a7.7+6build3_amd64.deb ...
verify	UNKNOWN STEP	2026-10-06T06:17:15.3351186Z Unpacking xfonts-utils (1:7.7+6build3) ...
verify	UNKNOWN STEP	2026-10-06T06:17:15.3678978Z Selecting previously unselected package xfonts-cyrillic.
verify	UNKNOWN STEP	2026-10-06T06:17:15.3806562Z Preparing to unpack .../11-xfonts-cyrillic_1%3a1.0.5+nmu1_all.deb ...
verify	UNKNOWN STEP	2026-10-06T06:17:15.3813558Z Unpacking xfonts-cyrillic (1:1.0.5+nmu1) ...
verify	UNKNOWN STEP	2026-10-06T06:17:15.4155544Z Selecting previously unselected package xfonts-scalable.
verify	UNKNOWN STEP	2026-10-06T06:17:15.4283052Z Preparing to unpack .../12-xfonts-scalable_1%3a1.0.3-1.3_all.deb ...
verify	UNKNOWN STEP	2026-10-06T06:17:15.4289947Z Unpacking xfonts-scalable (1:1.0.3-1.3) ...
verify	UNKNOWN STEP	2026-10-06T06:17:15.4743941Z Setting up mesa-libgallium:amd64 (25.2.8-0ubuntu0.24.04.4) ...
verify	UNKNOWN STEP	2026-10-06T06:17:15.4772637Z Setting up libgbm1:amd64 (25.2.8-0ubuntu0.24.04.4) ...
verify	UNKNOWN STEP	2026-10-06T06:17:15.4791221Z Setting up libgl1-mesa-dri:amd64 (25.2.8-0ubuntu0.24.04.4) ...
verify	UNKNOWN STEP	2026-10-06T06:17:15.4864939Z Setting up fonts-wqy-zenhei (0.9.45-8) ...
verify	UNKNOWN STEP	2026-10-06T06:17:15.4981685Z Setting up fonts-freefont-ttf (20211204+svn4273-2) ...
verify	UNKNOWN STEP	2026-10-06T06:17:15.5000231Z Setting up fonts-tlwg-loma-otf (1:0.7.3-1) ...
verify	UNKNOWN STEP	2026-10-06T06:17:15.5019710Z Setting up xfonts-encodings (1:1.0.5-0ubuntu2) ...
verify	UNKNOWN STEP	2026-10-06T06:17:15.5059121Z Setting up fonts-ipafont-gothic (00303-21ubuntu1) ...
verify	UNKNOWN STEP	2026-10-06T06:17:15.5128404Z update-alternatives: using /usr/share/fonts/opentype/ipafont-gothic/ipag.ttf to provide /usr/share/fonts/truetype/fonts-japanese-gothic.ttf (fonts-japanese-gothic.ttf) in auto mode
verify	UNKNOWN STEP	2026-10-06T06:17:15.5143416Z Setting up fonts-unifont (1:15.1.01-1build1) ...
verify	UNKNOWN STEP	2026-10-06T06:17:15.5162309Z Setting up libglx-mesa0:amd64 (25.2.8-0ubuntu0.24.04.4) ...
verify	UNKNOWN STEP	2026-10-06T06:17:15.5181069Z Setting up xfonts-utils (1:7.7+6build3) ...
verify	UNKNOWN STEP	2026-10-06T06:17:15.5223192Z Setting up xfonts-cyrillic (1:1.0.5+nmu1) ...
verify	UNKNOWN STEP	2026-10-06T06:17:15.5525087Z Setting up xfonts-scalable (1:1.0.3-1.3) ...
verify	UNKNOWN STEP	2026-10-06T06:17:15.5808480Z Processing triggers for libc-bin (2.39-0ubuntu8.9) ...
verify	UNKNOWN STEP	2026-10-06T06:17:15.6087110Z Processing triggers for man-db (2.12.0-4build2) ...
verify	UNKNOWN STEP	2026-10-06T06:17:15.6106736Z Not building database; man-db/auto-update is not 'true'.
verify	UNKNOWN STEP	2026-10-06T06:17:15.6118700Z Processing triggers for fontconfig (2.15.0-1.1ubuntu2) ...
verify	UNKNOWN STEP	2026-10-06T06:17:16.3092251Z 
verify	UNKNOWN STEP	2026-10-06T06:17:16.3093049Z Running kernel seems to be up-to-date.
verify	UNKNOWN STEP	2026-10-06T06:17:16.3093589Z 
verify	UNKNOWN STEP	2026-10-06T06:17:16.3093818Z No services need to be restarted.
verify	UNKNOWN STEP	2026-10-06T06:17:16.3094496Z 
verify	UNKNOWN STEP	2026-10-06T06:17:16.3094718Z No containers need to be restarted.
verify	UNKNOWN STEP	2026-10-06T06:17:16.3095377Z 
verify	UNKNOWN STEP	2026-10-06T06:17:16.3095640Z No user sessions are running outdated binaries.
verify	UNKNOWN STEP	2026-10-06T06:17:16.3095950Z 
verify	UNKNOWN STEP	2026-10-06T06:17:16.3096351Z No VM guests are running outdated hypervisor (qemu) binaries on this host.
verify	UNKNOWN STEP	2026-10-06T06:17:17.2390601Z Downloading Chrome for Testing 151.0.7922.34 (playwright chromium v1234) from https://cdn.playwright.dev/builds/cft/151.0.7922.34/linux64/chrome-linux64.zip
verify	UNKNOWN STEP	2026-10-06T06:17:18.2636858Z |                                                                                |   0% of 184.3 MiB
verify	UNKNOWN STEP	2026-10-06T06:17:18.4625902Z |■■■■■■■■                                                                        |  10% of 184.3 MiB
verify	UNKNOWN STEP	2026-10-06T06:17:18.5712685Z |■■■■■■■■■■■■■■■■                                                                |  20% of 184.3 MiB
verify	UNKNOWN STEP	2026-10-06T06:17:18.6899385Z |■■■■■■■■■■■■■■■■■■■■■■■■                                                        |  30% of 184.3 MiB
verify	UNKNOWN STEP	2026-10-06T06:17:18.7678981Z |■■■■■■■■■■■■■■■■■■■■■■■■■■■■■■■■                                                |  40% of 184.3 MiB
verify	UNKNOWN STEP	2026-10-06T06:17:18.8789434Z |■■■■■■■■■■■■■■■■■■■■■■■■■■■■■■■■■■■■■■■■                                        |  50% of 184.3 MiB
verify	UNKNOWN STEP	2026-10-06T06:17:18.9673733Z |■■■■■■■■■■■■■■■■■■■■■■■■■■■■■■■■■■■■■■■■■■■■■■■■                                |  60% of 184.3 MiB
verify	UNKNOWN STEP	2026-10-06T06:17:19.0558741Z |■■■■■■■■■■■■■■■■■■■■■■■■■■■■■■■■■■■■■■■■■■■■■■■■■■■■■■■■                        |  70% of 184.3 MiB
verify	UNKNOWN STEP	2026-10-06T06:17:19.1360066Z |■■■■■■■■■■■■■■■■■■■■■■■■■■■■■■■■■■■■■■■■■■■■■■■■■■■■■■■■■■■■■■■■                |  80% of 184.3 MiB
verify	UNKNOWN STEP	2026-10-06T06:17:19.2186726Z |■■■■■■■■■■■■■■■■■■■■■■■■■■■■■■■■■■■■■■■■■■■■■■■■■■■■■■■■■■■■■■■■■■■■■■■■        |  90% of 184.3 MiB
verify	UNKNOWN STEP	2026-10-06T06:17:19.3445835Z |■■■■■■■■■■■■■■■■■■■■■■■■■■■■■■■■■■■■■■■■■■■■■■■■■■■■■■■■■■■■■■■■■■■■■■■■■■■■■■■■| 100% of 184.3 MiB
verify	UNKNOWN STEP	2026-10-06T06:17:22.4963699Z Chrome for Testing 151.0.7922.34 (playwright chromium v1234) downloaded to /home/runner/.cache/ms-playwright/chromium-1234
verify	UNKNOWN STEP	2026-10-06T06:17:22.4967776Z Downloading FFmpeg (playwright ffmpeg v1011) from https://cdn.playwright.dev/dbazure/download/playwright/builds/ffmpeg/1011/ffmpeg-linux.zip
verify	UNKNOWN STEP	2026-10-06T06:17:23.4960341Z |                                                                                |   0% of 2.3 MiB
verify	UNKNOWN STEP	2026-10-06T06:17:23.5348412Z |■■■■■■■■                                                                        |  10% of 2.3 MiB
verify	UNKNOWN STEP	2026-10-06T06:17:23.5499963Z |■■■■■■■■■■■■■■■■                                                                |  20% of 2.3 MiB
verify	UNKNOWN STEP	2026-10-06T06:17:23.5633038Z |■■■■■■■■■■■■■■■■■■■■■■■■                                                        |  30% of 2.3 MiB
verify	UNKNOWN STEP	2026-10-06T06:17:23.5755256Z |■■■■■■■■■■■■■■■■■■■■■■■■■■■■■■■■                                                |  40% of 2.3 MiB
verify	UNKNOWN STEP	2026-10-06T06:17:23.5783314Z |■■■■■■■■■■■■■■■■■■■■■■■■■■■■■■■■■■■■■■■■                                        |  50% of 2.3 MiB
verify	UNKNOWN STEP	2026-10-06T06:17:23.5893378Z |■■■■■■■■■■■■■■■■■■■■■■■■■■■■■■■■■■■■■■■■■■■■■■■■                                |  60% of 2.3 MiB
verify	UNKNOWN STEP	2026-10-06T06:17:23.5909619Z |■■■■■■■■■■■■■■■■■■■■■■■■■■■■■■■■■■■■■■■■■■■■■■■■■■■■■■■■                        |  70% of 2.3 MiB
verify	UNKNOWN STEP	2026-10-06T06:17:23.5931680Z |■■■■■■■■■■■■■■■■■■■■■■■■■■■■■■■■■■■■■■■■■■■■■■■■■■■■■■■■■■■■■■■■                |  80% of 2.3 MiB
verify	UNKNOWN STEP	2026-10-06T06:17:23.6033059Z |■■■■■■■■■■■■■■■■■■■■■■■■■■■■■■■■■■■■■■■■■■■■■■■■■■■■■■■■■■■■■■■■■■■■■■■■        |  90% of 2.3 MiB
verify	UNKNOWN STEP	2026-10-06T06:17:23.6043953Z |■■■■■■■■■■■■■■■■■■■■■■■■■■■■■■■■■■■■■■■■■■■■■■■■■■■■■■■■■■■■■■■■■■■■■■■■■■■■■■■■| 100% of 2.3 MiB
verify	UNKNOWN STEP	2026-10-06T06:17:23.6647189Z FFmpeg (playwright ffmpeg v1011) downloaded to /home/runner/.cache/ms-playwright/ffmpeg-1011
verify	UNKNOWN STEP	2026-10-06T06:17:23.6649762Z Downloading Chrome Headless Shell 151.0.7922.34 (playwright chromium-headless-shell v1234) from https://cdn.playwright.dev/builds/cft/151.0.7922.34/linux64/chrome-headless-shell-linux64.zip
verify	UNKNOWN STEP	2026-10-06T06:17:24.6767145Z |                                                                                |   0% of 114.7 MiB
verify	UNKNOWN STEP	2026-10-06T06:17:24.8934866Z |■■■■■■■■                                                                        |  10% of 114.7 MiB
verify	UNKNOWN STEP	2026-10-06T06:17:24.9652429Z |■■■■■■■■■■■■■■■■                                                                |  20% of 114.7 MiB
verify	UNKNOWN STEP	2026-10-06T06:17:25.0133252Z |■■■■■■■■■■■■■■■■■■■■■■■■                                                        |  30% of 114.7 MiB
verify	UNKNOWN STEP	2026-10-06T06:17:25.0677006Z |■■■■■■■■■■■■■■■■■■■■■■■■■■■■■■■■                                                |  40% of 114.7 MiB
verify	UNKNOWN STEP	2026-10-06T06:17:25.1320171Z |■■■■■■■■■■■■■■■■■■■■■■■■■■■■■■■■■■■■■■■■                                        |  50% of 114.7 MiB
verify	UNKNOWN STEP	2026-10-06T06:17:25.1767227Z |■■■■■■■■■■■■■■■■■■■■■■■■■■■■■■■■■■■■■■■■■■■■■■■■                                |  60% of 114.7 MiB
verify	UNKNOWN STEP	2026-10-06T06:17:25.2125769Z |■■■■■■■■■■■■■■■■■■■■■■■■■■■■■■■■■■■■■■■■■■■■■■■■■■■■■■■■                        |  70% of 114.7 MiB
verify	UNKNOWN STEP	2026-10-06T06:17:25.2765793Z |■■■■■■■■■■■■■■■■■■■■■■■■■■■■■■■■■■■■■■■■■■■■■■■■■■■■■■■■■■■■■■■■                |  80% of 114.7 MiB
verify	UNKNOWN STEP	2026-10-06T06:17:25.3219602Z |■■■■■■■■■■■■■■■■■■■■■■■■■■■■■■■■■■■■■■■■■■■■■■■■■■■■■■■■■■■■■■■■■■■■■■■■        |  90% of 114.7 MiB
verify	UNKNOWN STEP	2026-10-06T06:17:25.3740796Z |■■■■■■■■■■■■■■■■■■■■■■■■■■■■■■■■■■■■■■■■■■■■■■■■■■■■■■■■■■■■■■■■■■■■■■■■■■■■■■■■| 100% of 114.7 MiB
verify	UNKNOWN STEP	2026-10-06T06:17:27.6322492Z Chrome Headless Shell 151.0.7922.34 (playwright chromium-headless-shell v1234) downloaded to /home/runner/.cache/ms-playwright/chromium_headless_shell-1234
verify	UNKNOWN STEP	2026-10-06T06:17:27.6589042Z ##[group]Run pnpm verify
verify	UNKNOWN STEP	2026-10-06T06:17:27.6589350Z ^[[36;1mpnpm verify^[[0m
verify	UNKNOWN STEP	2026-10-06T06:17:27.6656569Z shell: /usr/bin/bash -e {0}
verify	UNKNOWN STEP	2026-10-06T06:17:27.6656834Z env:
verify	UNKNOWN STEP	2026-10-06T06:17:27.6657111Z   PNPM_HOME: /home/runner/setup-pnpm/node_modules/.bin
verify	UNKNOWN STEP	2026-10-06T06:17:27.6657444Z ##[endgroup]
verify	UNKNOWN STEP	2026-10-06T06:17:27.9503237Z 
verify	UNKNOWN STEP	2026-10-06T06:17:27.9504301Z > food-digester-platform@0.0.0 verify /home/runner/work/food-digester-platform/food-digester-platform
verify	UNKNOWN STEP	2026-10-06T06:17:27.9508414Z > pnpm lint && pnpm format:check && pnpm typecheck && pnpm openapi:check && pnpm test && pnpm build && pnpm check:boundaries && pnpm check:schemas && pnpm check:migrations && pnpm check:evidence && pnpm check:secrets && pnpm check:sensitive-sinks && pnpm check:admin-web-delivery && pnpm check:admin-web-e2e && pnpm check:cmd-ota-delivery && pnpm test:device-contracts /tmp/fdp-device-contracts-gate.json && pnpm test:iot-integration /tmp/fdp-iot-integration-gate.json && pnpm test:core-api-integration /tmp/fdp-core-api-integration-gate.json && pnpm test:admin-e2e-suite /tmp/fdp-admin-e2e-gate.json && pnpm test:security-suite /tmp/fdp-security-gate.json && pnpm test:reliability-suite /tmp/fdp-reliability-gate.json && pnpm test:prototype-regression /tmp/fdp-prototype-regression-gate.json
verify	UNKNOWN STEP	2026-10-06T06:17:27.9511517Z 
verify	UNKNOWN STEP	2026-10-06T06:17:28.2499766Z 
verify	UNKNOWN STEP	2026-10-06T06:17:28.2501590Z > food-digester-platform@0.0.0 lint /home/runner/work/food-digester-platform/food-digester-platform
verify	UNKNOWN STEP	2026-10-06T06:17:28.2503164Z > eslint .
verify	UNKNOWN STEP	2026-10-06T06:17:28.2503630Z 
verify	UNKNOWN STEP	2026-10-06T06:17:41.2979216Z 
verify	UNKNOWN STEP	2026-10-06T06:17:41.2980555Z > food-digester-platform@0.0.0 format:check /home/runner/work/food-digester-platform/food-digester-platform
verify	UNKNOWN STEP	2026-10-06T06:17:41.2981713Z > prettier --check .
verify	UNKNOWN STEP	2026-10-06T06:17:41.2982006Z 
verify	UNKNOWN STEP	2026-10-06T06:17:41.3839183Z Checking formatting...
verify	UNKNOWN STEP	2026-10-06T06:17:55.6286732Z All matched files use Prettier code style!
verify	UNKNOWN STEP	2026-10-06T06:17:55.9961218Z 
verify	UNKNOWN STEP	2026-10-06T06:17:55.9962102Z > food-digester-platform@0.0.0 typecheck /home/runner/work/food-digester-platform/food-digester-platform
verify	UNKNOWN STEP	2026-10-06T06:17:55.9962831Z > turbo run typecheck
verify	UNKNOWN STEP	2026-10-06T06:17:55.9963007Z 
verify	UNKNOWN STEP	2026-10-06T06:17:56.0312878Z 
verify	UNKNOWN STEP	2026-10-06T06:17:56.0314171Z Attention:
verify	UNKNOWN STEP	2026-10-06T06:17:56.0315472Z Turborepo now collects completely anonymous telemetry regarding usage.
verify	UNKNOWN STEP	2026-10-06T06:17:56.0316980Z This information is used to shape the Turborepo roadmap and prioritize features.
verify	UNKNOWN STEP	2026-10-06T06:17:56.0318829Z You can learn more, including how to opt-out if you'd not like to participate in this anonymous program, by visiting the following URL:
verify	UNKNOWN STEP	2026-10-06T06:17:56.0320227Z https://turborepo.dev/docs/telemetry
verify	UNKNOWN STEP	2026-10-06T06:17:56.0320759Z 
verify	UNKNOWN STEP	2026-10-06T06:17:56.0555067Z 
verify	UNKNOWN STEP	2026-10-06T06:17:56.0557676Z    • Packages in scope: @fdp/admin-web, @fdp/archive-worker, @fdp/auth, @fdp/aws-clients, @fdp/cloud-api, @fdp/contracts, @fdp/database, @fdp/domain, @fdp/infra, @fdp/ingestion-worker, @fdp/media, @fdp/observability, @fdp/summary-worker
verify	UNKNOWN STEP	2026-10-06T06:17:56.0559853Z    • Running typecheck in 13 packages
verify	UNKNOWN STEP	2026-10-06T06:17:56.0560520Z    • Remote caching disabled
verify	UNKNOWN STEP	2026-10-06T06:17:56.0560889Z 
verify	UNKNOWN STEP	2026-10-06T06:17:57.1608990Z ##[group]@fdp/contracts:build
verify	UNKNOWN STEP	2026-10-06T06:17:57.1665101Z cache miss, executing badb40bf08f6da73
verify	UNKNOWN STEP	2026-10-06T06:17:57.1704621Z 
verify	UNKNOWN STEP	2026-10-06T06:17:57.1746809Z > @fdp/contracts@0.0.0 build /home/runner/work/food-digester-platform/food-digester-platform/contracts
verify	UNKNOWN STEP	2026-10-06T06:17:57.1861675Z > node -e "console.log('@fdp/contracts 为源码契约包：内部使用 .ts 扩展名互引，不经 tsc 构建；消费方经 tsx/打包器直接使用源码')"
verify	UNKNOWN STEP	2026-10-06T06:17:57.1934563Z 
verify	UNKNOWN STEP	2026-10-06T06:17:57.2025736Z @fdp/contracts 为源码契约包：内部使用 .ts 扩展名互引，不经 tsc 构建；消费方经 tsx/打包器直接使用源码
verify	UNKNOWN STEP	2026-10-06T06:17:57.2055096Z ##[endgroup]
verify	UNKNOWN STEP	2026-10-06T06:18:02.0145860Z ##[group]@fdp/observability:build
verify	UNKNOWN STEP	2026-10-06T06:18:02.0187833Z cache miss, executing b22046eabd7182a9
verify	UNKNOWN STEP	2026-10-06T06:18:02.0264950Z 
verify	UNKNOWN STEP	2026-10-06T06:18:02.0277232Z > @fdp/observability@0.0.0 build /home/runner/work/food-digester-platform/food-digester-platform/packages/observability
verify	UNKNOWN STEP	2026-10-06T06:18:02.0311366Z > tsc -p tsconfig.build.json
verify	UNKNOWN STEP	2026-10-06T06:18:02.0312169Z 
verify	UNKNOWN STEP	2026-10-06T06:18:02.0312856Z ##[endgroup]
verify	UNKNOWN STEP	2026-10-06T06:18:02.4115651Z ##[group]@fdp/observability:typecheck
verify	UNKNOWN STEP	2026-10-06T06:18:02.4205412Z cache miss, executing 85676c47b5f4ab95
verify	UNKNOWN STEP	2026-10-06T06:18:02.4272731Z 
verify	UNKNOWN STEP	2026-10-06T06:18:02.4302053Z > @fdp/observability@0.0.0 typecheck /home/runner/work/food-digester-platform/food-digester-platform/packages/observability
verify	UNKNOWN STEP	2026-10-06T06:18:02.4403184Z > tsc -p tsconfig.json
verify	UNKNOWN STEP	2026-10-06T06:18:02.4441636Z 
verify	UNKNOWN STEP	2026-10-06T06:18:02.4495858Z ##[endgroup]
verify	UNKNOWN STEP	2026-10-06T06:18:04.2728804Z ##[group]@fdp/domain:build
verify	UNKNOWN STEP	2026-10-06T06:18:04.2809770Z cache miss, executing 47ef0249a0b99843
verify	UNKNOWN STEP	2026-10-06T06:18:04.2884647Z 
verify	UNKNOWN STEP	2026-10-06T06:18:04.2911892Z > @fdp/domain@0.0.0 build /home/runner/work/food-digester-platform/food-digester-platform/packages/domain
verify	UNKNOWN STEP	2026-10-06T06:18:04.2974907Z > tsc -p tsconfig.build.json
verify	UNKNOWN STEP	2026-10-06T06:18:04.3014539Z 
verify	UNKNOWN STEP	2026-10-06T06:18:04.3087295Z ##[endgroup]
verify	UNKNOWN STEP	2026-10-06T06:18:05.2983662Z ##[group]@fdp/database:generate
verify	UNKNOWN STEP	2026-10-06T06:18:05.3028481Z cache miss, executing 6f29d7861b790d41
verify	UNKNOWN STEP	2026-10-06T06:18:05.3064783Z 
verify	UNKNOWN STEP	2026-10-06T06:18:05.3123048Z > @fdp/database@0.0.0 generate /home/runner/work/food-digester-platform/food-digester-platform/packages/database
verify	UNKNOWN STEP	2026-10-06T06:18:05.3153417Z > prisma generate
verify	UNKNOWN STEP	2026-10-06T06:18:05.3195282Z 
verify	UNKNOWN STEP	2026-10-06T06:18:05.3210172Z Loaded Prisma config from prisma.config.ts.
verify	UNKNOWN STEP	2026-10-06T06:18:05.3286915Z 
verify	UNKNOWN STEP	2026-10-06T06:18:05.3395230Z Prisma schema loaded from prisma/schema.prisma.
verify	UNKNOWN STEP	2026-10-06T06:18:05.3438394Z 
verify	UNKNOWN STEP	2026-10-06T06:18:05.3541040Z ✔ Generated Prisma Client (7.9.1) to ./src/generated in 1.74s
verify	UNKNOWN STEP	2026-10-06T06:18:05.3565665Z 
verify	UNKNOWN STEP	2026-10-06T06:18:05.3649691Z ##[endgroup]
verify	UNKNOWN STEP	2026-10-06T06:18:05.6325915Z ##[group]@fdp/domain:typecheck
verify	UNKNOWN STEP	2026-10-06T06:18:05.6379502Z cache miss, executing fd26312a4c0953c8
verify	UNKNOWN STEP	2026-10-06T06:18:05.6474634Z 
verify	UNKNOWN STEP	2026-10-06T06:18:05.6526106Z > @fdp/domain@0.0.0 typecheck /home/runner/work/food-digester-platform/food-digester-platform/packages/domain
verify	UNKNOWN STEP	2026-10-06T06:18:05.6625345Z > tsc -p tsconfig.json
verify	UNKNOWN STEP	2026-10-06T06:18:05.6709987Z 
verify	UNKNOWN STEP	2026-10-06T06:18:05.6769319Z ##[endgroup]
verify	UNKNOWN STEP	2026-10-06T06:18:05.7885798Z ##[group]@fdp/contracts:typecheck
verify	UNKNOWN STEP	2026-10-06T06:18:05.7925096Z cache miss, executing aa15856efcfb63ca
verify	UNKNOWN STEP	2026-10-06T06:18:05.7954490Z 
verify	UNKNOWN STEP	2026-10-06T06:18:05.7955494Z > @fdp/contracts@0.0.0 typecheck /home/runner/work/food-digester-platform/food-digester-platform/contracts
verify	UNKNOWN STEP	2026-10-06T06:18:05.7956549Z > tsc -p tsconfig.json
verify	UNKNOWN STEP	2026-10-06T06:18:05.7956834Z 
verify	UNKNOWN STEP	2026-10-06T06:18:05.7957375Z ##[endgroup]
verify	UNKNOWN STEP	2026-10-06T06:18:06.6976719Z ##[group]@fdp/aws-clients:build
verify	UNKNOWN STEP	2026-10-06T06:18:06.7112908Z cache miss, executing 72b741ff8e28f9c8
verify	UNKNOWN STEP	2026-10-06T06:18:06.7182693Z 
verify	UNKNOWN STEP	2026-10-06T06:18:06.7291439Z > @fdp/aws-clients@0.0.0 build /home/runner/work/food-digester-platform/food-digester-platform/packages/aws-clients
verify	UNKNOWN STEP	2026-10-06T06:18:06.7317813Z > tsc -p tsconfig.build.json
verify	UNKNOWN STEP	2026-10-06T06:18:06.7350901Z 
verify	UNKNOWN STEP	2026-10-06T06:18:06.7381395Z ##[endgroup]
verify	UNKNOWN STEP	2026-10-06T06:18:07.2766488Z ##[group]@fdp/aws-clients:typecheck
verify	UNKNOWN STEP	2026-10-06T06:18:07.2779912Z cache miss, executing 767e47322641a244
verify	UNKNOWN STEP	2026-10-06T06:18:07.2780582Z 
verify	UNKNOWN STEP	2026-10-06T06:18:07.2781763Z > @fdp/aws-clients@0.0.0 typecheck /home/runner/work/food-digester-platform/food-digester-platform/packages/aws-clients
verify	UNKNOWN STEP	2026-10-06T06:18:07.2783105Z > tsc -p tsconfig.json
verify	UNKNOWN STEP	2026-10-06T06:18:07.2783580Z 
verify	UNKNOWN STEP	2026-10-06T06:18:07.2784532Z ##[endgroup]
verify	UNKNOWN STEP	2026-10-06T06:18:10.6652373Z ##[group]@fdp/infra:typecheck
verify	UNKNOWN STEP	2026-10-06T06:18:10.6660845Z cache miss, executing 4222ae3dde92f349
verify	UNKNOWN STEP	2026-10-06T06:18:10.6661389Z 
verify	UNKNOWN STEP	2026-10-06T06:18:10.6662452Z > @fdp/infra@0.0.0 typecheck /home/runner/work/food-digester-platform/food-digester-platform/infra
verify	UNKNOWN STEP	2026-10-06T06:18:10.6663685Z > tsc -p tsconfig.json
verify	UNKNOWN STEP	2026-10-06T06:18:10.6664394Z 
verify	UNKNOWN STEP	2026-10-06T06:18:10.6665066Z ##[endgroup]
verify	UNKNOWN STEP	2026-10-06T06:18:10.6821449Z ##[group]@fdp/database:typecheck
verify	UNKNOWN STEP	2026-10-06T06:18:10.6822329Z cache miss, executing 31ac5516cf4b4c63
verify	UNKNOWN STEP	2026-10-06T06:18:10.6823006Z 
verify	UNKNOWN STEP	2026-10-06T06:18:10.6825245Z > @fdp/database@0.0.0 typecheck /home/runner/work/food-digester-platform/food-digester-platform/packages/database
verify	UNKNOWN STEP	2026-10-06T06:18:10.6826688Z > tsc -p tsconfig.json
verify	UNKNOWN STEP	2026-10-06T06:18:10.6827228Z 
verify	UNKNOWN STEP	2026-10-06T06:18:10.6827920Z ##[endgroup]
verify	UNKNOWN STEP	2026-10-06T06:18:11.2483898Z ##[group]@fdp/database:build
verify	UNKNOWN STEP	2026-10-06T06:18:11.2485061Z cache miss, executing d2e9504f281a7867
verify	UNKNOWN STEP	2026-10-06T06:18:11.2485552Z 
verify	UNKNOWN STEP	2026-10-06T06:18:11.2486693Z > @fdp/database@0.0.0 build /home/runner/work/food-digester-platform/food-digester-platform/packages/database
verify	UNKNOWN STEP	2026-10-06T06:18:11.2488014Z > tsc -p tsconfig.build.json
verify	UNKNOWN STEP	2026-10-06T06:18:11.2488434Z 
verify	UNKNOWN STEP	2026-10-06T06:18:11.2489027Z ##[endgroup]
verify	UNKNOWN STEP	2026-10-06T06:18:16.3666744Z ##[group]@fdp/media:typecheck
verify	UNKNOWN STEP	2026-10-06T06:18:16.3725507Z cache miss, executing b6cf0ab300a221c4
verify	UNKNOWN STEP	2026-10-06T06:18:16.3768814Z 
verify	UNKNOWN STEP	2026-10-06T06:18:16.3815787Z > @fdp/media@0.0.0 typecheck /home/runner/work/food-digester-platform/food-digester-platform/packages/media
verify	UNKNOWN STEP	2026-10-06T06:18:16.3817562Z > tsc -p tsconfig.json
verify	UNKNOWN STEP	2026-10-06T06:18:16.3844749Z 
verify	UNKNOWN STEP	2026-10-06T06:18:16.3879455Z ##[endgroup]
verify	UNKNOWN STEP	2026-10-06T06:18:17.0231295Z ##[group]@fdp/media:build
verify	UNKNOWN STEP	2026-10-06T06:18:17.0250661Z cache miss, executing 8b966babc723bb0c
verify	UNKNOWN STEP	2026-10-06T06:18:17.0274963Z 
verify	UNKNOWN STEP	2026-10-06T06:18:17.0357416Z > @fdp/media@0.0.0 build /home/runner/work/food-digester-platform/food-digester-platform/packages/media
verify	UNKNOWN STEP	2026-10-06T06:18:17.0359185Z > tsc -p tsconfig.build.json
verify	UNKNOWN STEP	2026-10-06T06:18:17.0388751Z 
verify	UNKNOWN STEP	2026-10-06T06:18:17.0416720Z ##[endgroup]
verify	UNKNOWN STEP	2026-10-06T06:18:18.7119883Z ##[group]@fdp/archive-worker:typecheck
verify	UNKNOWN STEP	2026-10-06T06:18:18.7134915Z cache miss, executing 52499f59bca6748f
verify	UNKNOWN STEP	2026-10-06T06:18:18.7135884Z 
verify	UNKNOWN STEP	2026-10-06T06:18:18.7137218Z > @fdp/archive-worker@0.0.0 typecheck /home/runner/work/food-digester-platform/food-digester-platform/apps/archive-worker
verify	UNKNOWN STEP	2026-10-06T06:18:18.7138744Z > tsc -p tsconfig.json
verify	UNKNOWN STEP	2026-10-06T06:18:18.7139274Z 
verify	UNKNOWN STEP	2026-10-06T06:18:18.7140020Z ##[endgroup]
verify	UNKNOWN STEP	2026-10-06T06:18:19.0313197Z ##[group]@fdp/summary-worker:typecheck
verify	UNKNOWN STEP	2026-10-06T06:18:19.0316912Z cache miss, executing e39c112ae5d2bb05
verify	UNKNOWN STEP	2026-10-06T06:18:19.0317771Z 
verify	UNKNOWN STEP	2026-10-06T06:18:19.0319053Z > @fdp/summary-worker@0.0.0 typecheck /home/runner/work/food-digester-platform/food-digester-platform/apps/summary-worker
verify	UNKNOWN STEP	2026-10-06T06:18:19.0323228Z > tsc -p tsconfig.json
verify	UNKNOWN STEP	2026-10-06T06:18:19.0323886Z 
verify	UNKNOWN STEP	2026-10-06T06:18:19.0324739Z ##[endgroup]
verify	UNKNOWN STEP	2026-10-06T06:18:19.0550442Z ##[group]@fdp/auth:build
verify	UNKNOWN STEP	2026-10-06T06:18:19.0551737Z cache miss, executing 161d25a0bb288877
verify	UNKNOWN STEP	2026-10-06T06:18:19.0552455Z 
verify	UNKNOWN STEP	2026-10-06T06:18:19.0553481Z > @fdp/auth@0.0.0 build /home/runner/work/food-digester-platform/food-digester-platform/packages/auth
verify	UNKNOWN STEP	2026-10-06T06:18:19.0557180Z > tsc -p tsconfig.build.json
verify	UNKNOWN STEP	2026-10-06T06:18:19.0557710Z 
verify	UNKNOWN STEP	2026-10-06T06:18:19.0558366Z ##[endgroup]
verify	UNKNOWN STEP	2026-10-06T06:18:19.4049175Z ##[group]@fdp/auth:typecheck
verify	UNKNOWN STEP	2026-10-06T06:18:19.4052495Z cache miss, executing d6b21957570b42f6
verify	UNKNOWN STEP	2026-10-06T06:18:19.4053269Z 
verify	UNKNOWN STEP	2026-10-06T06:18:19.4054762Z > @fdp/auth@0.0.0 typecheck /home/runner/work/food-digester-platform/food-digester-platform/packages/auth
verify	UNKNOWN STEP	2026-10-06T06:18:19.4056014Z > tsc -p tsconfig.json
verify	UNKNOWN STEP	2026-10-06T06:18:19.4056532Z 
verify	UNKNOWN STEP	2026-10-06T06:18:19.4057223Z ##[endgroup]
verify	UNKNOWN STEP	2026-10-06T06:18:29.0205749Z ##[group]@fdp/ingestion-worker:typecheck
verify	UNKNOWN STEP	2026-10-06T06:18:29.0224640Z cache miss, executing be9f2a0b0e7740fd
verify	UNKNOWN STEP	2026-10-06T06:18:29.0225323Z 
verify	UNKNOWN STEP	2026-10-06T06:18:29.0226509Z > @fdp/ingestion-worker@0.0.0 typecheck /home/runner/work/food-digester-platform/food-digester-platform/apps/ingestion-worker
verify	UNKNOWN STEP	2026-10-06T06:18:29.0227934Z > tsc -p tsconfig.json
verify	UNKNOWN STEP	2026-10-06T06:18:29.0228393Z 
verify	UNKNOWN STEP	2026-10-06T06:18:29.0229046Z ##[endgroup]
verify	UNKNOWN STEP	2026-10-06T06:18:33.7838562Z ##[group]@fdp/admin-web:typecheck
verify	UNKNOWN STEP	2026-10-06T06:18:33.7839287Z cache miss, executing c07355e5713f6ca0
verify	UNKNOWN STEP	2026-10-06T06:18:33.7839702Z 
verify	UNKNOWN STEP	2026-10-06T06:18:33.7840611Z > @fdp/admin-web@0.0.0 typecheck /home/runner/work/food-digester-platform/food-digester-platform/apps/admin-web
verify	UNKNOWN STEP	2026-10-06T06:18:33.7841834Z > tsc -p tsconfig.json && tsc -p tsconfig.e2e.json
verify	UNKNOWN STEP	2026-10-06T06:18:33.7842265Z 
verify	UNKNOWN STEP	2026-10-06T06:18:33.7842744Z ##[endgroup]
verify	UNKNOWN STEP	2026-10-06T06:18:34.1482172Z ##[group]@fdp/cloud-api:typecheck
verify	UNKNOWN STEP	2026-10-06T06:18:34.1483314Z cache miss, executing d0559b6282b3f1ef
verify	UNKNOWN STEP	2026-10-06T06:18:34.1483753Z 
verify	UNKNOWN STEP	2026-10-06T06:18:34.1485209Z > @fdp/cloud-api@0.0.0 typecheck /home/runner/work/food-digester-platform/food-digester-platform/apps/cloud-api
verify	UNKNOWN STEP	2026-10-06T06:18:34.1486514Z > tsc -p tsconfig.json
verify	UNKNOWN STEP	2026-10-06T06:18:34.1486852Z 
verify	UNKNOWN STEP	2026-10-06T06:18:34.1487425Z ##[endgroup]
verify	UNKNOWN STEP	2026-10-06T06:18:34.1493780Z 
verify	UNKNOWN STEP	2026-10-06T06:18:34.1494391Z  Tasks:    21 successful, 21 total
verify	UNKNOWN STEP	2026-10-06T06:18:34.1495030Z Cached:    0 cached, 21 total
verify	UNKNOWN STEP	2026-10-06T06:18:34.1495389Z   Time:    38.118s 
verify	UNKNOWN STEP	2026-10-06T06:18:34.1495568Z 
verify	UNKNOWN STEP	2026-10-06T06:18:34.4629562Z 
verify	UNKNOWN STEP	2026-10-06T06:18:34.4630861Z > food-digester-platform@0.0.0 openapi:check /home/runner/work/food-digester-platform/food-digester-platform
verify	UNKNOWN STEP	2026-10-06T06:18:34.4633218Z > node scripts/build-openapi.mjs --check && redocly lint contracts/rest/openapi-base.json "contracts/rest/*-api.json" contracts/rest/openapi.bundle.json --extends spec
verify	UNKNOWN STEP	2026-10-06T06:18:34.4634732Z 
verify	UNKNOWN STEP	2026-10-06T06:18:34.5382249Z OpenAPI bundle 新鲜：contracts/rest/openapi.bundle.json
verify	UNKNOWN STEP	2026-10-06T06:18:34.8223133Z ^[[90mvalidating contracts/rest/openapi-base.json...
verify	UNKNOWN STEP	2026-10-06T06:18:34.8430694Z ^[[39m^[[90mcontracts/rest/openapi-base.json: validated in 22ms
verify	UNKNOWN STEP	2026-10-06T06:18:34.8431307Z 
verify	UNKNOWN STEP	2026-10-06T06:18:34.8431949Z ^[[39m^[[90mvalidating contracts/rest/prototype-planned-api.json...
verify	UNKNOWN STEP	2026-10-06T06:18:34.8611130Z ^[[39m^[[90mcontracts/rest/prototype-planned-api.json: validated in 18ms
verify	UNKNOWN STEP	2026-10-06T06:18:34.8617101Z 
verify	UNKNOWN STEP	2026-10-06T06:18:34.8619729Z ^[[39m^[[90mvalidating contracts/rest/device-sync-api.json...
verify	UNKNOWN STEP	2026-10-06T06:18:34.8797198Z ^[[39m^[[90mcontracts/rest/device-sync-api.json: validated in 19ms
verify	UNKNOWN STEP	2026-10-06T06:18:34.8797886Z 
verify	UNKNOWN STEP	2026-10-06T06:18:34.8798642Z ^[[39m^[[90mvalidating contracts/rest/device-ota-api.json...
verify	UNKNOWN STEP	2026-10-06T06:18:34.8870430Z ^[[39m^[[90mcontracts/rest/device-ota-api.json: validated in 8ms
verify	UNKNOWN STEP	2026-10-06T06:18:34.8870956Z 
verify	UNKNOWN STEP	2026-10-06T06:18:34.8871539Z ^[[39m^[[90mvalidating contracts/rest/device-onboarding-api.json...
verify	UNKNOWN STEP	2026-10-06T06:18:34.8965816Z ^[[39m^[[90mcontracts/rest/device-onboarding-api.json: validated in 10ms
verify	UNKNOWN STEP	2026-10-06T06:18:34.8966513Z 
verify	UNKNOWN STEP	2026-10-06T06:18:34.8967758Z ^[[39m^[[90mvalidating contracts/rest/device-media-api.json...
verify	UNKNOWN STEP	2026-10-06T06:18:34.9046305Z ^[[39m^[[90mcontracts/rest/device-media-api.json: validated in 8ms
verify	UNKNOWN STEP	2026-10-06T06:18:34.9046984Z 
verify	UNKNOWN STEP	2026-10-06T06:18:34.9048067Z ^[[39m^[[90mvalidating contracts/rest/device-deactivate-api.json...
verify	UNKNOWN STEP	2026-10-06T06:18:34.9145548Z ^[[39m^[[90mcontracts/rest/device-deactivate-api.json: validated in 11ms
verify	UNKNOWN STEP	2026-10-06T06:18:34.9148477Z 
verify	UNKNOWN STEP	2026-10-06T06:18:34.9149164Z ^[[39m^[[90mvalidating contracts/rest/device-certificate-api.json...
verify	UNKNOWN STEP	2026-10-06T06:18:34.9213910Z ^[[39m^[[90mcontracts/rest/device-certificate-api.json: validated in 7ms
verify	UNKNOWN STEP	2026-10-06T06:18:34.9214694Z 
verify	UNKNOWN STEP	2026-10-06T06:18:34.9215204Z ^[[39m^[[90mvalidating contracts/rest/admin-user-api.json...
verify	UNKNOWN STEP	2026-10-06T06:18:34.9313684Z ^[[39m^[[90mcontracts/rest/admin-user-api.json: validated in 10ms
verify	UNKNOWN STEP	2026-10-06T06:18:34.9334781Z 
verify	UNKNOWN STEP	2026-10-06T06:18:34.9347430Z ^[[39m^[[90mvalidating contracts/rest/admin-site-api.json...
verify	UNKNOWN STEP	2026-10-06T06:18:34.9468011Z ^[[39m^[[90mcontracts/rest/admin-site-api.json: validated in 16ms
verify	UNKNOWN STEP	2026-10-06T06:18:34.9468925Z 
verify	UNKNOWN STEP	2026-10-06T06:18:34.9470085Z ^[[39m^[[90mvalidating contracts/rest/admin-settings-api.json...
verify	UNKNOWN STEP	2026-10-06T06:18:34.9535855Z ^[[39m^[[90mcontracts/rest/admin-settings-api.json: validated in 7ms
verify	UNKNOWN STEP	2026-10-06T06:18:34.9536646Z 
verify	UNKNOWN STEP	2026-10-06T06:18:34.9537773Z ^[[39m^[[90mvalidating contracts/rest/admin-replay-api.json...
verify	UNKNOWN STEP	2026-10-06T06:18:34.9585697Z ^[[39m^[[90mcontracts/rest/admin-replay-api.json: validated in 5ms
verify	UNKNOWN STEP	2026-10-06T06:18:34.9586241Z 
verify	UNKNOWN STEP	2026-10-06T06:18:34.9587130Z ^[[39m^[[90mvalidating contracts/rest/admin-ota-package-api.json...
verify	UNKNOWN STEP	2026-10-06T06:18:34.9679873Z ^[[39m^[[90mcontracts/rest/admin-ota-package-api.json: validated in 10ms
verify	UNKNOWN STEP	2026-10-06T06:18:34.9680484Z 
verify	UNKNOWN STEP	2026-10-06T06:18:34.9681077Z ^[[39m^[[90mvalidating contracts/rest/admin-ota-campaign-api.json...
verify	UNKNOWN STEP	2026-10-06T06:18:34.9792796Z ^[[39m^[[90mcontracts/rest/admin-ota-campaign-api.json: validated in 12ms
verify	UNKNOWN STEP	2026-10-06T06:18:34.9793771Z 
verify	UNKNOWN STEP	2026-10-06T06:18:34.9794727Z ^[[39m^[[90mvalidating contracts/rest/admin-onboarding-api.json...
verify	UNKNOWN STEP	2026-10-06T06:18:34.9905759Z ^[[39m^[[90mcontracts/rest/admin-onboarding-api.json: validated in 10ms
verify	UNKNOWN STEP	2026-10-06T06:18:34.9906822Z 
verify	UNKNOWN STEP	2026-10-06T06:18:34.9935332Z ^[[39m^[[90mvalidating contracts/rest/admin-media-api.json...
verify	UNKNOWN STEP	2026-10-06T06:18:34.9980375Z ^[[39m^[[90mcontracts/rest/admin-media-api.json: validated in 10ms
verify	UNKNOWN STEP	2026-10-06T06:18:34.9980893Z 
verify	UNKNOWN STEP	2026-10-06T06:18:34.9981387Z ^[[39m^[[90mvalidating contracts/rest/admin-license-api.json...
verify	UNKNOWN STEP	2026-10-06T06:18:35.0052301Z ^[[39m^[[90mcontracts/rest/admin-license-api.json: validated in 8ms
verify	UNKNOWN STEP	2026-10-06T06:18:35.0053248Z 
verify	UNKNOWN STEP	2026-10-06T06:18:35.0053829Z ^[[39m^[[90mvalidating contracts/rest/admin-esg-api.json...
verify	UNKNOWN STEP	2026-10-06T06:18:35.0183074Z ^[[39m^[[90mcontracts/rest/admin-esg-api.json: validated in 13ms
verify	UNKNOWN STEP	2026-10-06T06:18:35.0183611Z 
verify	UNKNOWN STEP	2026-10-06T06:18:35.0184356Z ^[[39m^[[90mvalidating contracts/rest/admin-device-user-api.json...
verify	UNKNOWN STEP	2026-10-06T06:18:35.0251533Z ^[[39m^[[90mcontracts/rest/admin-device-user-api.json: validated in 7ms
verify	UNKNOWN STEP	2026-10-06T06:18:35.0251885Z 
verify	UNKNOWN STEP	2026-10-06T06:18:35.0252252Z ^[[39m^[[90mvalidating contracts/rest/admin-device-status-api.json...
verify	UNKNOWN STEP	2026-10-06T06:18:35.0292420Z ^[[39m^[[90mcontracts/rest/admin-device-status-api.json: validated in 5ms
verify	UNKNOWN STEP	2026-10-06T06:18:35.0293053Z 
verify	UNKNOWN STEP	2026-10-06T06:18:35.0293696Z ^[[39m^[[90mvalidating contracts/rest/admin-device-retirement-api.json...
verify	UNKNOWN STEP	2026-10-06T06:18:35.0332563Z ^[[39m^[[90mcontracts/rest/admin-device-retirement-api.json: validated in 4ms
verify	UNKNOWN STEP	2026-10-06T06:18:35.0333037Z 
verify	UNKNOWN STEP	2026-10-06T06:18:35.0333503Z ^[[39m^[[90mvalidating contracts/rest/admin-device-console-api.json...
verify	UNKNOWN STEP	2026-10-06T06:18:35.0401007Z ^[[39m^[[90mcontracts/rest/admin-device-console-api.json: validated in 7ms
verify	UNKNOWN STEP	2026-10-06T06:18:35.0401953Z 
verify	UNKNOWN STEP	2026-10-06T06:18:35.0403098Z ^[[39m^[[90mvalidating contracts/rest/admin-device-assignment-api.json...
verify	UNKNOWN STEP	2026-10-06T06:18:35.0445409Z ^[[39m^[[90mcontracts/rest/admin-device-assignment-api.json: validated in 5ms
verify	UNKNOWN STEP	2026-10-06T06:18:35.0446037Z 
verify	UNKNOWN STEP	2026-10-06T06:18:35.0446932Z ^[[39m^[[90mvalidating contracts/rest/admin-device-api.json...
verify	UNKNOWN STEP	2026-10-06T06:18:35.0507262Z ^[[39m^[[90mcontracts/rest/admin-device-api.json: validated in 7ms
verify	UNKNOWN STEP	2026-10-06T06:18:35.0507861Z 
verify	UNKNOWN STEP	2026-10-06T06:18:35.0508513Z ^[[39m^[[90mvalidating contracts/rest/admin-dashboard-api.json...
verify	UNKNOWN STEP	2026-10-06T06:18:35.0560930Z ^[[39m^[[90mcontracts/rest/admin-dashboard-api.json: validated in 6ms
verify	UNKNOWN STEP	2026-10-06T06:18:35.0561514Z 
verify	UNKNOWN STEP	2026-10-06T06:18:35.0565452Z ^[[39m^[[90mvalidating contracts/rest/admin-customer-api.json...
verify	UNKNOWN STEP	2026-10-06T06:18:35.0621695Z ^[[39m^[[90mcontracts/rest/admin-customer-api.json: validated in 7ms
verify	UNKNOWN STEP	2026-10-06T06:18:35.0622306Z 
verify	UNKNOWN STEP	2026-10-06T06:18:35.0622963Z ^[[39m^[[90mvalidating contracts/rest/admin-contract-device-api.json...
verify	UNKNOWN STEP	2026-10-06T06:18:35.0681298Z ^[[39m^[[90mcontracts/rest/admin-contract-device-api.json: validated in 6ms
verify	UNKNOWN STEP	2026-10-06T06:18:35.0681734Z 
verify	UNKNOWN STEP	2026-10-06T06:18:35.0682138Z ^[[39m^[[90mvalidating contracts/rest/admin-contract-api.json...
verify	UNKNOWN STEP	2026-10-06T06:18:35.0742190Z ^[[39m^[[90mcontracts/rest/admin-contract-api.json: validated in 7ms
verify	UNKNOWN STEP	2026-10-06T06:18:35.0742721Z 
verify	UNKNOWN STEP	2026-10-06T06:18:35.0743473Z ^[[39m^[[90mvalidating contracts/rest/admin-consumable-request-api.json...
verify	UNKNOWN STEP	2026-10-06T06:18:35.0794338Z ^[[39m^[[90mcontracts/rest/admin-consumable-request-api.json: validated in 6ms
verify	UNKNOWN STEP	2026-10-06T06:18:35.0795048Z 
verify	UNKNOWN STEP	2026-10-06T06:18:35.0795451Z ^[[39m^[[90mvalidating contracts/rest/admin-consumable-api.json...
verify	UNKNOWN STEP	2026-10-06T06:18:35.0864146Z ^[[39m^[[90mcontracts/rest/admin-consumable-api.json: validated in 8ms
verify	UNKNOWN STEP	2026-10-06T06:18:35.0864763Z 
verify	UNKNOWN STEP	2026-10-06T06:18:35.0865413Z ^[[39m^[[90mvalidating contracts/rest/admin-configuration-api.json...
verify	UNKNOWN STEP	2026-10-06T06:18:35.0939840Z ^[[39m^[[90mcontracts/rest/admin-configuration-api.json: validated in 8ms
verify	UNKNOWN STEP	2026-10-06T06:18:35.0940457Z 
verify	UNKNOWN STEP	2026-10-06T06:18:35.0941043Z ^[[39m^[[90mvalidating contracts/rest/admin-command-api.json...
verify	UNKNOWN STEP	2026-10-06T06:18:35.0992604Z ^[[39m^[[90mcontracts/rest/admin-command-api.json: validated in 6ms
verify	UNKNOWN STEP	2026-10-06T06:18:35.0993269Z 
verify	UNKNOWN STEP	2026-10-06T06:18:35.0994798Z ^[[39m^[[90mvalidating contracts/rest/admin-certificate-rotation-api.json...
verify	UNKNOWN STEP	2026-10-06T06:18:35.1024395Z ^[[39m^[[90mcontracts/rest/admin-certificate-rotation-api.json: validated in 4ms
verify	UNKNOWN STEP	2026-10-06T06:18:35.1025154Z 
verify	UNKNOWN STEP	2026-10-06T06:18:35.1025716Z ^[[39m^[[90mvalidating contracts/rest/admin-audit-api.json...
verify	UNKNOWN STEP	2026-10-06T06:18:35.1065285Z ^[[39m^[[90mcontracts/rest/admin-audit-api.json: validated in 5ms
verify	UNKNOWN STEP	2026-10-06T06:18:35.1065785Z 
verify	UNKNOWN STEP	2026-10-06T06:18:35.1066307Z ^[[39m^[[90mvalidating contracts/rest/admin-alarm-api.json...
verify	UNKNOWN STEP	2026-10-06T06:18:35.1145594Z ^[[39m^[[90mcontracts/rest/admin-alarm-api.json: validated in 8ms
verify	UNKNOWN STEP	2026-10-06T06:18:35.1146135Z 
verify	UNKNOWN STEP	2026-10-06T06:18:35.1146884Z ^[[39m^[[90mvalidating contracts/rest/openapi.bundle.json...
verify	UNKNOWN STEP	2026-10-06T06:18:35.1983820Z ^[[39m^[[90mcontracts/rest/openapi.bundle.json: validated in 84ms
verify	UNKNOWN STEP	2026-10-06T06:18:35.1984749Z 
verify	UNKNOWN STEP	2026-10-06T06:18:35.1995932Z ^[[39m^[[32mWoohoo! Your API descriptions are valid. 🎉
verify	UNKNOWN STEP	2026-10-06T06:18:35.1996796Z ^[[39m
verify	UNKNOWN STEP	2026-10-06T06:18:35.9000057Z 
verify	UNKNOWN STEP	2026-10-06T06:18:35.9001631Z > food-digester-platform@0.0.0 test /home/runner/work/food-digester-platform/food-digester-platform
verify	UNKNOWN STEP	2026-10-06T06:18:35.9003430Z > vitest run && pnpm test:contracts && pnpm test:scripts
verify	UNKNOWN STEP	2026-10-06T06:18:35.9004512Z 
verify	UNKNOWN STEP	2026-10-06T06:18:36.2259929Z 
verify	UNKNOWN STEP	2026-10-06T06:18:36.2264644Z ^[[1m^[[30m^[[46m RUN ^[[49m^[[39m^[[22m ^[[36mv4.1.11 ^[[39m^[[90m/home/runner/work/food-digester-platform/food-digester-platform^[[39m
verify	UNKNOWN STEP	2026-10-06T06:18:36.2265580Z 
verify	UNKNOWN STEP	2026-10-06T06:18:37.7955366Z Bundling asset TestStack/IngestionFn/Code/Stage...
verify	UNKNOWN STEP	2026-10-06T06:18:38.7528329Z Bundling asset TestStack/ArchiveFn/Code/Stage...
verify	UNKNOWN STEP	2026-10-06T06:18:39.4542399Z Bundling asset TestStack/OutboxPublisherFn/Code/Stage...
verify	UNKNOWN STEP	2026-10-06T06:18:41.1315874Z Bundling asset TestStack/NotificationPublisherFn/Code/Stage...
verify	UNKNOWN STEP	2026-10-06T06:18:42.4609659Z Bundling asset TestStack/SummaryFn/Code/Stage...
verify	UNKNOWN STEP	2026-10-06T06:18:43.7571752Z Bundling asset TestStack/ReplayTriggerPublisherFn/Code/Stage...
verify	UNKNOWN STEP	2026-10-06T06:18:44.7322482Z Bundling asset TestStack/ReplayFn/Code/Stage...
verify	UNKNOWN STEP	2026-10-06T06:18:45.0676819Z  ^[[32m✓^[[39m apps/cloud-api/test/ota-dispatch.test.ts ^[[2m(^[[22m^[[2m16 tests^[[22m^[[2m)^[[22m^[[33m 6246^[[2mms^[[22m^[[39m
verify	UNKNOWN STEP	2026-10-06T06:18:45.0726566Z      ^[[33m^[[2m✓^[[22m^[[39m 成功下发：OTA Topic + CT-03 载荷（schema 校验）+ 15 分钟 URL + NOTIFIED + 历史 + OTA_AVAILABLE + PUBLICATION 归档 ^[[33m 591^[[2mms^[[22m^[[39m
verify	UNKNOWN STEP	2026-10-06T06:18:45.4399225Z  ^[[32m✓^[[39m apps/cloud-api/test/admin-user.test.ts ^[[2m(^[[22m^[[2m31 tests^[[22m^[[2m)^[[22m^[[33m 6608^[[2mms^[[22m^[[39m
verify	UNKNOWN STEP	2026-10-06T06:18:45.4455906Z      ^[[33m^[[2m✓^[[22m^[[39m PlatformSuperAdmin 停用后旧 id Token 不再进入读写路由 ^[[33m 446^[[2mms^[[22m^[[39m
verify	UNKNOWN STEP	2026-10-06T06:18:45.8125760Z Bundling asset TestStack/CertPackageSweeperFn/Code/Stage...
verify	UNKNOWN STEP	2026-10-06T06:18:46.2270187Z  ^[[32m✓^[[39m apps/admin-web/test/contract-parity.test.ts ^[[2m(^[[22m^[[2m23 tests^[[22m^[[2m)^[[22m^[[32m 30^[[2mms^[[22m^[[39m
verify	UNKNOWN STEP	2026-10-06T06:18:46.8499194Z Bundling asset TestStack/OnboardingDeadlineFn/Code/Stage...
verify	UNKNOWN STEP	2026-10-06T06:18:48.2585393Z Bundling asset TestStack/RetirementTimeoutFn/Code/Stage...
verify	UNKNOWN STEP	2026-10-06T06:18:49.6555600Z Bundling asset TestStack/ActivityExportFn/Code/Stage...
verify	UNKNOWN STEP	2026-10-06T06:18:50.8425860Z Bundling asset TestStack/EsgExportFn/Code/Stage...
verify	UNKNOWN STEP	2026-10-06T06:18:51.5446570Z  ^[[32m✓^[[39m apps/cloud-api/test/admin-device-console.test.ts ^[[2m(^[[22m^[[2m11 tests^[[22m^[[2m)^[[22m^[[33m 5064^[[2mms^[[22m^[[39m
verify	UNKNOWN STEP	2026-10-06T06:18:51.9002719Z Bundling asset TestStack/CommandPublisherFn/Code/Stage...
verify	UNKNOWN STEP	2026-10-06T06:18:52.9496202Z  ^[[32m✓^[[39m apps/cloud-api/test/admin-ota-campaign.test.ts ^[[2m(^[[22m^[[2m14 tests^[[22m^[[2m)^[[22m^[[33m 5611^[[2mms^[[22m^[[39m
verify	UNKNOWN STEP	2026-10-06T06:18:52.9497815Z Bundling asset TestStack/CommandTimeoutFn/Code/Stage...
verify	UNKNOWN STEP	2026-10-06T06:18:53.9759585Z Bundling asset TestStack/OtaDispatcherFn/Code/Stage...
verify	UNKNOWN STEP	2026-10-06T06:18:55.0700331Z Bundling asset TestStack/OnboardingApiFn/Code/Stage...
verify	UNKNOWN STEP	2026-10-06T06:18:56.1711055Z Bundling asset TestStack/OnboardingProvisioningFn/Code/Stage...
verify	UNKNOWN STEP	2026-10-06T06:18:57.1942277Z Bundling asset TestStack/DeviceApiFn/Code/Stage...
verify	UNKNOWN STEP	2026-10-06T06:18:58.1994853Z Bundling asset TestStack/ApiFn/Code/Stage...
verify	UNKNOWN STEP	2026-10-06T06:19:03.7065752Z Bundling asset TestStack/IngestionFn/Code/Stage...
verify	UNKNOWN STEP	2026-10-06T06:19:04.7145579Z Bundling asset TestStack/ArchiveFn/Code/Stage...
verify	UNKNOWN STEP	2026-10-06T06:19:05.3005753Z  ^[[32m✓^[[39m apps/admin-web/test/device-manage.test.tsx ^[[2m(^[[22m^[[2m28 tests^[[22m^[[2m)^[[22m^[[33m 10730^[[2mms^[[22m^[[39m
verify	UNKNOWN STEP	2026-10-06T06:19:05.3010107Z    ^[[33m^[[2m✓^[[22m^[[39m 状态矩阵：Active 设备（SuperAdmin）可挂起/退役/改名/轮换，不可分配/恢复 ^[[33m 431^[[2mms^[[22m^[[39m
verify	UNKNOWN STEP	2026-10-06T06:19:05.3035962Z    ^[[33m^[[2m✓^[[22m^[[39m 挂起：原因必填；确认后提交原因并回源刷新（操作后历史刷新） ^[[33m 702^[[2mms^[[22m^[[39m
verify	UNKNOWN STEP	2026-10-06T06:19:05.3041039Z    ^[[33m^[[2m✓^[[22m^[[39m 恢复：确认文案含“问题已解决”语义；提交后回源刷新 ^[[33m 364^[[2mms^[[22m^[[39m
verify	UNKNOWN STEP	2026-10-06T06:19:05.3042896Z    ^[[33m^[[2m✓^[[22m^[[39m 退役：不可恢复警告 + 原因必填；成功后提示等待设备确认 ^[[33m 464^[[2mms^[[22m^[[39m
verify	UNKNOWN STEP	2026-10-06T06:19:05.3044526Z    ^[[33m^[[2m✓^[[22m^[[39m 退役等待状态：PENDING_CONFIRMATION 展示 72 小时窗口语义；SuperAdmin 可强制完成 ^[[33m 340^[[2mms^[[22m^[[39m
verify	UNKNOWN STEP	2026-10-06T06:19:05.3046143Z    ^[[33m^[[2m✓^[[22m^[[39m 后端 409 拒绝（DEVICE_STATE_NOT_ALLOWED）正确呈现错误码；403 呈现无权 ^[[33m 412^[[2mms^[[22m^[[39m
verify	UNKNOWN STEP	2026-10-06T06:19:05.3047530Z    ^[[33m^[[2m✓^[[22m^[[39m 别名：编辑/保存/清除；超长禁用保存；提交后回源刷新 ^[[33m 658^[[2mms^[[22m^[[39m
verify	UNKNOWN STEP	2026-10-06T06:19:05.3048668Z    ^[[33m^[[2m✓^[[22m^[[39m 别名：空输入保存禁用；超过 64 字符保存禁用 ^[[33m 1358^[[2mms^[[22m^[[39m
verify	UNKNOWN STEP	2026-10-06T06:19:05.3049844Z    ^[[33m^[[2m✓^[[22m^[[39m 别名按 Unicode 码点计数并在提交前执行 NFC 规范化 ^[[33m 3142^[[2mms^[[22m^[[39m
verify	UNKNOWN STEP	2026-10-06T06:19:05.3051249Z    ^[[33m^[[2m✓^[[22m^[[39m 别名 If-Match 冲突（VERSION_CONFLICT）提示刷新 ^[[33m 389^[[2mms^[[22m^[[39m
verify	UNKNOWN STEP	2026-10-06T06:19:05.3066171Z    ^[[33m^[[2m✓^[[22m^[[39m 分配：站点选项随客户过滤；未选齐禁用提交；成功后回源刷新历史 ^[[33m 799^[[2mms^[[22m^[[39m
verify	UNKNOWN STEP	2026-10-06T06:19:05.3067902Z    ^[[33m^[[2m✓^[[22m^[[39m 分配原因为空时不携带 reason 字段 ^[[33m 553^[[2mms^[[22m^[[39m
verify	UNKNOWN STEP	2026-10-06T06:19:05.3748504Z Bundling asset TestStack/OutboxPublisherFn/Code/Stage...
verify	UNKNOWN STEP	2026-10-06T06:19:06.3393685Z Bundling asset TestStack/NotificationPublisherFn/Code/Stage...
verify	UNKNOWN STEP	2026-10-06T06:19:07.2853415Z Bundling asset TestStack/SummaryFn/Code/Stage...
verify	UNKNOWN STEP	2026-10-06T06:19:08.6465907Z Bundling asset TestStack/ReplayTriggerPublisherFn/Code/Stage...
verify	UNKNOWN STEP	2026-10-06T06:19:09.5999157Z Bundling asset TestStack/ReplayFn/Code/Stage...
verify	UNKNOWN STEP	2026-10-06T06:19:10.6745815Z Bundling asset TestStack/CertPackageSweeperFn/Code/Stage...
verify	UNKNOWN STEP	2026-10-06T06:19:10.9507317Z  ^[[32m✓^[[39m apps/cloud-api/test/media.test.ts ^[[2m(^[[22m^[[2m12 tests^[[22m^[[2m)^[[22m^[[33m 4432^[[2mms^[[22m^[[39m
verify	UNKNOWN STEP	2026-10-06T06:19:10.9518023Z      ^[[33m^[[2m✓^[[22m^[[39m 认证与生命周期：无证书/未知证书 → 401；Suspended/Retired/未分配 Customer → 403 ^[[33m 389^[[2mms^[[22m^[[39m
verify	UNKNOWN STEP	2026-10-06T06:19:11.6915320Z Bundling asset TestStack/OnboardingDeadlineFn/Code/Stage...
verify	UNKNOWN STEP	2026-10-06T06:19:12.7165326Z Bundling asset TestStack/RetirementTimeoutFn/Code/Stage...
verify	UNKNOWN STEP	2026-10-06T06:19:14.0610780Z Bundling asset TestStack/ActivityExportFn/Code/Stage...
verify	UNKNOWN STEP	2026-10-06T06:19:15.0635565Z Bundling asset TestStack/EsgExportFn/Code/Stage...
verify	UNKNOWN STEP	2026-10-06T06:19:16.1485476Z Bundling asset TestStack/CommandPublisherFn/Code/Stage...
verify	UNKNOWN STEP	2026-10-06T06:19:16.4044679Z  ^[[32m✓^[[39m apps/admin-web/test/ota.test.tsx ^[[2m(^[[22m^[[2m19 tests^[[22m^[[2m)^[[22m^[[33m 20999^[[2mms^[[22m^[[39m
verify	UNKNOWN STEP	2026-10-06T06:19:16.4046368Z    ^[[33m^[[2m✓^[[22m^[[39m 包列表：VERIFIED 显示“可发布”徽标；UPLOADED 不可发布；筛选回调 ^[[33m 1607^[[2mms^[[22m^[[39m
verify	UNKNOWN STEP	2026-10-06T06:19:16.4047572Z    ^[[33m^[[2m✓^[[22m^[[39m 上传会话：字段级校验阻止非法元数据（sha256 非 hex64 → 提交禁用） ^[[33m 2072^[[2mms^[[22m^[[39m
verify	UNKNOWN STEP	2026-10-06T06:19:16.4048764Z    ^[[33m^[[2m✓^[[22m^[[39m 上传 E2E：创建会话 → 直传 + complete 校验 → VERIFIED 可发布并回源刷新 ^[[33m 4612^[[2mms^[[22m^[[39m
verify	UNKNOWN STEP	2026-10-06T06:19:16.4050183Z    ^[[33m^[[2m✓^[[22m^[[39m 坏包不可建 Campaign：包下拉仅 VERIFIED 可发布包；校验函数拒绝非 VERIFIED 包 ^[[33m 514^[[2mms^[[22m^[[39m
verify	UNKNOWN STEP	2026-10-06T06:19:16.4051714Z    ^[[33m^[[2m✓^[[22m^[[39m 创建 Campaign E2E：VERIFIED 包 + 首批 1 台 → RUNNING/CANARY 提示并回源刷新 ^[[33m 1095^[[2mms^[[22m^[[39m
verify	UNKNOWN STEP	2026-10-06T06:19:16.4053744Z    ^[[33m^[[2m✓^[[22m^[[39m 目标状态看板：total 与 8 状态计数渲染；目标列表批次/状态展示 ^[[33m 548^[[2mms^[[22m^[[39m
verify	UNKNOWN STEP	2026-10-06T06:19:16.4055295Z    ^[[33m^[[2m✓^[[22m^[[39m 暂停/恢复/取消：RUNNING→已暂停（不再产生新下发）；PAUSED→恢复；取消需明确确认 ^[[33m 2106^[[2mms^[[22m^[[39m
verify	UNKNOWN STEP	2026-10-06T06:19:16.4056713Z    ^[[33m^[[2m✓^[[22m^[[39m 动作矩阵：终态（COMPLETED/CANCELLED）全部动作禁用；Auditor 无 ota:write 禁用 ^[[33m 503^[[2mms^[[22m^[[39m
verify	UNKNOWN STEP	2026-10-06T06:19:16.4058311Z    ^[[33m^[[2m✓^[[22m^[[39m 扩大批次：普通角色不能审批最终全量；部分选择仍可提交 ^[[33m 1737^[[2mms^[[22m^[[39m
verify	UNKNOWN STEP	2026-10-06T06:19:16.4059403Z    ^[[33m^[[2m✓^[[22m^[[39m 扩大批次：最终全量须既有 targets 全部成功并精确确认 ^[[33m 2594^[[2mms^[[22m^[[39m
verify	UNKNOWN STEP	2026-10-06T06:19:16.4060398Z    ^[[33m^[[2m✓^[[22m^[[39m 失败重试：缺省重试全部 FAILED；勾选子集携 targetIds ^[[33m 2157^[[2mms^[[22m^[[39m
verify	UNKNOWN STEP	2026-10-06T06:19:16.4061358Z    ^[[33m^[[2m✓^[[22m^[[39m 目标筛选：状态/批次号经 onApplyTargetFilter 应用 ^[[33m 832^[[2mms^[[22m^[[39m
verify	UNKNOWN STEP	2026-10-06T06:19:16.5635186Z  ^[[32m✓^[[39m apps/cloud-api/test/admin-license.test.ts ^[[2m(^[[22m^[[2m11 tests^[[22m^[[2m)^[[22m^[[33m 4333^[[2mms^[[22m^[[39m
verify	UNKNOWN STEP	2026-10-06T06:19:16.5655670Z      ^[[33m^[[2m✓^[[22m^[[39m 完整链路：每步状态/签名/历史/审计/通知各一次 ^[[33m 486^[[2mms^[[22m^[[39m
verify	UNKNOWN STEP	2026-10-06T06:19:17.1096310Z Bundling asset TestStack/CommandTimeoutFn/Code/Stage...
verify	UNKNOWN STEP	2026-10-06T06:19:18.1755771Z Bundling asset TestStack/OtaDispatcherFn/Code/Stage...
verify	UNKNOWN STEP	2026-10-06T06:19:19.4455666Z Bundling asset TestStack/OnboardingApiFn/Code/Stage...
verify	UNKNOWN STEP	2026-10-06T06:19:20.9778587Z Bundling asset TestStack/OnboardingProvisioningFn/Code/Stage...
verify	UNKNOWN STEP	2026-10-06T06:19:21.9724445Z ^[[90mstderr^[[2m | apps/ingestion-worker/test/ingest-pipeline.test.ts^[[2m > ^[[22m^[[2mcreateIngestionHandler（BE-IOT-02 校验管线）^[[2m > ^[[22m^[[2m单条坏消息不导致整批重复：坏消息进 Quarantine，其余照常处理
verify	UNKNOWN STEP	2026-10-06T06:19:21.9729681Z ^[[22m^[[39mingestion message quarantined {
verify	UNKNOWN STEP	2026-10-06T06:19:21.9741253Z   event: ^[[32m'ingestion.quarantined'^[[39m,
verify	UNKNOWN STEP	2026-10-06T06:19:21.9742209Z   messageId: ^[[32m'sqs-bad'^[[39m,
verify	UNKNOWN STEP	2026-10-06T06:19:21.9743876Z   errorType: ^[[32m'INVALID_JSON'^[[39m,
verify	UNKNOWN STEP	2026-10-06T06:19:21.9745038Z   errorPath: ^[[32m'(root)'^[[39m,
verify	UNKNOWN STEP	2026-10-06T06:19:21.9746189Z   reason: ^[[32m'message body is not valid JSON'^[[39m
verify	UNKNOWN STEP	2026-10-06T06:19:21.9758548Z }
verify	UNKNOWN STEP	2026-10-06T06:19:21.9759064Z 
verify	UNKNOWN STEP	2026-10-06T06:19:21.9877122Z ^[[90mstderr^[[2m | apps/ingestion-worker/test/ingest-pipeline.test.ts^[[2m > ^[[22m^[[2mcreateIngestionHandler（BE-IOT-02 校验管线）^[[2m > ^[[22m^[[2mQuarantine 投递失败只重试当前记录，批次后续记录继续隔离
verify	UNKNOWN STEP	2026-10-06T06:19:21.9879565Z ^[[22m^[[39mingestion message quarantined {
verify	UNKNOWN STEP	2026-10-06T06:19:21.9901303Z   event: ^[[32m'ingestion.quarantined'^[[39m,
verify	UNKNOWN STEP	2026-10-06T06:19:21.9902726Z   messageId: ^[[32m'sqs-quarantine-down'^[[39m,
verify	UNKNOWN STEP	2026-10-06T06:19:21.9903847Z   errorType: ^[[32m'INVALID_JSON'^[[39m,
verify	UNKNOWN STEP	2026-10-06T06:19:21.9905152Z   errorPath: ^[[32m'(root)'^[[39m,
verify	UNKNOWN STEP	2026-10-06T06:19:21.9906346Z   reason: ^[[32m'message body is not valid JSON'^[[39m
verify	UNKNOWN STEP	2026-10-06T06:19:21.9923575Z }
verify	UNKNOWN STEP	2026-10-06T06:19:21.9924430Z 
verify	UNKNOWN STEP	2026-10-06T06:19:21.9956386Z ^[[90mstderr^[[2m | apps/ingestion-worker/test/ingest-pipeline.test.ts^[[2m > ^[[22m^[[2mcreateIngestionHandler（BE-IOT-02 校验管线）^[[2m > ^[[22m^[[2mQuarantine 投递失败只重试当前记录，批次后续记录继续隔离
verify	UNKNOWN STEP	2026-10-06T06:19:21.9967974Z ^[[22m^[[39mingestion message quarantined {
verify	UNKNOWN STEP	2026-10-06T06:19:21.9969697Z   event: ^[[32m'ingestion.quarantined'^[[39m,
verify	UNKNOWN STEP	2026-10-06T06:19:21.9970865Z   messageId: ^[[32m'sqs-quarantine-next'^[[39m,
verify	UNKNOWN STEP	2026-10-06T06:19:21.9971845Z   errorType: ^[[32m'INVALID_JSON'^[[39m,
verify	UNKNOWN STEP	2026-10-06T06:19:21.9972749Z   errorPath: ^[[32m'(root)'^[[39m,
verify	UNKNOWN STEP	2026-10-06T06:19:21.9973750Z   reason: ^[[32m'message body is not valid JSON'^[[39m
verify	UNKNOWN STEP	2026-10-06T06:19:21.9974883Z }
verify	UNKNOWN STEP	2026-10-06T06:19:21.9975279Z 
verify	UNKNOWN STEP	2026-10-06T06:19:22.0080109Z ^[[90mstderr^[[2m | apps/ingestion-worker/test/ingest-pipeline.test.ts^[[2m > ^[[22m^[[2mcreateIngestionHandler（BE-IOT-02 校验管线）^[[2m > ^[[22m^[[2mSchema 违规进 Quarantine（含错误路径）；字段范围由 Schema 覆盖
verify	UNKNOWN STEP	2026-10-06T06:19:22.0115032Z ^[[22m^[[39mingestion message quarantined {
verify	UNKNOWN STEP	2026-10-06T06:19:22.0116161Z   event: ^[[32m'ingestion.quarantined'^[[39m,
verify	UNKNOWN STEP	2026-10-06T06:19:22.0122987Z   messageId: ^[[32m'sqs-1'^[[39m,
verify	UNKNOWN STEP	2026-10-06T06:19:22.0123812Z   errorType: ^[[32m'SCHEMA_VIOLATION'^[[39m,
verify	UNKNOWN STEP	2026-10-06T06:19:22.0124951Z   errorPath: ^[[32m'data.deviceStatus'^[[39m,
verify	UNKNOWN STEP	2026-10-06T06:19:22.0126351Z   reason: ^[[32m'payload violates heartbeat.schema.json: 非法枚举值 "BROKEN"，允许值: ONLINE, DEGRADED, OFFLINE'^[[39m,
verify	UNKNOWN STEP	2026-10-06T06:19:22.0127708Z   iotTopic: ^[[32m'bnx/device/dev-ing-5/heartbeat'^[[39m,
verify	UNKNOWN STEP	2026-10-06T06:19:22.0128582Z   iotDeviceId: ^[[32m'dev-ing-5'^[[39m
verify	UNKNOWN STEP	2026-10-06T06:19:22.0129256Z }
verify	UNKNOWN STEP	2026-10-06T06:19:22.0129647Z 
verify	UNKNOWN STEP	2026-10-06T06:19:22.0841716Z ^[[90mstderr^[[2m | apps/ingestion-worker/test/ingest-pipeline.test.ts^[[2m > ^[[22m^[[2mcreateIngestionHandler（BE-IOT-02 校验管线）^[[2m > ^[[22m^[[2mDEC-013：兼容截止边界起旧格式进入 Quarantine
verify	UNKNOWN STEP	2026-10-06T06:19:22.0896094Z ^[[22m^[[39mingestion message quarantined {
verify	UNKNOWN STEP	2026-10-06T06:19:22.0925449Z   event: ^[[32m'ingestion.quarantined'^[[39m,
verify	UNKNOWN STEP	2026-10-06T06:19:22.0955147Z   messageId: ^[[32m'sqs-expired'^[[39m,
verify	UNKNOWN STEP	2026-10-06T06:19:22.0964887Z   errorType: ^[[32m'SCHEMA_VIOLATION'^[[39m,
verify	UNKNOWN STEP	2026-10-06T06:19:22.1001153Z   errorPath: ^[[32m'data'^[[39m,
verify	UNKNOWN STEP	2026-10-06T06:19:22.1002673Z   reason: ^[[32m'LEGACY_FORMAT_EXPIRED: DEC-013 legacy compatibility expired at 2026-12-03T09:46:26Z'^[[39m,
verify	UNKNOWN STEP	2026-10-06T06:19:22.1004448Z   iotTopic: ^[[32m'bnx/device/dev-ing-8/heartbeat'^[[39m,
verify	UNKNOWN STEP	2026-10-06T06:19:22.1005477Z   iotDeviceId: ^[[32m'dev-ing-8'^[[39m
verify	UNKNOWN STEP	2026-10-06T06:19:22.1006122Z }
verify	UNKNOWN STEP	2026-10-06T06:19:22.1006493Z 
verify	UNKNOWN STEP	2026-10-06T06:19:22.1100015Z ^[[90mstderr^[[2m | apps/ingestion-worker/test/ingest-pipeline.test.ts^[[2m > ^[[22m^[[2mcreateIngestionHandler（BE-IOT-02 校验管线）^[[2m > ^[[22m^[[2mDEC-013：Audited Topic 验证 RFC 8785 audit.hash，不匹配时隔离
verify	UNKNOWN STEP	2026-10-06T06:19:22.1125405Z ^[[22m^[[39mingestion message quarantined {
verify	UNKNOWN STEP	2026-10-06T06:19:22.1154925Z   event: ^[[32m'ingestion.quarantined'^[[39m,
verify	UNKNOWN STEP	2026-10-06T06:19:22.1185093Z   messageId: ^[[32m'sqs-audit-bad'^[[39m,
verify	UNKNOWN STEP	2026-10-06T06:19:22.1186090Z   errorType: ^[[32m'AUDIT_HASH_MISMATCH'^[[39m,
verify	UNKNOWN STEP	2026-10-06T06:19:22.1214903Z   errorPath: ^[[32m'audit.hash'^[[39m,
verify	UNKNOWN STEP	2026-10-06T06:19:22.1245210Z   reason: ^[[32m'audit.hash must equal SHA-256(RFC8785({meta,data}))'^[[39m,
verify	UNKNOWN STEP	2026-10-06T06:19:22.1275070Z   iotTopic: ^[[32m'bnx/device/dev-ing-9/telemetry'^[[39m,
verify	UNKNOWN STEP	2026-10-06T06:19:22.1276138Z   iotDeviceId: ^[[32m'dev-ing-9'^[[39m
verify	UNKNOWN STEP	2026-10-06T06:19:22.1279725Z }
verify	UNKNOWN STEP	2026-10-06T06:19:22.1280274Z 
verify	UNKNOWN STEP	2026-10-06T06:19:22.1280867Z Bundling asset TestStack/DeviceApiFn/Code/Stage...
verify	UNKNOWN STEP	2026-10-06T06:19:22.1487833Z ^[[90mstderr^[[2m | apps/ingestion-worker/test/ingest-pipeline.test.ts^[[2m > ^[[22m^[[2mcreateIngestionHandler（BE-IOT-02 校验管线）^[[2m > ^[[22m^[[2m身份违规进 Quarantine：未知/撤销证书、非审批态 PENDING_CLAIM、Topic 绑定不一致
verify	UNKNOWN STEP	2026-10-06T06:19:22.1525711Z ^[[22m^[[39mingestion message quarantined {
verify	UNKNOWN STEP	2026-10-06T06:19:22.1526879Z   event: ^[[32m'ingestion.quarantined'^[[39m,
verify	UNKNOWN STEP	2026-10-06T06:19:22.1555238Z   messageId: ^[[32m'sqs-unknown'^[[39m,
verify	UNKNOWN STEP	2026-10-06T06:19:22.1587579Z   errorType: ^[[32m'UNKNOWN_DEVICE'^[[39m,
verify	UNKNOWN STEP	2026-10-06T06:19:22.1615088Z   errorPath: ^[[32m'iotPrincipal'^[[39m,
verify	UNKNOWN STEP	2026-10-06T06:19:22.1645239Z   reason: ^[[32m'certificate not registered in device ledger'^[[39m,
verify	UNKNOWN STEP	2026-10-06T06:19:22.1646627Z   iotTopic: ^[[32m'bnx/device/dev-ing-10/heartbeat'^[[39m,
verify	UNKNOWN STEP	2026-10-06T06:19:22.1675110Z   iotDeviceId: ^[[32m'dev-ing-10'^[[39m
verify	UNKNOWN STEP	2026-10-06T06:19:22.1704789Z }
verify	UNKNOWN STEP	2026-10-06T06:19:22.1734631Z 
verify	UNKNOWN STEP	2026-10-06T06:19:22.1737050Z ^[[90mstderr^[[2m | apps/ingestion-worker/test/ingest-pipeline.test.ts^[[2m > ^[[22m^[[2mcreateIngestionHandler（BE-IOT-02 校验管线）^[[2m > ^[[22m^[[2m身份违规进 Quarantine：未知/撤销证书、非审批态 PENDING_CLAIM、Topic 绑定不一致
verify	UNKNOWN STEP	2026-10-06T06:19:22.1765275Z ^[[22m^[[39mingestion message quarantined {
verify	UNKNOWN STEP	2026-10-06T06:19:22.1795143Z   event: ^[[32m'ingestion.quarantined'^[[39m,
verify	UNKNOWN STEP	2026-10-06T06:19:22.1820127Z   messageId: ^[[32m'sqs-revoked'^[[39m,
verify	UNKNOWN STEP	2026-10-06T06:19:22.1825921Z   errorType: ^[[32m'IDENTITY_VIOLATION'^[[39m,
verify	UNKNOWN STEP	2026-10-06T06:19:22.1855172Z   errorPath: ^[[32m'iotPrincipal'^[[39m,
verify	UNKNOWN STEP	2026-10-06T06:19:22.1885502Z   reason: ^[[32m'certificate is neither ACTIVE nor an approved onboarding certificate'^[[39m,
verify	UNKNOWN STEP	2026-10-06T06:19:22.1916494Z   iotTopic: ^[[32m'bnx/device/dev-ing-12/heartbeat'^[[39m,
verify	UNKNOWN STEP	2026-10-06T06:19:22.1917642Z   iotDeviceId: ^[[32m'dev-ing-12'^[[39m
verify	UNKNOWN STEP	2026-10-06T06:19:22.1945069Z }
verify	UNKNOWN STEP	2026-10-06T06:19:22.1979047Z 
verify	UNKNOWN STEP	2026-10-06T06:19:22.2006807Z ^[[90mstderr^[[2m | apps/ingestion-worker/test/ingest-pipeline.test.ts^[[2m > ^[[22m^[[2mcreateIngestionHandler（BE-IOT-02 校验管线）^[[2m > ^[[22m^[[2m身份违规进 Quarantine：未知/撤销证书、非审批态 PENDING_CLAIM、Topic 绑定不一致
verify	UNKNOWN STEP	2026-10-06T06:19:22.2035163Z ^[[22m^[[39mingestion message quarantined {
verify	UNKNOWN STEP	2026-10-06T06:19:22.2065032Z   event: ^[[32m'ingestion.quarantined'^[[39m,
verify	UNKNOWN STEP	2026-10-06T06:19:22.2066122Z   messageId: ^[[32m'sqs-unapproved-pending'^[[39m,
verify	UNKNOWN STEP	2026-10-06T06:19:22.2095058Z   errorType: ^[[32m'IDENTITY_VIOLATION'^[[39m,
verify	UNKNOWN STEP	2026-10-06T06:19:22.2125020Z   errorPath: ^[[32m'iotPrincipal'^[[39m,
verify	UNKNOWN STEP	2026-10-06T06:19:22.2155371Z   reason: ^[[32m'certificate is neither ACTIVE nor an approved onboarding certificate'^[[39m,
verify	UNKNOWN STEP	2026-10-06T06:19:22.2185002Z   iotTopic: ^[[32m'bnx/device/dev-ing-13/heartbeat'^[[39m,
verify	UNKNOWN STEP	2026-10-06T06:19:22.2186558Z   iotDeviceId: ^[[32m'dev-ing-13'^[[39m
verify	UNKNOWN STEP	2026-10-06T06:19:22.2207114Z }
verify	UNKNOWN STEP	2026-10-06T06:19:22.2207549Z 
verify	UNKNOWN STEP	2026-10-06T06:19:22.2209740Z ^[[90mstderr^[[2m | apps/ingestion-worker/test/ingest-pipeline.test.ts^[[2m > ^[[22m^[[2mcreateIngestionHandler（BE-IOT-02 校验管线）^[[2m > ^[[22m^[[2m身份违规进 Quarantine：未知/撤销证书、非审批态 PENDING_CLAIM、Topic 绑定不一致
verify	UNKNOWN STEP	2026-10-06T06:19:22.2224860Z ^[[22m^[[39mingestion message quarantined {
verify	UNKNOWN STEP	2026-10-06T06:19:22.2254931Z   event: ^[[32m'ingestion.quarantined'^[[39m,
verify	UNKNOWN STEP	2026-10-06T06:19:22.2284929Z   messageId: ^[[32m'sqs-mismatch'^[[39m,
verify	UNKNOWN STEP	2026-10-06T06:19:22.2295018Z   errorType: ^[[32m'IDENTITY_VIOLATION'^[[39m,
verify	UNKNOWN STEP	2026-10-06T06:19:22.2344918Z   errorPath: ^[[32m'iotDeviceId'^[[39m,
verify	UNKNOWN STEP	2026-10-06T06:19:22.2346188Z   reason: ^[[32m'topic device does not match certificate binding'^[[39m,
verify	UNKNOWN STEP	2026-10-06T06:19:22.2374992Z   iotTopic: ^[[32m'bnx/device/dev-ing-11/heartbeat'^[[39m,
verify	UNKNOWN STEP	2026-10-06T06:19:22.2396429Z   iotDeviceId: ^[[32m'dev-ing-11'^[[39m
verify	UNKNOWN STEP	2026-10-06T06:19:22.2414599Z }
verify	UNKNOWN STEP	2026-10-06T06:19:22.2434523Z 
verify	UNKNOWN STEP	2026-10-06T06:19:22.2466582Z ^[[90mstderr^[[2m | apps/ingestion-worker/test/ingest-pipeline.test.ts^[[2m > ^[[22m^[[2mcreateIngestionHandler（BE-IOT-02 校验管线）^[[2m > ^[[22m^[[2mRetired 设备即使证书仍 ACTIVE，八类业务 MQTT 也全部失败关闭
verify	UNKNOWN STEP	2026-10-06T06:19:22.2475013Z ^[[22m^[[39mingestion message quarantined {
verify	UNKNOWN STEP	2026-10-06T06:19:22.2525014Z   event: ^[[32m'ingestion.quarantined'^[[39m,
verify	UNKNOWN STEP	2026-10-06T06:19:22.2525872Z   messageId: ^[[32m'sqs-retired-heartbeat'^[[39m,
verify	UNKNOWN STEP	2026-10-06T06:19:22.2555020Z   errorType: ^[[32m'IDENTITY_VIOLATION'^[[39m,
verify	UNKNOWN STEP	2026-10-06T06:19:22.2566386Z   errorPath: ^[[32m'iotDeviceId'^[[39m,
verify	UNKNOWN STEP	2026-10-06T06:19:22.2609328Z   reason: ^[[32m'retired device business MQTT is disabled'^[[39m,
verify	UNKNOWN STEP	2026-10-06T06:19:22.2615235Z   iotTopic: ^[[32m'bnx/device/dev-ing-14/heartbeat'^[[39m,
verify	UNKNOWN STEP	2026-10-06T06:19:22.2624928Z   iotDeviceId: ^[[32m'dev-ing-14'^[[39m
verify	UNKNOWN STEP	2026-10-06T06:19:22.2647289Z }
verify	UNKNOWN STEP	2026-10-06T06:19:22.2684384Z 
verify	UNKNOWN STEP	2026-10-06T06:19:22.2706774Z ^[[90mstderr^[[2m | apps/ingestion-worker/test/ingest-pipeline.test.ts^[[2m > ^[[22m^[[2mcreateIngestionHandler（BE-IOT-02 校验管线）^[[2m > ^[[22m^[[2mRetired 设备即使证书仍 ACTIVE，八类业务 MQTT 也全部失败关闭
verify	UNKNOWN STEP	2026-10-06T06:19:22.2714888Z ^[[22m^[[39mingestion message quarantined {
verify	UNKNOWN STEP	2026-10-06T06:19:22.2744860Z   event: ^[[32m'ingestion.quarantined'^[[39m,
verify	UNKNOWN STEP	2026-10-06T06:19:22.2765066Z   messageId: ^[[32m'sqs-retired-telemetry'^[[39m,
verify	UNKNOWN STEP	2026-10-06T06:19:22.2766113Z   errorType: ^[[32m'IDENTITY_VIOLATION'^[[39m,
verify	UNKNOWN STEP	2026-10-06T06:19:22.2804797Z   errorPath: ^[[32m'iotDeviceId'^[[39m,
verify	UNKNOWN STEP	2026-10-06T06:19:22.2834892Z   reason: ^[[32m'retired device business MQTT is disabled'^[[39m,
verify	UNKNOWN STEP	2026-10-06T06:19:22.2855173Z   iotTopic: ^[[32m'bnx/device/dev-ing-14/telemetry'^[[39m,
verify	UNKNOWN STEP	2026-10-06T06:19:22.2864740Z   iotDeviceId: ^[[32m'dev-ing-14'^[[39m
verify	UNKNOWN STEP	2026-10-06T06:19:22.2894439Z }
verify	UNKNOWN STEP	2026-10-06T06:19:22.2918983Z 
verify	UNKNOWN STEP	2026-10-06T06:19:22.2946760Z ^[[90mstderr^[[2m | apps/ingestion-worker/test/ingest-pipeline.test.ts^[[2m > ^[[22m^[[2mcreateIngestionHandler（BE-IOT-02 校验管线）^[[2m > ^[[22m^[[2mRetired 设备即使证书仍 ACTIVE，八类业务 MQTT 也全部失败关闭
verify	UNKNOWN STEP	2026-10-06T06:19:22.2948558Z ^[[22m^[[39mingestion message quarantined {
verify	UNKNOWN STEP	2026-10-06T06:19:22.2984831Z   event: ^[[32m'ingestion.quarantined'^[[39m,
verify	UNKNOWN STEP	2026-10-06T06:19:22.3039483Z   messageId: ^[[32m'sqs-retired-report'^[[39m,
verify	UNKNOWN STEP	2026-10-06T06:19:22.3074912Z   errorType: ^[[32m'IDENTITY_VIOLATION'^[[39m,
verify	UNKNOWN STEP	2026-10-06T06:19:22.3091665Z   errorPath: ^[[32m'iotDeviceId'^[[39m,
verify	UNKNOWN STEP	2026-10-06T06:19:22.3093135Z  ^[[32m✓^[[39m apps/ingestion-worker/test/ingest-pipeline.test.ts ^[[2m(^[[22m^[[2m15 tests^[[22m^[[2m)^[[22m^[[33m 5082^[[2mms^[[22m^[[39m
verify	UNKNOWN STEP	2026-10-06T06:19:22.3134999Z   reason: ^[[32m'retired device business MQTT is disabled'^[[39m,
verify	UNKNOWN STEP	2026-10-06T06:19:22.3135962Z   iotTopic: ^[[32m'bnx/device/dev-ing-14/report'^[[39m,
verify	UNKNOWN STEP	2026-10-06T06:19:22.3136673Z   iotDeviceId: ^[[32m'dev-ing-14'^[[39m
verify	UNKNOWN STEP	2026-10-06T06:19:22.3137143Z }
verify	UNKNOWN STEP	2026-10-06T06:19:22.3137328Z 
verify	UNKNOWN STEP	2026-10-06T06:19:22.3139086Z ^[[90mstderr^[[2m | apps/ingestion-worker/test/ingest-pipeline.test.ts^[[2m > ^[[22m^[[2mcreateIngestionHandler（BE-IOT-02 校验管线）^[[2m > ^[[22m^[[2mRetired 设备即使证书仍 ACTIVE，八类业务 MQTT 也全部失败关闭
verify	UNKNOWN STEP	2026-10-06T06:19:22.3140636Z ^[[22m^[[39mingestion message quarantined {
verify	UNKNOWN STEP	2026-10-06T06:19:22.3141330Z   event: ^[[32m'ingestion.quarantined'^[[39m,
verify	UNKNOWN STEP	2026-10-06T06:19:22.3142038Z   messageId: ^[[32m'sqs-retired-alarm'^[[39m,
verify	UNKNOWN STEP	2026-10-06T06:19:22.3142732Z   errorType: ^[[32m'IDENTITY_VIOLATION'^[[39m,
verify	UNKNOWN STEP	2026-10-06T06:19:22.3143388Z   errorPath: ^[[32m'iotDeviceId'^[[39m,
verify	UNKNOWN STEP	2026-10-06T06:19:22.3144353Z   reason: ^[[32m'retired device business MQTT is disabled'^[[39m,
verify	UNKNOWN STEP	2026-10-06T06:19:22.3145307Z   iotTopic: ^[[32m'bnx/device/dev-ing-14/alarm'^[[39m,
verify	UNKNOWN STEP	2026-10-06T06:19:22.3146092Z   iotDeviceId: ^[[32m'dev-ing-14'^[[39m
verify	UNKNOWN STEP	2026-10-06T06:19:22.3146601Z }
verify	UNKNOWN STEP	2026-10-06T06:19:22.3146806Z 
verify	UNKNOWN STEP	2026-10-06T06:19:22.3148573Z ^[[90mstderr^[[2m | apps/ingestion-worker/test/ingest-pipeline.test.ts^[[2m > ^[[22m^[[2mcreateIngestionHandler（BE-IOT-02 校验管线）^[[2m > ^[[22m^[[2mRetired 设备即使证书仍 ACTIVE，八类业务 MQTT 也全部失败关闭
verify	UNKNOWN STEP	2026-10-06T06:19:22.3150322Z ^[[22m^[[39mingestion message quarantined {
verify	UNKNOWN STEP	2026-10-06T06:19:22.3151114Z   event: ^[[32m'ingestion.quarantined'^[[39m,
verify	UNKNOWN STEP	2026-10-06T06:19:22.3152166Z   messageId: ^[[32m'sqs-retired-event'^[[39m,
verify	UNKNOWN STEP	2026-10-06T06:19:22.3152971Z   errorType: ^[[32m'IDENTITY_VIOLATION'^[[39m,
verify	UNKNOWN STEP	2026-10-06T06:19:22.3153734Z   errorPath: ^[[32m'iotDeviceId'^[[39m,
verify	UNKNOWN STEP	2026-10-06T06:19:22.3154886Z   reason: ^[[32m'retired device business MQTT is disabled'^[[39m,
verify	UNKNOWN STEP	2026-10-06T06:19:22.3155821Z   iotTopic: ^[[32m'bnx/device/dev-ing-14/event'^[[39m,
verify	UNKNOWN STEP	2026-10-06T06:19:22.3156585Z   iotDeviceId: ^[[32m'dev-ing-14'^[[39m
verify	UNKNOWN STEP	2026-10-06T06:19:22.3157113Z }
verify	UNKNOWN STEP	2026-10-06T06:19:22.3157307Z 
verify	UNKNOWN STEP	2026-10-06T06:19:22.3159009Z ^[[90mstderr^[[2m | apps/ingestion-worker/test/ingest-pipeline.test.ts^[[2m > ^[[22m^[[2mcreateIngestionHandler（BE-IOT-02 校验管线）^[[2m > ^[[22m^[[2mRetired 设备即使证书仍 ACTIVE，八类业务 MQTT 也全部失败关闭
verify	UNKNOWN STEP	2026-10-06T06:19:22.3160577Z ^[[22m^[[39mingestion message quarantined {
verify	UNKNOWN STEP	2026-10-06T06:19:22.3161242Z   event: ^[[32m'ingestion.quarantined'^[[39m,
verify	UNKNOWN STEP	2026-10-06T06:19:22.3162383Z   messageId: ^[[32m'sqs-retired-ack'^[[39m,
verify	UNKNOWN STEP	2026-10-06T06:19:22.3163110Z   errorType: ^[[32m'IDENTITY_VIOLATION'^[[39m,
verify	UNKNOWN STEP	2026-10-06T06:19:22.3163756Z   errorPath: ^[[32m'iotDeviceId'^[[39m,
verify	UNKNOWN STEP	2026-10-06T06:19:22.3195104Z   reason: ^[[32m'retired device business MQTT is disabled'^[[39m,
verify	UNKNOWN STEP	2026-10-06T06:19:22.3195979Z   iotTopic: ^[[32m'bnx/device/dev-ing-14/ack'^[[39m,
verify	UNKNOWN STEP	2026-10-06T06:19:22.3196695Z   iotDeviceId: ^[[32m'dev-ing-14'^[[39m
verify	UNKNOWN STEP	2026-10-06T06:19:22.3197158Z }
verify	UNKNOWN STEP	2026-10-06T06:19:22.3197330Z 
verify	UNKNOWN STEP	2026-10-06T06:19:22.3198990Z ^[[90mstderr^[[2m | apps/ingestion-worker/test/ingest-pipeline.test.ts^[[2m > ^[[22m^[[2mcreateIngestionHandler（BE-IOT-02 校验管线）^[[2m > ^[[22m^[[2mRetired 设备即使证书仍 ACTIVE，八类业务 MQTT 也全部失败关闭
verify	UNKNOWN STEP	2026-10-06T06:19:22.3200828Z ^[[22m^[[39mingestion message quarantined {
verify	UNKNOWN STEP	2026-10-06T06:19:22.3201503Z   event: ^[[32m'ingestion.quarantined'^[[39m,
verify	UNKNOWN STEP	2026-10-06T06:19:22.3202180Z   messageId: ^[[32m'sqs-retired-tamper'^[[39m,
verify	UNKNOWN STEP	2026-10-06T06:19:22.3202855Z   errorType: ^[[32m'IDENTITY_VIOLATION'^[[39m,
verify	UNKNOWN STEP	2026-10-06T06:19:22.3203513Z   errorPath: ^[[32m'iotDeviceId'^[[39m,
verify	UNKNOWN STEP	2026-10-06T06:19:22.3204488Z   reason: ^[[32m'retired device business MQTT is disabled'^[[39m,
verify	UNKNOWN STEP	2026-10-06T06:19:22.3205330Z   iotTopic: ^[[32m'bnx/device/dev-ing-14/tamper'^[[39m,
verify	UNKNOWN STEP	2026-10-06T06:19:22.3206014Z   iotDeviceId: ^[[32m'dev-ing-14'^[[39m
verify	UNKNOWN STEP	2026-10-06T06:19:22.3206470Z }
verify	UNKNOWN STEP	2026-10-06T06:19:22.3206652Z 
verify	UNKNOWN STEP	2026-10-06T06:19:22.3208266Z ^[[90mstderr^[[2m | apps/ingestion-worker/test/ingest-pipeline.test.ts^[[2m > ^[[22m^[[2mcreateIngestionHandler（BE-IOT-02 校验管线）^[[2m > ^[[22m^[[2mRetired 设备即使证书仍 ACTIVE，八类业务 MQTT 也全部失败关闭
verify	UNKNOWN STEP	2026-10-06T06:19:22.3209771Z ^[[22m^[[39mingestion message quarantined {
verify	UNKNOWN STEP	2026-10-06T06:19:22.3210462Z   event: ^[[32m'ingestion.quarantined'^[[39m,
verify	UNKNOWN STEP	2026-10-06T06:19:22.3211139Z   messageId: ^[[32m'sqs-retired-media'^[[39m,
verify	UNKNOWN STEP	2026-10-06T06:19:22.3211834Z   errorType: ^[[32m'IDENTITY_VIOLATION'^[[39m,
verify	UNKNOWN STEP	2026-10-06T06:19:22.3212536Z   errorPath: ^[[32m'iotDeviceId'^[[39m,
verify	UNKNOWN STEP	2026-10-06T06:19:22.3213319Z   reason: ^[[32m'retired device business MQTT is disabled'^[[39m,
verify	UNKNOWN STEP	2026-10-06T06:19:22.3214371Z   iotTopic: ^[[32m'bnx/device/dev-ing-14/media'^[[39m,
verify	UNKNOWN STEP	2026-10-06T06:19:22.3215052Z   iotDeviceId: ^[[32m'dev-ing-14'^[[39m
verify	UNKNOWN STEP	2026-10-06T06:19:22.3215498Z }
verify	UNKNOWN STEP	2026-10-06T06:19:22.3215671Z 
verify	UNKNOWN STEP	2026-10-06T06:19:22.3217235Z ^[[90mstderr^[[2m | apps/ingestion-worker/test/ingest-pipeline.test.ts^[[2m > ^[[22m^[[2mcreateIngestionHandler（BE-IOT-02 校验管线）^[[2m > ^[[22m^[[2m时钟偏差超阈值进 Quarantine（CLOCK_SKEW，路径 meta.ts）
verify	UNKNOWN STEP	2026-10-06T06:19:22.3218785Z ^[[22m^[[39mingestion message quarantined {
verify	UNKNOWN STEP	2026-10-06T06:19:22.3219514Z   event: ^[[32m'ingestion.quarantined'^[[39m,
verify	UNKNOWN STEP	2026-10-06T06:19:22.3220178Z   messageId: ^[[32m'sqs-1'^[[39m,
verify	UNKNOWN STEP	2026-10-06T06:19:22.3220788Z   errorType: ^[[32m'CLOCK_SKEW'^[[39m,
verify	UNKNOWN STEP	2026-10-06T06:19:22.3221421Z   errorPath: ^[[32m'meta.ts'^[[39m,
verify	UNKNOWN STEP	2026-10-06T06:19:22.3222575Z   reason: ^[[32m'device timestamp outside allowed window: skew 3600s, past 300s, future 300s'^[[39m,
verify	UNKNOWN STEP	2026-10-06T06:19:22.3223694Z   iotTopic: ^[[32m'bnx/device/dev-ing-15/heartbeat'^[[39m,
verify	UNKNOWN STEP	2026-10-06T06:19:22.3240370Z   iotDeviceId: ^[[32m'dev-ing-15'^[[39m
verify	UNKNOWN STEP	2026-10-06T06:19:22.3240865Z }
verify	UNKNOWN STEP	2026-10-06T06:19:22.3241031Z 
verify	UNKNOWN STEP	2026-10-06T06:19:22.3242573Z ^[[90mstderr^[[2m | apps/ingestion-worker/test/ingest-pipeline.test.ts^[[2m > ^[[22m^[[2mcreateIngestionHandler（BE-IOT-02 校验管线）^[[2m > ^[[22m^[[2mEnvelope 失败关闭：字段缺失、Topic 上下文不一致及额外 iot* 字段均隔离
verify	UNKNOWN STEP	2026-10-06T06:19:22.3243940Z ^[[22m^[[39mingestion message quarantined {
verify	UNKNOWN STEP	2026-10-06T06:19:22.3244867Z   event: ^[[32m'ingestion.quarantined'^[[39m,
verify	UNKNOWN STEP	2026-10-06T06:19:22.3245493Z   messageId: ^[[32m'sqs-missing'^[[39m,
verify	UNKNOWN STEP	2026-10-06T06:19:22.3246086Z   errorType: ^[[32m'INVALID_ENVELOPE'^[[39m,
verify	UNKNOWN STEP	2026-10-06T06:19:22.3246678Z   errorPath: ^[[32m'iotPrincipal'^[[39m,
verify	UNKNOWN STEP	2026-10-06T06:19:22.3247349Z   reason: ^[[32m'iotPrincipal missing'^[[39m
verify	UNKNOWN STEP	2026-10-06T06:19:22.3247963Z }
verify	UNKNOWN STEP	2026-10-06T06:19:22.3248216Z 
verify	UNKNOWN STEP	2026-10-06T06:19:22.3250231Z ^[[90mstderr^[[2m | apps/ingestion-worker/test/ingest-pipeline.test.ts^[[2m > ^[[22m^[[2mcreateIngestionHandler（BE-IOT-02 校验管线）^[[2m > ^[[22m^[[2mEnvelope 失败关闭：字段缺失、Topic 上下文不一致及额外 iot* 字段均隔离
verify	UNKNOWN STEP	2026-10-06T06:19:22.3252305Z ^[[22m^[[39mingestion message quarantined {
verify	UNKNOWN STEP	2026-10-06T06:19:22.3253144Z   event: ^[[32m'ingestion.quarantined'^[[39m,
verify	UNKNOWN STEP	2026-10-06T06:19:22.3253910Z   messageId: ^[[32m'sqs-mismatch'^[[39m,
verify	UNKNOWN STEP	2026-10-06T06:19:22.3254923Z   errorType: ^[[32m'INVALID_ENVELOPE'^[[39m,
verify	UNKNOWN STEP	2026-10-06T06:19:22.3255647Z   errorPath: ^[[32m'iotType'^[[39m,
verify	UNKNOWN STEP	2026-10-06T06:19:22.3256537Z   reason: ^[[32m'iotType missing or inconsistent with iotTopic'^[[39m
verify	UNKNOWN STEP	2026-10-06T06:19:22.3257237Z }
verify	UNKNOWN STEP	2026-10-06T06:19:22.3257435Z 
verify	UNKNOWN STEP	2026-10-06T06:19:22.3259237Z ^[[90mstderr^[[2m | apps/ingestion-worker/test/ingest-pipeline.test.ts^[[2m > ^[[22m^[[2mcreateIngestionHandler（BE-IOT-02 校验管线）^[[2m > ^[[22m^[[2mEnvelope 失败关闭：字段缺失、Topic 上下文不一致及额外 iot* 字段均隔离
verify	UNKNOWN STEP	2026-10-06T06:19:22.3261253Z ^[[22m^[[39mingestion message quarantined {
verify	UNKNOWN STEP	2026-10-06T06:19:22.3261997Z   event: ^[[32m'ingestion.quarantined'^[[39m,
verify	UNKNOWN STEP	2026-10-06T06:19:22.3262663Z   messageId: ^[[32m'sqs-device-mismatch'^[[39m,
verify	UNKNOWN STEP	2026-10-06T06:19:22.3263384Z   errorType: ^[[32m'INVALID_ENVELOPE'^[[39m,
verify	UNKNOWN STEP	2026-10-06T06:19:22.3264421Z   errorPath: ^[[32m'iotDeviceId'^[[39m,
verify	UNKNOWN STEP	2026-10-06T06:19:22.3265555Z   reason: ^[[32m'iotDeviceId is inconsistent with iotTopic'^[[39m
verify	UNKNOWN STEP	2026-10-06T06:19:22.3266403Z }
verify	UNKNOWN STEP	2026-10-06T06:19:22.3266657Z 
verify	UNKNOWN STEP	2026-10-06T06:19:22.3268820Z ^[[90mstderr^[[2m | apps/ingestion-worker/test/ingest-pipeline.test.ts^[[2m > ^[[22m^[[2mcreateIngestionHandler（BE-IOT-02 校验管线）^[[2m > ^[[22m^[[2mEnvelope 失败关闭：字段缺失、Topic 上下文不一致及额外 iot* 字段均隔离
verify	UNKNOWN STEP	2026-10-06T06:19:22.3270346Z ^[[22m^[[39mingestion message quarantined {
verify	UNKNOWN STEP	2026-10-06T06:19:22.3271000Z   event: ^[[32m'ingestion.quarantined'^[[39m,
verify	UNKNOWN STEP	2026-10-06T06:19:22.3271608Z   messageId: ^[[32m'sqs-extra-iot'^[[39m,
verify	UNKNOWN STEP	2026-10-06T06:19:22.3272119Z   errorType: ^[[32m'SCHEMA_VIOLATION'^[[39m,
verify	UNKNOWN STEP	2026-10-06T06:19:22.3272689Z   errorPath: ^[[32m'(root)'^[[39m,
verify	UNKNOWN STEP	2026-10-06T06:19:22.3273576Z   reason: ^[[32m'payload violates heartbeat.schema.json: 不允许的额外字段 iotSpoofedContext'^[[39m,
verify	UNKNOWN STEP	2026-10-06T06:19:22.3274944Z   iotTopic: ^[[32m'bnx/device/dev-ing-17/heartbeat'^[[39m,
verify	UNKNOWN STEP	2026-10-06T06:19:22.3275567Z   iotDeviceId: ^[[32m'dev-ing-17'^[[39m
verify	UNKNOWN STEP	2026-10-06T06:19:22.3275965Z }
verify	UNKNOWN STEP	2026-10-06T06:19:22.3276131Z 
verify	UNKNOWN STEP	2026-10-06T06:19:22.3276841Z      ^[[33m^[[2m✓^[[22m^[[39m 生产组合根闭环：SQS → 身份/Schema 校验 → Heartbeat → Onboarded ^[[33m 541^[[2mms^[[22m^[[39m
verify	UNKNOWN STEP	2026-10-06T06:19:23.1860811Z  ^[[32m✓^[[39m apps/cloud-api/test/device-sync.test.ts ^[[2m(^[[22m^[[2m13 tests^[[22m^[[2m)^[[22m^[[33m 5275^[[2mms^[[22m^[[39m
verify	UNKNOWN STEP	2026-10-06T06:19:23.1862212Z      ^[[33m^[[2m✓^[[22m^[[39m 六域齐备：Assignment/Alias/License+签名/Device Users+验证材料/Configuration/Operational Status ^[[33m 440^[[2mms^[[22m^[[39m
verify	UNKNOWN STEP	2026-10-06T06:19:23.2376991Z Bundling asset TestStack/ApiFn/Code/Stage...
verify	UNKNOWN STEP	2026-10-06T06:19:26.7716906Z Bundling asset TestStack/IngestionFn/Code/Stage...
verify	UNKNOWN STEP	2026-10-06T06:19:27.7925804Z Bundling asset TestStack/ArchiveFn/Code/Stage...
verify	UNKNOWN STEP	2026-10-06T06:19:28.2868516Z  ^[[32m✓^[[39m apps/cloud-api/test/admin-ota-package.test.ts ^[[2m(^[[22m^[[2m13 tests^[[22m^[[2m)^[[22m^[[33m 4184^[[2mms^[[22m^[[39m
verify	UNKNOWN STEP	2026-10-06T06:19:28.4752596Z Bundling asset TestStack/OutboxPublisherFn/Code/Stage...
verify	UNKNOWN STEP	2026-10-06T06:19:29.4018186Z Bundling asset TestStack/NotificationPublisherFn/Code/Stage...
verify	UNKNOWN STEP	2026-10-06T06:19:30.5585564Z Bundling asset TestStack/SummaryFn/Code/Stage...
verify	UNKNOWN STEP	2026-10-06T06:19:31.7738743Z Bundling asset TestStack/ReplayTriggerPublisherFn/Code/Stage...
verify	UNKNOWN STEP	2026-10-06T06:19:32.8438241Z Bundling asset TestStack/ReplayFn/Code/Stage...
verify	UNKNOWN STEP	2026-10-06T06:19:33.9285998Z Bundling asset TestStack/CertPackageSweeperFn/Code/Stage...
verify	UNKNOWN STEP	2026-10-06T06:19:34.5806700Z  ^[[32m✓^[[39m apps/cloud-api/test/admin-device-user.test.ts ^[[2m(^[[22m^[[2m8 tests^[[22m^[[2m)^[[22m^[[33m 5074^[[2mms^[[22m^[[39m
verify	UNKNOWN STEP	2026-10-06T06:19:34.5815368Z      ^[[33m^[[2m✓^[[22m^[[39m 仅匹配具有目标设备 ACTIVE 分配的设备操作员 ^[[33m 550^[[2mms^[[22m^[[39m
verify	UNKNOWN STEP	2026-10-06T06:19:34.8640003Z Bundling asset TestStack/OnboardingDeadlineFn/Code/Stage...
verify	UNKNOWN STEP	2026-10-06T06:19:35.1694577Z  ^[[32m✓^[[39m apps/admin-web/test/contracts.test.tsx ^[[2m(^[[22m^[[2m11 tests^[[22m^[[2m)^[[22m^[[33m 10048^[[2mms^[[22m^[[39m
verify	UNKNOWN STEP	2026-10-06T06:19:35.1698816Z    ^[[33m^[[2m✓^[[22m^[[39m 列表：客户名解析、设备计数、服务期限、派生状态标签、筛选回调 ^[[33m 1712^[[2mms^[[22m^[[39m
verify	UNKNOWN STEP	2026-10-06T06:19:35.1701123Z    ^[[33m^[[2m✓^[[22m^[[39m 列表：新建按钮按 contract:write 门控（Operator 禁用） ^[[33m 359^[[2mms^[[22m^[[39m
verify	UNKNOWN STEP	2026-10-06T06:19:35.1719637Z    ^[[33m^[[2m✓^[[22m^[[39m 新建：创建 DRAFT（不自动激活 License）→ eligible 设备两步关联 ^[[33m 1211^[[2mms^[[22m^[[39m
verify	UNKNOWN STEP	2026-10-06T06:19:35.1720945Z    ^[[33m^[[2m✓^[[22m^[[39m 新建：编号重复 409 → 明确错误呈现 ^[[33m 500^[[2mms^[[22m^[[39m
verify	UNKNOWN STEP	2026-10-06T06:19:35.1722266Z    ^[[33m^[[2m✓^[[22m^[[39m 详情：编辑携带 version（If-Match）+ 强制原因；EFFECTIVE 不可改有效期 ^[[33m 1173^[[2mms^[[22m^[[39m
verify	UNKNOWN STEP	2026-10-06T06:19:35.1723664Z    ^[[33m^[[2m✓^[[22m^[[39m 详情：续约校验（newEndAt 须晚于当前）+ 提交；激活/终止强制原因确认 ^[[33m 2215^[[2mms^[[22m^[[39m
verify	UNKNOWN STEP	2026-10-06T06:19:35.1725453Z    ^[[33m^[[2m✓^[[22m^[[39m 详情：绑定 eligible 设备（重叠租期 409 呈现）；解绑不撤销 License（License 展示不变） ^[[33m 2467^[[2mms^[[22m^[[39m
verify	UNKNOWN STEP	2026-10-06T06:19:35.8655973Z Bundling asset TestStack/RetirementTimeoutFn/Code/Stage...
verify	UNKNOWN STEP	2026-10-06T06:19:37.2025644Z Bundling asset TestStack/ActivityExportFn/Code/Stage...
verify	UNKNOWN STEP	2026-10-06T06:19:38.7825492Z Bundling asset TestStack/EsgExportFn/Code/Stage...
verify	UNKNOWN STEP	2026-10-06T06:19:39.9655755Z Bundling asset TestStack/CommandPublisherFn/Code/Stage...
verify	UNKNOWN STEP	2026-10-06T06:19:40.0929783Z  ^[[32m✓^[[39m apps/cloud-api/test/admin-dashboard.test.ts ^[[2m(^[[22m^[[2m8 tests^[[22m^[[2m)^[[22m^[[33m 4509^[[2mms^[[22m^[[39m
verify	UNKNOWN STEP	2026-10-06T06:19:41.0756474Z Bundling asset TestStack/CommandTimeoutFn/Code/Stage...
verify	UNKNOWN STEP	2026-10-06T06:19:41.3286508Z  ^[[32m✓^[[39m apps/cloud-api/test/admin-configuration.test.ts ^[[2m(^[[22m^[[2m9 tests^[[22m^[[2m)^[[22m^[[33m 4781^[[2mms^[[22m^[[39m
verify	UNKNOWN STEP	2026-10-06T06:19:41.3289585Z      ^[[33m^[[2m✓^[[22m^[[39m 创建配置（按设备/按型号）与不可变版本；版本号递增；二选一与目标校验 ^[[33m 360^[[2mms^[[22m^[[39m
verify	UNKNOWN STEP	2026-10-06T06:19:42.1686482Z Bundling asset TestStack/OtaDispatcherFn/Code/Stage...
verify	UNKNOWN STEP	2026-10-06T06:19:43.5675524Z Bundling asset TestStack/OnboardingApiFn/Code/Stage...
verify	UNKNOWN STEP	2026-10-06T06:19:45.0275431Z Bundling asset TestStack/OnboardingProvisioningFn/Code/Stage...
verify	UNKNOWN STEP	2026-10-06T06:19:46.2816178Z  ^[[32m✓^[[39m apps/cloud-api/test/admin-site.test.ts ^[[2m(^[[22m^[[2m13 tests^[[22m^[[2m)^[[22m^[[33m 4822^[[2mms^[[22m^[[39m
verify	UNKNOWN STEP	2026-10-06T06:19:46.4215630Z Bundling asset TestStack/DeviceApiFn/Code/Stage...
verify	UNKNOWN STEP	2026-10-06T06:19:47.5595774Z Bundling asset TestStack/ApiFn/Code/Stage...
verify	UNKNOWN STEP	2026-10-06T06:19:48.0586232Z  ^[[32m✓^[[39m apps/cloud-api/test/admin-command.test.ts ^[[2m(^[[22m^[[2m15 tests^[[22m^[[2m)^[[22m^[[33m 5499^[[2mms^[[22m^[[39m
verify	UNKNOWN STEP	2026-10-06T06:19:48.0588100Z      ^[[33m^[[2m✓^[[22m^[[39m ACTIVE 设备：22 个命令全部创建成功并进入 AUTHORIZED ^[[33m 707^[[2mms^[[22m^[[39m
verify	UNKNOWN STEP	2026-10-06T06:19:51.0885306Z Bundling asset TestStack/IngestionFn/Code/Stage...
verify	UNKNOWN STEP	2026-10-06T06:19:52.6275748Z Bundling asset TestStack/ArchiveFn/Code/Stage...
verify	UNKNOWN STEP	2026-10-06T06:19:52.8632573Z  ^[[32m✓^[[39m apps/cloud-api/test/admin-device.test.ts ^[[2m(^[[22m^[[2m10 tests^[[22m^[[2m)^[[22m^[[33m 5230^[[2mms^[[22m^[[39m
verify	UNKNOWN STEP	2026-10-06T06:19:52.8642102Z      ^[[33m^[[2m✓^[[22m^[[39m 原型设备群表格字段均有来源；证书仅摘要（不泄露 PEM/私钥/证书包） ^[[33m 497^[[2mms^[[22m^[[39m
verify	UNKNOWN STEP	2026-10-06T06:19:53.2767675Z Bundling asset TestStack/OutboxPublisherFn/Code/Stage...
verify	UNKNOWN STEP	2026-10-06T06:19:53.9083958Z  ^[[32m✓^[[39m apps/cloud-api/test/admin-alarm.test.ts ^[[2m(^[[22m^[[2m10 tests^[[22m^[[2m)^[[22m^[[33m 4391^[[2mms^[[22m^[[39m
verify	UNKNOWN STEP	2026-10-06T06:19:53.9176630Z      ^[[33m^[[2m✓^[[22m^[[39m 确认记录操作者/原因/时间 + 审计；重复确认幂等（无新写入/审计/领域事件） ^[[33m 310^[[2mms^[[22m^[[39m
verify	UNKNOWN STEP	2026-10-06T06:19:54.4137665Z Bundling asset TestStack/NotificationPublisherFn/Code/Stage...
verify	UNKNOWN STEP	2026-10-06T06:19:55.2009314Z Bundling asset TestStack/SummaryFn/Code/Stage...
verify	UNKNOWN STEP	2026-10-06T06:19:55.5716435Z  ^[[32m✓^[[39m apps/cloud-api/test/admin-lambda-composition.test.ts ^[[2m(^[[22m^[[2m12 tests^[[22m^[[2m)^[[22m^[[33m 1142^[[2mms^[[22m^[[39m
verify	UNKNOWN STEP	2026-10-06T06:19:55.9622560Z Bundling asset TestStack/ReplayTriggerPublisherFn/Code/Stage...
verify	UNKNOWN STEP	2026-10-06T06:19:57.0131489Z Bundling asset TestStack/ReplayFn/Code/Stage...
verify	UNKNOWN STEP	2026-10-06T06:19:58.0505940Z Bundling asset TestStack/CertPackageSweeperFn/Code/Stage...
verify	UNKNOWN STEP	2026-10-06T06:19:59.4114555Z Bundling asset TestStack/OnboardingDeadlineFn/Code/Stage...
verify	UNKNOWN STEP	2026-10-06T06:20:00.3755468Z Bundling asset TestStack/RetirementTimeoutFn/Code/Stage...
verify	UNKNOWN STEP	2026-10-06T06:20:00.7736161Z  ^[[32m✓^[[39m apps/cloud-api/test/admin-esg.test.ts ^[[2m(^[[22m^[[2m10 tests^[[22m^[[2m)^[[22m^[[33m 3987^[[2mms^[[22m^[[39m
verify	UNKNOWN STEP	2026-10-06T06:20:01.4645480Z Bundling asset TestStack/ActivityExportFn/Code/Stage...
verify	UNKNOWN STEP	2026-10-06T06:20:02.5493187Z Bundling asset TestStack/EsgExportFn/Code/Stage...
verify	UNKNOWN STEP	2026-10-06T06:20:03.7495500Z Bundling asset TestStack/CommandPublisherFn/Code/Stage...
verify	UNKNOWN STEP	2026-10-06T06:20:04.6835518Z Bundling asset TestStack/CommandTimeoutFn/Code/Stage...
verify	UNKNOWN STEP	2026-10-06T06:20:05.7945703Z Bundling asset TestStack/OtaDispatcherFn/Code/Stage...
verify	UNKNOWN STEP	2026-10-06T06:20:05.9186454Z  ^[[32m✓^[[39m apps/cloud-api/test/admin-contract.test.ts ^[[2m(^[[22m^[[2m9 tests^[[22m^[[2m)^[[22m^[[33m 4037^[[2mms^[[22m^[[39m
verify	UNKNOWN STEP	2026-10-06T06:20:05.9197123Z      ^[[33m^[[2m✓^[[22m^[[39m 创建→详情→编辑→激活→续约→终止；每步审计一次、version 递增 ^[[33m 330^[[2mms^[[22m^[[39m
verify	UNKNOWN STEP	2026-10-06T06:20:06.7308093Z Bundling asset TestStack/OnboardingApiFn/Code/Stage...
verify	UNKNOWN STEP	2026-10-06T06:20:07.6591039Z  ^[[32m✓^[[39m apps/admin-web/test/device-operate.test.tsx ^[[2m(^[[22m^[[2m13 tests^[[22m^[[2m)^[[22m^[[33m 12148^[[2mms^[[22m^[[39m
verify	UNKNOWN STEP	2026-10-06T06:20:07.6592723Z    ^[[33m^[[2m✓^[[22m^[[39m PUBLISH_FAILED 可筛选展示；温度命令仅保留协议 parity、不可由后台提交 ^[[33m 996^[[2mms^[[22m^[[39m
verify	UNKNOWN STEP	2026-10-06T06:20:07.6594373Z    ^[[33m^[[2m✓^[[22m^[[39m 无协议 command code 禁止提交：未知 code 抛错；模式切换表单只能选组内真实命令 ^[[33m 779^[[2mms^[[22m^[[39m
verify	UNKNOWN STEP	2026-10-06T06:20:07.6595688Z    ^[[33m^[[2m✓^[[22m^[[39m 高风险命令：confirmText 必须与命令名完全一致；客户端不提交确认时间 ^[[33m 2923^[[2mms^[[22m^[[39m
verify	UNKNOWN STEP	2026-10-06T06:20:07.6596778Z    ^[[33m^[[2m✓^[[22m^[[39m 低风险命令无需确认凭证；timeoutSec 越界禁止提交 ^[[33m 1913^[[2mms^[[22m^[[39m
verify	UNKNOWN STEP	2026-10-06T06:20:07.6597811Z    ^[[33m^[[2m✓^[[22m^[[39m DEC-018 排除 M/N 入口；温度阈值跳转 Configuration 且不产生命令提交 ^[[33m 432^[[2mms^[[22m^[[39m
verify	UNKNOWN STEP	2026-10-06T06:20:07.6598652Z    ^[[33m^[[2m✓^[[22m^[[39m 门控：Suspended/Retired/离线/无 Entitlement/无 command:send 均禁用且原因展示 ^[[33m 2077^[[2mms^[[22m^[[39m
verify	UNKNOWN STEP	2026-10-06T06:20:07.6599487Z    ^[[33m^[[2m✓^[[22m^[[39m Suspended 设备仍允许安全停止类命令（STOP/REBOOT 等 catalog allowedStatuses） ^[[33m 375^[[2mms^[[22m^[[39m
verify	UNKNOWN STEP	2026-10-06T06:20:07.6600399Z    ^[[33m^[[2m✓^[[22m^[[39m 状态 E2E：提交受理（AUTHORIZED，requestedBy 身份上下文）→ 下发 → ACK → 成功；表单无 requestedBy 输入 ^[[33m 966^[[2mms^[[22m^[[39m
verify	UNKNOWN STEP	2026-10-06T06:20:07.6601149Z    ^[[33m^[[2m✓^[[22m^[[39m 媒体面板：仅最新 Media + 手动刷新；无播放/停止按钮（DEC-009） ^[[33m 441^[[2mms^[[22m^[[39m
verify	UNKNOWN STEP	2026-10-06T06:20:07.6601770Z    ^[[33m^[[2m✓^[[22m^[[39m 活动日志：级别/类型筛选应用；导出快照与当前筛选一致；表格渲染 ^[[33m 979^[[2mms^[[22m^[[39m
verify	UNKNOWN STEP	2026-10-06T06:20:07.8387394Z Bundling asset TestStack/OnboardingProvisioningFn/Code/Stage...
verify	UNKNOWN STEP	2026-10-06T06:20:09.1225673Z Bundling asset TestStack/DeviceApiFn/Code/Stage...
verify	UNKNOWN STEP	2026-10-06T06:20:10.2415436Z Bundling asset TestStack/ApiFn/Code/Stage...
verify	UNKNOWN STEP	2026-10-06T06:20:12.7326119Z  ^[[32m✓^[[39m apps/cloud-api/test/provisioning.test.ts ^[[2m(^[[22m^[[2m8 tests^[[22m^[[2m)^[[22m^[[33m 5557^[[2mms^[[22m^[[39m
verify	UNKNOWN STEP	2026-10-06T06:20:12.7327137Z      ^[[33m^[[2m✓^[[22m^[[39m 正向：Thing/Policy/attach 全链调用；证书 PENDING_CLAIM；私钥仅以信封密文落库 ^[[33m 657^[[2mms^[[22m^[[39m
verify	UNKNOWN STEP	2026-10-06T06:20:12.7327874Z      ^[[33m^[[2m✓^[[22m^[[39m H-05：轮换证书包过期时撤销新证书后清包，失败可重试且旧证仍可用于重签 ^[[33m 308^[[2mms^[[22m^[[39m
verify	UNKNOWN STEP	2026-10-06T06:20:13.7290060Z Bundling asset TestStack/IngestionFn/Code/Stage...
verify	UNKNOWN STEP	2026-10-06T06:20:13.7539359Z  ^[[32m✓^[[39m apps/cloud-api/test/admin-consumable.test.ts ^[[2m(^[[22m^[[2m9 tests^[[22m^[[2m)^[[22m^[[33m 4659^[[2mms^[[22m^[[39m
verify	UNKNOWN STEP	2026-10-06T06:20:13.7550663Z      ^[[33m^[[2m✓^[[22m^[[39m 两种耗材列稳定映射；查询返回百分比/来源消息/observedAt/stale；联系人授权摘要 ^[[33m 394^[[2mms^[[22m^[[39m
verify	UNKNOWN STEP	2026-10-06T06:20:14.8618803Z Bundling asset TestStack/ArchiveFn/Code/Stage...
verify	UNKNOWN STEP	2026-10-06T06:20:15.7215334Z Bundling asset TestStack/OutboxPublisherFn/Code/Stage...
verify	UNKNOWN STEP	2026-10-06T06:20:16.8887202Z Bundling asset TestStack/NotificationPublisherFn/Code/Stage...
verify	UNKNOWN STEP	2026-10-06T06:20:18.3865342Z Bundling asset TestStack/SummaryFn/Code/Stage...
verify	UNKNOWN STEP	2026-10-06T06:20:18.8977023Z  ^[[32m✓^[[39m apps/cloud-api/test/command-publisher.test.ts ^[[2m(^[[22m^[[2m15 tests^[[22m^[[2m)^[[22m^[[33m 4953^[[2mms^[[22m^[[39m
verify	UNKNOWN STEP	2026-10-06T06:20:18.8979722Z      ^[[33m^[[2m✓^[[22m^[[39m AUTHORIZED 命令发布成功：正确 Topic、QoS 1、Payload 符合 cmd.schema.json，状态 PUBLISHED + attempts 落行 ^[[33m 350^[[2mms^[[22m^[[39m
verify	UNKNOWN STEP	2026-10-06T06:20:19.5712661Z Bundling asset TestStack/ReplayTriggerPublisherFn/Code/Stage...
verify	UNKNOWN STEP	2026-10-06T06:20:19.9696293Z  ^[[32m✓^[[39m apps/cloud-api/test/admin-contract-device.test.ts ^[[2m(^[[22m^[[2m8 tests^[[22m^[[2m)^[[22m^[[33m 4797^[[2mms^[[22m^[[39m
verify	UNKNOWN STEP	2026-10-06T06:20:19.9755561Z      ^[[33m^[[2m✓^[[22m^[[39m 批量关联全成：ACTIVE 关联 + 审计一次；Contract 设备视图含四轴/固件/Region/别名/租期 ^[[33m 366^[[2mms^[[22m^[[39m
verify	UNKNOWN STEP	2026-10-06T06:20:20.5828674Z Bundling asset TestStack/ReplayFn/Code/Stage...
verify	UNKNOWN STEP	2026-10-06T06:20:21.7596116Z Bundling asset TestStack/CertPackageSweeperFn/Code/Stage...
verify	UNKNOWN STEP	2026-10-06T06:20:22.9671347Z Bundling asset TestStack/OnboardingDeadlineFn/Code/Stage...
verify	UNKNOWN STEP	2026-10-06T06:20:24.4025451Z Bundling asset TestStack/RetirementTimeoutFn/Code/Stage...
verify	UNKNOWN STEP	2026-10-06T06:20:25.3735046Z Bundling asset TestStack/ActivityExportFn/Code/Stage...
verify	UNKNOWN STEP	2026-10-06T06:20:26.0767144Z ^[[90mstderr^[[2m | apps/cloud-api/test/admin-customer.test.ts^[[2m > ^[[22m^[[2mPATCH /admin/customers/{customerId}（更新：If-Match 乐观锁）^[[2m > ^[[22m^[[2m更新成功 version 自增 + 审计；If-Match 缺失 400；版本不符 409
verify	UNKNOWN STEP	2026-10-06T06:20:26.0795738Z ^[[22m^[[39maudit FAILURE 记录写入失败 Error [PrismaClientKnownRequestError]: 
verify	UNKNOWN STEP	2026-10-06T06:20:26.0796959Z Invalid `client.auditLog.create()` invocation in
verify	UNKNOWN STEP	2026-10-06T06:20:26.0827136Z /home/runner/work/food-digester-platform/food-digester-platform/packages/database/src/audit.ts:72:25
verify	UNKNOWN STEP	2026-10-06T06:20:26.0856016Z 
verify	UNKNOWN STEP	2026-10-06T06:20:26.0885501Z   69 /** 写一条审计记录。可在事务内（tx）或根 client 上调用。 */
verify	UNKNOWN STEP	2026-10-06T06:20:26.0906636Z   70 export async function recordAudit(client: DbClient, entry: AuditEntry): Promise<void> {
verify	UNKNOWN STEP	2026-10-06T06:20:26.0912065Z   71   const ctx = getRequestContext();
verify	UNKNOWN STEP	2026-10-06T06:20:26.0935063Z → 72   await client.auditLog.create(
verify	UNKNOWN STEP	2026-10-06T06:20:26.0965221Z Foreign key constraint violated on the constraint: `audit_logs_customer_id_fkey`
verify	UNKNOWN STEP	2026-10-06T06:20:26.0995807Z     at redactSensitive ^[[90m(/home/runner/work/food-digester-platform/food-digester-platform/^[[39mpackages/observability/src/redaction.ts:43:19^[[90m)^[[39m
verify	UNKNOWN STEP	2026-10-06T06:20:26.1012782Z     at Array.map (<anonymous>)
verify	UNKNOWN STEP	2026-10-06T06:20:26.1025810Z     at Object.error ^[[90m(/home/runner/work/food-digester-platform/food-digester-platform/^[[39mpackages/observability/src/redaction.ts:70:18^[[90m)^[[39m
verify	UNKNOWN STEP	2026-10-06T06:20:26.1056306Z     at audited ^[[90m(/home/runner/work/food-digester-platform/food-digester-platform/^[[39mpackages/database/src/audit.ts:144:14^[[90m)^[[39m
verify	UNKNOWN STEP	2026-10-06T06:20:26.1085445Z ^[[90m    at processTicksAndRejections (node:internal/process/task_queues:103:5)^[[39m
verify	UNKNOWN STEP	2026-10-06T06:20:26.1145186Z     at ^[[90m/home/runner/work/food-digester-platform/food-digester-platform/^[[39mapps/cloud-api/src/admin/customer/handler.ts:127:23
verify	UNKNOWN STEP	2026-10-06T06:20:26.1174809Z     at Object.update ^[[90m(/home/runner/work/food-digester-platform/food-digester-platform/^[[39mapps/cloud-api/src/admin/customer/handler.ts:165:16^[[90m)^[[39m
verify	UNKNOWN STEP	2026-10-06T06:20:26.1177267Z     at ^[[90m/home/runner/work/food-digester-platform/food-digester-platform/^[[39mapps/cloud-api/test/admin-customer.test.ts:247:21
verify	UNKNOWN STEP	2026-10-06T06:20:26.1180098Z     at ^[[90mfile:///home/runner/work/food-digester-platform/food-digester-platform/^[[39mnode_modules/^[[4m@vitest/runner^[[24m/dist/chunk-artifact.js:1903:20
verify	UNKNOWN STEP	2026-10-06T06:20:26.1181321Z 
verify	UNKNOWN STEP	2026-10-06T06:20:26.2746172Z  ^[[32m✓^[[39m apps/cloud-api/test/admin-customer.test.ts ^[[2m(^[[22m^[[2m14 tests^[[22m^[[2m)^[[22m^[[33m 4870^[[2mms^[[22m^[[39m
verify	UNKNOWN STEP	2026-10-06T06:20:26.4683497Z Bundling asset TestStack/EsgExportFn/Code/Stage...
verify	UNKNOWN STEP	2026-10-06T06:20:27.3647215Z Bundling asset TestStack/CommandPublisherFn/Code/Stage...
verify	UNKNOWN STEP	2026-10-06T06:20:28.3209560Z Bundling asset TestStack/CommandTimeoutFn/Code/Stage...
verify	UNKNOWN STEP	2026-10-06T06:20:29.4690730Z Bundling asset TestStack/OtaDispatcherFn/Code/Stage...
verify	UNKNOWN STEP	2026-10-06T06:20:30.3462928Z Bundling asset TestStack/OnboardingApiFn/Code/Stage...
verify	UNKNOWN STEP	2026-10-06T06:20:31.2392958Z  ^[[32m✓^[[39m apps/cloud-api/test/admin-device-retirement.test.ts ^[[2m(^[[22m^[[2m7 tests^[[22m^[[2m)^[[22m^[[33m 3958^[[2mms^[[22m^[[39m
verify	UNKNOWN STEP	2026-10-06T06:20:31.2416132Z      ^[[33m^[[2m✓^[[22m^[[39m Active→Retired：撤销 Assignment/License/Entitlement + 待确认记录 + DEVICE_RETIRED + 审计；证书保持 ACTIVE ^[[33m 331^[[2mms^[[22m^[[39m
verify	UNKNOWN STEP	2026-10-06T06:20:31.4105958Z Bundling asset TestStack/OnboardingProvisioningFn/Code/Stage...
verify	UNKNOWN STEP	2026-10-06T06:20:32.1856728Z Bundling asset TestStack/DeviceApiFn/Code/Stage...
verify	UNKNOWN STEP	2026-10-06T06:20:32.9880792Z Bundling asset TestStack/ApiFn/Code/Stage...
verify	UNKNOWN STEP	2026-10-06T06:20:35.4267258Z Bundling asset TestStack/IngestionFn/Code/Stage...
verify	UNKNOWN STEP	2026-10-06T06:20:36.2216312Z Bundling asset TestStack/ArchiveFn/Code/Stage...
verify	UNKNOWN STEP	2026-10-06T06:20:36.7327344Z Bundling asset TestStack/OutboxPublisherFn/Code/Stage...
verify	UNKNOWN STEP	2026-10-06T06:20:37.4918167Z Bundling asset TestStack/NotificationPublisherFn/Code/Stage...
verify	UNKNOWN STEP	2026-10-06T06:20:38.2316706Z Bundling asset TestStack/SummaryFn/Code/Stage...
verify	UNKNOWN STEP	2026-10-06T06:20:38.9373671Z Bundling asset TestStack/ReplayTriggerPublisherFn/Code/Stage...
verify	UNKNOWN STEP	2026-10-06T06:20:39.7275347Z Bundling asset TestStack/ReplayFn/Code/Stage...
verify	UNKNOWN STEP	2026-10-06T06:20:40.5059828Z Bundling asset TestStack/CertPackageSweeperFn/Code/Stage...
verify	UNKNOWN STEP	2026-10-06T06:20:41.2600770Z Bundling asset TestStack/OnboardingDeadlineFn/Code/Stage...
verify	UNKNOWN STEP	2026-10-06T06:20:41.9563122Z Bundling asset TestStack/RetirementTimeoutFn/Code/Stage...
verify	UNKNOWN STEP	2026-10-06T06:20:42.7125835Z Bundling asset TestStack/ActivityExportFn/Code/Stage...
verify	UNKNOWN STEP	2026-10-06T06:20:43.4628944Z Bundling asset TestStack/EsgExportFn/Code/Stage...
verify	UNKNOWN STEP	2026-10-06T06:20:44.1188721Z Bundling asset TestStack/CommandPublisherFn/Code/Stage...
verify	UNKNOWN STEP	2026-10-06T06:20:44.7895065Z  ^[[32m✓^[[39m apps/admin-web/test/settings.test.tsx ^[[2m(^[[22m^[[2m14 tests^[[22m^[[2m)^[[22m^[[33m 11349^[[2mms^[[22m^[[39m
verify	UNKNOWN STEP	2026-10-06T06:20:44.7896422Z    ^[[33m^[[2m✓^[[22m^[[39m 标签页按权限可见：SuperAdmin 三个；CustomerAdmin 仅设备用户 ^[[33m 979^[[2mms^[[22m^[[39m
verify	UNKNOWN STEP	2026-10-06T06:20:44.7897419Z    ^[[33m^[[2m✓^[[22m^[[39m 设备用户标签页嵌入 FE-09 页面（含筛选重置锚点） ^[[33m 357^[[2mms^[[22m^[[39m
verify	UNKNOWN STEP	2026-10-06T06:20:44.7898499Z    ^[[33m^[[2m✓^[[22m^[[39m 邀请：表单无永久密码字段；提交体不含 password；提示 Cognito 临时凭证 ^[[33m 1839^[[2mms^[[22m^[[39m
verify	UNKNOWN STEP	2026-10-06T06:20:44.7899542Z    ^[[33m^[[2m✓^[[22m^[[39m 邀请校验：平台/Customer 混绑拒绝；Customer 角色缺 customerId 拒绝 ^[[33m 1512^[[2mms^[[22m^[[39m
verify	UNKNOWN STEP	2026-10-06T06:20:44.7900855Z    ^[[33m^[[2m✓^[[22m^[[39m 角色变更：高风险明确确认后整体替换；混绑禁用提交 ^[[33m 1537^[[2mms^[[22m^[[39m
verify	UNKNOWN STEP	2026-10-06T06:20:44.7901847Z    ^[[33m^[[2m✓^[[22m^[[39m 停用与重置：明确确认；重置提示不接触密码 ^[[33m 1122^[[2mms^[[22m^[[39m
verify	UNKNOWN STEP	2026-10-06T06:20:44.7902829Z    ^[[33m^[[2m✓^[[22m^[[39m 自我提权/越权：403 经 ErrorNotice 正确呈现 ^[[33m 1102^[[2mms^[[22m^[[39m
verify	UNKNOWN STEP	2026-10-06T06:20:44.7904534Z    ^[[33m^[[2m✓^[[22m^[[39m 用户列表筛选回调（roleType/status/customerId/q） ^[[33m 953^[[2mms^[[22m^[[39m
verify	UNKNOWN STEP	2026-10-06T06:20:44.7905664Z    ^[[33m^[[2m✓^[[22m^[[39m 设置编辑：非法 JSON 禁用提交；合法提交携 version 乐观锁 ^[[33m 871^[[2mms^[[22m^[[39m
verify	UNKNOWN STEP	2026-10-06T06:20:44.7906338Z    ^[[33m^[[2m✓^[[22m^[[39m 并发冲突可恢复：409 VERSION_CONFLICT → 提示刷新并回调 onRefresh ^[[33m 657^[[2mms^[[22m^[[39m
verify	UNKNOWN STEP	2026-10-06T06:20:44.9033521Z Bundling asset TestStack/CommandTimeoutFn/Code/Stage...
verify	UNKNOWN STEP	2026-10-06T06:20:45.7616086Z Bundling asset TestStack/OtaDispatcherFn/Code/Stage...
verify	UNKNOWN STEP	2026-10-06T06:20:46.8425602Z Bundling asset TestStack/OnboardingApiFn/Code/Stage...
verify	UNKNOWN STEP	2026-10-06T06:20:47.6597904Z Bundling asset TestStack/OnboardingProvisioningFn/Code/Stage...
verify	UNKNOWN STEP	2026-10-06T06:20:48.4716259Z ^[[90mstderr^[[2m | apps/ingestion-worker/test/ack-dispatch.test.ts^[[2m > ^[[22m^[[2mBE-IOT-08 端到端分发：SQS → 管线 → 分发器 → ACK Handler^[[2m > ^[[22m^[[2mMedia 生产链路：SQS → 校验 → receipt → BE-MED-01 核心 → MediaObject；过期会话稳定隔离
verify	UNKNOWN STEP	2026-10-06T06:20:48.4719593Z ^[[22m^[[39mingestion message quarantined {
verify	UNKNOWN STEP	2026-10-06T06:20:48.4720988Z   event: ^[[32m'ingestion.quarantined'^[[39m,
verify	UNKNOWN STEP	2026-10-06T06:20:48.4722023Z   messageId: ^[[32m'sqs-media-expired'^[[39m,
verify	UNKNOWN STEP	2026-10-06T06:20:48.4723153Z   errorType: ^[[32m'MEDIA_SESSION_EXPIRED'^[[39m,
verify	UNKNOWN STEP	2026-10-06T06:20:48.4725074Z   errorPath: ^[[32m'data.objectPath'^[[39m,
verify	UNKNOWN STEP	2026-10-06T06:20:48.4726130Z   reason: ^[[32m'media metadata rejected: SESSION_EXPIRED'^[[39m,
verify	UNKNOWN STEP	2026-10-06T06:20:48.4727175Z   iotTopic: ^[[32m'bnx/device/dev-ackd-2/media'^[[39m,
verify	UNKNOWN STEP	2026-10-06T06:20:48.4728383Z   iotDeviceId: ^[[32m'dev-ackd-2'^[[39m
verify	UNKNOWN STEP	2026-10-06T06:20:48.4729144Z }
verify	UNKNOWN STEP	2026-10-06T06:20:48.4729617Z 
verify	UNKNOWN STEP	2026-10-06T06:20:48.5608231Z Bundling asset TestStack/DeviceApiFn/Code/Stage...
verify	UNKNOWN STEP	2026-10-06T06:20:48.5758740Z ^[[90mstderr^[[2m | apps/ingestion-worker/test/ack-dispatch.test.ts^[[2m > ^[[22m^[[2mBE-IOT-08 端到端分发：SQS → 管线 → 分发器 → ACK Handler^[[2m > ^[[22m^[[2m未知/冲突 ACK → 确定异常路径（Quarantine），不误更新其他命令
verify	UNKNOWN STEP	2026-10-06T06:20:48.5761057Z ^[[22m^[[39mingestion message quarantined {
verify	UNKNOWN STEP	2026-10-06T06:20:48.5762180Z   event: ^[[32m'ingestion.quarantined'^[[39m,
verify	UNKNOWN STEP	2026-10-06T06:20:48.5763195Z   messageId: ^[[32m'sqs-unk'^[[39m,
verify	UNKNOWN STEP	2026-10-06T06:20:48.5764405Z   errorType: ^[[32m'UNKNOWN_COMMAND'^[[39m,
verify	UNKNOWN STEP	2026-10-06T06:20:48.5765388Z   errorPath: ^[[32m'data.commandId'^[[39m,
verify	UNKNOWN STEP	2026-10-06T06:20:48.5766487Z   reason: ^[[32m'ack references unknown command CMD-GHOST'^[[39m,
verify	UNKNOWN STEP	2026-10-06T06:20:48.5767555Z   iotTopic: ^[[32m'bnx/device/dev-ackd-4/ack'^[[39m,
verify	UNKNOWN STEP	2026-10-06T06:20:48.5768145Z   iotDeviceId: ^[[32m'dev-ackd-4'^[[39m
verify	UNKNOWN STEP	2026-10-06T06:20:48.5768572Z }
verify	UNKNOWN STEP	2026-10-06T06:20:48.5768869Z 
verify	UNKNOWN STEP	2026-10-06T06:20:48.5856497Z ^[[90mstderr^[[2m | apps/ingestion-worker/test/ack-dispatch.test.ts^[[2m > ^[[22m^[[2mBE-IOT-08 端到端分发：SQS → 管线 → 分发器 → ACK Handler^[[2m > ^[[22m^[[2m未知/冲突 ACK → 确定异常路径（Quarantine），不误更新其他命令
verify	UNKNOWN STEP	2026-10-06T06:20:48.5857841Z ^[[22m^[[39mingestion message quarantined {
verify	UNKNOWN STEP	2026-10-06T06:20:48.5858561Z   event: ^[[32m'ingestion.quarantined'^[[39m,
verify	UNKNOWN STEP	2026-10-06T06:20:48.5859185Z   messageId: ^[[32m'sqs-mis'^[[39m,
verify	UNKNOWN STEP	2026-10-06T06:20:48.5859836Z   errorType: ^[[32m'COMMAND_MISMATCH'^[[39m,
verify	UNKNOWN STEP	2026-10-06T06:20:48.5860536Z   errorPath: ^[[32m'data.command'^[[39m,
verify	UNKNOWN STEP	2026-10-06T06:20:48.5861744Z   reason: ^[[32m'ack command START does not match original STOP'^[[39m,
verify	UNKNOWN STEP	2026-10-06T06:20:48.5862795Z   iotTopic: ^[[32m'bnx/device/dev-ackd-4/ack'^[[39m,
verify	UNKNOWN STEP	2026-10-06T06:20:48.5863599Z   iotDeviceId: ^[[32m'dev-ackd-4'^[[39m
verify	UNKNOWN STEP	2026-10-06T06:20:48.5864764Z }
verify	UNKNOWN STEP	2026-10-06T06:20:48.5865001Z 
verify	UNKNOWN STEP	2026-10-06T06:20:48.6393346Z ^[[90mstderr^[[2m | apps/ingestion-worker/test/ack-dispatch.test.ts^[[2m > ^[[22m^[[2mBE-IOT-08 端到端分发：SQS → 管线 → 分发器 → ACK Handler^[[2m > ^[[22m^[[2mDEC-015 隔离：OTA_TARGET ACK 只更新 OTA 状态与历史，不回改 Command；COMMAND 混入 OTA 字段 → 隔离
verify	UNKNOWN STEP	2026-10-06T06:20:48.6396771Z ^[[22m^[[39mingestion message quarantined {
verify	UNKNOWN STEP	2026-10-06T06:20:48.6398397Z   event: ^[[32m'ingestion.quarantined'^[[39m,
verify	UNKNOWN STEP	2026-10-06T06:20:48.6399372Z   messageId: ^[[32m'sqs-mixed'^[[39m,
verify	UNKNOWN STEP	2026-10-06T06:20:48.6400242Z   errorType: ^[[32m'INVALID_ENVELOPE'^[[39m,
verify	UNKNOWN STEP	2026-10-06T06:20:48.6401181Z   errorPath: ^[[32m'data.objectType'^[[39m,
verify	UNKNOWN STEP	2026-10-06T06:20:48.6402333Z   reason: ^[[32m'COMMAND ack cannot contain OTA target fields'^[[39m,
verify	UNKNOWN STEP	2026-10-06T06:20:48.6403798Z   iotTopic: ^[[32m'bnx/device/dev-ackd-6/ack'^[[39m,
verify	UNKNOWN STEP	2026-10-06T06:20:48.6405165Z   iotDeviceId: ^[[32m'dev-ackd-6'^[[39m
verify	UNKNOWN STEP	2026-10-06T06:20:48.6405887Z }
verify	UNKNOWN STEP	2026-10-06T06:20:48.6406309Z 
verify	UNKNOWN STEP	2026-10-06T06:20:48.7046529Z  ^[[32m✓^[[39m apps/ingestion-worker/test/ack-dispatch.test.ts ^[[2m(^[[22m^[[2m6 tests^[[22m^[[2m)^[[22m^[[33m 3521^[[2mms^[[22m^[[39m
verify	UNKNOWN STEP	2026-10-06T06:20:48.7105818Z      ^[[33m^[[2m✓^[[22m^[[39m COMMAND ACK 按 commandId 更新结果/执行时长；无 batchItemFailures ^[[33m 361^[[2mms^[[22m^[[39m
verify	UNKNOWN STEP	2026-10-06T06:20:49.3921216Z Bundling asset TestStack/ApiFn/Code/Stage...
verify	UNKNOWN STEP	2026-10-06T06:20:51.7607788Z Bundling asset TestStack/IngestionFn/Code/Stage...
verify	UNKNOWN STEP	2026-10-06T06:20:52.5277892Z Bundling asset TestStack/ArchiveFn/Code/Stage...
verify	UNKNOWN STEP	2026-10-06T06:20:53.0476413Z Bundling asset TestStack/OutboxPublisherFn/Code/Stage...
verify	UNKNOWN STEP	2026-10-06T06:20:53.8138112Z Bundling asset TestStack/NotificationPublisherFn/Code/Stage...
verify	UNKNOWN STEP	2026-10-06T06:20:54.5875319Z Bundling asset TestStack/SummaryFn/Code/Stage...
verify	UNKNOWN STEP	2026-10-06T06:20:55.3642364Z Bundling asset TestStack/ReplayTriggerPublisherFn/Code/Stage...
verify	UNKNOWN STEP	2026-10-06T06:20:56.2320421Z Bundling asset TestStack/ReplayFn/Code/Stage...
verify	UNKNOWN STEP	2026-10-06T06:20:56.7286272Z  ^[[32m✓^[[39m apps/admin-web/test/device-users.test.tsx ^[[2m(^[[22m^[[2m11 tests^[[22m^[[2m)^[[22m^[[33m 5873^[[2mms^[[22m^[[39m
verify	UNKNOWN STEP	2026-10-06T06:20:56.7287765Z    ^[[33m^[[2m✓^[[22m^[[39m 敏感字段快照为 0：任何响应与 DOM 不显示 passwordHash；密码输入不回显 ^[[33m 1489^[[2mms^[[22m^[[39m
verify	UNKNOWN STEP	2026-10-06T06:20:56.7288825Z    ^[[33m^[[2m✓^[[22m^[[39m 重置密码：仅一次受控提交 + 必填原因；提交后清空不回显 ^[[33m 530^[[2mms^[[22m^[[39m
verify	UNKNOWN STEP	2026-10-06T06:20:56.7289901Z    ^[[33m^[[2m✓^[[22m^[[39m 创建：username/password 必填校验；platform 角色需选客户 ^[[33m 585^[[2mms^[[22m^[[39m
verify	UNKNOWN STEP	2026-10-06T06:20:56.7291321Z    ^[[33m^[[2m✓^[[22m^[[39m 筛选：Customer/Region/Subregion/Device/status/keyword 使用权威拓扑并可重置 ^[[33m 1026^[[2mms^[[22m^[[39m
verify	UNKNOWN STEP	2026-10-06T06:20:56.7292528Z    ^[[33m^[[2m✓^[[22m^[[39m 分配：批量勾选 + 强制原因；撤销仅列 ACTIVE 分配 ^[[33m 1304^[[2mms^[[22m^[[39m
verify	UNKNOWN STEP	2026-10-06T06:20:56.7293507Z    ^[[33m^[[2m✓^[[22m^[[39m 修改资料：原因必填；空显示名提交 null；详情含同步版本与分配历史 ^[[33m 533^[[2mms^[[22m^[[39m
verify	UNKNOWN STEP	2026-10-06T06:20:57.0247730Z Bundling asset TestStack/CertPackageSweeperFn/Code/Stage...
verify	UNKNOWN STEP	2026-10-06T06:20:57.9082442Z Bundling asset TestStack/OnboardingDeadlineFn/Code/Stage...
verify	UNKNOWN STEP	2026-10-06T06:20:58.6687939Z Bundling asset TestStack/RetirementTimeoutFn/Code/Stage...
verify	UNKNOWN STEP	2026-10-06T06:20:59.6045093Z Bundling asset TestStack/ActivityExportFn/Code/Stage...
verify	UNKNOWN STEP	2026-10-06T06:21:00.6810605Z Bundling asset TestStack/EsgExportFn/Code/Stage...
verify	UNKNOWN STEP	2026-10-06T06:21:01.6541402Z Bundling asset TestStack/CommandPublisherFn/Code/Stage...
verify	UNKNOWN STEP	2026-10-06T06:21:01.7941285Z  ^[[32m✓^[[39m apps/admin-web/test/esg.test.tsx ^[[2m(^[[22m^[[2m10 tests^[[22m^[[2m)^[[22m^[[33m 2278^[[2mms^[[22m^[[39m
verify	UNKNOWN STEP	2026-10-06T06:21:01.7943354Z    ^[[33m^[[2m✓^[[22m^[[39m 概览：指标单位（kg/kWh/%）、计算版本、完整率、估算 CO2e 列头正确；核证声明固定展示 ^[[33m 508^[[2mms^[[22m^[[39m
verify	UNKNOWN STEP	2026-10-06T06:21:01.7945507Z    ^[[33m^[[2m✓^[[22m^[[39m 日期按用户时区转 UTC：Asia/Shanghai 日历日 → UTC 区间并展示换算结果 ^[[33m 546^[[2mms^[[22m^[[39m
verify	UNKNOWN STEP	2026-10-06T06:21:01.7947147Z    ^[[33m^[[2m✓^[[22m^[[39m 导出：筛选快照与页面一致；状态流 PENDING→COMPLETED 出下载链接；过期链接明确提示 ^[[33m 320^[[2mms^[[22m^[[39m
verify	UNKNOWN STEP	2026-10-06T06:21:01.7949479Z    ^[[33m^[[2m✓^[[22m^[[39m 设备页：九项指标 + 完整率 + 计算版本；ScopeFilter 联动；CT-06 锚点齐全 ^[[33m 638^[[2mms^[[22m^[[39m
verify	UNKNOWN STEP	2026-10-06T06:21:02.7235690Z Bundling asset TestStack/CommandTimeoutFn/Code/Stage...
verify	UNKNOWN STEP	2026-10-06T06:21:03.6448764Z Bundling asset TestStack/OtaDispatcherFn/Code/Stage...
verify	UNKNOWN STEP	2026-10-06T06:21:04.7463043Z Bundling asset TestStack/OnboardingApiFn/Code/Stage...
verify	UNKNOWN STEP	2026-10-06T06:21:05.2166996Z ^[[90mstderr^[[2m | apps/ingestion-worker/test/qa07-reliability.test.ts^[[2m > ^[[22m^[[2mQA07 production timestamp boundaries quarantine old or future Telemetry without weakening other topics
verify	UNKNOWN STEP	2026-10-06T06:21:05.2185247Z ^[[22m^[[39mingestion message quarantined {
verify	UNKNOWN STEP	2026-10-06T06:21:05.2214983Z   event: ^[[32m'ingestion.quarantined'^[[39m,
verify	UNKNOWN STEP	2026-10-06T06:21:05.2253104Z   messageId: ^[[32m'SQS-b77ddc6d-aa9a-4c86-bce6-db6708049837'^[[39m,
verify	UNKNOWN STEP	2026-10-06T06:21:05.2274696Z   errorType: ^[[32m'CLOCK_SKEW'^[[39m,
verify	UNKNOWN STEP	2026-10-06T06:21:05.2304845Z   errorPath: ^[[32m'meta.ts'^[[39m,
verify	UNKNOWN STEP	2026-10-06T06:21:05.2335656Z   reason: ^[[32m'device timestamp outside allowed window: skew 86400s, past 86400s, future 300s'^[[39m,
verify	UNKNOWN STEP	2026-10-06T06:21:05.2375008Z   iotTopic: ^[[32m'bnx/device/QA07-1868626776C4-DEV0/telemetry'^[[39m,
verify	UNKNOWN STEP	2026-10-06T06:21:05.2444986Z   iotDeviceId: ^[[32m'QA07-1868626776C4-DEV0'^[[39m
verify	UNKNOWN STEP	2026-10-06T06:21:05.2445583Z }
verify	UNKNOWN STEP	2026-10-06T06:21:05.2498515Z 
verify	UNKNOWN STEP	2026-10-06T06:21:05.2521848Z ^[[90mstderr^[[2m | apps/ingestion-worker/test/qa07-reliability.test.ts^[[2m > ^[[22m^[[2mQA07 production timestamp boundaries quarantine old or future Telemetry without weakening other topics
verify	UNKNOWN STEP	2026-10-06T06:21:05.2574996Z ^[[22m^[[39mingestion message quarantined {
verify	UNKNOWN STEP	2026-10-06T06:21:05.2576395Z  ^[[32m✓^[[39m apps/ingestion-worker/test/qa07-reliability.test.ts ^[[2m(^[[22m^[[2m2 tests^[[22m^[[2m)^[[22m^[[33m 45334^[[2mms^[[22m^[[39m
verify	UNKNOWN STEP	2026-10-06T06:21:05.2589175Z    ^[[33m^[[2m✓^[[22m^[[39m QA07 paced load, historical backfill, burst, pause recovery, scoped replay and command reliability ^[[33m 42910^[[2mms^[[22m^[[39m
verify	UNKNOWN STEP	2026-10-06T06:21:05.2615220Z   event: ^[[32m'ingestion.quarantined'^[[39m,
verify	UNKNOWN STEP	2026-10-06T06:21:05.2616882Z    ^[[33m^[[2m✓^[[22m^[[39m QA07 production timestamp boundaries quarantine old or future Telemetry without weakening other topics ^[[33m 2421^[[2mms^[[22m^[[39m
verify	UNKNOWN STEP	2026-10-06T06:21:05.2655195Z   messageId: ^[[32m'SQS-1bde7343-8bbd-4bbd-a7dc-5c03e35ecdab'^[[39m,
verify	UNKNOWN STEP	2026-10-06T06:21:05.2745020Z   errorType: ^[[32m'CLOCK_SKEW'^[[39m,
verify	UNKNOWN STEP	2026-10-06T06:21:05.2745679Z   errorPath: ^[[32m'meta.ts'^[[39m,
verify	UNKNOWN STEP	2026-10-06T06:21:05.2746720Z   reason: ^[[32m'device timestamp outside allowed window: skew 300s, past 86400s, future 300s'^[[39m,
verify	UNKNOWN STEP	2026-10-06T06:21:05.2747843Z   iotTopic: ^[[32m'bnx/device/QA07-1868626776C4-DEV0/telemetry'^[[39m,
verify	UNKNOWN STEP	2026-10-06T06:21:05.2748644Z   iotDeviceId: ^[[32m'QA07-1868626776C4-DEV0'^[[39m
verify	UNKNOWN STEP	2026-10-06T06:21:05.2749188Z }
verify	UNKNOWN STEP	2026-10-06T06:21:05.2749362Z 
verify	UNKNOWN STEP	2026-10-06T06:21:05.2751046Z ^[[90mstderr^[[2m | apps/ingestion-worker/test/qa07-reliability.test.ts^[[2m > ^[[22m^[[2mQA07 production timestamp boundaries quarantine old or future Telemetry without weakening other topics
verify	UNKNOWN STEP	2026-10-06T06:21:05.2752610Z ^[[22m^[[39mingestion message quarantined {
verify	UNKNOWN STEP	2026-10-06T06:21:05.2753289Z   event: ^[[32m'ingestion.quarantined'^[[39m,
verify	UNKNOWN STEP	2026-10-06T06:21:05.2754390Z   messageId: ^[[32m'SQS-0ee953c0-5108-4fb5-8fcf-4089337f2b7b'^[[39m,
verify	UNKNOWN STEP	2026-10-06T06:21:05.2755227Z   errorType: ^[[32m'CLOCK_SKEW'^[[39m,
verify	UNKNOWN STEP	2026-10-06T06:21:05.2755814Z   errorPath: ^[[32m'meta.ts'^[[39m,
verify	UNKNOWN STEP	2026-10-06T06:21:05.2756809Z   reason: ^[[32m'device timestamp outside allowed window: skew 300s, past 300s, future 300s'^[[39m,
verify	UNKNOWN STEP	2026-10-06T06:21:05.2757956Z   iotTopic: ^[[32m'bnx/device/QA07-1868626776C4-DEV0/heartbeat'^[[39m,
verify	UNKNOWN STEP	2026-10-06T06:21:05.2758795Z   iotDeviceId: ^[[32m'QA07-1868626776C4-DEV0'^[[39m
verify	UNKNOWN STEP	2026-10-06T06:21:05.2759291Z }
verify	UNKNOWN STEP	2026-10-06T06:21:05.2759476Z 
verify	UNKNOWN STEP	2026-10-06T06:21:05.2761056Z ^[[90mstderr^[[2m | apps/ingestion-worker/test/qa07-reliability.test.ts^[[2m > ^[[22m^[[2mQA07 production timestamp boundaries quarantine old or future Telemetry without weakening other topics
verify	UNKNOWN STEP	2026-10-06T06:21:05.2762451Z ^[[22m^[[39mingestion message quarantined {
verify	UNKNOWN STEP	2026-10-06T06:21:05.2763037Z   event: ^[[32m'ingestion.quarantined'^[[39m,
verify	UNKNOWN STEP	2026-10-06T06:21:05.2764217Z   messageId: ^[[32m'QA07-bad-hash'^[[39m,
verify	UNKNOWN STEP	2026-10-06T06:21:05.2764852Z   errorType: ^[[32m'AUDIT_HASH_MISMATCH'^[[39m,
verify	UNKNOWN STEP	2026-10-06T06:21:05.2765419Z   errorPath: ^[[32m'audit.hash'^[[39m,
verify	UNKNOWN STEP	2026-10-06T06:21:05.2796471Z   reason: ^[[32m'audit.hash must equal SHA-256(RFC8785({meta,data}))'^[[39m,
verify	UNKNOWN STEP	2026-10-06T06:21:05.2817789Z   iotTopic: ^[[32m'bnx/device/QA07-1868626776C4-DEV0/telemetry'^[[39m,
verify	UNKNOWN STEP	2026-10-06T06:21:05.2874962Z   iotDeviceId: ^[[32m'QA07-1868626776C4-DEV0'^[[39m
verify	UNKNOWN STEP	2026-10-06T06:21:05.2926359Z }
verify	UNKNOWN STEP	2026-10-06T06:21:05.2954480Z 
verify	UNKNOWN STEP	2026-10-06T06:21:05.7770249Z Bundling asset TestStack/OnboardingProvisioningFn/Code/Stage...
verify	UNKNOWN STEP	2026-10-06T06:21:06.7831792Z Bundling asset TestStack/DeviceApiFn/Code/Stage...
verify	UNKNOWN STEP	2026-10-06T06:21:07.8135148Z Bundling asset TestStack/ApiFn/Code/Stage...
verify	UNKNOWN STEP	2026-10-06T06:21:10.8497153Z Bundling asset Named/IngestionFn/Code/Stage...
verify	UNKNOWN STEP	2026-10-06T06:21:11.8378437Z Bundling asset Named/ArchiveFn/Code/Stage...
verify	UNKNOWN STEP	2026-10-06T06:21:12.4993792Z Bundling asset Named/OutboxPublisherFn/Code/Stage...
verify	UNKNOWN STEP	2026-10-06T06:21:13.3806464Z Bundling asset Named/NotificationPublisherFn/Code/Stage...
verify	UNKNOWN STEP	2026-10-06T06:21:14.4337104Z Bundling asset Named/SummaryFn/Code/Stage...
verify	UNKNOWN STEP	2026-10-06T06:21:15.3682083Z  ^[[32m✓^[[39m apps/admin-web/test/consumables.test.tsx ^[[2m(^[[22m^[[2m10 tests^[[22m^[[2m)^[[22m^[[33m 11056^[[2mms^[[22m^[[39m
verify	UNKNOWN STEP	2026-10-06T06:21:15.3684572Z    ^[[33m^[[2m✓^[[22m^[[39m 列表：列与筛选覆盖（Region/Subregion/Site/连接/关键字/阈值/类型） ^[[33m 3074^[[2mms^[[22m^[[39m
verify	UNKNOWN STEP	2026-10-06T06:21:15.3686134Z    ^[[33m^[[2m✓^[[22m^[[39m unknown 不画正常进度条；stale 徽标清晰；阈值分级（暂定阈值 prop 驱动） ^[[33m 332^[[2mms^[[22m^[[39m
verify	UNKNOWN STEP	2026-10-06T06:21:15.3687591Z    ^[[33m^[[2m✓^[[22m^[[39m 联系方式：列表零 PII，点击后才请求独立端点；403 不显示号码 ^[[33m 1354^[[2mms^[[22m^[[39m
verify	UNKNOWN STEP	2026-10-06T06:21:15.3689141Z    ^[[33m^[[2m✓^[[22m^[[39m 阈值来源显示设置版本或明确回退原因 ^[[33m 611^[[2mms^[[22m^[[39m
verify	UNKNOWN STEP	2026-10-06T06:21:15.3690574Z    ^[[33m^[[2m✓^[[22m^[[39m 申请列表：申请时间/状态列；三段状态流程动作按矩阵渲染（终态无按钮） ^[[33m 320^[[2mms^[[22m^[[39m
verify	UNKNOWN STEP	2026-10-06T06:21:15.3704564Z    ^[[33m^[[2m✓^[[22m^[[39m 处理→完成全流程：操作携带 version + 备注（complete 强制备注） ^[[33m 2197^[[2mms^[[22m^[[39m
verify	UNKNOWN STEP	2026-10-06T06:21:15.3706468Z    ^[[33m^[[2m✓^[[22m^[[39m 创建申请：成功提示；开放申请重复创建幂等（replayed 提示） ^[[33m 2111^[[2mms^[[22m^[[39m
verify	UNKNOWN STEP	2026-10-06T06:21:15.3707558Z    ^[[33m^[[2m✓^[[22m^[[39m 非法跳级/漂移：409 错误呈现；写权限门控（Viewer 按钮禁用） ^[[33m 1053^[[2mms^[[22m^[[39m
verify	UNKNOWN STEP	2026-10-06T06:21:15.4717256Z Bundling asset Named/ReplayTriggerPublisherFn/Code/Stage...
verify	UNKNOWN STEP	2026-10-06T06:21:16.3260537Z Bundling asset Named/ReplayFn/Code/Stage...
verify	UNKNOWN STEP	2026-10-06T06:21:16.5196533Z  ^[[32m✓^[[39m apps/admin-web/test/licenses.test.tsx ^[[2m(^[[22m^[[2m11 tests^[[22m^[[2m)^[[22m^[[33m 8704^[[2mms^[[22m^[[39m
verify	UNKNOWN STEP	2026-10-06T06:21:16.5215379Z    ^[[33m^[[2m✓^[[22m^[[39m 列表：正式 License 实体包含有效与终态历史记录 ^[[33m 962^[[2mms^[[22m^[[39m
verify	UNKNOWN STEP	2026-10-06T06:21:16.5245419Z    ^[[33m^[[2m✓^[[22m^[[39m 筛选：草稿筛选经搜索应用；重置清空 ^[[33m 803^[[2mms^[[22m^[[39m
verify	UNKNOWN STEP	2026-10-06T06:21:16.5260228Z    ^[[33m^[[2m✓^[[22m^[[39m 状态矩阵：Draft 仅签发；Issued 仅激活；Active 仅撤销；ExpiringSoon 仅续期；Renewed/Revoked 无动作 ^[[33m 1217^[[2mms^[[22m^[[39m
verify	UNKNOWN STEP	2026-10-06T06:21:16.5261968Z    ^[[33m^[[2m✓^[[22m^[[39m E2E：创建 Draft（Entitlement 配置）→ 签发 → 激活，逐步推进且每步回源刷新 ^[[33m 2254^[[2mms^[[22m^[[39m
verify	UNKNOWN STEP	2026-10-06T06:21:16.5263490Z    ^[[33m^[[2m✓^[[22m^[[39m 续期：ExpiringSoon → 新到期日期校验（须晚于当前）→ Renewed ^[[33m 1021^[[2mms^[[22m^[[39m
verify	UNKNOWN STEP	2026-10-06T06:21:16.5265633Z    ^[[33m^[[2m✓^[[22m^[[39m 撤销：强制原因（空原因禁止确认）→ Revoked；操作后回源 ^[[33m 561^[[2mms^[[22m^[[39m
verify	UNKNOWN STEP	2026-10-06T06:21:16.5267009Z    ^[[33m^[[2m✓^[[22m^[[39m 两个有效 License：创建遇 409 CONFLICT 错误可读（后端 message 原样呈现） ^[[33m 1421^[[2mms^[[22m^[[39m
verify	UNKNOWN STEP	2026-10-06T06:21:16.5268399Z    ^[[33m^[[2m✓^[[22m^[[39m 详情加载 403 呈现无权；历史时间线渲染 from→to/操作人/原因 ^[[33m 323^[[2mms^[[22m^[[39m
verify	UNKNOWN STEP	2026-10-06T06:21:17.3491967Z Bundling asset Named/CertPackageSweeperFn/Code/Stage...
verify	UNKNOWN STEP	2026-10-06T06:21:18.7000305Z Bundling asset Named/OnboardingDeadlineFn/Code/Stage...
verify	UNKNOWN STEP	2026-10-06T06:21:19.9337557Z Bundling asset Named/RetirementTimeoutFn/Code/Stage...
verify	UNKNOWN STEP	2026-10-06T06:21:20.9595875Z  ^[[32m✓^[[39m apps/cloud-api/test/admin-onboarding.test.ts ^[[2m(^[[22m^[[2m13 tests^[[22m^[[2m)^[[22m^[[33m 4590^[[2mms^[[22m^[[39m
verify	UNKNOWN STEP	2026-10-06T06:21:21.1693592Z Bundling asset Named/ActivityExportFn/Code/Stage...
verify	UNKNOWN STEP	2026-10-06T06:21:22.2615278Z Bundling asset Named/EsgExportFn/Code/Stage...
verify	UNKNOWN STEP	2026-10-06T06:21:22.3646833Z  ^[[32m✓^[[39m apps/cloud-api/test/admin-audit.test.ts ^[[2m(^[[22m^[[2m7 tests^[[22m^[[2m)^[[22m^[[33m 4493^[[2mms^[[22m^[[39m
verify	UNKNOWN STEP	2026-10-06T06:21:23.4977601Z Bundling asset Named/CommandPublisherFn/Code/Stage...
verify	UNKNOWN STEP	2026-10-06T06:21:24.6248576Z Bundling asset Named/CommandTimeoutFn/Code/Stage...
verify	UNKNOWN STEP	2026-10-06T06:21:25.9747003Z Bundling asset Named/OtaDispatcherFn/Code/Stage...
verify	UNKNOWN STEP	2026-10-06T06:21:26.5335110Z  ^[[32m✓^[[39m apps/ingestion-worker/test/outbox-publisher.test.ts ^[[2m(^[[22m^[[2m10 tests^[[22m^[[2m)^[[22m^[[33m 4966^[[2mms^[[22m^[[39m
verify	UNKNOWN STEP	2026-10-06T06:21:27.0750887Z Bundling asset Named/OnboardingApiFn/Code/Stage...
verify	UNKNOWN STEP	2026-10-06T06:21:28.1821263Z  ^[[32m✓^[[39m apps/cloud-api/test/business-notifier.test.ts ^[[2m(^[[22m^[[2m10 tests^[[22m^[[2m)^[[22m^[[33m 4515^[[2mms^[[22m^[[39m
verify	UNKNOWN STEP	2026-10-06T06:21:28.3717137Z Bundling asset Named/OnboardingProvisioningFn/Code/Stage...
verify	UNKNOWN STEP	2026-10-06T06:21:29.7725456Z Bundling asset Named/DeviceApiFn/Code/Stage...
verify	UNKNOWN STEP	2026-10-06T06:21:31.0551788Z Bundling asset Named/ApiFn/Code/Stage...
verify	UNKNOWN STEP	2026-10-06T06:21:32.0766449Z  ^[[32m✓^[[39m apps/ingestion-worker/test/heartbeat-handler.test.ts ^[[2m(^[[22m^[[2m6 tests^[[22m^[[2m)^[[22m^[[33m 4955^[[2mms^[[22m^[[39m
verify	UNKNOWN STEP	2026-10-06T06:21:32.0785693Z      ^[[33m^[[2m✓^[[22m^[[39m 首次 Heartbeat：latest state 全字段落库（在线/uptime/固件/运行模式/License/网络/资源/传感器/证书/Tamper） ^[[33m 403^[[2mms^[[22m^[[39m
verify	UNKNOWN STEP	2026-10-06T06:21:32.8867324Z Bundling asset TestStack/IngestionFn/Code/Stage...
verify	UNKNOWN STEP	2026-10-06T06:21:34.1300784Z Bundling asset TestStack/ArchiveFn/Code/Stage...
verify	UNKNOWN STEP	2026-10-06T06:21:34.3346575Z  ^[[32m✓^[[39m apps/cloud-api/test/admin-consumable-request.test.ts ^[[2m(^[[22m^[[2m8 tests^[[22m^[[2m)^[[22m^[[33m 4536^[[2mms^[[22m^[[39m
verify	UNKNOWN STEP	2026-10-06T06:21:34.3355371Z      ^[[33m^[[2m✓^[[22m^[[39m 创建→处理→完成；每步状态/处理人/备注/完成时间/审计 ^[[33m 383^[[2mms^[[22m^[[39m
verify	UNKNOWN STEP	2026-10-06T06:21:34.9435720Z Bundling asset TestStack/OutboxPublisherFn/Code/Stage...
verify	UNKNOWN STEP	2026-10-06T06:21:36.0981239Z Bundling asset TestStack/NotificationPublisherFn/Code/Stage...
verify	UNKNOWN STEP	2026-10-06T06:21:37.5440501Z Bundling asset TestStack/SummaryFn/Code/Stage...
verify	UNKNOWN STEP	2026-10-06T06:21:37.9286405Z  ^[[32m✓^[[39m apps/cloud-api/test/admin-device-assignment.test.ts ^[[2m(^[[22m^[[2m9 tests^[[22m^[[2m)^[[22m^[[33m 4628^[[2mms^[[22m^[[39m
verify	UNKNOWN STEP	2026-10-06T06:21:37.9322584Z      ^[[33m^[[2m✓^[[22m^[[39m Onboarded → Assigned：归属更新 + 状态历史 + 授权窗口 + 恰好一次通知 + 审计 ^[[33m 383^[[2mms^[[22m^[[39m
verify	UNKNOWN STEP	2026-10-06T06:21:38.6598596Z Bundling asset TestStack/ReplayTriggerPublisherFn/Code/Stage...
verify	UNKNOWN STEP	2026-10-06T06:21:39.7465560Z Bundling asset TestStack/ReplayFn/Code/Stage...
verify	UNKNOWN STEP	2026-10-06T06:21:39.8136740Z  ^[[32m✓^[[39m apps/ingestion-worker/test/onboarding-completion.test.ts ^[[2m(^[[22m^[[2m8 tests^[[22m^[[2m)^[[22m^[[33m 4607^[[2mms^[[22m^[[39m
verify	UNKNOWN STEP	2026-10-06T06:21:39.8138695Z      ^[[33m^[[2m✓^[[22m^[[39m 截止边界后 Heartbeat 先于 evaluator 到达：失败关闭并原子执行超时处置；并发仅处置一次 ^[[33m 355^[[2mms^[[22m^[[39m
verify	UNKNOWN STEP	2026-10-06T06:21:40.7442737Z Bundling asset TestStack/CertPackageSweeperFn/Code/Stage...
verify	UNKNOWN STEP	2026-10-06T06:21:41.9087504Z Bundling asset TestStack/OnboardingDeadlineFn/Code/Stage...
verify	UNKNOWN STEP	2026-10-06T06:21:43.1207535Z Bundling asset TestStack/RetirementTimeoutFn/Code/Stage...
verify	UNKNOWN STEP	2026-10-06T06:21:44.1108208Z Bundling asset TestStack/ActivityExportFn/Code/Stage...
verify	UNKNOWN STEP	2026-10-06T06:21:44.5816668Z  ^[[32m✓^[[39m apps/admin-web/test/components.test.tsx ^[[2m(^[[22m^[[2m18 tests^[[22m^[[2m)^[[22m^[[33m 3843^[[2mms^[[22m^[[39m
verify	UNKNOWN STEP	2026-10-06T06:21:44.5854967Z    ^[[33m^[[2m✓^[[22m^[[39m CursorTable：加载态（role=status） ^[[33m 406^[[2mms^[[22m^[[39m
verify	UNKNOWN STEP	2026-10-06T06:21:44.5857107Z    ^[[33m^[[2m✓^[[22m^[[39m CursorTable：数据行渲染与游标分页（下一页携 nextCursor，无下一页时禁用） ^[[33m 772^[[2mms^[[22m^[[39m
verify	UNKNOWN STEP	2026-10-06T06:21:44.5858881Z    ^[[33m^[[2m✓^[[22m^[[39m CursorTable：stale 徽标 + 数据时间 + 刷新 ^[[33m 450^[[2mms^[[22m^[[39m
verify	UNKNOWN STEP	2026-10-06T06:21:44.5860523Z    ^[[33m^[[2m✓^[[22m^[[39m ConfirmDialog：原因必填（标签关联 + 确认门控）+ 确认回传原因 ^[[33m 597^[[2mms^[[22m^[[39m
verify	UNKNOWN STEP	2026-10-06T06:21:44.5862848Z    ^[[33m^[[2m✓^[[22m^[[39m ScopeFilter：三级联动（上游变更清空下游），标签均可用 ^[[33m 491^[[2mms^[[22m^[[39m
verify	UNKNOWN STEP	2026-10-06T06:21:45.2987791Z Bundling asset TestStack/EsgExportFn/Code/Stage...
verify	UNKNOWN STEP	2026-10-06T06:21:45.3634700Z  ^[[32m✓^[[39m apps/ingestion-worker/test/signals-ack.test.ts ^[[2m(^[[22m^[[2m13 tests^[[22m^[[2m)^[[22m^[[33m 4479^[[2mms^[[22m^[[39m
verify	UNKNOWN STEP	2026-10-06T06:21:46.0015104Z  ^[[32m✓^[[39m apps/ingestion-worker/test/archive-worker.test.ts ^[[2m(^[[22m^[[2m11 tests^[[22m^[[2m)^[[22m^[[32m 26^[[2mms^[[22m^[[39m
verify	UNKNOWN STEP	2026-10-06T06:21:46.3375637Z Bundling asset TestStack/CommandPublisherFn/Code/Stage...
verify	UNKNOWN STEP	2026-10-06T06:21:47.7531843Z Bundling asset TestStack/CommandTimeoutFn/Code/Stage...
verify	UNKNOWN STEP	2026-10-06T06:21:49.0866395Z Bundling asset TestStack/OtaDispatcherFn/Code/Stage...
verify	UNKNOWN STEP	2026-10-06T06:21:50.2949399Z Bundling asset TestStack/OnboardingApiFn/Code/Stage...
verify	UNKNOWN STEP	2026-10-06T06:21:50.4156465Z  ^[[32m✓^[[39m packages/database/test/db01.test.ts ^[[2m(^[[22m^[[2m21 tests^[[22m^[[2m)^[[22m^[[33m 4111^[[2mms^[[22m^[[39m
verify	UNKNOWN STEP	2026-10-06T06:21:50.7295139Z  ^[[32m✓^[[39m apps/summary-worker/test/aggregation-worker.test.ts ^[[2m(^[[22m^[[2m6 tests^[[22m^[[2m)^[[22m^[[33m 5288^[[2mms^[[22m^[[39m
verify	UNKNOWN STEP	2026-10-06T06:21:50.7297771Z      ^[[33m^[[2m✓^[[22m^[[39m 固定输入产生确定输出：hourly 完整率（缺失序号）、daily 加权 rollup、ESG 日汇总 + 计算版本 ^[[33m 541^[[2mms^[[22m^[[39m
verify	UNKNOWN STEP	2026-10-06T06:21:51.3704968Z Bundling asset TestStack/OnboardingProvisioningFn/Code/Stage...
verify	UNKNOWN STEP	2026-10-06T06:21:52.5017152Z Bundling asset TestStack/DeviceApiFn/Code/Stage...
verify	UNKNOWN STEP	2026-10-06T06:21:53.8038490Z Bundling asset TestStack/ApiFn/Code/Stage...
verify	UNKNOWN STEP	2026-10-06T06:21:56.8818483Z  ^[[32m✓^[[39m infra/test/app-stack.test.ts ^[[2m(^[[22m^[[2m39 tests^[[22m^[[2m)^[[22m^[[33m 46100^[[2mms^[[22m^[[39m
verify	UNKNOWN STEP	2026-10-06T06:21:56.8820170Z      ^[[33m^[[2m✓^[[22m^[[39m Stack 物理名带环境前缀 ^[[33m 21898^[[2mms^[[22m^[[39m
verify	UNKNOWN STEP	2026-10-06T06:21:56.8821813Z      ^[[33m^[[2m✓^[[22m^[[39m 仅显式 local/test 模式可保留无 mTLS 的默认入口 ^[[33m 23966^[[2mms^[[22m^[[39m
verify	UNKNOWN STEP	2026-10-06T06:21:58.3470498Z  ^[[32m✓^[[39m apps/ingestion-worker/test/ingest-receipt.test.ts ^[[2m(^[[22m^[[2m9 tests^[[22m^[[2m)^[[22m^[[33m 7024^[[2mms^[[22m^[[39m
verify	UNKNOWN STEP	2026-10-06T06:21:58.3505882Z      ^[[33m^[[2m✓^[[22m^[[39m 5% 重复 + 2% 乱序模拟：无重复业务记录，全部到达后无未解除缺口 ^[[33m 2584^[[2mms^[[22m^[[39m
verify	UNKNOWN STEP	2026-10-06T06:21:59.6166715Z  ^[[32m✓^[[39m apps/admin-web/test/configuration.test.tsx ^[[2m(^[[22m^[[2m9 tests^[[22m^[[2m)^[[22m^[[33m 6106^[[2mms^[[22m^[[39m
verify	UNKNOWN STEP	2026-10-06T06:21:59.6195638Z    ^[[33m^[[2m✓^[[22m^[[39m 版本表单只渲染 V1 四字段且单位正确；候选扩展字段不存在于 DOM ^[[33m 912^[[2mms^[[22m^[[39m
verify	UNKNOWN STEP	2026-10-06T06:21:59.6215352Z    ^[[33m^[[2m✓^[[22m^[[39m 非法范围/非整数有字段级错误且禁止提交；合法后提交四字段快照 ^[[33m 2262^[[2mms^[[22m^[[39m
verify	UNKNOWN STEP	2026-10-06T06:21:59.6225261Z    ^[[33m^[[2m✓^[[22m^[[39m 发布：生效时间可选且需合法；成功后提示 CONFIG_CHANGED 通知 ^[[33m 1088^[[2mms^[[22m^[[39m
verify	UNKNOWN STEP	2026-10-06T06:21:59.6255219Z    ^[[33m^[[2m✓^[[22m^[[39m 列表与筛选：行渲染；筛选应用与重置；新建配置目标二选一 ^[[33m 1404^[[2mms^[[22m^[[39m
verify	UNKNOWN STEP	2026-10-06T06:22:02.1767163Z  ^[[32m✓^[[39m apps/ingestion-worker/test/signals-handlers.test.ts ^[[2m(^[[22m^[[2m8 tests^[[22m^[[2m)^[[22m^[[33m 4696^[[2mms^[[22m^[[39m
verify	UNKNOWN STEP	2026-10-06T06:22:02.1769655Z      ^[[33m^[[2m✓^[[22m^[[39m ACTIVE 建行（字段映射）→ CLEARED 正确闭合；重复 CLEAR 幂等；各生成归档事件 ^[[33m 399^[[2mms^[[22m^[[39m
verify	UNKNOWN STEP	2026-10-06T06:22:03.5380545Z  ^[[32m✓^[[39m apps/ingestion-worker/test/replay-worker.test.ts ^[[2m(^[[22m^[[2m6 tests^[[22m^[[2m)^[[22m^[[33m 4309^[[2mms^[[22m^[[39m
verify	UNKNOWN STEP	2026-10-06T06:22:09.7476206Z  ^[[32m✓^[[39m apps/cloud-api/test/admin-device-status.test.ts ^[[2m(^[[22m^[[2m8 tests^[[22m^[[2m)^[[22m^[[33m 4748^[[2mms^[[22m^[[39m
verify	UNKNOWN STEP	2026-10-06T06:22:09.7506134Z      ^[[33m^[[2m✓^[[22m^[[39m Active→Suspended：状态历史（含 operational 镜像）+ DEVICE_SUSPENDED 通知 + 原因入审计 ^[[33m 404^[[2mms^[[22m^[[39m
verify	UNKNOWN STEP	2026-10-06T06:22:09.9759062Z  ^[[32m✓^[[39m apps/admin-web/test/alarms.test.tsx ^[[2m(^[[22m^[[2m10 tests^[[22m^[[2m)^[[22m^[[33m 7193^[[2mms^[[22m^[[39m
verify	UNKNOWN STEP	2026-10-06T06:22:09.9765809Z    ^[[33m^[[2m✓^[[22m^[[39m 状态更新：ACTIVE 可确认/清除 → ACKNOWLEDGED 仅清除 → CLEARED 无动作；每步原因必填 ^[[33m 3226^[[2mms^[[22m^[[39m
verify	UNKNOWN STEP	2026-10-06T06:22:09.9782005Z    ^[[33m^[[2m✓^[[22m^[[39m 重复操作幂等：replayed=true 提示已幂等忽略且不重复写入语义 ^[[33m 818^[[2mms^[[22m^[[39m
verify	UNKNOWN STEP	2026-10-06T06:22:09.9783601Z    ^[[33m^[[2m✓^[[22m^[[39m 后端拒绝呈现：CLEARED 终态确认 → 409 CONFLICT；无 alarm:write → 403/按钮禁用 ^[[33m 952^[[2mms^[[22m^[[39m
verify	UNKNOWN STEP	2026-10-06T06:22:09.9785430Z    ^[[33m^[[2m✓^[[22m^[[39m 筛选参数与 URL 同步：应用后 replaceState；urlStateFromSearch 可回读 ^[[33m 796^[[2mms^[[22m^[[39m
verify	UNKNOWN STEP	2026-10-06T06:22:09.9787033Z    ^[[33m^[[2m✓^[[22m^[[39m 三个 Tab 切换；Event/Tamper 只读（无操作列）；Tamper details 原样 JSON 透传 ^[[33m 608^[[2mms^[[22m^[[39m
verify	UNKNOWN STEP	2026-10-06T06:22:09.9788504Z    ^[[33m^[[2m✓^[[22m^[[39m 跨 Customer 不可见：详情 404 呈现 NOT_FOUND；Customer 角色无客户筛选 ^[[33m 395^[[2mms^[[22m^[[39m
verify	UNKNOWN STEP	2026-10-06T06:22:11.4164521Z  ^[[32m✓^[[39m apps/cloud-api/test/certificate-rotate.test.ts ^[[2m(^[[22m^[[2m8 tests^[[22m^[[2m)^[[22m^[[33m 7310^[[2mms^[[22m^[[39m
verify	UNKNOWN STEP	2026-10-06T06:22:11.4206434Z      ^[[33m^[[2m✓^[[22m^[[39m 缺失 CSR 不签发；AWS attach 失败保留可重试停用记录并保留旧证 ^[[33m 690^[[2mms^[[22m^[[39m
verify	UNKNOWN STEP	2026-10-06T06:22:11.4272090Z      ^[[33m^[[2m✓^[[22m^[[39m 旧证书错误/跨设备拒绝：缺字段 400；与身份不符 403（含他设备证书） ^[[33m 585^[[2mms^[[22m^[[39m
verify	UNKNOWN STEP	2026-10-06T06:22:11.4344916Z      ^[[33m^[[2m✓^[[22m^[[39m 旧证书撤销/过期 → 401（认证层先行拒绝） ^[[33m 338^[[2mms^[[22m^[[39m
verify	UNKNOWN STEP	2026-10-06T06:22:11.4355493Z      ^[[33m^[[2m✓^[[22m^[[39m 响应不确定重试：撤销未确认证书并重签，不重复下发同一私钥 ^[[33m 391^[[2mms^[[22m^[[39m
verify	UNKNOWN STEP	2026-10-06T06:22:11.4385849Z      ^[[33m^[[2m✓^[[22m^[[39m 成功提交后、首个新证 Heartbeat 前重复请求稳定冲突且不撤证重签 ^[[33m 377^[[2mms^[[22m^[[39m
verify	UNKNOWN STEP	2026-10-06T06:22:11.4399590Z      ^[[33m^[[2m✓^[[22m^[[39m 部分失败（发证后 attach 失败）可重试：不建孤儿业务记录，重试成功 ^[[33m 418^[[2mms^[[22m^[[39m
verify	UNKNOWN STEP	2026-10-06T06:22:15.8956412Z  ^[[32m✓^[[39m apps/cloud-api/test/admin-settings.test.ts ^[[2m(^[[22m^[[2m10 tests^[[22m^[[2m)^[[22m^[[33m 4796^[[2mms^[[22m^[[39m
verify	UNKNOWN STEP	2026-10-06T06:22:16.7463600Z  ^[[32m✓^[[39m apps/cloud-api/test/license-sync-lifecycle.test.ts ^[[2m(^[[22m^[[2m10 tests^[[22m^[[2m)^[[22m^[[33m 6188^[[2mms^[[22m^[[39m
verify	UNKNOWN STEP	2026-10-06T06:22:16.7466086Z    ^[[33m^[[2m✓^[[22m^[[39m real PostgreSQL: served snapshot and signed local verification drive Assigned→Licensed→Active once ^[[33m 840^[[2mms^[[22m^[[39m
verify	UNKNOWN STEP	2026-10-06T06:22:16.7467882Z    ^[[33m^[[2m✓^[[22m^[[39m expired/revoked licenses and changed assignment cannot activate a device ^[[33m 463^[[2mms^[[22m^[[39m
verify	UNKNOWN STEP	2026-10-06T06:22:22.1104812Z  ^[[32m✓^[[39m apps/cloud-api/test/admin-device-metadata.test.ts ^[[2m(^[[22m^[[2m10 tests^[[22m^[[2m)^[[22m^[[33m 4963^[[2mms^[[22m^[[39m
verify	UNKNOWN STEP	2026-10-06T06:22:22.2116362Z  ^[[32m✓^[[39m packages/auth/test/secure-package.test.ts ^[[2m(^[[22m^[[2m14 tests^[[22m^[[2m)^[[22m^[[33m 4864^[[2mms^[[22m^[[39m
verify	UNKNOWN STEP	2026-10-06T06:22:22.2185744Z      ^[[33m^[[2m✓^[[22m^[[39m 存储即加密：库中无明文，有效期按 retentionSeconds 推导 ^[[33m 337^[[2mms^[[22m^[[39m
verify	UNKNOWN STEP	2026-10-06T06:22:24.7063158Z  ^[[32m✓^[[39m apps/admin-web/test/media.test.tsx ^[[2m(^[[22m^[[2m13 tests^[[22m^[[2m)^[[22m^[[33m 9956^[[2mms^[[22m^[[39m
verify	UNKNOWN STEP	2026-10-06T06:22:24.7070123Z    ^[[33m^[[2m✓^[[22m^[[39m 列表渲染元数据；类型/设备/状态/时间筛选经回调应用（时间转 UTC ISO） ^[[33m 2354^[[2mms^[[22m^[[39m
verify	UNKNOWN STEP	2026-10-06T06:22:24.7071482Z    ^[[33m^[[2m✓^[[22m^[[39m Customer 角色不暴露 customerId 筛选（服务端强制租户隔离） ^[[33m 623^[[2mms^[[22m^[[39m
verify	UNKNOWN STEP	2026-10-06T06:22:24.7072717Z    ^[[33m^[[2m✓^[[22m^[[39m 时间范围倒置时失败关闭且不发起筛选 ^[[33m 392^[[2mms^[[22m^[[39m
verify	UNKNOWN STEP	2026-10-06T06:22:24.7073810Z    ^[[33m^[[2m✓^[[22m^[[39m 图片查看：实时签发短期 URL → img 渲染 + 下载链接 + 有效期提示 ^[[33m 1213^[[2mms^[[22m^[[39m
verify	UNKNOWN STEP	2026-10-06T06:22:24.7075161Z    ^[[33m^[[2m✓^[[22m^[[39m 视频查看：录制文件受控查看（video 元素）；页面无实时流语义 ^[[33m 999^[[2mms^[[22m^[[39m
verify	UNKNOWN STEP	2026-10-06T06:22:24.7076177Z    ^[[33m^[[2m✓^[[22m^[[39m 链接过期后重新申请：注入时钟判定过期 → 重新申请实时重签 ^[[33m 858^[[2mms^[[22m^[[39m
verify	UNKNOWN STEP	2026-10-06T06:22:24.7077214Z    ^[[33m^[[2m✓^[[22m^[[39m 关闭预览即弃用授权 URL（不持久缓存）：重开重新申请 ^[[33m 1148^[[2mms^[[22m^[[39m
verify	UNKNOWN STEP	2026-10-06T06:22:24.7078242Z    ^[[33m^[[2m✓^[[22m^[[39m 未知媒体类型安全降级：不渲染 img/video、不提供下载，仅元数据 ^[[33m 557^[[2mms^[[22m^[[39m
verify	UNKNOWN STEP	2026-10-06T06:22:24.7079380Z    ^[[33m^[[2m✓^[[22m^[[39m 跨 Customer 资源不可访问：列表 403 → 无权界面；下载 404 → 错误可读并可重试 ^[[33m 1314^[[2mms^[[22m^[[39m
verify	UNKNOWN STEP	2026-10-06T06:22:27.8142530Z  ^[[32m✓^[[39m apps/ingestion-worker/test/report-handler.test.ts ^[[2m(^[[22m^[[2m7 tests^[[22m^[[2m)^[[22m^[[33m 5055^[[2mms^[[22m^[[39m
verify	UNKNOWN STEP	2026-10-06T06:22:27.8193431Z      ^[[33m^[[2m✓^[[22m^[[39m 合法 CYCLE 报告：RDS 全字段映射 + 恰好一个归档事件（字段与 RDS 完整一致，保留方法版本与 audit.hash） ^[[33m 401^[[2mms^[[22m^[[39m
verify	UNKNOWN STEP	2026-10-06T06:22:30.9537267Z ^[[90mstderr^[[2m | apps/ingestion-worker/test/telemetry-handler.test.ts^[[2m > ^[[22m^[[2mcreateTelemetryHandler（BE-IOT-05）^[[2m > ^[[22m^[[2m字段范围错误被隔离（端到端）：humidityPct>100 进 Quarantine，无聚合/归档；同批合法消息照常处理
verify	UNKNOWN STEP	2026-10-06T06:22:30.9565571Z ^[[22m^[[39mingestion message quarantined {
verify	UNKNOWN STEP	2026-10-06T06:22:30.9625788Z   event: ^[[32m'ingestion.quarantined'^[[39m,
verify	UNKNOWN STEP	2026-10-06T06:22:30.9635358Z   messageId: ^[[32m'sqs-bad'^[[39m,
verify	UNKNOWN STEP	2026-10-06T06:22:30.9636376Z   errorType: ^[[32m'SCHEMA_VIOLATION'^[[39m,
verify	UNKNOWN STEP	2026-10-06T06:22:30.9657713Z   errorPath: ^[[32m'data.humidityPct'^[[39m,
verify	UNKNOWN STEP	2026-10-06T06:22:30.9659285Z   reason: ^[[32m'payload violates telemetry.schema.json: 150 > 100'^[[39m,
verify	UNKNOWN STEP	2026-10-06T06:22:30.9660675Z   iotTopic: ^[[32m'bnx/device/dev-tel-5/telemetry'^[[39m,
verify	UNKNOWN STEP	2026-10-06T06:22:30.9661694Z   iotDeviceId: ^[[32m'dev-tel-5'^[[39m
verify	UNKNOWN STEP	2026-10-06T06:22:30.9662448Z }
verify	UNKNOWN STEP	2026-10-06T06:22:30.9662855Z 
verify	UNKNOWN STEP	2026-10-06T06:22:31.0167374Z  ^[[32m✓^[[39m apps/ingestion-worker/test/telemetry-handler.test.ts ^[[2m(^[[22m^[[2m6 tests^[[22m^[[2m)^[[22m^[[33m 5402^[[2mms^[[22m^[[39m
verify	UNKNOWN STEP	2026-10-06T06:22:31.0175946Z      ^[[33m^[[2m✓^[[22m^[[39m 合法记录：hourly 聚合一行 + 恰好一个归档事件（含原始 Payload/audit.hash），耗材投影不更新 ^[[33m 384^[[2mms^[[22m^[[39m
verify	UNKNOWN STEP	2026-10-06T06:22:31.0205912Z      ^[[33m^[[2m✓^[[22m^[[39m 同设备同窗口并发 20 条：sampleCount 与 metrics 原子累计不丢增量 ^[[33m 428^[[2mms^[[22m^[[39m
verify	UNKNOWN STEP	2026-10-06T06:22:31.5931541Z  ^[[32m✓^[[39m packages/domain/test/device-lifecycle.test.ts ^[[2m(^[[22m^[[2m98 tests^[[22m^[[2m)^[[22m^[[32m 29^[[2mms^[[22m^[[39m
verify	UNKNOWN STEP	2026-10-06T06:22:34.3652940Z  ^[[32m✓^[[39m apps/cloud-api/test/device-deactivate.test.ts ^[[2m(^[[22m^[[2m11 tests^[[22m^[[2m)^[[22m^[[33m 4893^[[2mms^[[22m^[[39m
verify	UNKNOWN STEP	2026-10-06T06:22:34.3655680Z      ^[[33m^[[2m✓^[[22m^[[39m 确认在先断证在后：CONFIRMED + 证书撤销 + 审计（仅摘要）+ 通用校验此前 403 而本端点可达 ^[[33m 393^[[2mms^[[22m^[[39m
verify	UNKNOWN STEP	2026-10-06T06:22:34.3757674Z  ^[[32m✓^[[39m apps/cloud-api/test/qa06-security.test.ts ^[[2m(^[[22m^[[2m4 tests^[[22m^[[2m)^[[22m^[[33m 11197^[[2mms^[[22m^[[39m
verify	UNKNOWN STEP	2026-10-06T06:22:34.3796464Z    ^[[33m^[[2m✓^[[22m^[[39m QA06 signed tenant scope and SQL JSON injection cannot cross boundaries or corrupt business state ^[[33m 5120^[[2mms^[[22m^[[39m
verify	UNKNOWN STEP	2026-10-06T06:22:34.3799130Z    ^[[33m^[[2m✓^[[22m^[[39m QA06 malicious media filenames and metadata reject before signing or persistence ^[[33m 3201^[[2mms^[[22m^[[39m
verify	UNKNOWN STEP	2026-10-06T06:22:34.3801316Z    ^[[33m^[[2m✓^[[22m^[[39m QA06 raw canaries are absent from actual logger trace audit and snapshot artifacts ^[[33m 2690^[[2mms^[[22m^[[39m
verify	UNKNOWN STEP	2026-10-06T06:22:38.2376334Z  ^[[32m✓^[[39m apps/admin-web/test/dashboard.test.tsx ^[[2m(^[[22m^[[2m12 tests^[[22m^[[2m)^[[22m^[[33m 3678^[[2mms^[[22m^[[39m
verify	UNKNOWN STEP	2026-10-06T06:22:38.2378327Z    ^[[33m^[[2m✓^[[22m^[[39m 10 设备 Fixture：全部指标与卡片值一致 ^[[33m 755^[[2mms^[[22m^[[39m
verify	UNKNOWN STEP	2026-10-06T06:22:38.2405535Z    ^[[33m^[[2m✓^[[22m^[[39m 命令提交：确认后调用提交器并显示 Pending（非“成功”） ^[[33m 1778^[[2mms^[[22m^[[39m
verify	UNKNOWN STEP	2026-10-06T06:22:38.2415718Z    ^[[33m^[[2m✓^[[22m^[[39m OTA 升级入口跳转 /ota/campaigns（不直接推送单设备） ^[[33m 414^[[2mms^[[22m^[[39m
verify	UNKNOWN STEP	2026-10-06T06:22:39.6746283Z  ^[[32m✓^[[39m packages/database/test/db02.test.ts ^[[2m(^[[22m^[[2m13 tests^[[22m^[[2m)^[[22m^[[33m 4841^[[2mms^[[22m^[[39m
verify	UNKNOWN STEP	2026-10-06T06:22:40.4830116Z  ^[[32m✓^[[39m apps/cloud-api/test/admin-command-query.test.ts ^[[2m(^[[22m^[[2m4 tests^[[22m^[[2m)^[[22m^[[33m 4866^[[2mms^[[22m^[[39m
verify	UNKNOWN STEP	2026-10-06T06:22:40.4886043Z      ^[[33m^[[2m✓^[[22m^[[39m status/command/deviceId 筛选 + Customer 租户强制 scope ^[[33m 372^[[2mms^[[22m^[[39m
verify	UNKNOWN STEP	2026-10-06T06:22:41.7945486Z Bundling asset DeployTest/IngestionFn/Code/Stage...
verify	UNKNOWN STEP	2026-10-06T06:22:43.0445701Z Bundling asset DeployTest/ArchiveFn/Code/Stage...
verify	UNKNOWN STEP	2026-10-06T06:22:44.0515406Z Bundling asset DeployTest/OutboxPublisherFn/Code/Stage...
verify	UNKNOWN STEP	2026-10-06T06:22:45.1448826Z Bundling asset DeployTest/NotificationPublisherFn/Code/Stage...
verify	UNKNOWN STEP	2026-10-06T06:22:46.4336819Z Bundling asset DeployTest/SummaryFn/Code/Stage...
verify	UNKNOWN STEP	2026-10-06T06:22:47.4445708Z Bundling asset DeployTest/ReplayTriggerPublisherFn/Code/Stage...
verify	UNKNOWN STEP	2026-10-06T06:22:48.4495606Z Bundling asset DeployTest/ReplayFn/Code/Stage...
verify	UNKNOWN STEP	2026-10-06T06:22:49.5039981Z Bundling asset DeployTest/CertPackageSweeperFn/Code/Stage...
verify	UNKNOWN STEP	2026-10-06T06:22:50.5748877Z Bundling asset DeployTest/OnboardingDeadlineFn/Code/Stage...
verify	UNKNOWN STEP	2026-10-06T06:22:50.6376896Z ^[[90mstderr^[[2m | apps/ingestion-worker/test/qa03-data-path.test.ts^[[2m > ^[[22m^[[2mQA03 partial failure, quarantine retry, payload conflict and gap recovery
verify	UNKNOWN STEP	2026-10-06T06:22:50.6406859Z ^[[22m^[[39mingestion message quarantined {
verify	UNKNOWN STEP	2026-10-06T06:22:50.6415169Z   event: ^[[32m'ingestion.quarantined'^[[39m,
verify	UNKNOWN STEP	2026-10-06T06:22:50.6435498Z   messageId: ^[[32m'QA03-invalid-json'^[[39m,
verify	UNKNOWN STEP	2026-10-06T06:22:50.6445569Z   errorType: ^[[32m'INVALID_JSON'^[[39m,
verify	UNKNOWN STEP	2026-10-06T06:22:50.6446656Z   errorPath: ^[[32m'(root)'^[[39m,
verify	UNKNOWN STEP	2026-10-06T06:22:50.6447669Z   reason: ^[[32m'message body is not valid JSON'^[[39m
verify	UNKNOWN STEP	2026-10-06T06:22:50.6448405Z }
verify	UNKNOWN STEP	2026-10-06T06:22:50.6448820Z 
verify	UNKNOWN STEP	2026-10-06T06:22:50.7040084Z ^[[90mstderr^[[2m | apps/ingestion-worker/test/qa03-data-path.test.ts^[[2m > ^[[22m^[[2mQA03 partial failure, quarantine retry, payload conflict and gap recovery
verify	UNKNOWN STEP	2026-10-06T06:22:50.7055934Z ^[[22m^[[39mingestion message quarantined {
verify	UNKNOWN STEP	2026-10-06T06:22:50.7086556Z   event: ^[[32m'ingestion.quarantined'^[[39m,
verify	UNKNOWN STEP	2026-10-06T06:22:50.7105862Z   messageId: ^[[32m'QA03-invalid-json'^[[39m,
verify	UNKNOWN STEP	2026-10-06T06:22:50.7106999Z   errorType: ^[[32m'INVALID_JSON'^[[39m,
verify	UNKNOWN STEP	2026-10-06T06:22:50.7107629Z   errorPath: ^[[32m'(root)'^[[39m,
verify	UNKNOWN STEP	2026-10-06T06:22:50.7108300Z   reason: ^[[32m'message body is not valid JSON'^[[39m
verify	UNKNOWN STEP	2026-10-06T06:22:50.7108833Z }
verify	UNKNOWN STEP	2026-10-06T06:22:50.7109004Z 
verify	UNKNOWN STEP	2026-10-06T06:22:50.7218880Z ^[[90mstderr^[[2m | apps/ingestion-worker/test/qa03-data-path.test.ts^[[2m > ^[[22m^[[2mQA03 partial failure, quarantine retry, payload conflict and gap recovery
verify	UNKNOWN STEP	2026-10-06T06:22:50.7221159Z ^[[22m^[[39mingestion message quarantined {
verify	UNKNOWN STEP	2026-10-06T06:22:50.7222418Z   event: ^[[32m'ingestion.quarantined'^[[39m,
verify	UNKNOWN STEP	2026-10-06T06:22:50.7223306Z   messageId: ^[[32m'conflict'^[[39m,
verify	UNKNOWN STEP	2026-10-06T06:22:50.7224866Z   errorType: ^[[32m'PAYLOAD_CONFLICT'^[[39m,
verify	UNKNOWN STEP	2026-10-06T06:22:50.7225879Z   errorPath: ^[[32m'meta.seq'^[[39m,
verify	UNKNOWN STEP	2026-10-06T06:22:50.7227495Z   reason: ^[[32m'receipt key QA03-B8AD43414B38-DEV0:telemetry:1 already recorded with different payload hash (security anomaly)'^[[39m,
verify	UNKNOWN STEP	2026-10-06T06:22:50.7229177Z   iotTopic: ^[[32m'bnx/device/QA03-B8AD43414B38-DEV0/telemetry'^[[39m,
verify	UNKNOWN STEP	2026-10-06T06:22:50.7230350Z   iotDeviceId: ^[[32m'QA03-B8AD43414B38-DEV0'^[[39m
verify	UNKNOWN STEP	2026-10-06T06:22:50.7231089Z }
verify	UNKNOWN STEP	2026-10-06T06:22:50.7231509Z 
verify	UNKNOWN STEP	2026-10-06T06:22:50.7263549Z ^[[90mstderr^[[2m | apps/ingestion-worker/test/qa03-data-path.test.ts^[[2m > ^[[22m^[[2mQA03 partial failure, quarantine retry, payload conflict and gap recovery
verify	UNKNOWN STEP	2026-10-06T06:22:50.7267711Z ^[[22m^[[39mingestion message quarantined {
verify	UNKNOWN STEP	2026-10-06T06:22:50.7268741Z   event: ^[[32m'ingestion.quarantined'^[[39m,
verify	UNKNOWN STEP	2026-10-06T06:22:50.7269597Z   messageId: ^[[32m'schema'^[[39m,
verify	UNKNOWN STEP	2026-10-06T06:22:50.7270435Z   errorType: ^[[32m'SCHEMA_VIOLATION'^[[39m,
verify	UNKNOWN STEP	2026-10-06T06:22:50.7271412Z   errorPath: ^[[32m'data.deviceStatus'^[[39m,
verify	UNKNOWN STEP	2026-10-06T06:22:50.7272875Z   reason: ^[[32m'payload violates heartbeat.schema.json: 非法枚举值 "BROKEN"，允许值: ONLINE, DEGRADED, OFFLINE'^[[39m,
verify	UNKNOWN STEP	2026-10-06T06:22:50.7274762Z   iotTopic: ^[[32m'bnx/device/QA03-B8AD43414B38-DEV0/heartbeat'^[[39m,
verify	UNKNOWN STEP	2026-10-06T06:22:50.7275841Z   iotDeviceId: ^[[32m'QA03-B8AD43414B38-DEV0'^[[39m
verify	UNKNOWN STEP	2026-10-06T06:22:50.7276571Z }
verify	UNKNOWN STEP	2026-10-06T06:22:50.7276982Z 
verify	UNKNOWN STEP	2026-10-06T06:22:50.7288068Z ^[[90mstderr^[[2m | apps/ingestion-worker/test/qa03-data-path.test.ts^[[2m > ^[[22m^[[2mQA03 partial failure, quarantine retry, payload conflict and gap recovery
verify	UNKNOWN STEP	2026-10-06T06:22:50.7289950Z ^[[22m^[[39mingestion message quarantined {
verify	UNKNOWN STEP	2026-10-06T06:22:50.7290994Z   event: ^[[32m'ingestion.quarantined'^[[39m,
verify	UNKNOWN STEP	2026-10-06T06:22:50.7291941Z   messageId: ^[[32m'identity'^[[39m,
verify	UNKNOWN STEP	2026-10-06T06:22:50.7292889Z   errorType: ^[[32m'IDENTITY_VIOLATION'^[[39m,
verify	UNKNOWN STEP	2026-10-06T06:22:50.7293878Z   errorPath: ^[[32m'iotDeviceId'^[[39m,
verify	UNKNOWN STEP	2026-10-06T06:22:50.7295307Z   reason: ^[[32m'topic device does not match certificate binding'^[[39m,
verify	UNKNOWN STEP	2026-10-06T06:22:50.7296538Z   iotTopic: ^[[32m'bnx/device/QA03-B8AD43414B38-DEV0/event'^[[39m,
verify	UNKNOWN STEP	2026-10-06T06:22:50.7297650Z   iotDeviceId: ^[[32m'QA03-B8AD43414B38-DEV0'^[[39m
verify	UNKNOWN STEP	2026-10-06T06:22:50.7298457Z }
verify	UNKNOWN STEP	2026-10-06T06:22:50.7298938Z 
verify	UNKNOWN STEP	2026-10-06T06:22:51.7848664Z Bundling asset DeployTest/RetirementTimeoutFn/Code/Stage...
verify	UNKNOWN STEP	2026-10-06T06:22:51.8718235Z ^[[90mstderr^[[2m | apps/cloud-api/test/qa04-core-api.test.ts^[[2m > ^[[22m^[[2mQA04 audit failure rolls back lifecycle/outbox; retry and replay preserve exactly one audit
verify	UNKNOWN STEP	2026-10-06T06:22:51.8752720Z ^[[22m^[[39maudit FAILURE 记录写入失败 Error [PrismaClientKnownRequestError]: 
verify	UNKNOWN STEP	2026-10-06T06:22:51.8775658Z Invalid `client.auditLog.create()` invocation in
verify	UNKNOWN STEP	2026-10-06T06:22:51.8776948Z /home/runner/work/food-digester-platform/food-digester-platform/packages/database/src/audit.ts:72:25
verify	UNKNOWN STEP	2026-10-06T06:22:51.8777718Z 
verify	UNKNOWN STEP	2026-10-06T06:22:51.8778364Z   69 /** 写一条审计记录。可在事务内（tx）或根 client 上调用。 */
verify	UNKNOWN STEP	2026-10-06T06:22:51.8779329Z   70 export async function recordAudit(client: DbClient, entry: AuditEntry): Promise<void> {
verify	UNKNOWN STEP	2026-10-06T06:22:51.8780245Z   71   const ctx = getRequestContext();
verify	UNKNOWN STEP	2026-10-06T06:22:51.8780942Z → 72   await client.auditLog.create(
verify	UNKNOWN STEP	2026-10-06T06:22:51.8781698Z Database error. Code: `P0001`. Message: `QA04 audit unavailable`
verify	UNKNOWN STEP	2026-10-06T06:22:51.8783500Z     at redactSensitive ^[[90m(/home/runner/work/food-digester-platform/food-digester-platform/^[[39mpackages/observability/src/redaction.ts:43:19^[[90m)^[[39m
verify	UNKNOWN STEP	2026-10-06T06:22:51.8785109Z     at Array.map (<anonymous>)
verify	UNKNOWN STEP	2026-10-06T06:22:51.8786671Z     at Object.error ^[[90m(/home/runner/work/food-digester-platform/food-digester-platform/^[[39mpackages/observability/src/redaction.ts:70:18^[[90m)^[[39m
verify	UNKNOWN STEP	2026-10-06T06:22:51.8789342Z     at audited ^[[90m(/home/runner/work/food-digester-platform/food-digester-platform/^[[39mpackages/database/src/audit.ts:144:14^[[90m)^[[39m
verify	UNKNOWN STEP	2026-10-06T06:22:51.8791023Z ^[[90m    at processTicksAndRejections (node:internal/process/task_queues:103:5)^[[39m
verify	UNKNOWN STEP	2026-10-06T06:22:51.8793034Z     at ^[[90m/home/runner/work/food-digester-platform/food-digester-platform/^[[39mapps/cloud-api/src/admin/device-status/handler.ts:79:20
verify	UNKNOWN STEP	2026-10-06T06:22:51.8795717Z     at Object.suspend ^[[90m(/home/runner/work/food-digester-platform/food-digester-platform/^[[39mapps/cloud-api/src/admin/device-status/handler.ts:104:16^[[90m)^[[39m
verify	UNKNOWN STEP	2026-10-06T06:22:51.8798026Z     at ^[[90m/home/runner/work/food-digester-platform/food-digester-platform/^[[39mapps/cloud-api/test/qa04-core-api.test.ts:193:20
verify	UNKNOWN STEP	2026-10-06T06:22:51.8800202Z     at withFixture ^[[90m(/home/runner/work/food-digester-platform/food-digester-platform/^[[39mapps/cloud-api/test/qa04-core-api.test.ts:50:13^[[90m)^[[39m
verify	UNKNOWN STEP	2026-10-06T06:22:51.8802452Z     at ^[[90m/home/runner/work/food-digester-platform/food-digester-platform/^[[39mapps/cloud-api/test/qa04-core-api.test.ts:184:3
verify	UNKNOWN STEP	2026-10-06T06:22:51.8803404Z 
verify	UNKNOWN STEP	2026-10-06T06:22:51.9288395Z  ^[[32m✓^[[39m apps/cloud-api/test/qa04-core-api.test.ts ^[[2m(^[[22m^[[2m3 tests^[[22m^[[2m)^[[22m^[[33m 10085^[[2mms^[[22m^[[39m
verify	UNKNOWN STEP	2026-10-06T06:22:51.9290756Z    ^[[33m^[[2m✓^[[22m^[[39m QA04 five roles, two tenants: read scope, mutation and audit boundaries ^[[33m 4436^[[2mms^[[22m^[[39m
verify	UNKNOWN STEP	2026-10-06T06:22:51.9292983Z    ^[[33m^[[2m✓^[[22m^[[39m QA04 concurrent If-Match writes have one winner and one success audit ^[[33m 2661^[[2mms^[[22m^[[39m
verify	UNKNOWN STEP	2026-10-06T06:22:51.9295435Z    ^[[33m^[[2m✓^[[22m^[[39m QA04 audit failure rolls back lifecycle/outbox; retry and replay preserve exactly one audit ^[[33m 2984^[[2mms^[[22m^[[39m
verify	UNKNOWN STEP	2026-10-06T06:22:52.9096405Z Bundling asset DeployTest/ActivityExportFn/Code/Stage...
verify	UNKNOWN STEP	2026-10-06T06:22:53.6318246Z ^[[90mstderr^[[2m | apps/ingestion-worker/test/qa03-data-path.test.ts^[[2m > ^[[22m^[[2mQA03 archive queue outage and manifest failure converge with stable objects
verify	UNKNOWN STEP	2026-10-06T06:22:53.6320804Z ^[[22m^[[39marchive validation rejected {
verify	UNKNOWN STEP	2026-10-06T06:22:53.6322044Z   kind: ^[[32m'archive.validation_rejected'^[[39m,
verify	UNKNOWN STEP	2026-10-06T06:22:53.6323107Z   messageId: ^[[32m'invalid-archive'^[[39m,
verify	UNKNOWN STEP	2026-10-06T06:22:53.6323941Z   eventId: ^[[1mnull^[[22m,
verify	UNKNOWN STEP	2026-10-06T06:22:53.6325028Z   errorPath: ^[[32m'$'^[[39m,
verify	UNKNOWN STEP	2026-10-06T06:22:53.6326288Z   reason: ^[[32m"Expected property name or '}' in JSON at position 1 (line 1 column 2)"^[[39m,
verify	UNKNOWN STEP	2026-10-06T06:22:53.6327469Z   rawBody: ^[[32m'{bad'^[[39m
verify	UNKNOWN STEP	2026-10-06T06:22:53.6328131Z }
verify	UNKNOWN STEP	2026-10-06T06:22:53.6328561Z 
verify	UNKNOWN STEP	2026-10-06T06:22:54.1952580Z Bundling asset DeployTest/EsgExportFn/Code/Stage...
verify	UNKNOWN STEP	2026-10-06T06:22:55.5210888Z Bundling asset DeployTest/CommandPublisherFn/Code/Stage...
verify	UNKNOWN STEP	2026-10-06T06:22:56.5685882Z Bundling asset DeployTest/CommandTimeoutFn/Code/Stage...
verify	UNKNOWN STEP	2026-10-06T06:22:57.1306432Z  ^[[32m✓^[[39m packages/auth/test/device-mtls.test.ts ^[[2m(^[[22m^[[2m11 tests^[[22m^[[2m)^[[22m^[[33m 4544^[[2mms^[[22m^[[39m
verify	UNKNOWN STEP	2026-10-06T06:22:57.8127365Z Bundling asset DeployTest/OtaDispatcherFn/Code/Stage...
verify	UNKNOWN STEP	2026-10-06T06:22:58.8626044Z Bundling asset DeployTest/OnboardingApiFn/Code/Stage...
verify	UNKNOWN STEP	2026-10-06T06:22:59.8667137Z Bundling asset DeployTest/OnboardingProvisioningFn/Code/Stage...
verify	UNKNOWN STEP	2026-10-06T06:23:01.0267417Z Bundling asset DeployTest/DeviceApiFn/Code/Stage...
verify	UNKNOWN STEP	2026-10-06T06:23:01.9880029Z  ^[[32m✓^[[39m apps/ingestion-worker/test/qa03-data-path.test.ts ^[[2m(^[[22m^[[2m5 tests^[[22m^[[2m)^[[22m^[[33m 22643^[[2mms^[[22m^[[39m
verify	UNKNOWN STEP	2026-10-06T06:23:01.9882508Z    ^[[33m^[[2m✓^[[22m^[[39m QA03 eight routes: business + receipts + outbox + raw archive, duplicate redelivery ^[[33m 8449^[[2mms^[[22m^[[39m
verify	UNKNOWN STEP	2026-10-06T06:23:01.9890745Z    ^[[33m^[[2m✓^[[22m^[[39m QA03 partial failure, quarantine retry, payload conflict and gap recovery ^[[33m 2944^[[2mms^[[22m^[[39m
verify	UNKNOWN STEP	2026-10-06T06:23:01.9892916Z    ^[[33m^[[2m✓^[[22m^[[39m QA03 archive queue outage and manifest failure converge with stable objects ^[[33m 2898^[[2mms^[[22m^[[39m
verify	UNKNOWN STEP	2026-10-06T06:23:01.9895334Z    ^[[33m^[[2m✓^[[22m^[[39m QA03 business/receipt/outbox transaction rollback then retry ^[[33m 3016^[[2mms^[[22m^[[39m
verify	UNKNOWN STEP	2026-10-06T06:23:01.9897821Z    ^[[33m^[[2m✓^[[22m^[[39m QA03 isolated resources are cleaned even when the scenario throws ^[[33m 5330^[[2mms^[[22m^[[39m
verify	UNKNOWN STEP	2026-10-06T06:23:02.1457375Z Bundling asset DeployTest/ApiFn/Code/Stage...
verify	UNKNOWN STEP	2026-10-06T06:23:06.3659051Z  ^[[32m✓^[[39m apps/admin-web/test/audit-logs.test.tsx ^[[2m(^[[22m^[[2m9 tests^[[22m^[[2m)^[[22m^[[33m 6242^[[2mms^[[22m^[[39m
verify	UNKNOWN STEP	2026-10-06T06:23:06.3695922Z    ^[[33m^[[2m✓^[[22m^[[39m 筛选：actor/Customer/对象/动作/结果/时间全字段回调（时间转 UTC ISO） ^[[33m 3235^[[2mms^[[22m^[[39m
verify	UNKNOWN STEP	2026-10-06T06:23:06.3708259Z    ^[[33m^[[2m✓^[[22m^[[39m 时间范围倒置时失败关闭且不发起筛选 ^[[33m 442^[[2mms^[[22m^[[39m
verify	UNKNOWN STEP	2026-10-06T06:23:06.3735493Z    ^[[33m^[[2m✓^[[22m^[[39m 分页正确：下一页携带 nextCursor ^[[33m 873^[[2mms^[[22m^[[39m
verify	UNKNOWN STEP	2026-10-06T06:23:06.3765295Z    ^[[33m^[[2m✓^[[22m^[[39m 详情：显示脱敏前后值、requestId、原因与 IP/UA ^[[33m 475^[[2mms^[[22m^[[39m
verify	UNKNOWN STEP	2026-10-06T06:23:06.3808278Z    ^[[33m^[[2m✓^[[22m^[[39m 敏感字段不可见：明文 password/privateKey/token 前端兜底脱敏为 [REDACTED] ^[[33m 351^[[2mms^[[22m^[[39m
verify	UNKNOWN STEP	2026-10-06T06:23:06.3835520Z    ^[[33m^[[2m✓^[[22m^[[39m 只读性：页面无编辑/删除/修改入口；API 装配仅 GET ^[[33m 483^[[2mms^[[22m^[[39m
verify	UNKNOWN STEP	2026-10-06T06:23:06.3837508Z    ^[[33m^[[2m✓^[[22m^[[39m Customer 角色无 customerId 筛选；列表 403 → 无权界面 ^[[33m 375^[[2mms^[[22m^[[39m
verify	UNKNOWN STEP	2026-10-06T06:23:06.7833853Z  ^[[32m✓^[[39m packages/domain/test/command.test.ts ^[[2m(^[[22m^[[2m16 tests^[[22m^[[2m)^[[22m^[[32m 23^[[2mms^[[22m^[[39m
verify	UNKNOWN STEP	2026-10-06T06:23:08.2326233Z  ^[[32m✓^[[39m apps/admin-web/test/auth-flow.test.ts ^[[2m(^[[22m^[[2m18 tests^[[22m^[[2m)^[[22m^[[33m 1038^[[2mms^[[22m^[[39m
verify	UNKNOWN STEP	2026-10-06T06:23:08.8056434Z  ^[[32m✓^[[39m infra/test/deployment-config.test.ts ^[[2m(^[[22m^[[2m2 tests^[[22m^[[2m)^[[22m^[[33m 27358^[[2mms^[[22m^[[39m
verify	UNKNOWN STEP	2026-10-06T06:23:08.8058901Z    ^[[33m^[[2m✓^[[22m^[[39m deployment template: unauthed OPTIONS only, fixed origin errors, pinned truststore and private one-shot migration ^[[33m 27346^[[2mms^[[22m^[[39m
verify	UNKNOWN STEP	2026-10-06T06:23:09.0664528Z  ^[[32m✓^[[39m apps/cloud-api/test/csr-onboarding.test.ts ^[[2m(^[[22m^[[2m1 test^[[22m^[[2m)^[[22m^[[33m 5609^[[2mms^[[22m^[[39m
verify	UNKNOWN STEP	2026-10-06T06:23:09.0825953Z      ^[[33m^[[2m✓^[[22m^[[39m 匿名申请、相同公钥幂等、换钥冲突；签名轮询拒绝重放 ^[[33m 632^[[2mms^[[22m^[[39m
verify	UNKNOWN STEP	2026-10-06T06:23:09.2008339Z  ^[[32m✓^[[39m packages/domain/test/license.test.ts ^[[2m(^[[22m^[[2m17 tests^[[22m^[[2m)^[[22m^[[32m 27^[[2mms^[[22m^[[39m
verify	UNKNOWN STEP	2026-10-06T06:23:13.2929309Z  ^[[32m✓^[[39m packages/database/test/db03.test.ts ^[[2m(^[[22m^[[2m10 tests^[[22m^[[2m)^[[22m^[[33m 4472^[[2mms^[[22m^[[39m
verify	UNKNOWN STEP	2026-10-06T06:23:14.2238453Z  ^[[32m✓^[[39m apps/admin-web/test/device-view.test.tsx ^[[2m(^[[22m^[[2m6 tests^[[22m^[[2m)^[[22m^[[33m 1799^[[2mms^[[22m^[[39m
verify	UNKNOWN STEP	2026-10-06T06:23:14.2239595Z    ^[[33m^[[2m✓^[[22m^[[39m 选择设备并应用：四级联动；未选设备禁用应用 ^[[33m 1161^[[2mms^[[22m^[[39m
verify	UNKNOWN STEP	2026-10-06T06:23:15.1353253Z  ^[[32m✓^[[39m apps/cloud-api/test/certificate-status.test.ts ^[[2m(^[[22m^[[2m8 tests^[[22m^[[2m)^[[22m^[[33m 4232^[[2mms^[[22m^[[39m
verify	UNKNOWN STEP	2026-10-06T06:23:19.9166483Z  ^[[32m✓^[[39m apps/cloud-api/test/admin-replay.test.ts ^[[2m(^[[22m^[[2m5 tests^[[22m^[[2m)^[[22m^[[33m 4654^[[2mms^[[22m^[[39m
verify	UNKNOWN STEP	2026-10-06T06:23:19.9206341Z      ^[[33m^[[2m✓^[[22m^[[39m PlatformOperator 创建成功：201 + scope 落库 + 创建审计 ^[[33m 302^[[2mms^[[22m^[[39m
verify	UNKNOWN STEP	2026-10-06T06:23:21.0166573Z  ^[[32m✓^[[39m apps/ingestion-worker/test/rotation-confirmation.test.ts ^[[2m(^[[22m^[[2m8 tests^[[22m^[[2m)^[[22m^[[33m 5279^[[2mms^[[22m^[[39m
verify	UNKNOWN STEP	2026-10-06T06:23:21.0276651Z      ^[[33m^[[2m✓^[[22m^[[39m MQTT first: old certificate remains valid until REST, then durable AWS intent and admin completion ^[[33m 438^[[2mms^[[22m^[[39m
verify	UNKNOWN STEP	2026-10-06T06:23:22.5897941Z  ^[[32m✓^[[39m apps/admin-web/test/onboarding.test.tsx ^[[2m(^[[22m^[[2m11 tests^[[22m^[[2m)^[[22m^[[33m 6249^[[2mms^[[22m^[[39m
verify	UNKNOWN STEP	2026-10-06T06:23:22.5923180Z    ^[[33m^[[2m✓^[[22m^[[39m 列表与状态筛选：PENDING/APPROVED/REJECTED/TIMED_OUT 标签与状态列 ^[[33m 1387^[[2mms^[[22m^[[39m
verify	UNKNOWN STEP	2026-10-06T06:23:22.5956154Z    ^[[33m^[[2m✓^[[22m^[[39m 详情：设备资料与申请信息完整；REJECTED 显示拒绝原因 ^[[33m 336^[[2mms^[[22m^[[39m
verify	UNKNOWN STEP	2026-10-06T06:23:22.5975540Z    ^[[33m^[[2m✓^[[22m^[[39m 批准：确认后提交并跳转设备详情（携带序列号，不伪造设备记录） ^[[33m 637^[[2mms^[[22m^[[39m
verify	UNKNOWN STEP	2026-10-06T06:23:22.5985094Z    ^[[33m^[[2m✓^[[22m^[[39m 拒绝：原因必填；提交后刷新列表 ^[[33m 1450^[[2mms^[[22m^[[39m
verify	UNKNOWN STEP	2026-10-06T06:23:22.5997763Z    ^[[33m^[[2m✓^[[22m^[[39m 重复点击不会重复审批：在途期间后续提交被忽略 ^[[33m 789^[[2mms^[[22m^[[39m
verify	UNKNOWN STEP	2026-10-06T06:23:22.6002548Z    ^[[33m^[[2m✓^[[22m^[[39m 并发审批冲突：409 VERSION_CONFLICT 显示刷新提示 ^[[33m 791^[[2mms^[[22m^[[39m
verify	UNKNOWN STEP	2026-10-06T06:23:26.4776512Z  ^[[32m✓^[[39m apps/cloud-api/test/admin-certificate-rotation.test.ts ^[[2m(^[[22m^[[2m4 tests^[[22m^[[2m)^[[22m^[[33m 4423^[[2mms^[[22m^[[39m
verify	UNKNOWN STEP	2026-10-06T06:23:26.6608920Z  ^[[32m✓^[[39m apps/admin-web/test/i18n.test.tsx ^[[2m(^[[22m^[[2m7 tests^[[22m^[[2m)^[[22m^[[33m 3953^[[2mms^[[22m^[[39m
verify	UNKNOWN STEP	2026-10-06T06:23:26.6635767Z    ^[[33m^[[2m✓^[[22m^[[39m 切换语言：菜单/面包屑/共享组件文案即时完整更新；localStorage 与 <html lang> 同步 ^[[33m 2439^[[2mms^[[22m^[[39m
verify	UNKNOWN STEP	2026-10-06T06:23:26.6666729Z    ^[[33m^[[2m✓^[[22m^[[39m 刷新/重新登录后语言保持：重新挂载读取持久化值 ^[[33m 1414^[[2mms^[[22m^[[39m
verify	UNKNOWN STEP	2026-10-06T06:23:27.2291254Z  ^[[32m✓^[[39m infra/test/deployment-governance.test.ts ^[[2m(^[[22m^[[2m2 tests^[[22m^[[2m)^[[22m^[[32m 11^[[2mms^[[22m^[[39m
verify	UNKNOWN STEP	2026-10-06T06:23:32.3894660Z  ^[[32m✓^[[39m apps/cloud-api/test/device-retirement-timeout.test.ts ^[[2m(^[[22m^[[2m5 tests^[[22m^[[2m)^[[22m^[[33m 4251^[[2mms^[[22m^[[39m
verify	UNKNOWN STEP	2026-10-06T06:23:32.3929794Z      ^[[33m^[[2m✓^[[22m^[[39m 72 小时前不处理；精确边界完成、撤证并记录稳定审计 ^[[33m 344^[[2mms^[[22m^[[39m
verify	UNKNOWN STEP	2026-10-06T06:23:32.6908607Z  ^[[32m✓^[[39m packages/domain/test/contract.test.ts ^[[2m(^[[22m^[[2m9 tests^[[22m^[[2m)^[[22m^[[32m 12^[[2mms^[[22m^[[39m
verify	UNKNOWN STEP	2026-10-06T06:23:32.9698999Z  ^[[32m✓^[[39m apps/admin-web/test/shell.test.tsx ^[[2m(^[[22m^[[2m8 tests^[[22m^[[2m)^[[22m^[[33m 3902^[[2mms^[[22m^[[39m
verify	UNKNOWN STEP	2026-10-06T06:23:32.9701568Z    ^[[33m^[[2m✓^[[22m^[[39m 菜单按角色过滤：PlatformSuperAdmin 见全部 17 项；CustomerViewer 不见受限项 ^[[33m 2551^[[2mms^[[22m^[[39m
verify	UNKNOWN STEP	2026-10-06T06:23:32.9703148Z    ^[[33m^[[2m✓^[[22m^[[39m 菜单展开/路由/面包屑一致：当前页 aria-current，面包屑含分组与页面 ^[[33m 504^[[2mms^[[22m^[[39m
verify	UNKNOWN STEP	2026-10-06T06:23:32.9705013Z  ^[[32m✓^[[39m apps/admin-web/test/session-manager.test.ts ^[[2m(^[[22m^[[2m10 tests^[[22m^[[2m)^[[22m^[[32m 14^[[2mms^[[22m^[[39m
verify	UNKNOWN STEP	2026-10-06T06:23:33.3786615Z  ^[[32m✓^[[39m apps/cloud-api/test/device-lambda-composition.test.ts ^[[2m(^[[22m^[[2m13 tests^[[22m^[[2m)^[[22m^[[32m 23^[[2mms^[[22m^[[39m
verify	UNKNOWN STEP	2026-10-06T06:23:34.1413977Z  ^[[32m✓^[[39m apps/cloud-api/test/admin-p1-strict-request.test.ts ^[[2m(^[[22m^[[2m2 tests^[[22m^[[2m)^[[22m^[[32m 42^[[2mms^[[22m^[[39m
verify	UNKNOWN STEP	2026-10-06T06:23:35.0318019Z  ^[[32m✓^[[39m apps/admin-web/test/sites.test.tsx ^[[2m(^[[22m^[[2m7 tests^[[22m^[[2m)^[[22m^[[33m 9425^[[2mms^[[22m^[[39m
verify	UNKNOWN STEP	2026-10-06T06:23:35.0335603Z    ^[[33m^[[2m✓^[[22m^[[39m 列表：Region/Subregion/时区/联系人/设备数/状态列完整；筛选可变更 ^[[33m 1427^[[2mms^[[22m^[[39m
verify	UNKNOWN STEP	2026-10-06T06:23:35.0336739Z    ^[[33m^[[2m✓^[[22m^[[39m 详情：地址/时区/联系人/设备数完整展示 ^[[33m 435^[[2mms^[[22m^[[39m
verify	UNKNOWN STEP	2026-10-06T06:23:35.0337656Z    ^[[33m^[[2m✓^[[22m^[[39m 创建：非法时区客户端拦截不提交；合法输入提交成功 ^[[33m 3078^[[2mms^[[22m^[[39m
verify	UNKNOWN STEP	2026-10-06T06:23:35.0338668Z    ^[[33m^[[2m✓^[[22m^[[39m 编辑：customerId 不可变（只读展示）；提交携带当前 version ^[[33m 1849^[[2mms^[[22m^[[39m
verify	UNKNOWN STEP	2026-10-06T06:23:35.0339830Z    ^[[33m^[[2m✓^[[22m^[[39m 停用：展示关联设备数提示；原因必填；409 版本冲突提示刷新 ^[[33m 2477^[[2mms^[[22m^[[39m
verify	UNKNOWN STEP	2026-10-06T06:23:35.4443463Z  ^[[32m✓^[[39m apps/admin-web/test/guard-menu.test.ts ^[[2m(^[[22m^[[2m13 tests^[[22m^[[2m)^[[22m^[[32m 12^[[2mms^[[22m^[[39m
verify	UNKNOWN STEP	2026-10-06T06:23:35.5541230Z Bundling asset Qa09Perf/IngestionFn/Code/Stage...
verify	UNKNOWN STEP	2026-10-06T06:23:35.7009478Z  ^[[32m✓^[[39m packages/aws-clients/test/iot-device-policy.test.ts ^[[2m(^[[22m^[[2m12 tests^[[22m^[[2m)^[[22m^[[32m 16^[[2mms^[[22m^[[39m
verify	UNKNOWN STEP	2026-10-06T06:23:36.0408799Z  ^[[32m✓^[[39m apps/admin-web/test/http-client.test.ts ^[[2m(^[[22m^[[2m7 tests^[[22m^[[2m)^[[22m^[[32m 15^[[2mms^[[22m^[[39m
verify	UNKNOWN STEP	2026-10-06T06:23:36.7775881Z  ^[[32m✓^[[39m packages/database/test/observed-pg.test.ts ^[[2m(^[[22m^[[2m4 tests^[[22m^[[2m)^[[22m^[[32m 242^[[2mms^[[22m^[[39m
verify	UNKNOWN STEP	2026-10-06T06:23:36.8598338Z Bundling asset Qa09Perf/ArchiveFn/Code/Stage...
verify	UNKNOWN STEP	2026-10-06T06:23:37.4644758Z Bundling asset Qa09Perf/OutboxPublisherFn/Code/Stage...
verify	UNKNOWN STEP	2026-10-06T06:23:38.5987314Z Bundling asset Qa09Perf/NotificationPublisherFn/Code/Stage...
verify	UNKNOWN STEP	2026-10-06T06:23:39.8807061Z Bundling asset Qa09Perf/SummaryFn/Code/Stage...
verify	UNKNOWN STEP	2026-10-06T06:23:40.8577735Z  ^[[32m✓^[[39m apps/admin-web/test/device-groups.test.tsx ^[[2m(^[[22m^[[2m6 tests^[[22m^[[2m)^[[22m^[[33m 5076^[[2mms^[[22m^[[39m
verify	UNKNOWN STEP	2026-10-06T06:23:40.8635871Z    ^[[33m^[[2m✓^[[22m^[[39m 列表字段覆盖矩阵：序号/区域/子区域/ID/别名/合约/租期/固件/四轴/操作 ^[[33m 1600^[[2mms^[[22m^[[39m
verify	UNKNOWN STEP	2026-10-06T06:23:40.8665648Z    ^[[33m^[[2m✓^[[22m^[[39m 缺失值显示“—”（无合约/无别名/无固件/无站点） ^[[33m 423^[[2mms^[[22m^[[39m
verify	UNKNOWN STEP	2026-10-06T06:23:40.8695509Z    ^[[33m^[[2m✓^[[22m^[[39m 筛选：搜索应用草稿（关键字+四轴+授权），重置清空 ^[[33m 1363^[[2mms^[[22m^[[39m
verify	UNKNOWN STEP	2026-10-06T06:23:40.8730091Z    ^[[33m^[[2m✓^[[22m^[[39m Region/Subregion/Site 联动筛选进入查询条件 ^[[33m 960^[[2mms^[[22m^[[39m
verify	UNKNOWN STEP	2026-10-06T06:23:40.8731666Z    ^[[33m^[[2m✓^[[22m^[[39m 操作列“管理”跳转设备管理详情（状态操作由 FE-07 提供） ^[[33m 504^[[2mms^[[22m^[[39m
verify	UNKNOWN STEP	2026-10-06T06:23:40.8801576Z Bundling asset Qa09Perf/ReplayTriggerPublisherFn/Code/Stage...
verify	UNKNOWN STEP	2026-10-06T06:23:41.6255946Z  ^[[32m✓^[[39m apps/ingestion-worker/test/ota-status-ack.test.ts ^[[2m(^[[22m^[[2m3 tests^[[22m^[[2m)^[[22m^[[33m 4248^[[2mms^[[22m^[[39m
verify	UNKNOWN STEP	2026-10-06T06:23:41.6323045Z      ^[[33m^[[2m✓^[[22m^[[39m 按冻结状态机完成下载、安装、成功；历史和审计同事务落库 ^[[33m 425^[[2mms^[[22m^[[39m
verify	UNKNOWN STEP	2026-10-06T06:23:42.0078019Z Bundling asset Qa09Perf/ReplayFn/Code/Stage...
verify	UNKNOWN STEP	2026-10-06T06:23:43.1307418Z Bundling asset Qa09Perf/CertPackageSweeperFn/Code/Stage...
verify	UNKNOWN STEP	2026-10-06T06:23:44.4138491Z Bundling asset Qa09Perf/OnboardingDeadlineFn/Code/Stage...
verify	UNKNOWN STEP	2026-10-06T06:23:45.4425818Z Bundling asset Qa09Perf/RetirementTimeoutFn/Code/Stage...
verify	UNKNOWN STEP	2026-10-06T06:23:46.0480983Z  ^[[32m✓^[[39m apps/cloud-api/test/provisioning-worker.test.ts ^[[2m(^[[22m^[[2m4 tests^[[22m^[[2m)^[[22m^[[33m 4014^[[2mms^[[22m^[[39m
verify	UNKNOWN STEP	2026-10-06T06:23:46.6065526Z Bundling asset Qa09Perf/ActivityExportFn/Code/Stage...
verify	UNKNOWN STEP	2026-10-06T06:23:47.4056308Z Bundling asset Qa09Perf/EsgExportFn/Code/Stage...
verify	UNKNOWN STEP	2026-10-06T06:23:48.3476304Z Bundling asset Qa09Perf/CommandPublisherFn/Code/Stage...
verify	UNKNOWN STEP	2026-10-06T06:23:49.3495766Z Bundling asset Qa09Perf/CommandTimeoutFn/Code/Stage...
verify	UNKNOWN STEP	2026-10-06T06:23:50.2758036Z Bundling asset Qa09Perf/OtaDispatcherFn/Code/Stage...
verify	UNKNOWN STEP	2026-10-06T06:23:51.1629902Z Bundling asset Qa09Perf/OnboardingApiFn/Code/Stage...
verify	UNKNOWN STEP	2026-10-06T06:23:52.1686081Z Bundling asset Qa09Perf/OnboardingProvisioningFn/Code/Stage...
verify	UNKNOWN STEP	2026-10-06T06:23:52.2896291Z  ^[[32m✓^[[39m apps/admin-web/test/app-smoke.test.tsx ^[[2m(^[[22m^[[2m10 tests^[[22m^[[2m)^[[22m^[[33m 3314^[[2mms^[[22m^[[39m
verify	UNKNOWN STEP	2026-10-06T06:23:52.2897213Z      ^[[33m^[[2m✓^[[22m^[[39m 未登录访问根路径会进入登录页，并在登录后返回 dashboard ^[[33m 647^[[2mms^[[22m^[[39m
verify	UNKNOWN STEP	2026-10-06T06:23:52.2897895Z      ^[[33m^[[2m✓^[[22m^[[39m 正式组合根读取持久化语言并将 FE-16 页面切换为英文 ^[[33m 463^[[2mms^[[22m^[[39m
verify	UNKNOWN STEP	2026-10-06T06:23:52.2898495Z      ^[[33m^[[2m✓^[[22m^[[39m 当前业务页面和打开的表单即时切换语言，同时保留未保存输入且不重新请求 ^[[33m 1190^[[2mms^[[22m^[[39m
verify	UNKNOWN STEP	2026-10-06T06:23:53.1959080Z Bundling asset Qa09Perf/DeviceApiFn/Code/Stage...
verify	UNKNOWN STEP	2026-10-06T06:23:53.3738919Z  ^[[32m✓^[[39m packages/aws-clients/test/project-ca-certificate-issuer.test.ts ^[[2m(^[[22m^[[2m3 tests^[[22m^[[2m)^[[22m^[[33m 813^[[2mms^[[22m^[[39m
verify	UNKNOWN STEP	2026-10-06T06:23:53.3740948Z      ^[[33m^[[2m✓^[[22m^[[39m 拒绝不匹配 CA 私钥及弱 CSR 签名 ^[[33m 356^[[2mms^[[22m^[[39m
verify	UNKNOWN STEP	2026-10-06T06:23:53.6232935Z  ^[[32m✓^[[39m packages/observability/test/data-path.test.ts ^[[2m(^[[22m^[[2m6 tests^[[22m^[[2m)^[[22m^[[32m 12^[[2mms^[[22m^[[39m
verify	UNKNOWN STEP	2026-10-06T06:23:53.9488489Z  ^[[32m✓^[[39m packages/domain/test/consumable.test.ts ^[[2m(^[[22m^[[2m9 tests^[[22m^[[2m)^[[22m^[[32m 13^[[2mms^[[22m^[[39m
verify	UNKNOWN STEP	2026-10-06T06:23:54.1406834Z Bundling asset Qa09Perf/ApiFn/Code/Stage...
verify	UNKNOWN STEP	2026-10-06T06:23:54.2533801Z  ^[[32m✓^[[39m apps/admin-web/test/customers.test.tsx ^[[2m(^[[22m^[[2m6 tests^[[22m^[[2m)^[[22m^[[33m 9403^[[2mms^[[22m^[[39m
verify	UNKNOWN STEP	2026-10-06T06:23:54.2537564Z    ^[[33m^[[2m✓^[[22m^[[39m 列表与状态筛选；详情展示版本相关字段 ^[[33m 1494^[[2mms^[[22m^[[39m
verify	UNKNOWN STEP	2026-10-06T06:23:54.2539634Z    ^[[33m^[[2m✓^[[22m^[[39m 创建：名称为空禁用；提交成功后刷新 ^[[33m 1326^[[2mms^[[22m^[[39m
verify	UNKNOWN STEP	2026-10-06T06:23:54.2541064Z    ^[[33m^[[2m✓^[[22m^[[39m 编辑：携带当前 version（If-Match 乐观锁） ^[[33m 1623^[[2mms^[[22m^[[39m
verify	UNKNOWN STEP	2026-10-06T06:23:54.2542335Z    ^[[33m^[[2m✓^[[22m^[[39m 停用：原因必填（写审计）；成功后刷新 ^[[33m 1889^[[2mms^[[22m^[[39m
verify	UNKNOWN STEP	2026-10-06T06:23:54.2543699Z    ^[[33m^[[2m✓^[[22m^[[39m 并发冲突：409 VERSION_CONFLICT 提示刷新；409 CONFLICT 展示后端原因 ^[[33m 2934^[[2mms^[[22m^[[39m
verify	UNKNOWN STEP	2026-10-06T06:23:54.5167239Z  ^[[32m✓^[[39m apps/admin-web/test/srp.test.ts ^[[2m(^[[22m^[[2m7 tests^[[22m^[[2m)^[[22m^[[33m 324^[[2mms^[[22m^[[39m
verify	UNKNOWN STEP	2026-10-06T06:23:54.8534660Z  ^[[32m✓^[[39m packages/domain/test/configuration.test.ts ^[[2m(^[[22m^[[2m8 tests^[[22m^[[2m)^[[22m^[[32m 10^[[2mms^[[22m^[[39m
verify	UNKNOWN STEP	2026-10-06T06:23:54.8664463Z  ^[[32m✓^[[39m packages/auth/test/cognito.test.ts ^[[2m(^[[22m^[[2m14 tests^[[22m^[[2m)^[[22m^[[32m 161^[[2mms^[[22m^[[39m
verify	UNKNOWN STEP	2026-10-06T06:23:55.3217382Z  ^[[32m✓^[[39m packages/auth/test/guard.test.ts ^[[2m(^[[22m^[[2m10 tests^[[22m^[[2m)^[[22m^[[32m 14^[[2mms^[[22m^[[39m
verify	UNKNOWN STEP	2026-10-06T06:23:55.5894404Z  ^[[32m✓^[[39m apps/ingestion-worker/test/replay-runtime.test.ts ^[[2m(^[[22m^[[2m4 tests^[[22m^[[2m)^[[22m^[[32m 14^[[2mms^[[22m^[[39m
verify	UNKNOWN STEP	2026-10-06T06:23:56.8428011Z  ^[[32m✓^[[39m apps/cloud-api/test/admin-cus-dev-strict-contract.test.ts ^[[2m(^[[22m^[[2m2 tests^[[22m^[[2m)^[[22m^[[32m 109^[[2mms^[[22m^[[39m
verify	UNKNOWN STEP	2026-10-06T06:23:56.9606924Z ^[[90mstdout^[[2m | apps/cloud-api/test/admin-cors.test.ts^[[2m > ^[[22m^[[2mactual Lambda entry returns preflight without DB Secret or Cognito configuration
verify	UNKNOWN STEP	2026-10-06T06:23:56.9638788Z ^[[22m^[[39m{"event":"admin.request.completed","gatewayRequestId":"unknown","gatewayExtendedRequestId":"unknown","lambdaRequestId":"unknown","operationId":"unknown","status":204,"elapsedMs":1}
verify	UNKNOWN STEP	2026-10-06T06:23:56.9664612Z 
verify	UNKNOWN STEP	2026-10-06T06:23:56.9729598Z  ^[[32m✓^[[39m apps/cloud-api/test/admin-cors.test.ts ^[[2m(^[[22m^[[2m6 tests^[[22m^[[2m)^[[22m^[[33m 1111^[[2mms^[[22m^[[39m
verify	UNKNOWN STEP	2026-10-06T06:23:56.9732150Z    ^[[33m^[[2m✓^[[22m^[[39m actual Lambda entry returns preflight without DB Secret or Cognito configuration ^[[33m 1101^[[2mms^[[22m^[[39m
verify	UNKNOWN STEP	2026-10-06T06:23:57.2931222Z  ^[[32m✓^[[39m packages/aws-clients/test/cognito-admin.test.ts ^[[2m(^[[22m^[[2m3 tests^[[22m^[[2m)^[[22m^[[32m 24^[[2mms^[[22m^[[39m
verify	UNKNOWN STEP	2026-10-06T06:23:57.9596180Z  ^[[32m✓^[[39m packages/auth/test/permission-matrix.test.ts ^[[2m(^[[22m^[[2m8 tests^[[22m^[[2m)^[[22m^[[32m 23^[[2mms^[[22m^[[39m
verify	UNKNOWN STEP	2026-10-06T06:23:58.2474639Z  ^[[32m✓^[[39m packages/observability/test/redaction.test.ts ^[[2m(^[[22m^[[2m8 tests^[[22m^[[2m)^[[22m^[[32m 7^[[2mms^[[22m^[[39m
verify	UNKNOWN STEP	2026-10-06T06:23:59.1284398Z Bundling asset TestStack/IngestionFn/Code/Stage...
verify	UNKNOWN STEP	2026-10-06T06:23:59.7736258Z  ^[[32m✓^[[39m infra/test/qa09-performance.test.ts ^[[2m(^[[22m^[[2m3 tests^[[22m^[[2m)^[[22m^[[33m 24380^[[2mms^[[22m^[[39m
verify	UNKNOWN STEP	2026-10-06T06:23:59.7790180Z    ^[[33m^[[2m✓^[[22m^[[39m observability and immediate queue synth retain narrow logs and hard DB budgets ^[[33m 24369^[[2mms^[[22m^[[39m
verify	UNKNOWN STEP	2026-10-06T06:24:00.0261346Z  ^[[32m✓^[[39m apps/cloud-api/test/device-onboarding-lambda.test.ts ^[[2m(^[[22m^[[2m4 tests^[[22m^[[2m)^[[22m^[[32m 7^[[2mms^[[22m^[[39m
verify	UNKNOWN STEP	2026-10-06T06:24:00.2056958Z  ^[[32m✓^[[39m apps/cloud-api/test/qa02-device-errors.test.ts ^[[2m(^[[22m^[[2m6 tests^[[22m^[[2m)^[[22m^[[32m 157^[[2mms^[[22m^[[39m
verify	UNKNOWN STEP	2026-10-06T06:24:00.3465765Z Bundling asset TestStack/ArchiveFn/Code/Stage...
verify	UNKNOWN STEP	2026-10-06T06:24:00.4268832Z  ^[[32m✓^[[39m packages/aws-clients/test/ota-firmware.test.ts ^[[2m(^[[22m^[[2m2 tests^[[22m^[[2m)^[[22m^[[32m 8^[[2mms^[[22m^[[39m
verify	UNKNOWN STEP	2026-10-06T06:24:00.6084643Z  ^[[32m✓^[[39m packages/aws-clients/test/iot-provisioning-client.test.ts ^[[2m(^[[22m^[[2m2 tests^[[22m^[[2m)^[[22m^[[32m 10^[[2mms^[[22m^[[39m
verify	UNKNOWN STEP	2026-10-06T06:24:01.0007684Z  ^[[32m✓^[[39m apps/ingestion-worker/test/certificate-package-sweeper.test.ts ^[[2m(^[[22m^[[2m4 tests^[[22m^[[2m)^[[22m^[[32m 12^[[2mms^[[22m^[[39m
verify	UNKNOWN STEP	2026-10-06T06:24:01.0082754Z Bundling asset TestStack/OutboxPublisherFn/Code/Stage...
verify	UNKNOWN STEP	2026-10-06T06:24:01.8877013Z  ^[[32m✓^[[39m apps/cloud-api/test/device-user-verifier.test.ts ^[[2m(^[[22m^[[2m7 tests^[[22m^[[2m)^[[22m^[[33m 360^[[2mms^[[22m^[[39m
verify	UNKNOWN STEP	2026-10-06T06:24:01.9470157Z Bundling asset TestStack/NotificationPublisherFn/Code/Stage...
verify	UNKNOWN STEP	2026-10-06T06:24:02.0238940Z  ^[[32m✓^[[39m apps/cloud-api/test/onboarding-contract-parity.test.ts ^[[2m(^[[22m^[[2m3 tests^[[22m^[[2m)^[[22m^[[32m 8^[[2mms^[[22m^[[39m
verify	UNKNOWN STEP	2026-10-06T06:24:02.6417359Z  ^[[32m✓^[[39m packages/auth/test/qa06-jwt-security.test.ts ^[[2m(^[[22m^[[2m1 test^[[22m^[[2m)^[[22m^[[32m 128^[[2mms^[[22m^[[39m
verify	UNKNOWN STEP	2026-10-06T06:24:02.9131651Z Bundling asset TestStack/SummaryFn/Code/Stage...
verify	UNKNOWN STEP	2026-10-06T06:24:02.9926115Z  ^[[32m✓^[[39m packages/aws-clients/test/kms-data-key-provider.test.ts ^[[2m(^[[22m^[[2m3 tests^[[22m^[[2m)^[[22m^[[32m 28^[[2mms^[[22m^[[39m
verify	UNKNOWN STEP	2026-10-06T06:24:03.3742553Z  ^[[32m✓^[[39m packages/aws-clients/test/s3-media-url-signer.test.ts ^[[2m(^[[22m^[[2m2 tests^[[22m^[[2m)^[[22m^[[32m 10^[[2mms^[[22m^[[39m
verify	UNKNOWN STEP	2026-10-06T06:24:03.5927143Z  ^[[32m✓^[[39m packages/database/test/transaction-observation.test.ts ^[[2m(^[[22m^[[2m5 tests^[[22m^[[2m)^[[22m^[[32m 10^[[2mms^[[22m^[[39m
verify	UNKNOWN STEP	2026-10-06T06:24:03.9729431Z Bundling asset TestStack/ReplayTriggerPublisherFn/Code/Stage...
verify	UNKNOWN STEP	2026-10-06T06:24:04.4531669Z  ^[[32m✓^[[39m apps/cloud-api/test/admin-onboarding-parity.test.ts ^[[2m(^[[22m^[[2m3 tests^[[22m^[[2m)^[[22m^[[32m 5^[[2mms^[[22m^[[39m
verify	UNKNOWN STEP	2026-10-06T06:24:04.7632691Z  ^[[32m✓^[[39m apps/admin-web/test/onboarding-network-security.test.ts ^[[2m(^[[22m^[[2m2 tests^[[22m^[[2m)^[[22m^[[32m 14^[[2mms^[[22m^[[39m
verify	UNKNOWN STEP	2026-10-06T06:24:05.0587595Z Bundling asset TestStack/ReplayFn/Code/Stage...
verify	UNKNOWN STEP	2026-10-06T06:24:05.9203175Z  ^[[32m✓^[[39m apps/admin-web/test/app-foundation.test.ts ^[[2m(^[[22m^[[2m3 tests^[[22m^[[2m)^[[22m^[[32m 10^[[2mms^[[22m^[[39m
verify	UNKNOWN STEP	2026-10-06T06:24:06.1224244Z Bundling asset TestStack/CertPackageSweeperFn/Code/Stage...
verify	UNKNOWN STEP	2026-10-06T06:24:06.5034289Z  ^[[32m✓^[[39m apps/admin-web/test/login-page.test.tsx ^[[2m(^[[22m^[[2m2 tests^[[22m^[[2m)^[[22m^[[33m 2188^[[2mms^[[22m^[[39m
verify	UNKNOWN STEP	2026-10-06T06:24:06.5037126Z    ^[[33m^[[2m✓^[[22m^[[39m 临时密码登录后突出显示首次登录改密说明与明确提交动作 ^[[33m 1400^[[2mms^[[22m^[[39m
verify	UNKNOWN STEP	2026-10-06T06:24:06.5038296Z    ^[[33m^[[2m✓^[[22m^[[39m 设置新密码失败时显示具体规则且不暴露身份服务英文错误 ^[[33m 785^[[2mms^[[22m^[[39m
verify	UNKNOWN STEP	2026-10-06T06:24:06.7548656Z  ^[[32m✓^[[39m apps/ingestion-worker/test/archive-drain.test.ts ^[[2m(^[[22m^[[2m3 tests^[[22m^[[2m)^[[22m^[[32m 6^[[2mms^[[22m^[[39m
verify	UNKNOWN STEP	2026-10-06T06:24:07.1925719Z Bundling asset TestStack/OnboardingDeadlineFn/Code/Stage...
verify	UNKNOWN STEP	2026-10-06T06:24:07.2305106Z  ^[[32m✓^[[39m apps/cloud-api/test/retirement-timeout-lambda.test.ts ^[[2m(^[[22m^[[2m2 tests^[[22m^[[2m)^[[22m^[[32m 5^[[2mms^[[22m^[[39m
verify	UNKNOWN STEP	2026-10-06T06:24:08.3774758Z Bundling asset TestStack/RetirementTimeoutFn/Code/Stage...
verify	UNKNOWN STEP	2026-10-06T06:24:09.7986161Z Bundling asset TestStack/ActivityExportFn/Code/Stage...
verify	UNKNOWN STEP	2026-10-06T06:24:10.2744571Z  ^[[32m✓^[[39m apps/admin-web/test/ui-controls.test.tsx ^[[2m(^[[22m^[[2m2 tests^[[22m^[[2m)^[[22m^[[33m 1894^[[2mms^[[22m^[[39m
verify	UNKNOWN STEP	2026-10-06T06:24:10.2767648Z    ^[[33m^[[2m✓^[[22m^[[39m Library controls preserve native form submission and required validation ^[[33m 1770^[[2mms^[[22m^[[39m
verify	UNKNOWN STEP	2026-10-06T06:24:10.3339489Z  ^[[32m✓^[[39m infra/test/admin-bootstrap-execution-stack.test.ts ^[[2m(^[[22m^[[2m2 tests^[[22m^[[2m)^[[22m^[[33m 2421^[[2mms^[[22m^[[39m
verify	UNKNOWN STEP	2026-10-06T06:24:10.3395118Z    ^[[33m^[[2m✓^[[22m^[[39m admin bootstrap execution binds exact source, email and confirmation to one project ^[[33m 2407^[[2mms^[[22m^[[39m
verify	UNKNOWN STEP	2026-10-06T06:24:10.8957403Z ^[[90mstderr^[[2m | apps/ingestion-worker/test/archive-runtime.test.ts^[[2m > ^[[22m^[[2mArchive SQS runtime^[[2m > ^[[22m^[[2m非法记录与业务拒绝记录进入 partial batch failure，合法记录仍处理
verify	UNKNOWN STEP	2026-10-06T06:24:10.8980096Z ^[[22m^[[39marchive validation rejected {
verify	UNKNOWN STEP	2026-10-06T06:24:10.9015521Z   kind: ^[[32m'archive.validation_rejected'^[[39m,
verify	UNKNOWN STEP	2026-10-06T06:24:10.9017055Z  ^[[32m✓^[[39m apps/ingestion-worker/test/archive-runtime.test.ts ^[[2m(^[[22m^[[2m2 tests^[[22m^[[2m)^[[22m^[[32m 10^[[2mms^[[22m^[[39m
verify	UNKNOWN STEP	2026-10-06T06:24:10.9041060Z   messageId: ^[[32m'sqs-invalid'^[[39m,
verify	UNKNOWN STEP	2026-10-06T06:24:10.9041596Z   eventId: ^[[1mnull^[[22m,
verify	UNKNOWN STEP	2026-10-06T06:24:10.9042055Z   errorPath: ^[[32m'$'^[[39m,
verify	UNKNOWN STEP	2026-10-06T06:24:10.9042899Z   reason: ^[[32m"Expected property name or '}' in JSON at position 1 (line 1 column 2)"^[[39m,
verify	UNKNOWN STEP	2026-10-06T06:24:10.9044613Z   rawBody: ^[[32m'{bad-json'^[[39m
verify	UNKNOWN STEP	2026-10-06T06:24:10.9045035Z }
verify	UNKNOWN STEP	2026-10-06T06:24:10.9045211Z 
verify	UNKNOWN STEP	2026-10-06T06:24:10.9097395Z  ^[[32m✓^[[39m packages/auth/test/rate-limit.test.ts ^[[2m(^[[22m^[[2m3 tests^[[22m^[[2m)^[[22m^[[32m 8^[[2mms^[[22m^[[39m
verify	UNKNOWN STEP	2026-10-06T06:24:10.9980421Z Bundling asset TestStack/EsgExportFn/Code/Stage...
verify	UNKNOWN STEP	2026-10-06T06:24:11.1445434Z  ^[[32m✓^[[39m packages/observability/test/request-correlation.test.ts ^[[2m(^[[22m^[[2m2 tests^[[22m^[[2m)^[[22m^[[32m 9^[[2mms^[[22m^[[39m
verify	UNKNOWN STEP	2026-10-06T06:24:11.5933095Z  ^[[32m✓^[[39m packages/aws-clients/test/s3-activity-export.test.ts ^[[2m(^[[22m^[[2m1 test^[[22m^[[2m)^[[22m^[[32m 14^[[2mms^[[22m^[[39m
verify	UNKNOWN STEP	2026-10-06T06:24:11.9955709Z Bundling asset TestStack/CommandPublisherFn/Code/Stage...
verify	UNKNOWN STEP	2026-10-06T06:24:12.1475009Z  ^[[32m✓^[[39m apps/admin-web/test/locale-value.test.tsx ^[[2m(^[[22m^[[2m2 tests^[[22m^[[2m)^[[22m^[[32m 81^[[2mms^[[22m^[[39m
verify	UNKNOWN STEP	2026-10-06T06:24:12.2516422Z  ^[[32m✓^[[39m packages/aws-clients/test/s3-media-object-storage.test.ts ^[[2m(^[[22m^[[2m2 tests^[[22m^[[2m)^[[22m^[[32m 10^[[2mms^[[22m^[[39m
verify	UNKNOWN STEP	2026-10-06T06:24:12.6980350Z  ^[[32m✓^[[39m packages/auth/test/contract-parity.test.ts ^[[2m(^[[22m^[[2m2 tests^[[22m^[[2m)^[[22m^[[32m 5^[[2mms^[[22m^[[39m
verify	UNKNOWN STEP	2026-10-06T06:24:13.0473902Z Bundling asset TestStack/CommandTimeoutFn/Code/Stage...
verify	UNKNOWN STEP	2026-10-06T06:24:13.1095484Z  ^[[32m✓^[[39m packages/aws-clients/test/s3-archive-store.test.ts ^[[2m(^[[22m^[[2m1 test^[[22m^[[2m)^[[22m^[[32m 14^[[2mms^[[22m^[[39m
verify	UNKNOWN STEP	2026-10-06T06:24:13.5586261Z  ^[[32m✓^[[39m packages/aws-clients/test/database-secret.test.ts ^[[2m(^[[22m^[[2m2 tests^[[22m^[[2m)^[[22m^[[32m 24^[[2mms^[[22m^[[39m
verify	UNKNOWN STEP	2026-10-06T06:24:13.9073081Z  ^[[32m✓^[[39m infra/test/template-security.test.ts ^[[2m(^[[22m^[[2m4 tests^[[22m^[[2m)^[[22m^[[32m 6^[[2mms^[[22m^[[39m
verify	UNKNOWN STEP	2026-10-06T06:24:14.1437061Z Bundling asset TestStack/OtaDispatcherFn/Code/Stage...
verify	UNKNOWN STEP	2026-10-06T06:24:14.1952751Z  ^[[32m✓^[[39m packages/aws-clients/test/topic-parity.test.ts ^[[2m(^[[22m^[[2m1 test^[[22m^[[2m)^[[22m^[[32m 6^[[2mms^[[22m^[[39m
verify	UNKNOWN STEP	2026-10-06T06:24:14.7066312Z  ^[[32m✓^[[39m infra/test/topic-catalog-parity.test.ts ^[[2m(^[[22m^[[2m1 test^[[22m^[[2m)^[[22m^[[32m 7^[[2mms^[[22m^[[39m
verify	UNKNOWN STEP	2026-10-06T06:24:15.2212726Z  ^[[32m✓^[[39m packages/aws-clients/test/iot-data-publisher.test.ts ^[[2m(^[[22m^[[2m1 test^[[22m^[[2m)^[[22m^[[32m 21^[[2mms^[[22m^[[39m
verify	UNKNOWN STEP	2026-10-06T06:24:15.4145683Z Bundling asset TestStack/OnboardingApiFn/Code/Stage...
verify	UNKNOWN STEP	2026-10-06T06:24:15.4846507Z  ^[[32m✓^[[39m apps/cloud-api/test/command-phase-observer.test.ts ^[[2m(^[[22m^[[2m1 test^[[22m^[[2m)^[[22m^[[32m 6^[[2mms^[[22m^[[39m
verify	UNKNOWN STEP	2026-10-06T06:24:15.5967657Z  ^[[32m✓^[[39m infra/test/migration-execution-stack.test.ts ^[[2m(^[[22m^[[2m2 tests^[[22m^[[2m)^[[22m^[[33m 2693^[[2mms^[[22m^[[39m
verify	UNKNOWN STEP	2026-10-06T06:24:15.5977404Z    ^[[33m^[[2m✓^[[22m^[[39m migration execution is exact-version, exact-commit, and project-scoped ^[[33m 2680^[[2mms^[[22m^[[39m
verify	UNKNOWN STEP	2026-10-06T06:24:15.8840317Z  ^[[32m✓^[[39m apps/cloud-api/test/openapi-response.test.ts ^[[2m(^[[22m^[[2m2 tests^[[22m^[[2m)^[[22m^[[32m 17^[[2mms^[[22m^[[39m
verify	UNKNOWN STEP	2026-10-06T06:24:15.9196164Z  ^[[32m✓^[[39m packages/aws-clients/test/sqs-archive-sender.test.ts ^[[2m(^[[22m^[[2m1 test^[[22m^[[2m)^[[22m^[[32m 4^[[2mms^[[22m^[[39m
verify	UNKNOWN STEP	2026-10-06T06:24:16.1956480Z  ^[[32m✓^[[39m apps/admin-web/test/jwt.test.ts ^[[2m(^[[22m^[[2m2 tests^[[22m^[[2m)^[[22m^[[32m 8^[[2mms^[[22m^[[39m
verify	UNKNOWN STEP	2026-10-06T06:24:16.3350465Z  ^[[32m✓^[[39m packages/database/test/index.test.ts ^[[2m(^[[22m^[[2m4 tests^[[22m^[[2m)^[[22m^[[32m 11^[[2mms^[[22m^[[39m
verify	UNKNOWN STEP	2026-10-06T06:24:16.4935853Z Bundling asset TestStack/OnboardingProvisioningFn/Code/Stage...
verify	UNKNOWN STEP	2026-10-06T06:24:16.5117532Z  ^[[32m✓^[[39m packages/aws-clients/test/sqs-json-sender.test.ts ^[[2m(^[[22m^[[2m1 test^[[22m^[[2m)^[[22m^[[32m 6^[[2mms^[[22m^[[39m
verify	UNKNOWN STEP	2026-10-06T06:24:17.2206345Z  ^[[32m✓^[[39m apps/summary-worker/test/summary-runtime.test.ts ^[[2m(^[[22m^[[2m3 tests^[[22m^[[2m)^[[22m^[[32m 8^[[2mms^[[22m^[[39m
verify	UNKNOWN STEP	2026-10-06T06:24:17.4854882Z Bundling asset TestStack/DeviceApiFn/Code/Stage...
verify	UNKNOWN STEP	2026-10-06T06:24:17.4998500Z  ^[[32m✓^[[39m apps/cloud-api/test/index.test.ts ^[[2m(^[[22m^[[2m2 tests^[[22m^[[2m)^[[22m^[[32m 4^[[2mms^[[22m^[[39m
verify	UNKNOWN STEP	2026-10-06T06:24:17.9415654Z  ^[[32m✓^[[39m apps/summary-worker/test/index.test.ts ^[[2m(^[[22m^[[2m1 test^[[22m^[[2m)^[[22m^[[32m 4^[[2mms^[[22m^[[39m
verify	UNKNOWN STEP	2026-10-06T06:24:18.0220460Z  ^[[32m✓^[[39m apps/ingestion-worker/test/index.test.ts ^[[2m(^[[22m^[[2m1 test^[[22m^[[2m)^[[22m^[[32m 5^[[2mms^[[22m^[[39m
verify	UNKNOWN STEP	2026-10-06T06:24:18.5079805Z Bundling asset TestStack/ApiFn/Code/Stage...
verify	UNKNOWN STEP	2026-10-06T06:24:18.6276913Z  ^[[32m✓^[[39m apps/archive-worker/test/index.test.ts ^[[2m(^[[22m^[[2m1 test^[[22m^[[2m)^[[22m^[[32m 5^[[2mms^[[22m^[[39m
verify	UNKNOWN STEP	2026-10-06T06:24:18.8467167Z  ^[[32m✓^[[39m packages/observability/test/index.test.ts ^[[2m(^[[22m^[[2m1 test^[[22m^[[2m)^[[22m^[[32m 3^[[2mms^[[22m^[[39m
verify	UNKNOWN STEP	2026-10-06T06:24:19.3246940Z  ^[[32m✓^[[39m infra/test/index.test.ts ^[[2m(^[[22m^[[2m1 test^[[22m^[[2m)^[[22m^[[32m 4^[[2mms^[[22m^[[39m
verify	UNKNOWN STEP	2026-10-06T06:24:19.4625883Z  ^[[32m✓^[[39m packages/aws-clients/test/index.test.ts ^[[2m(^[[22m^[[2m1 test^[[22m^[[2m)^[[22m^[[32m 4^[[2mms^[[22m^[[39m
verify	UNKNOWN STEP	2026-10-06T06:24:19.5616098Z  ^[[32m✓^[[39m packages/domain/test/index.test.ts ^[[2m(^[[22m^[[2m1 test^[[22m^[[2m)^[[22m^[[32m 3^[[2mms^[[22m^[[39m
verify	UNKNOWN STEP	2026-10-06T06:24:21.6096256Z  ^[[32m✓^[[39m apps/admin-web/test/index.test.ts ^[[2m(^[[22m^[[2m1 test^[[22m^[[2m)^[[22m^[[32m 4^[[2mms^[[22m^[[39m
verify	UNKNOWN STEP	2026-10-06T06:24:22.8166648Z  ^[[32m✓^[[39m infra/test/iot-rule-envelope.test.ts ^[[2m(^[[22m^[[2m3 tests^[[22m^[[2m)^[[22m^[[32m 8^[[2mms^[[22m^[[39m
verify	UNKNOWN STEP	2026-10-06T06:24:22.8245068Z 
verify	UNKNOWN STEP	2026-10-06T06:24:22.8265951Z ^[[2m Test Files ^[[22m ^[[1m^[[32m169 passed^[[39m^[[22m^[[90m (169)^[[39m
verify	UNKNOWN STEP	2026-10-06T06:24:22.8273142Z ^[[2m      Tests ^[[22m ^[[1m^[[32m1372 passed^[[39m^[[22m^[[90m (1372)^[[39m
verify	UNKNOWN STEP	2026-10-06T06:24:22.8274348Z ^[[2m   Start at ^[[22m 06:18:36
verify	UNKNOWN STEP	2026-10-06T06:24:22.8279328Z ^[[2m   Duration ^[[22m 346.58s^[[2m (transform 8.57s, setup 1.40s, import 305.73s, tests 668.38s, environment 21.31s)^[[22m
verify	UNKNOWN STEP	2026-10-06T06:24:22.8280443Z 
verify	UNKNOWN STEP	2026-10-06T06:24:23.2436101Z 
verify	UNKNOWN STEP	2026-10-06T06:24:23.2437422Z > food-digester-platform@0.0.0 test:contracts /home/runner/work/food-digester-platform/food-digester-platform
verify	UNKNOWN STEP	2026-10-06T06:24:23.2438653Z > pnpm --filter @fdp/contracts test
verify	UNKNOWN STEP	2026-10-06T06:24:23.2439026Z 
verify	UNKNOWN STEP	2026-10-06T06:24:23.5862877Z 
verify	UNKNOWN STEP	2026-10-06T06:24:23.5864815Z > @fdp/contracts@0.0.0 test /home/runner/work/food-digester-platform/food-digester-platform/contracts
verify	UNKNOWN STEP	2026-10-06T06:24:23.5868779Z > node --import tsx --test mqtt/*.test.ts mqtt/*.test.mjs domain/*.test.ts lifecycle/*.test.ts media/*.test.ts security/*.test.ts rest/*.test.ts iot/*.test.mjs archive/*.test.mjs configuration/*.test.ts settings/*.test.ts
verify	UNKNOWN STEP	2026-10-06T06:24:23.5870968Z 
verify	UNKNOWN STEP	2026-10-06T06:24:23.8556109Z ✔ 合法 Manifest fixtures 通过校验 (2.897209ms)
verify	UNKNOWN STEP	2026-10-06T06:24:23.8624810Z ✔ 非法 Manifest fixtures 被拒绝 (0.715423ms)
verify	UNKNOWN STEP	2026-10-06T06:24:23.8765930Z ✔ DEC-016 已冻结且策略覆盖全部阻塞任务 (2.389262ms)
verify	UNKNOWN STEP	2026-10-06T06:24:23.8816215Z ✔ 三类来源使用独立 Envelope 与互斥前缀 (0.512445ms)
verify	UNKNOWN STEP	2026-10-06T06:24:23.8851474Z ✔ License/OTA 禁止伪装为 MQTT 原文，OTA 记录类型封闭 (0.390848ms)
verify	UNKNOWN STEP	2026-10-06T06:24:23.8891960Z ✔ 归档 Envelope 判别字段和版本固定 (0.244977ms)
verify	UNKNOWN STEP	2026-10-06T06:24:23.9962398Z ✔ DEC-018 策略结构有效、已冻结且覆盖全部阻塞任务 (3.440301ms)
verify	UNKNOWN STEP	2026-10-06T06:24:23.9996122Z ✔ V1 只允许四字段，范围、单位、默认值与冻结值一致 (0.347347ms)
verify	UNKNOWN STEP	2026-10-06T06:24:24.0066315Z ✔ Admin Configuration 与 Device Sync OpenAPI 逐字段匹配统一策略 (0.536639ms)
verify	UNKNOWN STEP	2026-10-06T06:24:24.0106866Z ✔ TS 常量与 JSON 策略一致 (0.294048ms)
verify	UNKNOWN STEP	2026-10-06T06:24:24.1577251Z ✔ 策略 JSON 通过自身 JSON Schema 结构校验 (4.810503ms)
verify	UNKNOWN STEP	2026-10-06T06:24:24.1662455Z ✔ 负向结构：实时流启用、非法范围/刷新模式与缺失字段被 Schema 拒绝 (1.138591ms)
verify	UNKNOWN STEP	2026-10-06T06:24:24.1716220Z ✔ x-decision-versions 引用 DEC-009 且版本与决策登记一致；prototype-traceability.yaml 同步 (0.264553ms)
verify	UNKNOWN STEP	2026-10-06T06:24:24.1735417Z ✔ 冻结值定性规则可执行：仅最新授权 Media、手动刷新、禁实时流 (0.317932ms)
verify	UNKNOWN STEP	2026-10-06T06:24:24.1800564Z ✔ 策略消费者均为合法任务 ID 且覆盖 DEC-009 阻塞任务 (0.458394ms)
verify	UNKNOWN STEP	2026-10-06T06:24:24.1826007Z ✔ TS 常量与 camera-interaction-policy.json 完全一致 (0.533134ms)
verify	UNKNOWN STEP	2026-10-06T06:24:24.2495938Z ✔ 策略 JSON 通过自身 JSON Schema 结构校验 (3.100347ms)
verify	UNKNOWN STEP	2026-10-06T06:24:24.2535751Z ✔ 负向结构：数据来源篡改与缺失字段被 Schema 拒绝 (1.483364ms)
verify	UNKNOWN STEP	2026-10-06T06:24:24.2567386Z ✔ x-decision-versions 引用 DEC-008 且版本与决策登记一致；prototype-traceability.yaml 同步 (0.273469ms)
verify	UNKNOWN STEP	2026-10-06T06:24:24.2568899Z ✔ 冻结值定性规则可执行：封闭类型集合、仅设备上报、禁云端臆测 (0.464485ms)
verify	UNKNOWN STEP	2026-10-06T06:24:24.2569813Z ✔ 冻结参数可执行：正式名称、阈值和 24 小时过期规则 (1.004272ms)
verify	UNKNOWN STEP	2026-10-06T06:24:24.2570835Z ✔ 策略消费者均为合法任务 ID 且覆盖 DEC-008 阻塞任务 (0.413841ms)
verify	UNKNOWN STEP	2026-10-06T06:24:24.2571990Z ✔ TS 常量与 consumables-policy.json 完全一致 (0.989604ms)
verify	UNKNOWN STEP	2026-10-06T06:24:24.3163292Z ✔ 策略 JSON 通过自身 JSON Schema 结构校验 (2.39919ms)
verify	UNKNOWN STEP	2026-10-06T06:24:24.3196424Z ✔ 负向结构：联动规则反转与缺失字段被 Schema 拒绝 (1.044536ms)
verify	UNKNOWN STEP	2026-10-06T06:24:24.3251658Z ✔ x-decision-versions 引用 DEC-007 且版本与决策登记一致；prototype-traceability.yaml 同步 (0.273219ms)
verify	UNKNOWN STEP	2026-10-06T06:24:24.3265496Z ✔ 冻结值定性规则可执行：职责划分、联动与展示 (0.491246ms)
verify	UNKNOWN STEP	2026-10-06T06:24:24.3266734Z ✔ 策略消费者均为合法任务 ID 且覆盖 DEC-007 阻塞任务与关联任务 (0.425573ms)
verify	UNKNOWN STEP	2026-10-06T06:24:24.3268008Z ✔ TS 常量与 contract-license-relation.json 完全一致 (0.308024ms)
verify	UNKNOWN STEP	2026-10-06T06:24:24.5086072Z ✔ DEC-019 alias 策略已冻结且无待定参数 (1.914497ms)
verify	UNKNOWN STEP	2026-10-06T06:24:24.5106543Z ✔ TS、JSON 与 Admin Device OpenAPI 使用同一 alias 规则 (0.385408ms)
verify	UNKNOWN STEP	2026-10-06T06:24:24.6523046Z ✔ 策略 JSON 通过自身 JSON Schema 结构校验 (3.185215ms)
verify	UNKNOWN STEP	2026-10-06T06:24:24.6588412Z ✔ 负向结构：单字段混用、独立存储"启用"与缺失字段被 Schema 拒绝 (1.198844ms)
verify	UNKNOWN STEP	2026-10-06T06:24:24.6616147Z ✔ x-decision-versions 引用 DEC-010 且版本与决策登记一致；prototype-traceability.yaml 同步 (0.25727ms)
verify	UNKNOWN STEP	2026-10-06T06:24:24.6639819Z ✔ 冻结值定性规则可执行：四轴分离、禁单字段混用、派生原则 (0.434159ms)
verify	UNKNOWN STEP	2026-10-06T06:24:24.6666965Z ✔ 冻结参数可执行：启用由 Active 生命周期和有效 License 派生 (0.215271ms)
verify	UNKNOWN STEP	2026-10-06T06:24:24.6695836Z ✔ 策略消费者均为合法任务 ID 且覆盖 DEC-010 阻塞任务与关联任务 (0.547681ms)
verify	UNKNOWN STEP	2026-10-06T06:24:24.6698017Z ✔ TS 常量与 device-status-axes-policy.json 完全一致 (0.680738ms)
verify	UNKNOWN STEP	2026-10-06T06:24:24.7049399Z ✔ 策略 JSON 通过自身 JSON Schema 结构校验 (2.911124ms)
verify	UNKNOWN STEP	2026-10-06T06:24:24.7076519Z ✔ 负向结构：设备地域真值与缺失字段被 Schema 拒绝 (0.817603ms)
verify	UNKNOWN STEP	2026-10-06T06:24:24.7078341Z ✔ x-decision-versions 引用 DEC-011 且版本与决策登记一致；prototype-traceability.yaml 同步 (0.250998ms)
verify	UNKNOWN STEP	2026-10-06T06:24:24.7080056Z ✔ 冻结值定性规则可执行：层级链、Site 属性、设备仅关联 Site (0.469355ms)
verify	UNKNOWN STEP	2026-10-06T06:24:24.7081383Z ✔ 策略消费者均为合法任务 ID 且覆盖 DEC-011 阻塞任务 (0.520911ms)
verify	UNKNOWN STEP	2026-10-06T06:24:24.7082563Z ✔ TS 常量与 geo-model-policy.json 完全一致 (0.387422ms)
verify	UNKNOWN STEP	2026-10-06T06:24:24.8918153Z ✔ 策略 JSON 通过自身 JSON Schema 结构校验 (2.831447ms)
verify	UNKNOWN STEP	2026-10-06T06:24:24.8937898Z ✔ 负向结构：AWS 授权、矩阵可编辑与缺失字段被 Schema 拒绝 (1.142398ms)
verify	UNKNOWN STEP	2026-10-06T06:24:24.8939891Z ✔ x-decision-versions 引用 DEC-012 且版本与决策登记一致；prototype-traceability.yaml 同步 (0.266586ms)
verify	UNKNOWN STEP	2026-10-06T06:24:24.8956203Z ✔ 冻结值定性规则可执行：封闭映射、界面名、AWS 权限与矩阵规则 (0.61748ms)
verify	UNKNOWN STEP	2026-10-06T06:24:24.8964902Z ✔ 策略消费者均为合法任务 ID 且覆盖 DEC-012 阻塞任务 (0.458655ms)
verify	UNKNOWN STEP	2026-10-06T06:24:24.8966635Z ✔ TS 常量与 role-mapping-policy.json 完全一致 (0.349302ms)
verify	UNKNOWN STEP	2026-10-06T06:24:24.9296699Z ✔ Envelope 必填五个 iot* 上下文字段，Payload 平铺透传 (2.037557ms)
verify	UNKNOWN STEP	2026-10-06T06:24:24.9336754Z ✔ iotType 枚举与 topic-catalog 上行类型严格一致（8 个） (0.277627ms)
verify	UNKNOWN STEP	2026-10-06T06:24:24.9338443Z ✔ 所有合法 Fixture 通过校验（含 Payload 内不可信身份字段的样本） (1.168938ms)
verify	UNKNOWN STEP	2026-10-06T06:24:24.9365473Z ✔ 所有非法 Fixture 被稳定拒绝且错误路径正确 (0.494992ms)
verify	UNKNOWN STEP	2026-10-06T06:24:25.0569744Z ✔ 矩阵 JSON 通过自身 JSON Schema 结构校验 (3.072746ms)
verify	UNKNOWN STEP	2026-10-06T06:24:25.0612817Z ✔ 负向结构：缺失必填字段、非法枚举与额外行为键被 Schema 拒绝 (1.657458ms)
verify	UNKNOWN STEP	2026-10-06T06:24:25.0650200Z ✔ x-decision-versions 引用 DEC-001 且版本与决策登记一致 (0.262459ms)
verify	UNKNOWN STEP	2026-10-06T06:24:25.0651583Z ✔ 冻结值：独立状态；允许维护、同步、遥测、告警和 OTA (0.324425ms)
verify	UNKNOWN STEP	2026-10-06T06:24:25.0676506Z ✔ Maintenance Sync 节奏为 15 分钟（Suspended 节奏） (0.23592ms)
verify	UNKNOWN STEP	2026-10-06T06:24:25.0706878Z ✔ 失败关闭：未知行为拒绝并抛出稳定错误 (0.696158ms)
verify	UNKNOWN STEP	2026-10-06T06:24:25.0746620Z ✔ 命令策略与 command-catalog 一致：Maintenance 允许集合 == Suspended 允许集合 (0.494631ms)
verify	UNKNOWN STEP	2026-10-06T06:24:25.0782656Z ✔ 行为条目消费者均为合法任务 ID 且覆盖 DEC-001 阻塞任务 (0.415374ms)
verify	UNKNOWN STEP	2026-10-06T06:24:25.0823723Z ✔ TS 常量与 maintenance-behavior-matrix.json 完全一致 (0.538323ms)
verify	UNKNOWN STEP	2026-10-06T06:24:25.2331557Z ✔ DEC-017 策略结构有效、已冻结且覆盖全部阻塞任务 (3.113933ms)
verify	UNKNOWN STEP	2026-10-06T06:24:25.2350177Z ✔ 24 小时截止从证书包存储开始，截止边界包含在超时内 (0.522093ms)
verify	UNKNOWN STEP	2026-10-06T06:24:25.2363261Z ✔ 超时处置、迟到 Heartbeat 与重新申请规则失败关闭 (0.278148ms)
verify	UNKNOWN STEP	2026-10-06T06:24:25.2371692Z ✔ TS 常量与 JSON 策略一致 (0.240338ms)
verify	UNKNOWN STEP	2026-10-06T06:24:25.2936380Z ✔ 策略 JSON 通过自身 JSON Schema 结构校验 (2.231879ms)
verify	UNKNOWN STEP	2026-10-06T06:24:25.2964944Z ✔ 负向结构：存储位置篡改、非法处置行为与缺失字段被 Schema 拒绝 (1.457126ms)
verify	UNKNOWN STEP	2026-10-06T06:24:25.2996502Z ✔ x-decision-versions 引用 DEC-005 且版本与决策登记一致 (0.293547ms)
verify	UNKNOWN STEP	2026-10-06T06:24:25.3003033Z ✔ 冻结值定性规则可执行：RDS 元数据 / S3 文件分离 (0.319255ms)
verify	UNKNOWN STEP	2026-10-06T06:24:25.3045951Z ✔ 冻结参数可执行：元数据 365 天、文件 90 天且删除文件保留元数据 (0.244826ms)
verify	UNKNOWN STEP	2026-10-06T06:24:25.3047768Z ✔ 策略消费者均为合法任务 ID 且覆盖 DEC-005 阻塞任务与关联任务 (0.411387ms)
verify	UNKNOWN STEP	2026-10-06T06:24:25.3049509Z ✔ TS 常量与 media-retention-policy.json 完全一致 (0.447644ms)
verify	UNKNOWN STEP	2026-10-06T06:24:25.4046162Z ✔ 策略 JSON 通过自身 JSON Schema 结构校验 (2.619711ms)
verify	UNKNOWN STEP	2026-10-06T06:24:25.4063930Z ✔ 负向结构：客户端指定 Key、篡改冻结 TTL/配额与缺失字段被 Schema 拒绝 (1.587017ms)
verify	UNKNOWN STEP	2026-10-06T06:24:25.4075547Z ✔ 锁定规则：mediaTypes 与 CT-03 media.schema.json 枚举一致；客户端不得指定 Key (0.4081ms)
verify	UNKNOWN STEP	2026-10-06T06:24:25.4120760Z ✔ DEC-024 冻结值可执行且无待定参数 (0.299137ms)
verify	UNKNOWN STEP	2026-10-06T06:24:25.4166468Z ✔ TS 常量与 media-upload-policy.json 完全一致 (0.465527ms)
verify	UNKNOWN STEP	2026-10-06T06:24:25.6027658Z ✔ 22 个 Command 全部唯一且覆盖六大分类 (2.896578ms)
verify	UNKNOWN STEP	2026-10-06T06:24:25.6065478Z ✔ 13 个 Notification 全部唯一且有设备动作映射 (0.556908ms)
verify	UNKNOWN STEP	2026-10-06T06:24:25.6070657Z ✔ 高风险标记与文档一致（EMERGENCY_STOP/FACTORY_RESET/SHUTDOWN/全部加热、排料、电机控制） (0.516963ms)
verify	UNKNOWN STEP	2026-10-06T06:24:25.6072128Z ✔ 允许状态矩阵无遗漏：22 命令 × 4 状态 (0.478461ms)
verify	UNKNOWN STEP	2026-10-06T06:24:25.6073448Z ✔ Suspended 仅允许安全停止、诊断、同步和维护/恢复类命令 (0.323843ms)
verify	UNKNOWN STEP	2026-10-06T06:24:25.6076474Z ✔ MAINTENANCE 按 Suspended 限制（DEC-001 冻结值） (0.527994ms)
verify	UNKNOWN STEP	2026-10-06T06:24:25.6104494Z ✔ 未知命令/通知在运行时被拒绝 (1.009642ms)
verify	UNKNOWN STEP	2026-10-06T06:24:25.6113920Z ✔ denyReason 稳定且允许时返回 null (0.280152ms)
verify	UNKNOWN STEP	2026-10-06T06:24:25.6123108Z ✔ TS 常量与 command-catalog.json / notification-catalog.json 完全一致 (1.304651ms)
verify	UNKNOWN STEP	2026-10-06T06:24:25.6131652Z ✔ Schema 枚举与目录一致（cmd/ack command、notification type） (2.687048ms)
verify	UNKNOWN STEP	2026-10-06T06:24:25.6776066Z ✔ 策略 JSON 通过自身 JSON Schema 结构校验 (2.994079ms)
verify	UNKNOWN STEP	2026-10-06T06:24:25.6804971Z ✔ 负向结构：非法取值与缺失字段被 Schema 拒绝 (1.079662ms)
verify	UNKNOWN STEP	2026-10-06T06:24:25.6839660Z ✔ x-decision-versions 引用 DEC-006 且版本与决策登记一致 (0.286764ms)
verify	UNKNOWN STEP	2026-10-06T06:24:25.6845675Z ✔ 冻结值可执行：V1 下行 seq 可选、上行必填、Command 以 meta.id 幂等 (0.266737ms)
verify	UNKNOWN STEP	2026-10-06T06:24:25.6873670Z ✔ 策略与 common.schema.json 一致：下行 metaBase 不要求 seq、id 必填；上行 metaSeq 要求 seq (0.283419ms)
verify	UNKNOWN STEP	2026-10-06T06:24:25.6876487Z ✔ 下行/上行 Schema 的 meta 引用与策略一致 (1.18605ms)
verify	UNKNOWN STEP	2026-10-06T06:24:25.6877618Z ✔ 策略消费者均为合法任务 ID 且覆盖 DEC-006 阻塞任务 (3.140041ms)
verify	UNKNOWN STEP	2026-10-06T06:24:25.6878681Z ✔ TS 常量与 downlink-policy.json 完全一致 (0.429931ms)
verify	UNKNOWN STEP	2026-10-06T06:24:25.7646573Z ✔ DEC-015 策略冻结、可追溯且覆盖全部阻塞任务 (2.509155ms)
verify	UNKNOWN STEP	2026-10-06T06:24:25.7699048Z ✔ 唯一通道为既有 ACK；Topic 总数和 IoT 权限面不扩大 (0.266847ms)
verify	UNKNOWN STEP	2026-10-06T06:24:25.7715575Z ✔ ACK 判别字段、关联键和 OTA 状态与冻结策略一致 (0.244986ms)
verify	UNKNOWN STEP	2026-10-06T06:24:25.7773378Z ✔ 状态机只允许冻结的单向迁移；相同状态幂等 (0.27328ms)
verify	UNKNOWN STEP	2026-10-06T06:24:25.7788461Z ✔ TS 常量与 JSON 策略完全一致 (0.473292ms)
verify	UNKNOWN STEP	2026-10-06T06:24:26.0481174Z ✔ DEC-013 策略 JSON 通过自身 Schema 且覆盖登记阻塞任务 (3.003116ms)
verify	UNKNOWN STEP	2026-10-06T06:24:26.0483211Z ✔ DEC-013 策略关键值被 Schema 锁定，篡改时失败关闭 (0.668696ms)
verify	UNKNOWN STEP	2026-10-06T06:24:26.0514613Z ✔ DEC-013 策略冻结且无待定参数 (0.226853ms)
verify	UNKNOWN STEP	2026-10-06T06:24:26.0516104Z ✔ Heartbeat 旧嵌套结构在兼容期转换为正式扁平结构且不修改原对象 (0.783079ms)
verify	UNKNOWN STEP	2026-10-06T06:24:26.0517614Z ✔ Telemetry motorCurrentAmp 在兼容期转换为 currentAmp；同值并存允许、冲突失败关闭 (1.192402ms)
verify	UNKNOWN STEP	2026-10-06T06:24:26.0519011Z ✔ 兼容截止边界起拒绝嵌套结构、motorCurrentAmp 与 DISCHARING (0.42958ms)
verify	UNKNOWN STEP	2026-10-06T06:24:26.0520243Z ✔ RFC 8785 固定向量与 audit.hash 覆盖 {meta,data} (0.760507ms)
verify	UNKNOWN STEP	2026-10-06T06:24:26.1075914Z ✔ 11 类消息均有 Schema 和 Fixture，且每类 >=1 合法 + >=3 非法 (4.26681ms)
verify	UNKNOWN STEP	2026-10-06T06:24:26.1076981Z ✔ 所有合法 Fixture 通过校验 (6.387853ms)
verify	UNKNOWN STEP	2026-10-06T06:24:26.1135712Z ✔ 所有非法 Fixture 被稳定拒绝并返回明确错误路径 (5.614763ms)
verify	UNKNOWN STEP	2026-10-06T06:24:26.1196131Z ✔ 非法枚举被稳定拒绝且路径明确 (0.387332ms)
verify	UNKNOWN STEP	2026-10-06T06:24:26.1230770Z ✔ 单位/类型错误被拒绝（integer 不接受小数与字符串） (1.725536ms)
verify	UNKNOWN STEP	2026-10-06T06:24:26.1235676Z ✔ 缺少必填字段被拒绝（meta.id、上行 seq、Heartbeat 必填 data 字段） (2.883464ms)
verify	UNKNOWN STEP	2026-10-06T06:24:26.1236802Z ✔ 额外身份字段（customerId/tenantId/deviceId）在各层均被拒绝 (0.864211ms)
verify	UNKNOWN STEP	2026-10-06T06:24:26.1238037Z ✔ 下行消息 meta.seq 可选（DEC-006），上行强制 (0.469445ms)
verify	UNKNOWN STEP	2026-10-06T06:24:26.1239187Z ✔ Telemetry/Report/Tamper 强制 audit.hash；Command 禁止 audit（DEC-002） (0.883817ms)
verify	UNKNOWN STEP	2026-10-06T06:24:26.1240401Z ✔ DEC-013：Audited 合法 Fixture 携带可复算的 RFC 8785 audit.hash (1.91561ms)
verify	UNKNOWN STEP	2026-10-06T06:24:26.1241375Z ✔ schemaVer 缺省按 1.0 归一化；非法 schemaVer 被拒绝 (0.727446ms)
verify	UNKNOWN STEP	2026-10-06T06:24:26.1242155Z ✔ meta.id 字符集与长度固定 (0.363928ms)
verify	UNKNOWN STEP	2026-10-06T06:24:26.1242903Z ✔ payloads.ts 与 Schema 保持一致（生成器新鲜度） (5.69923ms)
verify	UNKNOWN STEP	2026-10-06T06:24:26.1243790Z ✔ 全部 Schema 的 x-decision-versions 可追溯到决策登记 (6.42238ms)
verify	UNKNOWN STEP	2026-10-06T06:24:26.1471523Z ✔ Telemetry current (3.557797ms)
verify	UNKNOWN STEP	2026-10-06T06:24:26.1482171Z ✔ Telemetry past 300s (0.152864ms)
verify	UNKNOWN STEP	2026-10-06T06:24:26.1483708Z ✔ Telemetry past 301s (0.13969ms)
verify	UNKNOWN STEP	2026-10-06T06:24:26.1485693Z ✔ Telemetry past 24h inclusive (0.096801ms)
verify	UNKNOWN STEP	2026-10-06T06:24:26.1486869Z ✔ Telemetry past 24h plus 1ms (0.147214ms)
verify	UNKNOWN STEP	2026-10-06T06:24:26.1488063Z ✔ Telemetry future 300s inclusive (0.130623ms)
verify	UNKNOWN STEP	2026-10-06T06:24:26.1489127Z ✔ Telemetry future 300s plus 1ms (0.191978ms)
verify	UNKNOWN STEP	2026-10-06T06:24:26.1490429Z ✔ other topics retain symmetric 300-second tolerance (0.254935ms)
verify	UNKNOWN STEP	2026-10-06T06:24:26.1492029Z ✔ configured tolerance affects future bound but cannot enlarge Telemetry history (0.234747ms)
verify	UNKNOWN STEP	2026-10-06T06:24:26.1493488Z ✔ invalid numeric policy inputs fail closed (0.327781ms)
verify	UNKNOWN STEP	2026-10-06T06:24:26.4123634Z ✔ Tier 登记 JSON 通过自身 JSON Schema 结构校验 (3.594949ms)
verify	UNKNOWN STEP	2026-10-06T06:24:26.4151703Z ✔ 负向结构：非法 Tier、未知 Topic 键与缺失字段被 Schema 拒绝 (2.022689ms)
verify	UNKNOWN STEP	2026-10-06T06:24:26.4159185Z ✔ x-decision-versions 引用 DEC-002 且版本与决策登记一致 (0.254515ms)
verify	UNKNOWN STEP	2026-10-06T06:24:26.4167028Z ✔ 冻结值：Telemetry/Report/Tamper 为 AUDITED，Command 及其余为 STANDARD (0.56341ms)
verify	UNKNOWN STEP	2026-10-06T06:24:26.4178042Z ✔ Tier 与 topic-catalog.json 的 payloadEnvelope 完全一致 (0.393684ms)
verify	UNKNOWN STEP	2026-10-06T06:24:26.4185298Z ✔ Tier 与 11 个 MQTT Schema 的 audit 强制完全一致 (1.15377ms)
verify	UNKNOWN STEP	2026-10-06T06:24:26.4186830Z ✔ 失败关闭：未知 Topic 拒绝并抛出稳定错误 (0.954558ms)
verify	UNKNOWN STEP	2026-10-06T06:24:26.4197495Z ✔ Tier 条目消费者均为合法任务 ID 且覆盖 DEC-002 阻塞任务 (0.460368ms)
verify	UNKNOWN STEP	2026-10-06T06:24:26.4205228Z ✔ 登记覆盖全部 11 个 Topic 且 TS 常量与 topic-tier.json 完全一致 (0.503105ms)
verify	UNKNOWN STEP	2026-10-06T06:24:26.4598554Z ✔ catalog 恰好包含 8 个上行和 3 个下行 Topic (2.521649ms)
verify	UNKNOWN STEP	2026-10-06T06:24:26.4600216Z ✔ 11 个 Topic 的方向与 QoS 矩阵全部符合契约 (0.438547ms)
verify	UNKNOWN STEP	2026-10-06T06:24:26.4601499Z ✔ TS 常量与 topic-catalog.json 完全一致 (0.34901ms)
verify	UNKNOWN STEP	2026-10-06T06:24:26.4602797Z ✔ 合法 Topic 可解析出 deviceId/type/direction (0.432987ms)
verify	UNKNOWN STEP	2026-10-06T06:24:26.4603886Z ✔ buildTopic 与 parseTopic 往返一致 (0.549474ms)
verify	UNKNOWN STEP	2026-10-06T06:24:26.4605684Z ✔ 未知层级和空 deviceId 被拒绝 (1.062059ms)
verify	UNKNOWN STEP	2026-10-06T06:24:26.4606588Z ✔ buildTopic 拒绝空和非法 deviceId (0.670209ms)
verify	UNKNOWN STEP	2026-10-06T06:24:26.4607672Z ✔ 权限模板：设备只能发布自身上行、只能订阅自身下行 (0.512014ms)
verify	UNKNOWN STEP	2026-10-06T06:24:26.4608901Z ✔ 权限模板拒绝非法 deviceId (0.824597ms)
verify	UNKNOWN STEP	2026-10-06T06:24:26.4609955Z ✔ 六个端点齐备且 CognitoJwt 认证；响应码齐备 (2.525876ms)
verify	UNKNOWN STEP	2026-10-06T06:24:26.4611169Z ✔ 筛选参数齐备：severity/status/device/site/时间范围 + 游标分页 (0.430271ms)
verify	UNKNOWN STEP	2026-10-06T06:24:26.4612503Z ✔ Schema 封闭：Alarm 处理字段（操作者/原因/时间）与 replayed 齐备；确认/清除强制 reason (0.322501ms)
verify	UNKNOWN STEP	2026-10-06T06:24:26.4613875Z ✔ 所有 $ref 可解析（内部引用 + 同目录相对引用 openapi-base.json） (2.912717ms)
verify	UNKNOWN STEP	2026-10-06T06:24:26.7516499Z ✔ 端点齐备且 CognitoJwt 认证：列表 + 详情 (2.52191ms)
verify	UNKNOWN STEP	2026-10-06T06:24:26.7537170Z ✔ 只读 API：不存在任何写路由（post/put/patch/delete） (0.31629ms)
verify	UNKNOWN STEP	2026-10-06T06:24:26.7538749Z ✔ 筛选参数齐备（actor/Customer/对象/动作/结果/时间 + 游标分页）；响应不暴露敏感字段 (0.643349ms)
verify	UNKNOWN STEP	2026-10-06T06:24:26.7539929Z ✔ 所有 $ref 可解析（内部引用 + openapi-base.json） (1.080263ms)
verify	UNKNOWN STEP	2026-10-06T06:24:26.7790418Z ✔ 端点存在且 Cognito 认证；轮换请求视图为七字段且不含密钥材料 (2.161758ms)
verify	UNKNOWN STEP	2026-10-06T06:24:26.7806941Z ✔ 所有 $ref 可解析（内部引用 + 同目录相对引用 openapi-base.json） (2.658972ms)
verify	UNKNOWN STEP	2026-10-06T06:24:26.7963848Z ✔ 端点齐备且 CognitoJwt 认证；201 创建 + 200 幂等重放 + 409 冲突/状态门 (2.075498ms)
verify	UNKNOWN STEP	2026-10-06T06:24:26.7975463Z ✔ 命令枚举与 CT-04 目录 22 个白名单一致；确认凭证与 timeoutSec 边界齐备 (0.352286ms)
verify	UNKNOWN STEP	2026-10-06T06:24:26.7995532Z ✔ 响应 Schema 封闭且含 requestedBy/expiresAt/replayed/confirmedBy (0.20432ms)
verify	UNKNOWN STEP	2026-10-06T06:24:26.7996401Z ✔ BE-CMD-03 查询端点齐备：列表/详情 + 状态枚举 + attempts/acks 时间线 (0.353178ms)
verify	UNKNOWN STEP	2026-10-06T06:24:26.7996991Z ✔ 所有 $ref 可解析（内部引用 + 同目录相对引用 openapi-base.json） (1.278843ms)
verify	UNKNOWN STEP	2026-10-06T06:24:27.0284896Z ✔ 七个端点齐备且 Cognito 认证；operationId 与响应码齐备 (1.780738ms)
verify	UNKNOWN STEP	2026-10-06T06:24:27.0315718Z ✔ Schema 封闭：DEC-018 冻结 V1 四字段、单位、范围与默认值 (0.42922ms)
verify	UNKNOWN STEP	2026-10-06T06:24:27.0317210Z ✔ 所有 $ref 可解析（内部引用 + 同目录相对引用 openapi-base.json） (1.203142ms)
verify	UNKNOWN STEP	2026-10-06T06:24:27.0860033Z ✔ 列表与按需联系人端点齐备且 Cognito 认证；筛选参数齐备 (2.907227ms)
verify	UNKNOWN STEP	2026-10-06T06:24:27.0863898Z ✔ Schema 封闭：两种耗材列恒在；列表零联系人 PII；按需联系人独立；百分比 0~100 (0.335275ms)
verify	UNKNOWN STEP	2026-10-06T06:24:27.0890877Z ✔ 所有 $ref 可解析（内部引用 + 同目录相对引用 openapi-base.json） (0.84802ms)
verify	UNKNOWN STEP	2026-10-06T06:24:27.1237848Z ✔ 六个端点齐备且 Cognito 认证；状态迁移强制 If-Match (2.623739ms)
verify	UNKNOWN STEP	2026-10-06T06:24:27.1265809Z ✔ Schema 封闭：四态枚举/source 固定 ADMIN/幂等 replayed/完整历史字段 (0.444138ms)
verify	UNKNOWN STEP	2026-10-06T06:24:27.1295876Z ✔ 所有 $ref 可解析（内部引用 + 同目录相对引用 openapi-base.json） (1.196149ms)
verify	UNKNOWN STEP	2026-10-06T06:24:27.3549732Z ✔ 八个端点齐备且 Cognito 认证；写操作强制 If-Match (2.733934ms)
verify	UNKNOWN STEP	2026-10-06T06:24:27.3578902Z ✔ Schema 封闭：五态枚举/唯一编号/强制原因/派生状态/最小权限 contact (0.39714ms)
verify	UNKNOWN STEP	2026-10-06T06:24:27.3596079Z ✔ 所有 $ref 可解析（内部引用 + 同目录相对引用 openapi-base.json） (1.396202ms)
verify	UNKNOWN STEP	2026-10-06T06:24:27.3980649Z ✔ 五个端点齐备且 Cognito 认证；operationId 与响应码齐备 (3.102702ms)
verify	UNKNOWN STEP	2026-10-06T06:24:27.3983802Z ✔ Schema 封闭：设备视图字段齐备/关联窗口/强制原因/批量语义 (0.452473ms)
verify	UNKNOWN STEP	2026-10-06T06:24:27.3985553Z ✔ 所有 $ref 可解析（内部引用 + 同目录相对引用 openapi-base.json） (1.22322ms)
verify	UNKNOWN STEP	2026-10-06T06:24:27.4098480Z ✔ 六端点齐备且 Cognito 认证；写操作声明 If-Match；响应码齐备 (2.796361ms)
verify	UNKNOWN STEP	2026-10-06T06:24:27.4100659Z ✔ Customer 视图六字段封闭；status 枚举 ACTIVE|SUSPENDED；请求体封闭 (0.328673ms)
verify	UNKNOWN STEP	2026-10-06T06:24:27.4134336Z ✔ 所有 $ref 可解析（内部引用 + 同目录相对引用 openapi-base.json） (2.555111ms)
verify	UNKNOWN STEP	2026-10-06T06:24:27.6966178Z ✔ 端点齐备且 CognitoJwt 认证：仅 GET 总览（只读，无写路由） (2.154946ms)
verify	UNKNOWN STEP	2026-10-06T06:24:27.6972727Z ✔ 总览 DTO 齐备：Contract/设备分布/在线率/今日 ESG/最新告警/设备卡片；四轴分离不合并 (0.635314ms)
verify	UNKNOWN STEP	2026-10-06T06:24:27.6996275Z ✔ 所有 $ref 可解析（内部引用 + openapi-base.json） (0.94988ms)
verify	UNKNOWN STEP	2026-10-06T06:24:27.7295258Z ✔ 列表/详情端点存在且 Cognito 认证；筛选参数齐备；响应码齐备 (2.618619ms)
verify	UNKNOWN STEP	2026-10-06T06:24:27.7340251Z ✔ Device 视图字段封闭（原型设备群表格字段均有来源）；证书仅摘要 (0.731513ms)
verify	UNKNOWN STEP	2026-10-06T06:24:27.7341981Z ✔ BE-DEV-06 元数据 PATCH 端点：白名单仅 alias + If-Match 乐观锁 + 409 冲突语义 (0.410976ms)
verify	UNKNOWN STEP	2026-10-06T06:24:27.7370659Z ✔ 所有 $ref 可解析（内部引用 + 同目录相对引用 openapi-base.json） (2.427783ms)
verify	UNKNOWN STEP	2026-10-06T06:24:27.7682390Z ✔ 分配/历史端点齐备且 Cognito 认证；响应码齐备 (2.142012ms)
verify	UNKNOWN STEP	2026-10-06T06:24:27.7701145Z ✔ DeviceAssignment 视图封闭：授权窗口（assignedAt/endedAt）+ 幂等/通知字段齐备 (0.589589ms)
verify	UNKNOWN STEP	2026-10-06T06:24:27.7733203Z ✔ 所有 $ref 可解析（内部引用 + 同目录相对引用 openapi-base.json） (1.036111ms)
verify	UNKNOWN STEP	2026-10-06T06:24:28.0704959Z ✔ 端点齐备且 CognitoJwt 认证：console/activities/export/导出详情 (2.550353ms)
verify	UNKNOWN STEP	2026-10-06T06:24:28.0756240Z ✔ 四轴分离 + 数据块 observedAt/stale/单位；最新 Media 可选块稳定可空 (0.49934ms)
verify	UNKNOWN STEP	2026-10-06T06:24:28.0785858Z ✔ 不透传 MQTT 原始消息、不含实时流/运维字段；所有 $ref 可解析 (4.714685ms)
verify	UNKNOWN STEP	2026-10-06T06:24:28.1071158Z ✔ retire/force-complete 端点齐备且 Cognito 认证；响应码齐备 (1.613145ms)
verify	UNKNOWN STEP	2026-10-06T06:24:28.1075749Z ✔ 请求体封闭：retire 强制原因 + confirm 恒 true；视图封闭且通知枚举正确 (0.368748ms)
verify	UNKNOWN STEP	2026-10-06T06:24:28.1076739Z ✔ 所有 $ref 可解析（内部引用 + 同目录相对引用 openapi-base.json） (0.711055ms)
verify	UNKNOWN STEP	2026-10-06T06:24:28.1077620Z ✔ suspend/reactivate 端点齐备且 Cognito 认证；响应码齐备 (2.266794ms)
verify	UNKNOWN STEP	2026-10-06T06:24:28.1078607Z ✔ 请求体封闭：挂起强制原因；恢复强制原因 + issueResolved 恒 true；通知枚举正确 (0.561025ms)
verify	UNKNOWN STEP	2026-10-06T06:24:28.1079489Z ✔ 所有 $ref 可解析（内部引用 + 同目录相对引用 openapi-base.json） (0.999222ms)
verify	UNKNOWN STEP	2026-10-06T06:24:28.3754507Z ✔ 七个端点齐备且 Cognito 认证；写操作强制 If-Match (2.325573ms)
verify	UNKNOWN STEP	2026-10-06T06:24:28.3792107Z ✔ Schema 封闭：管理 DTO 无 PHC；写接口只受控接收 writeOnly password (0.291373ms)
verify	UNKNOWN STEP	2026-10-06T06:24:28.3816690Z ✔ 所有 $ref 可解析（内部引用 + 同目录相对引用 openapi-base.json） (1.462405ms)
verify	UNKNOWN STEP	2026-10-06T06:24:28.4078107Z ✔ 八个端点齐备且 CognitoJwt 认证；导出创建返回 202 (2.463821ms)
verify	UNKNOWN STEP	2026-10-06T06:24:28.4096218Z ✔ 查询筛选参数齐备（customerId/siteId/deviceId/时间范围 + 游标）；reports 含 reportType (0.363618ms)
verify	UNKNOWN STEP	2026-10-06T06:24:28.4125739Z ✔ Schema 封闭：导出数据集枚举、短期 URL 过期字段、CSV 一致性字段 (0.346065ms)
verify	UNKNOWN STEP	2026-10-06T06:24:28.4153418Z ✔ 所有 $ref 可解析（内部引用 + 同目录相对引用 openapi-base.json） (1.52426ms)
verify	UNKNOWN STEP	2026-10-06T06:24:28.4399884Z ✔ 八个端点齐备且 Cognito 认证；operationId 与响应码齐备 (2.733344ms)
verify	UNKNOWN STEP	2026-10-06T06:24:28.4402681Z ✔ Schema 封闭：七态枚举/Entitlement 三码/签名字段/强制原因/幂等与派生字段 (0.410715ms)
verify	UNKNOWN STEP	2026-10-06T06:24:28.4419498Z ✔ 所有 $ref 可解析（内部引用 + 同目录相对引用 openapi-base.json） (1.511427ms)
verify	UNKNOWN STEP	2026-10-06T06:24:28.6869988Z ✔ 四个审批端点存在且使用 Cognito JWT 认证 (2.854068ms)
verify	UNKNOWN STEP	2026-10-06T06:24:28.6885957Z ✔ approve/reject 强制 If-Match；reject 强制 reason (0.368717ms)
verify	UNKNOWN STEP	2026-10-06T06:24:28.6899910Z ✔ 申请 DTO 不含 CSR 原文 (0.228997ms)
verify	UNKNOWN STEP	2026-10-06T06:24:28.6900780Z ✔ 管理端明确暴露内部 TIMED_OUT，列表状态过滤为封闭枚举 (0.229648ms)
verify	UNKNOWN STEP	2026-10-06T06:24:28.6909174Z ✔ 所有 $ref 可解析（内部引用 + 同目录相对引用 openapi-base.json） (1.821925ms)
verify	UNKNOWN STEP	2026-10-06T06:24:28.7266216Z ✔ 端点齐备且 CognitoJwt 认证：创建/列表/详情/targets/扩大批次/pause/resume/cancel/retry (2.72655ms)
verify	UNKNOWN STEP	2026-10-06T06:24:28.7295433Z ✔ 首批强制恰好 1 台；最终全量审批契约封闭；状态机枚举封闭 (0.351305ms)
verify	UNKNOWN STEP	2026-10-06T06:24:28.7296590Z ✔ 视图封闭且不泄露内部字段；批次/重试结果结构稳定 (0.301783ms)
verify	UNKNOWN STEP	2026-10-06T06:24:28.7300721Z ✔ 所有 $ref 可解析（内部引用 + 同目录相对引用 openapi-base.json） (1.542043ms)
verify	UNKNOWN STEP	2026-10-06T06:24:28.8196456Z ✔ 端点齐备且 CognitoJwt 认证：上传会话/complete/列表/详情 (2.475563ms)
verify	UNKNOWN STEP	2026-10-06T06:24:28.8226333Z ✔ packageType/sha256 与 CT-03 OTA Schema 一致；创建字段封闭且签名必填 (0.289008ms)
verify	UNKNOWN STEP	2026-10-06T06:24:28.8317802Z ✔ 状态机封闭：UPLOADED/VERIFIED/RETIRED；可发布=VERIFIED；视图不泄露信任根 (0.330867ms)
verify	UNKNOWN STEP	2026-10-06T06:24:28.8346810Z ✔ 所有 $ref 可解析（内部引用 + 同目录相对引用 openapi-base.json） (1.305182ms)
verify	UNKNOWN STEP	2026-10-06T06:24:29.0241082Z ✔ 端点存在且 Cognito 认证；三端点（create/list/detail）响应码齐备 (3.650302ms)
verify	UNKNOWN STEP	2026-10-06T06:24:29.0275606Z ✔ ReplayJob 视图七字段封闭；状态枚举与统计字段齐备；scope 封闭 (0.378104ms)
verify	UNKNOWN STEP	2026-10-06T06:24:29.0324828Z ✔ 所有 $ref 可解析（内部引用 + 同目录相对引用 openapi-base.json） (1.033276ms)
verify	UNKNOWN STEP	2026-10-06T06:24:29.0555057Z ✔ 端点齐备且 CognitoJwt 认证：列表/读取/更新（无删除与新建路由） (2.662932ms)
verify	UNKNOWN STEP	2026-10-06T06:24:29.0589312Z ✔ 封闭 key 集与乐观锁版本控制；固定枚举不可经 API 改写 (0.551287ms)
verify	UNKNOWN STEP	2026-10-06T06:24:29.0606066Z ✔ 所有 $ref 可解析（内部引用 + openapi-base.json） (1.006806ms)
verify	UNKNOWN STEP	2026-10-06T06:24:29.1651057Z ✔ 六端点齐备且 Cognito 认证；写操作声明 If-Match；响应码齐备 (2.557956ms)
verify	UNKNOWN STEP	2026-10-06T06:24:29.1659455Z ✔ Site 视图字段封闭（含 deviceCount/version）；status 枚举；请求体封闭且更新体不含 customerId (0.328663ms)
verify	UNKNOWN STEP	2026-10-06T06:24:29.1669903Z ✔ 所有 $ref 可解析（内部引用 + 同目录相对引用 openapi-base.json） (2.50619ms)
verify	UNKNOWN STEP	2026-10-06T06:24:29.3175478Z ✔ 端点齐备且 CognitoJwt 认证：列表/邀请/角色/scope/停用/密码重置 (1.991641ms)
verify	UNKNOWN STEP	2026-10-06T06:24:29.3207761Z ✔ 角色封闭集与 DEC-012 映射；输入不含密码字段；响应不含凭证材料 (0.286163ms)
verify	UNKNOWN STEP	2026-10-06T06:24:29.3215821Z ✔ 所有 $ref 可解析（内部引用 + openapi-base.json） (1.232286ms)
verify	UNKNOWN STEP	2026-10-06T06:24:29.3962117Z ✔ 端点存在且使用 Device mTLS 认证 (2.368674ms)
verify	UNKNOWN STEP	2026-10-06T06:24:29.3978240Z ✔ 轮换契约：请求强制 currentCertificateId；响应五字段；409/403/400/401 齐整 (0.549644ms)
verify	UNKNOWN STEP	2026-10-06T06:24:29.3981820Z ✔ 状态契约为四态枚举且响应不含 PEM/私钥字段 (0.360652ms)
verify	UNKNOWN STEP	2026-10-06T06:24:29.3991983Z ✔ 状态查询由 mTLS 身份定位证书，不增加源稿未定义的 deviceId Query (0.186958ms)
verify	UNKNOWN STEP	2026-10-06T06:24:29.4004483Z ✔ 所有 $ref 可解析（内部引用 + 同目录相对引用 openapi-base.json） (1.090602ms)
verify	UNKNOWN STEP	2026-10-06T06:24:29.5302783Z ✔ deactivate 端点齐备且 DeviceMtls 认证；响应码齐备 (2.324632ms)
verify	UNKNOWN STEP	2026-10-06T06:24:29.5348547Z ✔ 响应视图封闭：退役记录 + 证书摘要（无证书材料字段）；幂等字段齐备 (0.474574ms)
verify	UNKNOWN STEP	2026-10-06T06:24:29.5395793Z ✔ 所有 $ref 可解析（内部引用 + 同目录相对引用 openapi-base.json） (0.791354ms)
verify	UNKNOWN STEP	2026-10-06T06:24:29.6298604Z ✔ BE-ONB-01 端点存在且 CSR 首次申请无需预置 Token (1.854495ms)
verify	UNKNOWN STEP	2026-10-06T06:24:29.6316433Z ✔ 请求体包含设备资料和必填 CSR (0.259684ms)
verify	UNKNOWN STEP	2026-10-06T06:24:29.6325872Z ✔ 成功响应含 requestId 与 PENDING 状态（200 幂等重放 / 201 新建） (0.233195ms)
verify	UNKNOWN STEP	2026-10-06T06:24:29.6345895Z ✔ 匿名申请负向响应覆盖稳定错误码语义：400/404/409/429/500 (0.197317ms)
verify	UNKNOWN STEP	2026-10-06T06:24:29.6347484Z ✔ 所有 $ref 可解析（内部引用 + 同目录相对引用 openapi-base.json） (0.701167ms)
verify	UNKNOWN STEP	2026-10-06T06:24:29.6348808Z ✔ BE-ONB-03 status 端点：requestId 与 CSR 私钥签名，三态响应不含设备私钥 (0.301773ms)
verify	UNKNOWN STEP	2026-10-06T06:24:29.7369324Z ✔ BE-OTA-03 下载兑换必须使用 Device mTLS 且绑定 target/token (2.144787ms)
verify	UNKNOWN STEP	2026-10-06T06:24:29.7396025Z ✔ 一次性兑换响应禁止缓存，并封闭安全失败状态 (0.365011ms)
verify	UNKNOWN STEP	2026-10-06T06:24:29.9047265Z ✔ 六个设备 Endpoint 的 Method、Path 完整且认证方式符合 DEC-025 (2.328209ms)
verify	UNKNOWN STEP	2026-10-06T06:24:29.9086043Z ✔ Onboarding 按 DEC-026 增加 chain 与 REST，保留顶层结构，不使用 data/meta 包裹 (0.249835ms)
verify	UNKNOWN STEP	2026-10-06T06:24:29.9131676Z ✔ Certificate 与 Sync 关键字段遵循源稿日期、枚举、用户和配置结构 (0.367294ms)
verify	UNKNOWN STEP	2026-10-06T06:24:29.9157381Z ✔ 管理端 License/Device 投影不把源稿 OTA entitlement 改名为 OTA_UPDATE (0.21432ms)
verify	UNKNOWN STEP	2026-10-06T06:24:29.9164628Z ✔ 所有 REST OpenAPI 使用当前正式决策登记版本且无非法 SEC 决策引用 (21.771188ms)
verify	UNKNOWN STEP	2026-10-06T06:24:29.9835640Z ✔ sync 端点齐备且 DeviceMtls 认证；响应码齐备 (1.616122ms)
verify	UNKNOWN STEP	2026-10-06T06:24:29.9851185Z ✔ 请求体封闭：lastSyncTime 与可选许可证确认 (0.162744ms)
verify	UNKNOWN STEP	2026-10-06T06:24:29.9852994Z ✔ 快照顶层与源稿六域同形，兼容元数据不成为必填线协议 (0.524136ms)
verify	UNKNOWN STEP	2026-10-06T06:24:29.9854579Z ✔ Retired 退役确认待处理设备仍可 Sync，契约不在认证层全局拒绝 (0.197659ms)
verify	UNKNOWN STEP	2026-10-06T06:24:29.9855953Z ✔ 所有 $ref 可解析（内部引用 + 同目录相对引用 openapi-base.json） (0.827462ms)
verify	UNKNOWN STEP	2026-10-06T06:24:29.9857111Z ✔ 许可证确认绑定版本与快照，规范验签输入保留完整UTC时间 (0.237322ms)
verify	UNKNOWN STEP	2026-10-06T06:24:30.0937562Z ✔ 基座 SuccessResponse 结构：data + meta(requestId, UTC timestamp) (3.17701ms)
verify	UNKNOWN STEP	2026-10-06T06:24:30.0962486Z ✔ 游标分页响应与往返解析 (0.487488ms)
verify	UNKNOWN STEP	2026-10-06T06:24:30.0971727Z ✔ 非法游标返回 CURSOR_INVALID（400） (0.778841ms)
verify	UNKNOWN STEP	2026-10-06T06:24:30.0972805Z ✔ limit 归一化：默认 50，范围 1~100 (0.474074ms)
verify	UNKNOWN STEP	2026-10-06T06:24:30.0984619Z ✔ Idempotency-Key：缺失/非法被拒绝，合法值透传 (0.374668ms)
verify	UNKNOWN STEP	2026-10-06T06:24:30.0985644Z ✔ If-Match 并发版本冲突返回确定的 409 (1.081245ms)
verify	UNKNOWN STEP	2026-10-06T06:24:30.1000124Z ✔ 验证失败有确定响应（400 + VALIDATION_FAILED） (0.334453ms)
verify	UNKNOWN STEP	2026-10-06T06:24:30.1001338Z ✔ 异常映射器不泄露堆栈、SQL 或 AWS 内部错误 (0.261277ms)
verify	UNKNOWN STEP	2026-10-06T06:24:30.1002847Z ✔ 错误码目录、HTTP 状态映射与 OpenAPI ErrorCode 枚举三者一致 (0.876022ms)
verify	UNKNOWN STEP	2026-10-06T06:24:30.1004350Z ✔ OpenAPI 基座结构有效：四个 API 分组与安全方案 (0.750759ms)
verify	UNKNOWN STEP	2026-10-06T06:24:30.1005681Z ✔ OpenAPI 基座所有内部 $ref 均可解析（无悬空引用） (0.633952ms)
verify	UNKNOWN STEP	2026-10-06T06:24:30.2322305Z ✔ 设备端：上传会话端点齐备且 DeviceMtls 认证；输入封闭；objectPath 由服务端签发 (1.550409ms)
verify	UNKNOWN STEP	2026-10-06T06:24:30.2338273Z ✔ 管理端：列表/下载端点齐备且 CognitoJwt 认证；视图不泄露内部存储信息 (0.415144ms)
verify	UNKNOWN STEP	2026-10-06T06:24:30.2342826Z ✔ Media 状态枚举封闭（AVAILABLE/DELETED）；配额/大小/TTL 引用 DEC-024 冻结值 (0.357646ms)
verify	UNKNOWN STEP	2026-10-06T06:24:30.2352177Z ✔ 所有 $ref 可解析（内部引用 + openapi-base.json） (1.11103ms)
verify	UNKNOWN STEP	2026-10-06T06:24:30.3700962Z ✔ 策略 JSON 通过自身 JSON Schema 结构校验 (2.782675ms)
verify	UNKNOWN STEP	2026-10-06T06:24:30.3727691Z ✔ 负向结构：非法枚举、非空待冻结参数与缺失字段被 Schema 拒绝 (1.444802ms)
verify	UNKNOWN STEP	2026-10-06T06:24:30.3729693Z ✔ x-decision-versions 引用 DEC-003 且版本与决策登记一致 (0.228736ms)
verify	UNKNOWN STEP	2026-10-06T06:24:30.3745615Z ✔ 暂定值定性规则可执行：KMS 信封、一次性领取、成功即销毁、丢失重签 (0.268621ms)
verify	UNKNOWN STEP	2026-10-06T06:24:30.3747121Z ✔ 冻结参数可直接执行：24 小时、一次成功领取、无待定参数 (0.285341ms)
verify	UNKNOWN STEP	2026-10-06T06:24:30.3749548Z ✔ 策略消费者均为合法任务 ID 且覆盖 DEC-003 阻塞任务与 SEC-01 (0.402419ms)
verify	UNKNOWN STEP	2026-10-06T06:24:30.3750869Z ✔ TS 常量与 certificate-package-policy.json 完全一致 (0.752843ms)
verify	UNKNOWN STEP	2026-10-06T06:24:30.5006065Z ✔ 策略 JSON 通过自身 JSON Schema 结构校验 (2.001419ms)
verify	UNKNOWN STEP	2026-10-06T06:24:30.5028475Z ✔ 负向结构：复用云端 Hash、非独立 salt 与非法字段被 Schema 拒绝 (0.927378ms)
verify	UNKNOWN STEP	2026-10-06T06:24:30.5031314Z ✔ x-decision-versions 引用 DEC-004 且版本与决策登记一致 (0.169547ms)
verify	UNKNOWN STEP	2026-10-06T06:24:30.5032599Z ✔ 暂定值定性规则可执行：设备本地专用、禁复用云端 Hash、每用户 salt、仅 Sync 下发 (0.325086ms)
verify	UNKNOWN STEP	2026-10-06T06:24:30.5033624Z ✔ 冻结参数可直接执行：Argon2id PHC、固定参数与长度 (0.316911ms)
verify	UNKNOWN STEP	2026-10-06T06:24:30.5034975Z ✔ 策略消费者均为合法任务 ID 且覆盖 DEC-004 阻塞任务 (0.290922ms)
verify	UNKNOWN STEP	2026-10-06T06:24:30.5036035Z ✔ TS 常量与 device-user-verifier-policy.json 完全一致 (0.362426ms)
verify	UNKNOWN STEP	2026-10-06T06:24:30.5999344Z ✔ 策略 JSON 通过自身 JSON Schema 结构校验 (2.721632ms)
verify	UNKNOWN STEP	2026-10-06T06:24:30.6007862Z ✔ 负向结构：跳过服务端验签、非失败关闭与内嵌信任根被 Schema 拒绝 (1.617935ms)
verify	UNKNOWN STEP	2026-10-06T06:24:30.6015137Z ✔ 暂定值定性规则可执行：服务端验签强制、失败关闭、载荷字段锁定、信任根带外分发 (0.508297ms)
verify	UNKNOWN STEP	2026-10-06T06:24:30.6019016Z ✔ DEC-022 冻结算法、信任根类型、编码且无待定参数 (0.220942ms)
verify	UNKNOWN STEP	2026-10-06T06:24:30.6030318Z ✔ DEC-022 固定 RSA/SHA-256 测试向量可复验 (1.73335ms)
verify	UNKNOWN STEP	2026-10-06T06:24:30.6031255Z ✔ 策略消费者均为合法任务 ID 且覆盖 BE-OTA-01 (0.3861ms)
verify	UNKNOWN STEP	2026-10-06T06:24:30.6032928Z ✔ TS 常量与 ota-package-signature-policy.json 完全一致 (0.40248ms)
verify	UNKNOWN STEP	2026-10-06T06:24:30.8286042Z ✔ 四类业务设置共享版本化 JSON Schema 与运行时校验器 (79.759262ms)
verify	UNKNOWN STEP	2026-10-06T06:24:30.8531553Z ℹ tests 302
verify	UNKNOWN STEP	2026-10-06T06:24:30.8532003Z ℹ suites 0
verify	UNKNOWN STEP	2026-10-06T06:24:30.8532347Z ℹ pass 302
verify	UNKNOWN STEP	2026-10-06T06:24:30.8532740Z ℹ fail 0
verify	UNKNOWN STEP	2026-10-06T06:24:30.8533154Z ℹ cancelled 0
verify	UNKNOWN STEP	2026-10-06T06:24:30.8533598Z ℹ skipped 0
verify	UNKNOWN STEP	2026-10-06T06:24:30.8534198Z ℹ todo 0
verify	UNKNOWN STEP	2026-10-06T06:24:30.8534667Z ℹ duration_ms 7233.234963
verify	UNKNOWN STEP	2026-10-06T06:24:31.1912911Z 
verify	UNKNOWN STEP	2026-10-06T06:24:31.1914572Z > food-digester-platform@0.0.0 test:scripts /home/runner/work/food-digester-platform/food-digester-platform
verify	UNKNOWN STEP	2026-10-06T06:24:31.1915974Z > node --import tsx --test scripts/*.test.mjs
verify	UNKNOWN STEP	2026-10-06T06:24:31.1916396Z 
verify	UNKNOWN STEP	2026-10-06T06:24:36.0425296Z ✔ bootstrap input is bound to the normalized email and never accepts a password (2.269599ms)
verify	UNKNOWN STEP	2026-10-06T06:24:36.0446162Z ✔ successful bootstrap creates Cognito identity before committing linked database user (0.617461ms)
verify	UNKNOWN STEP	2026-10-06T06:24:36.0449107Z ✔ non-pristine Cognito or database fails before any mutation (0.538123ms)
verify	UNKNOWN STEP	2026-10-06T06:24:36.0453352Z ✔ database failure deletes Cognito identity and records compensated failure (0.578047ms)
verify	UNKNOWN STEP	2026-10-06T06:24:36.0455226Z ✔ failed Cognito compensation keeps reconciliation required (0.71388ms)
verify	UNKNOWN STEP	2026-10-06T06:24:36.0456752Z ✔ source approval requires exact SHA and packager embeds committed SHA (4553.542244ms)
verify	UNKNOWN STEP	2026-10-06T06:24:36.0458445Z ✔ runner without approved source fails closed without leaking configuration (64.249732ms)
verify	UNKNOWN STEP	2026-10-06T06:24:36.0856905Z ✔ serial and parallel repeated browser receipts are validated (8.938056ms)
verify	UNKNOWN STEP	2026-10-06T06:24:36.0885530Z ✔ fail closed: missing required flow (0.766698ms)
verify	UNKNOWN STEP	2026-10-06T06:24:36.0915363Z ✔ fail closed: skipped execution (0.454957ms)
verify	UNKNOWN STEP	2026-10-06T06:24:36.0927217Z ✔ fail closed: flaky execution (0.388655ms)
verify	UNKNOWN STEP	2026-10-06T06:24:36.0936015Z ✔ fail closed: retry hides failure (0.433878ms)
verify	UNKNOWN STEP	2026-10-06T06:24:36.0937164Z ✔ fail closed: unexpected error (0.414202ms)
verify	UNKNOWN STEP	2026-10-06T06:24:36.0938248Z ✔ fail closed: missing isolated trace (0.399295ms)
verify	UNKNOWN STEP	2026-10-06T06:24:36.0939300Z ✔ fail closed: data prefix reused (2.243761ms)
verify	UNKNOWN STEP	2026-10-06T06:24:36.0940300Z ✔ fail closed: context cleanup failed (0.473682ms)
verify	UNKNOWN STEP	2026-10-06T06:24:36.0941296Z ✔ fail closed: unmocked network request (0.619434ms)
verify	UNKNOWN STEP	2026-10-06T06:24:36.0942280Z ✔ fail closed: missing role proof (0.681049ms)
verify	UNKNOWN STEP	2026-10-06T06:24:36.0943215Z ✔ fail closed: wrong route permission (0.720673ms)
verify	UNKNOWN STEP	2026-10-06T06:24:36.0944443Z ✔ fail closed: Auditor OTA write enabled (0.681079ms)
verify	UNKNOWN STEP	2026-10-06T06:24:36.1006500Z ✔ fail closed: missing MFA assertion (0.630685ms)
verify	UNKNOWN STEP	2026-10-06T06:24:36.1065553Z ✔ fail closed: missing conflict response (1.477513ms)
verify	UNKNOWN STEP	2026-10-06T06:24:36.1116206Z ✔ fail closed: missing forbidden response (2.064948ms)
verify	UNKNOWN STEP	2026-10-06T06:24:36.1135158Z ✔ fail closed: missing repeat (0.283799ms)
verify	UNKNOWN STEP	2026-10-06T06:24:36.1139136Z ✔ repeat traces cannot duplicate the first execution (0.666182ms)
verify	UNKNOWN STEP	2026-10-06T06:24:36.1140865Z ✔ manifest exactly matches independent Playwright discovery (1641.764806ms)
verify	UNKNOWN STEP	2026-10-06T06:24:36.1141941Z ✔ discovery fails closed: missing case (0.790882ms)
verify	UNKNOWN STEP	2026-10-06T06:24:36.1142751Z ✔ discovery fails closed: extra case (0.38711ms)
verify	UNKNOWN STEP	2026-10-06T06:24:36.1143745Z ✔ discovery fails closed: duplicate replacing required case (0.336616ms)
verify	UNKNOWN STEP	2026-10-06T06:24:36.1145194Z ✔ old Viewer permission cannot pass the updated matrix (0.73089ms)
verify	UNKNOWN STEP	2026-10-06T06:24:36.1146562Z ✔ required behavioral proof cannot be missing: QA-09 设备管理长别名和序列号在375px完整换行且不裁切 (1.173343ms)
verify	UNKNOWN STEP	2026-10-06T06:24:36.1147974Z ✔ required behavioral proof cannot be missing: H-01 API 拒绝停用会话后清除浏览器会话并返回登录 (1.154087ms)
verify	UNKNOWN STEP	2026-10-06T06:24:36.1149907Z ✔ required behavioral proof cannot be missing: M-01 CustomerViewer 从菜单查询设备用户详情，全部写入口隐藏 (0.992126ms)
verify	UNKNOWN STEP	2026-10-06T06:24:36.1151578Z ✔ required behavioral proof cannot be missing: UI redesign: all business routes at 1366x768 (0.633609ms)
verify	UNKNOWN STEP	2026-10-06T06:24:36.1153293Z ✔ required behavioral proof cannot be missing: UI redesign: all business routes at 1440x900 (1.75187ms)
verify	UNKNOWN STEP	2026-10-06T06:24:36.1155248Z ✔ required behavioral proof cannot be missing: UI redesign: all business routes at 1920x1080 (0.560934ms)
verify	UNKNOWN STEP	2026-10-06T06:24:36.1157047Z ✔ required behavioral proof cannot be missing: QA05 login SRP MFA error success logout without persisting password (0.438466ms)
verify	UNKNOWN STEP	2026-10-06T06:24:36.1159019Z ✔ required behavioral proof cannot be missing: QA05 ESG cursor totals export snapshot timezone and empty state (0.370189ms)
verify	UNKNOWN STEP	2026-10-06T06:24:36.1161051Z ✔ required behavioral proof cannot be missing: QA05 Command dangerous confirmation terminal result and publish failure (1.259223ms)
verify	UNKNOWN STEP	2026-10-06T06:24:36.1163067Z ✔ required behavioral proof cannot be missing: QA05 Media expiry renew 403 and audit read-only zero writes (0.378825ms)
verify	UNKNOWN STEP	2026-10-06T06:24:36.1214418Z ✔ serial and repeated phases require all 108 independent prefixes (1.544654ms)
verify	UNKNOWN STEP	2026-10-06T06:24:36.1216088Z ✔ phase budget accounts for startup, executions and worker slots, with a finite ceiling (0.442563ms)
verify	UNKNOWN STEP	2026-10-06T06:24:36.1217420Z ✔ invalid phase budget rejected: repeat=0 workers=1 (0.318994ms)
verify	UNKNOWN STEP	2026-10-06T06:24:36.1218469Z ✔ invalid phase budget rejected: repeat=1 workers=0 (0.144729ms)
verify	UNKNOWN STEP	2026-10-06T06:24:36.1219526Z ✔ invalid phase budget rejected: repeat=0.5 workers=1 (0.087443ms)
verify	UNKNOWN STEP	2026-10-06T06:24:36.1220589Z ✔ invalid phase budget rejected: repeat=1 workers=0.5 (0.093935ms)
verify	UNKNOWN STEP	2026-10-06T06:24:36.1221692Z ✔ invalid phase budget rejected: repeat=Infinity workers=1 (0.097933ms)
verify	UNKNOWN STEP	2026-10-06T06:24:36.1222802Z ✔ invalid phase budget rejected: repeat=1 workers=NaN (0.089016ms)
verify	UNKNOWN STEP	2026-10-06T06:24:36.1224319Z ✔ real child-process timeout is classified and cannot create a successful phase (53.183901ms)
verify	UNKNOWN STEP	2026-10-06T06:24:36.1225538Z ✔ failed/killed process cannot pass: status=1 (0.243753ms)
verify	UNKNOWN STEP	2026-10-06T06:24:36.1226512Z ✔ failed/killed process cannot pass: status=null (0.142315ms)
verify	UNKNOWN STEP	2026-10-06T06:24:36.1227664Z ✔ spawn errors reject without disclosing raw process error details (0.622499ms)
verify	UNKNOWN STEP	2026-10-06T06:24:36.1229001Z ✔ successful process may proceed to the strict report and trace validator (0.666871ms)
verify	UNKNOWN STEP	2026-10-06T06:24:36.1230068Z ✔ 真实 OpenAPI 片段可确定性打包且无外部引用 (117.541377ms)
verify	UNKNOWN STEP	2026-10-06T06:24:36.1230807Z ✔ bundle 新鲜度检查拒绝缺失或过期产物 (196.211699ms)
verify	UNKNOWN STEP	2026-10-06T06:24:36.1231587Z ✔ 失败示例：非法 OpenAPI 版本与缺少 responses 被拒绝 (0.519728ms)
verify	UNKNOWN STEP	2026-10-06T06:24:36.1232434Z ✔ 失败示例：全局重复 operationId 被拒绝 (0.298456ms)
verify	UNKNOWN STEP	2026-10-06T06:24:36.1233172Z ✔ 失败示例：非法 parameter 与 Schema 被拒绝 (0.45048ms)
verify	UNKNOWN STEP	2026-10-06T06:24:36.1233930Z ✔ 仓库提交的统一 bundle 与当前片段一致 (43.056621ms)
verify	UNKNOWN STEP	2026-10-06T06:24:36.1265969Z ✔ scoped Gate accepts the archived real-target receipt, without promoting full acceptance (21.200895ms)
verify	UNKNOWN STEP	2026-10-06T06:24:36.1267688Z ✔ scoped Gate rejects missing role (30.63072ms)
verify	UNKNOWN STEP	2026-10-06T06:24:36.1268489Z ✔ scoped Gate rejects wrong SHA (19.839011ms)
verify	UNKNOWN STEP	2026-10-06T06:24:36.1269309Z ✔ scoped Gate rejects unverified Lambda (20.644218ms)
verify	UNKNOWN STEP	2026-10-06T06:24:36.1270153Z ✔ scoped Gate rejects runtime drift (17.839782ms)
verify	UNKNOWN STEP	2026-10-06T06:24:36.1271217Z ✔ scoped Gate rejects mocked API (16.244644ms)
verify	UNKNOWN STEP	2026-10-06T06:24:36.1272025Z ✔ scoped Gate rejects empty tenant (14.339239ms)
verify	UNKNOWN STEP	2026-10-06T06:24:36.1272945Z ✔ scoped Gate rejects cross-Customer list leak (14.649245ms)
verify	UNKNOWN STEP	2026-10-06T06:24:36.1273955Z ✔ scoped Gate rejects Viewer mutation accepted (16.303193ms)
verify	UNKNOWN STEP	2026-10-06T06:24:36.1275134Z ✔ scoped Gate rejects expired old Token (26.873038ms)
verify	UNKNOWN STEP	2026-10-06T06:24:36.1276062Z ✔ scoped Gate rejects two duplicate successes (13.309805ms)
verify	UNKNOWN STEP	2026-10-06T06:24:36.1277053Z ✔ scoped Gate rejects two optimistic successes (12.432463ms)
verify	UNKNOWN STEP	2026-10-06T06:24:36.1277957Z ✔ scoped Gate rejects bundled Firefox (11.49686ms)
verify	UNKNOWN STEP	2026-10-06T06:24:36.1278919Z ✔ scoped Gate rejects missing browser-role case (13.406153ms)
verify	UNKNOWN STEP	2026-10-06T06:24:36.1279859Z ✔ scoped Gate rejects persisted edit belongs to another record (13.748279ms)
verify	UNKNOWN STEP	2026-10-06T06:24:36.1280538Z ✔ scoped Gate rejects forbidden page rendered as business page (12.424014ms)
verify	UNKNOWN STEP	2026-10-06T06:24:36.1281082Z ✔ scoped Gate rejects missing screenshot (6.274464ms)
verify	UNKNOWN STEP	2026-10-06T06:24:36.1281639Z ✔ scoped Gate rejects cleanup duplicate hides missing ID (15.616966ms)
verify	UNKNOWN STEP	2026-10-06T06:24:36.1282167Z ✔ scoped Gate rejects cleanup incomplete (15.115514ms)
verify	UNKNOWN STEP	2026-10-06T06:24:36.1282683Z ✔ scoped Gate rejects private credentials retained (11.591636ms)
verify	UNKNOWN STEP	2026-10-06T06:24:36.1283163Z ✔ scoped Gate rejects scope promoted (16.19959ms)
verify	UNKNOWN STEP	2026-10-06T06:24:36.1283600Z ✔ 当前管理后台源代码满足入口与组合根交付约束 (33.88388ms)
verify	UNKNOWN STEP	2026-10-06T06:24:36.1283939Z ✔ 缺少入口和构建产物时失败关闭 (0.810007ms)
verify	UNKNOWN STEP	2026-10-06T06:24:36.1284935Z ✔ FE-06 至 FE-19 任一任务或路由从事实源缺失时失败关闭 (12.773107ms)
verify	UNKNOWN STEP	2026-10-06T06:24:36.1285706Z ✔ FE-11 至 FE-15 任一任务、路由或页面标识缺失时失败关闭 (10.465149ms)
verify	UNKNOWN STEP	2026-10-06T06:24:36.1286532Z ✔ FE-06 至 FE-15 任一控制器或 operationId 缺失时失败关闭 (8.614929ms)
verify	UNKNOWN STEP	2026-10-06T06:24:36.1287341Z ✔ FE-11 至 FE-15 控制器或 operationId 缺失时失败关闭 (12.379552ms)
verify	UNKNOWN STEP	2026-10-06T06:24:36.1288224Z ✔ FE-16 至 FE-19 任一任务、路由、控制器、页面标识或 operationId 缺失时失败关闭 (12.1146ms)
verify	UNKNOWN STEP	2026-10-06T06:24:36.1289003Z ✔ App 移除显式页面分支时失败关闭 (10.796457ms)
verify	UNKNOWN STEP	2026-10-06T06:24:36.1289684Z ✔ 完整目标回执覆盖双提交、隔离环境、五角色、七路由、五闭环与清理 (152.447052ms)
verify	UNKNOWN STEP	2026-10-06T06:24:36.1290430Z ✔ 缺路由、角色、闭环或审计拒绝角色时失败关闭 (79.494892ms)
verify	UNKNOWN STEP	2026-10-06T06:24:36.1291263Z ✔ mock、泄露、短链持久化、危险操作与只读写请求均失败关闭 (52.587262ms)
verify	UNKNOWN STEP	2026-10-06T06:24:36.1292108Z ✔ 缺失回执、双部署提交漂移、HEAD 不一致与未清理均失败关闭 (67.339548ms)
verify	UNKNOWN STEP	2026-10-06T06:24:36.1292897Z ✔ 目标 Gate 是显式发布步骤且不进入普通 verify (0.733935ms)
verify	UNKNOWN STEP	2026-10-06T06:24:36.1293689Z ✔ 完整回执覆盖双提交、隔离环境、五角色、五路由、四闭环、隐私、双语布局与清理 (143.417771ms)
verify	UNKNOWN STEP	2026-10-06T06:24:36.1294771Z ✔ 缺路由、角色、闭环、locale 或 viewport 时失败关闭 (56.958924ms)
verify	UNKNOWN STEP	2026-10-06T06:24:36.1295474Z ✔ mock、权限、并发、泄露或布局不合格时失败关闭 (55.763631ms)
verify	UNKNOWN STEP	2026-10-06T06:24:36.1296186Z ✔ 缺失回执、双部署提交漂移、HEAD 不一致与未清理均失败关闭 (71.029802ms)
verify	UNKNOWN STEP	2026-10-06T06:24:36.1296850Z ✔ 目标 Gate 是显式发布步骤且不进入普通 verify (0.55914ms)
verify	UNKNOWN STEP	2026-10-06T06:24:36.1297970Z ✔ 完整路由、五角色、五业务闭环、租户、并发、敏感字段与清理回执通过 (2.935983ms)
verify	UNKNOWN STEP	2026-10-06T06:24:36.1298616Z ✔ 缺路由、角色或业务闭环时失败关闭 (0.498117ms)
verify	UNKNOWN STEP	2026-10-06T06:24:36.1299334Z ✔ Cognito、部署 API、跨租户、并发与敏感字段证据不满足约束时失败关闭 (0.549502ms)
verify	UNKNOWN STEP	2026-10-06T06:24:36.1300112Z ✔ 缺失回执、部署提交或 sourceCommit 不一致时失败关闭 (0.910724ms)
verify	UNKNOWN STEP	2026-10-06T06:24:36.1301164Z ✔ 完整的 58 API、五角色、并发、ESG 与清理目标 AWS 回执通过 (3.239317ms)
verify	UNKNOWN STEP	2026-10-06T06:24:36.1306097Z ✔ 58 个回执 operationId 与九份正式业务 OpenAPI 精确一致 (5.874851ms)
verify	UNKNOWN STEP	2026-10-06T06:24:36.1306918Z ✔ API 缺项、角色缺项与跨 Customer 放行均失败关闭 (0.987527ms)
verify	UNKNOWN STEP	2026-10-06T06:24:36.1307651Z ✔ 并发或 ESG 证据不满足生产约束时失败关闭 (0.45662ms)
verify	UNKNOWN STEP	2026-10-06T06:24:36.1308376Z ✔ 缺失回执与 sourceCommit 不匹配均失败关闭 (1.588735ms)
verify	UNKNOWN STEP	2026-10-06T06:24:36.1309123Z ✔ 完整覆盖 25 API、五角色、竞态、退役与导出的隔离 AWS 回执通过 (3.104997ms)
verify	UNKNOWN STEP	2026-10-06T06:24:36.1310057Z ✔ 缺 operation、跨租户放行、竞态双成功、证书未失活与 MQTT/S3 缺口均失败关闭 (0.832228ms)
verify	UNKNOWN STEP	2026-10-06T06:24:36.1310923Z ✔ operation 成功状态与负向状态集合不完整时失败关闭 (0.474903ms)
verify	UNKNOWN STEP	2026-10-06T06:24:36.1311835Z ✔ 回执缺失、非法 JSON 或 sourceCommit 不一致时独立发布 Gate 失败 (1.271076ms)
verify	UNKNOWN STEP	2026-10-06T06:24:36.1312779Z ✔ 完整 Archive、Replay、Summary 目标 AWS 回执通过 (2.870641ms)
verify	UNKNOWN STEP	2026-10-06T06:24:36.1313675Z ✔ 缺探针、重复归档、Replay 复制业务行和空 Summary 均失败关闭 (0.665728ms)
verify	UNKNOWN STEP	2026-10-06T06:24:36.1316874Z ✔ 缺少回执或提交不一致时独立 Gate 失败 (1.103973ms)
verify	UNKNOWN STEP	2026-10-06T06:24:36.1317707Z ✔ 完整隔离 AWS 回执覆盖 8 Topic、负向路径、QA-03 与清理时通过 (2.093695ms)
verify	UNKNOWN STEP	2026-10-06T06:24:36.1318767Z ✔ 缺 Topic、未知 Topic 命中、Error Action 未恢复和原文漂移均失败关闭 (0.537119ms)
verify	UNKNOWN STEP	2026-10-06T06:24:36.1319654Z ✔ 未提供目标 AWS 回执时独立发布 Gate 明确失败 (0.700954ms)
verify	UNKNOWN STEP	2026-10-06T06:24:36.1320362Z ✔ 回执必须对应待发布的精确 Git 提交 (0.707837ms)
verify	UNKNOWN STEP	2026-10-06T06:24:36.1321229Z ✔ 完整的 15 API、角色、Cognito、并发、S3、Dashboard、审计与清理回执通过 (2.888484ms)
verify	UNKNOWN STEP	2026-10-06T06:24:36.1322140Z ✔ 15 个 operationId 与六份正式 OpenAPI 精确一致 (2.052869ms)
verify	UNKNOWN STEP	2026-10-06T06:24:36.1322931Z ✔ API、角色、租户或安全/并发探针缺口均失败关闭 (0.706685ms)
verify	UNKNOWN STEP	2026-10-06T06:24:36.1323749Z ✔ 缺失回执与 sourceCommit 不匹配均失败关闭 (1.002416ms)
verify	UNKNOWN STEP	2026-10-06T06:24:36.1324665Z ✔ 干净的依赖图通过检查 (4.49881ms)
verify	UNKNOWN STEP	2026-10-06T06:24:36.1325286Z ✔ 共享包反向依赖 apps 被识别为边界违规 (1.126756ms)
verify	UNKNOWN STEP	2026-10-06T06:24:36.1326013Z ✔ contracts 反向依赖 apps 被识别为边界违规 (1.130093ms)
verify	UNKNOWN STEP	2026-10-06T06:24:36.1326694Z ✔ apps 之间互相依赖被识别为边界违规 (0.913249ms)
verify	UNKNOWN STEP	2026-10-06T06:24:36.1327275Z ✔ 工作区循环依赖被检出 (1.414943ms)
verify	UNKNOWN STEP	2026-10-06T06:24:36.1327927Z ✔ 非工作区依赖（外部 npm 包）不参与检查 (0.644289ms)
verify	UNKNOWN STEP	2026-10-06T06:24:36.1328581Z ✔ 当前仓库通过边界与循环依赖检查 (1.34926ms)
verify	UNKNOWN STEP	2026-10-06T06:24:36.1329249Z ✔ CDK WARNING 与规则校验编号会触发 Gate (1.635543ms)
verify	UNKNOWN STEP	2026-10-06T06:24:36.1329983Z ✔ 正常 synth 输出不会误报 (1.207777ms)
verify	UNKNOWN STEP	2026-10-06T06:24:36.1330774Z ✔ 已交付 Lambda 缺失或回退到内联 501 占位时 Gate 失败 (0.700965ms)
verify	UNKNOWN STEP	2026-10-06T06:24:36.1331643Z ✔ 已交付 Lambda 使用 S3 asset 时 Gate 通过 (0.281524ms)
verify	UNKNOWN STEP	2026-10-06T06:24:36.1332485Z ✔ CMD/OTA 生产接线 Gate 对 Worker/调度任一缺失均失败关闭 (0.718536ms)
verify	UNKNOWN STEP	2026-10-06T06:24:36.1333349Z ✔ CMD/OTA 生产接线 Gate 对 IoT/S3/KMS 权限缺失失败关闭 (1.319395ms)
verify	UNKNOWN STEP	2026-10-06T06:24:36.1334471Z ✔ 真实登记文件：结构校验通过，并准确识别当前未决 DEC (6.111972ms)
verify	UNKNOWN STEP	2026-10-06T06:24:36.1335326Z ✔ 真实契约版本文件：decisionRegisterVersion 与登记一致 (2.272278ms)
verify	UNKNOWN STEP	2026-10-06T06:24:36.1336053Z ✔ 契约版本不一致被拒绝 (1.173974ms)
verify	UNKNOWN STEP	2026-10-06T06:24:36.1336751Z ✔ 重复决策 ID 被拒绝（已知冲突必须有唯一决策 ID） (0.578015ms)
verify	UNKNOWN STEP	2026-10-06T06:24:36.1337870Z ✔ 原则与决策之间 ID 也全局唯一 (0.431954ms)
verify	UNKNOWN STEP	2026-10-06T06:24:36.1338564Z ✔ pending 决策携带批准人被拒绝 (0.281854ms)
verify	UNKNOWN STEP	2026-10-06T06:24:36.1339273Z ✔ frozen 决策必须有批准人、批准时间和 >=1.0.0 版本 (0.422136ms)
verify	UNKNOWN STEP	2026-10-06T06:24:36.1339986Z ✔ blockingTasks 为空或格式非法被拒绝 (0.399363ms)
verify	UNKNOWN STEP	2026-10-06T06:24:36.1340676Z ✔ history 必须非空且末条版本与条目版本一致 (0.378314ms)
verify	UNKNOWN STEP	2026-10-06T06:24:36.1341272Z ✔ 非 UTC 时间戳被拒绝 (0.416655ms)
verify	UNKNOWN STEP	2026-10-06T06:24:36.1342734Z ✔ CLI validate 模式：真实文件退出码 0 且输出实际未决数；--fail-on-pending 按实际未决数返回 (3.016603ms)
verify	UNKNOWN STEP	2026-10-06T06:24:36.1343657Z ✔ CLI：结构错误退出码 1 (0.896878ms)
verify	UNKNOWN STEP	2026-10-06T06:24:36.1344948Z ✔ 追溯校验：合法 x-decision-versions 引用通过（Schema 可追溯到决策版本） (3.311561ms)
verify	UNKNOWN STEP	2026-10-06T06:24:36.1345826Z ✔ 追溯校验：不存在的决策 ID 被拒绝 (1.319585ms)
verify	UNKNOWN STEP	2026-10-06T06:24:36.1346486Z ✔ 追溯校验：引用版本与登记版本不一致被拒绝 (1.505211ms)
verify	UNKNOWN STEP	2026-10-06T06:24:36.1347288Z ✔ 追溯校验：缺少 x-decision-versions 或格式非法被拒绝 (1.663715ms)
verify	UNKNOWN STEP	2026-10-06T06:24:36.1349712Z ✔ 追溯校验：嵌套在 OpenAPI info 下的 x-decision-versions 可被递归发现 (1.600738ms)
verify	UNKNOWN STEP	2026-10-06T06:24:36.1350852Z ✔ 已交付 API（含管理后台 P1）的 129 个 OpenAPI operation 与生产路由双向一致 (17.043961ms)
verify	UNKNOWN STEP	2026-10-06T06:24:36.1351811Z ✔ 版本化已交付清单缺失、重复或引用不存在文件时失败关闭 (1.405105ms)
verify	UNKNOWN STEP	2026-10-06T06:24:36.1352563Z ✔ 缺失、额外、重复及 method/path 漂移均失败关闭 (0.523725ms)
verify	UNKNOWN STEP	2026-10-06T06:24:36.1353461Z ✔ CMD/OTA 治理 Gate 校验四份 REST 契约及 DEC-022/023 冻结状态 (9.085604ms)
verify	UNKNOWN STEP	2026-10-06T06:24:36.1354546Z ✔ 有效链接、无易漂移计数且工具链配对正确时通过 (3.430913ms)
verify	UNKNOWN STEP	2026-10-06T06:24:36.1355257Z ✔ 损坏的仓库内 Markdown 链接被拒绝 (0.785481ms)
verify	UNKNOWN STEP	2026-10-06T06:24:36.1355886Z ✔ 陈旧测试计数或不兼容工具链声明被拒绝 (0.708258ms)
verify	UNKNOWN STEP	2026-10-06T06:24:36.1356614Z ✔ 当前仓库 ENG/DB/DOM 与 IAC/AUTH/SEC 任务文档证据一致 (12.792361ms)
verify	UNKNOWN STEP	2026-10-06T06:24:36.1357391Z ✔ BE-IOT-01～08 文档全部纳入默认链接与证据门禁 (0.245086ms)
verify	UNKNOWN STEP	2026-10-06T06:24:36.1358168Z ✔ BE-ARC/RPL/ESG 四份文档及 P2 回归纳入默认证据门禁 (1.168745ms)
verify	UNKNOWN STEP	2026-10-06T06:24:36.1358896Z ✔ 11 份管理后台业务文档全部纳入默认链接与证据门禁 (0.16631ms)
verify	UNKNOWN STEP	2026-10-06T06:24:36.1359687Z ✔ BE-MED/RBAC/AUD/DASH/SET 五份文档纳入状态与 AWS 证据门禁 (0.134721ms)
verify	UNKNOWN STEP	2026-10-06T06:24:36.1360512Z ✔ FE-06～FE-10 五份前端文档纳入四层状态与目标回执门禁 (0.289048ms)
verify	UNKNOWN STEP	2026-10-06T06:24:36.1361263Z ✔ FE-11～FE-15 五份前端文档纳入四层状态与独立目标回执门禁 (0.345482ms)
verify	UNKNOWN STEP	2026-10-06T06:24:36.1362080Z ✔ 前端任务文档拒绝缺层级、问题责任字段、目标 Gate 和 P1 陈旧描述 (0.286423ms)
verify	UNKNOWN STEP	2026-10-06T06:24:36.1362961Z ✔ FE-11～FE-15 文档拒绝旧缺陷、任务级勾选及旧目标 Gate (0.269231ms)
verify	UNKNOWN STEP	2026-10-06T06:24:36.1363910Z ✔ BE-MED/RBAC/AUD/DASH/SET 文档拒绝缺状态层、陈旧参数和设置生效误述 (0.273169ms)
verify	UNKNOWN STEP	2026-10-06T06:24:36.1365113Z ✔ 管理后台业务文档拒绝缺证据引用和陈旧决策或部署说法 (0.223676ms)
verify	UNKNOWN STEP	2026-10-06T06:24:36.1365938Z ✔ BE-ARC/RPL/ESG 文档拒绝缺审计快照和生产接线边界外旧说法 (0.18305ms)
verify	UNKNOWN STEP	2026-10-06T06:24:36.1367215Z ✔ BE-IOT 文档拒绝缺少审计快照、Report P2002 与 Media 另路由旧说法 (0.282445ms)
verify	UNKNOWN STEP	2026-10-06T06:24:36.1368137Z ✔ BE-IOT 严格负向探针必须保留为可定位的永久回归 (0.810207ms)
verify	UNKNOWN STEP	2026-10-06T06:24:36.1368990Z ✔ 安全任务文档拒绝历史计数、缺少 verify 命令与陈旧 DEC-012 状态 (0.226992ms)
verify	UNKNOWN STEP	2026-10-06T06:24:36.1369825Z ✔ 安全任务文档接受当前命令、审计快照引用与 frozen 决策 (0.113081ms)
verify	UNKNOWN STEP	2026-10-06T06:24:36.1370661Z ✔ 当前仓库（DB-01 已落地）Migration 结构通过 (17.480282ms)
verify	UNKNOWN STEP	2026-10-06T06:24:36.1371436Z ✔ schema.prisma 未落地时跳过并通过（骨架期行为） (0.614232ms)
verify	UNKNOWN STEP	2026-10-06T06:24:36.1372375Z ✔ 失败示例：Schema 已存在但无任何 Migration（未提交 Migration） (0.613301ms)
verify	UNKNOWN STEP	2026-10-06T06:24:36.1373359Z ✔ 失败示例：migrations/ 为空且缺少 migration_lock.toml (0.70897ms)
verify	UNKNOWN STEP	2026-10-06T06:24:36.1375142Z ✔ 失败示例：Migration 目录名非法与空 migration.sql (1.191026ms)
verify	UNKNOWN STEP	2026-10-06T06:24:36.1375929Z ✔ 合法 Migration 结构通过 (2.049172ms)
verify	UNKNOWN STEP	2026-10-06T06:24:36.1376747Z ✔ 失败示例：已有旧 Migration 但 Schema 已变化且未登记快照 (0.836025ms)
verify	UNKNOWN STEP	2026-10-06T06:24:36.1377478Z ✔ 真实矩阵通过完整性检查 (5.326465ms)
verify	UNKNOWN STEP	2026-10-06T06:24:36.1378280Z ✔ 真实引用集合：41 个矩阵 API 与 13 个 routeId 全部可解析 (2.561333ms)
verify	UNKNOWN STEP	2026-10-06T06:24:36.1379298Z ✔ index19.html 源清单：9 个菜单、12 个页面、128 个元素与矩阵双向覆盖 (1.075303ms)
verify	UNKNOWN STEP	2026-10-06T06:24:36.1380162Z ✔ 真实矩阵：9 菜单、12 页面、每项均有处置结论 (0.926457ms)
verify	UNKNOWN STEP	2026-10-06T06:24:36.1380940Z ✔ 被拒绝的实时流、明文密码、状态混用不携带实现任务 (1.009091ms)
verify	UNKNOWN STEP	2026-10-06T06:24:36.1381827Z ✔ 矩阵的 x-decision-versions 可追溯到决策登记（DEC-007~012） (3.439198ms)
verify	UNKNOWN STEP	2026-10-06T06:24:36.1382584Z ✔ 缺少菜单或页面被拒绝 (1.039777ms)
verify	UNKNOWN STEP	2026-10-06T06:24:36.1383135Z ✔ 重复元素 ID 被拒绝 (0.358578ms)
verify	UNKNOWN STEP	2026-10-06T06:24:36.1383760Z ✔ Adapt/Reject 缺少依据被拒绝 (0.442555ms)
verify	UNKNOWN STEP	2026-10-06T06:24:36.1384764Z ✔ Adopt/Adapt 生产字段缺少 API 来源被拒绝 (0.482719ms)
verify	UNKNOWN STEP	2026-10-06T06:24:36.1385628Z ✔ rejectCategory 项非 Reject 或携带实现任务被拒绝 (0.464476ms)
verify	UNKNOWN STEP	2026-10-06T06:24:36.1386422Z ✔ 未知角色被拒绝（R7） (0.312282ms)
verify	UNKNOWN STEP	2026-10-06T06:24:36.1387191Z ✔ 格式合法但不存在的 operationId、routeId 与响应字段被拒绝 (3.41375ms)
verify	UNKNOWN STEP	2026-10-06T06:24:36.1388041Z ✔ planned operation 的任务归属漂移被拒绝 (1.152728ms)
verify	UNKNOWN STEP	2026-10-06T06:24:36.1389063Z ✔ 源清单与矩阵任一侧删除元素均被双向覆盖检查拒绝 (5.508324ms)
verify	UNKNOWN STEP	2026-10-06T06:24:36.1389866Z ✔ index19.html 内容变化但未重新盘点源清单时失败关闭 (4.944574ms)
verify	UNKNOWN STEP	2026-10-06T06:24:36.1390747Z ✔ 重复 operationId 与 routeId 被引用索引拒绝 (1.370193ms)
verify	UNKNOWN STEP	2026-10-06T06:24:36.1391650Z ✔ CLI：真实矩阵退出码 0，违规矩阵退出码 1 (56.097611ms)
verify	UNKNOWN STEP	2026-10-06T06:24:36.2470162Z ✔ remaining scope cannot replace full core, Active acceptance or failed cleanups (2.182847ms)
verify	UNKNOWN STEP	2026-10-06T06:24:36.2900960Z ✔ 当前仓库全部 Schema、OpenAPI 片段与统一 bundle 通过引用校验 (214.302036ms)
verify	UNKNOWN STEP	2026-10-06T06:24:36.2926061Z ✔ 失败示例：悬空内部 $ref 被拒绝 (1.091814ms)
verify	UNKNOWN STEP	2026-10-06T06:24:36.2950281Z ✔ 失败示例：同目录相对 $ref 目标文件不存在被拒绝 (0.498659ms)
verify	UNKNOWN STEP	2026-10-06T06:24:36.2975579Z ✔ 失败示例：JSON 语法损坏的 Schema 被拒绝 (0.50409ms)
verify	UNKNOWN STEP	2026-10-06T06:24:36.2990567Z ✔ 失败示例：JSON Schema 2020-12 非法 type 被元 Schema 拒绝 (0.768362ms)
verify	UNKNOWN STEP	2026-10-06T06:24:36.3026911Z ✔ 失败示例：OpenAPI 基座缺少 paths 被拒绝 (0.677753ms)
verify	UNKNOWN STEP	2026-10-06T06:24:36.3055244Z ✔ 同目录相对 $ref 可解析时通过 (0.828564ms)
verify	UNKNOWN STEP	2026-10-06T06:24:37.1501275Z ✔ 失败示例：PEM 私钥块被检出 (2.278416ms)
verify	UNKNOWN STEP	2026-10-06T06:24:37.1525851Z ✔ 失败示例：AWS Access Key ID 被检出 (0.32701ms)
verify	UNKNOWN STEP	2026-10-06T06:24:37.1526894Z ✔ 失败示例：GitHub 令牌被检出 (0.233835ms)
verify	UNKNOWN STEP	2026-10-06T06:24:37.1527797Z ✔ 失败示例：Slack 令牌被检出 (0.237602ms)
verify	UNKNOWN STEP	2026-10-06T06:24:37.1529018Z ✔ 正常内容不误报 (1.037062ms)
verify	UNKNOWN STEP	2026-10-06T06:24:37.1529960Z ✔ 失败示例：未跟踪且未忽略文件中的私钥也被扫描 (15.458916ms)
verify	UNKNOWN STEP	2026-10-06T06:24:37.1532971Z ✔ 当前仓库通过敏感信息扫描 (1063.287524ms)
verify	UNKNOWN STEP	2026-10-06T06:24:37.1892405Z ✔ 生产源码直接 console 与 raw trace API 均被拒绝 (3.352777ms)
verify	UNKNOWN STEP	2026-10-06T06:24:37.1935610Z ✔ 测试目录可使用 console，生产统一 logger 允许 (0.965528ms)
verify	UNKNOWN STEP	2026-10-06T06:24:37.1937293Z ✔ 当前仓库生产源码通过 sink 门禁 (68.49418ms)
verify	UNKNOWN STEP	2026-10-06T06:24:37.2559554Z ✔ QA-02 MQTT heartbeat: all valid/invalid fixtures, missing meta and type mutation (11.469863ms)
verify	UNKNOWN STEP	2026-10-06T06:24:37.2575835Z ✔ QA-02 MQTT telemetry: all valid/invalid fixtures, missing meta and type mutation (5.89813ms)
verify	UNKNOWN STEP	2026-10-06T06:24:37.2583012Z ✔ QA-02 MQTT report: all valid/invalid fixtures, missing meta and type mutation (7.269226ms)
verify	UNKNOWN STEP	2026-10-06T06:24:37.2596037Z ✔ QA-02 MQTT alarm: all valid/invalid fixtures, missing meta and type mutation (4.181151ms)
verify	UNKNOWN STEP	2026-10-06T06:24:37.2603548Z ✔ QA-02 MQTT event: all valid/invalid fixtures, missing meta and type mutation (2.478729ms)
verify	UNKNOWN STEP	2026-10-06T06:24:37.2622682Z ✔ QA-02 MQTT ack: all valid/invalid fixtures, missing meta and type mutation (3.878507ms)
verify	UNKNOWN STEP	2026-10-06T06:24:37.2624458Z ✔ QA-02 MQTT tamper: all valid/invalid fixtures, missing meta and type mutation (6.077575ms)
verify	UNKNOWN STEP	2026-10-06T06:24:37.2625904Z ✔ QA-02 MQTT media: all valid/invalid fixtures, missing meta and type mutation (3.929152ms)
verify	UNKNOWN STEP	2026-10-06T06:24:37.2626989Z ✔ QA-02 MQTT cmd: all valid/invalid fixtures, missing meta and type mutation (4.135426ms)
verify	UNKNOWN STEP	2026-10-06T06:24:37.2627767Z ✔ QA-02 MQTT ota: all valid/invalid fixtures, missing meta and type mutation (4.249108ms)
verify	UNKNOWN STEP	2026-10-06T06:24:37.2628570Z ✔ QA-02 MQTT notification: all valid/invalid fixtures, missing meta and type mutation (3.475747ms)
verify	UNKNOWN STEP	2026-10-06T06:24:37.2629497Z ✔ MQTT semantic hash, discriminator and UTC calendar errors fail closed (1.441977ms)
verify	UNKNOWN STEP	2026-10-06T06:24:37.2631294Z ✔ full REST response: field deletion/type mutation/envelope/date/errors/status/headers are enforced (10.338174ms)
verify	UNKNOWN STEP	2026-10-06T06:24:37.2633559Z ✔ REST request validation: required body/path/query/header, optional Sync, bodyless Deactivate, no type coercion in JSON (10.596185ms)
verify	UNKNOWN STEP	2026-10-06T06:24:37.2638011Z ✔ all device operations and declared response JSON Schemas compile; stable error catalog has no duplicates (75.007196ms)
verify	UNKNOWN STEP	2026-10-06T06:24:37.2652578Z ✔ predecessor MQTT is compatible; known REST break requires exact version and frozen DEC approvals (47.167491ms)
verify	UNKNOWN STEP	2026-10-06T06:24:37.2660815Z ✔ breaking contract mutations fail: removing fields/operations/status, changing type/required/security (157.184552ms)
verify	UNKNOWN STEP	2026-10-06T06:24:37.2663327Z ✔ receipt coverage gate fails closed for missing operations/statuses, no valid request and forged records (0.957855ms)
verify	UNKNOWN STEP	2026-10-06T06:24:37.2665805Z ✔ archived CSR upgrade mapping still verifies original baselines without rewriting history (6.293417ms)
verify	UNKNOWN STEP	2026-10-06T06:24:37.3072045Z ✔ QA04 coverage Gate accepts complete matrix and proofs (3.091671ms)
verify	UNKNOWN STEP	2026-10-06T06:24:37.3095824Z ✔ QA04 coverage Gate rejects missing domain (0.94469ms)
verify	UNKNOWN STEP	2026-10-06T06:24:37.3125344Z ✔ QA04 coverage Gate rejects no negative path (0.55321ms)
verify	UNKNOWN STEP	2026-10-06T06:24:37.3126719Z ✔ QA04 coverage Gate rejects untrusted handler (0.481057ms)
verify	UNKNOWN STEP	2026-10-06T06:24:37.3142268Z ✔ QA04 coverage Gate rejects missing role (1.017867ms)
verify	UNKNOWN STEP	2026-10-06T06:24:37.3143371Z ✔ QA04 coverage Gate rejects cross-tenant leak (2.794234ms)
verify	UNKNOWN STEP	2026-10-06T06:24:37.3144709Z ✔ QA04 coverage Gate rejects two write winners (0.568299ms)
verify	UNKNOWN STEP	2026-10-06T06:24:37.3145815Z ✔ QA04 coverage Gate rejects duplicate audit (0.485013ms)
verify	UNKNOWN STEP	2026-10-06T06:24:37.3146912Z ✔ QA04 coverage Gate rejects rollback missing (0.497837ms)
verify	UNKNOWN STEP	2026-10-06T06:24:37.3147993Z ✔ QA04 coverage Gate rejects unclean resource (0.556748ms)
verify	UNKNOWN STEP	2026-10-06T06:24:37.3149527Z ✔ QA04 coverage Gate rejects reused isolation (0.400747ms)
verify	UNKNOWN STEP	2026-10-06T06:24:37.3150642Z ✔ QA04 coverage Gate rejects no observed replay (0.508528ms)
verify	UNKNOWN STEP	2026-10-06T06:24:37.3151757Z ✔ QA04 required acceptance cases are enforced (8.003374ms)
verify	UNKNOWN STEP	2026-10-06T06:24:37.3152927Z ✔ QA04 skipped assertion fails execution Gate (0.232383ms)
verify	UNKNOWN STEP	2026-10-06T06:24:37.3170182Z ✔ QA04 removed state-machine assertion fails coverage Gate (1.547895ms)
verify	UNKNOWN STEP	2026-10-06T06:24:41.6305813Z ✔ migration source requires exact approved commit (1.531384ms)
verify	UNKNOWN STEP	2026-10-06T06:24:41.6307863Z ✔ migration connection requires complete secret and verified TLS; special credentials are encoded (0.523326ms)
verify	UNKNOWN STEP	2026-10-06T06:24:41.6345065Z ✔ database verification derives every mapped Prisma table (1.207329ms)
verify	UNKNOWN STEP	2026-10-06T06:24:41.6370945Z ✔ runner without approved source fails without reporting credentials or driver details (49.194297ms)
verify	UNKNOWN STEP	2026-10-06T06:24:41.6395935Z ✔ source packager archives committed tree, includes exact SHA and refuses overwriting ZIP (4802.875094ms)
verify	UNKNOWN STEP	2026-10-06T06:24:41.6725035Z ✔ local TLS broker: 10 independent certificate sessions, QoS1, downlinks, reconnect and broker ACL rejection (1070.14284ms)
verify	UNKNOWN STEP	2026-10-06T06:24:41.6756423Z ✔ 10 concurrent sessions: all topics, exact 5% duplicates / 2% delayed telemetry, replay and isolated bad Schema (287.29538ms)
verify	UNKNOWN STEP	2026-10-06T06:24:41.6785517Z ✔ cross-device publish, subscribe, receive and wildcard denied (1.354244ms)
verify	UNKNOWN STEP	2026-10-06T06:24:41.6862734Z ✔ invalid configuration, OTA transitions and test credential gate fail closed (1.413274ms)
verify	UNKNOWN STEP	2026-10-06T06:24:41.6896124Z ✔ scripted failed command, missing target mapping and illegal downlink do not generate mixed ACK (0.762481ms)
verify	UNKNOWN STEP	2026-10-06T06:24:41.6925582Z ✔ all sessions close when one transport fails; no successful receipt (168.454925ms)
verify	UNKNOWN STEP	2026-10-06T06:24:41.6955649Z ✔ MQTT adapter rejects SUBACK denial and connection failures (0.752031ms)
verify	UNKNOWN STEP	2026-10-06T06:24:41.6957784Z ✔ CLI creates offline receipt and refuses ungated mqtts before reading credential paths (791.524359ms)
verify	UNKNOWN STEP	2026-10-06T06:24:41.6982207Z ✔ CDK wrapper accepts synth/diff and requires explicit deploy stack (2.938545ms)
verify	UNKNOWN STEP	2026-10-06T06:24:41.7018374Z ✔ CDK wrapper builds the whole workspace and fails closed on build errors (1.205957ms)
verify	UNKNOWN STEP	2026-10-06T06:24:41.7045980Z ✔ CDK wrapper uses local SSO but requires OIDC credentials in GitHub Actions (0.323362ms)
verify	UNKNOWN STEP	2026-10-06T06:24:41.7075598Z ✔ QA03 Gate accepts complete local integration receipt (2.191784ms)
verify	UNKNOWN STEP	2026-10-06T06:24:41.7105132Z ✔ QA03 Gate rejects missing scenario (0.682702ms)
verify	UNKNOWN STEP	2026-10-06T06:24:41.7112170Z ✔ QA03 Gate rejects unclean resources (0.360703ms)
verify	UNKNOWN STEP	2026-10-06T06:24:41.7162955Z ✔ QA03 Gate rejects reused isolation prefix (0.404463ms)
verify	UNKNOWN STEP	2026-10-06T06:24:41.7181405Z ✔ QA03 Gate rejects lost message (0.415805ms)
verify	UNKNOWN STEP	2026-10-06T06:24:41.7205753Z ✔ QA03 Gate rejects duplicate business record (0.526551ms)
verify	UNKNOWN STEP	2026-10-06T06:24:41.7207149Z ✔ QA03 Gate rejects missing raw proof (0.85323ms)
verify	UNKNOWN STEP	2026-10-06T06:24:41.7208315Z ✔ QA03 Gate rejects missing fault probe (1.880835ms)
verify	UNKNOWN STEP	2026-10-06T06:24:41.7209511Z ✔ receipt covers all 128 decisions in two viewports (10.498433ms)
verify	UNKNOWN STEP	2026-10-06T06:24:41.7210537Z ✔ fail closed: missing page (1.865847ms)
verify	UNKNOWN STEP	2026-10-06T06:24:41.7211409Z ✔ fail closed: skipped case (2.443513ms)
verify	UNKNOWN STEP	2026-10-06T06:24:41.7212335Z ✔ fail closed: flaky success (1.557893ms)
verify	UNKNOWN STEP	2026-10-06T06:24:41.7213206Z ✔ fail closed: retry (0.771047ms)
verify	UNKNOWN STEP	2026-10-06T06:24:41.7214392Z ✔ fail closed: unexpected external network (0.694915ms)
verify	UNKNOWN STEP	2026-10-06T06:24:41.7215417Z ✔ fail closed: fixture collision (0.982951ms)
verify	UNKNOWN STEP	2026-10-06T06:24:41.7216324Z ✔ fail closed: missing cleanup (0.467701ms)
verify	UNKNOWN STEP	2026-10-06T06:24:41.7217471Z ✔ fail closed: updated baseline masquerades as regression (0.58485ms)
verify	UNKNOWN STEP	2026-10-06T06:24:41.7218528Z ✔ fail closed: missing group (0.678494ms)
verify	UNKNOWN STEP	2026-10-06T06:24:41.7219420Z ✔ fail closed: duplicate group (0.538563ms)
verify	UNKNOWN STEP	2026-10-06T06:24:41.7220414Z ✔ fail closed: missing rejection assertion (0.939992ms)
verify	UNKNOWN STEP	2026-10-06T06:24:41.7221356Z ✔ fail closed: missing menu (0.875712ms)
verify	UNKNOWN STEP	2026-10-06T06:24:41.7222827Z ✔ fail closed: missing behavior guard (0.88566ms)
verify	UNKNOWN STEP	2026-10-06T06:24:41.7223754Z ✔ fail closed: wrong viewport (0.907831ms)
verify	UNKNOWN STEP	2026-10-06T06:24:41.7225085Z ✔ fail closed: snapshot hash mismatch (0.717207ms)
verify	UNKNOWN STEP	2026-10-06T06:24:41.7226373Z ✔ binding omission, duplication and reject implementation fail closed (0.768512ms)
verify	UNKNOWN STEP	2026-10-06T06:24:41.7228283Z ✔ real gzip bytes bind exact own devices, raw outbox hash and canonical published hash (10.504423ms)
verify	UNKNOWN STEP	2026-10-06T06:24:41.7230110Z ✔ scope expansion, unknown customer/device, modified bytes and missing archive fail closed (9.513207ms)
verify	UNKNOWN STEP	2026-10-06T06:24:41.7231961Z ✔ IoT normalized raw body binds outbox bytes while original publication binds canonical payload (5.772697ms)
verify	UNKNOWN STEP	2026-10-06T06:24:41.7234135Z ✔ quick MQTT profile requires exact additional telemetry ledger and cannot waive missing archives (10.172655ms)
verify	UNKNOWN STEP	2026-10-06T06:24:41.7236101Z ✔ archive deadline uses actual S3 modification times and cannot green an eventual late archive (6.150731ms)
verify	UNKNOWN STEP	2026-10-06T06:24:41.7238134Z ✔ redelivery rejects foreign archives, unbounded inventories and unbound certificates before AWS operations (3.040225ms)
verify	UNKNOWN STEP	2026-10-06T06:24:41.7239836Z ✔ nominal 30x profile cannot conceal a slower real publish window (14.48291ms)
verify	UNKNOWN STEP	2026-10-06T06:24:41.7241537Z ✔ version proof requires CI deploy Amplify exact commit and 19 distinct verified artifact bytes (7.185184ms)
verify	UNKNOWN STEP	2026-10-06T06:24:41.7243583Z ✔ own-fixture fault grant rejects shared changes and unknown faults while retaining deployment boundary (0.62768ms)
verify	UNKNOWN STEP	2026-10-06T06:24:41.7245895Z ✔ database proof rejects foreign build, source, role and nonzero cleanup instead of trusting child PASS (1.340138ms)
verify	UNKNOWN STEP	2026-10-06T06:24:44.4001764Z ✔ target gates reject missing finish cleanup required case and foreign device before live calls (2.320266ms)
verify	UNKNOWN STEP	2026-10-06T06:24:44.4071064Z ✔ business cleanup preserves outside rows, rejects baseline drift and deletes own dependent rows atomically (3829.4144ms)
verify	UNKNOWN STEP	2026-10-06T06:24:44.4116091Z ✔ fault injection rejects missing authorization and foreign export identity without mutation (3.839037ms)
verify	UNKNOWN STEP	2026-10-06T06:24:44.4135865Z ✔ assertion-only validation cannot stand in for cleanup or whole target acceptance (0.488551ms)
verify	UNKNOWN STEP	2026-10-06T06:24:44.4226147Z ✔ nonActive scope cannot enter the full wave that contains Active dependent probes (3.430906ms)
verify	UNKNOWN STEP	2026-10-06T06:24:44.4247554Z ✔ foundation mode cannot be mistaken for full core or browser acceptance (0.507116ms)
verify	UNKNOWN STEP	2026-10-06T06:24:44.4766143Z ✔ complete intermediate/root chain matches truststore and private key (6.884975ms)
verify	UNKNOWN STEP	2026-10-06T06:24:44.4791071Z ✔ missing root is distinguished from valid signing certificate and key (2.051113ms)
verify	UNKNOWN STEP	2026-10-06T06:24:44.4792871Z ✔ wrong parent, expired chain and wrong private key fail independently (4.171226ms)
verify	UNKNOWN STEP	2026-10-06T06:24:44.4794870Z ✔ oversized worker chain, malformed values and arbitrary canaries never leak (3.651317ms)
verify	UNKNOWN STEP	2026-10-06T06:24:44.4796771Z ✔ receipt gate accepts completed diagnostic with invalid chain, rejects data leak and missing cleanup (6.997415ms)
verify	UNKNOWN STEP	2026-10-06T06:24:44.4798604Z ✔ approved exact Worker, Secret, KMS and original expiry scope is accepted (1.89362ms)
verify	UNKNOWN STEP	2026-10-06T06:24:44.4800116Z ✔ removing role condition, wildcard Secret or extended expiry is rejected (1.112584ms)
verify	UNKNOWN STEP	2026-10-06T06:24:44.4801753Z ✔ unrestricted KMS, different context or extra secret permissions are rejected (0.64934ms)
verify	UNKNOWN STEP	2026-10-06T06:24:44.4803436Z ✔ repair gate requires retained versions, exact output binding and all cleanup (4.486023ms)
verify	UNKNOWN STEP	2026-10-06T06:24:44.4805363Z ✔ only root field changes, original version remains immutable and AWSPREVIOUS (11.029992ms)
verify	UNKNOWN STEP	2026-10-06T06:24:44.4806643Z ✔ baseline drift prevents all writes (0.420384ms)
verify	UNKNOWN STEP	2026-10-06T06:24:44.4807644Z ✔ wrong fixed root prevents all writes (1.336321ms)
verify	UNKNOWN STEP	2026-10-06T06:24:44.4808829Z ✔ unknown put outcome recovers immutable token without a second put (5.450501ms)
verify	UNKNOWN STEP	2026-10-06T06:24:44.4810015Z ✔ candidate mutation fails before promotion (1.446387ms)
verify	UNKNOWN STEP	2026-10-06T06:24:44.4812426Z ✔ concurrent current movement after candidate write is preserved (2.728386ms)
verify	UNKNOWN STEP	2026-10-06T06:24:44.4813727Z ✔ unknown promotion response is recovered from current stages (4.691426ms)
verify	UNKNOWN STEP	2026-10-06T06:24:44.4815413Z ✔ post-promotion failed readback rolls back only the known current candidate (3.152668ms)
verify	UNKNOWN STEP	2026-10-06T06:24:44.4817134Z ✔ invalid version token rejects before accessing any secret (1.505997ms)
verify	UNKNOWN STEP	2026-10-06T06:24:44.4818420Z ✔ rollback refuses to overwrite a concurrent foreign current version (3.593369ms)
verify	UNKNOWN STEP	2026-10-06T06:24:44.4819785Z ✔ unknown AWS errors are returned as fixed codes without secret exception text (0.508077ms)
verify	UNKNOWN STEP	2026-10-06T06:24:44.4821270Z ✔ successful promotion waits for metadata visibility without repeating stage writes (4.00695ms)
verify	UNKNOWN STEP	2026-10-06T06:24:44.4822953Z ✔ existing current candidate is verified using read-only store without new versions or stage writes (3.571579ms)
verify	UNKNOWN STEP	2026-10-06T06:24:44.4825037Z ✔ read-only recovery rejects changed fields without rolling back an existing current version (1.355397ms)
verify	UNKNOWN STEP	2026-10-06T06:24:44.4826956Z ✔ capacity planning includes operational and rotation idle overlap and rejects naive concurrency increase (1.519704ms)
verify	UNKNOWN STEP	2026-10-06T06:24:44.4828722Z ✔ range reads keep the original default and permit bounded slow-link retry (4.340422ms)
verify	UNKNOWN STEP	2026-10-06T06:24:44.4830128Z ✔ range reads reject unbounded, ambiguous and below-default timeouts (0.787308ms)
verify	UNKNOWN STEP	2026-10-06T06:24:44.4831567Z ✔ read-only asset concurrency stays bounded independently of DB/API capacity (0.496816ms)
verify	UNKNOWN STEP	2026-10-06T06:24:44.4832948Z ✔ cold sampler collector binds exact own REPORT and safe client metrics: patch (84.510839ms)
verify	UNKNOWN STEP	2026-10-06T06:24:44.4834631Z ✔ cold sampler collector binds exact own REPORT and safe client metrics: audit (77.402136ms)
verify	UNKNOWN STEP	2026-10-06T06:24:44.4836468Z ✔ two batches preserve six own contracts, six winners/conflicts and audits with a hard concurrency/request bound (27.866893ms)
verify	UNKNOWN STEP	2026-10-06T06:24:44.4842260Z ✔ unknown write drains siblings and waits for Lambda quiescence without retry or false PASS (9.721353ms)
verify	UNKNOWN STEP	2026-10-06T06:24:44.4843648Z ✔ audit drift fails closed: audit-id (9.665789ms)
verify	UNKNOWN STEP	2026-10-06T06:24:44.4844780Z ✔ audit drift fails closed: foreign-list (9.995675ms)
verify	UNKNOWN STEP	2026-10-06T06:24:44.4846076Z ✔ foreign context, missing baseline or excess batches fail before any dispatch/receipt (1.760502ms)
verify	UNKNOWN STEP	2026-10-06T06:24:44.4848020Z ✔ sampling correlation ledger rejects foreign or missing HTTP rows even with a valid business result (20.26206ms)
verify	UNKNOWN STEP	2026-10-06T06:24:44.4849649Z ✔ DLQ scope requires closed ledger, 20 exact IDs and fresh empty database proof (2.587524ms)
verify	UNKNOWN STEP	2026-10-06T06:24:44.4851474Z ✔ one-shot worker deletes only exact retired pointers, restores unknown visibility, and exports no bodies or handles (7.590671ms)
verify	UNKNOWN STEP	2026-10-06T06:24:44.4853455Z ✔ six exact request/time/status/extended/Lambda links pass without saving unrelated fields or requests (117.043717ms)
verify	UNKNOWN STEP	2026-10-06T06:24:44.4855501Z ✔ correlation refuses complete proof for time (98.850089ms)
verify	UNKNOWN STEP	2026-10-06T06:24:44.4856521Z ✔ correlation refuses complete proof for lambda-id (82.487143ms)
verify	UNKNOWN STEP	2026-10-06T06:24:44.4857571Z ✔ correlation refuses complete proof for duplicate (114.919588ms)
verify	UNKNOWN STEP	2026-10-06T06:24:44.4858626Z ✔ correlation refuses complete proof for missing-http (69.571237ms)
verify	UNKNOWN STEP	2026-10-06T06:24:44.4860052Z ✔ audit GET binds list/detail operation and timeout UUID without claiming client success (143.510571ms)
verify	UNKNOWN STEP	2026-10-06T06:24:44.4861963Z ✔ phase proof covers success, conditional conflict and all audit reads without declaring latency/cleanup acceptance (4.458823ms)
verify	UNKNOWN STEP	2026-10-06T06:24:44.4863791Z ✔ cold 409 gate requires matching cold phase flags and successful runtime initialization (7.064931ms)
verify	UNKNOWN STEP	2026-10-06T06:24:44.4865850Z ✔ new account gate requires nested hook, Prisma query, first driver query and checkout on every request (1.03535ms)
verify	UNKNOWN STEP	2026-10-06T06:24:44.4866995Z ✔ account gate rejects missing (0.772952ms)
verify	UNKNOWN STEP	2026-10-06T06:24:44.4867710Z ✔ account gate rejects duplicate (0.792738ms)
verify	UNKNOWN STEP	2026-10-06T06:24:44.4868427Z ✔ account gate rejects failure (1.02462ms)
verify	UNKNOWN STEP	2026-10-06T06:24:44.4869699Z ✔ account gate rejects wait-boundary (3.091934ms)
verify	UNKNOWN STEP	2026-10-06T06:24:44.4870479Z ✔ account gate rejects timestamp (0.757903ms)
verify	UNKNOWN STEP	2026-10-06T06:24:44.4871243Z ✔ account gate rejects outside-hook (1.687807ms)
verify	UNKNOWN STEP	2026-10-06T06:24:44.4872105Z ✔ phase proof rejects foreign-invocation (0.680659ms)
verify	UNKNOWN STEP	2026-10-06T06:24:44.4872970Z ✔ phase proof rejects missing-transaction (0.336898ms)
verify	UNKNOWN STEP	2026-10-06T06:24:44.4874316Z ✔ phase proof rejects conflict-code (0.306621ms)
verify	UNKNOWN STEP	2026-10-06T06:24:44.4875164Z ✔ phase proof rejects missing-http (0.248974ms)
verify	UNKNOWN STEP	2026-10-06T06:24:44.4875925Z ✔ phase proof rejects other-run (0.192819ms)
verify	UNKNOWN STEP	2026-10-06T06:24:44.4877412Z ✔ bounded sampler requires physical Init Duration as well as application cold phases and retains client metrics (5.472131ms)
verify	UNKNOWN STEP	2026-10-06T06:24:44.4878729Z ✔ bounded sampler rejects foreign-report (1.52332ms)
verify	UNKNOWN STEP	2026-10-06T06:24:44.4879602Z ✔ bounded sampler rejects duplicate-report (0.523567ms)
verify	UNKNOWN STEP	2026-10-06T06:24:44.4880498Z ✔ bounded sampler rejects no-socket-metrics (0.919063ms)
verify	UNKNOWN STEP	2026-10-06T06:24:44.4881367Z ✔ bounded sampler rejects missing-body (0.414643ms)
verify	UNKNOWN STEP	2026-10-06T06:24:44.4882175Z ✔ bounded sampler rejects over-budget (0.39179ms)
verify	UNKNOWN STEP	2026-10-06T06:24:44.4882988Z ✔ bounded sampler rejects missing-audit (0.378996ms)
verify	UNKNOWN STEP	2026-10-06T06:24:45.0369568Z ✔ success audits bind precisely and conflicts never have a success audit (1.382828ms)
verify	UNKNOWN STEP	2026-10-06T06:24:45.0401055Z ✔ audit proof rejects duplicate (0.518747ms)
verify	UNKNOWN STEP	2026-10-06T06:24:45.0435449Z ✔ audit proof rejects wrong-version (0.23613ms)
verify	UNKNOWN STEP	2026-10-06T06:24:45.0473398Z ✔ audit proof rejects conflict-success (0.216734ms)
verify	UNKNOWN STEP	2026-10-06T06:24:45.0483695Z ✔ Gateway overlap cannot conceal serialized Lambda executions (1.175622ms)
verify	UNKNOWN STEP	2026-10-06T06:24:45.2886292Z ✔ three races accept either winner, bind every successful write to audit and advance once per version (21.094475ms)
verify	UNKNOWN STEP	2026-10-06T06:24:45.2931020Z ✔ early failure still drains the late sibling before readback and never retries or reports PASS (4.198327ms)
verify	UNKNOWN STEP	2026-10-06T06:24:45.2981333Z ✔ race fails closed for double-winner (5.252084ms)
verify	UNKNOWN STEP	2026-10-06T06:24:45.3019423Z ✔ race fails closed for gateway-id (5.659009ms)
verify	UNKNOWN STEP	2026-10-06T06:24:45.3231283Z ✔ race fails closed for audit-id (15.084501ms)
verify	UNKNOWN STEP	2026-10-06T06:24:45.3260516Z ✔ foreign context fails before dispatch or receipt writes (0.928551ms)
verify	UNKNOWN STEP	2026-10-06T06:24:45.3285967Z ✔ historical read scope rejects any resource outside the exact sealed old contract before live calls (0.33264ms)
verify	UNKNOWN STEP	2026-10-06T06:24:45.6488559Z ✔ read-only completion accepts only all six settled exact successful PATCH receipts (2.435441ms)
verify	UNKNOWN STEP	2026-10-06T06:24:45.6490695Z ✔ cleanup/completion guard rejects unknown-write (0.706066ms)
verify	UNKNOWN STEP	2026-10-06T06:24:45.6492410Z ✔ cleanup/completion guard rejects foreign-site (0.339783ms)
verify	UNKNOWN STEP	2026-10-06T06:24:45.6493911Z ✔ cleanup/completion guard rejects wrong-account (0.287526ms)
verify	UNKNOWN STEP	2026-10-06T06:24:45.6496446Z ✔ cleanup/completion guard rejects unfinished (0.319215ms)
verify	UNKNOWN STEP	2026-10-06T06:24:45.6498109Z ✔ cleanup/completion guard rejects gateway-id (0.345814ms)
verify	UNKNOWN STEP	2026-10-06T06:24:45.7104687Z ✔ log projection redacts payload/error details and rejects unrecognized events (1.661427ms)
verify	UNKNOWN STEP	2026-10-06T06:24:45.7136343Z ✔ serialized AWS log projection preserves closed event names through the 20-sequence Gate (5.28228ms)
verify	UNKNOWN STEP	2026-10-06T06:24:45.7144560Z ✔ specific redelivery needs matching SQS ID, final disposition and durable duplicate receipt (0.511453ms)
verify	UNKNOWN STEP	2026-10-06T06:24:45.7146627Z ✔ 20 sequence stage Gate rejects incomplete coverage and unrelated device evidence (1.857944ms)
verify	UNKNOWN STEP	2026-10-06T06:24:45.7156224Z ✔ completed Build result tolerates delayed/truncated CloudWatch visibility and transient read failure without rerunning SQL (3.229771ms)
verify	UNKNOWN STEP	2026-10-06T06:24:45.7175874Z ✔ wrong/multiple/failed frames and AccessDenied reject immediately, absent result fails closed after bounded reads (2.823504ms)
verify	UNKNOWN STEP	2026-10-06T06:24:45.7184895Z ✔ expired SSO is a terminal authentication condition, never a transient log retry (0.52007ms)
verify	UNKNOWN STEP	2026-10-06T06:24:45.7513345Z ✔ CloudWatch 250000-character fragments reassemble exact source-bound metadata without accepting truncation or another frame (19.745981ms)
verify	UNKNOWN STEP	2026-10-06T06:24:45.7566217Z ✔ large fixture observations round-trip through bounded gzip without losing metadata (46.063353ms)
verify	UNKNOWN STEP	2026-10-06T06:24:45.7589332Z ✔ compressed fixture frames reject corruption, noncanonical data and decompression bombs (128.029047ms)
verify	UNKNOWN STEP	2026-10-06T06:24:45.7656899Z ✔ compressed metadata still requires the exact expected source/build/action binding (4.30229ms)
verify	UNKNOWN STEP	2026-10-06T06:24:45.7912969Z ✔ fixed manifest rejects unsafe SQL identifiers, missing hash and duplicates (1.916623ms)
verify	UNKNOWN STEP	2026-10-06T06:24:45.7926657Z ✔ migration comparison distinguishes missing, tampered, unfinished and rolled-back migrations (0.598625ms)
verify	UNKNOWN STEP	2026-10-06T06:24:45.7929000Z ✔ snapshot uses repeatable read/read only, timeouts, fixed SELECTs and always rolls back (2.110735ms)
verify	UNKNOWN STEP	2026-10-06T06:24:45.7931035Z ✔ writable transaction rejected before business queries and rolled back (0.975449ms)
verify	UNKNOWN STEP	2026-10-06T06:24:45.7934853Z ✔ query failure rolls back instead of yielding partial PASS (0.51514ms)
verify	UNKNOWN STEP	2026-10-06T06:24:45.7943009Z ✔ dedicated query project never changes migration project or passes StartBuild overrides (32.380956ms)
verify	UNKNOWN STEP	2026-10-06T06:24:45.7949949Z ✔ legacy onboarding rows without CSR columns require reconciliation before migration (0.4611ms)
verify	UNKNOWN STEP	2026-10-06T06:24:45.9516382Z ✔ query success preserves real migration BLOCKED instead of promoting readiness (5.539146ms)
verify	UNKNOWN STEP	2026-10-06T06:24:45.9542774Z ✔ wrong build, writable transaction, unbound hash and fabricated migration PASS rejected (1.017727ms)
verify	UNKNOWN STEP	2026-10-06T06:24:45.9575798Z ✔ missing table count cannot become complete SQL evidence (4.244222ms)
verify	UNKNOWN STEP	2026-10-06T06:24:46.9152821Z ✔ entity merge requires actual decisions on both viewports, scoped devices, versions and cleanup (2.252898ms)
verify	UNKNOWN STEP	2026-10-06T06:24:46.9196486Z ✔ certificate merge cannot use review-only parent to claim real dual-channel certificate entity (0.405656ms)
verify	UNKNOWN STEP	2026-10-06T06:24:46.9766271Z ✔ request UUID is durable before a single dispatch and credentials never enter receipts (32.599173ms)
verify	UNKNOWN STEP	2026-10-06T06:24:46.9768086Z ✔ failed AWAIT_HEADERS preserves correlation without retry (1.350958ms)
verify	UNKNOWN STEP	2026-10-06T06:24:46.9795292Z ✔ failed READ_BODY preserves correlation without retry (0.748626ms)
verify	UNKNOWN STEP	2026-10-06T06:24:46.9825551Z ✔ malformed JSON cannot become a successful HTTP receipt (0.865774ms)
verify	UNKNOWN STEP	2026-10-06T06:24:46.9855756Z ✔ socket events split DNS/TCP/TLS; receipts contain no URL, authorization or socket details (4.115443ms)
verify	UNKNOWN STEP	2026-10-06T06:24:46.9867355Z ✔ real delayed body is measured separately; a reused connection has absent DNS/TCP/TLS, not invented zeros (173.648111ms)
verify	UNKNOWN STEP	2026-10-06T06:24:46.9869511Z ✔ total deadline aborts an unfinished response body; no complete-body receipt or retry (14.798959ms)
verify	UNKNOWN STEP	2026-10-06T06:24:46.9871182Z ✔ injected fetch cannot masquerade as detailed socket observation (1.367499ms)
verify	UNKNOWN STEP	2026-10-06T06:24:46.9872887Z ✔ layout diagnostic fails closed before AWS calls for foreign, finished or unbound fixtures (5.370527ms)
verify	UNKNOWN STEP	2026-10-06T06:24:46.9874734Z ✔ diagnostic cleanup retains all actions and fails closed: absent (4.237626ms)
verify	UNKNOWN STEP	2026-10-06T06:24:46.9876232Z ✔ diagnostic cleanup retains all actions and fails closed: still-present (0.440301ms)
verify	UNKNOWN STEP	2026-10-06T06:24:46.9877732Z ✔ diagnostic cleanup retains all actions and fails closed: read-denied (0.321649ms)
verify	UNKNOWN STEP	2026-10-06T06:24:46.9879230Z ✔ diagnostic cleanup retains all actions and fails closed: signout-failed (0.292635ms)
verify	UNKNOWN STEP	2026-10-06T06:24:46.9880680Z ✔ diagnostic cleanup retains all actions and fails closed: delete-failed (0.366713ms)
verify	UNKNOWN STEP	2026-10-06T06:24:46.9882267Z ✔ snapshot must be available encrypted manual and exact whitelist cannot expand (2.854179ms)
verify	UNKNOWN STEP	2026-10-06T06:24:50.7666393Z ✔ real local SQL retires exactly two jobs/requests and preserves every other table (3790.074112ms)
verify	UNKNOWN STEP	2026-10-06T06:24:53.0634839Z ✔ live status drift aborts with original rows intact (2298.90119ms)
verify	UNKNOWN STEP	2026-10-06T06:24:55.1450731Z ✔ unexpected cascade/trigger changing a preserved table rolls back all deletes (2090.296382ms)
verify	UNKNOWN STEP	2026-10-06T06:24:55.2338506Z ✔ valid HTTP writes cannot be inflated by malformed, wrong role, wrong method or failed requests (5.387589ms)
verify	UNKNOWN STEP	2026-10-06T06:24:55.2342276Z ✔ target License wire sequence proves ExpiringSoon renewal and Renewed activation using real handlers and PostgreSQL (5014.676833ms)
verify	UNKNOWN STEP	2026-10-06T06:24:55.2345011Z ✔ recovery sub-gate checks all preserved tables without accepting full QA09 (4.203173ms)
verify	UNKNOWN STEP	2026-10-06T06:24:55.2346902Z ✔ version mismatch, missing migration and changed certificate/other business data fail closed (1.631551ms)
verify	UNKNOWN STEP	2026-10-06T06:24:55.2348660Z ✔ retirement evidence cannot hide wrong deleted IDs or lose preservation proof (1.153079ms)
verify	UNKNOWN STEP	2026-10-06T06:24:55.2350518Z ✔ retirement project has fixed source and never modifies readonly/migration runner (33.995131ms)
verify	UNKNOWN STEP	2026-10-06T06:24:55.2352494Z ✔ real Sync observation redacts secret domains and cannot treat delivery as firmware verification (5.08716ms)
verify	UNKNOWN STEP	2026-10-06T06:24:55.2354996Z ✔ receipt runner sends only RECEIVED and redacts complete snapshots even with device password hashes (1.51323ms)
verify	UNKNOWN STEP	2026-10-06T06:24:55.2357012Z ✔ receipt runner fails closed for mismatched snapshots and refused confirmation (3.772139ms)
verify	UNKNOWN STEP	2026-10-06T06:24:55.2358534Z ✔ 117 elements require both real viewport receipts (20.367165ms)
verify	UNKNOWN STEP	2026-10-06T06:24:55.2359940Z ✔ one failure fails all elements in the affected behavior group (6.48738ms)
verify	UNKNOWN STEP	2026-10-06T06:24:55.2361635Z ✔ Active dependent operations are explicit NOT_RUN, not successful disabled checks (2.724678ms)
verify	UNKNOWN STEP	2026-10-06T06:24:55.2363262Z ✔ duplicate, foreign and invalid viewport receipts fail closed (5.391838ms)
verify	UNKNOWN STEP	2026-10-06T06:24:55.2364963Z ✔ Defer and Reject failures also block the browser Gate (4.036091ms)
verify	UNKNOWN STEP	2026-10-06T06:24:55.2366634Z ✔ CSV proof rejects empty, foreign and malformed downloads while parsing quoted data (1.106853ms)
verify	UNKNOWN STEP	2026-10-06T06:24:55.2368464Z ✔ reopens own TLS session after same-clientId negative probe and closes on failure (2.609403ms)
verify	UNKNOWN STEP	2026-10-06T06:24:55.2369879Z ✔ foreign MQTT scope is rejected before connection (0.363868ms)
verify	UNKNOWN STEP	2026-10-06T06:24:55.2371514Z ✔ S3 fallback accepts exact owned version cleanup and rejects bucket, customer and pagination expansion (5.362253ms)
verify	UNKNOWN STEP	2026-10-06T06:24:55.2373345Z ✔ export scope rejects a foreign device before API, AWS or output writes (2.183159ms)
verify	UNKNOWN STEP	2026-10-06T06:24:55.2375566Z ✔ domain cleanup refuses live run, foreign customer name, missing DB cleanup and out-of-scope objects (2.463531ms)
verify	UNKNOWN STEP	2026-10-06T06:24:55.2377644Z ✔ unseeded identity cleanup rejects unfinished, foreign, seeded and pre-existing admin ledgers (1.662899ms)
verify	UNKNOWN STEP	2026-10-06T06:24:55.2379796Z ✔ Cognito canonical UUID is allowed only with exact own email and creation within this failed run (0.770816ms)
verify	UNKNOWN STEP	2026-10-06T06:24:55.2381571Z ✔ P95 uses all actual samples and rejects empty or invalid measurements (4.221106ms)
verify	UNKNOWN STEP	2026-10-06T06:24:55.2383152Z ✔ complete P95 excludes censored timeouts and refuses partial sample acceptance (0.538143ms)
verify	UNKNOWN STEP	2026-10-06T06:24:55.2385287Z ✔ performance summary refuses to report P95 PASS for missing or incomplete actual samples (77.279444ms)
verify	UNKNOWN STEP	2026-10-06T06:24:55.2387341Z ✔ read-only pool probe distinguishes one connection, recovery and incomplete capacity acceptance (9.108795ms)
verify	UNKNOWN STEP	2026-10-06T06:24:55.2389008Z ✔ observed connection-budget violation refuses a pool PASS receipt (2.443663ms)
verify	UNKNOWN STEP	2026-10-06T06:24:55.2390484Z ✔ foreign probe application name is rejected before database access (0.239777ms)
verify	UNKNOWN STEP	2026-10-06T06:24:55.2392241Z ✔ scheduled publishing overlaps slow PUBACK and drains failures without abandoning in-flight writes (21.233509ms)
verify	UNKNOWN STEP	2026-10-06T06:24:55.2393764Z ✔ only exact test account and readonly role accepted (1.756203ms)
verify	UNKNOWN STEP	2026-10-06T06:24:55.2395433Z ✔ stack identity, region, project and test tag fail closed (0.468443ms)
verify	UNKNOWN STEP	2026-10-06T06:24:55.2396791Z ✔ permission denial is unverified, never classified as absent (0.415915ms)
verify	UNKNOWN STEP	2026-10-06T06:24:55.2398252Z ✔ metadata health never promotes missing business evidence to AWS PASS (0.893355ms)
verify	UNKNOWN STEP	2026-10-06T06:24:55.2400007Z ✔ five groups with unconfirmed or disabled users do not prove usable identities (0.363468ms)
verify	UNKNOWN STEP	2026-10-06T06:24:55.2402079Z ✔ missing target receipts and version mismatch remain blockers (0.311561ms)
verify	UNKNOWN STEP	2026-10-06T06:24:55.2404307Z ✔ existing test environment requires neither new account nor stack and retains real-response/cleanup boundaries (0.963375ms)
verify	UNKNOWN STEP	2026-10-06T06:24:55.2406378Z ✔ real sub-scope acceptance cannot claim whole QA09 (4.291307ms)
verify	UNKNOWN STEP	2026-10-06T06:24:55.2407925Z ✔ unfinished execution, missing role probe and failed assertion rejected (0.625265ms)
verify	UNKNOWN STEP	2026-10-06T06:24:55.2409654Z ✔ missing cleanup, wrong target, secrets and source tampering rejected (3.125384ms)
verify	UNKNOWN STEP	2026-10-06T06:24:55.2411342Z ✔ identity cleanup only accepts this run and the five known role identities (1.575847ms)
verify	UNKNOWN STEP	2026-10-06T06:24:55.2413016Z ✔ record cleanup requires exact run namespace, not merely a partial prefix (0.402239ms)
verify	UNKNOWN STEP	2026-10-06T06:24:55.2416846Z ✔ recovery excludes explicitly later own SLO records without waiving original bytes or deadlines (23.664489ms)
verify	UNKNOWN STEP	2026-10-06T06:24:55.2418483Z ✔ later record exemption never includes other devices or customers (8.582804ms)
verify	UNKNOWN STEP	2026-10-06T06:24:55.7861430Z ✔ site compensation rejects foreign-route before any AWS command (512.769981ms)
verify	UNKNOWN STEP	2026-10-06T06:24:55.7863400Z ✔ site compensation rejects failed-cleanup before any AWS command (449.927095ms)
verify	UNKNOWN STEP	2026-10-06T06:24:55.7865487Z ✔ site compensation rejects unbound-parent before any AWS command (490.346618ms)
verify	UNKNOWN STEP	2026-10-06T06:24:55.8181958Z ✔ remaining target rejects foreign fixture before an API or database call (2.35165ms)
verify	UNKNOWN STEP	2026-10-06T06:24:55.8206316Z ✔ unproved license activation fails legal stage and independent stage failures remain explicit without credentials (1.116791ms)
verify	UNKNOWN STEP	2026-10-06T06:24:55.8256119Z ✔ per-request service throttling requires both unique IDs and bound access-row time/status, never minute metrics (5.424709ms)
verify	UNKNOWN STEP	2026-10-06T06:24:55.8293814Z ✔ QA09 rollout separates logging, budget and event publication and rejects silent phase mistakes (2.206311ms)
verify	UNKNOWN STEP	2026-10-06T06:24:56.6016320Z ✔ security retest rejects foreign fixture before any credential or live API access (5.001241ms)
verify	UNKNOWN STEP	2026-10-06T06:24:56.6045138Z ✔ six tampered tokens require HTTP rejection and keep credentials out of receipt (5.587622ms)
verify	UNKNOWN STEP	2026-10-06T06:24:56.6416636Z ✔ unknown seed outcome requires observed complete own set or proven empty set, never a blind retry (1.764699ms)
verify	UNKNOWN STEP	2026-10-06T06:25:03.2638399Z ✔ semantic SQL creates two scoped read models without lifecycle or authentication claims and refuses reuse (4029.339258ms)
verify	UNKNOWN STEP	2026-10-06T06:25:03.2640765Z ✔ semantic SQL refuses scope/state drift: lifecycle_status='Active' (540.199474ms)
verify	UNKNOWN STEP	2026-10-06T06:25:03.2644929Z ✔ semantic SQL refuses scope/state drift: site_id=NULL (565.252296ms)
verify	UNKNOWN STEP	2026-10-06T06:25:03.2649080Z ✔ semantic SQL refuses scope/state drift: customer_id='22222222-2222-2222-2222-222222222222' WHERE customer_id='11111111-1111-1111-1111-111111111111' (485.560315ms)
verify	UNKNOWN STEP	2026-10-06T06:25:03.2651180Z ✔ semantic SQL refuses scope/state drift: name='outside' (544.452848ms)
verify	UNKNOWN STEP	2026-10-06T06:25:03.2746080Z ✔ platform exports require the exact ledger and own frozen filters; foreign jobs remain unchanged (695.395997ms)
verify	UNKNOWN STEP	2026-10-06T06:25:03.3573185Z ✔ business session cleanup never accepts a foreign email id role scope or lifecycle (1.894751ms)
verify	UNKNOWN STEP	2026-10-06T06:25:03.3578328Z ✔ session fixtures require exact own customer and site binding before cleanup (0.484904ms)
verify	UNKNOWN STEP	2026-10-06T06:25:03.3580045Z ✔ complete narrow real-environment scope never accepts full QA09 (5.131412ms)
verify	UNKNOWN STEP	2026-10-06T06:25:03.3581722Z ✔ missing mTLS, shared keys, different ingress/archive bytes and missing cleanup fail closed (3.387172ms)
verify	UNKNOWN STEP	2026-10-06T06:25:03.8355748Z ✔ CodeBuild inline source fits service limit and decompresses to exact reviewed bytes (23.0694ms)
verify	UNKNOWN STEP	2026-10-06T06:25:03.8387203Z ✔ exact own-ten plan rejects expansion, historical identity and wrong customer namespace (9.955893ms)
verify	UNKNOWN STEP	2026-10-06T06:25:03.8416235Z ✔ real SQL creates exact fixtures and cleanup preserves original devices/certificates (2926.559757ms)
verify	UNKNOWN STEP	2026-10-06T06:25:03.8423812Z ✔ unexpected original-data trigger mutation rolls back fixture creation (1491.294341ms)
verify	UNKNOWN STEP	2026-10-06T06:25:03.8426336Z ✔ processing provisioning job prevents cleanup without deleting any own devices (1373.707189ms)
verify	UNKNOWN STEP	2026-10-06T06:25:03.8427934Z ✔ CSR proofs bind method, path, request ID, timestamp, nonce and independent key (255.487688ms)
verify	UNKNOWN STEP	2026-10-06T06:25:05.0757540Z ✔ closed-fixture audit and request outbox cleanup require ledger and preserve unrelated events (1235.702824ms)
verify	UNKNOWN STEP	2026-10-06T06:25:06.3296091Z ✔ closed-fixture access rejects missing approval audit and live customer (1255.966546ms)
verify	UNKNOWN STEP	2026-10-06T06:25:07.5617020Z ✔ unseeded capacity attempt has read-only empty audit with deleted customers and fixed original baseline (1232.450784ms)
verify	UNKNOWN STEP	2026-10-06T06:25:08.8247041Z ✔ business-only Onboarded fixtures preserve original rows, refuse reuse and make no certificate/authentication claim (1263.007876ms)
verify	UNKNOWN STEP	2026-10-06T06:25:10.0637795Z ✔ unseeded timeout audit reads only exact prefix and cannot mutate original or retry customer creation (1235.501504ms)
verify	UNKNOWN STEP	2026-10-06T06:25:11.2786954Z ✔ active lifecycle fixture changes exactly two own states and never claims a natural path (1217.553755ms)
verify	UNKNOWN STEP	2026-10-06T06:25:12.4864545Z ✔ capacity probe executes a read-only transaction and leaves fixture and original rows unchanged (1209.239361ms)
verify	UNKNOWN STEP	2026-10-06T06:25:12.4869125Z ✔ review-only mode cannot run without an explicit review hook or with unknown options (1.054224ms)
verify	UNKNOWN STEP	2026-10-06T06:25:12.4870820Z ✔ fixture CLI distinguishes expired SSO from authorization rejection and transport timeouts (0.326569ms)
verify	UNKNOWN STEP	2026-10-06T06:25:12.5415693Z ✔ version binding preserves prior defaults and accepts exact new target (2.449093ms)
verify	UNKNOWN STEP	2026-10-06T06:25:12.5417133Z ✔ invalid version input is rejected before any AWS operation (0.685708ms)
verify	UNKNOWN STEP	2026-10-06T06:25:12.5418534Z ✔ all delivered writes have an explicit permission and own or absent object path (1.901694ms)
verify	UNKNOWN STEP	2026-10-06T06:25:12.5420168Z ✔ identical claims still change signed payload bytes rather than unused base64 signature bits (0.468193ms)
verify	UNKNOWN STEP	2026-10-06T06:25:12.5421293Z ✔ Gateway 403 rejects tampered signatures while protected 2xx must fail (11.637725ms)
verify	UNKNOWN STEP	2026-10-06T06:25:12.5422141Z ✔ quick has exact cadence, 24 historical hours, 30x burst, 5% duplicates and 2% delayed delivery (23.090018ms)
verify	UNKNOWN STEP	2026-10-06T06:25:12.5423082Z ✔ full plan contains 86400 historical Telemetry samples for 10 devices at 10-second cadence (432.163168ms)
verify	UNKNOWN STEP	2026-10-06T06:25:12.5424564Z ✔ unknown profile fails closed (0.523916ms)
verify	UNKNOWN STEP	2026-10-06T06:25:12.5425098Z ✔ P95 uses nearest rank and does not mutate input (0.342478ms)
verify	UNKNOWN STEP	2026-10-06T06:25:12.5425549Z ✔ invalid latency  rejected (0.211665ms)
verify	UNKNOWN STEP	2026-10-06T06:25:12.5425933Z ✔ invalid latency NaN rejected (7.437941ms)
verify	UNKNOWN STEP	2026-10-06T06:25:12.5426341Z ✔ invalid latency Infinity rejected (0.200654ms)
verify	UNKNOWN STEP	2026-10-06T06:25:12.5426780Z ✔ invalid latency -1 rejected (0.213558ms)
verify	UNKNOWN STEP	2026-10-06T06:25:12.5427425Z ✔ independent checker verifies count average min max and UTC buckets (0.77232ms)
verify	UNKNOWN STEP	2026-10-06T06:25:12.5428408Z ✔ complete reliability proof passes (8.463673ms)
verify	UNKNOWN STEP	2026-10-06T06:25:12.5429127Z ✔ Gate rejects missing trace (1.391823ms)
verify	UNKNOWN STEP	2026-10-06T06:25:12.5429707Z ✔ Gate rejects duplicate trace (6.963176ms)
verify	UNKNOWN STEP	2026-10-06T06:25:12.5430390Z ✔ Gate rejects failed cleanup (6.402892ms)
verify	UNKNOWN STEP	2026-10-06T06:25:12.5430805Z ✔ Gate rejects wrong profile (1.361637ms)
verify	UNKNOWN STEP	2026-10-06T06:25:12.5431584Z ✔ Gate rejects wrong cadence (7.452327ms)
verify	UNKNOWN STEP	2026-10-06T06:25:12.5431992Z ✔ Gate rejects untracked loss (1.629316ms)
verify	UNKNOWN STEP	2026-10-06T06:25:12.5432415Z ✔ Gate rejects duplicate business row (7.609922ms)
verify	UNKNOWN STEP	2026-10-06T06:25:12.5432831Z ✔ Gate rejects missing archive (1.648081ms)
verify	UNKNOWN STEP	2026-10-06T06:25:12.5433223Z ✔ Gate rejects missing reorder (6.864363ms)
verify	UNKNOWN STEP	2026-10-06T06:25:12.5433618Z ✔ Gate rejects missing retry (1.503292ms)
verify	UNKNOWN STEP	2026-10-06T06:25:12.5434306Z ✔ Gate rejects unresolved gap (7.650918ms)
verify	UNKNOWN STEP	2026-10-06T06:25:12.5434761Z ✔ Gate rejects worker not paused (4.495237ms)
verify	UNKNOWN STEP	2026-10-06T06:25:12.5435161Z ✔ Gate rejects no backlog (1.508981ms)
verify	UNKNOWN STEP	2026-10-06T06:25:12.5435984Z ✔ Gate rejects unscoped replay (4.479327ms)
verify	UNKNOWN STEP	2026-10-06T06:25:12.5436456Z ✔ Gate rejects duplicate MQTT publish (1.488794ms)
verify	UNKNOWN STEP	2026-10-06T06:25:12.5436975Z ✔ Gate rejects late ACK changed terminal state (4.461644ms)
verify	UNKNOWN STEP	2026-10-06T06:25:12.5437495Z ✔ Gate rejects telemetry P95 failed (2.121785ms)
verify	UNKNOWN STEP	2026-10-06T06:25:12.5437917Z ✔ Gate rejects command P95 failed (5.004006ms)
verify	UNKNOWN STEP	2026-10-06T06:25:12.5438353Z ✔ Gate rejects NaN P95 (4.729484ms)
verify	UNKNOWN STEP	2026-10-06T06:25:12.5438839Z ✔ Gate rejects missing latency samples (7.680282ms)
verify	UNKNOWN STEP	2026-10-06T06:25:12.5439547Z ✔ security receipt accepts complete execution and all observed acceptance proofs (13.830063ms)
verify	UNKNOWN STEP	2026-10-06T06:25:12.5440247Z ✔ execution fails closed: deleted required test (1.846531ms)
verify	UNKNOWN STEP	2026-10-06T06:25:12.5440774Z ✔ execution fails closed: missing file (0.389626ms)
verify	UNKNOWN STEP	2026-10-06T06:25:12.5441243Z ✔ execution fails closed: pending test (0.605849ms)
verify	UNKNOWN STEP	2026-10-06T06:25:12.5441734Z ✔ execution fails closed: failed test (5.153524ms)
verify	UNKNOWN STEP	2026-10-06T06:25:12.5442235Z ✔ proof fails closed: missing proof (0.441222ms)
verify	UNKNOWN STEP	2026-10-06T06:25:12.5442708Z ✔ proof fails closed: reused prefix (0.376031ms)
verify	UNKNOWN STEP	2026-10-06T06:25:12.5443197Z ✔ proof fails closed: cleanup incomplete (0.406778ms)
verify	UNKNOWN STEP	2026-10-06T06:25:12.5443688Z ✔ proof fails closed: expired JWT accepted (0.33246ms)
verify	UNKNOWN STEP	2026-10-06T06:25:12.5444480Z ✔ proof fails closed: missing write operation (0.686739ms)
verify	UNKNOWN STEP	2026-10-06T06:25:12.5445050Z ✔ proof fails closed: forged identity accepted (0.400386ms)
verify	UNKNOWN STEP	2026-10-06T06:25:12.5445613Z ✔ proof fails closed: route resolved before auth (0.267047ms)
verify	UNKNOWN STEP	2026-10-06T06:25:12.5446152Z ✔ proof fails closed: cross tenant allowed (0.358819ms)
verify	UNKNOWN STEP	2026-10-06T06:25:12.5446691Z ✔ proof fails closed: unauthorized side effect (0.28971ms)
verify	UNKNOWN STEP	2026-10-06T06:25:12.5447216Z ✔ proof fails closed: prototype pollution (0.274983ms)
verify	UNKNOWN STEP	2026-10-06T06:25:12.5447727Z ✔ proof fails closed: malicious media signed (0.249636ms)
verify	UNKNOWN STEP	2026-10-06T06:25:12.5448278Z ✔ proof fails closed: malicious media persisted (9.537183ms)
verify	UNKNOWN STEP	2026-10-06T06:25:12.5448763Z ✔ proof fails closed: leak ignored (0.389386ms)
verify	UNKNOWN STEP	2026-10-06T06:25:12.5449234Z ✔ proof fails closed: unscanned audit (0.471047ms)
verify	UNKNOWN STEP	2026-10-06T06:25:12.5449722Z ✔ proof fails closed: unscanned snapshot (4.587849ms)
verify	UNKNOWN STEP	2026-10-06T06:25:12.5450209Z ✔ proof fails closed: partial response scan (0.395226ms)
verify	UNKNOWN STEP	2026-10-06T06:25:12.5451068Z ✔ independent scanner rejects nested secrets raw JWT Error private key and signed URL without echoing values (2.914461ms)
verify	UNKNOWN STEP	2026-10-06T06:25:12.5452104Z ✔ scanner detects opaque canary leakage and permits null redacted values and public certificate (0.18731ms)
verify	UNKNOWN STEP	2026-10-06T06:25:12.5452641Z ℹ tests 568
verify	UNKNOWN STEP	2026-10-06T06:25:12.5452879Z ℹ suites 0
verify	UNKNOWN STEP	2026-10-06T06:25:12.5453090Z ℹ pass 568
verify	UNKNOWN STEP	2026-10-06T06:25:12.5453316Z ℹ fail 0
verify	UNKNOWN STEP	2026-10-06T06:25:12.5453547Z ℹ cancelled 0
verify	UNKNOWN STEP	2026-10-06T06:25:12.5453783Z ℹ skipped 0
verify	UNKNOWN STEP	2026-10-06T06:25:12.5454249Z ℹ todo 0
verify	UNKNOWN STEP	2026-10-06T06:25:12.5454530Z ℹ duration_ms 41318.164375
verify	UNKNOWN STEP	2026-10-06T06:25:12.8914827Z 
verify	UNKNOWN STEP	2026-10-06T06:25:12.8916093Z > food-digester-platform@0.0.0 build /home/runner/work/food-digester-platform/food-digester-platform
verify	UNKNOWN STEP	2026-10-06T06:25:12.8917195Z > turbo run build
verify	UNKNOWN STEP	2026-10-06T06:25:12.8917463Z 
verify	UNKNOWN STEP	2026-10-06T06:25:12.9530004Z 
verify	UNKNOWN STEP	2026-10-06T06:25:12.9546945Z    • Packages in scope: @fdp/admin-web, @fdp/archive-worker, @fdp/auth, @fdp/aws-clients, @fdp/cloud-api, @fdp/contracts, @fdp/database, @fdp/domain, @fdp/infra, @fdp/ingestion-worker, @fdp/media, @fdp/observability, @fdp/summary-worker
verify	UNKNOWN STEP	2026-10-06T06:25:12.9555733Z    • Running build in 13 packages
verify	UNKNOWN STEP	2026-10-06T06:25:12.9556732Z    • Remote caching disabled
verify	UNKNOWN STEP	2026-10-06T06:25:12.9563655Z 
verify	UNKNOWN STEP	2026-10-06T06:25:12.9584402Z ##[group]@fdp/database:generate
verify	UNKNOWN STEP	2026-10-06T06:25:12.9601877Z cache hit, replaying logs 6f29d7861b790d41
verify	UNKNOWN STEP	2026-10-06T06:25:12.9606592Z 
verify	UNKNOWN STEP	2026-10-06T06:25:12.9625933Z > @fdp/database@0.0.0 generate /home/runner/work/food-digester-platform/food-digester-platform/packages/database
verify	UNKNOWN STEP	2026-10-06T06:25:12.9626993Z > prisma generate
verify	UNKNOWN STEP	2026-10-06T06:25:12.9627237Z 
verify	UNKNOWN STEP	2026-10-06T06:25:12.9627562Z Loaded Prisma config from prisma.config.ts.
verify	UNKNOWN STEP	2026-10-06T06:25:12.9628442Z 
verify	UNKNOWN STEP	2026-10-06T06:25:12.9628791Z Prisma schema loaded from prisma/schema.prisma.
verify	UNKNOWN STEP	2026-10-06T06:25:12.9629172Z 
verify	UNKNOWN STEP	2026-10-06T06:25:12.9629959Z ✔ Generated Prisma Client (7.9.1) to ./src/generated in 1.74s
verify	UNKNOWN STEP	2026-10-06T06:25:12.9630442Z 
verify	UNKNOWN STEP	2026-10-06T06:25:12.9630984Z ##[endgroup]
verify	UNKNOWN STEP	2026-10-06T06:25:12.9631628Z ##[group]@fdp/aws-clients:build
verify	UNKNOWN STEP	2026-10-06T06:25:12.9641286Z cache hit, replaying logs 72b741ff8e28f9c8
verify	UNKNOWN STEP	2026-10-06T06:25:12.9641715Z 
verify	UNKNOWN STEP	2026-10-06T06:25:12.9642623Z > @fdp/aws-clients@0.0.0 build /home/runner/work/food-digester-platform/food-digester-platform/packages/aws-clients
verify	UNKNOWN STEP	2026-10-06T06:25:12.9643692Z > tsc -p tsconfig.build.json
verify	UNKNOWN STEP	2026-10-06T06:25:12.9644298Z 
verify	UNKNOWN STEP	2026-10-06T06:25:12.9644835Z ##[endgroup]
verify	UNKNOWN STEP	2026-10-06T06:25:12.9645457Z ##[group]@fdp/observability:build
verify	UNKNOWN STEP	2026-10-06T06:25:12.9646028Z cache hit, replaying logs b22046eabd7182a9
verify	UNKNOWN STEP	2026-10-06T06:25:12.9646406Z 
verify	UNKNOWN STEP	2026-10-06T06:25:12.9647469Z > @fdp/observability@0.0.0 build /home/runner/work/food-digester-platform/food-digester-platform/packages/observability
verify	UNKNOWN STEP	2026-10-06T06:25:12.9648640Z > tsc -p tsconfig.build.json
verify	UNKNOWN STEP	2026-10-06T06:25:12.9648955Z 
verify	UNKNOWN STEP	2026-10-06T06:25:12.9649372Z ##[endgroup]
verify	UNKNOWN STEP	2026-10-06T06:25:12.9650048Z ##[group]@fdp/contracts:build
verify	UNKNOWN STEP	2026-10-06T06:25:12.9650660Z cache hit, replaying logs badb40bf08f6da73
verify	UNKNOWN STEP	2026-10-06T06:25:12.9651046Z 
verify	UNKNOWN STEP	2026-10-06T06:25:12.9651858Z > @fdp/contracts@0.0.0 build /home/runner/work/food-digester-platform/food-digester-platform/contracts
verify	UNKNOWN STEP	2026-10-06T06:25:12.9653604Z > node -e "console.log('@fdp/contracts 为源码契约包：内部使用 .ts 扩展名互引，不经 tsc 构建；消费方经 tsx/打包器直接使用源码')"
verify	UNKNOWN STEP	2026-10-06T06:25:12.9654485Z 
verify	UNKNOWN STEP	2026-10-06T06:25:12.9655120Z @fdp/contracts 为源码契约包：内部使用 .ts 扩展名互引，不经 tsc 构建；消费方经 tsx/打包器直接使用源码
verify	UNKNOWN STEP	2026-10-06T06:25:12.9656007Z ##[endgroup]
verify	UNKNOWN STEP	2026-10-06T06:25:12.9702562Z ##[group]@fdp/domain:build
verify	UNKNOWN STEP	2026-10-06T06:25:12.9703447Z cache hit, replaying logs 47ef0249a0b99843
verify	UNKNOWN STEP	2026-10-06T06:25:12.9703842Z 
verify	UNKNOWN STEP	2026-10-06T06:25:12.9704945Z > @fdp/domain@0.0.0 build /home/runner/work/food-digester-platform/food-digester-platform/packages/domain
verify	UNKNOWN STEP	2026-10-06T06:25:12.9706087Z > tsc -p tsconfig.build.json
verify	UNKNOWN STEP	2026-10-06T06:25:12.9706415Z 
verify	UNKNOWN STEP	2026-10-06T06:25:12.9706963Z ##[endgroup]
verify	UNKNOWN STEP	2026-10-06T06:25:12.9707620Z ##[group]@fdp/database:build
verify	UNKNOWN STEP	2026-10-06T06:25:12.9708220Z cache hit, replaying logs d2e9504f281a7867
verify	UNKNOWN STEP	2026-10-06T06:25:12.9708590Z 
verify	UNKNOWN STEP	2026-10-06T06:25:12.9709476Z > @fdp/database@0.0.0 build /home/runner/work/food-digester-platform/food-digester-platform/packages/database
verify	UNKNOWN STEP	2026-10-06T06:25:12.9710609Z > tsc -p tsconfig.build.json
verify	UNKNOWN STEP	2026-10-06T06:25:12.9710926Z 
verify	UNKNOWN STEP	2026-10-06T06:25:12.9711368Z ##[endgroup]
verify	UNKNOWN STEP	2026-10-06T06:25:12.9711994Z ##[group]@fdp/media:build
verify	UNKNOWN STEP	2026-10-06T06:25:12.9712566Z cache hit, replaying logs 8b966babc723bb0c
verify	UNKNOWN STEP	2026-10-06T06:25:12.9712940Z 
verify	UNKNOWN STEP	2026-10-06T06:25:12.9713721Z > @fdp/media@0.0.0 build /home/runner/work/food-digester-platform/food-digester-platform/packages/media
verify	UNKNOWN STEP	2026-10-06T06:25:12.9715023Z > tsc -p tsconfig.build.json
verify	UNKNOWN STEP	2026-10-06T06:25:12.9715337Z 
verify	UNKNOWN STEP	2026-10-06T06:25:12.9715761Z ##[endgroup]
verify	UNKNOWN STEP	2026-10-06T06:25:12.9716352Z ##[group]@fdp/auth:build
verify	UNKNOWN STEP	2026-10-06T06:25:12.9716932Z cache hit, replaying logs 161d25a0bb288877
verify	UNKNOWN STEP	2026-10-06T06:25:12.9717302Z 
verify	UNKNOWN STEP	2026-10-06T06:25:12.9718091Z > @fdp/auth@0.0.0 build /home/runner/work/food-digester-platform/food-digester-platform/packages/auth
verify	UNKNOWN STEP	2026-10-06T06:25:12.9719182Z > tsc -p tsconfig.build.json
verify	UNKNOWN STEP	2026-10-06T06:25:12.9719493Z 
verify	UNKNOWN STEP	2026-10-06T06:25:12.9719918Z ##[endgroup]
verify	UNKNOWN STEP	2026-10-06T06:25:21.3420272Z ##[group]@fdp/summary-worker:build
verify	UNKNOWN STEP	2026-10-06T06:25:21.3427408Z cache miss, executing 77d113d7dc4b62c3
verify	UNKNOWN STEP	2026-10-06T06:25:21.3465863Z 
verify	UNKNOWN STEP	2026-10-06T06:25:21.3536256Z > @fdp/summary-worker@0.0.0 build /home/runner/work/food-digester-platform/food-digester-platform/apps/summary-worker
verify	UNKNOWN STEP	2026-10-06T06:25:21.3556794Z > tsc -p tsconfig.build.json
verify	UNKNOWN STEP	2026-10-06T06:25:21.3592817Z 
verify	UNKNOWN STEP	2026-10-06T06:25:21.3622950Z ##[endgroup]
verify	UNKNOWN STEP	2026-10-06T06:25:21.4597944Z ##[group]@fdp/archive-worker:build
verify	UNKNOWN STEP	2026-10-06T06:25:21.4625557Z cache miss, executing a0e6c0cec6c3151d
verify	UNKNOWN STEP	2026-10-06T06:25:21.4653509Z 
verify	UNKNOWN STEP	2026-10-06T06:25:21.4686060Z > @fdp/archive-worker@0.0.0 build /home/runner/work/food-digester-platform/food-digester-platform/apps/archive-worker
verify	UNKNOWN STEP	2026-10-06T06:25:21.4688156Z > tsc -p tsconfig.build.json
verify	UNKNOWN STEP	2026-10-06T06:25:21.4714785Z 
verify	UNKNOWN STEP	2026-10-06T06:25:21.4745562Z ##[endgroup]
verify	UNKNOWN STEP	2026-10-06T06:25:23.2239613Z ##[group]@fdp/ingestion-worker:build
verify	UNKNOWN STEP	2026-10-06T06:25:23.2292139Z cache miss, executing 936ac9a6e582a305
verify	UNKNOWN STEP	2026-10-06T06:25:23.2347745Z 
verify	UNKNOWN STEP	2026-10-06T06:25:23.2382601Z > @fdp/ingestion-worker@0.0.0 build /home/runner/work/food-digester-platform/food-digester-platform/apps/ingestion-worker
verify	UNKNOWN STEP	2026-10-06T06:25:23.2384760Z > tsc -p tsconfig.build.json
verify	UNKNOWN STEP	2026-10-06T06:25:23.2426578Z 
verify	UNKNOWN STEP	2026-10-06T06:25:23.2427468Z ##[endgroup]
verify	UNKNOWN STEP	2026-10-06T06:25:25.5796414Z ##[group]@fdp/infra:build
verify	UNKNOWN STEP	2026-10-06T06:25:25.5816140Z cache miss, executing ae15db771adc85e4
verify	UNKNOWN STEP	2026-10-06T06:25:25.5816878Z 
verify	UNKNOWN STEP	2026-10-06T06:25:25.5817973Z > @fdp/infra@0.0.0 build /home/runner/work/food-digester-platform/food-digester-platform/infra
verify	UNKNOWN STEP	2026-10-06T06:25:25.5819391Z > tsc -p tsconfig.build.json
verify	UNKNOWN STEP	2026-10-06T06:25:25.5820028Z 
verify	UNKNOWN STEP	2026-10-06T06:25:25.5820789Z ##[endgroup]
verify	UNKNOWN STEP	2026-10-06T06:25:26.5482227Z ##[group]@fdp/cloud-api:build
verify	UNKNOWN STEP	2026-10-06T06:25:26.5483203Z cache miss, executing f68e31080bcf62ee
verify	UNKNOWN STEP	2026-10-06T06:25:26.5483789Z 
verify	UNKNOWN STEP	2026-10-06T06:25:26.5485620Z > @fdp/cloud-api@0.0.0 build /home/runner/work/food-digester-platform/food-digester-platform/apps/cloud-api
verify	UNKNOWN STEP	2026-10-06T06:25:26.5496185Z > tsc -p tsconfig.build.json
verify	UNKNOWN STEP	2026-10-06T06:25:26.5496570Z 
verify	UNKNOWN STEP	2026-10-06T06:25:26.5499110Z ##[endgroup]
verify	UNKNOWN STEP	2026-10-06T06:25:29.9283888Z ##[group]@fdp/admin-web:build
verify	UNKNOWN STEP	2026-10-06T06:25:29.9284896Z cache miss, executing e6f245876b04286c
verify	UNKNOWN STEP	2026-10-06T06:25:29.9285332Z 
verify	UNKNOWN STEP	2026-10-06T06:25:29.9286364Z > @fdp/admin-web@0.0.0 build /home/runner/work/food-digester-platform/food-digester-platform/apps/admin-web
verify	UNKNOWN STEP	2026-10-06T06:25:29.9287650Z > tsc -p tsconfig.build.json && vite build
verify	UNKNOWN STEP	2026-10-06T06:25:29.9287932Z 
verify	UNKNOWN STEP	2026-10-06T06:25:29.9288635Z ^[[36mvite v8.2.2 ^[[32mbuilding client environment for production...^[[36m^[[39m
verify	UNKNOWN STEP	2026-10-06T06:25:29.9289191Z transforming...
verify	UNKNOWN STEP	2026-10-06T06:25:29.9289616Z ✓ 1609 modules transformed.
verify	UNKNOWN STEP	2026-10-06T06:25:29.9289974Z rendering chunks...
verify	UNKNOWN STEP	2026-10-06T06:25:29.9290306Z computing gzip size...
verify	UNKNOWN STEP	2026-10-06T06:25:29.9290887Z dist/web/index.html                     0.46 kB │ gzip:   0.32 kB
verify	UNKNOWN STEP	2026-10-06T06:25:29.9291651Z dist/web/assets/index-CecZB0A0.css     19.08 kB │ gzip:   5.07 kB
verify	UNKNOWN STEP	2026-10-06T06:25:29.9292443Z dist/web/assets/index-D1EpTElP.js   1,357.74 kB │ gzip: 417.92 kB
verify	UNKNOWN STEP	2026-10-06T06:25:29.9292748Z 
verify	UNKNOWN STEP	2026-10-06T06:25:29.9292911Z ^[[32m✓ built in 594ms^[[39m
verify	UNKNOWN STEP	2026-10-06T06:25:29.9293285Z ^[[33m[plugin builtin:vite-reporter] 
verify	UNKNOWN STEP	2026-10-06T06:25:29.9293781Z (!) Some chunks are larger than 500 kB after minification. Consider:
verify	UNKNOWN STEP	2026-10-06T06:25:29.9294641Z - Using dynamic import() to code-split the application
verify	UNKNOWN STEP	2026-10-06T06:25:29.9295545Z - Use build.rolldownOptions.output.codeSplitting to improve chunking: https://rolldown.rs/reference/OutputOptions.codeSplitting
verify	UNKNOWN STEP	2026-10-06T06:25:29.9296797Z - Adjust chunk size limit for this warning via build.chunkSizeWarningLimit.^[[39m
verify	UNKNOWN STEP	2026-10-06T06:25:29.9297467Z ##[endgroup]
verify	UNKNOWN STEP	2026-10-06T06:25:29.9331155Z 
verify	UNKNOWN STEP	2026-10-06T06:25:29.9331516Z  Tasks:    14 successful, 14 total
verify	UNKNOWN STEP	2026-10-06T06:25:29.9332078Z Cached:    8 cached, 14 total
verify	UNKNOWN STEP	2026-10-06T06:25:29.9332548Z   Time:    17.005s 
verify	UNKNOWN STEP	2026-10-06T06:25:29.9332780Z 
verify	UNKNOWN STEP	2026-10-06T06:25:30.3017592Z 
verify	UNKNOWN STEP	2026-10-06T06:25:30.3019066Z > food-digester-platform@0.0.0 check:boundaries /home/runner/work/food-digester-platform/food-digester-platform
verify	UNKNOWN STEP	2026-10-06T06:25:30.3019964Z > node scripts/check-boundaries.mjs
verify	UNKNOWN STEP	2026-10-06T06:25:30.3020216Z 
verify	UNKNOWN STEP	2026-10-06T06:25:30.3332722Z 检查 13 个工作区包
verify	UNKNOWN STEP	2026-10-06T06:25:30.3334564Z 模块边界与循环依赖检查通过
verify	UNKNOWN STEP	2026-10-06T06:25:30.6489841Z 
verify	UNKNOWN STEP	2026-10-06T06:25:30.6491178Z > food-digester-platform@0.0.0 check:schemas /home/runner/work/food-digester-platform/food-digester-platform
verify	UNKNOWN STEP	2026-10-06T06:25:30.6492381Z > node scripts/check-schemas.mjs
verify	UNKNOWN STEP	2026-10-06T06:25:30.6492738Z 
verify	UNKNOWN STEP	2026-10-06T06:25:30.8369058Z OpenAPI / JSON Schema 校验通过
verify	UNKNOWN STEP	2026-10-06T06:25:31.1544274Z 
verify	UNKNOWN STEP	2026-10-06T06:25:31.1545858Z > food-digester-platform@0.0.0 check:migrations /home/runner/work/food-digester-platform/food-digester-platform
verify	UNKNOWN STEP	2026-10-06T06:25:31.1547875Z > node scripts/check-migrations.mjs
verify	UNKNOWN STEP	2026-10-06T06:25:31.1548380Z 
verify	UNKNOWN STEP	2026-10-06T06:25:36.0101586Z Migration 结构与 Prisma Schema 漂移检查通过
verify	UNKNOWN STEP	2026-10-06T06:25:36.3271910Z 
verify	UNKNOWN STEP	2026-10-06T06:25:36.3274417Z > food-digester-platform@0.0.0 check:evidence /home/runner/work/food-digester-platform/food-digester-platform
verify	UNKNOWN STEP	2026-10-06T06:25:36.3276998Z > node scripts/check-eng-db-dom-evidence.mjs
verify	UNKNOWN STEP	2026-10-06T06:25:36.3277594Z 
verify	UNKNOWN STEP	2026-10-06T06:25:36.3699839Z ENG/DB/DOM/IAC/AUTH/SEC/BE-IOT/BE-ARC/RPL/ESG/管理后台业务与前端 证据与开发文档检查通过
verify	UNKNOWN STEP	2026-10-06T06:25:36.6881164Z 
verify	UNKNOWN STEP	2026-10-06T06:25:36.6882551Z > food-digester-platform@0.0.0 check:secrets /home/runner/work/food-digester-platform/food-digester-platform
verify	UNKNOWN STEP	2026-10-06T06:25:36.6883686Z > node scripts/check-secrets.mjs
verify	UNKNOWN STEP	2026-10-06T06:25:36.6884213Z 
verify	UNKNOWN STEP	2026-10-06T06:25:37.2695782Z 敏感信息扫描通过
verify	UNKNOWN STEP	2026-10-06T06:25:37.5964601Z 
verify	UNKNOWN STEP	2026-10-06T06:25:37.5965954Z > food-digester-platform@0.0.0 check:sensitive-sinks /home/runner/work/food-digester-platform/food-digester-platform
verify	UNKNOWN STEP	2026-10-06T06:25:37.5967208Z > node scripts/check-sensitive-sinks.mjs
verify	UNKNOWN STEP	2026-10-06T06:25:37.5967641Z 
verify	UNKNOWN STEP	2026-10-06T06:25:37.6685082Z 生产日志与 Trace sink 脱敏门禁通过
verify	UNKNOWN STEP	2026-10-06T06:25:37.9885399Z 
verify	UNKNOWN STEP	2026-10-06T06:25:37.9887135Z > food-digester-platform@0.0.0 check:admin-web-delivery /home/runner/work/food-digester-platform/food-digester-platform
verify	UNKNOWN STEP	2026-10-06T06:25:37.9888845Z > node scripts/check-admin-web-delivery.mjs
verify	UNKNOWN STEP	2026-10-06T06:25:37.9889540Z 
verify	UNKNOWN STEP	2026-10-06T06:25:38.0536203Z 管理后台交付检查通过：入口、组合根、路由页面、OpenAPI operationId、CSS 与浏览器构建产物均已就绪
verify	UNKNOWN STEP	2026-10-06T06:25:38.3773447Z 
verify	UNKNOWN STEP	2026-10-06T06:25:38.3775206Z > food-digester-platform@0.0.0 check:admin-web-e2e /home/runner/work/food-digester-platform/food-digester-platform
verify	UNKNOWN STEP	2026-10-06T06:25:38.3778173Z > pnpm --filter @fdp/admin-web test:e2e
verify	UNKNOWN STEP	2026-10-06T06:25:38.3778835Z 
verify	UNKNOWN STEP	2026-10-06T06:25:38.7077962Z 
verify	UNKNOWN STEP	2026-10-06T06:25:38.7079994Z > @fdp/admin-web@0.0.0 test:e2e /home/runner/work/food-digester-platform/food-digester-platform/apps/admin-web
verify	UNKNOWN STEP	2026-10-06T06:25:38.7081517Z > playwright test
verify	UNKNOWN STEP	2026-10-06T06:25:38.7081795Z 
verify	UNKNOWN STEP	2026-10-06T06:25:47.4018353Z [WebServer] [plugin builtin:vite-reporter] 
verify	UNKNOWN STEP	2026-10-06T06:25:47.4029287Z 
verify	UNKNOWN STEP	2026-10-06T06:25:47.4031302Z [WebServer] (!) Some chunks are larger than 500 kB after minification. Consider:
verify	UNKNOWN STEP	2026-10-06T06:25:47.4032318Z [WebServer] - Using dynamic import() to code-split the application
verify	UNKNOWN STEP	2026-10-06T06:25:47.4033501Z [WebServer] - Use build.rolldownOptions.output.codeSplitting to improve chunking: https://rolldown.rs/reference/OutputOptions.codeSplitting
verify	UNKNOWN STEP	2026-10-06T06:25:47.4035234Z [WebServer] - Adjust chunk size limit for this warning via build.chunkSizeWarningLimit.
verify	UNKNOWN STEP	2026-10-06T06:25:48.2373156Z 
verify	UNKNOWN STEP	2026-10-06T06:25:48.2374688Z Running 36 tests using 1 worker
verify	UNKNOWN STEP	2026-10-06T06:25:48.2375119Z 
verify	UNKNOWN STEP	2026-10-06T06:25:48.6816776Z [1/36] e2e/admin-web.spec.ts:15:1 › H-01 API 拒绝停用会话后清除浏览器会话并返回登录
verify	UNKNOWN STEP	2026-10-06T06:25:50.8703763Z [2/36] e2e/admin-web.spec.ts:42:1 › M-01 CustomerViewer 从菜单查询设备用户详情，全部写入口隐藏
verify	UNKNOWN STEP	2026-10-06T06:25:51.6031395Z [3/36] e2e/admin-web.spec.ts:88:1 › 无 Token 安全回登录；五角色菜单和受限路由均由组合根守卫
verify	UNKNOWN STEP	2026-10-06T06:25:55.9304473Z [4/36] e2e/admin-web.spec.ts:116:1 › 刷新失败清会话，API 403 保留会话并呈现无权
verify	UNKNOWN STEP	2026-10-06T06:25:56.8539315Z [5/36] e2e/admin-web.spec.ts:138:1 › Customer scope 与 Dashboard 离线/无 entitlement 动作在真实浏览器失败关闭
verify	UNKNOWN STEP	2026-10-06T06:25:57.6840930Z [6/36] e2e/admin-web.spec.ts:175:1 › Onboarding 审批双击只提交一次，展示录入来源和证书状态
verify	UNKNOWN STEP	2026-10-06T06:25:58.5731878Z [7/36] e2e/admin-web.spec.ts:220:1 › Customer/Site CRUD 关键路径：创建、非法时区、关联停用提示与 409
verify	UNKNOWN STEP	2026-10-06T06:26:01.2108065Z [8/36] e2e/admin-web.spec.ts:343:1 › 1440/768/375 响应式布局、横向表格和对话框键盘边界
verify	UNKNOWN STEP	2026-10-06T06:26:03.5969756Z [9/36] e2e/admin-web.spec.ts:429:1 › FE-06 至 FE-10 六个生产路由可运行，并覆盖成功、空态、分页入口、时区与响应式
verify	UNKNOWN STEP	2026-10-06T06:26:06.0006018Z [10/36] e2e/admin-web.spec.ts:471:1 › FE-06 至 FE-10 在 403/404、Customer scope、详情焦点与重复提交场景失败关闭
verify	UNKNOWN STEP	2026-10-06T06:26:08.9905571Z [11/36] e2e/admin-web.spec.ts:547:1 › FE-11 至 FE-15 七个生产路由由真实控制器驱动，并覆盖媒体签发与审计详情
verify	UNKNOWN STEP	2026-10-06T06:26:14.7337245Z [12/36] e2e/admin-web.spec.ts:611:1 › FE-11 至 FE-15 API 403 与路由角色边界在真实浏览器失败关闭
verify	UNKNOWN STEP	2026-10-06T06:26:15.6181553Z [13/36] e2e/admin-web.spec.ts:628:1 › FE-17 新建权限与零设备第二阶段在真实浏览器失败关闭
verify	UNKNOWN STEP	2026-10-06T06:26:16.7929963Z [14/36] e2e/admin-web.spec.ts:699:1 › FE-18 Chromium 覆盖 unknown/stale、联系人按需零预载与申请状态机
verify	UNKNOWN STEP	2026-10-06T06:26:18.0353500Z [15/36] e2e/admin-web.spec.ts:803:1 › FE-16 Chromium 覆盖邀请、角色、Scope、重置与设置 409 回源
verify	UNKNOWN STEP	2026-10-06T06:26:20.0540575Z [16/36] e2e/admin-web.spec.ts:927:1 › FE-17 Chromium 覆盖绑定、解绑、续约与终止并保留 License 边界
verify	UNKNOWN STEP	2026-10-06T06:26:21.9175359Z [17/36] e2e/admin-web.spec.ts:1102:5 › FE-19 Chromium 22 个生产路由：zh-CN / 375px
verify	UNKNOWN STEP	2026-10-06T06:26:28.7973298Z [18/36] e2e/admin-web.spec.ts:1102:5 › FE-19 Chromium 22 个生产路由：zh-CN / 768px
verify	UNKNOWN STEP	2026-10-06T06:26:35.8340331Z [19/36] e2e/admin-web.spec.ts:1102:5 › FE-19 Chromium 22 个生产路由：zh-CN / 1440px
verify	UNKNOWN STEP	2026-10-06T06:26:42.8015921Z [20/36] e2e/admin-web.spec.ts:1102:5 › FE-19 Chromium 22 个生产路由：en / 375px
verify	UNKNOWN STEP	2026-10-06T06:26:49.3657159Z [21/36] e2e/admin-web.spec.ts:1102:5 › FE-19 Chromium 22 个生产路由：en / 768px
verify	UNKNOWN STEP	2026-10-06T06:26:56.1068514Z [22/36] e2e/admin-web.spec.ts:1102:5 › FE-19 Chromium 22 个生产路由：en / 1440px
verify	UNKNOWN STEP	2026-10-06T06:27:03.0109478Z [23/36] e2e/admin-web.spec.ts:1123:1 › FE-19 语言选择在刷新后保持
verify	UNKNOWN STEP	2026-10-06T06:27:03.7369985Z [24/36] e2e/admin-web.spec.ts:1135:1 › QA-09 设备管理长别名和序列号在375px完整换行且不裁切
verify	UNKNOWN STEP	2026-10-06T06:27:05.6463789Z [25/36] e2e/qa05-workflows.spec.ts:33:3 › QA05 role route and button matrix PlatformSuperAdmin
verify	UNKNOWN STEP	2026-10-06T06:27:15.7774859Z [26/36] e2e/qa05-workflows.spec.ts:33:3 › QA05 role route and button matrix PlatformOperator
verify	UNKNOWN STEP	2026-10-06T06:27:24.9709307Z [27/36] e2e/qa05-workflows.spec.ts:33:3 › QA05 role route and button matrix Auditor
verify	UNKNOWN STEP	2026-10-06T06:27:34.0818840Z [28/36] e2e/qa05-workflows.spec.ts:33:3 › QA05 role route and button matrix CustomerAdmin
verify	UNKNOWN STEP	2026-10-06T06:27:41.7211668Z [29/36] e2e/qa05-workflows.spec.ts:33:3 › QA05 role route and button matrix CustomerViewer
verify	UNKNOWN STEP	2026-10-06T06:27:49.2072474Z [30/36] e2e/qa05-workflows.spec.ts:80:1 › QA05 login SRP MFA error success logout without persisting password
verify	UNKNOWN STEP	2026-10-06T06:27:50.1702693Z [31/36] e2e/qa05-workflows.spec.ts:146:1 › QA05 ESG cursor totals export snapshot timezone and empty state
verify	UNKNOWN STEP	2026-10-06T06:27:51.4096963Z [32/36] e2e/qa05-workflows.spec.ts:216:1 › QA05 Command dangerous confirmation terminal result and publish failure
verify	UNKNOWN STEP	2026-10-06T06:27:52.9368655Z [33/36] e2e/qa05-workflows.spec.ts:271:1 › QA05 Media expiry renew 403 and audit read-only zero writes
verify	UNKNOWN STEP	2026-10-06T06:27:54.1488239Z [34/36] e2e/ui-redesign.spec.ts:12:3 › UI redesign: all business routes at 1366x768
verify	UNKNOWN STEP	2026-10-06T06:28:12.6381515Z [35/36] e2e/ui-redesign.spec.ts:12:3 › UI redesign: all business routes at 1440x900
verify	UNKNOWN STEP	2026-10-06T06:28:31.0291569Z [36/36] e2e/ui-redesign.spec.ts:12:3 › UI redesign: all business routes at 1920x1080
verify	UNKNOWN STEP	2026-10-06T06:28:49.6625837Z   36 passed (3.2m)
verify	UNKNOWN STEP	2026-10-06T06:28:49.9905189Z 
verify	UNKNOWN STEP	2026-10-06T06:28:49.9906069Z > food-digester-platform@0.0.0 check:cmd-ota-delivery /home/runner/work/food-digester-platform/food-digester-platform
verify	UNKNOWN STEP	2026-10-06T06:28:49.9906780Z > pnpm check:runtime && pnpm check:cdk
verify	UNKNOWN STEP	2026-10-06T06:28:49.9907364Z 
verify	UNKNOWN STEP	2026-10-06T06:28:50.2843276Z 
verify	UNKNOWN STEP	2026-10-06T06:28:50.2844443Z > food-digester-platform@0.0.0 check:runtime /home/runner/work/food-digester-platform/food-digester-platform
verify	UNKNOWN STEP	2026-10-06T06:28:50.2845710Z > node --import tsx scripts/check-delivered-runtime.mjs
verify	UNKNOWN STEP	2026-10-06T06:28:50.2846038Z 
verify	UNKNOWN STEP	2026-10-06T06:28:50.3896417Z 已交付 REST 生产路由与 OpenAPI 双向一致（129 operations）
verify	UNKNOWN STEP	2026-10-06T06:28:50.6998141Z 
verify	UNKNOWN STEP	2026-10-06T06:28:50.6999534Z > food-digester-platform@0.0.0 check:cdk /home/runner/work/food-digester-platform/food-digester-platform
verify	UNKNOWN STEP	2026-10-06T06:28:50.7000908Z > node scripts/check-cdk-synth.mjs
verify	UNKNOWN STEP	2026-10-06T06:28:50.7001346Z 
verify	UNKNOWN STEP	2026-10-06T06:29:06.8230413Z CDK synth 无 warning；已交付 Lambda asset 与 CMD/OTA 生产接线 Gate 通过
verify	UNKNOWN STEP	2026-10-06T06:29:07.1429159Z 
verify	UNKNOWN STEP	2026-10-06T06:29:07.1430699Z > food-digester-platform@0.0.0 test:device-contracts /home/runner/work/food-digester-platform/food-digester-platform
verify	UNKNOWN STEP	2026-10-06T06:29:07.1432717Z > node --import tsx scripts/run-contract-suite.mjs /tmp/fdp-device-contracts-gate.json
verify	UNKNOWN STEP	2026-10-06T06:29:07.1433555Z 
verify	UNKNOWN STEP	2026-10-06T06:29:08.1358574Z ✔ QA-02 MQTT heartbeat: all valid/invalid fixtures, missing meta and type mutation (11.028108ms)
verify	UNKNOWN STEP	2026-10-06T06:29:08.1360220Z ✔ QA-02 MQTT telemetry: all valid/invalid fixtures, missing meta and type mutation (5.183697ms)
verify	UNKNOWN STEP	2026-10-06T06:29:08.1361747Z ✔ QA-02 MQTT report: all valid/invalid fixtures, missing meta and type mutation (5.538169ms)
verify	UNKNOWN STEP	2026-10-06T06:29:08.1363243Z ✔ QA-02 MQTT alarm: all valid/invalid fixtures, missing meta and type mutation (3.811261ms)
verify	UNKNOWN STEP	2026-10-06T06:29:08.1364984Z ✔ QA-02 MQTT event: all valid/invalid fixtures, missing meta and type mutation (2.296439ms)
verify	UNKNOWN STEP	2026-10-06T06:29:08.1366427Z ✔ QA-02 MQTT ack: all valid/invalid fixtures, missing meta and type mutation (4.103396ms)
verify	UNKNOWN STEP	2026-10-06T06:29:08.1367796Z ✔ QA-02 MQTT tamper: all valid/invalid fixtures, missing meta and type mutation (3.830116ms)
verify	UNKNOWN STEP	2026-10-06T06:29:08.1369031Z ✔ QA-02 MQTT media: all valid/invalid fixtures, missing meta and type mutation (3.065462ms)
verify	UNKNOWN STEP	2026-10-06T06:29:08.1370365Z ✔ QA-02 MQTT cmd: all valid/invalid fixtures, missing meta and type mutation (3.705454ms)
verify	UNKNOWN STEP	2026-10-06T06:29:08.1371565Z ✔ QA-02 MQTT ota: all valid/invalid fixtures, missing meta and type mutation (3.908813ms)
verify	UNKNOWN STEP	2026-10-06T06:29:08.1372852Z ✔ QA-02 MQTT notification: all valid/invalid fixtures, missing meta and type mutation (3.494431ms)
verify	UNKNOWN STEP	2026-10-06T06:29:08.1376825Z ✔ MQTT semantic hash, discriminator and UTC calendar errors fail closed (1.353121ms)
verify	UNKNOWN STEP	2026-10-06T06:29:08.1382182Z ✔ full REST response: field deletion/type mutation/envelope/date/errors/status/headers are enforced (7.326011ms)
verify	UNKNOWN STEP	2026-10-06T06:29:08.1384742Z ✔ REST request validation: required body/path/query/header, optional Sync, bodyless Deactivate, no type coercion in JSON (10.499564ms)
verify	UNKNOWN STEP	2026-10-06T06:29:08.1386856Z ✔ all device operations and declared response JSON Schemas compile; stable error catalog has no duplicates (65.288842ms)
verify	UNKNOWN STEP	2026-10-06T06:29:08.1388643Z ✔ predecessor MQTT is compatible; known REST break requires exact version and frozen DEC approvals (39.694642ms)
verify	UNKNOWN STEP	2026-10-06T06:29:08.1390441Z ✔ breaking contract mutations fail: removing fields/operations/status, changing type/required/security (123.375104ms)
verify	UNKNOWN STEP	2026-10-06T06:29:08.1392245Z ✔ receipt coverage gate fails closed for missing operations/statuses, no valid request and forged records (0.715433ms)
verify	UNKNOWN STEP	2026-10-06T06:29:08.1394700Z ✔ archived CSR upgrade mapping still verifies original baselines without rewriting history (4.941728ms)
verify	UNKNOWN STEP	2026-10-06T06:29:08.1396075Z ℹ tests 19
verify	UNKNOWN STEP	2026-10-06T06:29:08.1396668Z ℹ suites 0
verify	UNKNOWN STEP	2026-10-06T06:29:08.1397340Z ℹ pass 19
verify	UNKNOWN STEP	2026-10-06T06:29:08.1397955Z ℹ fail 0
verify	UNKNOWN STEP	2026-10-06T06:29:08.1398539Z ℹ cancelled 0
verify	UNKNOWN STEP	2026-10-06T06:29:08.1399168Z ℹ skipped 0
verify	UNKNOWN STEP	2026-10-06T06:29:08.1399791Z ℹ todo 0
verify	UNKNOWN STEP	2026-10-06T06:29:08.1400463Z ℹ duration_ms 655.61324
verify	UNKNOWN STEP	2026-10-06T06:29:31.3481602Z 
verify	UNKNOWN STEP	2026-10-06T06:29:31.3483472Z ^[[1m^[[30m^[[46m RUN ^[[49m^[[39m^[[22m ^[[36mv4.1.11 ^[[39m^[[90m/home/runner/work/food-digester-platform/food-digester-platform^[[39m
verify	UNKNOWN STEP	2026-10-06T06:29:31.3484332Z 
verify	UNKNOWN STEP	2026-10-06T06:29:31.3485401Z  ^[[32m✓^[[39m apps/cloud-api/test/license-sync-lifecycle.test.ts ^[[2m(^[[22m^[[2m10 tests^[[22m^[[2m)^[[22m^[[33m 6519^[[2mms^[[22m^[[39m
verify	UNKNOWN STEP	2026-10-06T06:29:31.3486629Z    ^[[33m^[[2m✓^[[22m^[[39m real PostgreSQL: served snapshot and signed local verification drive Assigned→Licensed→Active once ^[[33m 1506^[[2mms^[[22m^[[39m
verify	UNKNOWN STEP	2026-10-06T06:29:31.3487781Z    ^[[33m^[[2m✓^[[22m^[[39m expired/revoked licenses and changed assignment cannot activate a device ^[[33m 486^[[2mms^[[22m^[[39m
verify	UNKNOWN STEP	2026-10-06T06:29:31.3488804Z  ^[[32m✓^[[39m apps/cloud-api/test/ota-dispatch.test.ts ^[[2m(^[[22m^[[2m16 tests^[[22m^[[2m)^[[22m^[[33m 6795^[[2mms^[[22m^[[39m
verify	UNKNOWN STEP	2026-10-06T06:29:31.3489968Z      ^[[33m^[[2m✓^[[22m^[[39m 成功下发：OTA Topic + CT-03 载荷（schema 校验）+ 15 分钟 URL + NOTIFIED + 历史 + OTA_AVAILABLE + PUBLICATION 归档 ^[[33m 517^[[2mms^[[22m^[[39m
verify	UNKNOWN STEP	2026-10-06T06:29:31.3491077Z  ^[[32m✓^[[39m apps/cloud-api/test/certificate-rotate.test.ts ^[[2m(^[[22m^[[2m8 tests^[[22m^[[2m)^[[22m^[[33m 8294^[[2mms^[[22m^[[39m
verify	UNKNOWN STEP	2026-10-06T06:29:31.3491990Z      ^[[33m^[[2m✓^[[22m^[[39m 缺失 CSR 不签发；AWS attach 失败保留可重试停用记录并保留旧证 ^[[33m 790^[[2mms^[[22m^[[39m
verify	UNKNOWN STEP	2026-10-06T06:29:31.3492698Z      ^[[33m^[[2m✓^[[22m^[[39m 正向：返回五字段证书包；双证书窗口（旧证仍可用）；私钥不落库/审计 ^[[33m 374^[[2mms^[[22m^[[39m
verify	UNKNOWN STEP	2026-10-06T06:29:31.3493359Z      ^[[33m^[[2m✓^[[22m^[[39m 旧证书错误/跨设备拒绝：缺字段 400；与身份不符 403（含他设备证书） ^[[33m 659^[[2mms^[[22m^[[39m
verify	UNKNOWN STEP	2026-10-06T06:29:31.3494609Z      ^[[33m^[[2m✓^[[22m^[[39m 响应不确定重试：撤销未确认证书并重签，不重复下发同一私钥 ^[[33m 424^[[2mms^[[22m^[[39m
verify	UNKNOWN STEP	2026-10-06T06:29:31.3495810Z      ^[[33m^[[2m✓^[[22m^[[39m 成功提交后、首个新证 Heartbeat 前重复请求稳定冲突且不撤证重签 ^[[33m 545^[[2mms^[[22m^[[39m
verify	UNKNOWN STEP	2026-10-06T06:29:31.3496803Z      ^[[33m^[[2m✓^[[22m^[[39m 部分失败（发证后 attach 失败）可重试：不建孤儿业务记录，重试成功 ^[[33m 495^[[2mms^[[22m^[[39m
verify	UNKNOWN STEP	2026-10-06T06:29:31.3497965Z  ^[[32m✓^[[39m apps/cloud-api/test/csr-onboarding.test.ts ^[[2m(^[[22m^[[2m1 test^[[22m^[[2m)^[[22m^[[33m 4812^[[2mms^[[22m^[[39m
verify	UNKNOWN STEP	2026-10-06T06:29:31.3499165Z      ^[[33m^[[2m✓^[[22m^[[39m 匿名申请、相同公钥幂等、换钥冲突；签名轮询拒绝重放 ^[[33m 647^[[2mms^[[22m^[[39m
verify	UNKNOWN STEP	2026-10-06T06:29:31.3500322Z  ^[[32m✓^[[39m apps/cloud-api/test/device-sync.test.ts ^[[2m(^[[22m^[[2m13 tests^[[22m^[[2m)^[[22m^[[33m 5967^[[2mms^[[22m^[[39m
verify	UNKNOWN STEP	2026-10-06T06:29:31.3501956Z      ^[[33m^[[2m✓^[[22m^[[39m 六域齐备：Assignment/Alias/License+签名/Device Users+验证材料/Configuration/Operational Status ^[[33m 600^[[2mms^[[22m^[[39m
verify	UNKNOWN STEP	2026-10-06T06:29:31.3503561Z  ^[[32m✓^[[39m apps/cloud-api/test/device-deactivate.test.ts ^[[2m(^[[22m^[[2m11 tests^[[22m^[[2m)^[[22m^[[33m 5241^[[2mms^[[22m^[[39m
verify	UNKNOWN STEP	2026-10-06T06:29:31.3505173Z      ^[[33m^[[2m✓^[[22m^[[39m 确认在先断证在后：CONFIRMED + 证书撤销 + 审计（仅摘要）+ 通用校验此前 403 而本端点可达 ^[[33m 441^[[2mms^[[22m^[[39m
verify	UNKNOWN STEP	2026-10-06T06:29:31.3506538Z  ^[[32m✓^[[39m apps/cloud-api/test/qa02-device-errors.test.ts ^[[2m(^[[22m^[[2m6 tests^[[22m^[[2m)^[[22m^[[32m 296^[[2mms^[[22m^[[39m
verify	UNKNOWN STEP	2026-10-06T06:29:31.3508007Z  ^[[32m✓^[[39m apps/cloud-api/test/media.test.ts ^[[2m(^[[22m^[[2m12 tests^[[22m^[[2m)^[[22m^[[33m 5466^[[2mms^[[22m^[[39m
verify	UNKNOWN STEP	2026-10-06T06:29:31.3509352Z      ^[[33m^[[2m✓^[[22m^[[39m 认证与生命周期：无证书/未知证书 → 401；Suspended/Retired/未分配 Customer → 403 ^[[33m 459^[[2mms^[[22m^[[39m
verify	UNKNOWN STEP	2026-10-06T06:29:31.3510877Z  ^[[32m✓^[[39m apps/cloud-api/test/device-lambda-composition.test.ts ^[[2m(^[[22m^[[2m13 tests^[[22m^[[2m)^[[22m^[[32m 42^[[2mms^[[22m^[[39m
verify	UNKNOWN STEP	2026-10-06T06:29:31.3512817Z  ^[[32m✓^[[39m apps/cloud-api/test/certificate-status.test.ts ^[[2m(^[[22m^[[2m8 tests^[[22m^[[2m)^[[22m^[[33m 3525^[[2mms^[[22m^[[39m
verify	UNKNOWN STEP	2026-10-06T06:29:31.3513555Z 
verify	UNKNOWN STEP	2026-10-06T06:29:31.3514263Z ^[[2m Test Files ^[[22m ^[[1m^[[32m10 passed^[[39m^[[22m^[[90m (10)^[[39m
verify	UNKNOWN STEP	2026-10-06T06:29:31.3515153Z ^[[2m      Tests ^[[22m ^[[1m^[[32m98 passed^[[39m^[[22m^[[90m (98)^[[39m
verify	UNKNOWN STEP	2026-10-06T06:29:31.3516076Z ^[[2m   Start at ^[[22m 06:29:08
verify	UNKNOWN STEP	2026-10-06T06:29:31.3517239Z ^[[2m   Duration ^[[22m 22.80s^[[2m (transform 4.01s, setup 140ms, import 15.97s, tests 46.96s, environment 8ms)^[[22m
verify	UNKNOWN STEP	2026-10-06T06:29:31.3517905Z 
verify	UNKNOWN STEP	2026-10-06T06:29:31.3583084Z QA-02 PASS: 11 MQTT schemas, 8 device operations, 168 checked Handler responses
verify	UNKNOWN STEP	2026-10-06T06:29:31.7006137Z 
verify	UNKNOWN STEP	2026-10-06T06:29:31.7007942Z > food-digester-platform@0.0.0 test:iot-integration /home/runner/work/food-digester-platform/food-digester-platform
verify	UNKNOWN STEP	2026-10-06T06:29:31.7010325Z > node --import tsx scripts/run-iot-integration.mjs /tmp/fdp-iot-integration-gate.json
verify	UNKNOWN STEP	2026-10-06T06:29:46.1382960Z 
verify	UNKNOWN STEP	2026-10-06T06:29:46.1382980Z 
verify	UNKNOWN STEP	2026-10-06T06:29:46.1385389Z ^[[1m^[[30m^[[46m RUN ^[[49m^[[39m^[[22m ^[[36mv4.1.11 ^[[39m^[[90m/home/runner/work/food-digester-platform/food-digester-platform^[[39m
verify	UNKNOWN STEP	2026-10-06T06:29:46.1388308Z ^[[90mstderr^[[2m | apps/ingestion-worker/test/qa03-data-path.test.ts^[[2m > ^[[22m^[[2mQA03 partial failure, quarantine retry, payload conflict and gap recovery
verify	UNKNOWN STEP	2026-10-06T06:29:46.1390294Z ^[[22m^[[39mingestion message quarantined {
verify	UNKNOWN STEP	2026-10-06T06:29:46.1391093Z   event: ^[[32m'ingestion.quarantined'^[[39m,
verify	UNKNOWN STEP	2026-10-06T06:29:46.1391899Z   messageId: ^[[32m'QA03-invalid-json'^[[39m,
verify	UNKNOWN STEP	2026-10-06T06:29:46.1392710Z   errorType: ^[[32m'INVALID_JSON'^[[39m,
verify	UNKNOWN STEP	2026-10-06T06:29:46.1393563Z   errorPath: ^[[32m'(root)'^[[39m,
verify	UNKNOWN STEP	2026-10-06T06:29:46.1394940Z   reason: ^[[32m'message body is not valid JSON'^[[39m
verify	UNKNOWN STEP	2026-10-06T06:29:46.1395589Z }
verify	UNKNOWN STEP	2026-10-06T06:29:46.1395804Z 
verify	UNKNOWN STEP	2026-10-06T06:29:46.1397340Z ^[[90mstderr^[[2m | apps/ingestion-worker/test/qa03-data-path.test.ts^[[2m > ^[[22m^[[2mQA03 partial failure, quarantine retry, payload conflict and gap recovery
verify	UNKNOWN STEP	2026-10-06T06:29:46.1398739Z ^[[22m^[[39mingestion message quarantined {
verify	UNKNOWN STEP	2026-10-06T06:29:46.1399393Z   event: ^[[32m'ingestion.quarantined'^[[39m,
verify	UNKNOWN STEP	2026-10-06T06:29:46.1400126Z   messageId: ^[[32m'QA03-invalid-json'^[[39m,
verify	UNKNOWN STEP	2026-10-06T06:29:46.1400803Z   errorType: ^[[32m'INVALID_JSON'^[[39m,
verify	UNKNOWN STEP	2026-10-06T06:29:46.1401393Z   errorPath: ^[[32m'(root)'^[[39m,
verify	UNKNOWN STEP	2026-10-06T06:29:46.1402061Z   reason: ^[[32m'message body is not valid JSON'^[[39m
verify	UNKNOWN STEP	2026-10-06T06:29:46.1402605Z }
verify	UNKNOWN STEP	2026-10-06T06:29:46.1402790Z 
verify	UNKNOWN STEP	2026-10-06T06:29:46.1404798Z ^[[90mstderr^[[2m | apps/ingestion-worker/test/qa03-data-path.test.ts^[[2m > ^[[22m^[[2mQA03 partial failure, quarantine retry, payload conflict and gap recovery
verify	UNKNOWN STEP	2026-10-06T06:29:46.1406193Z ^[[22m^[[39mingestion message quarantined {
verify	UNKNOWN STEP	2026-10-06T06:29:46.1406840Z   event: ^[[32m'ingestion.quarantined'^[[39m,
verify	UNKNOWN STEP	2026-10-06T06:29:46.1407470Z   messageId: ^[[32m'conflict'^[[39m,
verify	UNKNOWN STEP	2026-10-06T06:29:46.1408114Z   errorType: ^[[32m'PAYLOAD_CONFLICT'^[[39m,
verify	UNKNOWN STEP	2026-10-06T06:29:46.1408786Z   errorPath: ^[[32m'meta.seq'^[[39m,
verify	UNKNOWN STEP	2026-10-06T06:29:46.1410208Z   reason: ^[[32m'receipt key QA03-9A63006BC77E-DEV0:telemetry:1 already recorded with different payload hash (security anomaly)'^[[39m,
verify	UNKNOWN STEP	2026-10-06T06:29:46.1411655Z   iotTopic: ^[[32m'bnx/device/QA03-9A63006BC77E-DEV0/telemetry'^[[39m,
verify	UNKNOWN STEP	2026-10-06T06:29:46.1412543Z   iotDeviceId: ^[[32m'QA03-9A63006BC77E-DEV0'^[[39m
verify	UNKNOWN STEP	2026-10-06T06:29:46.1413491Z }
verify	UNKNOWN STEP	2026-10-06T06:29:46.1413685Z 
verify	UNKNOWN STEP	2026-10-06T06:29:46.1415349Z ^[[90mstderr^[[2m | apps/ingestion-worker/test/qa03-data-path.test.ts^[[2m > ^[[22m^[[2mQA03 partial failure, quarantine retry, payload conflict and gap recovery
verify	UNKNOWN STEP	2026-10-06T06:29:46.1416749Z ^[[22m^[[39mingestion message quarantined {
verify	UNKNOWN STEP	2026-10-06T06:29:46.1417323Z   event: ^[[32m'ingestion.quarantined'^[[39m,
verify	UNKNOWN STEP	2026-10-06T06:29:46.1417857Z   messageId: ^[[32m'schema'^[[39m,
verify	UNKNOWN STEP	2026-10-06T06:29:46.1418384Z   errorType: ^[[32m'SCHEMA_VIOLATION'^[[39m,
verify	UNKNOWN STEP	2026-10-06T06:29:46.1418972Z   errorPath: ^[[32m'data.deviceStatus'^[[39m,
verify	UNKNOWN STEP	2026-10-06T06:29:46.1420144Z   reason: ^[[32m'payload violates heartbeat.schema.json: 非法枚举值 "BROKEN"，允许值: ONLINE, DEGRADED, OFFLINE'^[[39m,
verify	UNKNOWN STEP	2026-10-06T06:29:46.1421841Z   iotTopic: ^[[32m'bnx/device/QA03-9A63006BC77E-DEV0/heartbeat'^[[39m,
verify	UNKNOWN STEP	2026-10-06T06:29:46.1422344Z   iotDeviceId: ^[[32m'QA03-9A63006BC77E-DEV0'^[[39m
verify	UNKNOWN STEP	2026-10-06T06:29:46.1422652Z }
verify	UNKNOWN STEP	2026-10-06T06:29:46.1422763Z 
verify	UNKNOWN STEP	2026-10-06T06:29:46.1423541Z ^[[90mstderr^[[2m | apps/ingestion-worker/test/qa03-data-path.test.ts^[[2m > ^[[22m^[[2mQA03 partial failure, quarantine retry, payload conflict and gap recovery
verify	UNKNOWN STEP	2026-10-06T06:29:46.1424836Z ^[[22m^[[39mingestion message quarantined {
verify	UNKNOWN STEP	2026-10-06T06:29:46.1425461Z   event: ^[[32m'ingestion.quarantined'^[[39m,
verify	UNKNOWN STEP	2026-10-06T06:29:46.1425840Z   messageId: ^[[32m'identity'^[[39m,
verify	UNKNOWN STEP	2026-10-06T06:29:46.1426198Z   errorType: ^[[32m'IDENTITY_VIOLATION'^[[39m,
verify	UNKNOWN STEP	2026-10-06T06:29:46.1426564Z   errorPath: ^[[32m'iotDeviceId'^[[39m,
verify	UNKNOWN STEP	2026-10-06T06:29:46.1427033Z   reason: ^[[32m'topic device does not match certificate binding'^[[39m,
verify	UNKNOWN STEP	2026-10-06T06:29:46.1427568Z   iotTopic: ^[[32m'bnx/device/QA03-9A63006BC77E-DEV0/event'^[[39m,
verify	UNKNOWN STEP	2026-10-06T06:29:46.1428037Z   iotDeviceId: ^[[32m'QA03-9A63006BC77E-DEV0'^[[39m
verify	UNKNOWN STEP	2026-10-06T06:29:46.1428345Z }
verify	UNKNOWN STEP	2026-10-06T06:29:46.1428447Z 
verify	UNKNOWN STEP	2026-10-06T06:29:46.1429385Z ^[[90mstderr^[[2m | apps/ingestion-worker/test/qa03-data-path.test.ts^[[2m > ^[[22m^[[2mQA03 archive queue outage and manifest failure converge with stable objects
verify	UNKNOWN STEP	2026-10-06T06:29:46.1430372Z ^[[22m^[[39marchive validation rejected {
verify	UNKNOWN STEP	2026-10-06T06:29:46.1430772Z   kind: ^[[32m'archive.validation_rejected'^[[39m,
verify	UNKNOWN STEP	2026-10-06T06:29:46.1431160Z   messageId: ^[[32m'invalid-archive'^[[39m,
verify	UNKNOWN STEP	2026-10-06T06:29:46.1431482Z   eventId: ^[[1mnull^[[22m,
verify	UNKNOWN STEP	2026-10-06T06:29:46.1431761Z   errorPath: ^[[32m'$'^[[39m,
verify	UNKNOWN STEP	2026-10-06T06:29:46.1432283Z   reason: ^[[32m"Expected property name or '}' in JSON at position 1 (line 1 column 2)"^[[39m,
verify	UNKNOWN STEP	2026-10-06T06:29:46.1432742Z   rawBody: ^[[32m'{bad'^[[39m
verify	UNKNOWN STEP	2026-10-06T06:29:46.1432972Z }
verify	UNKNOWN STEP	2026-10-06T06:29:46.1433069Z 
verify	UNKNOWN STEP	2026-10-06T06:29:46.1433092Z 
verify	UNKNOWN STEP	2026-10-06T06:29:46.1433661Z  ^[[32m✓^[[39m apps/ingestion-worker/test/qa03-data-path.test.ts ^[[2m(^[[22m^[[2m5 tests^[[22m^[[2m)^[[22m^[[33m 12741^[[2mms^[[22m^[[39m
verify	UNKNOWN STEP	2026-10-06T06:29:46.1435050Z    ^[[33m^[[2m✓^[[22m^[[39m QA03 eight routes: business + receipts + outbox + raw archive, duplicate redelivery ^[[33m 4580^[[2mms^[[22m^[[39m
verify	UNKNOWN STEP	2026-10-06T06:29:46.1436025Z    ^[[33m^[[2m✓^[[22m^[[39m QA03 partial failure, quarantine retry, payload conflict and gap recovery ^[[33m 1730^[[2mms^[[22m^[[39m
verify	UNKNOWN STEP	2026-10-06T06:29:46.1436950Z    ^[[33m^[[2m✓^[[22m^[[39m QA03 archive queue outage and manifest failure converge with stable objects ^[[33m 1656^[[2mms^[[22m^[[39m
verify	UNKNOWN STEP	2026-10-06T06:29:46.1437827Z    ^[[33m^[[2m✓^[[22m^[[39m QA03 business/receipt/outbox transaction rollback then retry ^[[33m 1593^[[2mms^[[22m^[[39m
verify	UNKNOWN STEP	2026-10-06T06:29:46.1438675Z    ^[[33m^[[2m✓^[[22m^[[39m QA03 isolated resources are cleaned even when the scenario throws ^[[33m 3180^[[2mms^[[22m^[[39m
verify	UNKNOWN STEP	2026-10-06T06:29:46.1439083Z 
verify	UNKNOWN STEP	2026-10-06T06:29:46.1439366Z ^[[2m Test Files ^[[22m ^[[1m^[[32m1 passed^[[39m^[[22m^[[90m (1)^[[39m
verify	UNKNOWN STEP	2026-10-06T06:29:46.1439869Z ^[[2m      Tests ^[[22m ^[[1m^[[32m5 passed^[[39m^[[22m^[[90m (5)^[[39m
verify	UNKNOWN STEP	2026-10-06T06:29:46.1440274Z ^[[2m   Start at ^[[22m 06:29:32
verify	UNKNOWN STEP	2026-10-06T06:29:46.1440929Z ^[[2m   Duration ^[[22m 13.91s^[[2m (transform 584ms, setup 23ms, import 1.01s, tests 12.74s, environment 0ms)^[[22m
verify	UNKNOWN STEP	2026-10-06T06:29:46.1441323Z 
verify	UNKNOWN STEP	2026-10-06T06:29:46.4849671Z 
verify	UNKNOWN STEP	2026-10-06T06:29:46.4851719Z > food-digester-platform@0.0.0 test:core-api-integration /home/runner/work/food-digester-platform/food-digester-platform
verify	UNKNOWN STEP	2026-10-06T06:29:46.4853760Z > node --import tsx scripts/run-core-api-integration.mjs /tmp/fdp-core-api-integration-gate.json
verify	UNKNOWN STEP	2026-10-06T06:29:46.4854854Z 
verify	UNKNOWN STEP	2026-10-06T06:30:23.5872287Z 
verify	UNKNOWN STEP	2026-10-06T06:30:23.5873792Z ^[[1m^[[30m^[[46m RUN ^[[49m^[[39m^[[22m ^[[36mv4.1.11 ^[[39m^[[90m/home/runner/work/food-digester-platform/food-digester-platform^[[39m
verify	UNKNOWN STEP	2026-10-06T06:30:23.5875851Z ^[[90mstderr^[[2m | apps/cloud-api/test/qa04-core-api.test.ts^[[2m > ^[[22m^[[2mQA04 audit failure rolls back lifecycle/outbox; retry and replay preserve exactly one audit
verify	UNKNOWN STEP	2026-10-06T06:30:23.5877438Z ^[[22m^[[39maudit FAILURE 记录写入失败 Error [PrismaClientKnownRequestError]: 
verify	UNKNOWN STEP	2026-10-06T06:30:23.5878046Z Invalid `client.auditLog.create()` invocation in
verify	UNKNOWN STEP	2026-10-06T06:30:23.5878868Z /home/runner/work/food-digester-platform/food-digester-platform/packages/database/src/audit.ts:72:25
verify	UNKNOWN STEP	2026-10-06T06:30:23.5879400Z 
verify	UNKNOWN STEP	2026-10-06T06:30:23.5879682Z   69 /** 写一条审计记录。可在事务内（tx）或根 client 上调用。 */
verify	UNKNOWN STEP	2026-10-06T06:30:23.5880344Z   70 export async function recordAudit(client: DbClient, entry: AuditEntry): Promise<void> {
verify	UNKNOWN STEP	2026-10-06T06:30:23.5880959Z   71   const ctx = getRequestContext();
verify	UNKNOWN STEP	2026-10-06T06:30:23.5881416Z → 72   await client.auditLog.create(
verify	UNKNOWN STEP	2026-10-06T06:30:23.5881938Z Database error. Code: `P0001`. Message: `QA04 audit unavailable`
verify	UNKNOWN STEP	2026-10-06T06:30:23.5883133Z     at redactSensitive ^[[90m(/home/runner/work/food-digester-platform/food-digester-platform/^[[39mpackages/observability/src/redaction.ts:43:19^[[90m)^[[39m
verify	UNKNOWN STEP	2026-10-06T06:30:23.5884540Z     at Array.map (<anonymous>)
verify	UNKNOWN STEP	2026-10-06T06:30:23.5885609Z     at Object.error ^[[90m(/home/runner/work/food-digester-platform/food-digester-platform/^[[39mpackages/observability/src/redaction.ts:70:18^[[90m)^[[39m
verify	UNKNOWN STEP	2026-10-06T06:30:23.5887111Z     at audited ^[[90m(/home/runner/work/food-digester-platform/food-digester-platform/^[[39mpackages/database/src/audit.ts:144:14^[[90m)^[[39m
verify	UNKNOWN STEP	2026-10-06T06:30:23.5888136Z ^[[90m    at processTicksAndRejections (node:internal/process/task_queues:103:5)^[[39m
verify	UNKNOWN STEP	2026-10-06T06:30:23.5889060Z     at ^[[90m/home/runner/work/food-digester-platform/food-digester-platform/^[[39mapps/cloud-api/src/admin/device-status/handler.ts:79:20
verify	UNKNOWN STEP	2026-10-06T06:30:23.5890160Z     at ^[[90m/home/runner/work/food-digester-platform/food-digester-platform/^[[39mapps/cloud-api/src/admin/device-status/handler.ts:104:16
verify	UNKNOWN STEP	2026-10-06T06:30:23.5891317Z     at Object.suspend ^[[90m(/home/runner/work/food-digester-platform/food-digester-platform/^[[39mapps/cloud-api/test/qa04-observe.ts:18:28^[[90m)^[[39m
verify	UNKNOWN STEP	2026-10-06T06:30:23.5892421Z     at ^[[90m/home/runner/work/food-digester-platform/food-digester-platform/^[[39mapps/cloud-api/test/qa04-core-api.test.ts:193:20
verify	UNKNOWN STEP	2026-10-06T06:30:23.5893595Z     at withFixture ^[[90m(/home/runner/work/food-digester-platform/food-digester-platform/^[[39mapps/cloud-api/test/qa04-core-api.test.ts:50:13^[[90m)^[[39m
verify	UNKNOWN STEP	2026-10-06T06:30:23.5894725Z 
verify	UNKNOWN STEP	2026-10-06T06:30:23.5894741Z 
verify	UNKNOWN STEP	2026-10-06T06:30:23.5895303Z  ^[[32m✓^[[39m apps/cloud-api/test/device-sync.test.ts ^[[2m(^[[22m^[[2m13 tests^[[22m^[[2m)^[[22m^[[33m 6341^[[2mms^[[22m^[[39m
verify	UNKNOWN STEP	2026-10-06T06:30:23.5897028Z      ^[[33m^[[2m✓^[[22m^[[39m 六域齐备：Assignment/Alias/License+签名/Device Users+验证材料/Configuration/Operational Status ^[[33m 758^[[2mms^[[22m^[[39m
verify	UNKNOWN STEP	2026-10-06T06:30:23.5898756Z  ^[[32m✓^[[39m apps/cloud-api/test/admin-command.test.ts ^[[2m(^[[22m^[[2m15 tests^[[22m^[[2m)^[[22m^[[33m 6831^[[2mms^[[22m^[[39m
verify	UNKNOWN STEP	2026-10-06T06:30:23.5899708Z      ^[[33m^[[2m✓^[[22m^[[39m ACTIVE 设备：22 个命令全部创建成功并进入 AUTHORIZED ^[[33m 908^[[2mms^[[22m^[[39m
verify	UNKNOWN STEP	2026-10-06T06:30:23.5900478Z  ^[[32m✓^[[39m apps/cloud-api/test/qa04-core-api.test.ts ^[[2m(^[[22m^[[2m3 tests^[[22m^[[2m)^[[22m^[[33m 12211^[[2mms^[[22m^[[39m
verify	UNKNOWN STEP	2026-10-06T06:30:23.5901399Z    ^[[33m^[[2m✓^[[22m^[[39m QA04 five roles, two tenants: read scope, mutation and audit boundaries ^[[33m 5844^[[2mms^[[22m^[[39m
verify	UNKNOWN STEP	2026-10-06T06:30:23.5902288Z    ^[[33m^[[2m✓^[[22m^[[39m QA04 concurrent If-Match writes have one winner and one success audit ^[[33m 2838^[[2mms^[[22m^[[39m
verify	UNKNOWN STEP	2026-10-06T06:30:23.5903522Z    ^[[33m^[[2m✓^[[22m^[[39m QA04 audit failure rolls back lifecycle/outbox; retry and replay preserve exactly one audit ^[[33m 3524^[[2mms^[[22m^[[39m
verify	UNKNOWN STEP	2026-10-06T06:30:23.5905316Z  ^[[32m✓^[[39m apps/cloud-api/test/admin-contract-device.test.ts ^[[2m(^[[22m^[[2m8 tests^[[22m^[[2m)^[[22m^[[33m 5273^[[2mms^[[22m^[[39m
verify	UNKNOWN STEP	2026-10-06T06:30:23.5906242Z      ^[[33m^[[2m✓^[[22m^[[39m 批量关联全成：ACTIVE 关联 + 审计一次；Contract 设备视图含四轴/固件/Region/别名/租期 ^[[33m 405^[[2mms^[[22m^[[39m
verify	UNKNOWN STEP	2026-10-06T06:30:23.5907085Z  ^[[32m✓^[[39m apps/cloud-api/test/admin-device-status.test.ts ^[[2m(^[[22m^[[2m8 tests^[[22m^[[2m)^[[22m^[[33m 5233^[[2mms^[[22m^[[39m
verify	UNKNOWN STEP	2026-10-06T06:30:23.5908031Z      ^[[33m^[[2m✓^[[22m^[[39m Active→Suspended：状态历史（含 operational 镜像）+ DEVICE_SUSPENDED 通知 + 原因入审计 ^[[33m 436^[[2mms^[[22m^[[39m
verify	UNKNOWN STEP	2026-10-06T06:30:23.5909185Z  ^[[32m✓^[[39m apps/cloud-api/test/admin-device-assignment.test.ts ^[[2m(^[[22m^[[2m9 tests^[[22m^[[2m)^[[22m^[[33m 5459^[[2mms^[[22m^[[39m
verify	UNKNOWN STEP	2026-10-06T06:30:23.5910455Z      ^[[33m^[[2m✓^[[22m^[[39m Onboarded → Assigned：归属更新 + 状态历史 + 授权窗口 + 恰好一次通知 + 审计 ^[[33m 433^[[2mms^[[22m^[[39m
verify	UNKNOWN STEP	2026-10-06T06:30:23.5911576Z  ^[[32m✓^[[39m apps/cloud-api/test/admin-onboarding.test.ts ^[[2m(^[[22m^[[2m13 tests^[[22m^[[2m)^[[22m^[[33m 5550^[[2mms^[[22m^[[39m
verify	UNKNOWN STEP	2026-10-06T06:30:23.5912527Z  ^[[32m✓^[[39m apps/cloud-api/test/admin-consumable-request.test.ts ^[[2m(^[[22m^[[2m8 tests^[[22m^[[2m)^[[22m^[[33m 5311^[[2mms^[[22m^[[39m
verify	UNKNOWN STEP	2026-10-06T06:30:23.5913299Z      ^[[33m^[[2m✓^[[22m^[[39m 创建→处理→完成；每步状态/处理人/备注/完成时间/审计 ^[[33m 410^[[2mms^[[22m^[[39m
verify	UNKNOWN STEP	2026-10-06T06:30:23.5914555Z  ^[[32m✓^[[39m apps/cloud-api/test/admin-audit.test.ts ^[[2m(^[[22m^[[2m7 tests^[[22m^[[2m)^[[22m^[[33m 5099^[[2mms^[[22m^[[39m
verify	UNKNOWN STEP	2026-10-06T06:30:23.5915511Z      ^[[33m^[[2m✓^[[22m^[[39m Auditor/SuperAdmin 可跨 Customer 只读；Operator/Customer 角色 → 403；无 actor → 401 ^[[33m 316^[[2mms^[[22m^[[39m
verify	UNKNOWN STEP	2026-10-06T06:30:23.5916473Z  ^[[32m✓^[[39m apps/cloud-api/test/admin-alarm.test.ts ^[[2m(^[[22m^[[2m10 tests^[[22m^[[2m)^[[22m^[[33m 5629^[[2mms^[[22m^[[39m
verify	UNKNOWN STEP	2026-10-06T06:30:23.5917756Z      ^[[33m^[[2m✓^[[22m^[[39m 确认记录操作者/原因/时间 + 审计；重复确认幂等（无新写入/审计/领域事件） ^[[33m 356^[[2mms^[[22m^[[39m
verify	UNKNOWN STEP	2026-10-06T06:30:23.5919272Z  ^[[32m✓^[[39m apps/cloud-api/test/admin-license.test.ts ^[[2m(^[[22m^[[2m11 tests^[[22m^[[2m)^[[22m^[[33m 6046^[[2mms^[[22m^[[39m
verify	UNKNOWN STEP	2026-10-06T06:30:23.5920681Z      ^[[33m^[[2m✓^[[22m^[[39m 完整链路：每步状态/签名/历史/审计/通知各一次 ^[[33m 554^[[2mms^[[22m^[[39m
verify	UNKNOWN STEP	2026-10-06T06:30:23.5922002Z  ^[[32m✓^[[39m apps/cloud-api/test/admin-contract.test.ts ^[[2m(^[[22m^[[2m9 tests^[[22m^[[2m)^[[22m^[[33m 5803^[[2mms^[[22m^[[39m
verify	UNKNOWN STEP	2026-10-06T06:30:23.5922801Z      ^[[33m^[[2m✓^[[22m^[[39m 创建→详情→编辑→激活→续约→终止；每步审计一次、version 递增 ^[[33m 408^[[2mms^[[22m^[[39m
verify	UNKNOWN STEP	2026-10-06T06:30:23.5923533Z  ^[[32m✓^[[39m apps/cloud-api/test/admin-esg.test.ts ^[[2m(^[[22m^[[2m10 tests^[[22m^[[2m)^[[22m^[[33m 5437^[[2mms^[[22m^[[39m
verify	UNKNOWN STEP	2026-10-06T06:30:23.5924870Z  ^[[32m✓^[[39m apps/cloud-api/test/admin-device-retirement.test.ts ^[[2m(^[[22m^[[2m7 tests^[[22m^[[2m)^[[22m^[[33m 4803^[[2mms^[[22m^[[39m
verify	UNKNOWN STEP	2026-10-06T06:30:23.5927026Z      ^[[33m^[[2m✓^[[22m^[[39m Active→Retired：撤销 Assignment/License/Entitlement + 待确认记录 + DEVICE_RETIRED + 审计；证书保持 ACTIVE ^[[33m 308^[[2mms^[[22m^[[39m
verify	UNKNOWN STEP	2026-10-06T06:30:23.5927753Z 
verify	UNKNOWN STEP	2026-10-06T06:30:23.5928157Z ^[[2m Test Files ^[[22m ^[[1m^[[32m14 passed^[[39m^[[22m^[[90m (14)^[[39m
verify	UNKNOWN STEP	2026-10-06T06:30:23.5928753Z ^[[2m      Tests ^[[22m ^[[1m^[[32m131 passed^[[39m^[[22m^[[90m (131)^[[39m
verify	UNKNOWN STEP	2026-10-06T06:30:23.5929186Z ^[[2m   Start at ^[[22m 06:29:46
verify	UNKNOWN STEP	2026-10-06T06:30:23.5929874Z ^[[2m   Duration ^[[22m 36.56s^[[2m (transform 3.67s, setup 370ms, import 19.12s, tests 85.03s, environment 2ms)^[[22m
verify	UNKNOWN STEP	2026-10-06T06:30:23.5930281Z 
verify	UNKNOWN STEP	2026-10-06T06:30:23.5930538Z JSON report written to /tmp/qa04-core-api-TUcCIE/vitest.json
verify	UNKNOWN STEP	2026-10-06T06:30:23.9419347Z 
verify	UNKNOWN STEP	2026-10-06T06:30:23.9420427Z > food-digester-platform@0.0.0 test:admin-e2e-suite /home/runner/work/food-digester-platform/food-digester-platform
verify	UNKNOWN STEP	2026-10-06T06:30:23.9421960Z > node scripts/run-admin-e2e.mjs /tmp/fdp-admin-e2e-gate.json
verify	UNKNOWN STEP	2026-10-06T06:30:23.9422334Z 
verify	UNKNOWN STEP	2026-10-06T06:30:24.6318580Z QA05 phase=serial executions=36 workers=1 timeoutMs=660000
verify	UNKNOWN STEP	2026-10-06T06:33:27.7713907Z 
verify	UNKNOWN STEP	2026-10-06T06:33:27.7713927Z 
verify	UNKNOWN STEP	2026-10-06T06:33:27.7714698Z Running 36 tests using 1 worker
verify	UNKNOWN STEP	2026-10-06T06:33:27.7715085Z 
verify	UNKNOWN STEP	2026-10-06T06:33:27.7716355Z [1/36] e2e/admin-web.spec.ts:15:1 › H-01 API 拒绝停用会话后清除浏览器会话并返回登录
verify	UNKNOWN STEP	2026-10-06T06:33:27.7717224Z [WebServer] [plugin builtin:vite-reporter] 
verify	UNKNOWN STEP	2026-10-06T06:33:27.7718166Z [WebServer] (!) Some chunks are larger than 500 kB after minification. Consider:
verify	UNKNOWN STEP	2026-10-06T06:33:27.7719167Z [WebServer] - Using dynamic import() to code-split the application
verify	UNKNOWN STEP	2026-10-06T06:33:27.7720172Z [WebServer] - Use build.rolldownOptions.output.codeSplitting to improve chunking: https://rolldown.rs/reference/OutputOptions.codeSplitting
verify	UNKNOWN STEP	2026-10-06T06:33:27.7721151Z [WebServer] - Adjust chunk size limit for this warning via build.chunkSizeWarningLimit.
verify	UNKNOWN STEP	2026-10-06T06:33:27.7722040Z [2/36] e2e/admin-web.spec.ts:42:1 › M-01 CustomerViewer 从菜单查询设备用户详情，全部写入口隐藏
verify	UNKNOWN STEP	2026-10-06T06:33:27.7722709Z [3/36] e2e/admin-web.spec.ts:88:1 › 无 Token 安全回登录；五角色菜单和受限路由均由组合根守卫
verify	UNKNOWN STEP	2026-10-06T06:33:27.7723297Z [4/36] e2e/admin-web.spec.ts:116:1 › 刷新失败清会话，API 403 保留会话并呈现无权
verify	UNKNOWN STEP	2026-10-06T06:33:27.7724623Z [5/36] e2e/admin-web.spec.ts:138:1 › Customer scope 与 Dashboard 离线/无 entitlement 动作在真实浏览器失败关闭
verify	UNKNOWN STEP	2026-10-06T06:33:27.7725611Z [6/36] e2e/admin-web.spec.ts:175:1 › Onboarding 审批双击只提交一次，展示录入来源和证书状态
verify	UNKNOWN STEP	2026-10-06T06:33:27.7726341Z [7/36] e2e/admin-web.spec.ts:220:1 › Customer/Site CRUD 关键路径：创建、非法时区、关联停用提示与 409
verify	UNKNOWN STEP	2026-10-06T06:33:27.7727005Z [8/36] e2e/admin-web.spec.ts:343:1 › 1440/768/375 响应式布局、横向表格和对话框键盘边界
verify	UNKNOWN STEP	2026-10-06T06:33:27.7727683Z [9/36] e2e/admin-web.spec.ts:429:1 › FE-06 至 FE-10 六个生产路由可运行，并覆盖成功、空态、分页入口、时区与响应式
verify	UNKNOWN STEP	2026-10-06T06:33:27.7728460Z [10/36] e2e/admin-web.spec.ts:471:1 › FE-06 至 FE-10 在 403/404、Customer scope、详情焦点与重复提交场景失败关闭
verify	UNKNOWN STEP	2026-10-06T06:33:27.7729172Z [11/36] e2e/admin-web.spec.ts:547:1 › FE-11 至 FE-15 七个生产路由由真实控制器驱动，并覆盖媒体签发与审计详情
verify	UNKNOWN STEP	2026-10-06T06:33:27.7729864Z [12/36] e2e/admin-web.spec.ts:611:1 › FE-11 至 FE-15 API 403 与路由角色边界在真实浏览器失败关闭
verify	UNKNOWN STEP	2026-10-06T06:33:27.7730471Z [13/36] e2e/admin-web.spec.ts:628:1 › FE-17 新建权限与零设备第二阶段在真实浏览器失败关闭
verify	UNKNOWN STEP	2026-10-06T06:33:27.7731136Z [14/36] e2e/admin-web.spec.ts:699:1 › FE-18 Chromium 覆盖 unknown/stale、联系人按需零预载与申请状态机
verify	UNKNOWN STEP	2026-10-06T06:33:27.7731845Z [15/36] e2e/admin-web.spec.ts:803:1 › FE-16 Chromium 覆盖邀请、角色、Scope、重置与设置 409 回源
verify	UNKNOWN STEP	2026-10-06T06:33:27.7732510Z [16/36] e2e/admin-web.spec.ts:927:1 › FE-17 Chromium 覆盖绑定、解绑、续约与终止并保留 License 边界
verify	UNKNOWN STEP	2026-10-06T06:33:27.7733151Z [17/36] e2e/admin-web.spec.ts:1102:5 › FE-19 Chromium 22 个生产路由：zh-CN / 375px
verify	UNKNOWN STEP	2026-10-06T06:33:27.7733780Z [18/36] e2e/admin-web.spec.ts:1102:5 › FE-19 Chromium 22 个生产路由：zh-CN / 768px
verify	UNKNOWN STEP	2026-10-06T06:33:27.7734716Z [19/36] e2e/admin-web.spec.ts:1102:5 › FE-19 Chromium 22 个生产路由：zh-CN / 1440px
verify	UNKNOWN STEP	2026-10-06T06:33:27.7735338Z [20/36] e2e/admin-web.spec.ts:1102:5 › FE-19 Chromium 22 个生产路由：en / 375px
verify	UNKNOWN STEP	2026-10-06T06:33:27.7735947Z [21/36] e2e/admin-web.spec.ts:1102:5 › FE-19 Chromium 22 个生产路由：en / 768px
verify	UNKNOWN STEP	2026-10-06T06:33:27.7736567Z [22/36] e2e/admin-web.spec.ts:1102:5 › FE-19 Chromium 22 个生产路由：en / 1440px
verify	UNKNOWN STEP	2026-10-06T06:33:27.7737112Z [23/36] e2e/admin-web.spec.ts:1123:1 › FE-19 语言选择在刷新后保持
verify	UNKNOWN STEP	2026-10-06T06:33:27.7737694Z [24/36] e2e/admin-web.spec.ts:1135:1 › QA-09 设备管理长别名和序列号在375px完整换行且不裁切
verify	UNKNOWN STEP	2026-10-06T06:33:27.7738618Z [25/36] e2e/qa05-workflows.spec.ts:33:3 › QA05 role route and button matrix PlatformSuperAdmin
verify	UNKNOWN STEP	2026-10-06T06:33:27.7739425Z [26/36] e2e/qa05-workflows.spec.ts:33:3 › QA05 role route and button matrix PlatformOperator
verify	UNKNOWN STEP	2026-10-06T06:33:27.7740220Z [27/36] e2e/qa05-workflows.spec.ts:33:3 › QA05 role route and button matrix Auditor
verify	UNKNOWN STEP	2026-10-06T06:33:27.7740973Z [28/36] e2e/qa05-workflows.spec.ts:33:3 › QA05 role route and button matrix CustomerAdmin
verify	UNKNOWN STEP	2026-10-06T06:33:27.7741707Z [29/36] e2e/qa05-workflows.spec.ts:33:3 › QA05 role route and button matrix CustomerViewer
verify	UNKNOWN STEP	2026-10-06T06:33:27.7742549Z [30/36] e2e/qa05-workflows.spec.ts:80:1 › QA05 login SRP MFA error success logout without persisting password
verify	UNKNOWN STEP	2026-10-06T06:33:27.7743685Z [31/36] e2e/qa05-workflows.spec.ts:146:1 › QA05 ESG cursor totals export snapshot timezone and empty state
verify	UNKNOWN STEP	2026-10-06T06:33:27.7745039Z [32/36] e2e/qa05-workflows.spec.ts:216:1 › QA05 Command dangerous confirmation terminal result and publish failure
verify	UNKNOWN STEP	2026-10-06T06:33:27.7745959Z [33/36] e2e/qa05-workflows.spec.ts:271:1 › QA05 Media expiry renew 403 and audit read-only zero writes
verify	UNKNOWN STEP	2026-10-06T06:33:27.7746715Z [34/36] e2e/ui-redesign.spec.ts:12:3 › UI redesign: all business routes at 1366x768
verify	UNKNOWN STEP	2026-10-06T06:33:27.7747397Z [35/36] e2e/ui-redesign.spec.ts:12:3 › UI redesign: all business routes at 1440x900
verify	UNKNOWN STEP	2026-10-06T06:33:27.7748084Z [36/36] e2e/ui-redesign.spec.ts:12:3 › UI redesign: all business routes at 1920x1080
verify	UNKNOWN STEP	2026-10-06T06:33:27.7748496Z   36 passed (3.0m)
verify	UNKNOWN STEP	2026-10-06T06:33:27.7748780Z QA05 phase=serial durationMs=183139
verify	UNKNOWN STEP	2026-10-06T06:33:27.7802697Z QA05 phase=parallel-repeat executions=72 workers=2 timeoutMs=660000
verify	UNKNOWN STEP	2026-10-06T06:37:27.8823447Z [WebServer] [plugin builtin:vite-reporter] 
verify	UNKNOWN STEP	2026-10-06T06:37:27.8824758Z [WebServer] (!) Some chunks are larger than 500 kB after minification. Consider:
verify	UNKNOWN STEP	2026-10-06T06:37:27.8825884Z [WebServer] - Using dynamic import() to code-split the application
verify	UNKNOWN STEP	2026-10-06T06:37:27.8827745Z [WebServer] - Use build.rolldownOptions.output.codeSplitting to improve chunking: https://rolldown.rs/reference/OutputOptions.codeSplitting
verify	UNKNOWN STEP	2026-10-06T06:37:27.8829595Z [WebServer] - Adjust chunk size limit for this warning via build.chunkSizeWarningLimit.
verify	UNKNOWN STEP	2026-10-06T06:37:27.8830312Z 
verify	UNKNOWN STEP	2026-10-06T06:37:27.8830673Z 
verify	UNKNOWN STEP	2026-10-06T06:37:27.8831184Z Running 72 tests using 2 workers
verify	UNKNOWN STEP	2026-10-06T06:37:27.8831756Z 
verify	UNKNOWN STEP	2026-10-06T06:37:27.8832879Z [1/72] e2e/admin-web.spec.ts:15:1 › H-01 API 拒绝停用会话后清除浏览器会话并返回登录
verify	UNKNOWN STEP	2026-10-06T06:37:27.8833769Z [2/72] e2e/admin-web.spec.ts:42:1 › M-01 CustomerViewer 从菜单查询设备用户详情，全部写入口隐藏
verify	UNKNOWN STEP	2026-10-06T06:37:27.8834744Z [3/72] e2e/admin-web.spec.ts:88:1 › 无 Token 安全回登录；五角色菜单和受限路由均由组合根守卫
verify	UNKNOWN STEP	2026-10-06T06:37:27.8835371Z [4/72] e2e/admin-web.spec.ts:116:1 › 刷新失败清会话，API 403 保留会话并呈现无权
verify	UNKNOWN STEP	2026-10-06T06:37:27.8836094Z [5/72] e2e/admin-web.spec.ts:138:1 › Customer scope 与 Dashboard 离线/无 entitlement 动作在真实浏览器失败关闭
verify	UNKNOWN STEP	2026-10-06T06:37:27.8836821Z [6/72] e2e/admin-web.spec.ts:175:1 › Onboarding 审批双击只提交一次，展示录入来源和证书状态
verify	UNKNOWN STEP	2026-10-06T06:37:27.8837510Z [7/72] e2e/admin-web.spec.ts:220:1 › Customer/Site CRUD 关键路径：创建、非法时区、关联停用提示与 409
verify	UNKNOWN STEP	2026-10-06T06:37:27.8838160Z [8/72] e2e/admin-web.spec.ts:343:1 › 1440/768/375 响应式布局、横向表格和对话框键盘边界
verify	UNKNOWN STEP	2026-10-06T06:37:27.8838802Z [9/72] e2e/admin-web.spec.ts:429:1 › FE-06 至 FE-10 六个生产路由可运行，并覆盖成功、空态、分页入口、时区与响应式
verify	UNKNOWN STEP	2026-10-06T06:37:27.8839532Z [10/72] e2e/admin-web.spec.ts:471:1 › FE-06 至 FE-10 在 403/404、Customer scope、详情焦点与重复提交场景失败关闭
verify	UNKNOWN STEP	2026-10-06T06:37:27.8840257Z [11/72] e2e/admin-web.spec.ts:547:1 › FE-11 至 FE-15 七个生产路由由真实控制器驱动，并覆盖媒体签发与审计详情
verify	UNKNOWN STEP	2026-10-06T06:37:27.8840903Z [12/72] e2e/admin-web.spec.ts:611:1 › FE-11 至 FE-15 API 403 与路由角色边界在真实浏览器失败关闭
verify	UNKNOWN STEP	2026-10-06T06:37:27.8841510Z [13/72] e2e/admin-web.spec.ts:628:1 › FE-17 新建权限与零设备第二阶段在真实浏览器失败关闭
verify	UNKNOWN STEP	2026-10-06T06:37:27.8842512Z [14/72] e2e/admin-web.spec.ts:699:1 › FE-18 Chromium 覆盖 unknown/stale、联系人按需零预载与申请状态机
verify	UNKNOWN STEP	2026-10-06T06:37:27.8843220Z [15/72] e2e/admin-web.spec.ts:803:1 › FE-16 Chromium 覆盖邀请、角色、Scope、重置与设置 409 回源
verify	UNKNOWN STEP	2026-10-06T06:37:27.8843897Z [16/72] e2e/admin-web.spec.ts:927:1 › FE-17 Chromium 覆盖绑定、解绑、续约与终止并保留 License 边界
verify	UNKNOWN STEP	2026-10-06T06:37:27.8845193Z [17/72] e2e/admin-web.spec.ts:1102:5 › FE-19 Chromium 22 个生产路由：zh-CN / 375px
verify	UNKNOWN STEP	2026-10-06T06:37:27.8845873Z [18/72] e2e/admin-web.spec.ts:1102:5 › FE-19 Chromium 22 个生产路由：zh-CN / 768px
verify	UNKNOWN STEP	2026-10-06T06:37:27.8846516Z [19/72] e2e/admin-web.spec.ts:1102:5 › FE-19 Chromium 22 个生产路由：zh-CN / 1440px
verify	UNKNOWN STEP	2026-10-06T06:37:27.8847146Z [20/72] e2e/admin-web.spec.ts:1102:5 › FE-19 Chromium 22 个生产路由：en / 375px
verify	UNKNOWN STEP	2026-10-06T06:37:27.8847751Z [21/72] e2e/admin-web.spec.ts:1102:5 › FE-19 Chromium 22 个生产路由：en / 768px
verify	UNKNOWN STEP	2026-10-06T06:37:27.8848344Z [22/72] e2e/admin-web.spec.ts:1102:5 › FE-19 Chromium 22 个生产路由：en / 1440px
verify	UNKNOWN STEP	2026-10-06T06:37:27.8848911Z [23/72] e2e/admin-web.spec.ts:1123:1 › FE-19 语言选择在刷新后保持
verify	UNKNOWN STEP	2026-10-06T06:37:27.8849474Z [24/72] e2e/admin-web.spec.ts:1135:1 › QA-09 设备管理长别名和序列号在375px完整换行且不裁切
verify	UNKNOWN STEP	2026-10-06T06:37:27.8850197Z [25/72] e2e/qa05-workflows.spec.ts:33:3 › QA05 role route and button matrix PlatformSuperAdmin
verify	UNKNOWN STEP	2026-10-06T06:37:27.8850982Z [26/72] e2e/qa05-workflows.spec.ts:33:3 › QA05 role route and button matrix PlatformOperator
verify	UNKNOWN STEP	2026-10-06T06:37:27.8851710Z [27/72] e2e/qa05-workflows.spec.ts:33:3 › QA05 role route and button matrix Auditor
verify	UNKNOWN STEP	2026-10-06T06:37:27.8852435Z [28/72] e2e/qa05-workflows.spec.ts:33:3 › QA05 role route and button matrix CustomerAdmin
verify	UNKNOWN STEP	2026-10-06T06:37:27.8853570Z [29/72] e2e/qa05-workflows.spec.ts:33:3 › QA05 role route and button matrix CustomerViewer
verify	UNKNOWN STEP	2026-10-06T06:37:27.8854980Z [30/72] e2e/qa05-workflows.spec.ts:80:1 › QA05 login SRP MFA error success logout without persisting password
verify	UNKNOWN STEP	2026-10-06T06:37:27.8855977Z [31/72] e2e/qa05-workflows.spec.ts:146:1 › QA05 ESG cursor totals export snapshot timezone and empty state
verify	UNKNOWN STEP	2026-10-06T06:37:27.8856987Z [32/72] e2e/qa05-workflows.spec.ts:216:1 › QA05 Command dangerous confirmation terminal result and publish failure
verify	UNKNOWN STEP	2026-10-06T06:37:27.8857864Z [33/72] e2e/qa05-workflows.spec.ts:271:1 › QA05 Media expiry renew 403 and audit read-only zero writes
verify	UNKNOWN STEP	2026-10-06T06:37:27.8858604Z [34/72] e2e/ui-redesign.spec.ts:12:3 › UI redesign: all business routes at 1366x768
verify	UNKNOWN STEP	2026-10-06T06:37:27.8859292Z [35/72] e2e/ui-redesign.spec.ts:12:3 › UI redesign: all business routes at 1440x900
verify	UNKNOWN STEP	2026-10-06T06:37:27.8859971Z [36/72] e2e/ui-redesign.spec.ts:12:3 › UI redesign: all business routes at 1920x1080
verify	UNKNOWN STEP	2026-10-06T06:37:27.8860663Z [37/72] e2e/admin-web.spec.ts:15:1 › H-01 API 拒绝停用会话后清除浏览器会话并返回登录
verify	UNKNOWN STEP	2026-10-06T06:37:27.8861287Z [38/72] e2e/admin-web.spec.ts:42:1 › M-01 CustomerViewer 从菜单查询设备用户详情，全部写入口隐藏
verify	UNKNOWN STEP	2026-10-06T06:37:27.8861895Z [39/72] e2e/admin-web.spec.ts:88:1 › 无 Token 安全回登录；五角色菜单和受限路由均由组合根守卫
verify	UNKNOWN STEP	2026-10-06T06:37:27.8862445Z [40/72] e2e/admin-web.spec.ts:116:1 › 刷新失败清会话，API 403 保留会话并呈现无权
verify	UNKNOWN STEP	2026-10-06T06:37:27.8863135Z [41/72] e2e/admin-web.spec.ts:138:1 › Customer scope 与 Dashboard 离线/无 entitlement 动作在真实浏览器失败关闭
verify	UNKNOWN STEP	2026-10-06T06:37:27.8863809Z [42/72] e2e/admin-web.spec.ts:175:1 › Onboarding 审批双击只提交一次，展示录入来源和证书状态
verify	UNKNOWN STEP	2026-10-06T06:37:27.8865815Z [43/72] e2e/admin-web.spec.ts:220:1 › Customer/Site CRUD 关键路径：创建、非法时区、关联停用提示与 409
verify	UNKNOWN STEP	2026-10-06T06:37:27.8867172Z [44/72] e2e/admin-web.spec.ts:343:1 › 1440/768/375 响应式布局、横向表格和对话框键盘边界
verify	UNKNOWN STEP	2026-10-06T06:37:27.8868289Z [45/72] e2e/admin-web.spec.ts:429:1 › FE-06 至 FE-10 六个生产路由可运行，并覆盖成功、空态、分页入口、时区与响应式
verify	UNKNOWN STEP	2026-10-06T06:37:27.8869062Z [46/72] e2e/admin-web.spec.ts:471:1 › FE-06 至 FE-10 在 403/404、Customer scope、详情焦点与重复提交场景失败关闭
verify	UNKNOWN STEP	2026-10-06T06:37:27.8869779Z [47/72] e2e/admin-web.spec.ts:547:1 › FE-11 至 FE-15 七个生产路由由真实控制器驱动，并覆盖媒体签发与审计详情
verify	UNKNOWN STEP	2026-10-06T06:37:27.8870420Z [48/72] e2e/admin-web.spec.ts:611:1 › FE-11 至 FE-15 API 403 与路由角色边界在真实浏览器失败关闭
verify	UNKNOWN STEP	2026-10-06T06:37:27.8871016Z [49/72] e2e/admin-web.spec.ts:628:1 › FE-17 新建权限与零设备第二阶段在真实浏览器失败关闭
verify	UNKNOWN STEP	2026-10-06T06:37:27.8871665Z [50/72] e2e/admin-web.spec.ts:699:1 › FE-18 Chromium 覆盖 unknown/stale、联系人按需零预载与申请状态机
verify	UNKNOWN STEP	2026-10-06T06:37:27.8872531Z [51/72] e2e/admin-web.spec.ts:803:1 › FE-16 Chromium 覆盖邀请、角色、Scope、重置与设置 409 回源
verify	UNKNOWN STEP	2026-10-06T06:37:27.8873189Z [52/72] e2e/admin-web.spec.ts:927:1 › FE-17 Chromium 覆盖绑定、解绑、续约与终止并保留 License 边界
verify	UNKNOWN STEP	2026-10-06T06:37:27.8873861Z [53/72] e2e/admin-web.spec.ts:1102:5 › FE-19 Chromium 22 个生产路由：zh-CN / 375px
verify	UNKNOWN STEP	2026-10-06T06:37:27.8874858Z [54/72] e2e/admin-web.spec.ts:1102:5 › FE-19 Chromium 22 个生产路由：zh-CN / 768px
verify	UNKNOWN STEP	2026-10-06T06:37:27.8875486Z [55/72] e2e/admin-web.spec.ts:1102:5 › FE-19 Chromium 22 个生产路由：zh-CN / 1440px
verify	UNKNOWN STEP	2026-10-06T06:37:27.8876105Z [56/72] e2e/admin-web.spec.ts:1102:5 › FE-19 Chromium 22 个生产路由：en / 375px
verify	UNKNOWN STEP	2026-10-06T06:37:27.8876702Z [57/72] e2e/admin-web.spec.ts:1102:5 › FE-19 Chromium 22 个生产路由：en / 768px
verify	UNKNOWN STEP	2026-10-06T06:37:27.8877294Z [58/72] e2e/admin-web.spec.ts:1102:5 › FE-19 Chromium 22 个生产路由：en / 1440px
verify	UNKNOWN STEP	2026-10-06T06:37:27.8877831Z [59/72] e2e/admin-web.spec.ts:1123:1 › FE-19 语言选择在刷新后保持
verify	UNKNOWN STEP	2026-10-06T06:37:27.8878377Z [60/72] e2e/admin-web.spec.ts:1135:1 › QA-09 设备管理长别名和序列号在375px完整换行且不裁切
verify	UNKNOWN STEP	2026-10-06T06:37:27.8879081Z [61/72] e2e/qa05-workflows.spec.ts:33:3 › QA05 role route and button matrix PlatformSuperAdmin
verify	UNKNOWN STEP	2026-10-06T06:37:27.8879848Z [62/72] e2e/qa05-workflows.spec.ts:33:3 › QA05 role route and button matrix PlatformOperator
verify	UNKNOWN STEP	2026-10-06T06:37:27.8880562Z [63/72] e2e/qa05-workflows.spec.ts:33:3 › QA05 role route and button matrix Auditor
verify	UNKNOWN STEP	2026-10-06T06:37:27.8881269Z [64/72] e2e/qa05-workflows.spec.ts:33:3 › QA05 role route and button matrix CustomerAdmin
verify	UNKNOWN STEP	2026-10-06T06:37:27.8881998Z [65/72] e2e/qa05-workflows.spec.ts:33:3 › QA05 role route and button matrix CustomerViewer
verify	UNKNOWN STEP	2026-10-06T06:37:27.8882829Z [66/72] e2e/qa05-workflows.spec.ts:80:1 › QA05 login SRP MFA error success logout without persisting password
verify	UNKNOWN STEP	2026-10-06T06:37:27.8883714Z [67/72] e2e/qa05-workflows.spec.ts:146:1 › QA05 ESG cursor totals export snapshot timezone and empty state
verify	UNKNOWN STEP	2026-10-06T06:37:27.8884901Z [68/72] e2e/qa05-workflows.spec.ts:216:1 › QA05 Command dangerous confirmation terminal result and publish failure
verify	UNKNOWN STEP	2026-10-06T06:37:27.8885809Z [69/72] e2e/qa05-workflows.spec.ts:271:1 › QA05 Media expiry renew 403 and audit read-only zero writes
verify	UNKNOWN STEP	2026-10-06T06:37:27.8886560Z [70/72] e2e/ui-redesign.spec.ts:12:3 › UI redesign: all business routes at 1366x768
verify	UNKNOWN STEP	2026-10-06T06:37:27.8887414Z [71/72] e2e/ui-redesign.spec.ts:12:3 › UI redesign: all business routes at 1440x900
verify	UNKNOWN STEP	2026-10-06T06:37:27.8888127Z [72/72] e2e/ui-redesign.spec.ts:12:3 › UI redesign: all business routes at 1920x1080
verify	UNKNOWN STEP	2026-10-06T06:37:27.8888556Z   72 passed (4.0m)
verify	UNKNOWN STEP	2026-10-06T06:37:27.8888874Z QA05 phase=parallel-repeat durationMs=240102
verify	UNKNOWN STEP	2026-10-06T06:37:28.1998842Z 
verify	UNKNOWN STEP	2026-10-06T06:37:28.2000179Z > food-digester-platform@0.0.0 test:security-suite /home/runner/work/food-digester-platform/food-digester-platform
verify	UNKNOWN STEP	2026-10-06T06:37:28.2001773Z > node --import tsx scripts/run-security-suite.mjs /tmp/fdp-security-gate.json
verify	UNKNOWN STEP	2026-10-06T06:37:28.2002422Z 
verify	UNKNOWN STEP	2026-10-06T06:38:01.8476031Z 
verify	UNKNOWN STEP	2026-10-06T06:38:01.8478111Z ^[[1m^[[30m^[[46m RUN ^[[49m^[[39m^[[22m ^[[36mv4.1.11 ^[[39m^[[90m/home/runner/work/food-digester-platform/food-digester-platform^[[39m
verify	UNKNOWN STEP	2026-10-06T06:38:01.8478984Z 
verify	UNKNOWN STEP	2026-10-06T06:38:01.8479917Z  ^[[32m✓^[[39m apps/cloud-api/test/admin-command.test.ts ^[[2m(^[[22m^[[2m15 tests^[[22m^[[2m)^[[22m^[[33m 5836^[[2mms^[[22m^[[39m
verify	UNKNOWN STEP	2026-10-06T06:38:01.8481336Z      ^[[33m^[[2m✓^[[22m^[[39m ACTIVE 设备：22 个命令全部创建成功并进入 AUTHORIZED ^[[33m 633^[[2mms^[[22m^[[39m
verify	UNKNOWN STEP	2026-10-06T06:38:01.8482771Z  ^[[32m✓^[[39m apps/cloud-api/test/certificate-rotate.test.ts ^[[2m(^[[22m^[[2m8 tests^[[22m^[[2m)^[[22m^[[33m 8403^[[2mms^[[22m^[[39m
verify	UNKNOWN STEP	2026-10-06T06:38:01.8484536Z      ^[[33m^[[2m✓^[[22m^[[39m 缺失 CSR 不签发；AWS attach 失败保留可重试停用记录并保留旧证 ^[[33m 772^[[2mms^[[22m^[[39m
verify	UNKNOWN STEP	2026-10-06T06:38:01.8485711Z      ^[[33m^[[2m✓^[[22m^[[39m 正向：返回五字段证书包；双证书窗口（旧证仍可用）；私钥不落库/审计 ^[[33m 471^[[2mms^[[22m^[[39m
verify	UNKNOWN STEP	2026-10-06T06:38:01.8486787Z      ^[[33m^[[2m✓^[[22m^[[39m 旧证书错误/跨设备拒绝：缺字段 400；与身份不符 403（含他设备证书） ^[[33m 534^[[2mms^[[22m^[[39m
verify	UNKNOWN STEP	2026-10-06T06:38:01.8487852Z      ^[[33m^[[2m✓^[[22m^[[39m 旧证书撤销/过期 → 401（认证层先行拒绝） ^[[33m 384^[[2mms^[[22m^[[39m
verify	UNKNOWN STEP	2026-10-06T06:38:01.8488977Z      ^[[33m^[[2m✓^[[22m^[[39m 响应不确定重试：撤销未确认证书并重签，不重复下发同一私钥 ^[[33m 523^[[2mms^[[22m^[[39m
verify	UNKNOWN STEP	2026-10-06T06:38:01.8490156Z      ^[[33m^[[2m✓^[[22m^[[39m 成功提交后、首个新证 Heartbeat 前重复请求稳定冲突且不撤证重签 ^[[33m 462^[[2mms^[[22m^[[39m
verify	UNKNOWN STEP	2026-10-06T06:38:01.8491321Z      ^[[33m^[[2m✓^[[22m^[[39m 部分失败（发证后 attach 失败）可重试：不建孤儿业务记录，重试成功 ^[[33m 525^[[2mms^[[22m^[[39m
verify	UNKNOWN STEP	2026-10-06T06:38:01.8492801Z  ^[[32m✓^[[39m apps/cloud-api/test/qa06-security.test.ts ^[[2m(^[[22m^[[2m4 tests^[[22m^[[2m)^[[22m^[[33m 11151^[[2mms^[[22m^[[39m
verify	UNKNOWN STEP	2026-10-06T06:38:01.8494889Z    ^[[33m^[[2m✓^[[22m^[[39m QA06 signed tenant scope and SQL JSON injection cannot cross boundaries or corrupt business state ^[[33m 5251^[[2mms^[[22m^[[39m
verify	UNKNOWN STEP	2026-10-06T06:38:01.8496832Z    ^[[33m^[[2m✓^[[22m^[[39m QA06 malicious media filenames and metadata reject before signing or persistence ^[[33m 2550^[[2mms^[[22m^[[39m
verify	UNKNOWN STEP	2026-10-06T06:38:01.8498235Z    ^[[33m^[[2m✓^[[22m^[[39m QA06 raw canaries are absent from actual logger trace audit and snapshot artifacts ^[[33m 3086^[[2mms^[[22m^[[39m
verify	UNKNOWN STEP	2026-10-06T06:38:01.8499984Z  ^[[32m✓^[[39m apps/cloud-api/test/ota-dispatch.test.ts ^[[2m(^[[22m^[[2m16 tests^[[22m^[[2m)^[[22m^[[33m 5995^[[2mms^[[22m^[[39m
verify	UNKNOWN STEP	2026-10-06T06:38:01.8501773Z      ^[[33m^[[2m✓^[[22m^[[39m 成功下发：OTA Topic + CT-03 载荷（schema 校验）+ 15 分钟 URL + NOTIFIED + 历史 + OTA_AVAILABLE + PUBLICATION 归档 ^[[33m 540^[[2mms^[[22m^[[39m
verify	UNKNOWN STEP	2026-10-06T06:38:01.8503314Z      ^[[33m^[[2m✓^[[22m^[[39m 暂停/取消/包非 VERIFIED/Retired 设备/未到期 → 不产生新下发 ^[[33m 373^[[2mms^[[22m^[[39m
verify	UNKNOWN STEP	2026-10-06T06:38:01.8505074Z  ^[[32m✓^[[39m apps/cloud-api/test/admin-user.test.ts ^[[2m(^[[22m^[[2m31 tests^[[22m^[[2m)^[[22m^[[33m 6302^[[2mms^[[22m^[[39m
verify	UNKNOWN STEP	2026-10-06T06:38:01.8506525Z      ^[[33m^[[2m✓^[[22m^[[39m PlatformSuperAdmin 停用后旧 id Token 不再进入读写路由 ^[[33m 523^[[2mms^[[22m^[[39m
verify	UNKNOWN STEP	2026-10-06T06:38:01.8507937Z  ^[[32m✓^[[39m apps/cloud-api/test/media.test.ts ^[[2m(^[[22m^[[2m12 tests^[[22m^[[2m)^[[22m^[[33m 4854^[[2mms^[[22m^[[39m
verify	UNKNOWN STEP	2026-10-06T06:38:01.8509420Z      ^[[33m^[[2m✓^[[22m^[[39m 认证与生命周期：无证书/未知证书 → 401；Suspended/Retired/未分配 Customer → 403 ^[[33m 363^[[2mms^[[22m^[[39m
verify	UNKNOWN STEP	2026-10-06T06:38:01.8510899Z  ^[[32m✓^[[39m apps/cloud-api/test/admin-audit.test.ts ^[[2m(^[[22m^[[2m7 tests^[[22m^[[2m)^[[22m^[[33m 4494^[[2mms^[[22m^[[39m
verify	UNKNOWN STEP	2026-10-06T06:38:01.8512839Z  ^[[32m✓^[[39m packages/auth/test/secure-package.test.ts ^[[2m(^[[22m^[[2m14 tests^[[22m^[[2m)^[[22m^[[33m 4916^[[2mms^[[22m^[[39m
verify	UNKNOWN STEP	2026-10-06T06:38:01.8515124Z      ^[[33m^[[2m✓^[[22m^[[39m 存储即加密：库中无明文，有效期按 retentionSeconds 推导 ^[[33m 310^[[2mms^[[22m^[[39m
verify	UNKNOWN STEP	2026-10-06T06:38:01.8516893Z  ^[[32m✓^[[39m apps/cloud-api/test/admin-device-user.test.ts ^[[2m(^[[22m^[[2m8 tests^[[22m^[[2m)^[[22m^[[33m 6550^[[2mms^[[22m^[[39m
verify	UNKNOWN STEP	2026-10-06T06:38:01.8518327Z      ^[[33m^[[2m✓^[[22m^[[39m 仅匹配具有目标设备 ACTIVE 分配的设备操作员 ^[[33m 909^[[2mms^[[22m^[[39m
verify	UNKNOWN STEP	2026-10-06T06:38:01.8519455Z      ^[[33m^[[2m✓^[[22m^[[39m 每步 version+1、审计各一次、USERS_CHANGED 每设备一条 ^[[33m 376^[[2mms^[[22m^[[39m
verify	UNKNOWN STEP	2026-10-06T06:38:01.8520908Z  ^[[32m✓^[[39m apps/cloud-api/test/csr-onboarding.test.ts ^[[2m(^[[22m^[[2m1 test^[[22m^[[2m)^[[22m^[[33m 4636^[[2mms^[[22m^[[39m
verify	UNKNOWN STEP	2026-10-06T06:38:01.8522206Z      ^[[33m^[[2m✓^[[22m^[[39m 匿名申请、相同公钥幂等、换钥冲突；签名轮询拒绝重放 ^[[33m 497^[[2mms^[[22m^[[39m
verify	UNKNOWN STEP	2026-10-06T06:38:01.8523595Z  ^[[32m✓^[[39m apps/cloud-api/test/admin-settings.test.ts ^[[2m(^[[22m^[[2m10 tests^[[22m^[[2m)^[[22m^[[33m 5007^[[2mms^[[22m^[[39m
verify	UNKNOWN STEP	2026-10-06T06:38:01.8525617Z  ^[[32m✓^[[39m packages/auth/test/device-mtls.test.ts ^[[2m(^[[22m^[[2m11 tests^[[22m^[[2m)^[[22m^[[33m 4820^[[2mms^[[22m^[[39m
verify	UNKNOWN STEP	2026-10-06T06:38:01.8527196Z  ^[[32m✓^[[39m packages/auth/test/cognito.test.ts ^[[2m(^[[22m^[[2m14 tests^[[22m^[[2m)^[[22m^[[32m 183^[[2mms^[[22m^[[39m
verify	UNKNOWN STEP	2026-10-06T06:38:01.8528974Z  ^[[32m✓^[[39m apps/cloud-api/test/admin-lambda-composition.test.ts ^[[2m(^[[22m^[[2m12 tests^[[22m^[[2m)^[[22m^[[33m 640^[[2mms^[[22m^[[39m
verify	UNKNOWN STEP	2026-10-06T06:38:01.8530593Z  ^[[32m✓^[[39m packages/database/test/db03.test.ts ^[[2m(^[[22m^[[2m10 tests^[[22m^[[2m)^[[22m^[[33m 4472^[[2mms^[[22m^[[39m
verify	UNKNOWN STEP	2026-10-06T06:38:01.8532131Z  ^[[32m✓^[[39m packages/auth/test/qa06-jwt-security.test.ts ^[[2m(^[[22m^[[2m1 test^[[22m^[[2m)^[[22m^[[32m 100^[[2mms^[[22m^[[39m
verify	UNKNOWN STEP	2026-10-06T06:38:01.8533846Z  ^[[32m✓^[[39m apps/cloud-api/test/device-lambda-composition.test.ts ^[[2m(^[[22m^[[2m13 tests^[[22m^[[2m)^[[22m^[[32m 21^[[2mms^[[22m^[[39m
verify	UNKNOWN STEP	2026-10-06T06:38:01.8535904Z  ^[[32m✓^[[39m packages/aws-clients/test/iot-device-policy.test.ts ^[[2m(^[[22m^[[2m12 tests^[[22m^[[2m)^[[22m^[[32m 14^[[2mms^[[22m^[[39m
verify	UNKNOWN STEP	2026-10-06T06:38:01.8537640Z  ^[[32m✓^[[39m packages/observability/test/redaction.test.ts ^[[2m(^[[22m^[[2m8 tests^[[22m^[[2m)^[[22m^[[32m 7^[[2mms^[[22m^[[39m
verify	UNKNOWN STEP	2026-10-06T06:38:01.8539204Z  ^[[32m✓^[[39m packages/auth/test/guard.test.ts ^[[2m(^[[22m^[[2m10 tests^[[22m^[[2m)^[[22m^[[32m 8^[[2mms^[[22m^[[39m
verify	UNKNOWN STEP	2026-10-06T06:38:01.8539899Z 
verify	UNKNOWN STEP	2026-10-06T06:38:01.8540362Z ^[[2m Test Files ^[[22m ^[[1m^[[32m20 passed^[[39m^[[22m^[[90m (20)^[[39m
verify	UNKNOWN STEP	2026-10-06T06:38:01.8540932Z ^[[2m      Tests ^[[22m ^[[1m^[[32m217 passed^[[39m^[[22m^[[90m (217)^[[39m
verify	UNKNOWN STEP	2026-10-06T06:38:01.8541363Z ^[[2m   Start at ^[[22m 06:37:28
verify	UNKNOWN STEP	2026-10-06T06:38:01.8542184Z ^[[2m   Duration ^[[22m 33.17s^[[2m (transform 3.26s, setup 211ms, import 15.91s, tests 78.41s, environment 3ms)^[[22m
verify	UNKNOWN STEP	2026-10-06T06:38:01.8542945Z 
verify	UNKNOWN STEP	2026-10-06T06:38:01.8543392Z JSON report written to /tmp/qa06-security-tIraDu/vitest.json
verify	UNKNOWN STEP	2026-10-06T06:38:02.1836004Z 
verify	UNKNOWN STEP	2026-10-06T06:38:02.1837494Z > food-digester-platform@0.0.0 test:reliability-suite /home/runner/work/food-digester-platform/food-digester-platform
verify	UNKNOWN STEP	2026-10-06T06:38:02.1839323Z > node --import tsx scripts/run-reliability-suite.mjs /tmp/fdp-reliability-gate.json
verify	UNKNOWN STEP	2026-10-06T06:38:02.1840198Z 
verify	UNKNOWN STEP	2026-10-06T06:38:43.2311031Z JSON report written to /tmp/qa07-reliability-gHPj5Q/vitest.json
verify	UNKNOWN STEP	2026-10-06T06:38:43.5569653Z 
verify	UNKNOWN STEP	2026-10-06T06:38:43.5571177Z > food-digester-platform@0.0.0 test:prototype-regression /home/runner/work/food-digester-platform/food-digester-platform
verify	UNKNOWN STEP	2026-10-06T06:38:43.5572916Z > node scripts/run-prototype-regression.mjs /tmp/fdp-prototype-regression-gate.json
verify	UNKNOWN STEP	2026-10-06T06:38:43.5573632Z 
verify	UNKNOWN STEP	2026-10-06T06:41:30.7867827Z 
verify	UNKNOWN STEP	2026-10-06T06:41:30.7867844Z 
verify	UNKNOWN STEP	2026-10-06T06:41:30.7868375Z Running 24 tests using 1 worker
verify	UNKNOWN STEP	2026-10-06T06:41:30.7868713Z 
verify	UNKNOWN STEP	2026-10-06T06:41:30.7869285Z [1/24] e2e/qa08-prototype.spec.ts:461:5 › QA08 dashboard 375
verify	UNKNOWN STEP	2026-10-06T06:41:30.7870032Z [2/24] e2e/qa08-prototype.spec.ts:461:5 › QA08 device-view 375
verify	UNKNOWN STEP	2026-10-06T06:41:30.7871178Z [3/24] e2e/qa08-prototype.spec.ts:461:5 › QA08 device-operate 375
verify	UNKNOWN STEP	2026-10-06T06:41:30.7871760Z [4/24] e2e/qa08-prototype.spec.ts:461:5 › QA08 device-group 375
verify	UNKNOWN STEP	2026-10-06T06:41:30.7872315Z [5/24] e2e/qa08-prototype.spec.ts:461:5 › QA08 device-manage 375
verify	UNKNOWN STEP	2026-10-06T06:41:30.7872893Z [6/24] e2e/qa08-prototype.spec.ts:461:5 › QA08 device-consumable 375
verify	UNKNOWN STEP	2026-10-06T06:41:30.7873657Z [7/24] e2e/qa08-prototype.spec.ts:461:5 › QA08 contract-modify 375
verify	UNKNOWN STEP	2026-10-06T06:41:30.7874578Z [8/24] e2e/qa08-prototype.spec.ts:461:5 › QA08 contract-new 375
verify	UNKNOWN STEP	2026-10-06T06:41:30.7875213Z [9/24] e2e/qa08-prototype.spec.ts:461:5 › QA08 contract-detail 375
verify	UNKNOWN STEP	2026-10-06T06:41:30.7875781Z [10/24] e2e/qa08-prototype.spec.ts:461:5 › QA08 esg-overview 375
verify	UNKNOWN STEP	2026-10-06T06:41:30.7876320Z [11/24] e2e/qa08-prototype.spec.ts:461:5 › QA08 esg-device 375
verify	UNKNOWN STEP	2026-10-06T06:41:30.7876837Z [12/24] e2e/qa08-prototype.spec.ts:461:5 › QA08 settings 375
verify	UNKNOWN STEP	2026-10-06T06:41:30.7877383Z [13/24] e2e/qa08-prototype.spec.ts:461:5 › QA08 dashboard 1440
verify	UNKNOWN STEP	2026-10-06T06:41:30.7877953Z [14/24] e2e/qa08-prototype.spec.ts:461:5 › QA08 device-view 1440
verify	UNKNOWN STEP	2026-10-06T06:41:30.7878537Z [15/24] e2e/qa08-prototype.spec.ts:461:5 › QA08 device-operate 1440
verify	UNKNOWN STEP	2026-10-06T06:41:30.7879129Z [16/24] e2e/qa08-prototype.spec.ts:461:5 › QA08 device-group 1440
verify	UNKNOWN STEP	2026-10-06T06:41:30.7879709Z [17/24] e2e/qa08-prototype.spec.ts:461:5 › QA08 device-manage 1440
verify	UNKNOWN STEP	2026-10-06T06:41:30.7880329Z [18/24] e2e/qa08-prototype.spec.ts:461:5 › QA08 device-consumable 1440
verify	UNKNOWN STEP	2026-10-06T06:41:30.7880941Z [19/24] e2e/qa08-prototype.spec.ts:461:5 › QA08 contract-modify 1440
verify	UNKNOWN STEP	2026-10-06T06:41:30.7881528Z [20/24] e2e/qa08-prototype.spec.ts:461:5 › QA08 contract-new 1440
verify	UNKNOWN STEP	2026-10-06T06:41:30.7882114Z [21/24] e2e/qa08-prototype.spec.ts:461:5 › QA08 contract-detail 1440
verify	UNKNOWN STEP	2026-10-06T06:41:30.7882693Z [22/24] e2e/qa08-prototype.spec.ts:461:5 › QA08 esg-overview 1440
verify	UNKNOWN STEP	2026-10-06T06:41:30.7883497Z [23/24] e2e/qa08-prototype.spec.ts:461:5 › QA08 esg-device 1440
verify	UNKNOWN STEP	2026-10-06T06:41:30.7884772Z [24/24] e2e/qa08-prototype.spec.ts:461:5 › QA08 settings 1440
verify	UNKNOWN STEP	2026-10-06T06:41:30.7885194Z   24 passed (2.8m)
verify	UNKNOWN STEP	2026-10-06T06:41:30.7885556Z [WebServer] [plugin builtin:vite-reporter] 
verify	UNKNOWN STEP	2026-10-06T06:41:30.7886104Z [WebServer] (!) Some chunks are larger than 500 kB after minification. Consider:
verify	UNKNOWN STEP	2026-10-06T06:41:30.7886715Z [WebServer] - Using dynamic import() to code-split the application
verify	UNKNOWN STEP	2026-10-06T06:41:30.7887737Z [WebServer] - Use build.rolldownOptions.output.codeSplitting to improve chunking: https://rolldown.rs/reference/OutputOptions.codeSplitting
verify	UNKNOWN STEP	2026-10-06T06:41:30.7888638Z [WebServer] - Adjust chunk size limit for this warning via build.chunkSizeWarningLimit.
verify	UNKNOWN STEP	2026-10-06T06:41:30.8423904Z Post job cleanup.
verify	UNKNOWN STEP	2026-10-06T06:41:30.9678300Z (node:19470) [DEP0040] DeprecationWarning: The `punycode` module is deprecated. Please use a userland alternative instead.
verify	UNKNOWN STEP	2026-10-06T06:41:30.9679998Z (Use `node --trace-deprecation ...` to show where the warning was created)
verify	UNKNOWN STEP	2026-10-06T06:41:30.9683271Z Cache hit occurred on the primary key node-cache-Linux-x64-pnpm-75c7fc907608ab439a8b09d5d0397666b4d43ed5b2640c9ca959afdd991ed814, not saving cache.
verify	UNKNOWN STEP	2026-10-06T06:41:30.9848892Z Post job cleanup.
verify	UNKNOWN STEP	2026-10-06T06:41:31.1363427Z Pruning is unnecessary.
verify	UNKNOWN STEP	2026-10-06T06:41:31.1601959Z Post job cleanup.
verify	UNKNOWN STEP	2026-10-06T06:41:31.2590222Z [command]/usr/bin/git version
verify	UNKNOWN STEP	2026-10-06T06:41:31.2638302Z git version 2.55.0
verify	UNKNOWN STEP	2026-10-06T06:41:31.2690805Z Temporarily overriding HOME='/home/runner/work/_temp/995ce375-c61b-46a7-b331-abecf5f18be9' before making global git config changes
verify	UNKNOWN STEP	2026-10-06T06:41:31.2692502Z Adding repository directory to the temporary git global config as a safe directory
verify	UNKNOWN STEP	2026-10-06T06:41:31.2696648Z [command]/usr/bin/git config --global --add safe.directory /home/runner/work/food-digester-platform/food-digester-platform
verify	UNKNOWN STEP	2026-10-06T06:41:31.2732107Z Removing SSH command configuration
verify	UNKNOWN STEP	2026-10-06T06:41:31.2739564Z [command]/usr/bin/git config --local --name-only --get-regexp core\.sshCommand
verify	UNKNOWN STEP	2026-10-06T06:41:31.2780704Z [command]/usr/bin/git submodule foreach --recursive sh -c "git config --local --name-only --get-regexp 'core\.sshCommand' && git config --local --unset-all 'core.sshCommand' || :"
verify	UNKNOWN STEP	2026-10-06T06:41:31.3116075Z Removing HTTP extra header
verify	UNKNOWN STEP	2026-10-06T06:41:31.3117588Z [command]/usr/bin/git config --local --name-only --get-regexp http\.https\:\/\/github\.com\/\.extraheader
verify	UNKNOWN STEP	2026-10-06T06:41:31.3158756Z [command]/usr/bin/git submodule foreach --recursive sh -c "git config --local --name-only --get-regexp 'http\.https\:\/\/github\.com\/\.extraheader' && git config --local --unset-all 'http.https://github.com/.extraheader' || :"
verify	UNKNOWN STEP	2026-10-06T06:41:31.3491721Z Removing includeIf entries pointing to credentials config files
verify	UNKNOWN STEP	2026-10-06T06:41:31.3501249Z [command]/usr/bin/git config --local --name-only --get-regexp ^includeIf\.gitdir:
verify	UNKNOWN STEP	2026-10-06T06:41:31.3539741Z [command]/usr/bin/git submodule foreach --recursive git config --local --show-origin --name-only --get-regexp remote.origin.url
verify	UNKNOWN STEP	2026-10-06T06:41:31.3936065Z Cleaning up orphan processes
