deploy-test	UNKNOWN STEP	﻿2026-10-06T06:16:42.2423823Z Current runner version: '2.337.0'
deploy-test	UNKNOWN STEP	2026-10-06T06:16:42.2442229Z ##[group]Runner Image Provisioner
deploy-test	UNKNOWN STEP	2026-10-06T06:16:42.2442916Z Hosted Compute Agent
deploy-test	UNKNOWN STEP	2026-10-06T06:16:42.2443377Z Version: 20260901.588
deploy-test	UNKNOWN STEP	2026-10-06T06:16:42.2443824Z Commit: f88ec8081b781fac6c440065ac7ff9e710ce3d0b
deploy-test	UNKNOWN STEP	2026-10-06T06:16:42.2444359Z Build Date: 2026-09-01T19:56:44Z
deploy-test	UNKNOWN STEP	2026-10-06T06:16:42.2444837Z Worker ID: {d908fcda-beaa-44f7-bb78-542e71f281cf}
deploy-test	UNKNOWN STEP	2026-10-06T06:16:42.2445322Z Azure Region: centralus
deploy-test	UNKNOWN STEP	2026-10-06T06:16:42.2445773Z ##[endgroup]
deploy-test	UNKNOWN STEP	2026-10-06T06:16:42.2446649Z ##[group]Operating System
deploy-test	UNKNOWN STEP	2026-10-06T06:16:42.2447372Z Ubuntu
deploy-test	UNKNOWN STEP	2026-10-06T06:16:42.2447965Z 24.04.5
deploy-test	UNKNOWN STEP	2026-10-06T06:16:42.2448370Z LTS
deploy-test	UNKNOWN STEP	2026-10-06T06:16:42.2448782Z ##[endgroup]
deploy-test	UNKNOWN STEP	2026-10-06T06:16:42.2449161Z ##[group]Runner Image
deploy-test	UNKNOWN STEP	2026-10-06T06:16:42.2449581Z Image: ubuntu-24.04
deploy-test	UNKNOWN STEP	2026-10-06T06:16:42.2449991Z Version: 20260927.320.1
deploy-test	UNKNOWN STEP	2026-10-06T06:16:42.2450924Z Included Software: https://github.com/actions/runner-images/blob/ubuntu24/20260927.320/images/ubuntu/Ubuntu2404-Readme.md
deploy-test	UNKNOWN STEP	2026-10-06T06:16:42.2451987Z Image Release: https://github.com/actions/runner-images/releases/tag/ubuntu24%2F20260927.320
deploy-test	UNKNOWN STEP	2026-10-06T06:16:42.2452641Z ##[endgroup]
deploy-test	UNKNOWN STEP	2026-10-06T06:16:42.2453477Z ##[group]GITHUB_TOKEN Permissions
deploy-test	UNKNOWN STEP	2026-10-06T06:16:42.2455226Z Contents: read
deploy-test	UNKNOWN STEP	2026-10-06T06:16:42.2455643Z Metadata: read
deploy-test	UNKNOWN STEP	2026-10-06T06:16:42.2456034Z ##[endgroup]
deploy-test	UNKNOWN STEP	2026-10-06T06:16:42.2457505Z Secret source: Actions
deploy-test	UNKNOWN STEP	2026-10-06T06:16:42.2458529Z Cache mode: write
deploy-test	UNKNOWN STEP	2026-10-06T06:16:42.2459057Z Prepare workflow directory
deploy-test	UNKNOWN STEP	2026-10-06T06:16:42.2845677Z Prepare all required actions
deploy-test	UNKNOWN STEP	2026-10-06T06:16:42.2883186Z Getting action download info
deploy-test	UNKNOWN STEP	2026-10-06T06:16:42.5346141Z Download action repository 'actions/checkout@v7' (SHA:3d3c42e5aac5ba805825da76410c181273ba90b1)
deploy-test	UNKNOWN STEP	2026-10-06T06:16:42.6614472Z Download action repository 'pnpm/action-setup@v6' (SHA:0977fd99725f1db4007ccb2928dbb4e90d06cc86)
deploy-test	UNKNOWN STEP	2026-10-06T06:16:42.9601885Z Download action repository 'actions/setup-node@v5' (SHA:a0853c24544627f65ddf259abe73b1d18a591444)
deploy-test	UNKNOWN STEP	2026-10-06T06:16:43.1159501Z Download action repository 'aws-actions/configure-aws-credentials@v6.3.0' (SHA:e1253824e5c10ff9df46874f81ed3ec929e19cfd)
deploy-test	UNKNOWN STEP	2026-10-06T06:16:43.5668373Z Complete job name: deploy-test
deploy-test	UNKNOWN STEP	2026-10-06T06:16:43.6252687Z ##[group]Run actions/checkout@v7
deploy-test	UNKNOWN STEP	2026-10-06T06:16:43.6253786Z with:
deploy-test	UNKNOWN STEP	2026-10-06T06:16:43.6254505Z   persist-credentials: false
deploy-test	UNKNOWN STEP	2026-10-06T06:16:43.6255355Z   repository: inrust/food-digester-platform
deploy-test	UNKNOWN STEP	2026-10-06T06:16:43.6262226Z   token: ***
deploy-test	UNKNOWN STEP	2026-10-06T06:16:43.6262931Z   ssh-strict: true
deploy-test	UNKNOWN STEP	2026-10-06T06:16:43.6263608Z   ssh-user: git
deploy-test	UNKNOWN STEP	2026-10-06T06:16:43.6264329Z   clean: true
deploy-test	UNKNOWN STEP	2026-10-06T06:16:43.6265011Z   sparse-checkout-cone-mode: true
deploy-test	UNKNOWN STEP	2026-10-06T06:16:43.6265795Z   fetch-depth: 1
deploy-test	UNKNOWN STEP	2026-10-06T06:16:43.6266498Z   fetch-tags: false
deploy-test	UNKNOWN STEP	2026-10-06T06:16:43.6267187Z   show-progress: true
deploy-test	UNKNOWN STEP	2026-10-06T06:16:43.6267961Z   lfs: false
deploy-test	UNKNOWN STEP	2026-10-06T06:16:43.6268652Z   submodules: false
deploy-test	UNKNOWN STEP	2026-10-06T06:16:43.6269372Z   set-safe-directory: true
deploy-test	UNKNOWN STEP	2026-10-06T06:16:43.6270182Z   allow-unsafe-pr-checkout: false
deploy-test	UNKNOWN STEP	2026-10-06T06:16:43.6271155Z env:
deploy-test	UNKNOWN STEP	2026-10-06T06:16:43.6272413Z   FDP_DEVICE_API_CERTIFICATE_ARN: arn:aws:acm:ap-southeast-1:065986019555:certificate/db3daf4f-de27-4cb3-8813-5f1f068478e0
deploy-test	UNKNOWN STEP	2026-10-06T06:16:43.6274554Z   FDP_PUBLIC_API_CERTIFICATE_ARN: arn:aws:acm:ap-southeast-1:065986019555:certificate/2777e55f-df6e-4e7d-8ce8-22cd3cf2babb
deploy-test	UNKNOWN STEP	2026-10-06T06:16:43.6276240Z   FDP_TRUSTSTORE_BUCKET_NAME: fdp-test-mtls-truststore-065986019555
deploy-test	UNKNOWN STEP	2026-10-06T06:16:43.6277447Z   FDP_TRUSTSTORE_VERSION: FtN.3H5AydTqt6cgxf0wzeOcNQHFxCOx
deploy-test	UNKNOWN STEP	2026-10-06T06:16:43.6278660Z   FDP_QA09_ROLLOUT_PHASE: immediate
deploy-test	UNKNOWN STEP	2026-10-06T06:16:43.6279461Z ##[endgroup]
deploy-test	UNKNOWN STEP	2026-10-06T06:16:43.7041748Z Syncing repository: inrust/food-digester-platform
deploy-test	UNKNOWN STEP	2026-10-06T06:16:43.7044662Z ##[group]Getting Git version info
deploy-test	UNKNOWN STEP	2026-10-06T06:16:43.7046292Z Working directory is '/home/runner/work/food-digester-platform/food-digester-platform'
deploy-test	UNKNOWN STEP	2026-10-06T06:16:43.7049161Z [command]/usr/bin/git version
deploy-test	UNKNOWN STEP	2026-10-06T06:16:43.7118039Z git version 2.55.0
deploy-test	UNKNOWN STEP	2026-10-06T06:16:43.7133452Z ##[endgroup]
deploy-test	UNKNOWN STEP	2026-10-06T06:16:43.7140967Z Temporarily overriding HOME='/home/runner/work/_temp/61a8529b-3c7f-42a2-83c0-28d7c7ef8d83' before making global git config changes
deploy-test	UNKNOWN STEP	2026-10-06T06:16:43.7143968Z Adding repository directory to the temporary git global config as a safe directory
deploy-test	UNKNOWN STEP	2026-10-06T06:16:43.7147646Z [command]/usr/bin/git config --global --add safe.directory /home/runner/work/food-digester-platform/food-digester-platform
deploy-test	UNKNOWN STEP	2026-10-06T06:16:43.7188566Z Deleting the contents of '/home/runner/work/food-digester-platform/food-digester-platform'
deploy-test	UNKNOWN STEP	2026-10-06T06:16:43.7191535Z ##[group]Determining repository object format
deploy-test	UNKNOWN STEP	2026-10-06T06:16:43.7193531Z ##[endgroup]
deploy-test	UNKNOWN STEP	2026-10-06T06:16:43.7195397Z ##[group]Initializing the repository
deploy-test	UNKNOWN STEP	2026-10-06T06:16:43.7199466Z [command]/usr/bin/git init /home/runner/work/food-digester-platform/food-digester-platform
deploy-test	UNKNOWN STEP	2026-10-06T06:16:43.7290226Z hint: Using 'master' as the name for the initial branch. This default branch name
deploy-test	UNKNOWN STEP	2026-10-06T06:16:43.7300386Z hint: will change to "main" in Git 3.0. To configure the initial branch name
deploy-test	UNKNOWN STEP	2026-10-06T06:16:43.7302039Z hint: to use in all of your new repositories, which will suppress this warning,
deploy-test	UNKNOWN STEP	2026-10-06T06:16:43.7303398Z hint: call:
deploy-test	UNKNOWN STEP	2026-10-06T06:16:43.7304150Z hint:
deploy-test	UNKNOWN STEP	2026-10-06T06:16:43.7305000Z hint: 	git config --global init.defaultBranch <name>
deploy-test	UNKNOWN STEP	2026-10-06T06:16:43.7306238Z hint:
deploy-test	UNKNOWN STEP	2026-10-06T06:16:43.7307282Z hint: Names commonly chosen instead of 'master' are 'main', 'trunk' and
deploy-test	UNKNOWN STEP	2026-10-06T06:16:43.7309014Z hint: 'development'. The just-created branch can be renamed via this command:
deploy-test	UNKNOWN STEP	2026-10-06T06:16:43.7310477Z hint:
deploy-test	UNKNOWN STEP	2026-10-06T06:16:43.7311433Z hint: 	git branch -m <name>
deploy-test	UNKNOWN STEP	2026-10-06T06:16:43.7312299Z hint:
deploy-test	UNKNOWN STEP	2026-10-06T06:16:43.7313675Z hint: Disable this message with "git config set advice.defaultBranchName false"
deploy-test	UNKNOWN STEP	2026-10-06T06:16:43.7315660Z Initialized empty Git repository in /home/runner/work/food-digester-platform/food-digester-platform/.git/
deploy-test	UNKNOWN STEP	2026-10-06T06:16:43.7318845Z [command]/usr/bin/git remote add origin https://github.com/inrust/food-digester-platform
deploy-test	UNKNOWN STEP	2026-10-06T06:16:43.7364267Z ##[endgroup]
deploy-test	UNKNOWN STEP	2026-10-06T06:16:43.7365877Z ##[group]Disabling automatic garbage collection
deploy-test	UNKNOWN STEP	2026-10-06T06:16:43.7367218Z [command]/usr/bin/git config --local gc.auto 0
deploy-test	UNKNOWN STEP	2026-10-06T06:16:43.7392332Z ##[endgroup]
deploy-test	UNKNOWN STEP	2026-10-06T06:16:43.7393856Z ##[group]Setting up auth
deploy-test	UNKNOWN STEP	2026-10-06T06:16:43.7394875Z Removing SSH command configuration
deploy-test	UNKNOWN STEP	2026-10-06T06:16:43.7396606Z [command]/usr/bin/git config --local --name-only --get-regexp core\.sshCommand
deploy-test	UNKNOWN STEP	2026-10-06T06:16:43.7440852Z [command]/usr/bin/git submodule foreach --recursive sh -c "git config --local --name-only --get-regexp 'core\.sshCommand' && git config --local --unset-all 'core.sshCommand' || :"
deploy-test	UNKNOWN STEP	2026-10-06T06:16:43.7711471Z Removing HTTP extra header
deploy-test	UNKNOWN STEP	2026-10-06T06:16:43.7715792Z [command]/usr/bin/git config --local --name-only --get-regexp http\.https\:\/\/github\.com\/\.extraheader
deploy-test	UNKNOWN STEP	2026-10-06T06:16:43.7738208Z [command]/usr/bin/git submodule foreach --recursive sh -c "git config --local --name-only --get-regexp 'http\.https\:\/\/github\.com\/\.extraheader' && git config --local --unset-all 'http.https://github.com/.extraheader' || :"
deploy-test	UNKNOWN STEP	2026-10-06T06:16:43.7877948Z Removing includeIf entries pointing to credentials config files
deploy-test	UNKNOWN STEP	2026-10-06T06:16:43.7881227Z [command]/usr/bin/git config --local --name-only --get-regexp ^includeIf\.gitdir:
deploy-test	UNKNOWN STEP	2026-10-06T06:16:43.7904917Z [command]/usr/bin/git submodule foreach --recursive git config --local --show-origin --name-only --get-regexp remote.origin.url
deploy-test	UNKNOWN STEP	2026-10-06T06:16:43.8053397Z [command]/usr/bin/git config --file /home/runner/work/_temp/git-credentials-d38887ef-e77a-4d92-b353-e0700127a5cc.config http.https://github.com/.extraheader AUTHORIZATION: basic ***
deploy-test	UNKNOWN STEP	2026-10-06T06:16:43.8079368Z [command]/usr/bin/git config --local includeIf.gitdir:/home/runner/work/food-digester-platform/food-digester-platform/.git.path /home/runner/work/_temp/git-credentials-d38887ef-e77a-4d92-b353-e0700127a5cc.config
deploy-test	UNKNOWN STEP	2026-10-06T06:16:43.8101608Z [command]/usr/bin/git config --local includeIf.gitdir:/home/runner/work/food-digester-platform/food-digester-platform/.git/worktrees/*.path /home/runner/work/_temp/git-credentials-d38887ef-e77a-4d92-b353-e0700127a5cc.config
deploy-test	UNKNOWN STEP	2026-10-06T06:16:43.8126171Z [command]/usr/bin/git config --local includeIf.gitdir:/github/workspace/.git.path /github/runner_temp/git-credentials-d38887ef-e77a-4d92-b353-e0700127a5cc.config
deploy-test	UNKNOWN STEP	2026-10-06T06:16:43.8149815Z [command]/usr/bin/git config --local includeIf.gitdir:/github/workspace/.git/worktrees/*.path /github/runner_temp/git-credentials-d38887ef-e77a-4d92-b353-e0700127a5cc.config
deploy-test	UNKNOWN STEP	2026-10-06T06:16:43.8170808Z ##[endgroup]
deploy-test	UNKNOWN STEP	2026-10-06T06:16:43.8172392Z ##[group]Fetching the repository
deploy-test	UNKNOWN STEP	2026-10-06T06:16:43.8175845Z [command]/usr/bin/git -c protocol.version=2 fetch --no-tags --prune --no-recurse-submodules --depth=1 origin +f341f684a9bb16e76788a0ba8a0c45317ac0fc3a:refs/remotes/origin/main
deploy-test	UNKNOWN STEP	2026-10-06T06:16:46.9728434Z From https://github.com/inrust/food-digester-platform
deploy-test	UNKNOWN STEP	2026-10-06T06:16:46.9729556Z  * [new ref]         f341f684a9bb16e76788a0ba8a0c45317ac0fc3a -> origin/main
deploy-test	UNKNOWN STEP	2026-10-06T06:16:46.9756982Z [command]/usr/bin/git branch --list --remote origin/main
deploy-test	UNKNOWN STEP	2026-10-06T06:16:46.9757452Z   origin/main
deploy-test	UNKNOWN STEP	2026-10-06T06:16:46.9766096Z [command]/usr/bin/git rev-parse refs/remotes/origin/main
deploy-test	UNKNOWN STEP	2026-10-06T06:16:46.9785319Z f341f684a9bb16e76788a0ba8a0c45317ac0fc3a
deploy-test	UNKNOWN STEP	2026-10-06T06:16:46.9789812Z ##[endgroup]
deploy-test	UNKNOWN STEP	2026-10-06T06:16:46.9790617Z ##[group]Determining the checkout info
deploy-test	UNKNOWN STEP	2026-10-06T06:16:46.9791416Z ##[endgroup]
deploy-test	UNKNOWN STEP	2026-10-06T06:16:46.9819243Z [command]/usr/bin/git sparse-checkout disable
deploy-test	UNKNOWN STEP	2026-10-06T06:16:46.9846489Z [command]/usr/bin/git config --local --unset-all extensions.worktreeConfig
deploy-test	UNKNOWN STEP	2026-10-06T06:16:46.9870532Z ##[group]Checking out the ref
deploy-test	UNKNOWN STEP	2026-10-06T06:16:46.9873101Z [command]/usr/bin/git checkout --progress --force -B main refs/remotes/origin/main
deploy-test	UNKNOWN STEP	2026-10-06T06:16:47.3186836Z Switched to a new branch 'main'
deploy-test	UNKNOWN STEP	2026-10-06T06:16:47.3189724Z branch 'main' set up to track 'origin/main'.
deploy-test	UNKNOWN STEP	2026-10-06T06:16:47.3208706Z ##[endgroup]
deploy-test	UNKNOWN STEP	2026-10-06T06:16:47.3289013Z [command]/usr/bin/git log -1 --format=%H
deploy-test	UNKNOWN STEP	2026-10-06T06:16:47.3296899Z f341f684a9bb16e76788a0ba8a0c45317ac0fc3a
deploy-test	UNKNOWN STEP	2026-10-06T06:16:47.3303253Z ##[group]Removing auth
deploy-test	UNKNOWN STEP	2026-10-06T06:16:47.3304131Z Removing SSH command configuration
deploy-test	UNKNOWN STEP	2026-10-06T06:16:47.3306256Z [command]/usr/bin/git config --local --name-only --get-regexp core\.sshCommand
deploy-test	UNKNOWN STEP	2026-10-06T06:16:47.3329537Z [command]/usr/bin/git submodule foreach --recursive sh -c "git config --local --name-only --get-regexp 'core\.sshCommand' && git config --local --unset-all 'core.sshCommand' || :"
deploy-test	UNKNOWN STEP	2026-10-06T06:16:47.3480354Z Removing HTTP extra header
deploy-test	UNKNOWN STEP	2026-10-06T06:16:47.3483614Z [command]/usr/bin/git config --local --name-only --get-regexp http\.https\:\/\/github\.com\/\.extraheader
deploy-test	UNKNOWN STEP	2026-10-06T06:16:47.3503726Z [command]/usr/bin/git submodule foreach --recursive sh -c "git config --local --name-only --get-regexp 'http\.https\:\/\/github\.com\/\.extraheader' && git config --local --unset-all 'http.https://github.com/.extraheader' || :"
deploy-test	UNKNOWN STEP	2026-10-06T06:16:47.3649195Z Removing includeIf entries pointing to credentials config files
deploy-test	UNKNOWN STEP	2026-10-06T06:16:47.3651991Z [command]/usr/bin/git config --local --name-only --get-regexp ^includeIf\.gitdir:
deploy-test	UNKNOWN STEP	2026-10-06T06:16:47.3671596Z includeif.gitdir:/home/runner/work/food-digester-platform/food-digester-platform/.git.path
deploy-test	UNKNOWN STEP	2026-10-06T06:16:47.3672353Z includeif.gitdir:/home/runner/work/food-digester-platform/food-digester-platform/.git/worktrees/*.path
deploy-test	UNKNOWN STEP	2026-10-06T06:16:47.3672922Z includeif.gitdir:/github/workspace/.git.path
deploy-test	UNKNOWN STEP	2026-10-06T06:16:47.3673482Z includeif.gitdir:/github/workspace/.git/worktrees/*.path
deploy-test	UNKNOWN STEP	2026-10-06T06:16:47.3677754Z [command]/usr/bin/git config --local --get-all includeif.gitdir:/home/runner/work/food-digester-platform/food-digester-platform/.git.path
deploy-test	UNKNOWN STEP	2026-10-06T06:16:47.3692275Z /home/runner/work/_temp/git-credentials-d38887ef-e77a-4d92-b353-e0700127a5cc.config
deploy-test	UNKNOWN STEP	2026-10-06T06:16:47.3701061Z [command]/usr/bin/git config --local --unset includeif.gitdir:/home/runner/work/food-digester-platform/food-digester-platform/.git.path \/home\/runner\/work\/_temp\/git\-credentials\-d38887ef\-e77a\-4d92\-b353\-e0700127a5cc\.config
deploy-test	UNKNOWN STEP	2026-10-06T06:16:47.3725223Z [command]/usr/bin/git config --local --get-all includeif.gitdir:/home/runner/work/food-digester-platform/food-digester-platform/.git/worktrees/*.path
deploy-test	UNKNOWN STEP	2026-10-06T06:16:47.3741431Z /home/runner/work/_temp/git-credentials-d38887ef-e77a-4d92-b353-e0700127a5cc.config
deploy-test	UNKNOWN STEP	2026-10-06T06:16:47.3747569Z [command]/usr/bin/git config --local --unset includeif.gitdir:/home/runner/work/food-digester-platform/food-digester-platform/.git/worktrees/*.path \/home\/runner\/work\/_temp\/git\-credentials\-d38887ef\-e77a\-4d92\-b353\-e0700127a5cc\.config
deploy-test	UNKNOWN STEP	2026-10-06T06:16:47.3770103Z [command]/usr/bin/git config --local --get-all includeif.gitdir:/github/workspace/.git.path
deploy-test	UNKNOWN STEP	2026-10-06T06:16:47.3786848Z /github/runner_temp/git-credentials-d38887ef-e77a-4d92-b353-e0700127a5cc.config
deploy-test	UNKNOWN STEP	2026-10-06T06:16:47.3793735Z [command]/usr/bin/git config --local --unset includeif.gitdir:/github/workspace/.git.path \/github\/runner_temp\/git\-credentials\-d38887ef\-e77a\-4d92\-b353\-e0700127a5cc\.config
deploy-test	UNKNOWN STEP	2026-10-06T06:16:47.3816935Z [command]/usr/bin/git config --local --get-all includeif.gitdir:/github/workspace/.git/worktrees/*.path
deploy-test	UNKNOWN STEP	2026-10-06T06:16:47.3832475Z /github/runner_temp/git-credentials-d38887ef-e77a-4d92-b353-e0700127a5cc.config
deploy-test	UNKNOWN STEP	2026-10-06T06:16:47.3836795Z [command]/usr/bin/git config --local --unset includeif.gitdir:/github/workspace/.git/worktrees/*.path \/github\/runner_temp\/git\-credentials\-d38887ef\-e77a\-4d92\-b353\-e0700127a5cc\.config
deploy-test	UNKNOWN STEP	2026-10-06T06:16:47.3861436Z [command]/usr/bin/git submodule foreach --recursive git config --local --show-origin --name-only --get-regexp remote.origin.url
deploy-test	UNKNOWN STEP	2026-10-06T06:16:47.4005958Z Removing credentials config '/home/runner/work/_temp/git-credentials-d38887ef-e77a-4d92-b353-e0700127a5cc.config'
deploy-test	UNKNOWN STEP	2026-10-06T06:16:47.4016135Z ##[endgroup]
deploy-test	UNKNOWN STEP	2026-10-06T06:16:47.4174327Z ##[group]Run pnpm/action-setup@v6
deploy-test	UNKNOWN STEP	2026-10-06T06:16:47.4174639Z with:
deploy-test	UNKNOWN STEP	2026-10-06T06:16:47.4174873Z   version: 10.20.0
deploy-test	UNKNOWN STEP	2026-10-06T06:16:47.4175116Z   dest: ~/setup-pnpm
deploy-test	UNKNOWN STEP	2026-10-06T06:16:47.4175376Z   run_install: null
deploy-test	UNKNOWN STEP	2026-10-06T06:16:47.4175607Z   cache: false
deploy-test	UNKNOWN STEP	2026-10-06T06:16:47.4175892Z   cache_dependency_path: pnpm-lock.yaml
deploy-test	UNKNOWN STEP	2026-10-06T06:16:47.4176173Z   package_json_file: package.json
deploy-test	UNKNOWN STEP	2026-10-06T06:16:47.4176425Z   standalone: false
deploy-test	UNKNOWN STEP	2026-10-06T06:16:47.4176674Z env:
deploy-test	UNKNOWN STEP	2026-10-06T06:16:47.4177071Z   FDP_DEVICE_API_CERTIFICATE_ARN: arn:aws:acm:ap-southeast-1:065986019555:certificate/db3daf4f-de27-4cb3-8813-5f1f068478e0
deploy-test	UNKNOWN STEP	2026-10-06T06:16:47.4177683Z   FDP_PUBLIC_API_CERTIFICATE_ARN: arn:aws:acm:ap-southeast-1:065986019555:certificate/2777e55f-df6e-4e7d-8ce8-22cd3cf2babb
deploy-test	UNKNOWN STEP	2026-10-06T06:16:47.4178505Z   FDP_TRUSTSTORE_BUCKET_NAME: fdp-test-mtls-truststore-065986019555
deploy-test	UNKNOWN STEP	2026-10-06T06:16:47.4178924Z   FDP_TRUSTSTORE_VERSION: FtN.3H5AydTqt6cgxf0wzeOcNQHFxCOx
deploy-test	UNKNOWN STEP	2026-10-06T06:16:47.4179330Z   FDP_QA09_ROLLOUT_PHASE: immediate
deploy-test	UNKNOWN STEP	2026-10-06T06:16:47.4179608Z ##[endgroup]
deploy-test	UNKNOWN STEP	2026-10-06T06:16:47.5188309Z ##[group]Running self-installer...
deploy-test	UNKNOWN STEP	2026-10-06T06:16:53.0248429Z 
deploy-test	UNKNOWN STEP	2026-10-06T06:16:53.0249080Z added 1 package, and audited 2 packages in 2s
deploy-test	UNKNOWN STEP	2026-10-06T06:16:53.0249297Z 
deploy-test	UNKNOWN STEP	2026-10-06T06:16:53.0249530Z 1 package is looking for funding
deploy-test	UNKNOWN STEP	2026-10-06T06:16:53.0249809Z   run `npm fund` for details
deploy-test	UNKNOWN STEP	2026-10-06T06:16:53.0253167Z 
deploy-test	UNKNOWN STEP	2026-10-06T06:16:53.0253528Z found 0 vulnerabilities
deploy-test	UNKNOWN STEP	2026-10-06T06:16:53.4338700Z Checking for updates...
deploy-test	UNKNOWN STEP	2026-10-06T06:16:53.7939537Z Switching pnpm from v11.19.0 to v10.20.0...
deploy-test	UNKNOWN STEP	2026-10-06T06:16:54.2278072Z .../v11/8ab-1a10fdba03c-ef8aa6a8f288658f | Progress: resolved 1, reused 0, downloaded 0, added 0
deploy-test	UNKNOWN STEP	2026-10-06T06:16:54.2295380Z .../v11/8ab-1a10fdba03c-ef8aa6a8f288658f |   +1 +
deploy-test	UNKNOWN STEP	2026-10-06T06:16:54.4532525Z .../v11/8ab-1a10fdba03c-ef8aa6a8f288658f | Progress: resolved 1, reused 0, downloaded 1, added 1, done
deploy-test	UNKNOWN STEP	2026-10-06T06:16:54.7439546Z [WARN] Detected a pnpm v10 installation layout at PNPM_HOME. The pnpm shims at PNPM_HOME have been refreshed so the new version is active, but pnpm v11 expects bins in PNPM_HOME/bin. Run "pnpm setup" to migrate your PATH to the v11 layout.
deploy-test	UNKNOWN STEP	2026-10-06T06:16:54.7464236Z Successfully updated pnpm to v10.20.0
deploy-test	UNKNOWN STEP	2026-10-06T06:16:54.7655432Z ##[endgroup]
deploy-test	UNKNOWN STEP	2026-10-06T06:16:54.7655796Z Installation Completed!
deploy-test	UNKNOWN STEP	2026-10-06T06:16:54.7787348Z ##[group]Run actions/setup-node@v5
deploy-test	UNKNOWN STEP	2026-10-06T06:16:54.7787654Z with:
deploy-test	UNKNOWN STEP	2026-10-06T06:16:54.7788082Z   node-version-file: .nvmrc
deploy-test	UNKNOWN STEP	2026-10-06T06:16:54.7788321Z   cache: pnpm
deploy-test	UNKNOWN STEP	2026-10-06T06:16:54.7788536Z   always-auth: false
deploy-test	UNKNOWN STEP	2026-10-06T06:16:54.7788755Z   check-latest: false
deploy-test	UNKNOWN STEP	2026-10-06T06:16:54.7790605Z   token: ***
deploy-test	UNKNOWN STEP	2026-10-06T06:16:54.7790859Z   package-manager-cache: true
deploy-test	UNKNOWN STEP	2026-10-06T06:16:54.7791091Z env:
deploy-test	UNKNOWN STEP	2026-10-06T06:16:54.7791516Z   FDP_DEVICE_API_CERTIFICATE_ARN: arn:aws:acm:ap-southeast-1:065986019555:certificate/db3daf4f-de27-4cb3-8813-5f1f068478e0
deploy-test	UNKNOWN STEP	2026-10-06T06:16:54.7792093Z   FDP_PUBLIC_API_CERTIFICATE_ARN: arn:aws:acm:ap-southeast-1:065986019555:certificate/2777e55f-df6e-4e7d-8ce8-22cd3cf2babb
deploy-test	UNKNOWN STEP	2026-10-06T06:16:54.7792566Z   FDP_TRUSTSTORE_BUCKET_NAME: fdp-test-mtls-truststore-065986019555
deploy-test	UNKNOWN STEP	2026-10-06T06:16:54.7792929Z   FDP_TRUSTSTORE_VERSION: FtN.3H5AydTqt6cgxf0wzeOcNQHFxCOx
deploy-test	UNKNOWN STEP	2026-10-06T06:16:54.7793212Z   FDP_QA09_ROLLOUT_PHASE: immediate
deploy-test	UNKNOWN STEP	2026-10-06T06:16:54.7793581Z   PNPM_HOME: /home/runner/setup-pnpm/node_modules/.bin
deploy-test	UNKNOWN STEP	2026-10-06T06:16:54.7793855Z ##[endgroup]
deploy-test	UNKNOWN STEP	2026-10-06T06:16:54.8813898Z Node version file is not JSON file
deploy-test	UNKNOWN STEP	2026-10-06T06:16:54.8814828Z Resolved .nvmrc as 24.12.0
deploy-test	UNKNOWN STEP	2026-10-06T06:16:54.8884438Z Attempting to download 24.12.0...
deploy-test	UNKNOWN STEP	2026-10-06T06:16:54.8959828Z (node:2249) [DEP0040] DeprecationWarning: The `punycode` module is deprecated. Please use a userland alternative instead.
deploy-test	UNKNOWN STEP	2026-10-06T06:16:54.8960455Z (Use `node --trace-deprecation ...` to show where the warning was created)
deploy-test	UNKNOWN STEP	2026-10-06T06:16:55.6202474Z Acquiring 24.12.0 - x64 from https://github.com/actions/node-versions/releases/download/24.12.0-20140960970/node-24.12.0-linux-x64.tar.gz
deploy-test	UNKNOWN STEP	2026-10-06T06:16:56.1622011Z Extracting ...
deploy-test	UNKNOWN STEP	2026-10-06T06:16:56.1710583Z [command]/usr/bin/tar xz --strip 1 --warning=no-unknown-keyword --overwrite -C /home/runner/work/_temp/c2236cde-1747-4243-9fb2-19915668ab47 -f /home/runner/work/_temp/d18da6b7-b14a-4621-a38f-af381bdd4e63
deploy-test	UNKNOWN STEP	2026-10-06T06:16:57.1447183Z Adding to the cache ...
deploy-test	UNKNOWN STEP	2026-10-06T06:16:58.8797400Z ##[group]Environment details
deploy-test	UNKNOWN STEP	2026-10-06T06:16:59.6558748Z node: v24.12.0
deploy-test	UNKNOWN STEP	2026-10-06T06:16:59.6559119Z npm: 11.6.2
deploy-test	UNKNOWN STEP	2026-10-06T06:16:59.6559552Z yarn: 1.22.22
deploy-test	UNKNOWN STEP	2026-10-06T06:16:59.6560172Z ##[endgroup]
deploy-test	UNKNOWN STEP	2026-10-06T06:16:59.6581835Z [command]/home/runner/setup-pnpm/node_modules/.bin/bin/pnpm store path --silent
deploy-test	UNKNOWN STEP	2026-10-06T06:16:59.8956864Z /home/runner/work/food-digester-platform/food-digester-platform/.pnpm-store/v10
deploy-test	UNKNOWN STEP	2026-10-06T06:17:00.0929973Z Cache hit for: node-cache-Linux-x64-pnpm-75c7fc907608ab439a8b09d5d0397666b4d43ed5b2640c9ca959afdd991ed814
deploy-test	UNKNOWN STEP	2026-10-06T06:17:00.0997207Z (node:2249) [DEP0169] DeprecationWarning: `url.parse()` behavior is not standardized and prone to errors that have security implications. Use the WHATWG URL API instead. CVEs are not issued for `url.parse()` vulnerabilities.
deploy-test	UNKNOWN STEP	2026-10-06T06:17:01.2110392Z Received 134217728 of 267652001 (50.1%), 127.9 MBs/sec
deploy-test	UNKNOWN STEP	2026-10-06T06:17:01.7648632Z Received 267652001 of 267652001 (100.0%), 164.1 MBs/sec
deploy-test	UNKNOWN STEP	2026-10-06T06:17:01.7649568Z Cache Size: ~255 MB (267652001 B)
deploy-test	UNKNOWN STEP	2026-10-06T06:17:01.7674575Z [command]/usr/bin/tar -xf /home/runner/work/_temp/80e12385-8ff9-4d65-b8c5-d08681562c5e/cache.tzst -P -C /home/runner/work/food-digester-platform/food-digester-platform --use-compress-program unzstd
deploy-test	UNKNOWN STEP	2026-10-06T06:17:03.1478485Z Cache restored successfully
deploy-test	UNKNOWN STEP	2026-10-06T06:17:03.1577062Z Cache restored from key: node-cache-Linux-x64-pnpm-75c7fc907608ab439a8b09d5d0397666b4d43ed5b2640c9ca959afdd991ed814
deploy-test	UNKNOWN STEP	2026-10-06T06:17:03.1723510Z ##[group]Run pnpm install --frozen-lockfile
deploy-test	UNKNOWN STEP	2026-10-06T06:17:03.1724003Z ^[[36;1mpnpm install --frozen-lockfile^[[0m
deploy-test	UNKNOWN STEP	2026-10-06T06:17:03.2017990Z shell: /usr/bin/bash -e {0}
deploy-test	UNKNOWN STEP	2026-10-06T06:17:03.2018488Z env:
deploy-test	UNKNOWN STEP	2026-10-06T06:17:03.2018952Z   FDP_DEVICE_API_CERTIFICATE_ARN: arn:aws:acm:ap-southeast-1:065986019555:certificate/db3daf4f-de27-4cb3-8813-5f1f068478e0
deploy-test	UNKNOWN STEP	2026-10-06T06:17:03.2019772Z   FDP_PUBLIC_API_CERTIFICATE_ARN: arn:aws:acm:ap-southeast-1:065986019555:certificate/2777e55f-df6e-4e7d-8ce8-22cd3cf2babb
deploy-test	UNKNOWN STEP	2026-10-06T06:17:03.2020348Z   FDP_TRUSTSTORE_BUCKET_NAME: fdp-test-mtls-truststore-065986019555
deploy-test	UNKNOWN STEP	2026-10-06T06:17:03.2020810Z   FDP_TRUSTSTORE_VERSION: FtN.3H5AydTqt6cgxf0wzeOcNQHFxCOx
deploy-test	UNKNOWN STEP	2026-10-06T06:17:03.2021172Z   FDP_QA09_ROLLOUT_PHASE: immediate
deploy-test	UNKNOWN STEP	2026-10-06T06:17:03.2021503Z   PNPM_HOME: /home/runner/setup-pnpm/node_modules/.bin
deploy-test	UNKNOWN STEP	2026-10-06T06:17:03.2021854Z ##[endgroup]
deploy-test	UNKNOWN STEP	2026-10-06T06:17:03.4402899Z Scope: all 14 workspace projects
deploy-test	UNKNOWN STEP	2026-10-06T06:17:03.4721244Z Lockfile is up to date, resolution step is skipped
deploy-test	UNKNOWN STEP	2026-10-06T06:17:03.5689306Z Packages: +535
deploy-test	UNKNOWN STEP	2026-10-06T06:17:03.5719110Z ++++++++++++++++++++++++++++++++++++++++++++++++++++++++++++++++++++++++++++++++
deploy-test	UNKNOWN STEP	2026-10-06T06:17:03.5782895Z Progress: resolved 0, reused 1, downloaded 0, added 0
deploy-test	UNKNOWN STEP	2026-10-06T06:17:04.5791465Z Progress: resolved 0, reused 527, downloaded 0, added 297
deploy-test	UNKNOWN STEP	2026-10-06T06:17:05.0492505Z Progress: resolved 0, reused 527, downloaded 0, added 535, done
deploy-test	UNKNOWN STEP	2026-10-06T06:17:05.2473828Z 
deploy-test	UNKNOWN STEP	2026-10-06T06:17:05.3024347Z Done in 2s using pnpm v10.20.0
deploy-test	UNKNOWN STEP	2026-10-06T06:17:05.3232245Z ##[group]Run pnpm exec playwright install --with-deps chromium
deploy-test	UNKNOWN STEP	2026-10-06T06:17:05.3232672Z ^[[36;1mpnpm exec playwright install --with-deps chromium^[[0m
deploy-test	UNKNOWN STEP	2026-10-06T06:17:05.3265596Z shell: /usr/bin/bash -e {0}
deploy-test	UNKNOWN STEP	2026-10-06T06:17:05.3265878Z env:
deploy-test	UNKNOWN STEP	2026-10-06T06:17:05.3266270Z   FDP_DEVICE_API_CERTIFICATE_ARN: arn:aws:acm:ap-southeast-1:065986019555:certificate/db3daf4f-de27-4cb3-8813-5f1f068478e0
deploy-test	UNKNOWN STEP	2026-10-06T06:17:05.3266882Z   FDP_PUBLIC_API_CERTIFICATE_ARN: arn:aws:acm:ap-southeast-1:065986019555:certificate/2777e55f-df6e-4e7d-8ce8-22cd3cf2babb
deploy-test	UNKNOWN STEP	2026-10-06T06:17:05.3267407Z   FDP_TRUSTSTORE_BUCKET_NAME: fdp-test-mtls-truststore-065986019555
deploy-test	UNKNOWN STEP	2026-10-06T06:17:05.3267886Z   FDP_TRUSTSTORE_VERSION: FtN.3H5AydTqt6cgxf0wzeOcNQHFxCOx
deploy-test	UNKNOWN STEP	2026-10-06T06:17:05.3268198Z   FDP_QA09_ROLLOUT_PHASE: immediate
deploy-test	UNKNOWN STEP	2026-10-06T06:17:05.3268541Z   PNPM_HOME: /home/runner/setup-pnpm/node_modules/.bin
deploy-test	UNKNOWN STEP	2026-10-06T06:17:05.3268835Z ##[endgroup]
deploy-test	UNKNOWN STEP	2026-10-06T06:17:05.8350648Z Installing dependencies...
deploy-test	UNKNOWN STEP	2026-10-06T06:17:05.8405627Z Switching to root user to install dependencies...
deploy-test	UNKNOWN STEP	2026-10-06T06:17:05.9620962Z Get:1 file:/etc/apt/apt-mirrors.txt Mirrorlist [144 B]
deploy-test	UNKNOWN STEP	2026-10-06T06:17:05.9947438Z Get:6 https://packages.microsoft.com/ubuntu/24.04/prod noble InRelease [3600 B]
deploy-test	UNKNOWN STEP	2026-10-06T06:17:06.0157343Z Hit:2 http://azure.archive.ubuntu.com/ubuntu noble InRelease
deploy-test	UNKNOWN STEP	2026-10-06T06:17:06.0165426Z Get:3 http://azure.archive.ubuntu.com/ubuntu noble-updates InRelease [126 kB]
deploy-test	UNKNOWN STEP	2026-10-06T06:17:06.0251405Z Get:4 http://azure.archive.ubuntu.com/ubuntu noble-backports InRelease [126 kB]
deploy-test	UNKNOWN STEP	2026-10-06T06:17:06.0308378Z Get:5 http://azure.archive.ubuntu.com/ubuntu noble-security InRelease [126 kB]
deploy-test	UNKNOWN STEP	2026-10-06T06:17:06.1037655Z Get:7 https://packages.microsoft.com/ubuntu/24.04/prod noble/main arm64 Packages [458 kB]
deploy-test	UNKNOWN STEP	2026-10-06T06:17:06.1397165Z Get:8 https://packages.microsoft.com/ubuntu/24.04/prod noble/main amd64 Packages [515 kB]
deploy-test	UNKNOWN STEP	2026-10-06T06:17:06.1459851Z Get:9 https://packages.microsoft.com/ubuntu/24.04/prod noble/main armhf Packages [12.6 kB]
deploy-test	UNKNOWN STEP	2026-10-06T06:17:06.1897103Z Get:10 http://azure.archive.ubuntu.com/ubuntu noble-updates/main amd64 Packages [1370 kB]
deploy-test	UNKNOWN STEP	2026-10-06T06:17:06.1959093Z Get:11 http://azure.archive.ubuntu.com/ubuntu noble-updates/main Translation-en [305 kB]
deploy-test	UNKNOWN STEP	2026-10-06T06:17:06.1976870Z Get:12 http://azure.archive.ubuntu.com/ubuntu noble-updates/main amd64 Components [181 kB]
deploy-test	UNKNOWN STEP	2026-10-06T06:17:06.1990320Z Get:13 http://azure.archive.ubuntu.com/ubuntu noble-updates/universe amd64 Packages [1701 kB]
deploy-test	UNKNOWN STEP	2026-10-06T06:17:06.2061001Z Get:14 http://azure.archive.ubuntu.com/ubuntu noble-updates/universe Translation-en [341 kB]
deploy-test	UNKNOWN STEP	2026-10-06T06:17:06.2081336Z Get:15 http://azure.archive.ubuntu.com/ubuntu noble-updates/universe amd64 Components [388 kB]
deploy-test	UNKNOWN STEP	2026-10-06T06:17:06.2105229Z Get:16 http://azure.archive.ubuntu.com/ubuntu noble-updates/restricted amd64 Packages [1728 kB]
deploy-test	UNKNOWN STEP	2026-10-06T06:17:06.2214420Z Get:17 http://azure.archive.ubuntu.com/ubuntu noble-updates/restricted Translation-en [395 kB]
deploy-test	UNKNOWN STEP	2026-10-06T06:17:06.2216019Z Get:18 http://azure.archive.ubuntu.com/ubuntu noble-updates/multiverse Translation-en [13.3 kB]
deploy-test	UNKNOWN STEP	2026-10-06T06:17:06.2229141Z Get:19 http://azure.archive.ubuntu.com/ubuntu noble-updates/multiverse amd64 Components [940 B]
deploy-test	UNKNOWN STEP	2026-10-06T06:17:06.2649644Z Get:20 http://azure.archive.ubuntu.com/ubuntu noble-backports/main amd64 Components [5764 B]
deploy-test	UNKNOWN STEP	2026-10-06T06:17:06.2659444Z Get:21 http://azure.archive.ubuntu.com/ubuntu noble-backports/universe amd64 Components [12.6 kB]
deploy-test	UNKNOWN STEP	2026-10-06T06:17:06.2670565Z Get:22 http://azure.archive.ubuntu.com/ubuntu noble-security/main amd64 Packages [1071 kB]
deploy-test	UNKNOWN STEP	2026-10-06T06:17:06.2708878Z Get:23 http://azure.archive.ubuntu.com/ubuntu noble-security/main Translation-en [222 kB]
deploy-test	UNKNOWN STEP	2026-10-06T06:17:06.2725071Z Get:24 http://azure.archive.ubuntu.com/ubuntu noble-security/main amd64 Components [46.4 kB]
deploy-test	UNKNOWN STEP	2026-10-06T06:17:06.2735863Z Get:25 http://azure.archive.ubuntu.com/ubuntu noble-security/universe amd64 Packages [1216 kB]
deploy-test	UNKNOWN STEP	2026-10-06T06:17:06.2780918Z Get:26 http://azure.archive.ubuntu.com/ubuntu noble-security/universe Translation-en [244 kB]
deploy-test	UNKNOWN STEP	2026-10-06T06:17:06.2795084Z Get:27 http://azure.archive.ubuntu.com/ubuntu noble-security/universe amd64 Components [76.3 kB]
deploy-test	UNKNOWN STEP	2026-10-06T06:17:06.2806241Z Get:28 http://azure.archive.ubuntu.com/ubuntu noble-security/restricted amd64 Packages [1566 kB]
deploy-test	UNKNOWN STEP	2026-10-06T06:17:06.2861398Z Get:29 http://azure.archive.ubuntu.com/ubuntu noble-security/restricted Translation-en [361 kB]
deploy-test	UNKNOWN STEP	2026-10-06T06:17:16.2369140Z Fetched 12.6 MB in 1s (11.0 MB/s)
deploy-test	UNKNOWN STEP	2026-10-06T06:17:16.9669520Z Reading package lists...
deploy-test	UNKNOWN STEP	2026-10-06T06:17:16.9901685Z Reading package lists...
deploy-test	UNKNOWN STEP	2026-10-06T06:17:17.1481830Z Building dependency tree...
deploy-test	UNKNOWN STEP	2026-10-06T06:17:17.1487547Z Reading state information...
deploy-test	UNKNOWN STEP	2026-10-06T06:17:17.2944943Z libasound2t64 is already the newest version (1.2.11-1ubuntu0.3).
deploy-test	UNKNOWN STEP	2026-10-06T06:17:17.2945461Z libasound2t64 set to manually installed.
deploy-test	UNKNOWN STEP	2026-10-06T06:17:17.2946116Z libatk-bridge2.0-0t64 is already the newest version (2.52.0-1build1).
deploy-test	UNKNOWN STEP	2026-10-06T06:17:17.2946651Z libatk-bridge2.0-0t64 set to manually installed.
deploy-test	UNKNOWN STEP	2026-10-06T06:17:17.2947126Z libatk1.0-0t64 is already the newest version (2.52.0-1build1).
deploy-test	UNKNOWN STEP	2026-10-06T06:17:17.2947610Z libatk1.0-0t64 set to manually installed.
deploy-test	UNKNOWN STEP	2026-10-06T06:17:17.2948333Z libatspi2.0-0t64 is already the newest version (2.52.0-1build1).
deploy-test	UNKNOWN STEP	2026-10-06T06:17:17.2948783Z libatspi2.0-0t64 set to manually installed.
deploy-test	UNKNOWN STEP	2026-10-06T06:17:17.2949207Z libcairo2 is already the newest version (1.18.0-3build1).
deploy-test	UNKNOWN STEP	2026-10-06T06:17:17.2949703Z libcairo2 set to manually installed.
deploy-test	UNKNOWN STEP	2026-10-06T06:17:17.2950137Z libcups2t64 is already the newest version (2.4.7-1.2ubuntu7.14).
deploy-test	UNKNOWN STEP	2026-10-06T06:17:17.2950616Z libcups2t64 set to manually installed.
deploy-test	UNKNOWN STEP	2026-10-06T06:17:17.2951105Z libdbus-1-3 is already the newest version (1.14.10-4ubuntu4.1).
deploy-test	UNKNOWN STEP	2026-10-06T06:17:17.2951749Z libdbus-1-3 set to manually installed.
deploy-test	UNKNOWN STEP	2026-10-06T06:17:17.2952319Z libdrm2 is already the newest version (2.4.125-1ubuntu0.1~24.04.2).
deploy-test	UNKNOWN STEP	2026-10-06T06:17:17.2952824Z libdrm2 set to manually installed.
deploy-test	UNKNOWN STEP	2026-10-06T06:17:17.2953371Z libglib2.0-0t64 is already the newest version (2.80.0-6ubuntu3.9).
deploy-test	UNKNOWN STEP	2026-10-06T06:17:17.2953850Z libglib2.0-0t64 set to manually installed.
deploy-test	UNKNOWN STEP	2026-10-06T06:17:17.2954309Z libnspr4 is already the newest version (2:4.35-1.1build1).
deploy-test	UNKNOWN STEP	2026-10-06T06:17:17.2954667Z libnspr4 set to manually installed.
deploy-test	UNKNOWN STEP	2026-10-06T06:17:17.2955084Z libnss3 is already the newest version (2:3.98-1ubuntu0.2).
deploy-test	UNKNOWN STEP	2026-10-06T06:17:17.2955484Z libnss3 set to manually installed.
deploy-test	UNKNOWN STEP	2026-10-06T06:17:17.2955868Z libpango-1.0-0 is already the newest version (1.52.1+ds-1build1).
deploy-test	UNKNOWN STEP	2026-10-06T06:17:17.2956275Z libpango-1.0-0 set to manually installed.
deploy-test	UNKNOWN STEP	2026-10-06T06:17:17.2956666Z libx11-6 is already the newest version (2:1.8.7-1build1).
deploy-test	UNKNOWN STEP	2026-10-06T06:17:17.2957018Z libx11-6 set to manually installed.
deploy-test	UNKNOWN STEP	2026-10-06T06:17:17.2957387Z libxcb1 is already the newest version (1.15-1ubuntu2).
deploy-test	UNKNOWN STEP	2026-10-06T06:17:17.2958335Z libxcb1 set to manually installed.
deploy-test	UNKNOWN STEP	2026-10-06T06:17:17.2958914Z libxcomposite1 is already the newest version (1:0.4.5-1build3).
deploy-test	UNKNOWN STEP	2026-10-06T06:17:17.2959407Z libxcomposite1 set to manually installed.
deploy-test	UNKNOWN STEP	2026-10-06T06:17:17.2959893Z libxdamage1 is already the newest version (1:1.1.6-1build1).
deploy-test	UNKNOWN STEP	2026-10-06T06:17:17.2960397Z libxdamage1 set to manually installed.
deploy-test	UNKNOWN STEP	2026-10-06T06:17:17.2960859Z libxext6 is already the newest version (2:1.3.4-1build2).
deploy-test	UNKNOWN STEP	2026-10-06T06:17:17.2961277Z libxext6 set to manually installed.
deploy-test	UNKNOWN STEP	2026-10-06T06:17:17.2961667Z libxfixes3 is already the newest version (1:6.0.0-2build1).
deploy-test	UNKNOWN STEP	2026-10-06T06:17:17.2962039Z libxfixes3 set to manually installed.
deploy-test	UNKNOWN STEP	2026-10-06T06:17:17.2962407Z libxkbcommon0 is already the newest version (1.6.0-1build1).
deploy-test	UNKNOWN STEP	2026-10-06T06:17:17.2962832Z libxkbcommon0 set to manually installed.
deploy-test	UNKNOWN STEP	2026-10-06T06:17:17.2963212Z libxrandr2 is already the newest version (2:1.5.2-2build1).
deploy-test	UNKNOWN STEP	2026-10-06T06:17:17.2963565Z libxrandr2 set to manually installed.
deploy-test	UNKNOWN STEP	2026-10-06T06:17:17.2963975Z xvfb is already the newest version (2:21.1.12-1ubuntu1.8).
deploy-test	UNKNOWN STEP	2026-10-06T06:17:17.2964432Z fonts-noto-color-emoji is already the newest version (2.047-0ubuntu0.24.04.1).
deploy-test	UNKNOWN STEP	2026-10-06T06:17:17.2965040Z libfontconfig1 is already the newest version (2.15.0-1.1ubuntu2).
deploy-test	UNKNOWN STEP	2026-10-06T06:17:17.2965464Z libfontconfig1 set to manually installed.
deploy-test	UNKNOWN STEP	2026-10-06T06:17:17.2965853Z libfreetype6 is already the newest version (2.13.2+dfsg-1ubuntu0.1).
deploy-test	UNKNOWN STEP	2026-10-06T06:17:17.2966259Z libfreetype6 set to manually installed.
deploy-test	UNKNOWN STEP	2026-10-06T06:17:17.2966678Z fonts-liberation is already the newest version (1:2.1.5-3).
deploy-test	UNKNOWN STEP	2026-10-06T06:17:17.2967061Z fonts-liberation set to manually installed.
deploy-test	UNKNOWN STEP	2026-10-06T06:17:17.2967433Z The following additional packages will be installed:
deploy-test	UNKNOWN STEP	2026-10-06T06:17:17.2968157Z   libgl1-mesa-dri libglx-mesa0 mesa-libgallium xfonts-encodings xfonts-utils
deploy-test	UNKNOWN STEP	2026-10-06T06:17:17.2968590Z Recommended packages:
deploy-test	UNKNOWN STEP	2026-10-06T06:17:17.2968895Z   fonts-ipafont-mincho fonts-tlwg-loma
deploy-test	UNKNOWN STEP	2026-10-06T06:17:17.3260829Z The following NEW packages will be installed:
deploy-test	UNKNOWN STEP	2026-10-06T06:17:17.3261612Z   fonts-freefont-ttf fonts-ipafont-gothic fonts-tlwg-loma-otf fonts-unifont
deploy-test	UNKNOWN STEP	2026-10-06T06:17:17.3268841Z   fonts-wqy-zenhei xfonts-cyrillic xfonts-encodings xfonts-scalable
deploy-test	UNKNOWN STEP	2026-10-06T06:17:17.3269360Z   xfonts-utils
deploy-test	UNKNOWN STEP	2026-10-06T06:17:17.3272471Z The following packages will be upgraded:
deploy-test	UNKNOWN STEP	2026-10-06T06:17:17.3277706Z   libgbm1 libgl1-mesa-dri libglx-mesa0 mesa-libgallium
deploy-test	UNKNOWN STEP	2026-10-06T06:17:17.3417506Z 4 upgraded, 9 newly installed, 0 to remove and 21 not upgraded.
deploy-test	UNKNOWN STEP	2026-10-06T06:17:17.3418347Z Need to get 32.1 MB of archives.
deploy-test	UNKNOWN STEP	2026-10-06T06:17:17.3418855Z After this operation, 79.5 MB of additional disk space will be used.
deploy-test	UNKNOWN STEP	2026-10-06T06:17:17.3419317Z Get:1 file:/etc/apt/apt-mirrors.txt Mirrorlist [144 B]
deploy-test	UNKNOWN STEP	2026-10-06T06:17:17.3970545Z Get:2 http://azure.archive.ubuntu.com/ubuntu noble/universe amd64 fonts-ipafont-gothic all 00303-21ubuntu1 [3513 kB]
deploy-test	UNKNOWN STEP	2026-10-06T06:17:17.4563787Z Get:3 http://azure.archive.ubuntu.com/ubuntu noble/main amd64 fonts-freefont-ttf all 20211204+svn4273-2 [5641 kB]
deploy-test	UNKNOWN STEP	2026-10-06T06:17:17.5351344Z Get:4 http://azure.archive.ubuntu.com/ubuntu noble/universe amd64 fonts-tlwg-loma-otf all 1:0.7.3-1 [107 kB]
deploy-test	UNKNOWN STEP	2026-10-06T06:17:17.5635310Z Get:5 http://azure.archive.ubuntu.com/ubuntu noble/universe amd64 fonts-unifont all 1:15.1.01-1build1 [2993 kB]
deploy-test	UNKNOWN STEP	2026-10-06T06:17:17.6172644Z Get:6 http://azure.archive.ubuntu.com/ubuntu noble/universe amd64 fonts-wqy-zenhei all 0.9.45-8 [7472 kB]
deploy-test	UNKNOWN STEP	2026-10-06T06:17:17.7102264Z Get:7 http://azure.archive.ubuntu.com/ubuntu noble-updates/main amd64 libgl1-mesa-dri amd64 25.2.8-0ubuntu0.24.04.4 [38.0 kB]
deploy-test	UNKNOWN STEP	2026-10-06T06:17:17.7380494Z Get:8 http://azure.archive.ubuntu.com/ubuntu noble-updates/main amd64 libglx-mesa0 amd64 25.2.8-0ubuntu0.24.04.4 [110 kB]
deploy-test	UNKNOWN STEP	2026-10-06T06:17:17.7684985Z Get:9 http://azure.archive.ubuntu.com/ubuntu noble-updates/main amd64 libgbm1 amd64 25.2.8-0ubuntu0.24.04.4 [34.2 kB]
deploy-test	UNKNOWN STEP	2026-10-06T06:17:17.8005556Z Get:10 http://azure.archive.ubuntu.com/ubuntu noble-updates/main amd64 mesa-libgallium amd64 25.2.8-0ubuntu0.24.04.4 [10.8 MB]
deploy-test	UNKNOWN STEP	2026-10-06T06:17:17.9281286Z Get:11 http://azure.archive.ubuntu.com/ubuntu noble/main amd64 xfonts-encodings all 1:1.0.5-0ubuntu2 [578 kB]
deploy-test	UNKNOWN STEP	2026-10-06T06:17:17.9608417Z Get:12 http://azure.archive.ubuntu.com/ubuntu noble/main amd64 xfonts-utils amd64 1:7.7+6build3 [94.4 kB]
deploy-test	UNKNOWN STEP	2026-10-06T06:17:17.9887388Z Get:13 http://azure.archive.ubuntu.com/ubuntu noble/universe amd64 xfonts-cyrillic all 1:1.0.5+nmu1 [384 kB]
deploy-test	UNKNOWN STEP	2026-10-06T06:17:18.0198640Z Get:14 http://azure.archive.ubuntu.com/ubuntu noble/main amd64 xfonts-scalable all 1:1.0.3-1.3 [304 kB]
deploy-test	UNKNOWN STEP	2026-10-06T06:17:18.2314569Z Fetched 32.1 MB in 1s (46.6 MB/s)
deploy-test	UNKNOWN STEP	2026-10-06T06:17:18.2790970Z Selecting previously unselected package fonts-ipafont-gothic.
deploy-test	UNKNOWN STEP	2026-10-06T06:17:18.3526245Z (Reading database ... 
deploy-test	UNKNOWN STEP	2026-10-06T06:17:18.3526801Z (Reading database ... 5%
deploy-test	UNKNOWN STEP	2026-10-06T06:17:18.3527083Z (Reading database ... 10%
deploy-test	UNKNOWN STEP	2026-10-06T06:17:18.3527338Z (Reading database ... 15%
deploy-test	UNKNOWN STEP	2026-10-06T06:17:18.3527609Z (Reading database ... 20%
deploy-test	UNKNOWN STEP	2026-10-06T06:17:18.3528253Z (Reading database ... 25%
deploy-test	UNKNOWN STEP	2026-10-06T06:17:18.3528531Z (Reading database ... 30%
deploy-test	UNKNOWN STEP	2026-10-06T06:17:18.3528782Z (Reading database ... 35%
deploy-test	UNKNOWN STEP	2026-10-06T06:17:18.3529321Z (Reading database ... 40%
deploy-test	UNKNOWN STEP	2026-10-06T06:17:18.3529592Z (Reading database ... 45%
deploy-test	UNKNOWN STEP	2026-10-06T06:17:18.3529853Z (Reading database ... 50%
deploy-test	UNKNOWN STEP	2026-10-06T06:17:18.4015037Z (Reading database ... 55%
deploy-test	UNKNOWN STEP	2026-10-06T06:17:19.0209530Z (Reading database ... 60%
deploy-test	UNKNOWN STEP	2026-10-06T06:17:19.3462709Z (Reading database ... 65%
deploy-test	UNKNOWN STEP	2026-10-06T06:17:19.6932866Z (Reading database ... 70%
deploy-test	UNKNOWN STEP	2026-10-06T06:17:20.0901326Z (Reading database ... 75%
deploy-test	UNKNOWN STEP	2026-10-06T06:17:20.5642667Z (Reading database ... 80%
deploy-test	UNKNOWN STEP	2026-10-06T06:17:21.2352736Z (Reading database ... 85%
deploy-test	UNKNOWN STEP	2026-10-06T06:17:22.0998621Z (Reading database ... 90%
deploy-test	UNKNOWN STEP	2026-10-06T06:17:22.9240349Z (Reading database ... 95%
deploy-test	UNKNOWN STEP	2026-10-06T06:17:22.9241044Z (Reading database ... 100%
deploy-test	UNKNOWN STEP	2026-10-06T06:17:22.9241465Z (Reading database ... 202296 files and directories currently installed.)
deploy-test	UNKNOWN STEP	2026-10-06T06:17:22.9280008Z Preparing to unpack .../00-fonts-ipafont-gothic_00303-21ubuntu1_all.deb ...
deploy-test	UNKNOWN STEP	2026-10-06T06:17:22.9368881Z Unpacking fonts-ipafont-gothic (00303-21ubuntu1) ...
deploy-test	UNKNOWN STEP	2026-10-06T06:17:23.1618960Z Selecting previously unselected package fonts-freefont-ttf.
deploy-test	UNKNOWN STEP	2026-10-06T06:17:23.1723359Z Preparing to unpack .../01-fonts-freefont-ttf_20211204+svn4273-2_all.deb ...
deploy-test	UNKNOWN STEP	2026-10-06T06:17:23.1877065Z Unpacking fonts-freefont-ttf (20211204+svn4273-2) ...
deploy-test	UNKNOWN STEP	2026-10-06T06:17:23.2723052Z Selecting previously unselected package fonts-tlwg-loma-otf.
deploy-test	UNKNOWN STEP	2026-10-06T06:17:23.2827458Z Preparing to unpack .../02-fonts-tlwg-loma-otf_1%3a0.7.3-1_all.deb ...
deploy-test	UNKNOWN STEP	2026-10-06T06:17:23.2835552Z Unpacking fonts-tlwg-loma-otf (1:0.7.3-1) ...
deploy-test	UNKNOWN STEP	2026-10-06T06:17:23.3047577Z Selecting previously unselected package fonts-unifont.
deploy-test	UNKNOWN STEP	2026-10-06T06:17:23.3150590Z Preparing to unpack .../03-fonts-unifont_1%3a15.1.01-1build1_all.deb ...
deploy-test	UNKNOWN STEP	2026-10-06T06:17:23.3158788Z Unpacking fonts-unifont (1:15.1.01-1build1) ...
deploy-test	UNKNOWN STEP	2026-10-06T06:17:23.5089910Z Selecting previously unselected package fonts-wqy-zenhei.
deploy-test	UNKNOWN STEP	2026-10-06T06:17:23.5191605Z Preparing to unpack .../04-fonts-wqy-zenhei_0.9.45-8_all.deb ...
deploy-test	UNKNOWN STEP	2026-10-06T06:17:23.5268128Z Unpacking fonts-wqy-zenhei (0.9.45-8) ...
deploy-test	UNKNOWN STEP	2026-10-06T06:17:23.9699998Z Preparing to unpack .../05-libgl1-mesa-dri_25.2.8-0ubuntu0.24.04.4_amd64.deb ...
deploy-test	UNKNOWN STEP	2026-10-06T06:17:23.9804484Z Unpacking libgl1-mesa-dri:amd64 (25.2.8-0ubuntu0.24.04.4) over (25.2.8-0ubuntu0.24.04.2) ...
deploy-test	UNKNOWN STEP	2026-10-06T06:17:24.0325261Z Preparing to unpack .../06-libglx-mesa0_25.2.8-0ubuntu0.24.04.4_amd64.deb ...
deploy-test	UNKNOWN STEP	2026-10-06T06:17:24.0358221Z Unpacking libglx-mesa0:amd64 (25.2.8-0ubuntu0.24.04.4) over (25.2.8-0ubuntu0.24.04.2) ...
deploy-test	UNKNOWN STEP	2026-10-06T06:17:24.0715924Z Preparing to unpack .../07-libgbm1_25.2.8-0ubuntu0.24.04.4_amd64.deb ...
deploy-test	UNKNOWN STEP	2026-10-06T06:17:24.0797525Z Unpacking libgbm1:amd64 (25.2.8-0ubuntu0.24.04.4) over (25.2.8-0ubuntu0.24.04.2) ...
deploy-test	UNKNOWN STEP	2026-10-06T06:17:24.1160697Z Preparing to unpack .../08-mesa-libgallium_25.2.8-0ubuntu0.24.04.4_amd64.deb ...
deploy-test	UNKNOWN STEP	2026-10-06T06:17:24.1184261Z Unpacking mesa-libgallium:amd64 (25.2.8-0ubuntu0.24.04.4) over (25.2.8-0ubuntu0.24.04.2) ...
deploy-test	UNKNOWN STEP	2026-10-06T06:17:24.4751095Z Selecting previously unselected package xfonts-encodings.
deploy-test	UNKNOWN STEP	2026-10-06T06:17:24.4855559Z Preparing to unpack .../09-xfonts-encodings_1%3a1.0.5-0ubuntu2_all.deb ...
deploy-test	UNKNOWN STEP	2026-10-06T06:17:24.5055965Z Unpacking xfonts-encodings (1:1.0.5-0ubuntu2) ...
deploy-test	UNKNOWN STEP	2026-10-06T06:17:24.5268611Z Selecting previously unselected package xfonts-utils.
deploy-test	UNKNOWN STEP	2026-10-06T06:17:24.5374174Z Preparing to unpack .../10-xfonts-utils_1%3a7.7+6build3_amd64.deb ...
deploy-test	UNKNOWN STEP	2026-10-06T06:17:24.5381085Z Unpacking xfonts-utils (1:7.7+6build3) ...
deploy-test	UNKNOWN STEP	2026-10-06T06:17:24.6159628Z Selecting previously unselected package xfonts-cyrillic.
deploy-test	UNKNOWN STEP	2026-10-06T06:17:24.6263391Z Preparing to unpack .../11-xfonts-cyrillic_1%3a1.0.5+nmu1_all.deb ...
deploy-test	UNKNOWN STEP	2026-10-06T06:17:24.6272320Z Unpacking xfonts-cyrillic (1:1.0.5+nmu1) ...
deploy-test	UNKNOWN STEP	2026-10-06T06:17:24.6472598Z Selecting previously unselected package xfonts-scalable.
deploy-test	UNKNOWN STEP	2026-10-06T06:17:24.6574719Z Preparing to unpack .../12-xfonts-scalable_1%3a1.0.3-1.3_all.deb ...
deploy-test	UNKNOWN STEP	2026-10-06T06:17:24.6582242Z Unpacking xfonts-scalable (1:1.0.3-1.3) ...
deploy-test	UNKNOWN STEP	2026-10-06T06:17:24.7012431Z Setting up mesa-libgallium:amd64 (25.2.8-0ubuntu0.24.04.4) ...
deploy-test	UNKNOWN STEP	2026-10-06T06:17:24.7036513Z Setting up libgbm1:amd64 (25.2.8-0ubuntu0.24.04.4) ...
deploy-test	UNKNOWN STEP	2026-10-06T06:17:24.7060097Z Setting up libgl1-mesa-dri:amd64 (25.2.8-0ubuntu0.24.04.4) ...
deploy-test	UNKNOWN STEP	2026-10-06T06:17:24.7122340Z Setting up fonts-wqy-zenhei (0.9.45-8) ...
deploy-test	UNKNOWN STEP	2026-10-06T06:17:24.7220648Z Setting up fonts-freefont-ttf (20211204+svn4273-2) ...
deploy-test	UNKNOWN STEP	2026-10-06T06:17:24.7241563Z Setting up fonts-tlwg-loma-otf (1:0.7.3-1) ...
deploy-test	UNKNOWN STEP	2026-10-06T06:17:24.7265754Z Setting up xfonts-encodings (1:1.0.5-0ubuntu2) ...
deploy-test	UNKNOWN STEP	2026-10-06T06:17:24.7286883Z Setting up fonts-ipafont-gothic (00303-21ubuntu1) ...
deploy-test	UNKNOWN STEP	2026-10-06T06:17:24.7339449Z update-alternatives: using /usr/share/fonts/opentype/ipafont-gothic/ipag.ttf to provide /usr/share/fonts/truetype/fonts-japanese-gothic.ttf (fonts-japanese-gothic.ttf) in auto mode
deploy-test	UNKNOWN STEP	2026-10-06T06:17:24.7356060Z Setting up fonts-unifont (1:15.1.01-1build1) ...
deploy-test	UNKNOWN STEP	2026-10-06T06:17:24.7376890Z Setting up libglx-mesa0:amd64 (25.2.8-0ubuntu0.24.04.4) ...
deploy-test	UNKNOWN STEP	2026-10-06T06:17:24.7438738Z Setting up xfonts-utils (1:7.7+6build3) ...
deploy-test	UNKNOWN STEP	2026-10-06T06:17:24.7476097Z Setting up xfonts-cyrillic (1:1.0.5+nmu1) ...
deploy-test	UNKNOWN STEP	2026-10-06T06:17:24.7748304Z Setting up xfonts-scalable (1:1.0.3-1.3) ...
deploy-test	UNKNOWN STEP	2026-10-06T06:17:24.8017201Z Processing triggers for libc-bin (2.39-0ubuntu8.9) ...
deploy-test	UNKNOWN STEP	2026-10-06T06:17:27.0228397Z Processing triggers for man-db (2.12.0-4build2) ...
deploy-test	UNKNOWN STEP	2026-10-06T06:17:27.0252043Z Not building database; man-db/auto-update is not 'true'.
deploy-test	UNKNOWN STEP	2026-10-06T06:17:27.0266482Z Processing triggers for fontconfig (2.15.0-1.1ubuntu2) ...
deploy-test	UNKNOWN STEP	2026-10-06T06:17:28.5740909Z 
deploy-test	UNKNOWN STEP	2026-10-06T06:17:28.5742022Z Running kernel seems to be up-to-date.
deploy-test	UNKNOWN STEP	2026-10-06T06:17:28.5742411Z 
deploy-test	UNKNOWN STEP	2026-10-06T06:17:28.5742615Z No services need to be restarted.
deploy-test	UNKNOWN STEP	2026-10-06T06:17:28.5742989Z 
deploy-test	UNKNOWN STEP	2026-10-06T06:17:28.5743231Z No containers need to be restarted.
deploy-test	UNKNOWN STEP	2026-10-06T06:17:28.5743493Z 
deploy-test	UNKNOWN STEP	2026-10-06T06:17:28.5743708Z No user sessions are running outdated binaries.
deploy-test	UNKNOWN STEP	2026-10-06T06:17:28.5744095Z 
deploy-test	UNKNOWN STEP	2026-10-06T06:17:28.5744491Z No VM guests are running outdated hypervisor (qemu) binaries on this host.
deploy-test	UNKNOWN STEP	2026-10-06T06:17:29.2541693Z Downloading Chrome for Testing 151.0.7922.34 (playwright chromium v1234) from https://cdn.playwright.dev/builds/cft/151.0.7922.34/linux64/chrome-linux64.zip
deploy-test	UNKNOWN STEP	2026-10-06T06:17:30.2267736Z |                                                                                |   0% of 184.3 MiB
deploy-test	UNKNOWN STEP	2026-10-06T06:17:30.5351935Z |■■■■■■■■                                                                        |  10% of 184.3 MiB
deploy-test	UNKNOWN STEP	2026-10-06T06:17:30.5893896Z |■■■■■■■■■■■■■■■■                                                                |  20% of 184.3 MiB
deploy-test	UNKNOWN STEP	2026-10-06T06:17:30.6573456Z |■■■■■■■■■■■■■■■■■■■■■■■■                                                        |  30% of 184.3 MiB
deploy-test	UNKNOWN STEP	2026-10-06T06:17:30.6927078Z |■■■■■■■■■■■■■■■■■■■■■■■■■■■■■■■■                                                |  40% of 184.3 MiB
deploy-test	UNKNOWN STEP	2026-10-06T06:17:30.7544382Z |■■■■■■■■■■■■■■■■■■■■■■■■■■■■■■■■■■■■■■■■                                        |  50% of 184.3 MiB
deploy-test	UNKNOWN STEP	2026-10-06T06:17:30.8082229Z |■■■■■■■■■■■■■■■■■■■■■■■■■■■■■■■■■■■■■■■■■■■■■■■■                                |  60% of 184.3 MiB
deploy-test	UNKNOWN STEP	2026-10-06T06:17:30.8594246Z |■■■■■■■■■■■■■■■■■■■■■■■■■■■■■■■■■■■■■■■■■■■■■■■■■■■■■■■■                        |  70% of 184.3 MiB
deploy-test	UNKNOWN STEP	2026-10-06T06:17:30.9280756Z |■■■■■■■■■■■■■■■■■■■■■■■■■■■■■■■■■■■■■■■■■■■■■■■■■■■■■■■■■■■■■■■■                |  80% of 184.3 MiB
deploy-test	UNKNOWN STEP	2026-10-06T06:17:30.9698398Z |■■■■■■■■■■■■■■■■■■■■■■■■■■■■■■■■■■■■■■■■■■■■■■■■■■■■■■■■■■■■■■■■■■■■■■■■        |  90% of 184.3 MiB
deploy-test	UNKNOWN STEP	2026-10-06T06:17:31.0303123Z |■■■■■■■■■■■■■■■■■■■■■■■■■■■■■■■■■■■■■■■■■■■■■■■■■■■■■■■■■■■■■■■■■■■■■■■■■■■■■■■■| 100% of 184.3 MiB
deploy-test	UNKNOWN STEP	2026-10-06T06:17:33.7480851Z Chrome for Testing 151.0.7922.34 (playwright chromium v1234) downloaded to /home/runner/.cache/ms-playwright/chromium-1234
deploy-test	UNKNOWN STEP	2026-10-06T06:17:33.7483864Z Downloading FFmpeg (playwright ffmpeg v1011) from https://cdn.playwright.dev/dbazure/download/playwright/builds/ffmpeg/1011/ffmpeg-linux.zip
deploy-test	UNKNOWN STEP	2026-10-06T06:17:34.7702874Z |                                                                                |   0% of 2.3 MiB
deploy-test	UNKNOWN STEP	2026-10-06T06:17:34.8203575Z |■■■■■■■■                                                                        |  10% of 2.3 MiB
deploy-test	UNKNOWN STEP	2026-10-06T06:17:34.8497559Z |■■■■■■■■■■■■■■■■                                                                |  20% of 2.3 MiB
deploy-test	UNKNOWN STEP	2026-10-06T06:17:34.8718353Z |■■■■■■■■■■■■■■■■■■■■■■■■                                                        |  30% of 2.3 MiB
deploy-test	UNKNOWN STEP	2026-10-06T06:17:34.8894416Z |■■■■■■■■■■■■■■■■■■■■■■■■■■■■■■■■                                                |  40% of 2.3 MiB
deploy-test	UNKNOWN STEP	2026-10-06T06:17:34.8980753Z |■■■■■■■■■■■■■■■■■■■■■■■■■■■■■■■■■■■■■■■■                                        |  50% of 2.3 MiB
deploy-test	UNKNOWN STEP	2026-10-06T06:17:34.9078706Z |■■■■■■■■■■■■■■■■■■■■■■■■■■■■■■■■■■■■■■■■■■■■■■■■                                |  60% of 2.3 MiB
deploy-test	UNKNOWN STEP	2026-10-06T06:17:34.9189962Z |■■■■■■■■■■■■■■■■■■■■■■■■■■■■■■■■■■■■■■■■■■■■■■■■■■■■■■■■                        |  70% of 2.3 MiB
deploy-test	UNKNOWN STEP	2026-10-06T06:17:34.9295356Z |■■■■■■■■■■■■■■■■■■■■■■■■■■■■■■■■■■■■■■■■■■■■■■■■■■■■■■■■■■■■■■■■                |  80% of 2.3 MiB
deploy-test	UNKNOWN STEP	2026-10-06T06:17:34.9390928Z |■■■■■■■■■■■■■■■■■■■■■■■■■■■■■■■■■■■■■■■■■■■■■■■■■■■■■■■■■■■■■■■■■■■■■■■■        |  90% of 2.3 MiB
deploy-test	UNKNOWN STEP	2026-10-06T06:17:34.9418468Z |■■■■■■■■■■■■■■■■■■■■■■■■■■■■■■■■■■■■■■■■■■■■■■■■■■■■■■■■■■■■■■■■■■■■■■■■■■■■■■■■| 100% of 2.3 MiB
deploy-test	UNKNOWN STEP	2026-10-06T06:17:34.9918137Z FFmpeg (playwright ffmpeg v1011) downloaded to /home/runner/.cache/ms-playwright/ffmpeg-1011
deploy-test	UNKNOWN STEP	2026-10-06T06:17:34.9921933Z Downloading Chrome Headless Shell 151.0.7922.34 (playwright chromium-headless-shell v1234) from https://cdn.playwright.dev/builds/cft/151.0.7922.34/linux64/chrome-headless-shell-linux64.zip
deploy-test	UNKNOWN STEP	2026-10-06T06:17:35.9346406Z |                                                                                |   0% of 114.7 MiB
deploy-test	UNKNOWN STEP	2026-10-06T06:17:36.1958630Z |■■■■■■■■                                                                        |  10% of 114.7 MiB
deploy-test	UNKNOWN STEP	2026-10-06T06:17:36.2570734Z |■■■■■■■■■■■■■■■■                                                                |  20% of 114.7 MiB
deploy-test	UNKNOWN STEP	2026-10-06T06:17:36.2849690Z |■■■■■■■■■■■■■■■■■■■■■■■■                                                        |  30% of 114.7 MiB
deploy-test	UNKNOWN STEP	2026-10-06T06:17:36.3158741Z |■■■■■■■■■■■■■■■■■■■■■■■■■■■■■■■■                                                |  40% of 114.7 MiB
deploy-test	UNKNOWN STEP	2026-10-06T06:17:36.3625159Z |■■■■■■■■■■■■■■■■■■■■■■■■■■■■■■■■■■■■■■■■                                        |  50% of 114.7 MiB
deploy-test	UNKNOWN STEP	2026-10-06T06:17:36.3838337Z |■■■■■■■■■■■■■■■■■■■■■■■■■■■■■■■■■■■■■■■■■■■■■■■■                                |  60% of 114.7 MiB
deploy-test	UNKNOWN STEP	2026-10-06T06:17:36.4063235Z |■■■■■■■■■■■■■■■■■■■■■■■■■■■■■■■■■■■■■■■■■■■■■■■■■■■■■■■■                        |  70% of 114.7 MiB
deploy-test	UNKNOWN STEP	2026-10-06T06:17:36.4463743Z |■■■■■■■■■■■■■■■■■■■■■■■■■■■■■■■■■■■■■■■■■■■■■■■■■■■■■■■■■■■■■■■■                |  80% of 114.7 MiB
deploy-test	UNKNOWN STEP	2026-10-06T06:17:36.4718975Z |■■■■■■■■■■■■■■■■■■■■■■■■■■■■■■■■■■■■■■■■■■■■■■■■■■■■■■■■■■■■■■■■■■■■■■■■        |  90% of 114.7 MiB
deploy-test	UNKNOWN STEP	2026-10-06T06:17:36.4916163Z |■■■■■■■■■■■■■■■■■■■■■■■■■■■■■■■■■■■■■■■■■■■■■■■■■■■■■■■■■■■■■■■■■■■■■■■■■■■■■■■■| 100% of 114.7 MiB
deploy-test	UNKNOWN STEP	2026-10-06T06:17:38.4445138Z Chrome Headless Shell 151.0.7922.34 (playwright chromium-headless-shell v1234) downloaded to /home/runner/.cache/ms-playwright/chromium_headless_shell-1234
deploy-test	UNKNOWN STEP	2026-10-06T06:17:38.4644975Z ##[group]Run pnpm verify
deploy-test	UNKNOWN STEP	2026-10-06T06:17:38.4645247Z ^[[36;1mpnpm verify^[[0m
deploy-test	UNKNOWN STEP	2026-10-06T06:17:38.4679919Z shell: /usr/bin/bash -e {0}
deploy-test	UNKNOWN STEP	2026-10-06T06:17:38.4680281Z env:
deploy-test	UNKNOWN STEP	2026-10-06T06:17:38.4680691Z   FDP_DEVICE_API_CERTIFICATE_ARN: arn:aws:acm:ap-southeast-1:065986019555:certificate/db3daf4f-de27-4cb3-8813-5f1f068478e0
deploy-test	UNKNOWN STEP	2026-10-06T06:17:38.4681258Z   FDP_PUBLIC_API_CERTIFICATE_ARN: arn:aws:acm:ap-southeast-1:065986019555:certificate/2777e55f-df6e-4e7d-8ce8-22cd3cf2babb
deploy-test	UNKNOWN STEP	2026-10-06T06:17:38.4681810Z   FDP_TRUSTSTORE_BUCKET_NAME: fdp-test-mtls-truststore-065986019555
deploy-test	UNKNOWN STEP	2026-10-06T06:17:38.4682170Z   FDP_TRUSTSTORE_VERSION: FtN.3H5AydTqt6cgxf0wzeOcNQHFxCOx
deploy-test	UNKNOWN STEP	2026-10-06T06:17:38.4682495Z   FDP_QA09_ROLLOUT_PHASE: immediate
deploy-test	UNKNOWN STEP	2026-10-06T06:17:38.4682811Z   PNPM_HOME: /home/runner/setup-pnpm/node_modules/.bin
deploy-test	UNKNOWN STEP	2026-10-06T06:17:38.4683105Z ##[endgroup]
deploy-test	UNKNOWN STEP	2026-10-06T06:17:38.6490181Z 
deploy-test	UNKNOWN STEP	2026-10-06T06:17:38.6491128Z > food-digester-platform@0.0.0 verify /home/runner/work/food-digester-platform/food-digester-platform
deploy-test	UNKNOWN STEP	2026-10-06T06:17:38.6493517Z > pnpm lint && pnpm format:check && pnpm typecheck && pnpm openapi:check && pnpm test && pnpm build && pnpm check:boundaries && pnpm check:schemas && pnpm check:migrations && pnpm check:evidence && pnpm check:secrets && pnpm check:sensitive-sinks && pnpm check:admin-web-delivery && pnpm check:admin-web-e2e && pnpm check:cmd-ota-delivery && pnpm test:device-contracts /tmp/fdp-device-contracts-gate.json && pnpm test:iot-integration /tmp/fdp-iot-integration-gate.json && pnpm test:core-api-integration /tmp/fdp-core-api-integration-gate.json && pnpm test:admin-e2e-suite /tmp/fdp-admin-e2e-gate.json && pnpm test:security-suite /tmp/fdp-security-gate.json && pnpm test:reliability-suite /tmp/fdp-reliability-gate.json && pnpm test:prototype-regression /tmp/fdp-prototype-regression-gate.json
deploy-test	UNKNOWN STEP	2026-10-06T06:17:38.6496227Z 
deploy-test	UNKNOWN STEP	2026-10-06T06:17:38.8481224Z 
deploy-test	UNKNOWN STEP	2026-10-06T06:17:38.8482086Z > food-digester-platform@0.0.0 lint /home/runner/work/food-digester-platform/food-digester-platform
deploy-test	UNKNOWN STEP	2026-10-06T06:17:38.8482715Z > eslint .
deploy-test	UNKNOWN STEP	2026-10-06T06:17:38.8482864Z 
deploy-test	UNKNOWN STEP	2026-10-06T06:17:47.8495116Z 
deploy-test	UNKNOWN STEP	2026-10-06T06:17:47.8496440Z > food-digester-platform@0.0.0 format:check /home/runner/work/food-digester-platform/food-digester-platform
deploy-test	UNKNOWN STEP	2026-10-06T06:17:47.8499428Z > prettier --check .
deploy-test	UNKNOWN STEP	2026-10-06T06:17:47.8500025Z 
deploy-test	UNKNOWN STEP	2026-10-06T06:17:47.9130703Z Checking formatting...
deploy-test	UNKNOWN STEP	2026-10-06T06:17:57.8280117Z All matched files use Prettier code style!
deploy-test	UNKNOWN STEP	2026-10-06T06:17:58.0733508Z 
deploy-test	UNKNOWN STEP	2026-10-06T06:17:58.0734665Z > food-digester-platform@0.0.0 typecheck /home/runner/work/food-digester-platform/food-digester-platform
deploy-test	UNKNOWN STEP	2026-10-06T06:17:58.0735390Z > turbo run typecheck
deploy-test	UNKNOWN STEP	2026-10-06T06:17:58.0735555Z 
deploy-test	UNKNOWN STEP	2026-10-06T06:17:58.1012984Z 
deploy-test	UNKNOWN STEP	2026-10-06T06:17:58.1013661Z Attention:
deploy-test	UNKNOWN STEP	2026-10-06T06:17:58.1014351Z Turborepo now collects completely anonymous telemetry regarding usage.
deploy-test	UNKNOWN STEP	2026-10-06T06:17:58.1014988Z This information is used to shape the Turborepo roadmap and prioritize features.
deploy-test	UNKNOWN STEP	2026-10-06T06:17:58.1015739Z You can learn more, including how to opt-out if you'd not like to participate in this anonymous program, by visiting the following URL:
deploy-test	UNKNOWN STEP	2026-10-06T06:17:58.1016366Z https://turborepo.dev/docs/telemetry
deploy-test	UNKNOWN STEP	2026-10-06T06:17:58.1016586Z 
deploy-test	UNKNOWN STEP	2026-10-06T06:17:58.1192877Z 
deploy-test	UNKNOWN STEP	2026-10-06T06:17:58.1194537Z    • Packages in scope: @fdp/admin-web, @fdp/archive-worker, @fdp/auth, @fdp/aws-clients, @fdp/cloud-api, @fdp/contracts, @fdp/database, @fdp/domain, @fdp/infra, @fdp/ingestion-worker, @fdp/media, @fdp/observability, @fdp/summary-worker
deploy-test	UNKNOWN STEP	2026-10-06T06:17:58.1195456Z    • Running typecheck in 13 packages
deploy-test	UNKNOWN STEP	2026-10-06T06:17:58.1195917Z    • Remote caching disabled
deploy-test	UNKNOWN STEP	2026-10-06T06:17:58.1196145Z 
deploy-test	UNKNOWN STEP	2026-10-06T06:17:58.8472123Z ##[group]@fdp/contracts:build
deploy-test	UNKNOWN STEP	2026-10-06T06:17:58.8473191Z cache miss, executing badb40bf08f6da73
deploy-test	UNKNOWN STEP	2026-10-06T06:17:58.8500298Z 
deploy-test	UNKNOWN STEP	2026-10-06T06:17:58.8526157Z > @fdp/contracts@0.0.0 build /home/runner/work/food-digester-platform/food-digester-platform/contracts
deploy-test	UNKNOWN STEP	2026-10-06T06:17:58.8560311Z > node -e "console.log('@fdp/contracts 为源码契约包：内部使用 .ts 扩展名互引，不经 tsc 构建；消费方经 tsx/打包器直接使用源码')"
deploy-test	UNKNOWN STEP	2026-10-06T06:17:58.8592819Z 
deploy-test	UNKNOWN STEP	2026-10-06T06:17:58.8619238Z @fdp/contracts 为源码契约包：内部使用 .ts 扩展名互引，不经 tsc 构建；消费方经 tsx/打包器直接使用源码
deploy-test	UNKNOWN STEP	2026-10-06T06:17:58.8639195Z ##[endgroup]
deploy-test	UNKNOWN STEP	2026-10-06T06:18:02.0631869Z ##[group]@fdp/observability:build
deploy-test	UNKNOWN STEP	2026-10-06T06:18:02.0669225Z cache miss, executing b22046eabd7182a9
deploy-test	UNKNOWN STEP	2026-10-06T06:18:02.0713047Z 
deploy-test	UNKNOWN STEP	2026-10-06T06:18:02.0769584Z > @fdp/observability@0.0.0 build /home/runner/work/food-digester-platform/food-digester-platform/packages/observability
deploy-test	UNKNOWN STEP	2026-10-06T06:18:02.0785571Z > tsc -p tsconfig.build.json
deploy-test	UNKNOWN STEP	2026-10-06T06:18:02.0848253Z 
deploy-test	UNKNOWN STEP	2026-10-06T06:18:02.0896945Z ##[endgroup]
deploy-test	UNKNOWN STEP	2026-10-06T06:18:03.1299867Z ##[group]@fdp/observability:typecheck
deploy-test	UNKNOWN STEP	2026-10-06T06:18:03.1350786Z cache miss, executing 85676c47b5f4ab95
deploy-test	UNKNOWN STEP	2026-10-06T06:18:03.1380377Z 
deploy-test	UNKNOWN STEP	2026-10-06T06:18:03.1419544Z > @fdp/observability@0.0.0 typecheck /home/runner/work/food-digester-platform/food-digester-platform/packages/observability
deploy-test	UNKNOWN STEP	2026-10-06T06:18:03.1459049Z > tsc -p tsconfig.json
deploy-test	UNKNOWN STEP	2026-10-06T06:18:03.1603857Z 
deploy-test	UNKNOWN STEP	2026-10-06T06:18:03.1649321Z ##[endgroup]
deploy-test	UNKNOWN STEP	2026-10-06T06:18:03.4591788Z ##[group]@fdp/domain:build
deploy-test	UNKNOWN STEP	2026-10-06T06:18:03.4688091Z cache miss, executing 47ef0249a0b99843
deploy-test	UNKNOWN STEP	2026-10-06T06:18:03.4720163Z 
deploy-test	UNKNOWN STEP	2026-10-06T06:18:03.4789480Z > @fdp/domain@0.0.0 build /home/runner/work/food-digester-platform/food-digester-platform/packages/domain
deploy-test	UNKNOWN STEP	2026-10-06T06:18:03.4879229Z > tsc -p tsconfig.build.json
deploy-test	UNKNOWN STEP	2026-10-06T06:18:03.4925431Z 
deploy-test	UNKNOWN STEP	2026-10-06T06:18:03.4959269Z ##[endgroup]
deploy-test	UNKNOWN STEP	2026-10-06T06:18:03.9579730Z ##[group]@fdp/domain:typecheck
deploy-test	UNKNOWN STEP	2026-10-06T06:18:03.9599108Z cache miss, executing fd26312a4c0953c8
deploy-test	UNKNOWN STEP	2026-10-06T06:18:03.9620334Z 
deploy-test	UNKNOWN STEP	2026-10-06T06:18:03.9647588Z > @fdp/domain@0.0.0 typecheck /home/runner/work/food-digester-platform/food-digester-platform/packages/domain
deploy-test	UNKNOWN STEP	2026-10-06T06:18:03.9668824Z > tsc -p tsconfig.json
deploy-test	UNKNOWN STEP	2026-10-06T06:18:03.9708384Z 
deploy-test	UNKNOWN STEP	2026-10-06T06:18:03.9759290Z ##[endgroup]
deploy-test	UNKNOWN STEP	2026-10-06T06:18:04.2080066Z ##[group]@fdp/database:generate
deploy-test	UNKNOWN STEP	2026-10-06T06:18:04.2121233Z cache miss, executing 6f29d7861b790d41
deploy-test	UNKNOWN STEP	2026-10-06T06:18:04.2157218Z 
deploy-test	UNKNOWN STEP	2026-10-06T06:18:04.2220192Z > @fdp/database@0.0.0 generate /home/runner/work/food-digester-platform/food-digester-platform/packages/database
deploy-test	UNKNOWN STEP	2026-10-06T06:18:04.2262389Z > prisma generate
deploy-test	UNKNOWN STEP	2026-10-06T06:18:04.2298409Z 
deploy-test	UNKNOWN STEP	2026-10-06T06:18:04.2329544Z Loaded Prisma config from prisma.config.ts.
deploy-test	UNKNOWN STEP	2026-10-06T06:18:04.2375720Z 
deploy-test	UNKNOWN STEP	2026-10-06T06:18:04.2429625Z Prisma schema loaded from prisma/schema.prisma.
deploy-test	UNKNOWN STEP	2026-10-06T06:18:04.2468506Z 
deploy-test	UNKNOWN STEP	2026-10-06T06:18:04.2469584Z ✔ Generated Prisma Client (7.9.1) to ./src/generated in 1.21s
deploy-test	UNKNOWN STEP	2026-10-06T06:18:04.2528236Z 
deploy-test	UNKNOWN STEP	2026-10-06T06:18:04.2601780Z ##[endgroup]
deploy-test	UNKNOWN STEP	2026-10-06T06:18:04.6187504Z ##[group]@fdp/aws-clients:typecheck
deploy-test	UNKNOWN STEP	2026-10-06T06:18:04.6319303Z cache miss, executing 767e47322641a244
deploy-test	UNKNOWN STEP	2026-10-06T06:18:04.6423546Z 
deploy-test	UNKNOWN STEP	2026-10-06T06:18:04.6460032Z > @fdp/aws-clients@0.0.0 typecheck /home/runner/work/food-digester-platform/food-digester-platform/packages/aws-clients
deploy-test	UNKNOWN STEP	2026-10-06T06:18:04.6550850Z > tsc -p tsconfig.json
deploy-test	UNKNOWN STEP	2026-10-06T06:18:04.6608289Z 
deploy-test	UNKNOWN STEP	2026-10-06T06:18:04.6640766Z ##[endgroup]
deploy-test	UNKNOWN STEP	2026-10-06T06:18:04.6883496Z ##[group]@fdp/contracts:typecheck
deploy-test	UNKNOWN STEP	2026-10-06T06:18:04.6920125Z cache miss, executing aa15856efcfb63ca
deploy-test	UNKNOWN STEP	2026-10-06T06:18:04.6975194Z 
deploy-test	UNKNOWN STEP	2026-10-06T06:18:04.6985339Z > @fdp/contracts@0.0.0 typecheck /home/runner/work/food-digester-platform/food-digester-platform/contracts
deploy-test	UNKNOWN STEP	2026-10-06T06:18:04.6986265Z > tsc -p tsconfig.json
deploy-test	UNKNOWN STEP	2026-10-06T06:18:04.6986734Z 
deploy-test	UNKNOWN STEP	2026-10-06T06:18:04.6987311Z ##[endgroup]
deploy-test	UNKNOWN STEP	2026-10-06T06:18:04.9669656Z ##[group]@fdp/aws-clients:build
deploy-test	UNKNOWN STEP	2026-10-06T06:18:04.9699323Z cache miss, executing 72b741ff8e28f9c8
deploy-test	UNKNOWN STEP	2026-10-06T06:18:04.9699759Z 
deploy-test	UNKNOWN STEP	2026-10-06T06:18:04.9729606Z > @fdp/aws-clients@0.0.0 build /home/runner/work/food-digester-platform/food-digester-platform/packages/aws-clients
deploy-test	UNKNOWN STEP	2026-10-06T06:18:04.9763226Z > tsc -p tsconfig.build.json
deploy-test	UNKNOWN STEP	2026-10-06T06:18:04.9763635Z 
deploy-test	UNKNOWN STEP	2026-10-06T06:18:04.9764205Z ##[endgroup]
deploy-test	UNKNOWN STEP	2026-10-06T06:18:07.3853745Z ##[group]@fdp/database:typecheck
deploy-test	UNKNOWN STEP	2026-10-06T06:18:07.3855088Z cache miss, executing 31ac5516cf4b4c63
deploy-test	UNKNOWN STEP	2026-10-06T06:18:07.3855564Z 
deploy-test	UNKNOWN STEP	2026-10-06T06:18:07.3856490Z > @fdp/database@0.0.0 typecheck /home/runner/work/food-digester-platform/food-digester-platform/packages/database
deploy-test	UNKNOWN STEP	2026-10-06T06:18:07.3858053Z > tsc -p tsconfig.json
deploy-test	UNKNOWN STEP	2026-10-06T06:18:07.3858430Z 
deploy-test	UNKNOWN STEP	2026-10-06T06:18:07.3858967Z ##[endgroup]
deploy-test	UNKNOWN STEP	2026-10-06T06:18:07.5027566Z ##[group]@fdp/infra:typecheck
deploy-test	UNKNOWN STEP	2026-10-06T06:18:07.5028207Z cache miss, executing 4222ae3dde92f349
deploy-test	UNKNOWN STEP	2026-10-06T06:18:07.5028484Z 
deploy-test	UNKNOWN STEP	2026-10-06T06:18:07.5028898Z > @fdp/infra@0.0.0 typecheck /home/runner/work/food-digester-platform/food-digester-platform/infra
deploy-test	UNKNOWN STEP	2026-10-06T06:18:07.5029451Z > tsc -p tsconfig.json
deploy-test	UNKNOWN STEP	2026-10-06T06:18:07.5029630Z 
deploy-test	UNKNOWN STEP	2026-10-06T06:18:07.5029995Z ##[endgroup]
deploy-test	UNKNOWN STEP	2026-10-06T06:18:07.9584416Z ##[group]@fdp/database:build
deploy-test	UNKNOWN STEP	2026-10-06T06:18:07.9585012Z cache miss, executing d2e9504f281a7867
deploy-test	UNKNOWN STEP	2026-10-06T06:18:07.9585249Z 
deploy-test	UNKNOWN STEP	2026-10-06T06:18:07.9585807Z > @fdp/database@0.0.0 build /home/runner/work/food-digester-platform/food-digester-platform/packages/database
deploy-test	UNKNOWN STEP	2026-10-06T06:18:07.9586483Z > tsc -p tsconfig.build.json
deploy-test	UNKNOWN STEP	2026-10-06T06:18:07.9586740Z 
deploy-test	UNKNOWN STEP	2026-10-06T06:18:07.9587085Z ##[endgroup]
deploy-test	UNKNOWN STEP	2026-10-06T06:18:11.1840659Z ##[group]@fdp/media:typecheck
deploy-test	UNKNOWN STEP	2026-10-06T06:18:11.1870820Z cache miss, executing b6cf0ab300a221c4
deploy-test	UNKNOWN STEP	2026-10-06T06:18:11.1871246Z 
deploy-test	UNKNOWN STEP	2026-10-06T06:18:11.1982193Z > @fdp/media@0.0.0 typecheck /home/runner/work/food-digester-platform/food-digester-platform/packages/media
deploy-test	UNKNOWN STEP	2026-10-06T06:18:11.2038933Z > tsc -p tsconfig.json
deploy-test	UNKNOWN STEP	2026-10-06T06:18:11.2068309Z 
deploy-test	UNKNOWN STEP	2026-10-06T06:18:11.2129601Z ##[endgroup]
deploy-test	UNKNOWN STEP	2026-10-06T06:18:11.4473497Z ##[group]@fdp/media:build
deploy-test	UNKNOWN STEP	2026-10-06T06:18:11.4502010Z cache miss, executing 8b966babc723bb0c
deploy-test	UNKNOWN STEP	2026-10-06T06:18:11.4550579Z 
deploy-test	UNKNOWN STEP	2026-10-06T06:18:11.4579218Z > @fdp/media@0.0.0 build /home/runner/work/food-digester-platform/food-digester-platform/packages/media
deploy-test	UNKNOWN STEP	2026-10-06T06:18:11.4610919Z > tsc -p tsconfig.build.json
deploy-test	UNKNOWN STEP	2026-10-06T06:18:11.4628382Z 
deploy-test	UNKNOWN STEP	2026-10-06T06:18:11.4643596Z ##[endgroup]
deploy-test	UNKNOWN STEP	2026-10-06T06:18:12.3600981Z ##[group]@fdp/archive-worker:typecheck
deploy-test	UNKNOWN STEP	2026-10-06T06:18:12.3601991Z cache miss, executing 52499f59bca6748f
deploy-test	UNKNOWN STEP	2026-10-06T06:18:12.3602484Z 
deploy-test	UNKNOWN STEP	2026-10-06T06:18:12.3603171Z > @fdp/archive-worker@0.0.0 typecheck /home/runner/work/food-digester-platform/food-digester-platform/apps/archive-worker
deploy-test	UNKNOWN STEP	2026-10-06T06:18:12.3603907Z > tsc -p tsconfig.json
deploy-test	UNKNOWN STEP	2026-10-06T06:18:12.3604899Z 
deploy-test	UNKNOWN STEP	2026-10-06T06:18:12.3606945Z ##[endgroup]
deploy-test	UNKNOWN STEP	2026-10-06T06:18:12.8262953Z ##[group]@fdp/auth:build
deploy-test	UNKNOWN STEP	2026-10-06T06:18:12.8296178Z cache miss, executing 161d25a0bb288877
deploy-test	UNKNOWN STEP	2026-10-06T06:18:12.8308671Z 
deploy-test	UNKNOWN STEP	2026-10-06T06:18:12.8338286Z > @fdp/auth@0.0.0 build /home/runner/work/food-digester-platform/food-digester-platform/packages/auth
deploy-test	UNKNOWN STEP	2026-10-06T06:18:12.8368751Z > tsc -p tsconfig.build.json
deploy-test	UNKNOWN STEP	2026-10-06T06:18:12.8371545Z 
deploy-test	UNKNOWN STEP	2026-10-06T06:18:12.8372326Z ##[endgroup]
deploy-test	UNKNOWN STEP	2026-10-06T06:18:12.9217066Z ##[group]@fdp/auth:typecheck
deploy-test	UNKNOWN STEP	2026-10-06T06:18:12.9219714Z cache miss, executing d6b21957570b42f6
deploy-test	UNKNOWN STEP	2026-10-06T06:18:12.9221863Z 
deploy-test	UNKNOWN STEP	2026-10-06T06:18:12.9222953Z > @fdp/auth@0.0.0 typecheck /home/runner/work/food-digester-platform/food-digester-platform/packages/auth
deploy-test	UNKNOWN STEP	2026-10-06T06:18:12.9223799Z > tsc -p tsconfig.json
deploy-test	UNKNOWN STEP	2026-10-06T06:18:12.9224125Z 
deploy-test	UNKNOWN STEP	2026-10-06T06:18:12.9224603Z ##[endgroup]
deploy-test	UNKNOWN STEP	2026-10-06T06:18:13.1099229Z ##[group]@fdp/summary-worker:typecheck
deploy-test	UNKNOWN STEP	2026-10-06T06:18:13.1100039Z cache miss, executing e39c112ae5d2bb05
deploy-test	UNKNOWN STEP	2026-10-06T06:18:13.1100501Z 
deploy-test	UNKNOWN STEP	2026-10-06T06:18:13.1101312Z > @fdp/summary-worker@0.0.0 typecheck /home/runner/work/food-digester-platform/food-digester-platform/apps/summary-worker
deploy-test	UNKNOWN STEP	2026-10-06T06:18:13.1102085Z > tsc -p tsconfig.json
deploy-test	UNKNOWN STEP	2026-10-06T06:18:13.1102436Z 
deploy-test	UNKNOWN STEP	2026-10-06T06:18:13.1102891Z ##[endgroup]
deploy-test	UNKNOWN STEP	2026-10-06T06:18:19.3511075Z ##[group]@fdp/ingestion-worker:typecheck
deploy-test	UNKNOWN STEP	2026-10-06T06:18:19.3515230Z cache miss, executing be9f2a0b0e7740fd
deploy-test	UNKNOWN STEP	2026-10-06T06:18:19.3516051Z 
deploy-test	UNKNOWN STEP	2026-10-06T06:18:19.3516834Z > @fdp/ingestion-worker@0.0.0 typecheck /home/runner/work/food-digester-platform/food-digester-platform/apps/ingestion-worker
deploy-test	UNKNOWN STEP	2026-10-06T06:18:19.3517647Z > tsc -p tsconfig.json
deploy-test	UNKNOWN STEP	2026-10-06T06:18:19.3518352Z 
deploy-test	UNKNOWN STEP	2026-10-06T06:18:19.3519350Z ##[endgroup]
deploy-test	UNKNOWN STEP	2026-10-06T06:18:22.9496395Z ##[group]@fdp/admin-web:typecheck
deploy-test	UNKNOWN STEP	2026-10-06T06:18:22.9497176Z cache miss, executing c07355e5713f6ca0
deploy-test	UNKNOWN STEP	2026-10-06T06:18:22.9497489Z 
deploy-test	UNKNOWN STEP	2026-10-06T06:18:22.9498340Z > @fdp/admin-web@0.0.0 typecheck /home/runner/work/food-digester-platform/food-digester-platform/apps/admin-web
deploy-test	UNKNOWN STEP	2026-10-06T06:18:22.9499202Z > tsc -p tsconfig.json && tsc -p tsconfig.e2e.json
deploy-test	UNKNOWN STEP	2026-10-06T06:18:22.9499602Z 
deploy-test	UNKNOWN STEP	2026-10-06T06:18:22.9500175Z ##[endgroup]
deploy-test	UNKNOWN STEP	2026-10-06T06:18:22.9525476Z ##[group]@fdp/cloud-api:typecheck
deploy-test	UNKNOWN STEP	2026-10-06T06:18:22.9526115Z cache miss, executing d0559b6282b3f1ef
deploy-test	UNKNOWN STEP	2026-10-06T06:18:22.9526325Z 
deploy-test	UNKNOWN STEP	2026-10-06T06:18:22.9526792Z > @fdp/cloud-api@0.0.0 typecheck /home/runner/work/food-digester-platform/food-digester-platform/apps/cloud-api
deploy-test	UNKNOWN STEP	2026-10-06T06:18:22.9527441Z > tsc -p tsconfig.json
deploy-test	UNKNOWN STEP	2026-10-06T06:18:22.9527666Z 
deploy-test	UNKNOWN STEP	2026-10-06T06:18:22.9528147Z ##[endgroup]
deploy-test	UNKNOWN STEP	2026-10-06T06:18:22.9534757Z 
deploy-test	UNKNOWN STEP	2026-10-06T06:18:22.9535595Z  Tasks:    21 successful, 21 total
deploy-test	UNKNOWN STEP	2026-10-06T06:18:22.9536225Z Cached:    0 cached, 21 total
deploy-test	UNKNOWN STEP	2026-10-06T06:18:22.9536523Z   Time:    24.851s 
deploy-test	UNKNOWN STEP	2026-10-06T06:18:22.9536728Z 
deploy-test	UNKNOWN STEP	2026-10-06T06:18:23.1574499Z 
deploy-test	UNKNOWN STEP	2026-10-06T06:18:23.1575278Z > food-digester-platform@0.0.0 openapi:check /home/runner/work/food-digester-platform/food-digester-platform
deploy-test	UNKNOWN STEP	2026-10-06T06:18:23.1576561Z > node scripts/build-openapi.mjs --check && redocly lint contracts/rest/openapi-base.json "contracts/rest/*-api.json" contracts/rest/openapi.bundle.json --extends spec
deploy-test	UNKNOWN STEP	2026-10-06T06:18:23.1577076Z 
deploy-test	UNKNOWN STEP	2026-10-06T06:18:23.2135151Z OpenAPI bundle 新鲜：contracts/rest/openapi.bundle.json
deploy-test	UNKNOWN STEP	2026-10-06T06:18:23.4048531Z ^[[90mvalidating contracts/rest/openapi-base.json...
deploy-test	UNKNOWN STEP	2026-10-06T06:18:23.4208937Z ^[[39m^[[90mcontracts/rest/openapi-base.json: validated in 17ms
deploy-test	UNKNOWN STEP	2026-10-06T06:18:23.4209640Z 
deploy-test	UNKNOWN STEP	2026-10-06T06:18:23.4210278Z ^[[39m^[[90mvalidating contracts/rest/prototype-planned-api.json...
deploy-test	UNKNOWN STEP	2026-10-06T06:18:23.4349549Z ^[[39m^[[90mcontracts/rest/prototype-planned-api.json: validated in 15ms
deploy-test	UNKNOWN STEP	2026-10-06T06:18:23.4350037Z 
deploy-test	UNKNOWN STEP	2026-10-06T06:18:23.4350472Z ^[[39m^[[90mvalidating contracts/rest/device-sync-api.json...
deploy-test	UNKNOWN STEP	2026-10-06T06:18:23.4492261Z ^[[39m^[[90mcontracts/rest/device-sync-api.json: validated in 15ms
deploy-test	UNKNOWN STEP	2026-10-06T06:18:23.4492903Z 
deploy-test	UNKNOWN STEP	2026-10-06T06:18:23.4493634Z ^[[39m^[[90mvalidating contracts/rest/device-ota-api.json...
deploy-test	UNKNOWN STEP	2026-10-06T06:18:23.4531386Z ^[[39m^[[90mcontracts/rest/device-ota-api.json: validated in 4ms
deploy-test	UNKNOWN STEP	2026-10-06T06:18:23.4532083Z 
deploy-test	UNKNOWN STEP	2026-10-06T06:18:23.4532597Z ^[[39m^[[90mvalidating contracts/rest/device-onboarding-api.json...
deploy-test	UNKNOWN STEP	2026-10-06T06:18:23.4598672Z ^[[39m^[[90mcontracts/rest/device-onboarding-api.json: validated in 7ms
deploy-test	UNKNOWN STEP	2026-10-06T06:18:23.4599425Z 
deploy-test	UNKNOWN STEP	2026-10-06T06:18:23.4599972Z ^[[39m^[[90mvalidating contracts/rest/device-media-api.json...
deploy-test	UNKNOWN STEP	2026-10-06T06:18:23.4649054Z ^[[39m^[[90mcontracts/rest/device-media-api.json: validated in 5ms
deploy-test	UNKNOWN STEP	2026-10-06T06:18:23.4649493Z 
deploy-test	UNKNOWN STEP	2026-10-06T06:18:23.4649781Z ^[[39m^[[90mvalidating contracts/rest/device-deactivate-api.json...
deploy-test	UNKNOWN STEP	2026-10-06T06:18:23.4739541Z ^[[39m^[[90mcontracts/rest/device-deactivate-api.json: validated in 9ms
deploy-test	UNKNOWN STEP	2026-10-06T06:18:23.4740192Z 
deploy-test	UNKNOWN STEP	2026-10-06T06:18:23.4740756Z ^[[39m^[[90mvalidating contracts/rest/device-certificate-api.json...
deploy-test	UNKNOWN STEP	2026-10-06T06:18:23.4793165Z ^[[39m^[[90mcontracts/rest/device-certificate-api.json: validated in 6ms
deploy-test	UNKNOWN STEP	2026-10-06T06:18:23.4805448Z 
deploy-test	UNKNOWN STEP	2026-10-06T06:18:23.4806089Z ^[[39m^[[90mvalidating contracts/rest/admin-user-api.json...
deploy-test	UNKNOWN STEP	2026-10-06T06:18:23.4899208Z ^[[39m^[[90mcontracts/rest/admin-user-api.json: validated in 9ms
deploy-test	UNKNOWN STEP	2026-10-06T06:18:23.4900352Z 
deploy-test	UNKNOWN STEP	2026-10-06T06:18:23.4900986Z ^[[39m^[[90mvalidating contracts/rest/admin-site-api.json...
deploy-test	UNKNOWN STEP	2026-10-06T06:18:23.4989713Z ^[[39m^[[90mcontracts/rest/admin-site-api.json: validated in 11ms
deploy-test	UNKNOWN STEP	2026-10-06T06:18:23.4990096Z 
deploy-test	UNKNOWN STEP	2026-10-06T06:18:23.4990408Z ^[[39m^[[90mvalidating contracts/rest/admin-settings-api.json...
deploy-test	UNKNOWN STEP	2026-10-06T06:18:23.5049828Z ^[[39m^[[90mcontracts/rest/admin-settings-api.json: validated in 6ms
deploy-test	UNKNOWN STEP	2026-10-06T06:18:23.5050235Z 
deploy-test	UNKNOWN STEP	2026-10-06T06:18:23.5050575Z ^[[39m^[[90mvalidating contracts/rest/admin-replay-api.json...
deploy-test	UNKNOWN STEP	2026-10-06T06:18:23.5085822Z ^[[39m^[[90mcontracts/rest/admin-replay-api.json: validated in 4ms
deploy-test	UNKNOWN STEP	2026-10-06T06:18:23.5086190Z 
deploy-test	UNKNOWN STEP	2026-10-06T06:18:23.5086572Z ^[[39m^[[90mvalidating contracts/rest/admin-ota-package-api.json...
deploy-test	UNKNOWN STEP	2026-10-06T06:18:23.5130525Z ^[[39m^[[90mcontracts/rest/admin-ota-package-api.json: validated in 5ms
deploy-test	UNKNOWN STEP	2026-10-06T06:18:23.5130866Z 
deploy-test	UNKNOWN STEP	2026-10-06T06:18:23.5131208Z ^[[39m^[[90mvalidating contracts/rest/admin-ota-campaign-api.json...
deploy-test	UNKNOWN STEP	2026-10-06T06:18:23.5213490Z ^[[39m^[[90mcontracts/rest/admin-ota-campaign-api.json: validated in 9ms
deploy-test	UNKNOWN STEP	2026-10-06T06:18:23.5213993Z 
deploy-test	UNKNOWN STEP	2026-10-06T06:18:23.5214362Z ^[[39m^[[90mvalidating contracts/rest/admin-onboarding-api.json...
deploy-test	UNKNOWN STEP	2026-10-06T06:18:23.5269222Z ^[[39m^[[90mcontracts/rest/admin-onboarding-api.json: validated in 6ms
deploy-test	UNKNOWN STEP	2026-10-06T06:18:23.5278306Z 
deploy-test	UNKNOWN STEP	2026-10-06T06:18:23.5314356Z ^[[39m^[[90mvalidating contracts/rest/admin-media-api.json...
deploy-test	UNKNOWN STEP	2026-10-06T06:18:23.5342390Z ^[[39m^[[90mcontracts/rest/admin-media-api.json: validated in 8ms
deploy-test	UNKNOWN STEP	2026-10-06T06:18:23.5342721Z 
deploy-test	UNKNOWN STEP	2026-10-06T06:18:23.5343226Z ^[[39m^[[90mvalidating contracts/rest/admin-license-api.json...
deploy-test	UNKNOWN STEP	2026-10-06T06:18:23.5396623Z ^[[39m^[[90mcontracts/rest/admin-license-api.json: validated in 6ms
deploy-test	UNKNOWN STEP	2026-10-06T06:18:23.5396997Z 
deploy-test	UNKNOWN STEP	2026-10-06T06:18:23.5397394Z ^[[39m^[[90mvalidating contracts/rest/admin-esg-api.json...
deploy-test	UNKNOWN STEP	2026-10-06T06:18:23.5479289Z ^[[39m^[[90mcontracts/rest/admin-esg-api.json: validated in 9ms
deploy-test	UNKNOWN STEP	2026-10-06T06:18:23.5479616Z 
deploy-test	UNKNOWN STEP	2026-10-06T06:18:23.5479976Z ^[[39m^[[90mvalidating contracts/rest/admin-device-user-api.json...
deploy-test	UNKNOWN STEP	2026-10-06T06:18:23.5524147Z ^[[39m^[[90mcontracts/rest/admin-device-user-api.json: validated in 5ms
deploy-test	UNKNOWN STEP	2026-10-06T06:18:23.5524574Z 
deploy-test	UNKNOWN STEP	2026-10-06T06:18:23.5524961Z ^[[39m^[[90mvalidating contracts/rest/admin-device-status-api.json...
deploy-test	UNKNOWN STEP	2026-10-06T06:18:23.5552501Z ^[[39m^[[90mcontracts/rest/admin-device-status-api.json: validated in 3ms
deploy-test	UNKNOWN STEP	2026-10-06T06:18:23.5552936Z 
deploy-test	UNKNOWN STEP	2026-10-06T06:18:23.5553382Z ^[[39m^[[90mvalidating contracts/rest/admin-device-retirement-api.json...
deploy-test	UNKNOWN STEP	2026-10-06T06:18:23.5580458Z ^[[39m^[[90mcontracts/rest/admin-device-retirement-api.json: validated in 3ms
deploy-test	UNKNOWN STEP	2026-10-06T06:18:23.5580951Z 
deploy-test	UNKNOWN STEP	2026-10-06T06:18:23.5581393Z ^[[39m^[[90mvalidating contracts/rest/admin-device-console-api.json...
deploy-test	UNKNOWN STEP	2026-10-06T06:18:23.5628097Z ^[[39m^[[90mcontracts/rest/admin-device-console-api.json: validated in 5ms
deploy-test	UNKNOWN STEP	2026-10-06T06:18:23.5628759Z 
deploy-test	UNKNOWN STEP	2026-10-06T06:18:23.5629526Z ^[[39m^[[90mvalidating contracts/rest/admin-device-assignment-api.json...
deploy-test	UNKNOWN STEP	2026-10-06T06:18:23.5659722Z ^[[39m^[[90mcontracts/rest/admin-device-assignment-api.json: validated in 4ms
deploy-test	UNKNOWN STEP	2026-10-06T06:18:23.5660150Z 
deploy-test	UNKNOWN STEP	2026-10-06T06:18:23.5660451Z ^[[39m^[[90mvalidating contracts/rest/admin-device-api.json...
deploy-test	UNKNOWN STEP	2026-10-06T06:18:23.5700284Z ^[[39m^[[90mcontracts/rest/admin-device-api.json: validated in 5ms
deploy-test	UNKNOWN STEP	2026-10-06T06:18:23.5700608Z 
deploy-test	UNKNOWN STEP	2026-10-06T06:18:23.5701024Z ^[[39m^[[90mvalidating contracts/rest/admin-dashboard-api.json...
deploy-test	UNKNOWN STEP	2026-10-06T06:18:23.5734793Z ^[[39m^[[90mcontracts/rest/admin-dashboard-api.json: validated in 4ms
deploy-test	UNKNOWN STEP	2026-10-06T06:18:23.5735040Z 
deploy-test	UNKNOWN STEP	2026-10-06T06:18:23.5735325Z ^[[39m^[[90mvalidating contracts/rest/admin-customer-api.json...
deploy-test	UNKNOWN STEP	2026-10-06T06:18:23.5771785Z ^[[39m^[[90mcontracts/rest/admin-customer-api.json: validated in 4ms
deploy-test	UNKNOWN STEP	2026-10-06T06:18:23.5772096Z 
deploy-test	UNKNOWN STEP	2026-10-06T06:18:23.5772465Z ^[[39m^[[90mvalidating contracts/rest/admin-contract-device-api.json...
deploy-test	UNKNOWN STEP	2026-10-06T06:18:23.5815873Z ^[[39m^[[90mcontracts/rest/admin-contract-device-api.json: validated in 5ms
deploy-test	UNKNOWN STEP	2026-10-06T06:18:23.5816215Z 
deploy-test	UNKNOWN STEP	2026-10-06T06:18:23.5816511Z ^[[39m^[[90mvalidating contracts/rest/admin-contract-api.json...
deploy-test	UNKNOWN STEP	2026-10-06T06:18:23.5856639Z ^[[39m^[[90mcontracts/rest/admin-contract-api.json: validated in 5ms
deploy-test	UNKNOWN STEP	2026-10-06T06:18:23.5857065Z 
deploy-test	UNKNOWN STEP	2026-10-06T06:18:23.5857328Z ^[[39m^[[90mvalidating contracts/rest/admin-consumable-request-api.json...
deploy-test	UNKNOWN STEP	2026-10-06T06:18:23.5893611Z ^[[39m^[[90mcontracts/rest/admin-consumable-request-api.json: validated in 4ms
deploy-test	UNKNOWN STEP	2026-10-06T06:18:23.5893907Z 
deploy-test	UNKNOWN STEP	2026-10-06T06:18:23.5894414Z ^[[39m^[[90mvalidating contracts/rest/admin-consumable-api.json...
deploy-test	UNKNOWN STEP	2026-10-06T06:18:23.5952907Z ^[[39m^[[90mcontracts/rest/admin-consumable-api.json: validated in 6ms
deploy-test	UNKNOWN STEP	2026-10-06T06:18:23.5953179Z 
deploy-test	UNKNOWN STEP	2026-10-06T06:18:23.5953509Z ^[[39m^[[90mvalidating contracts/rest/admin-configuration-api.json...
deploy-test	UNKNOWN STEP	2026-10-06T06:18:23.5998329Z ^[[39m^[[90mcontracts/rest/admin-configuration-api.json: validated in 5ms
deploy-test	UNKNOWN STEP	2026-10-06T06:18:23.5998932Z 
deploy-test	UNKNOWN STEP	2026-10-06T06:18:23.5999256Z ^[[39m^[[90mvalidating contracts/rest/admin-command-api.json...
deploy-test	UNKNOWN STEP	2026-10-06T06:18:23.6034972Z ^[[39m^[[90mcontracts/rest/admin-command-api.json: validated in 4ms
deploy-test	UNKNOWN STEP	2026-10-06T06:18:23.6035310Z 
deploy-test	UNKNOWN STEP	2026-10-06T06:18:23.6035628Z ^[[39m^[[90mvalidating contracts/rest/admin-certificate-rotation-api.json...
deploy-test	UNKNOWN STEP	2026-10-06T06:18:23.6058146Z ^[[39m^[[90mcontracts/rest/admin-certificate-rotation-api.json: validated in 3ms
deploy-test	UNKNOWN STEP	2026-10-06T06:18:23.6058514Z 
deploy-test	UNKNOWN STEP	2026-10-06T06:18:23.6058782Z ^[[39m^[[90mvalidating contracts/rest/admin-audit-api.json...
deploy-test	UNKNOWN STEP	2026-10-06T06:18:23.6090196Z ^[[39m^[[90mcontracts/rest/admin-audit-api.json: validated in 4ms
deploy-test	UNKNOWN STEP	2026-10-06T06:18:23.6090480Z 
deploy-test	UNKNOWN STEP	2026-10-06T06:18:23.6090818Z ^[[39m^[[90mvalidating contracts/rest/admin-alarm-api.json...
deploy-test	UNKNOWN STEP	2026-10-06T06:18:23.6145073Z ^[[39m^[[90mcontracts/rest/admin-alarm-api.json: validated in 6ms
deploy-test	UNKNOWN STEP	2026-10-06T06:18:23.6145403Z 
deploy-test	UNKNOWN STEP	2026-10-06T06:18:23.6145778Z ^[[39m^[[90mvalidating contracts/rest/openapi.bundle.json...
deploy-test	UNKNOWN STEP	2026-10-06T06:18:23.6750737Z ^[[39m^[[90mcontracts/rest/openapi.bundle.json: validated in 61ms
deploy-test	UNKNOWN STEP	2026-10-06T06:18:23.6751046Z 
deploy-test	UNKNOWN STEP	2026-10-06T06:18:23.6762706Z ^[[39m^[[32mWoohoo! Your API descriptions are valid. 🎉
deploy-test	UNKNOWN STEP	2026-10-06T06:18:23.6763353Z ^[[39m
deploy-test	UNKNOWN STEP	2026-10-06T06:18:24.2621841Z 
deploy-test	UNKNOWN STEP	2026-10-06T06:18:24.2623026Z > food-digester-platform@0.0.0 test /home/runner/work/food-digester-platform/food-digester-platform
deploy-test	UNKNOWN STEP	2026-10-06T06:18:24.2623563Z > vitest run && pnpm test:contracts && pnpm test:scripts
deploy-test	UNKNOWN STEP	2026-10-06T06:18:24.2624211Z 
deploy-test	UNKNOWN STEP	2026-10-06T06:18:24.4715528Z 
deploy-test	UNKNOWN STEP	2026-10-06T06:18:24.4718392Z ^[[1m^[[30m^[[46m RUN ^[[49m^[[39m^[[22m ^[[36mv4.1.11 ^[[39m^[[90m/home/runner/work/food-digester-platform/food-digester-platform^[[39m
deploy-test	UNKNOWN STEP	2026-10-06T06:18:24.4719420Z 
deploy-test	UNKNOWN STEP	2026-10-06T06:18:25.5307335Z Bundling asset TestStack/IngestionFn/Code/Stage...
deploy-test	UNKNOWN STEP	2026-10-06T06:18:26.1179539Z Bundling asset TestStack/ArchiveFn/Code/Stage...
deploy-test	UNKNOWN STEP	2026-10-06T06:18:26.6344399Z Bundling asset TestStack/OutboxPublisherFn/Code/Stage...
deploy-test	UNKNOWN STEP	2026-10-06T06:18:27.4411713Z Bundling asset TestStack/NotificationPublisherFn/Code/Stage...
deploy-test	UNKNOWN STEP	2026-10-06T06:18:28.5333732Z Bundling asset TestStack/SummaryFn/Code/Stage...
deploy-test	UNKNOWN STEP	2026-10-06T06:18:29.3287102Z Bundling asset TestStack/ReplayTriggerPublisherFn/Code/Stage...
deploy-test	UNKNOWN STEP	2026-10-06T06:18:29.9829744Z Bundling asset TestStack/ReplayFn/Code/Stage...
deploy-test	UNKNOWN STEP	2026-10-06T06:18:30.6169355Z Bundling asset TestStack/CertPackageSweeperFn/Code/Stage...
deploy-test	UNKNOWN STEP	2026-10-06T06:18:30.7113599Z  ^[[32m✓^[[39m apps/cloud-api/test/ota-dispatch.test.ts ^[[2m(^[[22m^[[2m16 tests^[[22m^[[2m)^[[22m^[[33m 4587^[[2mms^[[22m^[[39m
deploy-test	UNKNOWN STEP	2026-10-06T06:18:30.7138495Z      ^[[33m^[[2m✓^[[22m^[[39m 成功下发：OTA Topic + CT-03 载荷（schema 校验）+ 15 分钟 URL + NOTIFIED + 历史 + OTA_AVAILABLE + PUBLICATION 归档 ^[[33m 366^[[2mms^[[22m^[[39m
deploy-test	UNKNOWN STEP	2026-10-06T06:18:30.7233488Z  ^[[32m✓^[[39m apps/cloud-api/test/admin-user.test.ts ^[[2m(^[[22m^[[2m31 tests^[[22m^[[2m)^[[22m^[[33m 4582^[[2mms^[[22m^[[39m
deploy-test	UNKNOWN STEP	2026-10-06T06:18:30.7241112Z      ^[[33m^[[2m✓^[[22m^[[39m PlatformSuperAdmin 停用后旧 id Token 不再进入读写路由 ^[[33m 320^[[2mms^[[22m^[[39m
deploy-test	UNKNOWN STEP	2026-10-06T06:18:31.2290517Z Bundling asset TestStack/OnboardingDeadlineFn/Code/Stage...
deploy-test	UNKNOWN STEP	2026-10-06T06:18:31.2411886Z  ^[[32m✓^[[39m apps/admin-web/test/contract-parity.test.ts ^[[2m(^[[22m^[[2m23 tests^[[22m^[[2m)^[[22m^[[32m 20^[[2mms^[[22m^[[39m
deploy-test	UNKNOWN STEP	2026-10-06T06:18:31.9481584Z Bundling asset TestStack/RetirementTimeoutFn/Code/Stage...
deploy-test	UNKNOWN STEP	2026-10-06T06:18:32.7447999Z Bundling asset TestStack/ActivityExportFn/Code/Stage...
deploy-test	UNKNOWN STEP	2026-10-06T06:18:33.8069196Z Bundling asset TestStack/EsgExportFn/Code/Stage...
deploy-test	UNKNOWN STEP	2026-10-06T06:18:34.5289690Z Bundling asset TestStack/CommandPublisherFn/Code/Stage...
deploy-test	UNKNOWN STEP	2026-10-06T06:18:35.2280946Z  ^[[32m✓^[[39m apps/cloud-api/test/admin-device-console.test.ts ^[[2m(^[[22m^[[2m11 tests^[[22m^[[2m)^[[22m^[[33m 3612^[[2mms^[[22m^[[39m
deploy-test	UNKNOWN STEP	2026-10-06T06:18:35.3628382Z Bundling asset TestStack/CommandTimeoutFn/Code/Stage...
deploy-test	UNKNOWN STEP	2026-10-06T06:18:35.9979998Z Bundling asset TestStack/OtaDispatcherFn/Code/Stage...
deploy-test	UNKNOWN STEP	2026-10-06T06:18:36.3920382Z  ^[[32m✓^[[39m apps/cloud-api/test/admin-ota-campaign.test.ts ^[[2m(^[[22m^[[2m14 tests^[[22m^[[2m)^[[22m^[[33m 4354^[[2mms^[[22m^[[39m
deploy-test	UNKNOWN STEP	2026-10-06T06:18:36.6314752Z Bundling asset TestStack/OnboardingApiFn/Code/Stage...
deploy-test	UNKNOWN STEP	2026-10-06T06:18:37.2675420Z Bundling asset TestStack/OnboardingProvisioningFn/Code/Stage...
deploy-test	UNKNOWN STEP	2026-10-06T06:18:37.9950071Z Bundling asset TestStack/DeviceApiFn/Code/Stage...
deploy-test	UNKNOWN STEP	2026-10-06T06:18:38.7088952Z Bundling asset TestStack/ApiFn/Code/Stage...
deploy-test	UNKNOWN STEP	2026-10-06T06:18:42.4838995Z Bundling asset TestStack/IngestionFn/Code/Stage...
deploy-test	UNKNOWN STEP	2026-10-06T06:18:43.1429775Z Bundling asset TestStack/ArchiveFn/Code/Stage...
deploy-test	UNKNOWN STEP	2026-10-06T06:18:43.4787074Z  ^[[32m✓^[[39m apps/admin-web/test/device-manage.test.tsx ^[[2m(^[[22m^[[2m28 tests^[[22m^[[2m)^[[22m^[[33m 6455^[[2mms^[[22m^[[39m
deploy-test	UNKNOWN STEP	2026-10-06T06:18:43.4789599Z    ^[[33m^[[2m✓^[[22m^[[39m 挂起：原因必填；确认后提交原因并回源刷新（操作后历史刷新） ^[[33m 416^[[2mms^[[22m^[[39m
deploy-test	UNKNOWN STEP	2026-10-06T06:18:43.4791342Z    ^[[33m^[[2m✓^[[22m^[[39m 退役：不可恢复警告 + 原因必填；成功后提示等待设备确认 ^[[33m 340^[[2mms^[[22m^[[39m
deploy-test	UNKNOWN STEP	2026-10-06T06:18:43.4792821Z    ^[[33m^[[2m✓^[[22m^[[39m 别名：编辑/保存/清除；超长禁用保存；提交后回源刷新 ^[[33m 451^[[2mms^[[22m^[[39m
deploy-test	UNKNOWN STEP	2026-10-06T06:18:43.4793731Z    ^[[33m^[[2m✓^[[22m^[[39m 别名：空输入保存禁用；超过 64 字符保存禁用 ^[[33m 909^[[2mms^[[22m^[[39m
deploy-test	UNKNOWN STEP	2026-10-06T06:18:43.4794704Z    ^[[33m^[[2m✓^[[22m^[[39m 别名按 Unicode 码点计数并在提交前执行 NFC 规范化 ^[[33m 1456^[[2mms^[[22m^[[39m
deploy-test	UNKNOWN STEP	2026-10-06T06:18:43.4795487Z    ^[[33m^[[2m✓^[[22m^[[39m 分配：站点选项随客户过滤；未选齐禁用提交；成功后回源刷新历史 ^[[33m 399^[[2mms^[[22m^[[39m
deploy-test	UNKNOWN STEP	2026-10-06T06:18:43.4796162Z    ^[[33m^[[2m✓^[[22m^[[39m 分配原因为空时不携带 reason 字段 ^[[33m 401^[[2mms^[[22m^[[39m
deploy-test	UNKNOWN STEP	2026-10-06T06:18:43.5659885Z Bundling asset TestStack/OutboxPublisherFn/Code/Stage...
deploy-test	UNKNOWN STEP	2026-10-06T06:18:44.2400050Z Bundling asset TestStack/NotificationPublisherFn/Code/Stage...
deploy-test	UNKNOWN STEP	2026-10-06T06:18:44.9420508Z Bundling asset TestStack/SummaryFn/Code/Stage...
deploy-test	UNKNOWN STEP	2026-10-06T06:18:45.8984794Z Bundling asset TestStack/ReplayTriggerPublisherFn/Code/Stage...
deploy-test	UNKNOWN STEP	2026-10-06T06:18:46.5701355Z Bundling asset TestStack/ReplayFn/Code/Stage...
deploy-test	UNKNOWN STEP	2026-10-06T06:18:47.2633479Z Bundling asset TestStack/CertPackageSweeperFn/Code/Stage...
deploy-test	UNKNOWN STEP	2026-10-06T06:18:47.3579158Z  ^[[32m✓^[[39m apps/cloud-api/test/media.test.ts ^[[2m(^[[22m^[[2m12 tests^[[22m^[[2m)^[[22m^[[33m 3044^[[2mms^[[22m^[[39m
deploy-test	UNKNOWN STEP	2026-10-06T06:18:47.9265869Z Bundling asset TestStack/OnboardingDeadlineFn/Code/Stage...
deploy-test	UNKNOWN STEP	2026-10-06T06:18:48.7308426Z Bundling asset TestStack/RetirementTimeoutFn/Code/Stage...
deploy-test	UNKNOWN STEP	2026-10-06T06:18:49.5700008Z Bundling asset TestStack/ActivityExportFn/Code/Stage...
deploy-test	UNKNOWN STEP	2026-10-06T06:18:50.2380463Z Bundling asset TestStack/EsgExportFn/Code/Stage...
deploy-test	UNKNOWN STEP	2026-10-06T06:18:50.8789969Z Bundling asset TestStack/CommandPublisherFn/Code/Stage...
deploy-test	UNKNOWN STEP	2026-10-06T06:18:51.0462354Z  ^[[32m✓^[[39m apps/admin-web/test/ota.test.tsx ^[[2m(^[[22m^[[2m19 tests^[[22m^[[2m)^[[22m^[[33m 12997^[[2mms^[[22m^[[39m
deploy-test	UNKNOWN STEP	2026-10-06T06:18:51.0483407Z    ^[[33m^[[2m✓^[[22m^[[39m 包列表：VERIFIED 显示“可发布”徽标；UPLOADED 不可发布；筛选回调 ^[[33m 839^[[2mms^[[22m^[[39m
deploy-test	UNKNOWN STEP	2026-10-06T06:18:51.0484664Z    ^[[33m^[[2m✓^[[22m^[[39m 上传会话：字段级校验阻止非法元数据（sha256 非 hex64 → 提交禁用） ^[[33m 1423^[[2mms^[[22m^[[39m
deploy-test	UNKNOWN STEP	2026-10-06T06:18:51.0485446Z    ^[[33m^[[2m✓^[[22m^[[39m 上传 E2E：创建会话 → 直传 + complete 校验 → VERIFIED 可发布并回源刷新 ^[[33m 2788^[[2mms^[[22m^[[39m
deploy-test	UNKNOWN STEP	2026-10-06T06:18:51.0486331Z    ^[[33m^[[2m✓^[[22m^[[39m 创建 Campaign E2E：VERIFIED 包 + 首批 1 台 → RUNNING/CANARY 提示并回源刷新 ^[[33m 692^[[2mms^[[22m^[[39m
deploy-test	UNKNOWN STEP	2026-10-06T06:18:51.0487056Z    ^[[33m^[[2m✓^[[22m^[[39m 目标状态看板：total 与 8 状态计数渲染；目标列表批次/状态展示 ^[[33m 377^[[2mms^[[22m^[[39m
deploy-test	UNKNOWN STEP	2026-10-06T06:18:51.0488039Z    ^[[33m^[[2m✓^[[22m^[[39m 暂停/恢复/取消：RUNNING→已暂停（不再产生新下发）；PAUSED→恢复；取消需明确确认 ^[[33m 1402^[[2mms^[[22m^[[39m
deploy-test	UNKNOWN STEP	2026-10-06T06:18:51.0489004Z    ^[[33m^[[2m✓^[[22m^[[39m 动作矩阵：终态（COMPLETED/CANCELLED）全部动作禁用；Auditor 无 ota:write 禁用 ^[[33m 388^[[2mms^[[22m^[[39m
deploy-test	UNKNOWN STEP	2026-10-06T06:18:51.0489739Z    ^[[33m^[[2m✓^[[22m^[[39m 扩大批次：普通角色不能审批最终全量；部分选择仍可提交 ^[[33m 942^[[2mms^[[22m^[[39m
deploy-test	UNKNOWN STEP	2026-10-06T06:18:51.0490488Z    ^[[33m^[[2m✓^[[22m^[[39m 扩大批次：最终全量须既有 targets 全部成功并精确确认 ^[[33m 1550^[[2mms^[[22m^[[39m
deploy-test	UNKNOWN STEP	2026-10-06T06:18:51.0491155Z    ^[[33m^[[2m✓^[[22m^[[39m 失败重试：缺省重试全部 FAILED；勾选子集携 targetIds ^[[33m 1450^[[2mms^[[22m^[[39m
deploy-test	UNKNOWN STEP	2026-10-06T06:18:51.0492698Z    ^[[33m^[[2m✓^[[22m^[[39m 目标筛选：状态/批次号经 onApplyTargetFilter 应用 ^[[33m 451^[[2mms^[[22m^[[39m
deploy-test	UNKNOWN STEP	2026-10-06T06:18:51.4241811Z  ^[[32m✓^[[39m apps/cloud-api/test/admin-license.test.ts ^[[2m(^[[22m^[[2m11 tests^[[22m^[[2m)^[[22m^[[33m 3334^[[2mms^[[22m^[[39m
deploy-test	UNKNOWN STEP	2026-10-06T06:18:51.4269633Z      ^[[33m^[[2m✓^[[22m^[[39m 完整链路：每步状态/签名/历史/审计/通知各一次 ^[[33m 348^[[2mms^[[22m^[[39m
deploy-test	UNKNOWN STEP	2026-10-06T06:18:51.5741495Z Bundling asset TestStack/CommandTimeoutFn/Code/Stage...
deploy-test	UNKNOWN STEP	2026-10-06T06:18:52.3673649Z Bundling asset TestStack/OtaDispatcherFn/Code/Stage...
deploy-test	UNKNOWN STEP	2026-10-06T06:18:53.2989495Z Bundling asset TestStack/OnboardingApiFn/Code/Stage...
deploy-test	UNKNOWN STEP	2026-10-06T06:18:54.2580153Z Bundling asset TestStack/OnboardingProvisioningFn/Code/Stage...
deploy-test	UNKNOWN STEP	2026-10-06T06:18:54.7048996Z ^[[90mstderr^[[2m | apps/ingestion-worker/test/ingest-pipeline.test.ts^[[2m > ^[[22m^[[2mcreateIngestionHandler（BE-IOT-02 校验管线）^[[2m > ^[[22m^[[2m单条坏消息不导致整批重复：坏消息进 Quarantine，其余照常处理
deploy-test	UNKNOWN STEP	2026-10-06T06:18:54.7051108Z ^[[22m^[[39mingestion message quarantined {
deploy-test	UNKNOWN STEP	2026-10-06T06:18:54.7052258Z   event: ^[[32m'ingestion.quarantined'^[[39m,
deploy-test	UNKNOWN STEP	2026-10-06T06:18:54.7052966Z   messageId: ^[[32m'sqs-bad'^[[39m,
deploy-test	UNKNOWN STEP	2026-10-06T06:18:54.7053586Z   errorType: ^[[32m'INVALID_JSON'^[[39m,
deploy-test	UNKNOWN STEP	2026-10-06T06:18:54.7054221Z   errorPath: ^[[32m'(root)'^[[39m,
deploy-test	UNKNOWN STEP	2026-10-06T06:18:54.7054857Z   reason: ^[[32m'message body is not valid JSON'^[[39m
deploy-test	UNKNOWN STEP	2026-10-06T06:18:54.7055424Z }
deploy-test	UNKNOWN STEP	2026-10-06T06:18:54.7056337Z 
deploy-test	UNKNOWN STEP	2026-10-06T06:18:54.7158886Z ^[[90mstderr^[[2m | apps/ingestion-worker/test/ingest-pipeline.test.ts^[[2m > ^[[22m^[[2mcreateIngestionHandler（BE-IOT-02 校验管线）^[[2m > ^[[22m^[[2mQuarantine 投递失败只重试当前记录，批次后续记录继续隔离
deploy-test	UNKNOWN STEP	2026-10-06T06:18:54.7160251Z ^[[22m^[[39mingestion message quarantined {
deploy-test	UNKNOWN STEP	2026-10-06T06:18:54.7161110Z   event: ^[[32m'ingestion.quarantined'^[[39m,
deploy-test	UNKNOWN STEP	2026-10-06T06:18:54.7161755Z   messageId: ^[[32m'sqs-quarantine-down'^[[39m,
deploy-test	UNKNOWN STEP	2026-10-06T06:18:54.7162461Z   errorType: ^[[32m'INVALID_JSON'^[[39m,
deploy-test	UNKNOWN STEP	2026-10-06T06:18:54.7163209Z   errorPath: ^[[32m'(root)'^[[39m,
deploy-test	UNKNOWN STEP	2026-10-06T06:18:54.7163848Z   reason: ^[[32m'message body is not valid JSON'^[[39m
deploy-test	UNKNOWN STEP	2026-10-06T06:18:54.7164409Z }
deploy-test	UNKNOWN STEP	2026-10-06T06:18:54.7164624Z 
deploy-test	UNKNOWN STEP	2026-10-06T06:18:54.7165639Z ^[[90mstderr^[[2m | apps/ingestion-worker/test/ingest-pipeline.test.ts^[[2m > ^[[22m^[[2mcreateIngestionHandler（BE-IOT-02 校验管线）^[[2m > ^[[22m^[[2mQuarantine 投递失败只重试当前记录，批次后续记录继续隔离
deploy-test	UNKNOWN STEP	2026-10-06T06:18:54.7166690Z ^[[22m^[[39mingestion message quarantined {
deploy-test	UNKNOWN STEP	2026-10-06T06:18:54.7167268Z   event: ^[[32m'ingestion.quarantined'^[[39m,
deploy-test	UNKNOWN STEP	2026-10-06T06:18:54.7168032Z   messageId: ^[[32m'sqs-quarantine-next'^[[39m,
deploy-test	UNKNOWN STEP	2026-10-06T06:18:54.7168696Z   errorType: ^[[32m'INVALID_JSON'^[[39m,
deploy-test	UNKNOWN STEP	2026-10-06T06:18:54.7169188Z   errorPath: ^[[32m'(root)'^[[39m,
deploy-test	UNKNOWN STEP	2026-10-06T06:18:54.7169799Z   reason: ^[[32m'message body is not valid JSON'^[[39m
deploy-test	UNKNOWN STEP	2026-10-06T06:18:54.7170293Z }
deploy-test	UNKNOWN STEP	2026-10-06T06:18:54.7170511Z 
deploy-test	UNKNOWN STEP	2026-10-06T06:18:54.7304184Z ^[[90mstderr^[[2m | apps/ingestion-worker/test/ingest-pipeline.test.ts^[[2m > ^[[22m^[[2mcreateIngestionHandler（BE-IOT-02 校验管线）^[[2m > ^[[22m^[[2mSchema 违规进 Quarantine（含错误路径）；字段范围由 Schema 覆盖
deploy-test	UNKNOWN STEP	2026-10-06T06:18:54.7358989Z ^[[22m^[[39mingestion message quarantined {
deploy-test	UNKNOWN STEP	2026-10-06T06:18:54.7379608Z   event: ^[[32m'ingestion.quarantined'^[[39m,
deploy-test	UNKNOWN STEP	2026-10-06T06:18:54.7441232Z   messageId: ^[[32m'sqs-1'^[[39m,
deploy-test	UNKNOWN STEP	2026-10-06T06:18:54.7473147Z   errorType: ^[[32m'SCHEMA_VIOLATION'^[[39m,
deploy-test	UNKNOWN STEP	2026-10-06T06:18:54.7501551Z   errorPath: ^[[32m'data.deviceStatus'^[[39m,
deploy-test	UNKNOWN STEP	2026-10-06T06:18:54.7529118Z   reason: ^[[32m'payload violates heartbeat.schema.json: 非法枚举值 "BROKEN"，允许值: ONLINE, DEGRADED, OFFLINE'^[[39m,
deploy-test	UNKNOWN STEP	2026-10-06T06:18:54.7601047Z   iotTopic: ^[[32m'bnx/device/dev-ing-5/heartbeat'^[[39m,
deploy-test	UNKNOWN STEP	2026-10-06T06:18:54.7638544Z   iotDeviceId: ^[[32m'dev-ing-5'^[[39m
deploy-test	UNKNOWN STEP	2026-10-06T06:18:54.7687701Z }
deploy-test	UNKNOWN STEP	2026-10-06T06:18:54.7723824Z 
deploy-test	UNKNOWN STEP	2026-10-06T06:18:54.8336870Z ^[[90mstderr^[[2m | apps/ingestion-worker/test/ingest-pipeline.test.ts^[[2m > ^[[22m^[[2mcreateIngestionHandler（BE-IOT-02 校验管线）^[[2m > ^[[22m^[[2mDEC-013：兼容截止边界起旧格式进入 Quarantine
deploy-test	UNKNOWN STEP	2026-10-06T06:18:54.8369222Z ^[[22m^[[39mingestion message quarantined {
deploy-test	UNKNOWN STEP	2026-10-06T06:18:54.8429258Z   event: ^[[32m'ingestion.quarantined'^[[39m,
deploy-test	UNKNOWN STEP	2026-10-06T06:18:54.8458873Z   messageId: ^[[32m'sqs-expired'^[[39m,
deploy-test	UNKNOWN STEP	2026-10-06T06:18:54.8459457Z   errorType: ^[[32m'SCHEMA_VIOLATION'^[[39m,
deploy-test	UNKNOWN STEP	2026-10-06T06:18:54.8482803Z   errorPath: ^[[32m'data'^[[39m,
deploy-test	UNKNOWN STEP	2026-10-06T06:18:54.8488598Z   reason: ^[[32m'LEGACY_FORMAT_EXPIRED: DEC-013 legacy compatibility expired at 2026-12-03T09:46:26Z'^[[39m,
deploy-test	UNKNOWN STEP	2026-10-06T06:18:54.8518825Z   iotTopic: ^[[32m'bnx/device/dev-ing-8/heartbeat'^[[39m,
deploy-test	UNKNOWN STEP	2026-10-06T06:18:54.8548645Z   iotDeviceId: ^[[32m'dev-ing-8'^[[39m
deploy-test	UNKNOWN STEP	2026-10-06T06:18:54.8549217Z }
deploy-test	UNKNOWN STEP	2026-10-06T06:18:54.8549409Z 
deploy-test	UNKNOWN STEP	2026-10-06T06:18:54.8550557Z ^[[90mstderr^[[2m | apps/ingestion-worker/test/ingest-pipeline.test.ts^[[2m > ^[[22m^[[2mcreateIngestionHandler（BE-IOT-02 校验管线）^[[2m > ^[[22m^[[2mDEC-013：Audited Topic 验证 RFC 8785 audit.hash，不匹配时隔离
deploy-test	UNKNOWN STEP	2026-10-06T06:18:54.8582156Z ^[[22m^[[39mingestion message quarantined {
deploy-test	UNKNOWN STEP	2026-10-06T06:18:54.8625813Z   event: ^[[32m'ingestion.quarantined'^[[39m,
deploy-test	UNKNOWN STEP	2026-10-06T06:18:54.8668509Z   messageId: ^[[32m'sqs-audit-bad'^[[39m,
deploy-test	UNKNOWN STEP	2026-10-06T06:18:54.8726634Z   errorType: ^[[32m'AUDIT_HASH_MISMATCH'^[[39m,
deploy-test	UNKNOWN STEP	2026-10-06T06:18:54.8778597Z   errorPath: ^[[32m'audit.hash'^[[39m,
deploy-test	UNKNOWN STEP	2026-10-06T06:18:54.8808913Z   reason: ^[[32m'audit.hash must equal SHA-256(RFC8785({meta,data}))'^[[39m,
deploy-test	UNKNOWN STEP	2026-10-06T06:18:54.8879027Z   iotTopic: ^[[32m'bnx/device/dev-ing-9/telemetry'^[[39m,
deploy-test	UNKNOWN STEP	2026-10-06T06:18:54.8883362Z   iotDeviceId: ^[[32m'dev-ing-9'^[[39m
deploy-test	UNKNOWN STEP	2026-10-06T06:18:54.8883891Z }
deploy-test	UNKNOWN STEP	2026-10-06T06:18:54.8884145Z 
deploy-test	UNKNOWN STEP	2026-10-06T06:18:54.8885379Z ^[[90mstderr^[[2m | apps/ingestion-worker/test/ingest-pipeline.test.ts^[[2m > ^[[22m^[[2mcreateIngestionHandler（BE-IOT-02 校验管线）^[[2m > ^[[22m^[[2m身份违规进 Quarantine：未知/撤销证书、非审批态 PENDING_CLAIM、Topic 绑定不一致
deploy-test	UNKNOWN STEP	2026-10-06T06:18:54.8886461Z ^[[22m^[[39mingestion message quarantined {
deploy-test	UNKNOWN STEP	2026-10-06T06:18:54.8887001Z   event: ^[[32m'ingestion.quarantined'^[[39m,
deploy-test	UNKNOWN STEP	2026-10-06T06:18:54.8887610Z   messageId: ^[[32m'sqs-unknown'^[[39m,
deploy-test	UNKNOWN STEP	2026-10-06T06:18:54.8888477Z   errorType: ^[[32m'UNKNOWN_DEVICE'^[[39m,
deploy-test	UNKNOWN STEP	2026-10-06T06:18:54.8889054Z   errorPath: ^[[32m'iotPrincipal'^[[39m,
deploy-test	UNKNOWN STEP	2026-10-06T06:18:54.8889666Z   reason: ^[[32m'certificate not registered in device ledger'^[[39m,
deploy-test	UNKNOWN STEP	2026-10-06T06:18:54.8890339Z   iotTopic: ^[[32m'bnx/device/dev-ing-10/heartbeat'^[[39m,
deploy-test	UNKNOWN STEP	2026-10-06T06:18:54.8890967Z   iotDeviceId: ^[[32m'dev-ing-10'^[[39m
deploy-test	UNKNOWN STEP	2026-10-06T06:18:54.8891397Z }
deploy-test	UNKNOWN STEP	2026-10-06T06:18:54.8891618Z 
deploy-test	UNKNOWN STEP	2026-10-06T06:18:54.8892677Z ^[[90mstderr^[[2m | apps/ingestion-worker/test/ingest-pipeline.test.ts^[[2m > ^[[22m^[[2mcreateIngestionHandler（BE-IOT-02 校验管线）^[[2m > ^[[22m^[[2m身份违规进 Quarantine：未知/撤销证书、非审批态 PENDING_CLAIM、Topic 绑定不一致
deploy-test	UNKNOWN STEP	2026-10-06T06:18:54.8893701Z ^[[22m^[[39mingestion message quarantined {
deploy-test	UNKNOWN STEP	2026-10-06T06:18:54.8894295Z   event: ^[[32m'ingestion.quarantined'^[[39m,
deploy-test	UNKNOWN STEP	2026-10-06T06:18:54.8895034Z   messageId: ^[[32m'sqs-revoked'^[[39m,
deploy-test	UNKNOWN STEP	2026-10-06T06:18:54.8895705Z   errorType: ^[[32m'IDENTITY_VIOLATION'^[[39m,
deploy-test	UNKNOWN STEP	2026-10-06T06:18:54.8896382Z   errorPath: ^[[32m'iotPrincipal'^[[39m,
deploy-test	UNKNOWN STEP	2026-10-06T06:18:54.8897189Z   reason: ^[[32m'certificate is neither ACTIVE nor an approved onboarding certificate'^[[39m,
deploy-test	UNKNOWN STEP	2026-10-06T06:18:54.8898148Z   iotTopic: ^[[32m'bnx/device/dev-ing-12/heartbeat'^[[39m,
deploy-test	UNKNOWN STEP	2026-10-06T06:18:54.8898752Z   iotDeviceId: ^[[32m'dev-ing-12'^[[39m
deploy-test	UNKNOWN STEP	2026-10-06T06:18:54.8899614Z }
deploy-test	UNKNOWN STEP	2026-10-06T06:18:54.8899917Z 
deploy-test	UNKNOWN STEP	2026-10-06T06:18:54.8901013Z ^[[90mstderr^[[2m | apps/ingestion-worker/test/ingest-pipeline.test.ts^[[2m > ^[[22m^[[2mcreateIngestionHandler（BE-IOT-02 校验管线）^[[2m > ^[[22m^[[2m身份违规进 Quarantine：未知/撤销证书、非审批态 PENDING_CLAIM、Topic 绑定不一致
deploy-test	UNKNOWN STEP	2026-10-06T06:18:54.8902045Z ^[[22m^[[39mingestion message quarantined {
deploy-test	UNKNOWN STEP	2026-10-06T06:18:54.8902590Z   event: ^[[32m'ingestion.quarantined'^[[39m,
deploy-test	UNKNOWN STEP	2026-10-06T06:18:54.8903177Z   messageId: ^[[32m'sqs-unapproved-pending'^[[39m,
deploy-test	UNKNOWN STEP	2026-10-06T06:18:54.8903796Z   errorType: ^[[32m'IDENTITY_VIOLATION'^[[39m,
deploy-test	UNKNOWN STEP	2026-10-06T06:18:54.8904330Z   errorPath: ^[[32m'iotPrincipal'^[[39m,
deploy-test	UNKNOWN STEP	2026-10-06T06:18:54.8905071Z   reason: ^[[32m'certificate is neither ACTIVE nor an approved onboarding certificate'^[[39m,
deploy-test	UNKNOWN STEP	2026-10-06T06:18:54.8905910Z   iotTopic: ^[[32m'bnx/device/dev-ing-13/heartbeat'^[[39m,
deploy-test	UNKNOWN STEP	2026-10-06T06:18:54.8906448Z   iotDeviceId: ^[[32m'dev-ing-13'^[[39m
deploy-test	UNKNOWN STEP	2026-10-06T06:18:54.8906956Z }
deploy-test	UNKNOWN STEP	2026-10-06T06:18:54.8907174Z 
deploy-test	UNKNOWN STEP	2026-10-06T06:18:54.8908390Z ^[[90mstderr^[[2m | apps/ingestion-worker/test/ingest-pipeline.test.ts^[[2m > ^[[22m^[[2mcreateIngestionHandler（BE-IOT-02 校验管线）^[[2m > ^[[22m^[[2m身份违规进 Quarantine：未知/撤销证书、非审批态 PENDING_CLAIM、Topic 绑定不一致
deploy-test	UNKNOWN STEP	2026-10-06T06:18:54.8909444Z ^[[22m^[[39mingestion message quarantined {
deploy-test	UNKNOWN STEP	2026-10-06T06:18:54.8909967Z   event: ^[[32m'ingestion.quarantined'^[[39m,
deploy-test	UNKNOWN STEP	2026-10-06T06:18:54.8910464Z   messageId: ^[[32m'sqs-mismatch'^[[39m,
deploy-test	UNKNOWN STEP	2026-10-06T06:18:54.8911125Z   errorType: ^[[32m'IDENTITY_VIOLATION'^[[39m,
deploy-test	UNKNOWN STEP	2026-10-06T06:18:54.8911637Z   errorPath: ^[[32m'iotDeviceId'^[[39m,
deploy-test	UNKNOWN STEP	2026-10-06T06:18:54.8912282Z   reason: ^[[32m'topic device does not match certificate binding'^[[39m,
deploy-test	UNKNOWN STEP	2026-10-06T06:18:54.8912928Z   iotTopic: ^[[32m'bnx/device/dev-ing-11/heartbeat'^[[39m,
deploy-test	UNKNOWN STEP	2026-10-06T06:18:54.8913492Z   iotDeviceId: ^[[32m'dev-ing-11'^[[39m
deploy-test	UNKNOWN STEP	2026-10-06T06:18:54.8913963Z }
deploy-test	UNKNOWN STEP	2026-10-06T06:18:54.8914162Z 
deploy-test	UNKNOWN STEP	2026-10-06T06:18:54.8932010Z ^[[90mstderr^[[2m | apps/ingestion-worker/test/ingest-pipeline.test.ts^[[2m > ^[[22m^[[2mcreateIngestionHandler（BE-IOT-02 校验管线）^[[2m > ^[[22m^[[2mRetired 设备即使证书仍 ACTIVE，八类业务 MQTT 也全部失败关闭
deploy-test	UNKNOWN STEP	2026-10-06T06:18:54.8933118Z ^[[22m^[[39mingestion message quarantined {
deploy-test	UNKNOWN STEP	2026-10-06T06:18:54.8933658Z   event: ^[[32m'ingestion.quarantined'^[[39m,
deploy-test	UNKNOWN STEP	2026-10-06T06:18:54.8934256Z   messageId: ^[[32m'sqs-retired-heartbeat'^[[39m,
deploy-test	UNKNOWN STEP	2026-10-06T06:18:54.8934841Z   errorType: ^[[32m'IDENTITY_VIOLATION'^[[39m,
deploy-test	UNKNOWN STEP	2026-10-06T06:18:54.8935363Z   errorPath: ^[[32m'iotDeviceId'^[[39m,
deploy-test	UNKNOWN STEP	2026-10-06T06:18:54.8935951Z   reason: ^[[32m'retired device business MQTT is disabled'^[[39m,
deploy-test	UNKNOWN STEP	2026-10-06T06:18:54.8936602Z   iotTopic: ^[[32m'bnx/device/dev-ing-14/heartbeat'^[[39m,
deploy-test	UNKNOWN STEP	2026-10-06T06:18:54.8937191Z   iotDeviceId: ^[[32m'dev-ing-14'^[[39m
deploy-test	UNKNOWN STEP	2026-10-06T06:18:54.8937595Z }
deploy-test	UNKNOWN STEP	2026-10-06T06:18:54.8938140Z 
deploy-test	UNKNOWN STEP	2026-10-06T06:18:54.8957449Z ^[[90mstderr^[[2m | apps/ingestion-worker/test/ingest-pipeline.test.ts^[[2m > ^[[22m^[[2mcreateIngestionHandler（BE-IOT-02 校验管线）^[[2m > ^[[22m^[[2mRetired 设备即使证书仍 ACTIVE，八类业务 MQTT 也全部失败关闭
deploy-test	UNKNOWN STEP	2026-10-06T06:18:54.8958734Z ^[[22m^[[39mingestion message quarantined {
deploy-test	UNKNOWN STEP	2026-10-06T06:18:54.8959348Z   event: ^[[32m'ingestion.quarantined'^[[39m,
deploy-test	UNKNOWN STEP	2026-10-06T06:18:54.8959949Z   messageId: ^[[32m'sqs-retired-telemetry'^[[39m,
deploy-test	UNKNOWN STEP	2026-10-06T06:18:54.8960496Z   errorType: ^[[32m'IDENTITY_VIOLATION'^[[39m,
deploy-test	UNKNOWN STEP	2026-10-06T06:18:54.8961046Z   errorPath: ^[[32m'iotDeviceId'^[[39m,
deploy-test	UNKNOWN STEP	2026-10-06T06:18:54.8961621Z   reason: ^[[32m'retired device business MQTT is disabled'^[[39m,
deploy-test	UNKNOWN STEP	2026-10-06T06:18:54.8962325Z   iotTopic: ^[[32m'bnx/device/dev-ing-14/telemetry'^[[39m,
deploy-test	UNKNOWN STEP	2026-10-06T06:18:54.8963025Z   iotDeviceId: ^[[32m'dev-ing-14'^[[39m
deploy-test	UNKNOWN STEP	2026-10-06T06:18:54.8963566Z }
deploy-test	UNKNOWN STEP	2026-10-06T06:18:54.8964014Z 
deploy-test	UNKNOWN STEP	2026-10-06T06:18:54.8980678Z ^[[90mstderr^[[2m | apps/ingestion-worker/test/ingest-pipeline.test.ts^[[2m > ^[[22m^[[2mcreateIngestionHandler（BE-IOT-02 校验管线）^[[2m > ^[[22m^[[2mRetired 设备即使证书仍 ACTIVE，八类业务 MQTT 也全部失败关闭
deploy-test	UNKNOWN STEP	2026-10-06T06:18:54.8981786Z ^[[22m^[[39mingestion message quarantined {
deploy-test	UNKNOWN STEP	2026-10-06T06:18:54.8982511Z   event: ^[[32m'ingestion.quarantined'^[[39m,
deploy-test	UNKNOWN STEP	2026-10-06T06:18:54.8983338Z   messageId: ^[[32m'sqs-retired-report'^[[39m,
deploy-test	UNKNOWN STEP	2026-10-06T06:18:54.8984471Z   errorType: ^[[32m'IDENTITY_VIOLATION'^[[39m,
deploy-test	UNKNOWN STEP	2026-10-06T06:18:54.8985040Z   errorPath: ^[[32m'iotDeviceId'^[[39m,
deploy-test	UNKNOWN STEP	2026-10-06T06:18:54.8985682Z   reason: ^[[32m'retired device business MQTT is disabled'^[[39m,
deploy-test	UNKNOWN STEP	2026-10-06T06:18:54.8986317Z   iotTopic: ^[[32m'bnx/device/dev-ing-14/report'^[[39m,
deploy-test	UNKNOWN STEP	2026-10-06T06:18:54.8986870Z   iotDeviceId: ^[[32m'dev-ing-14'^[[39m
deploy-test	UNKNOWN STEP	2026-10-06T06:18:54.8987486Z }
deploy-test	UNKNOWN STEP	2026-10-06T06:18:54.8987728Z 
deploy-test	UNKNOWN STEP	2026-10-06T06:18:54.9010431Z ^[[90mstderr^[[2m | apps/ingestion-worker/test/ingest-pipeline.test.ts^[[2m > ^[[22m^[[2mcreateIngestionHandler（BE-IOT-02 校验管线）^[[2m > ^[[22m^[[2mRetired 设备即使证书仍 ACTIVE，八类业务 MQTT 也全部失败关闭
deploy-test	UNKNOWN STEP	2026-10-06T06:18:54.9011494Z ^[[22m^[[39mingestion message quarantined {
deploy-test	UNKNOWN STEP	2026-10-06T06:18:54.9012032Z   event: ^[[32m'ingestion.quarantined'^[[39m,
deploy-test	UNKNOWN STEP	2026-10-06T06:18:54.9012827Z   messageId: ^[[32m'sqs-retired-alarm'^[[39m,
deploy-test	UNKNOWN STEP	2026-10-06T06:18:54.9013366Z   errorType: ^[[32m'IDENTITY_VIOLATION'^[[39m,
deploy-test	UNKNOWN STEP	2026-10-06T06:18:54.9014370Z   errorPath: ^[[32m'iotDeviceId'^[[39m,
deploy-test	UNKNOWN STEP	2026-10-06T06:18:54.9015044Z   reason: ^[[32m'retired device business MQTT is disabled'^[[39m,
deploy-test	UNKNOWN STEP	2026-10-06T06:18:54.9015689Z   iotTopic: ^[[32m'bnx/device/dev-ing-14/alarm'^[[39m,
deploy-test	UNKNOWN STEP	2026-10-06T06:18:54.9016231Z   iotDeviceId: ^[[32m'dev-ing-14'^[[39m
deploy-test	UNKNOWN STEP	2026-10-06T06:18:54.9016705Z }
deploy-test	UNKNOWN STEP	2026-10-06T06:18:54.9016928Z 
deploy-test	UNKNOWN STEP	2026-10-06T06:18:54.9055725Z ^[[90mstderr^[[2m | apps/ingestion-worker/test/ingest-pipeline.test.ts^[[2m > ^[[22m^[[2mcreateIngestionHandler（BE-IOT-02 校验管线）^[[2m > ^[[22m^[[2mRetired 设备即使证书仍 ACTIVE，八类业务 MQTT 也全部失败关闭
deploy-test	UNKNOWN STEP	2026-10-06T06:18:54.9056786Z ^[[22m^[[39mingestion message quarantined {
deploy-test	UNKNOWN STEP	2026-10-06T06:18:54.9058126Z   event: ^[[32m'ingestion.quarantined'^[[39m,
deploy-test	UNKNOWN STEP	2026-10-06T06:18:54.9058937Z   messageId: ^[[32m'sqs-retired-event'^[[39m,
deploy-test	UNKNOWN STEP	2026-10-06T06:18:54.9088780Z   errorType: ^[[32m'IDENTITY_VIOLATION'^[[39m,
deploy-test	UNKNOWN STEP	2026-10-06T06:18:54.9091982Z   errorPath: ^[[32m'iotDeviceId'^[[39m,
deploy-test	UNKNOWN STEP	2026-10-06T06:18:54.9092602Z   reason: ^[[32m'retired device business MQTT is disabled'^[[39m,
deploy-test	UNKNOWN STEP	2026-10-06T06:18:54.9093227Z   iotTopic: ^[[32m'bnx/device/dev-ing-14/event'^[[39m,
deploy-test	UNKNOWN STEP	2026-10-06T06:18:54.9093812Z   iotDeviceId: ^[[32m'dev-ing-14'^[[39m
deploy-test	UNKNOWN STEP	2026-10-06T06:18:54.9094225Z }
deploy-test	UNKNOWN STEP	2026-10-06T06:18:54.9094624Z 
deploy-test	UNKNOWN STEP	2026-10-06T06:18:54.9095688Z ^[[90mstderr^[[2m | apps/ingestion-worker/test/ingest-pipeline.test.ts^[[2m > ^[[22m^[[2mcreateIngestionHandler（BE-IOT-02 校验管线）^[[2m > ^[[22m^[[2mRetired 设备即使证书仍 ACTIVE，八类业务 MQTT 也全部失败关闭
deploy-test	UNKNOWN STEP	2026-10-06T06:18:54.9096656Z ^[[22m^[[39mingestion message quarantined {
deploy-test	UNKNOWN STEP	2026-10-06T06:18:54.9097235Z   event: ^[[32m'ingestion.quarantined'^[[39m,
deploy-test	UNKNOWN STEP	2026-10-06T06:18:54.9097971Z   messageId: ^[[32m'sqs-retired-ack'^[[39m,
deploy-test	UNKNOWN STEP	2026-10-06T06:18:54.9098513Z   errorType: ^[[32m'IDENTITY_VIOLATION'^[[39m,
deploy-test	UNKNOWN STEP	2026-10-06T06:18:54.9099086Z   errorPath: ^[[32m'iotDeviceId'^[[39m,
deploy-test	UNKNOWN STEP	2026-10-06T06:18:54.9099660Z   reason: ^[[32m'retired device business MQTT is disabled'^[[39m,
deploy-test	UNKNOWN STEP	2026-10-06T06:18:54.9100343Z   iotTopic: ^[[32m'bnx/device/dev-ing-14/ack'^[[39m,
deploy-test	UNKNOWN STEP	2026-10-06T06:18:54.9100875Z   iotDeviceId: ^[[32m'dev-ing-14'^[[39m
deploy-test	UNKNOWN STEP	2026-10-06T06:18:54.9101285Z }
deploy-test	UNKNOWN STEP	2026-10-06T06:18:54.9101745Z 
deploy-test	UNKNOWN STEP	2026-10-06T06:18:54.9113970Z ^[[90mstderr^[[2m | apps/ingestion-worker/test/ingest-pipeline.test.ts^[[2m > ^[[22m^[[2mcreateIngestionHandler（BE-IOT-02 校验管线）^[[2m > ^[[22m^[[2mRetired 设备即使证书仍 ACTIVE，八类业务 MQTT 也全部失败关闭
deploy-test	UNKNOWN STEP	2026-10-06T06:18:54.9129067Z ^[[22m^[[39mingestion message quarantined {
deploy-test	UNKNOWN STEP	2026-10-06T06:18:54.9129694Z   event: ^[[32m'ingestion.quarantined'^[[39m,
deploy-test	UNKNOWN STEP	2026-10-06T06:18:54.9130282Z   messageId: ^[[32m'sqs-retired-tamper'^[[39m,
deploy-test	UNKNOWN STEP	2026-10-06T06:18:54.9131041Z   errorType: ^[[32m'IDENTITY_VIOLATION'^[[39m,
deploy-test	UNKNOWN STEP	2026-10-06T06:18:54.9131619Z   errorPath: ^[[32m'iotDeviceId'^[[39m,
deploy-test	UNKNOWN STEP	2026-10-06T06:18:54.9132192Z   reason: ^[[32m'retired device business MQTT is disabled'^[[39m,
deploy-test	UNKNOWN STEP	2026-10-06T06:18:54.9132778Z   iotTopic: ^[[32m'bnx/device/dev-ing-14/tamper'^[[39m,
deploy-test	UNKNOWN STEP	2026-10-06T06:18:54.9133328Z   iotDeviceId: ^[[32m'dev-ing-14'^[[39m
deploy-test	UNKNOWN STEP	2026-10-06T06:18:54.9133744Z }
deploy-test	UNKNOWN STEP	2026-10-06T06:18:54.9133978Z 
deploy-test	UNKNOWN STEP	2026-10-06T06:18:54.9148424Z ^[[90mstderr^[[2m | apps/ingestion-worker/test/ingest-pipeline.test.ts^[[2m > ^[[22m^[[2mcreateIngestionHandler（BE-IOT-02 校验管线）^[[2m > ^[[22m^[[2mRetired 设备即使证书仍 ACTIVE，八类业务 MQTT 也全部失败关闭
deploy-test	UNKNOWN STEP	2026-10-06T06:18:54.9150002Z ^[[22m^[[39mingestion message quarantined {
deploy-test	UNKNOWN STEP	2026-10-06T06:18:54.9150544Z   event: ^[[32m'ingestion.quarantined'^[[39m,
deploy-test	UNKNOWN STEP	2026-10-06T06:18:54.9151139Z   messageId: ^[[32m'sqs-retired-media'^[[39m,
deploy-test	UNKNOWN STEP	2026-10-06T06:18:54.9151674Z   errorType: ^[[32m'IDENTITY_VIOLATION'^[[39m,
deploy-test	UNKNOWN STEP	2026-10-06T06:18:54.9152174Z   errorPath: ^[[32m'iotDeviceId'^[[39m,
deploy-test	UNKNOWN STEP	2026-10-06T06:18:54.9152868Z   reason: ^[[32m'retired device business MQTT is disabled'^[[39m,
deploy-test	UNKNOWN STEP	2026-10-06T06:18:54.9153564Z   iotTopic: ^[[32m'bnx/device/dev-ing-14/media'^[[39m,
deploy-test	UNKNOWN STEP	2026-10-06T06:18:54.9154196Z   iotDeviceId: ^[[32m'dev-ing-14'^[[39m
deploy-test	UNKNOWN STEP	2026-10-06T06:18:54.9154712Z }
deploy-test	UNKNOWN STEP	2026-10-06T06:18:54.9154901Z 
deploy-test	UNKNOWN STEP	2026-10-06T06:18:54.9257615Z ^[[90mstderr^[[2m | apps/ingestion-worker/test/ingest-pipeline.test.ts^[[2m > ^[[22m^[[2mcreateIngestionHandler（BE-IOT-02 校验管线）^[[2m > ^[[22m^[[2m时钟偏差超阈值进 Quarantine（CLOCK_SKEW，路径 meta.ts）
deploy-test	UNKNOWN STEP	2026-10-06T06:18:54.9288696Z ^[[22m^[[39mingestion message quarantined {
deploy-test	UNKNOWN STEP	2026-10-06T06:18:54.9328897Z   event: ^[[32m'ingestion.quarantined'^[[39m,
deploy-test	UNKNOWN STEP	2026-10-06T06:18:54.9329506Z   messageId: ^[[32m'sqs-1'^[[39m,
deploy-test	UNKNOWN STEP	2026-10-06T06:18:54.9378658Z   errorType: ^[[32m'CLOCK_SKEW'^[[39m,
deploy-test	UNKNOWN STEP	2026-10-06T06:18:54.9379199Z   errorPath: ^[[32m'meta.ts'^[[39m,
deploy-test	UNKNOWN STEP	2026-10-06T06:18:54.9439020Z   reason: ^[[32m'device timestamp outside allowed window: skew 3600s, past 300s, future 300s'^[[39m,
deploy-test	UNKNOWN STEP	2026-10-06T06:18:54.9460997Z   iotTopic: ^[[32m'bnx/device/dev-ing-15/heartbeat'^[[39m,
deploy-test	UNKNOWN STEP	2026-10-06T06:18:54.9469874Z   iotDeviceId: ^[[32m'dev-ing-15'^[[39m
deploy-test	UNKNOWN STEP	2026-10-06T06:18:54.9504382Z }
deploy-test	UNKNOWN STEP	2026-10-06T06:18:54.9525229Z 
deploy-test	UNKNOWN STEP	2026-10-06T06:18:54.9544944Z ^[[90mstderr^[[2m | apps/ingestion-worker/test/ingest-pipeline.test.ts^[[2m > ^[[22m^[[2mcreateIngestionHandler（BE-IOT-02 校验管线）^[[2m > ^[[22m^[[2mEnvelope 失败关闭：字段缺失、Topic 上下文不一致及额外 iot* 字段均隔离
deploy-test	UNKNOWN STEP	2026-10-06T06:18:54.9554568Z ^[[22m^[[39mingestion message quarantined {
deploy-test	UNKNOWN STEP	2026-10-06T06:18:54.9558966Z   event: ^[[32m'ingestion.quarantined'^[[39m,
deploy-test	UNKNOWN STEP	2026-10-06T06:18:54.9562860Z   messageId: ^[[32m'sqs-missing'^[[39m,
deploy-test	UNKNOWN STEP	2026-10-06T06:18:54.9563553Z   errorType: ^[[32m'INVALID_ENVELOPE'^[[39m,
deploy-test	UNKNOWN STEP	2026-10-06T06:18:54.9564168Z   errorPath: ^[[32m'iotPrincipal'^[[39m,
deploy-test	UNKNOWN STEP	2026-10-06T06:18:54.9564652Z   reason: ^[[32m'iotPrincipal missing'^[[39m
deploy-test	UNKNOWN STEP	2026-10-06T06:18:54.9565068Z }
deploy-test	UNKNOWN STEP	2026-10-06T06:18:54.9565283Z 
deploy-test	UNKNOWN STEP	2026-10-06T06:18:54.9566225Z ^[[90mstderr^[[2m | apps/ingestion-worker/test/ingest-pipeline.test.ts^[[2m > ^[[22m^[[2mcreateIngestionHandler（BE-IOT-02 校验管线）^[[2m > ^[[22m^[[2mEnvelope 失败关闭：字段缺失、Topic 上下文不一致及额外 iot* 字段均隔离
deploy-test	UNKNOWN STEP	2026-10-06T06:18:54.9567107Z ^[[22m^[[39mingestion message quarantined {
deploy-test	UNKNOWN STEP	2026-10-06T06:18:54.9567564Z   event: ^[[32m'ingestion.quarantined'^[[39m,
deploy-test	UNKNOWN STEP	2026-10-06T06:18:54.9568273Z   messageId: ^[[32m'sqs-mismatch'^[[39m,
deploy-test	UNKNOWN STEP	2026-10-06T06:18:54.9568714Z   errorType: ^[[32m'INVALID_ENVELOPE'^[[39m,
deploy-test	UNKNOWN STEP	2026-10-06T06:18:54.9569132Z   errorPath: ^[[32m'iotType'^[[39m,
deploy-test	UNKNOWN STEP	2026-10-06T06:18:54.9569745Z   reason: ^[[32m'iotType missing or inconsistent with iotTopic'^[[39m
deploy-test	UNKNOWN STEP	2026-10-06T06:18:54.9570167Z }
deploy-test	UNKNOWN STEP	2026-10-06T06:18:54.9570385Z 
deploy-test	UNKNOWN STEP	2026-10-06T06:18:54.9571545Z ^[[90mstderr^[[2m | apps/ingestion-worker/test/ingest-pipeline.test.ts^[[2m > ^[[22m^[[2mcreateIngestionHandler（BE-IOT-02 校验管线）^[[2m > ^[[22m^[[2mEnvelope 失败关闭：字段缺失、Topic 上下文不一致及额外 iot* 字段均隔离
deploy-test	UNKNOWN STEP	2026-10-06T06:18:54.9572421Z ^[[22m^[[39mingestion message quarantined {
deploy-test	UNKNOWN STEP	2026-10-06T06:18:54.9572896Z   event: ^[[32m'ingestion.quarantined'^[[39m,
deploy-test	UNKNOWN STEP	2026-10-06T06:18:54.9573403Z   messageId: ^[[32m'sqs-device-mismatch'^[[39m,
deploy-test	UNKNOWN STEP	2026-10-06T06:18:54.9573840Z   errorType: ^[[32m'INVALID_ENVELOPE'^[[39m,
deploy-test	UNKNOWN STEP	2026-10-06T06:18:54.9574336Z   errorPath: ^[[32m'iotDeviceId'^[[39m,
deploy-test	UNKNOWN STEP	2026-10-06T06:18:54.9574893Z   reason: ^[[32m'iotDeviceId is inconsistent with iotTopic'^[[39m
deploy-test	UNKNOWN STEP	2026-10-06T06:18:54.9575363Z }
deploy-test	UNKNOWN STEP	2026-10-06T06:18:54.9575583Z 
deploy-test	UNKNOWN STEP	2026-10-06T06:18:54.9576506Z ^[[90mstderr^[[2m | apps/ingestion-worker/test/ingest-pipeline.test.ts^[[2m > ^[[22m^[[2mcreateIngestionHandler（BE-IOT-02 校验管线）^[[2m > ^[[22m^[[2mEnvelope 失败关闭：字段缺失、Topic 上下文不一致及额外 iot* 字段均隔离
deploy-test	UNKNOWN STEP	2026-10-06T06:18:54.9577738Z  ^[[32m✓^[[39m apps/ingestion-worker/test/ingest-pipeline.test.ts ^[[2m(^[[22m^[[2m15 tests^[[22m^[[2m)^[[22m^[[33m 3362^[[2mms^[[22m^[[39m
deploy-test	UNKNOWN STEP	2026-10-06T06:18:54.9578731Z ^[[22m^[[39mingestion message quarantined {
deploy-test	UNKNOWN STEP	2026-10-06T06:18:54.9579309Z   event: ^[[32m'ingestion.quarantined'^[[39m,
deploy-test	UNKNOWN STEP	2026-10-06T06:18:54.9579843Z   messageId: ^[[32m'sqs-extra-iot'^[[39m,
deploy-test	UNKNOWN STEP	2026-10-06T06:18:54.9580349Z   errorType: ^[[32m'SCHEMA_VIOLATION'^[[39m,
deploy-test	UNKNOWN STEP	2026-10-06T06:18:54.9580853Z   errorPath: ^[[32m'(root)'^[[39m,
deploy-test	UNKNOWN STEP	2026-10-06T06:18:54.9581497Z   reason: ^[[32m'payload violates heartbeat.schema.json: 不允许的额外字段 iotSpoofedContext'^[[39m,
deploy-test	UNKNOWN STEP	2026-10-06T06:18:54.9582197Z   iotTopic: ^[[32m'bnx/device/dev-ing-17/heartbeat'^[[39m,
deploy-test	UNKNOWN STEP	2026-10-06T06:18:54.9582723Z   iotDeviceId: ^[[32m'dev-ing-17'^[[39m
deploy-test	UNKNOWN STEP	2026-10-06T06:18:54.9583328Z }
deploy-test	UNKNOWN STEP	2026-10-06T06:18:54.9583549Z 
deploy-test	UNKNOWN STEP	2026-10-06T06:18:55.0899663Z Bundling asset TestStack/DeviceApiFn/Code/Stage...
deploy-test	UNKNOWN STEP	2026-10-06T06:18:55.8549653Z Bundling asset TestStack/ApiFn/Code/Stage...
deploy-test	UNKNOWN STEP	2026-10-06T06:18:56.3451058Z  ^[[32m✓^[[39m apps/cloud-api/test/device-sync.test.ts ^[[2m(^[[22m^[[2m13 tests^[[22m^[[2m)^[[22m^[[33m 3807^[[2mms^[[22m^[[39m
deploy-test	UNKNOWN STEP	2026-10-06T06:18:56.3480137Z      ^[[33m^[[2m✓^[[22m^[[39m 六域齐备：Assignment/Alias/License+签名/Device Users+验证材料/Configuration/Operational Status ^[[33m 316^[[2mms^[[22m^[[39m
deploy-test	UNKNOWN STEP	2026-10-06T06:18:58.1834129Z Bundling asset TestStack/IngestionFn/Code/Stage...
deploy-test	UNKNOWN STEP	2026-10-06T06:18:59.1430061Z Bundling asset TestStack/ArchiveFn/Code/Stage...
deploy-test	UNKNOWN STEP	2026-10-06T06:18:59.5940157Z Bundling asset TestStack/OutboxPublisherFn/Code/Stage...
deploy-test	UNKNOWN STEP	2026-10-06T06:19:00.1982544Z  ^[[32m✓^[[39m apps/cloud-api/test/admin-ota-package.test.ts ^[[2m(^[[22m^[[2m13 tests^[[22m^[[2m)^[[22m^[[33m 3106^[[2mms^[[22m^[[39m
deploy-test	UNKNOWN STEP	2026-10-06T06:19:00.3195924Z Bundling asset TestStack/NotificationPublisherFn/Code/Stage...
deploy-test	UNKNOWN STEP	2026-10-06T06:19:00.9160499Z Bundling asset TestStack/SummaryFn/Code/Stage...
deploy-test	UNKNOWN STEP	2026-10-06T06:19:01.5753943Z Bundling asset TestStack/ReplayTriggerPublisherFn/Code/Stage...
deploy-test	UNKNOWN STEP	2026-10-06T06:19:02.4169761Z Bundling asset TestStack/ReplayFn/Code/Stage...
deploy-test	UNKNOWN STEP	2026-10-06T06:19:03.1253834Z Bundling asset TestStack/CertPackageSweeperFn/Code/Stage...
deploy-test	UNKNOWN STEP	2026-10-06T06:19:03.7760980Z  ^[[32m✓^[[39m apps/admin-web/test/contracts.test.tsx ^[[2m(^[[22m^[[2m11 tests^[[22m^[[2m)^[[22m^[[33m 7001^[[2mms^[[22m^[[39m
deploy-test	UNKNOWN STEP	2026-10-06T06:19:03.7804039Z    ^[[33m^[[2m✓^[[22m^[[39m 列表：客户名解析、设备计数、服务期限、派生状态标签、筛选回调 ^[[33m 910^[[2mms^[[22m^[[39m
deploy-test	UNKNOWN STEP	2026-10-06T06:19:03.7809324Z    ^[[33m^[[2m✓^[[22m^[[39m 新建：创建 DRAFT（不自动激活 License）→ eligible 设备两步关联 ^[[33m 1127^[[2mms^[[22m^[[39m
deploy-test	UNKNOWN STEP	2026-10-06T06:19:03.7839732Z    ^[[33m^[[2m✓^[[22m^[[39m 新建：编号重复 409 → 明确错误呈现 ^[[33m 399^[[2mms^[[22m^[[39m
deploy-test	UNKNOWN STEP	2026-10-06T06:19:03.7900030Z    ^[[33m^[[2m✓^[[22m^[[39m 详情：编辑携带 version（If-Match）+ 强制原因；EFFECTIVE 不可改有效期 ^[[33m 734^[[2mms^[[22m^[[39m
deploy-test	UNKNOWN STEP	2026-10-06T06:19:03.7901322Z    ^[[33m^[[2m✓^[[22m^[[39m 详情：续约校验（newEndAt 须晚于当前）+ 提交；激活/终止强制原因确认 ^[[33m 1435^[[2mms^[[22m^[[39m
deploy-test	UNKNOWN STEP	2026-10-06T06:19:03.7902635Z    ^[[33m^[[2m✓^[[22m^[[39m 详情：绑定 eligible 设备（重叠租期 409 呈现）；解绑不撤销 License（License 展示不变） ^[[33m 1835^[[2mms^[[22m^[[39m
deploy-test	UNKNOWN STEP	2026-10-06T06:19:03.8149538Z Bundling asset TestStack/OnboardingDeadlineFn/Code/Stage...
deploy-test	UNKNOWN STEP	2026-10-06T06:19:04.5096486Z Bundling asset TestStack/RetirementTimeoutFn/Code/Stage...
deploy-test	UNKNOWN STEP	2026-10-06T06:19:05.1318149Z  ^[[32m✓^[[39m apps/cloud-api/test/admin-device-user.test.ts ^[[2m(^[[22m^[[2m8 tests^[[22m^[[2m)^[[22m^[[33m 4087^[[2mms^[[22m^[[39m
deploy-test	UNKNOWN STEP	2026-10-06T06:19:05.1323208Z      ^[[33m^[[2m✓^[[22m^[[39m 仅匹配具有目标设备 ACTIVE 分配的设备操作员 ^[[33m 401^[[2mms^[[22m^[[39m
deploy-test	UNKNOWN STEP	2026-10-06T06:19:05.1324555Z      ^[[33m^[[2m✓^[[22m^[[39m CustomerAdmin 只能管理自身 Customer；跨 Customer 404；未认证 401；Viewer 写 403 ^[[33m 325^[[2mms^[[22m^[[39m
deploy-test	UNKNOWN STEP	2026-10-06T06:19:05.2449400Z Bundling asset TestStack/ActivityExportFn/Code/Stage...
deploy-test	UNKNOWN STEP	2026-10-06T06:19:06.1119808Z Bundling asset TestStack/EsgExportFn/Code/Stage...
deploy-test	UNKNOWN STEP	2026-10-06T06:19:06.8806694Z Bundling asset TestStack/CommandPublisherFn/Code/Stage...
deploy-test	UNKNOWN STEP	2026-10-06T06:19:07.8470131Z Bundling asset TestStack/CommandTimeoutFn/Code/Stage...
deploy-test	UNKNOWN STEP	2026-10-06T06:19:08.0526119Z  ^[[32m✓^[[39m apps/cloud-api/test/admin-dashboard.test.ts ^[[2m(^[[22m^[[2m8 tests^[[22m^[[2m)^[[22m^[[33m 3487^[[2mms^[[22m^[[39m
deploy-test	UNKNOWN STEP	2026-10-06T06:19:08.5424845Z Bundling asset TestStack/OtaDispatcherFn/Code/Stage...
deploy-test	UNKNOWN STEP	2026-10-06T06:19:09.3520748Z Bundling asset TestStack/OnboardingApiFn/Code/Stage...
deploy-test	UNKNOWN STEP	2026-10-06T06:19:09.4916505Z  ^[[32m✓^[[39m apps/cloud-api/test/admin-configuration.test.ts ^[[2m(^[[22m^[[2m9 tests^[[22m^[[2m)^[[22m^[[33m 3356^[[2mms^[[22m^[[39m
deploy-test	UNKNOWN STEP	2026-10-06T06:19:10.2279761Z Bundling asset TestStack/OnboardingProvisioningFn/Code/Stage...
deploy-test	UNKNOWN STEP	2026-10-06T06:19:11.2452769Z Bundling asset TestStack/DeviceApiFn/Code/Stage...
deploy-test	UNKNOWN STEP	2026-10-06T06:19:12.2080277Z Bundling asset TestStack/ApiFn/Code/Stage...
deploy-test	UNKNOWN STEP	2026-10-06T06:19:12.5854562Z  ^[[32m✓^[[39m apps/cloud-api/test/admin-site.test.ts ^[[2m(^[[22m^[[2m13 tests^[[22m^[[2m)^[[22m^[[33m 3620^[[2mms^[[22m^[[39m
deploy-test	UNKNOWN STEP	2026-10-06T06:19:12.5880136Z      ^[[33m^[[2m✓^[[22m^[[39m 创建成功：201 + 默认值（ACTIVE/version=1/timezone=UTC）+ 审计 + deviceCount=0 ^[[33m 405^[[2mms^[[22m^[[39m
deploy-test	UNKNOWN STEP	2026-10-06T06:19:14.7139809Z Bundling asset TestStack/IngestionFn/Code/Stage...
deploy-test	UNKNOWN STEP	2026-10-06T06:19:14.9329912Z  ^[[32m✓^[[39m apps/cloud-api/test/admin-command.test.ts ^[[2m(^[[22m^[[2m15 tests^[[22m^[[2m)^[[22m^[[33m 4407^[[2mms^[[22m^[[39m
deploy-test	UNKNOWN STEP	2026-10-06T06:19:14.9389856Z      ^[[33m^[[2m✓^[[22m^[[39m ACTIVE 设备：22 个命令全部创建成功并进入 AUTHORIZED ^[[33m 562^[[2mms^[[22m^[[39m
deploy-test	UNKNOWN STEP	2026-10-06T06:19:15.6907094Z Bundling asset TestStack/ArchiveFn/Code/Stage...
deploy-test	UNKNOWN STEP	2026-10-06T06:19:16.2222241Z Bundling asset TestStack/OutboxPublisherFn/Code/Stage...
deploy-test	UNKNOWN STEP	2026-10-06T06:19:16.9179014Z  ^[[32m✓^[[39m apps/cloud-api/test/admin-device.test.ts ^[[2m(^[[22m^[[2m10 tests^[[22m^[[2m)^[[22m^[[33m 3362^[[2mms^[[22m^[[39m
deploy-test	UNKNOWN STEP	2026-10-06T06:19:17.0821818Z Bundling asset TestStack/NotificationPublisherFn/Code/Stage...
deploy-test	UNKNOWN STEP	2026-10-06T06:19:17.8875621Z Bundling asset TestStack/SummaryFn/Code/Stage...
deploy-test	UNKNOWN STEP	2026-10-06T06:19:18.5281298Z Bundling asset TestStack/ReplayTriggerPublisherFn/Code/Stage...
deploy-test	UNKNOWN STEP	2026-10-06T06:19:19.0797437Z  ^[[32m✓^[[39m apps/cloud-api/test/admin-alarm.test.ts ^[[2m(^[[22m^[[2m10 tests^[[22m^[[2m)^[[22m^[[33m 3198^[[2mms^[[22m^[[39m
deploy-test	UNKNOWN STEP	2026-10-06T06:19:19.2451807Z Bundling asset TestStack/ReplayFn/Code/Stage...
deploy-test	UNKNOWN STEP	2026-10-06T06:19:19.9482044Z Bundling asset TestStack/CertPackageSweeperFn/Code/Stage...
deploy-test	UNKNOWN STEP	2026-10-06T06:19:19.9578934Z  ^[[32m✓^[[39m apps/cloud-api/test/admin-lambda-composition.test.ts ^[[2m(^[[22m^[[2m12 tests^[[22m^[[2m)^[[22m^[[33m 519^[[2mms^[[22m^[[39m
deploy-test	UNKNOWN STEP	2026-10-06T06:19:20.5766775Z Bundling asset TestStack/OnboardingDeadlineFn/Code/Stage...
deploy-test	UNKNOWN STEP	2026-10-06T06:19:21.1981646Z Bundling asset TestStack/RetirementTimeoutFn/Code/Stage...
deploy-test	UNKNOWN STEP	2026-10-06T06:19:21.9621520Z Bundling asset TestStack/ActivityExportFn/Code/Stage...
deploy-test	UNKNOWN STEP	2026-10-06T06:19:22.8421995Z Bundling asset TestStack/EsgExportFn/Code/Stage...
deploy-test	UNKNOWN STEP	2026-10-06T06:19:23.6148590Z Bundling asset TestStack/CommandPublisherFn/Code/Stage...
deploy-test	UNKNOWN STEP	2026-10-06T06:19:23.6149853Z  ^[[32m✓^[[39m apps/cloud-api/test/admin-esg.test.ts ^[[2m(^[[22m^[[2m10 tests^[[22m^[[2m)^[[22m^[[33m 2841^[[2mms^[[22m^[[39m
deploy-test	UNKNOWN STEP	2026-10-06T06:19:24.2271276Z Bundling asset TestStack/CommandTimeoutFn/Code/Stage...
deploy-test	UNKNOWN STEP	2026-10-06T06:19:24.9079792Z Bundling asset TestStack/OtaDispatcherFn/Code/Stage...
deploy-test	UNKNOWN STEP	2026-10-06T06:19:25.7679613Z Bundling asset TestStack/OnboardingApiFn/Code/Stage...
deploy-test	UNKNOWN STEP	2026-10-06T06:19:26.5419574Z Bundling asset TestStack/OnboardingProvisioningFn/Code/Stage...
deploy-test	UNKNOWN STEP	2026-10-06T06:19:26.6826214Z  ^[[32m✓^[[39m apps/admin-web/test/device-operate.test.tsx ^[[2m(^[[22m^[[2m13 tests^[[22m^[[2m)^[[22m^[[33m 7793^[[2mms^[[22m^[[39m
deploy-test	UNKNOWN STEP	2026-10-06T06:19:26.6851330Z    ^[[33m^[[2m✓^[[22m^[[39m PUBLISH_FAILED 可筛选展示；温度命令仅保留协议 parity、不可由后台提交 ^[[33m 723^[[2mms^[[22m^[[39m
deploy-test	UNKNOWN STEP	2026-10-06T06:19:26.6889093Z    ^[[33m^[[2m✓^[[22m^[[39m 无协议 command code 禁止提交：未知 code 抛错；模式切换表单只能选组内真实命令 ^[[33m 437^[[2mms^[[22m^[[39m
deploy-test	UNKNOWN STEP	2026-10-06T06:19:26.6890143Z    ^[[33m^[[2m✓^[[22m^[[39m 高风险命令：confirmText 必须与命令名完全一致；客户端不提交确认时间 ^[[33m 1731^[[2mms^[[22m^[[39m
deploy-test	UNKNOWN STEP	2026-10-06T06:19:26.6892561Z    ^[[33m^[[2m✓^[[22m^[[39m 低风险命令无需确认凭证；timeoutSec 越界禁止提交 ^[[33m 1457^[[2mms^[[22m^[[39m
deploy-test	UNKNOWN STEP	2026-10-06T06:19:26.6939599Z    ^[[33m^[[2m✓^[[22m^[[39m DEC-018 排除 M/N 入口；温度阈值跳转 Configuration 且不产生命令提交 ^[[33m 328^[[2mms^[[22m^[[39m
deploy-test	UNKNOWN STEP	2026-10-06T06:19:26.6940995Z    ^[[33m^[[2m✓^[[22m^[[39m 门控：Suspended/Retired/离线/无 Entitlement/无 command:send 均禁用且原因展示 ^[[33m 1055^[[2mms^[[22m^[[39m
deploy-test	UNKNOWN STEP	2026-10-06T06:19:26.6942616Z    ^[[33m^[[2m✓^[[22m^[[39m 状态 E2E：提交受理（AUTHORIZED，requestedBy 身份上下文）→ 下发 → ACK → 成功；表单无 requestedBy 输入 ^[[33m 579^[[2mms^[[22m^[[39m
deploy-test	UNKNOWN STEP	2026-10-06T06:19:26.6943599Z    ^[[33m^[[2m✓^[[22m^[[39m TIMED_OUT 展示；超时后收到的 ACK 标注“迟到 ACK” ^[[33m 424^[[2mms^[[22m^[[39m
deploy-test	UNKNOWN STEP	2026-10-06T06:19:26.6944359Z    ^[[33m^[[2m✓^[[22m^[[39m 活动日志：级别/类型筛选应用；导出快照与当前筛选一致；表格渲染 ^[[33m 578^[[2mms^[[22m^[[39m
deploy-test	UNKNOWN STEP	2026-10-06T06:19:27.2002047Z  ^[[32m✓^[[39m apps/cloud-api/test/admin-contract.test.ts ^[[2m(^[[22m^[[2m9 tests^[[22m^[[2m)^[[22m^[[33m 2842^[[2mms^[[22m^[[39m
deploy-test	UNKNOWN STEP	2026-10-06T06:19:27.2852370Z Bundling asset TestStack/DeviceApiFn/Code/Stage...
deploy-test	UNKNOWN STEP	2026-10-06T06:19:28.0681407Z Bundling asset TestStack/ApiFn/Code/Stage...
deploy-test	UNKNOWN STEP	2026-10-06T06:19:30.8381151Z Bundling asset TestStack/IngestionFn/Code/Stage...
deploy-test	UNKNOWN STEP	2026-10-06T06:19:31.5217666Z  ^[[32m✓^[[39m apps/cloud-api/test/admin-consumable.test.ts ^[[2m(^[[22m^[[2m9 tests^[[22m^[[2m)^[[22m^[[33m 3635^[[2mms^[[22m^[[39m
deploy-test	UNKNOWN STEP	2026-10-06T06:19:31.5240939Z      ^[[33m^[[2m✓^[[22m^[[39m 两种耗材列稳定映射；查询返回百分比/来源消息/observedAt/stale；联系人授权摘要 ^[[33m 301^[[2mms^[[22m^[[39m
deploy-test	UNKNOWN STEP	2026-10-06T06:19:31.5981764Z Bundling asset TestStack/ArchiveFn/Code/Stage...
deploy-test	UNKNOWN STEP	2026-10-06T06:19:31.9912888Z Bundling asset TestStack/OutboxPublisherFn/Code/Stage...
deploy-test	UNKNOWN STEP	2026-10-06T06:19:32.0296439Z  ^[[32m✓^[[39m apps/cloud-api/test/provisioning.test.ts ^[[2m(^[[22m^[[2m8 tests^[[22m^[[2m)^[[22m^[[33m 4272^[[2mms^[[22m^[[39m
deploy-test	UNKNOWN STEP	2026-10-06T06:19:32.6716372Z Bundling asset TestStack/NotificationPublisherFn/Code/Stage...
deploy-test	UNKNOWN STEP	2026-10-06T06:19:33.5418137Z Bundling asset TestStack/SummaryFn/Code/Stage...
deploy-test	UNKNOWN STEP	2026-10-06T06:19:34.5699325Z Bundling asset TestStack/ReplayTriggerPublisherFn/Code/Stage...
deploy-test	UNKNOWN STEP	2026-10-06T06:19:35.3951371Z Bundling asset TestStack/ReplayFn/Code/Stage...
deploy-test	UNKNOWN STEP	2026-10-06T06:19:36.0400188Z  ^[[32m✓^[[39m apps/cloud-api/test/command-publisher.test.ts ^[[2m(^[[22m^[[2m15 tests^[[22m^[[2m)^[[22m^[[33m 3801^[[2mms^[[22m^[[39m
deploy-test	UNKNOWN STEP	2026-10-06T06:19:36.2038696Z Bundling asset TestStack/CertPackageSweeperFn/Code/Stage...
deploy-test	UNKNOWN STEP	2026-10-06T06:19:36.2736109Z  ^[[32m✓^[[39m apps/cloud-api/test/admin-contract-device.test.ts ^[[2m(^[[22m^[[2m8 tests^[[22m^[[2m)^[[22m^[[33m 3395^[[2mms^[[22m^[[39m
deploy-test	UNKNOWN STEP	2026-10-06T06:19:36.8959919Z Bundling asset TestStack/OnboardingDeadlineFn/Code/Stage...
deploy-test	UNKNOWN STEP	2026-10-06T06:19:37.6640020Z Bundling asset TestStack/RetirementTimeoutFn/Code/Stage...
deploy-test	UNKNOWN STEP	2026-10-06T06:19:38.6659958Z Bundling asset TestStack/ActivityExportFn/Code/Stage...
deploy-test	UNKNOWN STEP	2026-10-06T06:19:39.4869444Z Bundling asset TestStack/EsgExportFn/Code/Stage...
deploy-test	UNKNOWN STEP	2026-10-06T06:19:40.2759579Z Bundling asset TestStack/CommandPublisherFn/Code/Stage...
deploy-test	UNKNOWN STEP	2026-10-06T06:19:40.2958947Z ^[[90mstderr^[[2m | apps/cloud-api/test/admin-customer.test.ts^[[2m > ^[[22m^[[2mPATCH /admin/customers/{customerId}（更新：If-Match 乐观锁）^[[2m > ^[[22m^[[2m更新成功 version 自增 + 审计；If-Match 缺失 400；版本不符 409
deploy-test	UNKNOWN STEP	2026-10-06T06:19:40.2969481Z ^[[22m^[[39maudit FAILURE 记录写入失败 Error [PrismaClientKnownRequestError]: 
deploy-test	UNKNOWN STEP	2026-10-06T06:19:40.2998884Z Invalid `client.auditLog.create()` invocation in
deploy-test	UNKNOWN STEP	2026-10-06T06:19:40.3006859Z /home/runner/work/food-digester-platform/food-digester-platform/packages/database/src/audit.ts:72:25
deploy-test	UNKNOWN STEP	2026-10-06T06:19:40.3007597Z 
deploy-test	UNKNOWN STEP	2026-10-06T06:19:40.3008450Z   69 /** 写一条审计记录。可在事务内（tx）或根 client 上调用。 */
deploy-test	UNKNOWN STEP	2026-10-06T06:19:40.3009110Z   70 export async function recordAudit(client: DbClient, entry: AuditEntry): Promise<void> {
deploy-test	UNKNOWN STEP	2026-10-06T06:19:40.3009806Z   71   const ctx = getRequestContext();
deploy-test	UNKNOWN STEP	2026-10-06T06:19:40.3010393Z → 72   await client.auditLog.create(
deploy-test	UNKNOWN STEP	2026-10-06T06:19:40.3011043Z Foreign key constraint violated on the constraint: `audit_logs_customer_id_fkey`
deploy-test	UNKNOWN STEP	2026-10-06T06:19:40.3012192Z     at redactSensitive ^[[90m(/home/runner/work/food-digester-platform/food-digester-platform/^[[39mpackages/observability/src/redaction.ts:43:19^[[90m)^[[39m
deploy-test	UNKNOWN STEP	2026-10-06T06:19:40.3013002Z     at Array.map (<anonymous>)
deploy-test	UNKNOWN STEP	2026-10-06T06:19:40.3013929Z     at Object.error ^[[90m(/home/runner/work/food-digester-platform/food-digester-platform/^[[39mpackages/observability/src/redaction.ts:70:18^[[90m)^[[39m
deploy-test	UNKNOWN STEP	2026-10-06T06:19:40.3015163Z     at audited ^[[90m(/home/runner/work/food-digester-platform/food-digester-platform/^[[39mpackages/database/src/audit.ts:144:14^[[90m)^[[39m
deploy-test	UNKNOWN STEP	2026-10-06T06:19:40.3016639Z ^[[90m    at processTicksAndRejections (node:internal/process/task_queues:103:5)^[[39m
deploy-test	UNKNOWN STEP	2026-10-06T06:19:40.3017676Z     at ^[[90m/home/runner/work/food-digester-platform/food-digester-platform/^[[39mapps/cloud-api/src/admin/customer/handler.ts:127:23
deploy-test	UNKNOWN STEP	2026-10-06T06:19:40.3019247Z     at Object.update ^[[90m(/home/runner/work/food-digester-platform/food-digester-platform/^[[39mapps/cloud-api/src/admin/customer/handler.ts:165:16^[[90m)^[[39m
deploy-test	UNKNOWN STEP	2026-10-06T06:19:40.3049955Z     at ^[[90m/home/runner/work/food-digester-platform/food-digester-platform/^[[39mapps/cloud-api/test/admin-customer.test.ts:247:21
deploy-test	UNKNOWN STEP	2026-10-06T06:19:40.3079702Z     at ^[[90mfile:///home/runner/work/food-digester-platform/food-digester-platform/^[[39mnode_modules/^[[4m@vitest/runner^[[24m/dist/chunk-artifact.js:1903:20
deploy-test	UNKNOWN STEP	2026-10-06T06:19:40.3108084Z 
deploy-test	UNKNOWN STEP	2026-10-06T06:19:40.4153046Z  ^[[32m✓^[[39m apps/cloud-api/test/admin-customer.test.ts ^[[2m(^[[22m^[[2m14 tests^[[22m^[[2m)^[[22m^[[33m 3343^[[2mms^[[22m^[[39m
deploy-test	UNKNOWN STEP	2026-10-06T06:19:40.9699596Z Bundling asset TestStack/CommandTimeoutFn/Code/Stage...
deploy-test	UNKNOWN STEP	2026-10-06T06:19:41.6174074Z Bundling asset TestStack/OtaDispatcherFn/Code/Stage...
deploy-test	UNKNOWN STEP	2026-10-06T06:19:42.4360059Z Bundling asset TestStack/OnboardingApiFn/Code/Stage...
deploy-test	UNKNOWN STEP	2026-10-06T06:19:43.0444673Z Bundling asset TestStack/OnboardingProvisioningFn/Code/Stage...
deploy-test	UNKNOWN STEP	2026-10-06T06:19:43.7439596Z Bundling asset TestStack/DeviceApiFn/Code/Stage...
deploy-test	UNKNOWN STEP	2026-10-06T06:19:43.8779818Z  ^[[32m✓^[[39m apps/cloud-api/test/admin-device-retirement.test.ts ^[[2m(^[[22m^[[2m7 tests^[[22m^[[2m)^[[22m^[[33m 2699^[[2mms^[[22m^[[39m
deploy-test	UNKNOWN STEP	2026-10-06T06:19:44.3284569Z Bundling asset TestStack/ApiFn/Code/Stage...
deploy-test	UNKNOWN STEP	2026-10-06T06:19:46.0485641Z Bundling asset TestStack/IngestionFn/Code/Stage...
deploy-test	UNKNOWN STEP	2026-10-06T06:19:46.5968902Z Bundling asset TestStack/ArchiveFn/Code/Stage...
deploy-test	UNKNOWN STEP	2026-10-06T06:19:46.9163876Z Bundling asset TestStack/OutboxPublisherFn/Code/Stage...
deploy-test	UNKNOWN STEP	2026-10-06T06:19:47.4113937Z Bundling asset TestStack/NotificationPublisherFn/Code/Stage...
deploy-test	UNKNOWN STEP	2026-10-06T06:19:47.9049608Z Bundling asset TestStack/SummaryFn/Code/Stage...
deploy-test	UNKNOWN STEP	2026-10-06T06:19:48.4153007Z Bundling asset TestStack/ReplayTriggerPublisherFn/Code/Stage...
deploy-test	UNKNOWN STEP	2026-10-06T06:19:48.9213554Z Bundling asset TestStack/ReplayFn/Code/Stage...
deploy-test	UNKNOWN STEP	2026-10-06T06:19:49.3835122Z Bundling asset TestStack/CertPackageSweeperFn/Code/Stage...
deploy-test	UNKNOWN STEP	2026-10-06T06:19:49.8802533Z Bundling asset TestStack/OnboardingDeadlineFn/Code/Stage...
deploy-test	UNKNOWN STEP	2026-10-06T06:19:50.3697743Z Bundling asset TestStack/RetirementTimeoutFn/Code/Stage...
deploy-test	UNKNOWN STEP	2026-10-06T06:19:50.9001116Z Bundling asset TestStack/ActivityExportFn/Code/Stage...
deploy-test	UNKNOWN STEP	2026-10-06T06:19:51.4206886Z Bundling asset TestStack/EsgExportFn/Code/Stage...
deploy-test	UNKNOWN STEP	2026-10-06T06:19:51.9242053Z Bundling asset TestStack/CommandPublisherFn/Code/Stage...
deploy-test	UNKNOWN STEP	2026-10-06T06:19:52.3623401Z  ^[[32m✓^[[39m apps/admin-web/test/settings.test.tsx ^[[2m(^[[22m^[[2m14 tests^[[22m^[[2m)^[[22m^[[33m 7005^[[2mms^[[22m^[[39m
deploy-test	UNKNOWN STEP	2026-10-06T06:19:52.3624855Z    ^[[33m^[[2m✓^[[22m^[[39m 标签页按权限可见：SuperAdmin 三个；CustomerAdmin 仅设备用户 ^[[33m 661^[[2mms^[[22m^[[39m
deploy-test	UNKNOWN STEP	2026-10-06T06:19:52.3631263Z    ^[[33m^[[2m✓^[[22m^[[39m 邀请：表单无永久密码字段；提交体不含 password；提示 Cognito 临时凭证 ^[[33m 1014^[[2mms^[[22m^[[39m
deploy-test	UNKNOWN STEP	2026-10-06T06:19:52.3645586Z    ^[[33m^[[2m✓^[[22m^[[39m 邀请校验：平台/Customer 混绑拒绝；Customer 角色缺 customerId 拒绝 ^[[33m 903^[[2mms^[[22m^[[39m
deploy-test	UNKNOWN STEP	2026-10-06T06:19:52.3646565Z    ^[[33m^[[2m✓^[[22m^[[39m 角色变更：高风险明确确认后整体替换；混绑禁用提交 ^[[33m 947^[[2mms^[[22m^[[39m
deploy-test	UNKNOWN STEP	2026-10-06T06:19:52.3647307Z    ^[[33m^[[2m✓^[[22m^[[39m 停用与重置：明确确认；重置提示不接触密码 ^[[33m 684^[[2mms^[[22m^[[39m
deploy-test	UNKNOWN STEP	2026-10-06T06:19:52.3648283Z    ^[[33m^[[2m✓^[[22m^[[39m 自我提权/越权：403 经 ErrorNotice 正确呈现 ^[[33m 661^[[2mms^[[22m^[[39m
deploy-test	UNKNOWN STEP	2026-10-06T06:19:52.3649071Z    ^[[33m^[[2m✓^[[22m^[[39m 用户列表筛选回调（roleType/status/customerId/q） ^[[33m 731^[[2mms^[[22m^[[39m
deploy-test	UNKNOWN STEP	2026-10-06T06:19:52.3649834Z    ^[[33m^[[2m✓^[[22m^[[39m 设置编辑：非法 JSON 禁用提交；合法提交携 version 乐观锁 ^[[33m 534^[[2mms^[[22m^[[39m
deploy-test	UNKNOWN STEP	2026-10-06T06:19:52.3650575Z    ^[[33m^[[2m✓^[[22m^[[39m 并发冲突可恢复：409 VERSION_CONFLICT → 提示刷新并回调 onRefresh ^[[33m 416^[[2mms^[[22m^[[39m
deploy-test	UNKNOWN STEP	2026-10-06T06:19:52.4251751Z Bundling asset TestStack/CommandTimeoutFn/Code/Stage...
deploy-test	UNKNOWN STEP	2026-10-06T06:19:53.0350349Z Bundling asset TestStack/OtaDispatcherFn/Code/Stage...
deploy-test	UNKNOWN STEP	2026-10-06T06:19:53.7129943Z Bundling asset TestStack/OnboardingApiFn/Code/Stage...
deploy-test	UNKNOWN STEP	2026-10-06T06:19:54.3362296Z Bundling asset TestStack/OnboardingProvisioningFn/Code/Stage...
deploy-test	UNKNOWN STEP	2026-10-06T06:19:54.8659978Z Bundling asset TestStack/DeviceApiFn/Code/Stage...
deploy-test	UNKNOWN STEP	2026-10-06T06:19:55.0360660Z ^[[90mstderr^[[2m | apps/ingestion-worker/test/ack-dispatch.test.ts^[[2m > ^[[22m^[[2mBE-IOT-08 端到端分发：SQS → 管线 → 分发器 → ACK Handler^[[2m > ^[[22m^[[2mMedia 生产链路：SQS → 校验 → receipt → BE-MED-01 核心 → MediaObject；过期会话稳定隔离
deploy-test	UNKNOWN STEP	2026-10-06T06:19:55.0361848Z ^[[22m^[[39mingestion message quarantined {
deploy-test	UNKNOWN STEP	2026-10-06T06:19:55.0383339Z   event: ^[[32m'ingestion.quarantined'^[[39m,
deploy-test	UNKNOWN STEP	2026-10-06T06:19:55.0409196Z   messageId: ^[[32m'sqs-media-expired'^[[39m,
deploy-test	UNKNOWN STEP	2026-10-06T06:19:55.0432320Z   errorType: ^[[32m'MEDIA_SESSION_EXPIRED'^[[39m,
deploy-test	UNKNOWN STEP	2026-10-06T06:19:55.0448794Z   errorPath: ^[[32m'data.objectPath'^[[39m,
deploy-test	UNKNOWN STEP	2026-10-06T06:19:55.0495960Z   reason: ^[[32m'media metadata rejected: SESSION_EXPIRED'^[[39m,
deploy-test	UNKNOWN STEP	2026-10-06T06:19:55.0496810Z   iotTopic: ^[[32m'bnx/device/dev-ackd-2/media'^[[39m,
deploy-test	UNKNOWN STEP	2026-10-06T06:19:55.0528809Z   iotDeviceId: ^[[32m'dev-ackd-2'^[[39m
deploy-test	UNKNOWN STEP	2026-10-06T06:19:55.0543465Z }
deploy-test	UNKNOWN STEP	2026-10-06T06:19:55.0543691Z 
deploy-test	UNKNOWN STEP	2026-10-06T06:19:55.0931182Z ^[[90mstderr^[[2m | apps/ingestion-worker/test/ack-dispatch.test.ts^[[2m > ^[[22m^[[2mBE-IOT-08 端到端分发：SQS → 管线 → 分发器 → ACK Handler^[[2m > ^[[22m^[[2m未知/冲突 ACK → 确定异常路径（Quarantine），不误更新其他命令
deploy-test	UNKNOWN STEP	2026-10-06T06:19:55.0933983Z ^[[22m^[[39mingestion message quarantined {
deploy-test	UNKNOWN STEP	2026-10-06T06:19:55.0934806Z   event: ^[[32m'ingestion.quarantined'^[[39m,
deploy-test	UNKNOWN STEP	2026-10-06T06:19:55.0935348Z   messageId: ^[[32m'sqs-unk'^[[39m,
deploy-test	UNKNOWN STEP	2026-10-06T06:19:55.0936184Z   errorType: ^[[32m'UNKNOWN_COMMAND'^[[39m,
deploy-test	UNKNOWN STEP	2026-10-06T06:19:55.0936728Z   errorPath: ^[[32m'data.commandId'^[[39m,
deploy-test	UNKNOWN STEP	2026-10-06T06:19:55.0937385Z   reason: ^[[32m'ack references unknown command CMD-GHOST'^[[39m,
deploy-test	UNKNOWN STEP	2026-10-06T06:19:55.0938393Z   iotTopic: ^[[32m'bnx/device/dev-ackd-4/ack'^[[39m,
deploy-test	UNKNOWN STEP	2026-10-06T06:19:55.0939327Z   iotDeviceId: ^[[32m'dev-ackd-4'^[[39m
deploy-test	UNKNOWN STEP	2026-10-06T06:19:55.1112258Z }
deploy-test	UNKNOWN STEP	2026-10-06T06:19:55.1138549Z 
deploy-test	UNKNOWN STEP	2026-10-06T06:19:55.1139942Z ^[[90mstderr^[[2m | apps/ingestion-worker/test/ack-dispatch.test.ts^[[2m > ^[[22m^[[2mBE-IOT-08 端到端分发：SQS → 管线 → 分发器 → ACK Handler^[[2m > ^[[22m^[[2m未知/冲突 ACK → 确定异常路径（Quarantine），不误更新其他命令
deploy-test	UNKNOWN STEP	2026-10-06T06:19:55.1140829Z ^[[22m^[[39mingestion message quarantined {
deploy-test	UNKNOWN STEP	2026-10-06T06:19:55.1141706Z   event: ^[[32m'ingestion.quarantined'^[[39m,
deploy-test	UNKNOWN STEP	2026-10-06T06:19:55.1142082Z   messageId: ^[[32m'sqs-mis'^[[39m,
deploy-test	UNKNOWN STEP	2026-10-06T06:19:55.1142453Z   errorType: ^[[32m'COMMAND_MISMATCH'^[[39m,
deploy-test	UNKNOWN STEP	2026-10-06T06:19:55.1142834Z   errorPath: ^[[32m'data.command'^[[39m,
deploy-test	UNKNOWN STEP	2026-10-06T06:19:55.1143299Z   reason: ^[[32m'ack command START does not match original STOP'^[[39m,
deploy-test	UNKNOWN STEP	2026-10-06T06:19:55.1143799Z   iotTopic: ^[[32m'bnx/device/dev-ackd-4/ack'^[[39m,
deploy-test	UNKNOWN STEP	2026-10-06T06:19:55.1144202Z   iotDeviceId: ^[[32m'dev-ackd-4'^[[39m
deploy-test	UNKNOWN STEP	2026-10-06T06:19:55.1144477Z }
deploy-test	UNKNOWN STEP	2026-10-06T06:19:55.1144585Z 
deploy-test	UNKNOWN STEP	2026-10-06T06:19:55.1372526Z ^[[90mstderr^[[2m | apps/ingestion-worker/test/ack-dispatch.test.ts^[[2m > ^[[22m^[[2mBE-IOT-08 端到端分发：SQS → 管线 → 分发器 → ACK Handler^[[2m > ^[[22m^[[2mDEC-015 隔离：OTA_TARGET ACK 只更新 OTA 状态与历史，不回改 Command；COMMAND 混入 OTA 字段 → 隔离
deploy-test	UNKNOWN STEP	2026-10-06T06:19:55.1374050Z ^[[22m^[[39mingestion message quarantined {
deploy-test	UNKNOWN STEP	2026-10-06T06:19:55.1374518Z   event: ^[[32m'ingestion.quarantined'^[[39m,
deploy-test	UNKNOWN STEP	2026-10-06T06:19:55.1374940Z   messageId: ^[[32m'sqs-mixed'^[[39m,
deploy-test	UNKNOWN STEP	2026-10-06T06:19:55.1375574Z   errorType: ^[[32m'INVALID_ENVELOPE'^[[39m,
deploy-test	UNKNOWN STEP	2026-10-06T06:19:55.1376002Z   errorPath: ^[[32m'data.objectType'^[[39m,
deploy-test	UNKNOWN STEP	2026-10-06T06:19:55.1376517Z   reason: ^[[32m'COMMAND ack cannot contain OTA target fields'^[[39m,
deploy-test	UNKNOWN STEP	2026-10-06T06:19:55.1377101Z   iotTopic: ^[[32m'bnx/device/dev-ackd-6/ack'^[[39m,
deploy-test	UNKNOWN STEP	2026-10-06T06:19:55.1378345Z   iotDeviceId: ^[[32m'dev-ackd-6'^[[39m
deploy-test	UNKNOWN STEP	2026-10-06T06:19:55.1379259Z }
deploy-test	UNKNOWN STEP	2026-10-06T06:19:55.1379380Z 
deploy-test	UNKNOWN STEP	2026-10-06T06:19:55.1965434Z  ^[[32m✓^[[39m apps/ingestion-worker/test/ack-dispatch.test.ts ^[[2m(^[[22m^[[2m6 tests^[[22m^[[2m)^[[22m^[[33m 2548^[[2mms^[[22m^[[39m
deploy-test	UNKNOWN STEP	2026-10-06T06:19:55.4748456Z Bundling asset TestStack/ApiFn/Code/Stage...
deploy-test	UNKNOWN STEP	2026-10-06T06:19:57.2125446Z Bundling asset TestStack/IngestionFn/Code/Stage...
deploy-test	UNKNOWN STEP	2026-10-06T06:19:57.8053264Z Bundling asset TestStack/ArchiveFn/Code/Stage...
deploy-test	UNKNOWN STEP	2026-10-06T06:19:58.1278252Z Bundling asset TestStack/OutboxPublisherFn/Code/Stage...
deploy-test	UNKNOWN STEP	2026-10-06T06:19:58.5912848Z Bundling asset TestStack/NotificationPublisherFn/Code/Stage...
deploy-test	UNKNOWN STEP	2026-10-06T06:19:59.1656784Z Bundling asset TestStack/SummaryFn/Code/Stage...
deploy-test	UNKNOWN STEP	2026-10-06T06:19:59.7505718Z Bundling asset TestStack/ReplayTriggerPublisherFn/Code/Stage...
deploy-test	UNKNOWN STEP	2026-10-06T06:20:00.2423615Z Bundling asset TestStack/ReplayFn/Code/Stage...
deploy-test	UNKNOWN STEP	2026-10-06T06:20:00.4048822Z  ^[[32m✓^[[39m apps/admin-web/test/device-users.test.tsx ^[[2m(^[[22m^[[2m11 tests^[[22m^[[2m)^[[22m^[[33m 3916^[[2mms^[[22m^[[39m
deploy-test	UNKNOWN STEP	2026-10-06T06:20:00.4049857Z    ^[[33m^[[2m✓^[[22m^[[39m 敏感字段快照为 0：任何响应与 DOM 不显示 passwordHash；密码输入不回显 ^[[33m 1027^[[2mms^[[22m^[[39m
deploy-test	UNKNOWN STEP	2026-10-06T06:20:00.4050694Z    ^[[33m^[[2m✓^[[22m^[[39m 重置密码：仅一次受控提交 + 必填原因；提交后清空不回显 ^[[33m 426^[[2mms^[[22m^[[39m
deploy-test	UNKNOWN STEP	2026-10-06T06:20:00.4051483Z    ^[[33m^[[2m✓^[[22m^[[39m 创建：username/password 必填校验；platform 角色需选客户 ^[[33m 375^[[2mms^[[22m^[[39m
deploy-test	UNKNOWN STEP	2026-10-06T06:20:00.4052430Z    ^[[33m^[[2m✓^[[22m^[[39m 筛选：Customer/Region/Subregion/Device/status/keyword 使用权威拓扑并可重置 ^[[33m 747^[[2mms^[[22m^[[39m
deploy-test	UNKNOWN STEP	2026-10-06T06:20:00.4053878Z    ^[[33m^[[2m✓^[[22m^[[39m 分配：批量勾选 + 强制原因；撤销仅列 ACTIVE 分配 ^[[33m 758^[[2mms^[[22m^[[39m
deploy-test	UNKNOWN STEP	2026-10-06T06:20:00.7283730Z Bundling asset TestStack/CertPackageSweeperFn/Code/Stage...
deploy-test	UNKNOWN STEP	2026-10-06T06:20:01.2152447Z Bundling asset TestStack/OnboardingDeadlineFn/Code/Stage...
deploy-test	UNKNOWN STEP	2026-10-06T06:20:01.7209422Z Bundling asset TestStack/RetirementTimeoutFn/Code/Stage...
deploy-test	UNKNOWN STEP	2026-10-06T06:20:02.2935186Z Bundling asset TestStack/ActivityExportFn/Code/Stage...
deploy-test	UNKNOWN STEP	2026-10-06T06:20:02.8222156Z Bundling asset TestStack/EsgExportFn/Code/Stage...
deploy-test	UNKNOWN STEP	2026-10-06T06:20:03.0848631Z  ^[[32m✓^[[39m apps/admin-web/test/esg.test.tsx ^[[2m(^[[22m^[[2m10 tests^[[22m^[[2m)^[[22m^[[33m 1300^[[2mms^[[22m^[[39m
deploy-test	UNKNOWN STEP	2026-10-06T06:20:03.0858566Z    ^[[33m^[[2m✓^[[22m^[[39m 概览：指标单位（kg/kWh/%）、计算版本、完整率、估算 CO2e 列头正确；核证声明固定展示 ^[[33m 329^[[2mms^[[22m^[[39m
deploy-test	UNKNOWN STEP	2026-10-06T06:20:03.0859506Z    ^[[33m^[[2m✓^[[22m^[[39m 日期按用户时区转 UTC：Asia/Shanghai 日历日 → UTC 区间并展示换算结果 ^[[33m 304^[[2mms^[[22m^[[39m
deploy-test	UNKNOWN STEP	2026-10-06T06:20:03.0860206Z    ^[[33m^[[2m✓^[[22m^[[39m 设备页：九项指标 + 完整率 + 计算版本；ScopeFilter 联动；CT-06 锚点齐全 ^[[33m 301^[[2mms^[[22m^[[39m
deploy-test	UNKNOWN STEP	2026-10-06T06:20:03.3244787Z Bundling asset TestStack/CommandPublisherFn/Code/Stage...
deploy-test	UNKNOWN STEP	2026-10-06T06:20:03.8512885Z Bundling asset TestStack/CommandTimeoutFn/Code/Stage...
deploy-test	UNKNOWN STEP	2026-10-06T06:20:04.3409593Z Bundling asset TestStack/OtaDispatcherFn/Code/Stage...
deploy-test	UNKNOWN STEP	2026-10-06T06:20:04.9044548Z Bundling asset TestStack/OnboardingApiFn/Code/Stage...
deploy-test	UNKNOWN STEP	2026-10-06T06:20:05.4155082Z Bundling asset TestStack/OnboardingProvisioningFn/Code/Stage...
deploy-test	UNKNOWN STEP	2026-10-06T06:20:05.9436094Z Bundling asset TestStack/DeviceApiFn/Code/Stage...
deploy-test	UNKNOWN STEP	2026-10-06T06:20:06.5016001Z Bundling asset TestStack/ApiFn/Code/Stage...
deploy-test	UNKNOWN STEP	2026-10-06T06:20:08.0980385Z Bundling asset Named/IngestionFn/Code/Stage...
deploy-test	UNKNOWN STEP	2026-10-06T06:20:08.6106703Z Bundling asset Named/ArchiveFn/Code/Stage...
deploy-test	UNKNOWN STEP	2026-10-06T06:20:08.9629898Z Bundling asset Named/OutboxPublisherFn/Code/Stage...
deploy-test	UNKNOWN STEP	2026-10-06T06:20:09.3983590Z Bundling asset Named/NotificationPublisherFn/Code/Stage...
deploy-test	UNKNOWN STEP	2026-10-06T06:20:09.8770633Z Bundling asset Named/SummaryFn/Code/Stage...
deploy-test	UNKNOWN STEP	2026-10-06T06:20:10.0699947Z  ^[[32m✓^[[39m apps/admin-web/test/consumables.test.tsx ^[[2m(^[[22m^[[2m10 tests^[[22m^[[2m)^[[22m^[[33m 5690^[[2mms^[[22m^[[39m
deploy-test	UNKNOWN STEP	2026-10-06T06:20:10.0749139Z    ^[[33m^[[2m✓^[[22m^[[39m 列表：列与筛选覆盖（Region/Subregion/Site/连接/关键字/阈值/类型） ^[[33m 1598^[[2mms^[[22m^[[39m
deploy-test	UNKNOWN STEP	2026-10-06T06:20:10.0779033Z    ^[[33m^[[2m✓^[[22m^[[39m 联系方式：列表零 PII，点击后才请求独立端点；403 不显示号码 ^[[33m 616^[[2mms^[[22m^[[39m
deploy-test	UNKNOWN STEP	2026-10-06T06:20:10.0819005Z    ^[[33m^[[2m✓^[[22m^[[39m 阈值来源显示设置版本或明确回退原因 ^[[33m 314^[[2mms^[[22m^[[39m
deploy-test	UNKNOWN STEP	2026-10-06T06:20:10.0820166Z    ^[[33m^[[2m✓^[[22m^[[39m 处理→完成全流程：操作携带 version + 备注（complete 强制备注） ^[[33m 1018^[[2mms^[[22m^[[39m
deploy-test	UNKNOWN STEP	2026-10-06T06:20:10.0820969Z    ^[[33m^[[2m✓^[[22m^[[39m 创建申请：成功提示；开放申请重复创建幂等（replayed 提示） ^[[33m 1205^[[2mms^[[22m^[[39m
deploy-test	UNKNOWN STEP	2026-10-06T06:20:10.0821665Z    ^[[33m^[[2m✓^[[22m^[[39m 非法跳级/漂移：409 错误呈现；写权限门控（Viewer 按钮禁用） ^[[33m 623^[[2mms^[[22m^[[39m
deploy-test	UNKNOWN STEP	2026-10-06T06:20:10.4066191Z Bundling asset Named/ReplayTriggerPublisherFn/Code/Stage...
deploy-test	UNKNOWN STEP	2026-10-06T06:20:11.0226675Z Bundling asset Named/ReplayFn/Code/Stage...
deploy-test	UNKNOWN STEP	2026-10-06T06:20:11.6881452Z Bundling asset Named/CertPackageSweeperFn/Code/Stage...
deploy-test	UNKNOWN STEP	2026-10-06T06:20:12.3439443Z Bundling asset Named/OnboardingDeadlineFn/Code/Stage...
deploy-test	UNKNOWN STEP	2026-10-06T06:20:12.9430911Z Bundling asset Named/RetirementTimeoutFn/Code/Stage...
deploy-test	UNKNOWN STEP	2026-10-06T06:20:13.5289163Z Bundling asset Named/ActivityExportFn/Code/Stage...
deploy-test	UNKNOWN STEP	2026-10-06T06:20:14.0476291Z Bundling asset Named/EsgExportFn/Code/Stage...
deploy-test	UNKNOWN STEP	2026-10-06T06:20:14.5840606Z Bundling asset Named/CommandPublisherFn/Code/Stage...
deploy-test	UNKNOWN STEP	2026-10-06T06:20:15.1592973Z Bundling asset Named/CommandTimeoutFn/Code/Stage...
deploy-test	UNKNOWN STEP	2026-10-06T06:20:15.8244015Z Bundling asset Named/OtaDispatcherFn/Code/Stage...
deploy-test	UNKNOWN STEP	2026-10-06T06:20:16.4506567Z Bundling asset Named/OnboardingApiFn/Code/Stage...
deploy-test	UNKNOWN STEP	2026-10-06T06:20:17.0589446Z Bundling asset Named/OnboardingProvisioningFn/Code/Stage...
deploy-test	UNKNOWN STEP	2026-10-06T06:20:17.1075782Z  ^[[32m✓^[[39m apps/admin-web/test/licenses.test.tsx ^[[2m(^[[22m^[[2m11 tests^[[22m^[[2m)^[[22m^[[33m 5520^[[2mms^[[22m^[[39m
deploy-test	UNKNOWN STEP	2026-10-06T06:20:17.1091167Z    ^[[33m^[[2m✓^[[22m^[[39m 列表：正式 License 实体包含有效与终态历史记录 ^[[33m 576^[[2mms^[[22m^[[39m
deploy-test	UNKNOWN STEP	2026-10-06T06:20:17.1091957Z    ^[[33m^[[2m✓^[[22m^[[39m 筛选：草稿筛选经搜索应用；重置清空 ^[[33m 489^[[2mms^[[22m^[[39m
deploy-test	UNKNOWN STEP	2026-10-06T06:20:17.1093312Z    ^[[33m^[[2m✓^[[22m^[[39m 状态矩阵：Draft 仅签发；Issued 仅激活；Active 仅撤销；ExpiringSoon 仅续期；Renewed/Revoked 无动作 ^[[33m 725^[[2mms^[[22m^[[39m
deploy-test	UNKNOWN STEP	2026-10-06T06:20:17.1094291Z    ^[[33m^[[2m✓^[[22m^[[39m E2E：创建 Draft（Entitlement 配置）→ 签发 → 激活，逐步推进且每步回源刷新 ^[[33m 1604^[[2mms^[[22m^[[39m
deploy-test	UNKNOWN STEP	2026-10-06T06:20:17.1095076Z    ^[[33m^[[2m✓^[[22m^[[39m 续期：ExpiringSoon → 新到期日期校验（须晚于当前）→ Renewed ^[[33m 560^[[2mms^[[22m^[[39m
deploy-test	UNKNOWN STEP	2026-10-06T06:20:17.1095813Z    ^[[33m^[[2m✓^[[22m^[[39m 撤销：强制原因（空原因禁止确认）→ Revoked；操作后回源 ^[[33m 307^[[2mms^[[22m^[[39m
deploy-test	UNKNOWN STEP	2026-10-06T06:20:17.1096628Z    ^[[33m^[[2m✓^[[22m^[[39m 两个有效 License：创建遇 409 CONFLICT 错误可读（后端 message 原样呈现） ^[[33m 841^[[2mms^[[22m^[[39m
deploy-test	UNKNOWN STEP	2026-10-06T06:20:17.1097438Z    ^[[33m^[[2m✓^[[22m^[[39m 详情加载 403 呈现无权；历史时间线渲染 from→to/操作人/原因 ^[[33m 314^[[2mms^[[22m^[[39m
deploy-test	UNKNOWN STEP	2026-10-06T06:20:17.6939475Z Bundling asset Named/DeviceApiFn/Code/Stage...
deploy-test	UNKNOWN STEP	2026-10-06T06:20:18.3813042Z ^[[90mstderr^[[2m | apps/ingestion-worker/test/qa07-reliability.test.ts^[[2m > ^[[22m^[[2mQA07 production timestamp boundaries quarantine old or future Telemetry without weakening other topics
deploy-test	UNKNOWN STEP	2026-10-06T06:20:18.3816132Z ^[[22m^[[39mingestion message quarantined {
deploy-test	UNKNOWN STEP	2026-10-06T06:20:18.3848910Z   event: ^[[32m'ingestion.quarantined'^[[39m,
deploy-test	UNKNOWN STEP	2026-10-06T06:20:18.3879661Z   messageId: ^[[32m'SQS-a65dc7c9-40ec-4564-b6fc-408ab88a778f'^[[39m,
deploy-test	UNKNOWN STEP	2026-10-06T06:20:18.3903614Z   errorType: ^[[32m'CLOCK_SKEW'^[[39m,
deploy-test	UNKNOWN STEP	2026-10-06T06:20:18.3935601Z   errorPath: ^[[32m'meta.ts'^[[39m,
deploy-test	UNKNOWN STEP	2026-10-06T06:20:18.3965481Z   reason: ^[[32m'device timestamp outside allowed window: skew 86400s, past 86400s, future 300s'^[[39m,
deploy-test	UNKNOWN STEP	2026-10-06T06:20:18.4038615Z   iotTopic: ^[[32m'bnx/device/QA07-4219709243DF-DEV0/telemetry'^[[39m,
deploy-test	UNKNOWN STEP	2026-10-06T06:20:18.4076145Z   iotDeviceId: ^[[32m'QA07-4219709243DF-DEV0'^[[39m
deploy-test	UNKNOWN STEP	2026-10-06T06:20:18.4083888Z }
deploy-test	UNKNOWN STEP	2026-10-06T06:20:18.4148229Z 
deploy-test	UNKNOWN STEP	2026-10-06T06:20:18.4149052Z  ^[[32m✓^[[39m apps/ingestion-worker/test/qa07-reliability.test.ts ^[[2m(^[[22m^[[2m2 tests^[[22m^[[2m)^[[22m^[[33m 41634^[[2mms^[[22m^[[39m
deploy-test	UNKNOWN STEP	2026-10-06T06:20:18.4150300Z ^[[90mstderr^[[2m | apps/ingestion-worker/test/qa07-reliability.test.ts^[[2m > ^[[22m^[[2mQA07 production timestamp boundaries quarantine old or future Telemetry without weakening other topics
deploy-test	UNKNOWN STEP	2026-10-06T06:20:18.4150974Z ^[[22m^[[39mingestion message quarantined {
deploy-test	UNKNOWN STEP	2026-10-06T06:20:18.4151241Z   event: ^[[32m'ingestion.quarantined'^[[39m,
deploy-test	UNKNOWN STEP	2026-10-06T06:20:18.4151575Z   messageId: ^[[32m'SQS-9f977a2c-0c4d-4e41-beda-b6cde8d8eb12'^[[39m,
deploy-test	UNKNOWN STEP	2026-10-06T06:20:18.4151869Z   errorType: ^[[32m'CLOCK_SKEW'^[[39m,
deploy-test	UNKNOWN STEP	2026-10-06T06:20:18.4152103Z   errorPath: ^[[32m'meta.ts'^[[39m,
deploy-test	UNKNOWN STEP	2026-10-06T06:20:18.4152489Z   reason: ^[[32m'device timestamp outside allowed window: skew 300s, past 86400s, future 300s'^[[39m,
deploy-test	UNKNOWN STEP	2026-10-06T06:20:18.4152919Z   iotTopic: ^[[32m'bnx/device/QA07-4219709243DF-DEV0/telemetry'^[[39m,
deploy-test	UNKNOWN STEP	2026-10-06T06:20:18.4153250Z   iotDeviceId: ^[[32m'QA07-4219709243DF-DEV0'^[[39m
deploy-test	UNKNOWN STEP	2026-10-06T06:20:18.4153456Z }
deploy-test	UNKNOWN STEP	2026-10-06T06:20:18.4153539Z 
deploy-test	UNKNOWN STEP	2026-10-06T06:20:18.4154108Z ^[[90mstderr^[[2m | apps/ingestion-worker/test/qa07-reliability.test.ts^[[2m > ^[[22m^[[2mQA07 production timestamp boundaries quarantine old or future Telemetry without weakening other topics
deploy-test	UNKNOWN STEP	2026-10-06T06:20:18.4154666Z ^[[22m^[[39mingestion message quarantined {
deploy-test	UNKNOWN STEP	2026-10-06T06:20:18.4154923Z   event: ^[[32m'ingestion.quarantined'^[[39m,
deploy-test	UNKNOWN STEP	2026-10-06T06:20:18.4155254Z   messageId: ^[[32m'SQS-3612d52f-d78a-4802-97e9-2b45a8bdd354'^[[39m,
deploy-test	UNKNOWN STEP	2026-10-06T06:20:18.4155539Z   errorType: ^[[32m'CLOCK_SKEW'^[[39m,
deploy-test	UNKNOWN STEP	2026-10-06T06:20:18.4155769Z   errorPath: ^[[32m'meta.ts'^[[39m,
deploy-test	UNKNOWN STEP	2026-10-06T06:20:18.4156143Z   reason: ^[[32m'device timestamp outside allowed window: skew 300s, past 300s, future 300s'^[[39m,
deploy-test	UNKNOWN STEP	2026-10-06T06:20:18.4156549Z   iotTopic: ^[[32m'bnx/device/QA07-4219709243DF-DEV0/heartbeat'^[[39m,
deploy-test	UNKNOWN STEP	2026-10-06T06:20:18.4156853Z   iotDeviceId: ^[[32m'QA07-4219709243DF-DEV0'^[[39m
deploy-test	UNKNOWN STEP	2026-10-06T06:20:18.4157068Z }
deploy-test	UNKNOWN STEP	2026-10-06T06:20:18.4157141Z 
deploy-test	UNKNOWN STEP	2026-10-06T06:20:18.4157697Z ^[[90mstderr^[[2m | apps/ingestion-worker/test/qa07-reliability.test.ts^[[2m > ^[[22m^[[2mQA07 production timestamp boundaries quarantine old or future Telemetry without weakening other topics
deploy-test	UNKNOWN STEP	2026-10-06T06:20:18.4192900Z ^[[22m^[[39mingestion message quarantined {
deploy-test	UNKNOWN STEP	2026-10-06T06:20:18.4193527Z   event: ^[[32m'ingestion.quarantined'^[[39m,
deploy-test	UNKNOWN STEP	2026-10-06T06:20:18.4193870Z   messageId: ^[[32m'QA07-bad-hash'^[[39m,
deploy-test	UNKNOWN STEP	2026-10-06T06:20:18.4194166Z   errorType: ^[[32m'AUDIT_HASH_MISMATCH'^[[39m,
deploy-test	UNKNOWN STEP	2026-10-06T06:20:18.4194466Z   errorPath: ^[[32m'audit.hash'^[[39m,
deploy-test	UNKNOWN STEP	2026-10-06T06:20:18.4194822Z   reason: ^[[32m'audit.hash must equal SHA-256(RFC8785({meta,data}))'^[[39m,
deploy-test	UNKNOWN STEP	2026-10-06T06:20:18.4195238Z   iotTopic: ^[[32m'bnx/device/QA07-4219709243DF-DEV0/telemetry'^[[39m,
deploy-test	UNKNOWN STEP	2026-10-06T06:20:18.4195598Z   iotDeviceId: ^[[32m'QA07-4219709243DF-DEV0'^[[39m
deploy-test	UNKNOWN STEP	2026-10-06T06:20:18.4195830Z }
deploy-test	UNKNOWN STEP	2026-10-06T06:20:18.4195925Z 
deploy-test	UNKNOWN STEP	2026-10-06T06:20:18.4196470Z    ^[[33m^[[2m✓^[[22m^[[39m QA07 paced load, historical backfill, burst, pause recovery, scoped replay and command reliability ^[[33m 39761^[[2mms^[[22m^[[39m
deploy-test	UNKNOWN STEP	2026-10-06T06:20:18.4197427Z    ^[[33m^[[2m✓^[[22m^[[39m QA07 production timestamp boundaries quarantine old or future Telemetry without weakening other topics ^[[33m 1871^[[2mms^[[22m^[[39m
deploy-test	UNKNOWN STEP	2026-10-06T06:20:18.4731284Z Bundling asset Named/ApiFn/Code/Stage...
deploy-test	UNKNOWN STEP	2026-10-06T06:20:19.6669460Z Bundling asset TestStack/IngestionFn/Code/Stage...
deploy-test	UNKNOWN STEP	2026-10-06T06:20:20.6519357Z Bundling asset TestStack/ArchiveFn/Code/Stage...
deploy-test	UNKNOWN STEP	2026-10-06T06:20:21.2120086Z  ^[[32m✓^[[39m apps/cloud-api/test/admin-onboarding.test.ts ^[[2m(^[[22m^[[2m13 tests^[[22m^[[2m)^[[22m^[[33m 3347^[[2mms^[[22m^[[39m
deploy-test	UNKNOWN STEP	2026-10-06T06:20:21.2971085Z Bundling asset TestStack/OutboxPublisherFn/Code/Stage...
deploy-test	UNKNOWN STEP	2026-10-06T06:20:22.0409579Z Bundling asset TestStack/NotificationPublisherFn/Code/Stage...
deploy-test	UNKNOWN STEP	2026-10-06T06:20:22.6649936Z  ^[[32m✓^[[39m apps/cloud-api/test/admin-audit.test.ts ^[[2m(^[[22m^[[2m7 tests^[[22m^[[2m)^[[22m^[[33m 3268^[[2mms^[[22m^[[39m
deploy-test	UNKNOWN STEP	2026-10-06T06:20:22.7769442Z Bundling asset TestStack/SummaryFn/Code/Stage...
deploy-test	UNKNOWN STEP	2026-10-06T06:20:23.5953146Z Bundling asset TestStack/ReplayTriggerPublisherFn/Code/Stage...
deploy-test	UNKNOWN STEP	2026-10-06T06:20:24.4749286Z Bundling asset TestStack/ReplayFn/Code/Stage...
deploy-test	UNKNOWN STEP	2026-10-06T06:20:24.6539905Z  ^[[32m✓^[[39m apps/ingestion-worker/test/outbox-publisher.test.ts ^[[2m(^[[22m^[[2m10 tests^[[22m^[[2m)^[[22m^[[33m 3034^[[2mms^[[22m^[[39m
deploy-test	UNKNOWN STEP	2026-10-06T06:20:25.3500999Z Bundling asset TestStack/CertPackageSweeperFn/Code/Stage...
deploy-test	UNKNOWN STEP	2026-10-06T06:20:26.2266062Z Bundling asset TestStack/OnboardingDeadlineFn/Code/Stage...
deploy-test	UNKNOWN STEP	2026-10-06T06:20:27.2693304Z Bundling asset TestStack/RetirementTimeoutFn/Code/Stage...
deploy-test	UNKNOWN STEP	2026-10-06T06:20:27.2971742Z  ^[[32m✓^[[39m apps/cloud-api/test/business-notifier.test.ts ^[[2m(^[[22m^[[2m10 tests^[[22m^[[2m)^[[22m^[[33m 3549^[[2mms^[[22m^[[39m
deploy-test	UNKNOWN STEP	2026-10-06T06:20:27.3104378Z      ^[[33m^[[2m✓^[[22m^[[39m CRITICAL Alarm 激活：邮件 + Webhook 各一条 SENT 投递；内容白名单字段 ^[[33m 345^[[2mms^[[22m^[[39m
deploy-test	UNKNOWN STEP	2026-10-06T06:20:27.9587194Z Bundling asset TestStack/ActivityExportFn/Code/Stage...
deploy-test	UNKNOWN STEP	2026-10-06T06:20:28.7190174Z  ^[[32m✓^[[39m apps/ingestion-worker/test/heartbeat-handler.test.ts ^[[2m(^[[22m^[[2m6 tests^[[22m^[[2m)^[[22m^[[33m 3384^[[2mms^[[22m^[[39m
deploy-test	UNKNOWN STEP	2026-10-06T06:20:28.7382058Z Bundling asset TestStack/EsgExportFn/Code/Stage...
deploy-test	UNKNOWN STEP	2026-10-06T06:20:29.6789417Z Bundling asset TestStack/CommandPublisherFn/Code/Stage...
deploy-test	UNKNOWN STEP	2026-10-06T06:20:30.5443237Z Bundling asset TestStack/CommandTimeoutFn/Code/Stage...
deploy-test	UNKNOWN STEP	2026-10-06T06:20:31.5375995Z Bundling asset TestStack/OtaDispatcherFn/Code/Stage...
deploy-test	UNKNOWN STEP	2026-10-06T06:20:31.7084630Z  ^[[32m✓^[[39m apps/cloud-api/test/admin-consumable-request.test.ts ^[[2m(^[[22m^[[2m8 tests^[[22m^[[2m)^[[22m^[[33m 3516^[[2mms^[[22m^[[39m
deploy-test	UNKNOWN STEP	2026-10-06T06:20:31.7099246Z      ^[[33m^[[2m✓^[[22m^[[39m 创建→处理→完成；每步状态/处理人/备注/完成时间/审计 ^[[33m 417^[[2mms^[[22m^[[39m
deploy-test	UNKNOWN STEP	2026-10-06T06:20:32.3229489Z Bundling asset TestStack/OnboardingApiFn/Code/Stage...
deploy-test	UNKNOWN STEP	2026-10-06T06:20:33.1619571Z Bundling asset TestStack/OnboardingProvisioningFn/Code/Stage...
deploy-test	UNKNOWN STEP	2026-10-06T06:20:33.2156024Z  ^[[32m✓^[[39m apps/cloud-api/test/admin-device-assignment.test.ts ^[[2m(^[[22m^[[2m9 tests^[[22m^[[2m)^[[22m^[[33m 3351^[[2mms^[[22m^[[39m
deploy-test	UNKNOWN STEP	2026-10-06T06:20:34.0941283Z Bundling asset TestStack/DeviceApiFn/Code/Stage...
deploy-test	UNKNOWN STEP	2026-10-06T06:20:34.8033152Z Bundling asset TestStack/ApiFn/Code/Stage...
deploy-test	UNKNOWN STEP	2026-10-06T06:20:35.4869707Z  ^[[32m✓^[[39m apps/ingestion-worker/test/onboarding-completion.test.ts ^[[2m(^[[22m^[[2m8 tests^[[22m^[[2m)^[[22m^[[33m 3276^[[2mms^[[22m^[[39m
deploy-test	UNKNOWN STEP	2026-10-06T06:20:37.0061195Z  ^[[32m✓^[[39m infra/test/app-stack.test.ts ^[[2m(^[[22m^[[2m39 tests^[[22m^[[2m)^[[22m^[[33m 28930^[[2mms^[[22m^[[39m
deploy-test	UNKNOWN STEP	2026-10-06T06:20:37.0062332Z      ^[[33m^[[2m✓^[[22m^[[39m Stack 物理名带环境前缀 ^[[33m 11480^[[2mms^[[22m^[[39m
deploy-test	UNKNOWN STEP	2026-10-06T06:20:37.0133258Z      ^[[33m^[[2m✓^[[22m^[[39m 仅显式 local/test 模式可保留无 mTLS 的默认入口 ^[[33m 17307^[[2mms^[[22m^[[39m
deploy-test	UNKNOWN STEP	2026-10-06T06:20:37.3364093Z  ^[[32m✓^[[39m apps/admin-web/test/components.test.tsx ^[[2m(^[[22m^[[2m18 tests^[[22m^[[2m)^[[22m^[[33m 2282^[[2mms^[[22m^[[39m
deploy-test	UNKNOWN STEP	2026-10-06T06:20:37.3419485Z    ^[[33m^[[2m✓^[[22m^[[39m CursorTable：数据行渲染与游标分页（下一页携 nextCursor，无下一页时禁用） ^[[33m 391^[[2mms^[[22m^[[39m
deploy-test	UNKNOWN STEP	2026-10-06T06:20:37.3449547Z    ^[[33m^[[2m✓^[[22m^[[39m ScopeFilter：三级联动（上游变更清空下游），标签均可用 ^[[33m 383^[[2mms^[[22m^[[39m
deploy-test	UNKNOWN STEP	2026-10-06T06:20:37.8966676Z  ^[[32m✓^[[39m apps/ingestion-worker/test/archive-worker.test.ts ^[[2m(^[[22m^[[2m11 tests^[[22m^[[2m)^[[22m^[[32m 23^[[2mms^[[22m^[[39m
deploy-test	UNKNOWN STEP	2026-10-06T06:20:39.9978786Z  ^[[32m✓^[[39m apps/ingestion-worker/test/signals-ack.test.ts ^[[2m(^[[22m^[[2m13 tests^[[22m^[[2m)^[[22m^[[33m 3731^[[2mms^[[22m^[[39m
deploy-test	UNKNOWN STEP	2026-10-06T06:20:41.2593167Z  ^[[32m✓^[[39m packages/database/test/db01.test.ts ^[[2m(^[[22m^[[2m21 tests^[[22m^[[2m)^[[22m^[[33m 3131^[[2mms^[[22m^[[39m
deploy-test	UNKNOWN STEP	2026-10-06T06:20:41.4807143Z  ^[[32m✓^[[39m apps/summary-worker/test/aggregation-worker.test.ts ^[[2m(^[[22m^[[2m6 tests^[[22m^[[2m)^[[22m^[[33m 3755^[[2mms^[[22m^[[39m
deploy-test	UNKNOWN STEP	2026-10-06T06:20:41.4814758Z      ^[[33m^[[2m✓^[[22m^[[39m 固定输入产生确定输出：hourly 完整率（缺失序号）、daily 加权 rollup、ESG 日汇总 + 计算版本 ^[[33m 352^[[2mms^[[22m^[[39m
deploy-test	UNKNOWN STEP	2026-10-06T06:20:45.2867961Z  ^[[32m✓^[[39m apps/ingestion-worker/test/signals-handlers.test.ts ^[[2m(^[[22m^[[2m8 tests^[[22m^[[2m)^[[22m^[[33m 3430^[[2mms^[[22m^[[39m
deploy-test	UNKNOWN STEP	2026-10-06T06:20:46.1881758Z  ^[[32m✓^[[39m apps/admin-web/test/configuration.test.tsx ^[[2m(^[[22m^[[2m9 tests^[[22m^[[2m)^[[22m^[[33m 4382^[[2mms^[[22m^[[39m
deploy-test	UNKNOWN STEP	2026-10-06T06:20:46.1883070Z    ^[[33m^[[2m✓^[[22m^[[39m 版本表单只渲染 V1 四字段且单位正确；候选扩展字段不存在于 DOM ^[[33m 779^[[2mms^[[22m^[[39m
deploy-test	UNKNOWN STEP	2026-10-06T06:20:46.1883943Z    ^[[33m^[[2m✓^[[22m^[[39m 非法范围/非整数有字段级错误且禁止提交；合法后提交四字段快照 ^[[33m 1996^[[2mms^[[22m^[[39m
deploy-test	UNKNOWN STEP	2026-10-06T06:20:46.1884710Z    ^[[33m^[[2m✓^[[22m^[[39m 发布：生效时间可选且需合法；成功后提示 CONFIG_CHANGED 通知 ^[[33m 746^[[2mms^[[22m^[[39m
deploy-test	UNKNOWN STEP	2026-10-06T06:20:46.1885431Z    ^[[33m^[[2m✓^[[22m^[[39m 列表与筛选：行渲染；筛选应用与重置；新建配置目标二选一 ^[[33m 620^[[2mms^[[22m^[[39m
deploy-test	UNKNOWN STEP	2026-10-06T06:20:47.1716070Z  ^[[32m✓^[[39m apps/ingestion-worker/test/ingest-receipt.test.ts ^[[2m(^[[22m^[[2m9 tests^[[22m^[[2m)^[[22m^[[33m 5511^[[2mms^[[22m^[[39m
deploy-test	UNKNOWN STEP	2026-10-06T06:20:47.1717472Z      ^[[33m^[[2m✓^[[22m^[[39m 5% 重复 + 2% 乱序模拟：无重复业务记录，全部到达后无未解除缺口 ^[[33m 2098^[[2mms^[[22m^[[39m
deploy-test	UNKNOWN STEP	2026-10-06T06:20:48.6794991Z  ^[[32m✓^[[39m apps/ingestion-worker/test/replay-worker.test.ts ^[[2m(^[[22m^[[2m6 tests^[[22m^[[2m)^[[22m^[[33m 2980^[[2mms^[[22m^[[39m
deploy-test	UNKNOWN STEP	2026-10-06T06:20:52.6679961Z  ^[[32m✓^[[39m apps/admin-web/test/alarms.test.tsx ^[[2m(^[[22m^[[2m10 tests^[[22m^[[2m)^[[22m^[[33m 4573^[[2mms^[[22m^[[39m
deploy-test	UNKNOWN STEP	2026-10-06T06:20:52.6719600Z    ^[[33m^[[2m✓^[[22m^[[39m 状态更新：ACTIVE 可确认/清除 → ACKNOWLEDGED 仅清除 → CLEARED 无动作；每步原因必填 ^[[33m 2221^[[2mms^[[22m^[[39m
deploy-test	UNKNOWN STEP	2026-10-06T06:20:52.6749680Z    ^[[33m^[[2m✓^[[22m^[[39m 重复操作幂等：replayed=true 提示已幂等忽略且不重复写入语义 ^[[33m 469^[[2mms^[[22m^[[39m
deploy-test	UNKNOWN STEP	2026-10-06T06:20:52.6799421Z    ^[[33m^[[2m✓^[[22m^[[39m 后端拒绝呈现：CLEARED 终态确认 → 409 CONFLICT；无 alarm:write → 403/按钮禁用 ^[[33m 696^[[2mms^[[22m^[[39m
deploy-test	UNKNOWN STEP	2026-10-06T06:20:52.6800450Z    ^[[33m^[[2m✓^[[22m^[[39m 筛选参数与 URL 同步：应用后 replaceState；urlStateFromSearch 可回读 ^[[33m 393^[[2mms^[[22m^[[39m
deploy-test	UNKNOWN STEP	2026-10-06T06:20:52.6801355Z    ^[[33m^[[2m✓^[[22m^[[39m 三个 Tab 切换；Event/Tamper 只读（无操作列）；Tamper details 原样 JSON 透传 ^[[33m 313^[[2mms^[[22m^[[39m
deploy-test	UNKNOWN STEP	2026-10-06T06:20:52.6821679Z  ^[[32m✓^[[39m apps/cloud-api/test/admin-device-status.test.ts ^[[2m(^[[22m^[[2m8 tests^[[22m^[[2m)^[[22m^[[33m 2983^[[2mms^[[22m^[[39m
deploy-test	UNKNOWN STEP	2026-10-06T06:20:53.9067031Z  ^[[32m✓^[[39m apps/cloud-api/test/certificate-rotate.test.ts ^[[2m(^[[22m^[[2m8 tests^[[22m^[[2m)^[[22m^[[33m 5646^[[2mms^[[22m^[[39m
deploy-test	UNKNOWN STEP	2026-10-06T06:20:53.9099306Z      ^[[33m^[[2m✓^[[22m^[[39m 缺失 CSR 不签发；AWS attach 失败保留可重试停用记录并保留旧证 ^[[33m 468^[[2mms^[[22m^[[39m
deploy-test	UNKNOWN STEP	2026-10-06T06:20:53.9109834Z      ^[[33m^[[2m✓^[[22m^[[39m 正向：返回五字段证书包；双证书窗口（旧证仍可用）；私钥不落库/审计 ^[[33m 355^[[2mms^[[22m^[[39m
deploy-test	UNKNOWN STEP	2026-10-06T06:20:53.9110829Z      ^[[33m^[[2m✓^[[22m^[[39m 旧证书错误/跨设备拒绝：缺字段 400；与身份不符 403（含他设备证书） ^[[33m 447^[[2mms^[[22m^[[39m
deploy-test	UNKNOWN STEP	2026-10-06T06:20:53.9111648Z      ^[[33m^[[2m✓^[[22m^[[39m 响应不确定重试：撤销未确认证书并重签，不重复下发同一私钥 ^[[33m 410^[[2mms^[[22m^[[39m
deploy-test	UNKNOWN STEP	2026-10-06T06:20:53.9112557Z      ^[[33m^[[2m✓^[[22m^[[39m 成功提交后、首个新证 Heartbeat 前重复请求稳定冲突且不撤证重签 ^[[33m 335^[[2mms^[[22m^[[39m
deploy-test	UNKNOWN STEP	2026-10-06T06:20:53.9113391Z      ^[[33m^[[2m✓^[[22m^[[39m 部分失败（发证后 attach 失败）可重试：不建孤儿业务记录，重试成功 ^[[33m 365^[[2mms^[[22m^[[39m
deploy-test	UNKNOWN STEP	2026-10-06T06:20:56.5310812Z  ^[[32m✓^[[39m apps/cloud-api/test/admin-settings.test.ts ^[[2m(^[[22m^[[2m10 tests^[[22m^[[2m)^[[22m^[[33m 3204^[[2mms^[[22m^[[39m
deploy-test	UNKNOWN STEP	2026-10-06T06:20:57.5829014Z  ^[[32m✓^[[39m apps/cloud-api/test/license-sync-lifecycle.test.ts ^[[2m(^[[22m^[[2m10 tests^[[22m^[[2m)^[[22m^[[33m 4437^[[2mms^[[22m^[[39m
deploy-test	UNKNOWN STEP	2026-10-06T06:20:57.5830442Z    ^[[33m^[[2m✓^[[22m^[[39m real PostgreSQL: served snapshot and signed local verification drive Assigned→Licensed→Active once ^[[33m 669^[[2mms^[[22m^[[39m
deploy-test	UNKNOWN STEP	2026-10-06T06:21:00.7650749Z  ^[[32m✓^[[39m apps/cloud-api/test/admin-device-metadata.test.ts ^[[2m(^[[22m^[[2m10 tests^[[22m^[[2m)^[[22m^[[33m 3338^[[2mms^[[22m^[[39m
deploy-test	UNKNOWN STEP	2026-10-06T06:21:01.2554971Z  ^[[32m✓^[[39m packages/auth/test/secure-package.test.ts ^[[2m(^[[22m^[[2m14 tests^[[22m^[[2m)^[[22m^[[33m 3293^[[2mms^[[22m^[[39m
deploy-test	UNKNOWN STEP	2026-10-06T06:21:02.5301699Z  ^[[32m✓^[[39m apps/admin-web/test/media.test.tsx ^[[2m(^[[22m^[[2m13 tests^[[22m^[[2m)^[[22m^[[33m 6247^[[2mms^[[22m^[[39m
deploy-test	UNKNOWN STEP	2026-10-06T06:21:02.5304610Z    ^[[33m^[[2m✓^[[22m^[[39m 列表渲染元数据；类型/设备/状态/时间筛选经回调应用（时间转 UTC ISO） ^[[33m 1449^[[2mms^[[22m^[[39m
deploy-test	UNKNOWN STEP	2026-10-06T06:21:02.5305564Z    ^[[33m^[[2m✓^[[22m^[[39m Customer 角色不暴露 customerId 筛选（服务端强制租户隔离） ^[[33m 407^[[2mms^[[22m^[[39m
deploy-test	UNKNOWN STEP	2026-10-06T06:21:02.5306447Z    ^[[33m^[[2m✓^[[22m^[[39m 图片查看：实时签发短期 URL → img 渲染 + 下载链接 + 有效期提示 ^[[33m 621^[[2mms^[[22m^[[39m
deploy-test	UNKNOWN STEP	2026-10-06T06:21:02.5307314Z    ^[[33m^[[2m✓^[[22m^[[39m 视频查看：录制文件受控查看（video 元素）；页面无实时流语义 ^[[33m 912^[[2mms^[[22m^[[39m
deploy-test	UNKNOWN STEP	2026-10-06T06:21:02.5348285Z    ^[[33m^[[2m✓^[[22m^[[39m 链接过期后重新申请：注入时钟判定过期 → 重新申请实时重签 ^[[33m 677^[[2mms^[[22m^[[39m
deploy-test	UNKNOWN STEP	2026-10-06T06:21:02.5349253Z    ^[[33m^[[2m✓^[[22m^[[39m 关闭预览即弃用授权 URL（不持久缓存）：重开重新申请 ^[[33m 517^[[2mms^[[22m^[[39m
deploy-test	UNKNOWN STEP	2026-10-06T06:21:02.5349711Z    ^[[33m^[[2m✓^[[22m^[[39m 跨 Customer 资源不可访问：列表 403 → 无权界面；下载 404 → 错误可读并可重试 ^[[33m 803^[[2mms^[[22m^[[39m
deploy-test	UNKNOWN STEP	2026-10-06T06:21:05.2315590Z  ^[[32m✓^[[39m apps/ingestion-worker/test/report-handler.test.ts ^[[2m(^[[22m^[[2m7 tests^[[22m^[[2m)^[[22m^[[33m 3630^[[2mms^[[22m^[[39m
deploy-test	UNKNOWN STEP	2026-10-06T06:21:05.2359783Z      ^[[33m^[[2m✓^[[22m^[[39m 合法 CYCLE 报告：RDS 全字段映射 + 恰好一个归档事件（字段与 RDS 完整一致，保留方法版本与 audit.hash） ^[[33m 426^[[2mms^[[22m^[[39m
deploy-test	UNKNOWN STEP	2026-10-06T06:21:06.8598362Z ^[[90mstderr^[[2m | apps/ingestion-worker/test/telemetry-handler.test.ts^[[2m > ^[[22m^[[2mcreateTelemetryHandler（BE-IOT-05）^[[2m > ^[[22m^[[2m字段范围错误被隔离（端到端）：humidityPct>100 进 Quarantine，无聚合/归档；同批合法消息照常处理
deploy-test	UNKNOWN STEP	2026-10-06T06:21:06.8599515Z ^[[22m^[[39mingestion message quarantined {
deploy-test	UNKNOWN STEP	2026-10-06T06:21:06.8600522Z   event: ^[[32m'ingestion.quarantined'^[[39m,
deploy-test	UNKNOWN STEP	2026-10-06T06:21:06.8600926Z   messageId: ^[[32m'sqs-bad'^[[39m,
deploy-test	UNKNOWN STEP	2026-10-06T06:21:06.8601336Z   errorType: ^[[32m'SCHEMA_VIOLATION'^[[39m,
deploy-test	UNKNOWN STEP	2026-10-06T06:21:06.8601752Z   errorPath: ^[[32m'data.humidityPct'^[[39m,
deploy-test	UNKNOWN STEP	2026-10-06T06:21:06.8602310Z   reason: ^[[32m'payload violates telemetry.schema.json: 150 > 100'^[[39m,
deploy-test	UNKNOWN STEP	2026-10-06T06:21:06.8602908Z   iotTopic: ^[[32m'bnx/device/dev-tel-5/telemetry'^[[39m,
deploy-test	UNKNOWN STEP	2026-10-06T06:21:06.8603346Z   iotDeviceId: ^[[32m'dev-tel-5'^[[39m
deploy-test	UNKNOWN STEP	2026-10-06T06:21:06.8603626Z }
deploy-test	UNKNOWN STEP	2026-10-06T06:21:06.8603760Z 
deploy-test	UNKNOWN STEP	2026-10-06T06:21:06.9336977Z  ^[[32m✓^[[39m apps/ingestion-worker/test/telemetry-handler.test.ts ^[[2m(^[[22m^[[2m6 tests^[[22m^[[2m)^[[22m^[[33m 3732^[[2mms^[[22m^[[39m
deploy-test	UNKNOWN STEP	2026-10-06T06:21:06.9410568Z      ^[[33m^[[2m✓^[[22m^[[39m 同设备同窗口并发 20 条：sampleCount 与 metrics 原子累计不丢增量 ^[[33m 304^[[2mms^[[22m^[[39m
deploy-test	UNKNOWN STEP	2026-10-06T06:21:07.2090103Z  ^[[32m✓^[[39m packages/domain/test/device-lifecycle.test.ts ^[[2m(^[[22m^[[2m98 tests^[[22m^[[2m)^[[22m^[[32m 24^[[2mms^[[22m^[[39m
deploy-test	UNKNOWN STEP	2026-10-06T06:21:09.7182674Z  ^[[32m✓^[[39m apps/cloud-api/test/qa06-security.test.ts ^[[2m(^[[22m^[[2m4 tests^[[22m^[[2m)^[[22m^[[33m 8171^[[2mms^[[22m^[[39m
deploy-test	UNKNOWN STEP	2026-10-06T06:21:09.7196299Z    ^[[33m^[[2m✓^[[22m^[[39m QA06 signed tenant scope and SQL JSON injection cannot cross boundaries or corrupt business state ^[[33m 3681^[[2mms^[[22m^[[39m
deploy-test	UNKNOWN STEP	2026-10-06T06:21:09.7197616Z    ^[[33m^[[2m✓^[[22m^[[39m QA06 malicious media filenames and metadata reject before signing or persistence ^[[33m 2231^[[2mms^[[22m^[[39m
deploy-test	UNKNOWN STEP	2026-10-06T06:21:09.7198890Z    ^[[33m^[[2m✓^[[22m^[[39m QA06 raw canaries are absent from actual logger trace audit and snapshot artifacts ^[[33m 2069^[[2mms^[[22m^[[39m
deploy-test	UNKNOWN STEP	2026-10-06T06:21:09.7796781Z  ^[[32m✓^[[39m apps/cloud-api/test/device-deactivate.test.ts ^[[2m(^[[22m^[[2m11 tests^[[22m^[[2m)^[[22m^[[33m 3378^[[2mms^[[22m^[[39m
deploy-test	UNKNOWN STEP	2026-10-06T06:21:11.0970489Z  ^[[32m✓^[[39m apps/admin-web/test/dashboard.test.tsx ^[[2m(^[[22m^[[2m12 tests^[[22m^[[2m)^[[22m^[[33m 2008^[[2mms^[[22m^[[39m
deploy-test	UNKNOWN STEP	2026-10-06T06:21:11.0971587Z    ^[[33m^[[2m✓^[[22m^[[39m 10 设备 Fixture：全部指标与卡片值一致 ^[[33m 626^[[2mms^[[22m^[[39m
deploy-test	UNKNOWN STEP	2026-10-06T06:21:11.0972429Z    ^[[33m^[[2m✓^[[22m^[[39m 命令提交：确认后调用提交器并显示 Pending（非“成功”） ^[[33m 750^[[2mms^[[22m^[[39m
deploy-test	UNKNOWN STEP	2026-10-06T06:21:13.8856246Z  ^[[32m✓^[[39m packages/database/test/db02.test.ts ^[[2m(^[[22m^[[2m13 tests^[[22m^[[2m)^[[22m^[[33m 3838^[[2mms^[[22m^[[39m
deploy-test	UNKNOWN STEP	2026-10-06T06:21:14.3380113Z  ^[[32m✓^[[39m apps/cloud-api/test/admin-command-query.test.ts ^[[2m(^[[22m^[[2m4 tests^[[22m^[[2m)^[[22m^[[33m 3739^[[2mms^[[22m^[[39m
deploy-test	UNKNOWN STEP	2026-10-06T06:21:15.0339419Z Bundling asset DeployTest/IngestionFn/Code/Stage...
deploy-test	UNKNOWN STEP	2026-10-06T06:21:15.8400148Z Bundling asset DeployTest/ArchiveFn/Code/Stage...
deploy-test	UNKNOWN STEP	2026-10-06T06:21:16.4231107Z Bundling asset DeployTest/OutboxPublisherFn/Code/Stage...
deploy-test	UNKNOWN STEP	2026-10-06T06:21:17.2459412Z Bundling asset DeployTest/NotificationPublisherFn/Code/Stage...
deploy-test	UNKNOWN STEP	2026-10-06T06:21:17.9909825Z Bundling asset DeployTest/SummaryFn/Code/Stage...
deploy-test	UNKNOWN STEP	2026-10-06T06:21:18.7232692Z Bundling asset DeployTest/ReplayTriggerPublisherFn/Code/Stage...
deploy-test	UNKNOWN STEP	2026-10-06T06:21:19.4363994Z Bundling asset DeployTest/ReplayFn/Code/Stage...
deploy-test	UNKNOWN STEP	2026-10-06T06:21:19.8011950Z ^[[90mstderr^[[2m | apps/ingestion-worker/test/qa03-data-path.test.ts^[[2m > ^[[22m^[[2mQA03 partial failure, quarantine retry, payload conflict and gap recovery
deploy-test	UNKNOWN STEP	2026-10-06T06:21:19.8049193Z ^[[22m^[[39mingestion message quarantined {
deploy-test	UNKNOWN STEP	2026-10-06T06:21:19.8079542Z   event: ^[[32m'ingestion.quarantined'^[[39m,
deploy-test	UNKNOWN STEP	2026-10-06T06:21:19.8080662Z   messageId: ^[[32m'QA03-invalid-json'^[[39m,
deploy-test	UNKNOWN STEP	2026-10-06T06:21:19.8099194Z   errorType: ^[[32m'INVALID_JSON'^[[39m,
deploy-test	UNKNOWN STEP	2026-10-06T06:21:19.8099766Z   errorPath: ^[[32m'(root)'^[[39m,
deploy-test	UNKNOWN STEP	2026-10-06T06:21:19.8100266Z   reason: ^[[32m'message body is not valid JSON'^[[39m
deploy-test	UNKNOWN STEP	2026-10-06T06:21:19.8100673Z }
deploy-test	UNKNOWN STEP	2026-10-06T06:21:19.8100932Z 
deploy-test	UNKNOWN STEP	2026-10-06T06:21:19.8679830Z ^[[90mstderr^[[2m | apps/ingestion-worker/test/qa03-data-path.test.ts^[[2m > ^[[22m^[[2mQA03 partial failure, quarantine retry, payload conflict and gap recovery
deploy-test	UNKNOWN STEP	2026-10-06T06:21:19.8709114Z ^[[22m^[[39mingestion message quarantined {
deploy-test	UNKNOWN STEP	2026-10-06T06:21:19.8709848Z   event: ^[[32m'ingestion.quarantined'^[[39m,
deploy-test	UNKNOWN STEP	2026-10-06T06:21:19.8739074Z   messageId: ^[[32m'QA03-invalid-json'^[[39m,
deploy-test	UNKNOWN STEP	2026-10-06T06:21:19.8768881Z   errorType: ^[[32m'INVALID_JSON'^[[39m,
deploy-test	UNKNOWN STEP	2026-10-06T06:21:19.8774370Z   errorPath: ^[[32m'(root)'^[[39m,
deploy-test	UNKNOWN STEP	2026-10-06T06:21:19.8775070Z   reason: ^[[32m'message body is not valid JSON'^[[39m
deploy-test	UNKNOWN STEP	2026-10-06T06:21:19.8775640Z }
deploy-test	UNKNOWN STEP	2026-10-06T06:21:19.8775863Z 
deploy-test	UNKNOWN STEP	2026-10-06T06:21:19.8800291Z ^[[90mstderr^[[2m | apps/ingestion-worker/test/qa03-data-path.test.ts^[[2m > ^[[22m^[[2mQA03 partial failure, quarantine retry, payload conflict and gap recovery
deploy-test	UNKNOWN STEP	2026-10-06T06:21:19.8806897Z ^[[22m^[[39mingestion message quarantined {
deploy-test	UNKNOWN STEP	2026-10-06T06:21:19.8838503Z   event: ^[[32m'ingestion.quarantined'^[[39m,
deploy-test	UNKNOWN STEP	2026-10-06T06:21:19.8845681Z   messageId: ^[[32m'conflict'^[[39m,
deploy-test	UNKNOWN STEP	2026-10-06T06:21:19.8846329Z   errorType: ^[[32m'PAYLOAD_CONFLICT'^[[39m,
deploy-test	UNKNOWN STEP	2026-10-06T06:21:19.8847004Z   errorPath: ^[[32m'meta.seq'^[[39m,
deploy-test	UNKNOWN STEP	2026-10-06T06:21:19.8848172Z   reason: ^[[32m'receipt key QA03-A41F49E21F7E-DEV0:telemetry:1 already recorded with different payload hash (security anomaly)'^[[39m,
deploy-test	UNKNOWN STEP	2026-10-06T06:21:19.8849230Z   iotTopic: ^[[32m'bnx/device/QA03-A41F49E21F7E-DEV0/telemetry'^[[39m,
deploy-test	UNKNOWN STEP	2026-10-06T06:21:19.8849831Z   iotDeviceId: ^[[32m'QA03-A41F49E21F7E-DEV0'^[[39m
deploy-test	UNKNOWN STEP	2026-10-06T06:21:19.8850283Z }
deploy-test	UNKNOWN STEP	2026-10-06T06:21:19.8850586Z 
deploy-test	UNKNOWN STEP	2026-10-06T06:21:19.8851535Z ^[[90mstderr^[[2m | apps/ingestion-worker/test/qa03-data-path.test.ts^[[2m > ^[[22m^[[2mQA03 partial failure, quarantine retry, payload conflict and gap recovery
deploy-test	UNKNOWN STEP	2026-10-06T06:21:19.8852440Z ^[[22m^[[39mingestion message quarantined {
deploy-test	UNKNOWN STEP	2026-10-06T06:21:19.8852975Z   event: ^[[32m'ingestion.quarantined'^[[39m,
deploy-test	UNKNOWN STEP	2026-10-06T06:21:19.8853496Z   messageId: ^[[32m'schema'^[[39m,
deploy-test	UNKNOWN STEP	2026-10-06T06:21:19.8853990Z   errorType: ^[[32m'SCHEMA_VIOLATION'^[[39m,
deploy-test	UNKNOWN STEP	2026-10-06T06:21:19.8854527Z   errorPath: ^[[32m'data.deviceStatus'^[[39m,
deploy-test	UNKNOWN STEP	2026-10-06T06:21:19.8855399Z   reason: ^[[32m'payload violates heartbeat.schema.json: 非法枚举值 "BROKEN"，允许值: ONLINE, DEGRADED, OFFLINE'^[[39m,
deploy-test	UNKNOWN STEP	2026-10-06T06:21:19.8856223Z   iotTopic: ^[[32m'bnx/device/QA03-A41F49E21F7E-DEV0/heartbeat'^[[39m,
deploy-test	UNKNOWN STEP	2026-10-06T06:21:19.8856871Z   iotDeviceId: ^[[32m'QA03-A41F49E21F7E-DEV0'^[[39m
deploy-test	UNKNOWN STEP	2026-10-06T06:21:19.8857279Z }
deploy-test	UNKNOWN STEP	2026-10-06T06:21:19.8857506Z 
deploy-test	UNKNOWN STEP	2026-10-06T06:21:19.8858440Z ^[[90mstderr^[[2m | apps/ingestion-worker/test/qa03-data-path.test.ts^[[2m > ^[[22m^[[2mQA03 partial failure, quarantine retry, payload conflict and gap recovery
deploy-test	UNKNOWN STEP	2026-10-06T06:21:19.8859200Z ^[[22m^[[39mingestion message quarantined {
deploy-test	UNKNOWN STEP	2026-10-06T06:21:19.8868754Z   event: ^[[32m'ingestion.quarantined'^[[39m,
deploy-test	UNKNOWN STEP	2026-10-06T06:21:19.8869158Z   messageId: ^[[32m'identity'^[[39m,
deploy-test	UNKNOWN STEP	2026-10-06T06:21:19.8869550Z   errorType: ^[[32m'IDENTITY_VIOLATION'^[[39m,
deploy-test	UNKNOWN STEP	2026-10-06T06:21:19.8869906Z   errorPath: ^[[32m'iotDeviceId'^[[39m,
deploy-test	UNKNOWN STEP	2026-10-06T06:21:19.8870364Z   reason: ^[[32m'topic device does not match certificate binding'^[[39m,
deploy-test	UNKNOWN STEP	2026-10-06T06:21:19.8870925Z   iotTopic: ^[[32m'bnx/device/QA03-A41F49E21F7E-DEV0/event'^[[39m,
deploy-test	UNKNOWN STEP	2026-10-06T06:21:19.8871381Z   iotDeviceId: ^[[32m'QA03-A41F49E21F7E-DEV0'^[[39m
deploy-test	UNKNOWN STEP	2026-10-06T06:21:19.8871676Z }
deploy-test	UNKNOWN STEP	2026-10-06T06:21:19.8871831Z 
deploy-test	UNKNOWN STEP	2026-10-06T06:21:20.2431620Z Bundling asset DeployTest/CertPackageSweeperFn/Code/Stage...
deploy-test	UNKNOWN STEP	2026-10-06T06:21:20.9909389Z Bundling asset DeployTest/OnboardingDeadlineFn/Code/Stage...
deploy-test	UNKNOWN STEP	2026-10-06T06:21:21.7409560Z Bundling asset DeployTest/RetirementTimeoutFn/Code/Stage...
deploy-test	UNKNOWN STEP	2026-10-06T06:21:21.8330715Z ^[[90mstderr^[[2m | apps/ingestion-worker/test/qa03-data-path.test.ts^[[2m > ^[[22m^[[2mQA03 archive queue outage and manifest failure converge with stable objects
deploy-test	UNKNOWN STEP	2026-10-06T06:21:21.8343464Z ^[[22m^[[39marchive validation rejected {
deploy-test	UNKNOWN STEP	2026-10-06T06:21:21.8344190Z   kind: ^[[32m'archive.validation_rejected'^[[39m,
deploy-test	UNKNOWN STEP	2026-10-06T06:21:21.8344673Z   messageId: ^[[32m'invalid-archive'^[[39m,
deploy-test	UNKNOWN STEP	2026-10-06T06:21:21.8345106Z   eventId: ^[[1mnull^[[22m,
deploy-test	UNKNOWN STEP	2026-10-06T06:21:21.8345490Z   errorPath: ^[[32m'$'^[[39m,
deploy-test	UNKNOWN STEP	2026-10-06T06:21:21.8346073Z   reason: ^[[32m"Expected property name or '}' in JSON at position 1 (line 1 column 2)"^[[39m,
deploy-test	UNKNOWN STEP	2026-10-06T06:21:21.8346632Z   rawBody: ^[[32m'{bad'^[[39m
deploy-test	UNKNOWN STEP	2026-10-06T06:21:21.8346967Z }
deploy-test	UNKNOWN STEP	2026-10-06T06:21:21.8347491Z 
deploy-test	UNKNOWN STEP	2026-10-06T06:21:21.9418273Z ^[[90mstderr^[[2m | apps/cloud-api/test/qa04-core-api.test.ts^[[2m > ^[[22m^[[2mQA04 audit failure rolls back lifecycle/outbox; retry and replay preserve exactly one audit
deploy-test	UNKNOWN STEP	2026-10-06T06:21:21.9452097Z ^[[22m^[[39maudit FAILURE 记录写入失败 Error [PrismaClientKnownRequestError]: 
deploy-test	UNKNOWN STEP	2026-10-06T06:21:21.9478794Z Invalid `client.auditLog.create()` invocation in
deploy-test	UNKNOWN STEP	2026-10-06T06:21:21.9509082Z /home/runner/work/food-digester-platform/food-digester-platform/packages/database/src/audit.ts:72:25
deploy-test	UNKNOWN STEP	2026-10-06T06:21:21.9509657Z 
deploy-test	UNKNOWN STEP	2026-10-06T06:21:21.9539108Z   69 /** 写一条审计记录。可在事务内（tx）或根 client 上调用。 */
deploy-test	UNKNOWN STEP	2026-10-06T06:21:21.9568814Z   70 export async function recordAudit(client: DbClient, entry: AuditEntry): Promise<void> {
deploy-test	UNKNOWN STEP	2026-10-06T06:21:21.9598680Z   71   const ctx = getRequestContext();
deploy-test	UNKNOWN STEP	2026-10-06T06:21:21.9599228Z → 72   await client.auditLog.create(
deploy-test	UNKNOWN STEP	2026-10-06T06:21:21.9628741Z Database error. Code: `P0001`. Message: `QA04 audit unavailable`
deploy-test	UNKNOWN STEP	2026-10-06T06:21:21.9660133Z     at redactSensitive ^[[90m(/home/runner/work/food-digester-platform/food-digester-platform/^[[39mpackages/observability/src/redaction.ts:43:19^[[90m)^[[39m
deploy-test	UNKNOWN STEP	2026-10-06T06:21:21.9688498Z     at Array.map (<anonymous>)
deploy-test	UNKNOWN STEP	2026-10-06T06:21:21.9689623Z     at Object.error ^[[90m(/home/runner/work/food-digester-platform/food-digester-platform/^[[39mpackages/observability/src/redaction.ts:70:18^[[90m)^[[39m
deploy-test	UNKNOWN STEP	2026-10-06T06:21:21.9707641Z     at audited ^[[90m(/home/runner/work/food-digester-platform/food-digester-platform/^[[39mpackages/database/src/audit.ts:144:14^[[90m)^[[39m
deploy-test	UNKNOWN STEP	2026-10-06T06:21:21.9728846Z ^[[90m    at processTicksAndRejections (node:internal/process/task_queues:103:5)^[[39m
deploy-test	UNKNOWN STEP	2026-10-06T06:21:21.9759108Z     at ^[[90m/home/runner/work/food-digester-platform/food-digester-platform/^[[39mapps/cloud-api/src/admin/device-status/handler.ts:79:20
deploy-test	UNKNOWN STEP	2026-10-06T06:21:21.9785153Z     at Object.suspend ^[[90m(/home/runner/work/food-digester-platform/food-digester-platform/^[[39mapps/cloud-api/src/admin/device-status/handler.ts:104:16^[[90m)^[[39m
deploy-test	UNKNOWN STEP	2026-10-06T06:21:21.9819978Z     at ^[[90m/home/runner/work/food-digester-platform/food-digester-platform/^[[39mapps/cloud-api/test/qa04-core-api.test.ts:193:20
deploy-test	UNKNOWN STEP	2026-10-06T06:21:21.9820888Z  ^[[32m✓^[[39m apps/cloud-api/test/qa04-core-api.test.ts ^[[2m(^[[22m^[[2m3 tests^[[22m^[[2m)^[[22m^[[33m 6949^[[2mms^[[22m^[[39m
deploy-test	UNKNOWN STEP	2026-10-06T06:21:21.9835047Z    ^[[33m^[[2m✓^[[22m^[[39m QA04 five roles, two tenants: read scope, mutation and audit boundaries ^[[33m 3106^[[2mms^[[22m^[[39m
deploy-test	UNKNOWN STEP	2026-10-06T06:21:21.9844202Z     at withFixture ^[[90m(/home/runner/work/food-digester-platform/food-digester-platform/^[[39mapps/cloud-api/test/qa04-core-api.test.ts:50:13^[[90m)^[[39m
deploy-test	UNKNOWN STEP	2026-10-06T06:21:21.9845432Z    ^[[33m^[[2m✓^[[22m^[[39m QA04 concurrent If-Match writes have one winner and one success audit ^[[33m 1975^[[2mms^[[22m^[[39m
deploy-test	UNKNOWN STEP	2026-10-06T06:21:21.9846729Z     at ^[[90m/home/runner/work/food-digester-platform/food-digester-platform/^[[39mapps/cloud-api/test/qa04-core-api.test.ts:184:3
deploy-test	UNKNOWN STEP	2026-10-06T06:21:21.9847430Z 
deploy-test	UNKNOWN STEP	2026-10-06T06:21:21.9859341Z    ^[[33m^[[2m✓^[[22m^[[39m QA04 audit failure rolls back lifecycle/outbox; retry and replay preserve exactly one audit ^[[33m 1864^[[2mms^[[22m^[[39m
deploy-test	UNKNOWN STEP	2026-10-06T06:21:22.4290923Z Bundling asset DeployTest/ActivityExportFn/Code/Stage...
deploy-test	UNKNOWN STEP	2026-10-06T06:21:23.1821280Z Bundling asset DeployTest/EsgExportFn/Code/Stage...
deploy-test	UNKNOWN STEP	2026-10-06T06:21:24.1204322Z Bundling asset DeployTest/CommandPublisherFn/Code/Stage...
deploy-test	UNKNOWN STEP	2026-10-06T06:21:24.9517718Z Bundling asset DeployTest/CommandTimeoutFn/Code/Stage...
deploy-test	UNKNOWN STEP	2026-10-06T06:21:25.4510204Z  ^[[32m✓^[[39m packages/auth/test/device-mtls.test.ts ^[[2m(^[[22m^[[2m11 tests^[[22m^[[2m)^[[22m^[[33m 2994^[[2mms^[[22m^[[39m
deploy-test	UNKNOWN STEP	2026-10-06T06:21:25.6712206Z Bundling asset DeployTest/OtaDispatcherFn/Code/Stage...
deploy-test	UNKNOWN STEP	2026-10-06T06:21:26.3736123Z Bundling asset DeployTest/OnboardingApiFn/Code/Stage...
deploy-test	UNKNOWN STEP	2026-10-06T06:21:26.9988190Z Bundling asset DeployTest/OnboardingProvisioningFn/Code/Stage...
deploy-test	UNKNOWN STEP	2026-10-06T06:21:27.5759693Z  ^[[32m✓^[[39m apps/ingestion-worker/test/qa03-data-path.test.ts ^[[2m(^[[22m^[[2m5 tests^[[22m^[[2m)^[[22m^[[33m 15619^[[2mms^[[22m^[[39m
deploy-test	UNKNOWN STEP	2026-10-06T06:21:27.5798642Z    ^[[33m^[[2m✓^[[22m^[[39m QA03 eight routes: business + receipts + outbox + raw archive, duplicate redelivery ^[[33m 5671^[[2mms^[[22m^[[39m
deploy-test	UNKNOWN STEP	2026-10-06T06:21:27.5799759Z    ^[[33m^[[2m✓^[[22m^[[39m QA03 partial failure, quarantine retry, payload conflict and gap recovery ^[[33m 2265^[[2mms^[[22m^[[39m
deploy-test	UNKNOWN STEP	2026-10-06T06:21:27.5800704Z    ^[[33m^[[2m✓^[[22m^[[39m QA03 archive queue outage and manifest failure converge with stable objects ^[[33m 1944^[[2mms^[[22m^[[39m
deploy-test	UNKNOWN STEP	2026-10-06T06:21:27.5801616Z    ^[[33m^[[2m✓^[[22m^[[39m QA03 business/receipt/outbox transaction rollback then retry ^[[33m 2039^[[2mms^[[22m^[[39m
deploy-test	UNKNOWN STEP	2026-10-06T06:21:27.5802497Z    ^[[33m^[[2m✓^[[22m^[[39m QA03 isolated resources are cleaned even when the scenario throws ^[[33m 3696^[[2mms^[[22m^[[39m
deploy-test	UNKNOWN STEP	2026-10-06T06:21:27.5989292Z Bundling asset DeployTest/DeviceApiFn/Code/Stage...
deploy-test	UNKNOWN STEP	2026-10-06T06:21:28.2559361Z Bundling asset DeployTest/ApiFn/Code/Stage...
deploy-test	UNKNOWN STEP	2026-10-06T06:21:31.1049767Z  ^[[32m✓^[[39m apps/admin-web/test/audit-logs.test.tsx ^[[2m(^[[22m^[[2m9 tests^[[22m^[[2m)^[[22m^[[33m 3917^[[2mms^[[22m^[[39m
deploy-test	UNKNOWN STEP	2026-10-06T06:21:31.1052600Z    ^[[33m^[[2m✓^[[22m^[[39m 筛选：actor/Customer/对象/动作/结果/时间全字段回调（时间转 UTC ISO） ^[[33m 1955^[[2mms^[[22m^[[39m
deploy-test	UNKNOWN STEP	2026-10-06T06:21:31.1107458Z    ^[[33m^[[2m✓^[[22m^[[39m 分页正确：下一页携带 nextCursor ^[[33m 666^[[2mms^[[22m^[[39m
deploy-test	UNKNOWN STEP	2026-10-06T06:21:31.1138940Z    ^[[33m^[[2m✓^[[22m^[[39m 详情：显示脱敏前后值、requestId、原因与 IP/UA ^[[33m 321^[[2mms^[[22m^[[39m
deploy-test	UNKNOWN STEP	2026-10-06T06:21:31.1168946Z    ^[[33m^[[2m✓^[[22m^[[39m Customer 角色无 customerId 筛选；列表 403 → 无权界面 ^[[33m 309^[[2mms^[[22m^[[39m
deploy-test	UNKNOWN STEP	2026-10-06T06:21:31.3766171Z  ^[[32m✓^[[39m packages/domain/test/command.test.ts ^[[2m(^[[22m^[[2m16 tests^[[22m^[[2m)^[[22m^[[32m 10^[[2mms^[[22m^[[39m
deploy-test	UNKNOWN STEP	2026-10-06T06:21:32.1179561Z  ^[[32m✓^[[39m apps/cloud-api/test/csr-onboarding.test.ts ^[[2m(^[[22m^[[2m1 test^[[22m^[[2m)^[[22m^[[33m 3598^[[2mms^[[22m^[[39m
deploy-test	UNKNOWN STEP	2026-10-06T06:21:32.1180561Z      ^[[33m^[[2m✓^[[22m^[[39m 匿名申请、相同公钥幂等、换钥冲突；签名轮询拒绝重放 ^[[33m 432^[[2mms^[[22m^[[39m
deploy-test	UNKNOWN STEP	2026-10-06T06:21:32.2706969Z  ^[[32m✓^[[39m apps/admin-web/test/auth-flow.test.ts ^[[2m(^[[22m^[[2m18 tests^[[22m^[[2m)^[[22m^[[33m 681^[[2mms^[[22m^[[39m
deploy-test	UNKNOWN STEP	2026-10-06T06:21:32.5109794Z  ^[[32m✓^[[39m packages/domain/test/license.test.ts ^[[2m(^[[22m^[[2m17 tests^[[22m^[[2m)^[[22m^[[32m 17^[[2mms^[[22m^[[39m
deploy-test	UNKNOWN STEP	2026-10-06T06:21:32.8559835Z  ^[[32m✓^[[39m infra/test/deployment-config.test.ts ^[[2m(^[[22m^[[2m2 tests^[[22m^[[2m)^[[22m^[[33m 18044^[[2mms^[[22m^[[39m
deploy-test	UNKNOWN STEP	2026-10-06T06:21:32.8562618Z    ^[[33m^[[2m✓^[[22m^[[39m deployment template: unauthed OPTIONS only, fixed origin errors, pinned truststore and private one-shot migration ^[[33m 18035^[[2mms^[[22m^[[39m
deploy-test	UNKNOWN STEP	2026-10-06T06:21:35.6139500Z  ^[[32m✓^[[39m packages/database/test/db03.test.ts ^[[2m(^[[22m^[[2m10 tests^[[22m^[[2m)^[[22m^[[33m 3141^[[2mms^[[22m^[[39m
deploy-test	UNKNOWN STEP	2026-10-06T06:21:35.8513140Z  ^[[32m✓^[[39m apps/admin-web/test/device-view.test.tsx ^[[2m(^[[22m^[[2m6 tests^[[22m^[[2m)^[[22m^[[33m 1212^[[2mms^[[22m^[[39m
deploy-test	UNKNOWN STEP	2026-10-06T06:21:35.8514338Z    ^[[33m^[[2m✓^[[22m^[[39m 选择设备并应用：四级联动；未选设备禁用应用 ^[[33m 630^[[2mms^[[22m^[[39m
deploy-test	UNKNOWN STEP	2026-10-06T06:21:37.0050119Z  ^[[32m✓^[[39m apps/cloud-api/test/certificate-status.test.ts ^[[2m(^[[22m^[[2m8 tests^[[22m^[[2m)^[[22m^[[33m 2956^[[2mms^[[22m^[[39m
deploy-test	UNKNOWN STEP	2026-10-06T06:21:39.8738353Z  ^[[32m✓^[[39m apps/cloud-api/test/admin-replay.test.ts ^[[2m(^[[22m^[[2m5 tests^[[22m^[[2m)^[[22m^[[33m 3226^[[2mms^[[22m^[[39m
deploy-test	UNKNOWN STEP	2026-10-06T06:21:40.9085229Z  ^[[32m✓^[[39m apps/ingestion-worker/test/rotation-confirmation.test.ts ^[[2m(^[[22m^[[2m8 tests^[[22m^[[2m)^[[22m^[[33m 3543^[[2mms^[[22m^[[39m
deploy-test	UNKNOWN STEP	2026-10-06T06:21:41.2306032Z  ^[[32m✓^[[39m apps/admin-web/test/onboarding.test.tsx ^[[2m(^[[22m^[[2m11 tests^[[22m^[[2m)^[[22m^[[33m 3761^[[2mms^[[22m^[[39m
deploy-test	UNKNOWN STEP	2026-10-06T06:21:41.2308420Z    ^[[33m^[[2m✓^[[22m^[[39m 列表与状态筛选：PENDING/APPROVED/REJECTED/TIMED_OUT 标签与状态列 ^[[33m 848^[[2mms^[[22m^[[39m
deploy-test	UNKNOWN STEP	2026-10-06T06:21:41.2309323Z    ^[[33m^[[2m✓^[[22m^[[39m 权限门控：仅 canReview（SuperAdmin）且 PENDING 显示审批操作 ^[[33m 384^[[2mms^[[22m^[[39m
deploy-test	UNKNOWN STEP	2026-10-06T06:21:41.2310100Z    ^[[33m^[[2m✓^[[22m^[[39m 批准：确认后提交并跳转设备详情（携带序列号，不伪造设备记录） ^[[33m 437^[[2mms^[[22m^[[39m
deploy-test	UNKNOWN STEP	2026-10-06T06:21:41.2310703Z    ^[[33m^[[2m✓^[[22m^[[39m 拒绝：原因必填；提交后刷新列表 ^[[33m 769^[[2mms^[[22m^[[39m
deploy-test	UNKNOWN STEP	2026-10-06T06:21:41.2335425Z    ^[[33m^[[2m✓^[[22m^[[39m 重复点击不会重复审批：在途期间后续提交被忽略 ^[[33m 444^[[2mms^[[22m^[[39m
deploy-test	UNKNOWN STEP	2026-10-06T06:21:41.2338015Z    ^[[33m^[[2m✓^[[22m^[[39m 并发审批冲突：409 VERSION_CONFLICT 显示刷新提示 ^[[33m 323^[[2mms^[[22m^[[39m
deploy-test	UNKNOWN STEP	2026-10-06T06:21:43.8355690Z  ^[[32m✓^[[39m apps/admin-web/test/i18n.test.tsx ^[[2m(^[[22m^[[2m7 tests^[[22m^[[2m)^[[22m^[[33m 2176^[[2mms^[[22m^[[39m
deploy-test	UNKNOWN STEP	2026-10-06T06:21:43.8362230Z    ^[[33m^[[2m✓^[[22m^[[39m 切换语言：菜单/面包屑/共享组件文案即时完整更新；localStorage 与 <html lang> 同步 ^[[33m 1457^[[2mms^[[22m^[[39m
deploy-test	UNKNOWN STEP	2026-10-06T06:21:43.8385711Z    ^[[33m^[[2m✓^[[22m^[[39m 刷新/重新登录后语言保持：重新挂载读取持久化值 ^[[33m 642^[[2mms^[[22m^[[39m
deploy-test	UNKNOWN STEP	2026-10-06T06:21:44.5333377Z  ^[[32m✓^[[39m apps/cloud-api/test/admin-certificate-rotation.test.ts ^[[2m(^[[22m^[[2m4 tests^[[22m^[[2m)^[[22m^[[33m 2818^[[2mms^[[22m^[[39m
deploy-test	UNKNOWN STEP	2026-10-06T06:21:44.8802027Z  ^[[32m✓^[[39m infra/test/deployment-governance.test.ts ^[[2m(^[[22m^[[2m2 tests^[[22m^[[2m)^[[22m^[[32m 7^[[2mms^[[22m^[[39m
deploy-test	UNKNOWN STEP	2026-10-06T06:21:47.7386633Z  ^[[32m✓^[[39m apps/admin-web/test/shell.test.tsx ^[[2m(^[[22m^[[2m8 tests^[[22m^[[2m)^[[22m^[[33m 2318^[[2mms^[[22m^[[39m
deploy-test	UNKNOWN STEP	2026-10-06T06:21:47.7420639Z    ^[[33m^[[2m✓^[[22m^[[39m 菜单按角色过滤：PlatformSuperAdmin 见全部 17 项；CustomerViewer 不见受限项 ^[[33m 1447^[[2mms^[[22m^[[39m
deploy-test	UNKNOWN STEP	2026-10-06T06:21:47.9237397Z  ^[[32m✓^[[39m packages/domain/test/contract.test.ts ^[[2m(^[[22m^[[2m9 tests^[[22m^[[2m)^[[22m^[[32m 13^[[2mms^[[22m^[[39m
deploy-test	UNKNOWN STEP	2026-10-06T06:21:48.1379744Z  ^[[32m✓^[[39m apps/admin-web/test/session-manager.test.ts ^[[2m(^[[22m^[[2m10 tests^[[22m^[[2m)^[[22m^[[32m 19^[[2mms^[[22m^[[39m
deploy-test	UNKNOWN STEP	2026-10-06T06:21:48.1979891Z  ^[[32m✓^[[39m apps/cloud-api/test/device-retirement-timeout.test.ts ^[[2m(^[[22m^[[2m5 tests^[[22m^[[2m)^[[22m^[[33m 2737^[[2mms^[[22m^[[39m
deploy-test	UNKNOWN STEP	2026-10-06T06:21:48.4540333Z  ^[[32m✓^[[39m apps/cloud-api/test/device-lambda-composition.test.ts ^[[2m(^[[22m^[[2m13 tests^[[22m^[[2m)^[[22m^[[32m 15^[[2mms^[[22m^[[39m
deploy-test	UNKNOWN STEP	2026-10-06T06:21:48.8750054Z  ^[[32m✓^[[39m apps/cloud-api/test/admin-p1-strict-request.test.ts ^[[2m(^[[22m^[[2m2 tests^[[22m^[[2m)^[[22m^[[32m 17^[[2mms^[[22m^[[39m
deploy-test	UNKNOWN STEP	2026-10-06T06:21:48.9325266Z  ^[[32m✓^[[39m apps/admin-web/test/sites.test.tsx ^[[2m(^[[22m^[[2m7 tests^[[22m^[[2m)^[[22m^[[33m 5604^[[2mms^[[22m^[[39m
deploy-test	UNKNOWN STEP	2026-10-06T06:21:48.9369518Z    ^[[33m^[[2m✓^[[22m^[[39m 列表：Region/Subregion/时区/联系人/设备数/状态列完整；筛选可变更 ^[[33m 810^[[2mms^[[22m^[[39m
deploy-test	UNKNOWN STEP	2026-10-06T06:21:48.9415807Z    ^[[33m^[[2m✓^[[22m^[[39m 详情：地址/时区/联系人/设备数完整展示 ^[[33m 350^[[2mms^[[22m^[[39m
deploy-test	UNKNOWN STEP	2026-10-06T06:21:48.9416705Z    ^[[33m^[[2m✓^[[22m^[[39m 创建：非法时区客户端拦截不提交；合法输入提交成功 ^[[33m 1659^[[2mms^[[22m^[[39m
deploy-test	UNKNOWN STEP	2026-10-06T06:21:48.9441016Z    ^[[33m^[[2m✓^[[22m^[[39m 编辑：customerId 不可变（只读展示）；提交携带当前 version ^[[33m 1280^[[2mms^[[22m^[[39m
deploy-test	UNKNOWN STEP	2026-10-06T06:21:48.9468878Z    ^[[33m^[[2m✓^[[22m^[[39m 停用：展示关联设备数提示；原因必填；409 版本冲突提示刷新 ^[[33m 1359^[[2mms^[[22m^[[39m
deploy-test	UNKNOWN STEP	2026-10-06T06:21:49.2473268Z  ^[[32m✓^[[39m apps/admin-web/test/guard-menu.test.ts ^[[2m(^[[22m^[[2m13 tests^[[22m^[[2m)^[[22m^[[32m 8^[[2mms^[[22m^[[39m
deploy-test	UNKNOWN STEP	2026-10-06T06:21:49.4064038Z  ^[[32m✓^[[39m packages/aws-clients/test/iot-device-policy.test.ts ^[[2m(^[[22m^[[2m12 tests^[[22m^[[2m)^[[22m^[[32m 9^[[2mms^[[22m^[[39m
deploy-test	UNKNOWN STEP	2026-10-06T06:21:49.5260117Z  ^[[32m✓^[[39m apps/admin-web/test/http-client.test.ts ^[[2m(^[[22m^[[2m7 tests^[[22m^[[2m)^[[22m^[[32m 5^[[2mms^[[22m^[[39m
deploy-test	UNKNOWN STEP	2026-10-06T06:21:49.6729371Z Bundling asset Qa09Perf/IngestionFn/Code/Stage...
deploy-test	UNKNOWN STEP	2026-10-06T06:21:49.8960147Z  ^[[32m✓^[[39m packages/database/test/observed-pg.test.ts ^[[2m(^[[22m^[[2m4 tests^[[22m^[[2m)^[[22m^[[32m 172^[[2mms^[[22m^[[39m
deploy-test	UNKNOWN STEP	2026-10-06T06:21:50.5859110Z Bundling asset Qa09Perf/ArchiveFn/Code/Stage...
deploy-test	UNKNOWN STEP	2026-10-06T06:21:51.0126877Z Bundling asset Qa09Perf/OutboxPublisherFn/Code/Stage...
deploy-test	UNKNOWN STEP	2026-10-06T06:21:51.8457306Z Bundling asset Qa09Perf/NotificationPublisherFn/Code/Stage...
deploy-test	UNKNOWN STEP	2026-10-06T06:21:52.4446254Z Bundling asset Qa09Perf/SummaryFn/Code/Stage...
deploy-test	UNKNOWN STEP	2026-10-06T06:21:53.0970014Z  ^[[32m✓^[[39m apps/admin-web/test/device-groups.test.tsx ^[[2m(^[[22m^[[2m6 tests^[[22m^[[2m)^[[22m^[[33m 3038^[[2mms^[[22m^[[39m
deploy-test	UNKNOWN STEP	2026-10-06T06:21:53.1069427Z    ^[[33m^[[2m✓^[[22m^[[39m 列表字段覆盖矩阵：序号/区域/子区域/ID/别名/合约/租期/固件/四轴/操作 ^[[33m 990^[[2mms^[[22m^[[39m
deploy-test	UNKNOWN STEP	2026-10-06T06:21:53.1138976Z    ^[[33m^[[2m✓^[[22m^[[39m 筛选：搜索应用草稿（关键字+四轴+授权），重置清空 ^[[33m 867^[[2mms^[[22m^[[39m
deploy-test	UNKNOWN STEP	2026-10-06T06:21:53.1209239Z    ^[[33m^[[2m✓^[[22m^[[39m Region/Subregion/Site 联动筛选进入查询条件 ^[[33m 495^[[2mms^[[22m^[[39m
deploy-test	UNKNOWN STEP	2026-10-06T06:21:53.1298004Z Bundling asset Qa09Perf/ReplayTriggerPublisherFn/Code/Stage...
deploy-test	UNKNOWN STEP	2026-10-06T06:21:53.2606071Z  ^[[32m✓^[[39m apps/ingestion-worker/test/ota-status-ack.test.ts ^[[2m(^[[22m^[[2m3 tests^[[22m^[[2m)^[[22m^[[33m 2872^[[2mms^[[22m^[[39m
deploy-test	UNKNOWN STEP	2026-10-06T06:21:53.7128746Z Bundling asset Qa09Perf/ReplayFn/Code/Stage...
deploy-test	UNKNOWN STEP	2026-10-06T06:21:54.4231810Z Bundling asset Qa09Perf/CertPackageSweeperFn/Code/Stage...
deploy-test	UNKNOWN STEP	2026-10-06T06:21:55.3355545Z Bundling asset Qa09Perf/OnboardingDeadlineFn/Code/Stage...
deploy-test	UNKNOWN STEP	2026-10-06T06:21:56.0461669Z Bundling asset Qa09Perf/RetirementTimeoutFn/Code/Stage...
deploy-test	UNKNOWN STEP	2026-10-06T06:21:56.6486202Z  ^[[32m✓^[[39m apps/cloud-api/test/provisioning-worker.test.ts ^[[2m(^[[22m^[[2m4 tests^[[22m^[[2m)^[[22m^[[33m 2762^[[2mms^[[22m^[[39m
deploy-test	UNKNOWN STEP	2026-10-06T06:21:56.7944487Z Bundling asset Qa09Perf/ActivityExportFn/Code/Stage...
deploy-test	UNKNOWN STEP	2026-10-06T06:21:57.4009528Z Bundling asset Qa09Perf/EsgExportFn/Code/Stage...
deploy-test	UNKNOWN STEP	2026-10-06T06:21:57.9675356Z Bundling asset Qa09Perf/CommandPublisherFn/Code/Stage...
deploy-test	UNKNOWN STEP	2026-10-06T06:21:58.5361162Z Bundling asset Qa09Perf/CommandTimeoutFn/Code/Stage...
deploy-test	UNKNOWN STEP	2026-10-06T06:21:59.2112851Z Bundling asset Qa09Perf/OtaDispatcherFn/Code/Stage...
deploy-test	UNKNOWN STEP	2026-10-06T06:21:59.8097408Z Bundling asset Qa09Perf/OnboardingApiFn/Code/Stage...
deploy-test	UNKNOWN STEP	2026-10-06T06:22:00.4012711Z  ^[[32m✓^[[39m apps/admin-web/test/customers.test.tsx ^[[2m(^[[22m^[[2m6 tests^[[22m^[[2m)^[[22m^[[33m 5348^[[2mms^[[22m^[[39m
deploy-test	UNKNOWN STEP	2026-10-06T06:22:00.4013631Z    ^[[33m^[[2m✓^[[22m^[[39m 列表与状态筛选；详情展示版本相关字段 ^[[33m 882^[[2mms^[[22m^[[39m
deploy-test	UNKNOWN STEP	2026-10-06T06:22:00.4014160Z    ^[[33m^[[2m✓^[[22m^[[39m 创建：名称为空禁用；提交成功后刷新 ^[[33m 799^[[2mms^[[22m^[[39m
deploy-test	UNKNOWN STEP	2026-10-06T06:22:00.4014770Z    ^[[33m^[[2m✓^[[22m^[[39m 编辑：携带当前 version（If-Match 乐观锁） ^[[33m 824^[[2mms^[[22m^[[39m
deploy-test	UNKNOWN STEP	2026-10-06T06:22:00.4015319Z    ^[[33m^[[2m✓^[[22m^[[39m 停用：原因必填（写审计）；成功后刷新 ^[[33m 920^[[2mms^[[22m^[[39m
deploy-test	UNKNOWN STEP	2026-10-06T06:22:00.4015954Z    ^[[33m^[[2m✓^[[22m^[[39m 并发冲突：409 VERSION_CONFLICT 提示刷新；409 CONFLICT 展示后端原因 ^[[33m 1805^[[2mms^[[22m^[[39m
deploy-test	UNKNOWN STEP	2026-10-06T06:22:00.4362691Z  ^[[32m✓^[[39m apps/admin-web/test/app-smoke.test.tsx ^[[2m(^[[22m^[[2m10 tests^[[22m^[[2m)^[[22m^[[33m 2041^[[2mms^[[22m^[[39m
deploy-test	UNKNOWN STEP	2026-10-06T06:22:00.4389466Z      ^[[33m^[[2m✓^[[22m^[[39m 未登录访问根路径会进入登录页，并在登录后返回 dashboard ^[[33m 419^[[2mms^[[22m^[[39m
deploy-test	UNKNOWN STEP	2026-10-06T06:22:00.4399605Z      ^[[33m^[[2m✓^[[22m^[[39m 当前业务页面和打开的表单即时切换语言，同时保留未保存输入且不重新请求 ^[[33m 811^[[2mms^[[22m^[[39m
deploy-test	UNKNOWN STEP	2026-10-06T06:22:00.4943001Z Bundling asset Qa09Perf/OnboardingProvisioningFn/Code/Stage...
deploy-test	UNKNOWN STEP	2026-10-06T06:22:00.5790206Z  ^[[32m✓^[[39m packages/observability/test/data-path.test.ts ^[[2m(^[[22m^[[2m6 tests^[[22m^[[2m)^[[22m^[[32m 8^[[2mms^[[22m^[[39m
deploy-test	UNKNOWN STEP	2026-10-06T06:22:00.7187016Z  ^[[32m✓^[[39m packages/domain/test/consumable.test.ts ^[[2m(^[[22m^[[2m9 tests^[[22m^[[2m)^[[22m^[[32m 6^[[2mms^[[22m^[[39m
deploy-test	UNKNOWN STEP	2026-10-06T06:22:01.0794425Z Bundling asset Qa09Perf/DeviceApiFn/Code/Stage...
deploy-test	UNKNOWN STEP	2026-10-06T06:22:01.1327013Z  ^[[32m✓^[[39m apps/admin-web/test/srp.test.ts ^[[2m(^[[22m^[[2m7 tests^[[22m^[[2m)^[[22m^[[32m 237^[[2mms^[[22m^[[39m
deploy-test	UNKNOWN STEP	2026-10-06T06:22:01.4889636Z  ^[[32m✓^[[39m packages/aws-clients/test/project-ca-certificate-issuer.test.ts ^[[2m(^[[22m^[[2m3 tests^[[22m^[[2m)^[[22m^[[33m 856^[[2mms^[[22m^[[39m
deploy-test	UNKNOWN STEP	2026-10-06T06:22:01.4929369Z      ^[[33m^[[2m✓^[[22m^[[39m 拒绝不匹配 CA 私钥及弱 CSR 签名 ^[[33m 350^[[2mms^[[22m^[[39m
deploy-test	UNKNOWN STEP	2026-10-06T06:22:01.5866913Z  ^[[32m✓^[[39m packages/auth/test/cognito.test.ts ^[[2m(^[[22m^[[2m14 tests^[[22m^[[2m)^[[22m^[[32m 143^[[2mms^[[22m^[[39m
deploy-test	UNKNOWN STEP	2026-10-06T06:22:01.6641339Z  ^[[32m✓^[[39m packages/domain/test/configuration.test.ts ^[[2m(^[[22m^[[2m8 tests^[[22m^[[2m)^[[22m^[[32m 7^[[2mms^[[22m^[[39m
deploy-test	UNKNOWN STEP	2026-10-06T06:22:01.6960373Z Bundling asset Qa09Perf/ApiFn/Code/Stage...
deploy-test	UNKNOWN STEP	2026-10-06T06:22:01.8590051Z  ^[[32m✓^[[39m packages/auth/test/guard.test.ts ^[[2m(^[[22m^[[2m10 tests^[[22m^[[2m)^[[22m^[[32m 7^[[2mms^[[22m^[[39m
deploy-test	UNKNOWN STEP	2026-10-06T06:22:02.1669814Z  ^[[32m✓^[[39m apps/ingestion-worker/test/replay-runtime.test.ts ^[[2m(^[[22m^[[2m4 tests^[[22m^[[2m)^[[22m^[[32m 10^[[2mms^[[22m^[[39m
deploy-test	UNKNOWN STEP	2026-10-06T06:22:02.6870827Z  ^[[32m✓^[[39m apps/cloud-api/test/admin-cus-dev-strict-contract.test.ts ^[[2m(^[[22m^[[2m2 tests^[[22m^[[2m)^[[22m^[[32m 36^[[2mms^[[22m^[[39m
deploy-test	UNKNOWN STEP	2026-10-06T06:22:02.8224704Z ^[[90mstdout^[[2m | apps/cloud-api/test/admin-cors.test.ts^[[2m > ^[[22m^[[2mactual Lambda entry returns preflight without DB Secret or Cognito configuration
deploy-test	UNKNOWN STEP	2026-10-06T06:22:02.8244121Z ^[[22m^[[39m{"event":"admin.request.completed","gatewayRequestId":"unknown","gatewayExtendedRequestId":"unknown","lambdaRequestId":"unknown","operationId":"unknown","status":204,"elapsedMs":0}
deploy-test	UNKNOWN STEP	2026-10-06T06:22:02.8245269Z 
deploy-test	UNKNOWN STEP	2026-10-06T06:22:02.8274948Z  ^[[32m✓^[[39m apps/cloud-api/test/admin-cors.test.ts ^[[2m(^[[22m^[[2m6 tests^[[22m^[[2m)^[[22m^[[33m 532^[[2mms^[[22m^[[39m
deploy-test	UNKNOWN STEP	2026-10-06T06:22:02.8391537Z    ^[[33m^[[2m✓^[[22m^[[39m actual Lambda entry returns preflight without DB Secret or Cognito configuration ^[[33m 526^[[2mms^[[22m^[[39m
deploy-test	UNKNOWN STEP	2026-10-06T06:22:03.0560260Z  ^[[32m✓^[[39m packages/aws-clients/test/cognito-admin.test.ts ^[[2m(^[[22m^[[2m3 tests^[[22m^[[2m)^[[22m^[[32m 12^[[2mms^[[22m^[[39m
deploy-test	UNKNOWN STEP	2026-10-06T06:22:03.2004765Z  ^[[32m✓^[[39m packages/auth/test/permission-matrix.test.ts ^[[2m(^[[22m^[[2m8 tests^[[22m^[[2m)^[[22m^[[32m 6^[[2mms^[[22m^[[39m
deploy-test	UNKNOWN STEP	2026-10-06T06:22:03.3870645Z  ^[[32m✓^[[39m packages/observability/test/redaction.test.ts ^[[2m(^[[22m^[[2m8 tests^[[22m^[[2m)^[[22m^[[32m 12^[[2mms^[[22m^[[39m
deploy-test	UNKNOWN STEP	2026-10-06T06:22:04.1919131Z Bundling asset TestStack/IngestionFn/Code/Stage...
deploy-test	UNKNOWN STEP	2026-10-06T06:22:04.6606139Z  ^[[32m✓^[[39m apps/cloud-api/test/qa02-device-errors.test.ts ^[[2m(^[[22m^[[2m6 tests^[[22m^[[2m)^[[22m^[[32m 179^[[2mms^[[22m^[[39m
deploy-test	UNKNOWN STEP	2026-10-06T06:22:04.8442167Z  ^[[32m✓^[[39m apps/cloud-api/test/device-onboarding-lambda.test.ts ^[[2m(^[[22m^[[2m4 tests^[[22m^[[2m)^[[22m^[[32m 5^[[2mms^[[22m^[[39m
deploy-test	UNKNOWN STEP	2026-10-06T06:22:05.1361418Z Bundling asset TestStack/ArchiveFn/Code/Stage...
deploy-test	UNKNOWN STEP	2026-10-06T06:22:05.1726047Z  ^[[32m✓^[[39m packages/aws-clients/test/ota-firmware.test.ts ^[[2m(^[[22m^[[2m2 tests^[[22m^[[2m)^[[22m^[[32m 3^[[2mms^[[22m^[[39m
deploy-test	UNKNOWN STEP	2026-10-06T06:22:05.4010074Z  ^[[32m✓^[[39m packages/aws-clients/test/iot-provisioning-client.test.ts ^[[2m(^[[22m^[[2m2 tests^[[22m^[[2m)^[[22m^[[32m 8^[[2mms^[[22m^[[39m
deploy-test	UNKNOWN STEP	2026-10-06T06:22:05.4668368Z  ^[[32m✓^[[39m infra/test/qa09-performance.test.ts ^[[2m(^[[22m^[[2m3 tests^[[22m^[[2m)^[[22m^[[33m 15895^[[2mms^[[22m^[[39m
deploy-test	UNKNOWN STEP	2026-10-06T06:22:05.4688990Z    ^[[33m^[[2m✓^[[22m^[[39m observability and immediate queue synth retain narrow logs and hard DB budgets ^[[33m 15887^[[2mms^[[22m^[[39m
deploy-test	UNKNOWN STEP	2026-10-06T06:22:05.5486410Z Bundling asset TestStack/OutboxPublisherFn/Code/Stage...
deploy-test	UNKNOWN STEP	2026-10-06T06:22:05.7570018Z  ^[[32m✓^[[39m apps/ingestion-worker/test/certificate-package-sweeper.test.ts ^[[2m(^[[22m^[[2m4 tests^[[22m^[[2m)^[[22m^[[32m 7^[[2mms^[[22m^[[39m
deploy-test	UNKNOWN STEP	2026-10-06T06:22:06.1358975Z Bundling asset TestStack/NotificationPublisherFn/Code/Stage...
deploy-test	UNKNOWN STEP	2026-10-06T06:22:06.3648778Z  ^[[32m✓^[[39m apps/cloud-api/test/device-user-verifier.test.ts ^[[2m(^[[22m^[[2m7 tests^[[22m^[[2m)^[[22m^[[32m 271^[[2mms^[[22m^[[39m
deploy-test	UNKNOWN STEP	2026-10-06T06:22:06.4236501Z  ^[[32m✓^[[39m apps/cloud-api/test/onboarding-contract-parity.test.ts ^[[2m(^[[22m^[[2m3 tests^[[22m^[[2m)^[[22m^[[32m 11^[[2mms^[[22m^[[39m
deploy-test	UNKNOWN STEP	2026-10-06T06:22:06.7463723Z Bundling asset TestStack/SummaryFn/Code/Stage...
deploy-test	UNKNOWN STEP	2026-10-06T06:22:06.7876232Z  ^[[32m✓^[[39m packages/auth/test/qa06-jwt-security.test.ts ^[[2m(^[[22m^[[2m1 test^[[22m^[[2m)^[[22m^[[32m 53^[[2mms^[[22m^[[39m
deploy-test	UNKNOWN STEP	2026-10-06T06:22:07.0243511Z  ^[[32m✓^[[39m packages/aws-clients/test/kms-data-key-provider.test.ts ^[[2m(^[[22m^[[2m3 tests^[[22m^[[2m)^[[22m^[[32m 7^[[2mms^[[22m^[[39m
deploy-test	UNKNOWN STEP	2026-10-06T06:22:07.3050943Z  ^[[32m✓^[[39m packages/aws-clients/test/s3-media-url-signer.test.ts ^[[2m(^[[22m^[[2m2 tests^[[22m^[[2m)^[[22m^[[32m 7^[[2mms^[[22m^[[39m
deploy-test	UNKNOWN STEP	2026-10-06T06:22:07.3771082Z Bundling asset TestStack/ReplayTriggerPublisherFn/Code/Stage...
deploy-test	UNKNOWN STEP	2026-10-06T06:22:07.4474460Z  ^[[32m✓^[[39m packages/database/test/transaction-observation.test.ts ^[[2m(^[[22m^[[2m5 tests^[[22m^[[2m)^[[22m^[[32m 6^[[2mms^[[22m^[[39m
deploy-test	UNKNOWN STEP	2026-10-06T06:22:07.9641519Z Bundling asset TestStack/ReplayFn/Code/Stage...
deploy-test	UNKNOWN STEP	2026-10-06T06:22:08.1069009Z  ^[[32m✓^[[39m apps/cloud-api/test/admin-onboarding-parity.test.ts ^[[2m(^[[22m^[[2m3 tests^[[22m^[[2m)^[[22m^[[32m 4^[[2mms^[[22m^[[39m
deploy-test	UNKNOWN STEP	2026-10-06T06:22:08.2788155Z  ^[[32m✓^[[39m apps/admin-web/test/onboarding-network-security.test.ts ^[[2m(^[[22m^[[2m2 tests^[[22m^[[2m)^[[22m^[[32m 4^[[2mms^[[22m^[[39m
deploy-test	UNKNOWN STEP	2026-10-06T06:22:08.5815937Z Bundling asset TestStack/CertPackageSweeperFn/Code/Stage...
deploy-test	UNKNOWN STEP	2026-10-06T06:22:08.9545214Z  ^[[32m✓^[[39m apps/admin-web/test/app-foundation.test.ts ^[[2m(^[[22m^[[2m3 tests^[[22m^[[2m)^[[22m^[[32m 10^[[2mms^[[22m^[[39m
deploy-test	UNKNOWN STEP	2026-10-06T06:22:09.1752656Z Bundling asset TestStack/OnboardingDeadlineFn/Code/Stage...
deploy-test	UNKNOWN STEP	2026-10-06T06:22:09.3050103Z  ^[[32m✓^[[39m apps/admin-web/test/login-page.test.tsx ^[[2m(^[[22m^[[2m2 tests^[[22m^[[2m)^[[22m^[[33m 1421^[[2mms^[[22m^[[39m
deploy-test	UNKNOWN STEP	2026-10-06T06:22:09.3069291Z    ^[[33m^[[2m✓^[[22m^[[39m 临时密码登录后突出显示首次登录改密说明与明确提交动作 ^[[33m 857^[[2mms^[[22m^[[39m
deploy-test	UNKNOWN STEP	2026-10-06T06:22:09.3070271Z    ^[[33m^[[2m✓^[[22m^[[39m 设置新密码失败时显示具体规则且不暴露身份服务英文错误 ^[[33m 562^[[2mms^[[22m^[[39m
deploy-test	UNKNOWN STEP	2026-10-06T06:22:09.4466005Z  ^[[32m✓^[[39m apps/ingestion-worker/test/archive-drain.test.ts ^[[2m(^[[22m^[[2m3 tests^[[22m^[[2m)^[[22m^[[32m 4^[[2mms^[[22m^[[39m
deploy-test	UNKNOWN STEP	2026-10-06T06:22:09.7827571Z  ^[[32m✓^[[39m apps/cloud-api/test/retirement-timeout-lambda.test.ts ^[[2m(^[[22m^[[2m2 tests^[[22m^[[2m)^[[22m^[[32m 4^[[2mms^[[22m^[[39m
deploy-test	UNKNOWN STEP	2026-10-06T06:22:09.7942552Z Bundling asset TestStack/RetirementTimeoutFn/Code/Stage...
deploy-test	UNKNOWN STEP	2026-10-06T06:22:10.3820295Z Bundling asset TestStack/ActivityExportFn/Code/Stage...
deploy-test	UNKNOWN STEP	2026-10-06T06:22:11.1685860Z Bundling asset TestStack/EsgExportFn/Code/Stage...
deploy-test	UNKNOWN STEP	2026-10-06T06:22:11.5274266Z  ^[[32m✓^[[39m apps/admin-web/test/ui-controls.test.tsx ^[[2m(^[[22m^[[2m2 tests^[[22m^[[2m)^[[22m^[[33m 1108^[[2mms^[[22m^[[39m
deploy-test	UNKNOWN STEP	2026-10-06T06:22:11.5299882Z    ^[[33m^[[2m✓^[[22m^[[39m Library controls preserve native form submission and required validation ^[[33m 1008^[[2mms^[[22m^[[39m
deploy-test	UNKNOWN STEP	2026-10-06T06:22:11.8303023Z  ^[[32m✓^[[39m infra/test/admin-bootstrap-execution-stack.test.ts ^[[2m(^[[22m^[[2m2 tests^[[22m^[[2m)^[[22m^[[33m 1640^[[2mms^[[22m^[[39m
deploy-test	UNKNOWN STEP	2026-10-06T06:22:11.8304446Z    ^[[33m^[[2m✓^[[22m^[[39m admin bootstrap execution binds exact source, email and confirmation to one project ^[[33m 1634^[[2mms^[[22m^[[39m
deploy-test	UNKNOWN STEP	2026-10-06T06:22:11.9710074Z Bundling asset TestStack/CommandPublisherFn/Code/Stage...
deploy-test	UNKNOWN STEP	2026-10-06T06:22:12.0086107Z ^[[90mstderr^[[2m | apps/ingestion-worker/test/archive-runtime.test.ts^[[2m > ^[[22m^[[2mArchive SQS runtime^[[2m > ^[[22m^[[2m非法记录与业务拒绝记录进入 partial batch failure，合法记录仍处理
deploy-test	UNKNOWN STEP	2026-10-06T06:22:12.0087265Z ^[[22m^[[39marchive validation rejected {
deploy-test	UNKNOWN STEP	2026-10-06T06:22:12.0088229Z   kind: ^[[32m'archive.validation_rejected'^[[39m,
deploy-test	UNKNOWN STEP	2026-10-06T06:22:12.0088866Z   messageId: ^[[32m'sqs-invalid'^[[39m,
deploy-test	UNKNOWN STEP	2026-10-06T06:22:12.0089290Z   eventId: ^[[1mnull^[[22m,
deploy-test	UNKNOWN STEP	2026-10-06T06:22:12.0089670Z   errorPath: ^[[32m'$'^[[39m,
deploy-test	UNKNOWN STEP	2026-10-06T06:22:12.0090280Z   reason: ^[[32m"Expected property name or '}' in JSON at position 1 (line 1 column 2)"^[[39m,
deploy-test	UNKNOWN STEP	2026-10-06T06:22:12.0090852Z   rawBody: ^[[32m'{bad-json'^[[39m
deploy-test	UNKNOWN STEP	2026-10-06T06:22:12.0091176Z }
deploy-test	UNKNOWN STEP	2026-10-06T06:22:12.0091380Z 
deploy-test	UNKNOWN STEP	2026-10-06T06:22:12.0110436Z  ^[[32m✓^[[39m apps/ingestion-worker/test/archive-runtime.test.ts ^[[2m(^[[22m^[[2m2 tests^[[22m^[[2m)^[[22m^[[32m 7^[[2mms^[[22m^[[39m
deploy-test	UNKNOWN STEP	2026-10-06T06:22:12.1319648Z  ^[[32m✓^[[39m packages/auth/test/rate-limit.test.ts ^[[2m(^[[22m^[[2m3 tests^[[22m^[[2m)^[[22m^[[32m 4^[[2mms^[[22m^[[39m
deploy-test	UNKNOWN STEP	2026-10-06T06:22:12.2636038Z  ^[[32m✓^[[39m packages/observability/test/request-correlation.test.ts ^[[2m(^[[22m^[[2m2 tests^[[22m^[[2m)^[[22m^[[32m 4^[[2mms^[[22m^[[39m
deploy-test	UNKNOWN STEP	2026-10-06T06:22:12.5299692Z  ^[[32m✓^[[39m packages/aws-clients/test/s3-activity-export.test.ts ^[[2m(^[[22m^[[2m1 test^[[22m^[[2m)^[[22m^[[32m 5^[[2mms^[[22m^[[39m
deploy-test	UNKNOWN STEP	2026-10-06T06:22:12.6084184Z Bundling asset TestStack/CommandTimeoutFn/Code/Stage...
deploy-test	UNKNOWN STEP	2026-10-06T06:22:12.7769189Z  ^[[32m✓^[[39m apps/admin-web/test/locale-value.test.tsx ^[[2m(^[[22m^[[2m2 tests^[[22m^[[2m)^[[22m^[[32m 47^[[2mms^[[22m^[[39m
deploy-test	UNKNOWN STEP	2026-10-06T06:22:12.8980198Z  ^[[32m✓^[[39m packages/aws-clients/test/s3-media-object-storage.test.ts ^[[2m(^[[22m^[[2m2 tests^[[22m^[[2m)^[[22m^[[32m 5^[[2mms^[[22m^[[39m
deploy-test	UNKNOWN STEP	2026-10-06T06:22:13.1966247Z Bundling asset TestStack/OtaDispatcherFn/Code/Stage...
deploy-test	UNKNOWN STEP	2026-10-06T06:22:13.2109298Z  ^[[32m✓^[[39m packages/auth/test/contract-parity.test.ts ^[[2m(^[[22m^[[2m2 tests^[[22m^[[2m)^[[22m^[[32m 3^[[2mms^[[22m^[[39m
deploy-test	UNKNOWN STEP	2026-10-06T06:22:13.5183786Z  ^[[32m✓^[[39m packages/aws-clients/test/s3-archive-store.test.ts ^[[2m(^[[22m^[[2m1 test^[[22m^[[2m)^[[22m^[[32m 4^[[2mms^[[22m^[[39m
deploy-test	UNKNOWN STEP	2026-10-06T06:22:13.7901448Z  ^[[32m✓^[[39m packages/aws-clients/test/database-secret.test.ts ^[[2m(^[[22m^[[2m2 tests^[[22m^[[2m)^[[22m^[[32m 10^[[2mms^[[22m^[[39m
deploy-test	UNKNOWN STEP	2026-10-06T06:22:13.9139521Z Bundling asset TestStack/OnboardingApiFn/Code/Stage...
deploy-test	UNKNOWN STEP	2026-10-06T06:22:13.9389795Z  ^[[32m✓^[[39m infra/test/template-security.test.ts ^[[2m(^[[22m^[[2m4 tests^[[22m^[[2m)^[[22m^[[32m 4^[[2mms^[[22m^[[39m
deploy-test	UNKNOWN STEP	2026-10-06T06:22:14.1130130Z  ^[[32m✓^[[39m packages/aws-clients/test/topic-parity.test.ts ^[[2m(^[[22m^[[2m1 test^[[22m^[[2m)^[[22m^[[32m 3^[[2mms^[[22m^[[39m
deploy-test	UNKNOWN STEP	2026-10-06T06:22:14.3100149Z  ^[[32m✓^[[39m infra/test/topic-catalog-parity.test.ts ^[[2m(^[[22m^[[2m1 test^[[22m^[[2m)^[[22m^[[32m 8^[[2mms^[[22m^[[39m
deploy-test	UNKNOWN STEP	2026-10-06T06:22:14.6430082Z  ^[[32m✓^[[39m packages/aws-clients/test/iot-data-publisher.test.ts ^[[2m(^[[22m^[[2m1 test^[[22m^[[2m)^[[22m^[[32m 8^[[2mms^[[22m^[[39m
deploy-test	UNKNOWN STEP	2026-10-06T06:22:14.7749522Z Bundling asset TestStack/OnboardingProvisioningFn/Code/Stage...
deploy-test	UNKNOWN STEP	2026-10-06T06:22:14.8229932Z  ^[[32m✓^[[39m apps/cloud-api/test/command-phase-observer.test.ts ^[[2m(^[[22m^[[2m1 test^[[22m^[[2m)^[[22m^[[32m 3^[[2mms^[[22m^[[39m
deploy-test	UNKNOWN STEP	2026-10-06T06:22:14.8508346Z  ^[[32m✓^[[39m infra/test/migration-execution-stack.test.ts ^[[2m(^[[22m^[[2m2 tests^[[22m^[[2m)^[[22m^[[33m 1657^[[2mms^[[22m^[[39m
deploy-test	UNKNOWN STEP	2026-10-06T06:22:14.8509291Z    ^[[33m^[[2m✓^[[22m^[[39m migration execution is exact-version, exact-commit, and project-scoped ^[[33m 1652^[[2mms^[[22m^[[39m
deploy-test	UNKNOWN STEP	2026-10-06T06:22:15.0404476Z  ^[[32m✓^[[39m packages/aws-clients/test/sqs-archive-sender.test.ts ^[[2m(^[[22m^[[2m1 test^[[22m^[[2m)^[[22m^[[32m 3^[[2mms^[[22m^[[39m
deploy-test	UNKNOWN STEP	2026-10-06T06:22:15.0751931Z  ^[[32m✓^[[39m apps/cloud-api/test/openapi-response.test.ts ^[[2m(^[[22m^[[2m2 tests^[[22m^[[2m)^[[22m^[[32m 9^[[2mms^[[22m^[[39m
deploy-test	UNKNOWN STEP	2026-10-06T06:22:15.2399208Z  ^[[32m✓^[[39m apps/admin-web/test/jwt.test.ts ^[[2m(^[[22m^[[2m2 tests^[[22m^[[2m)^[[22m^[[32m 4^[[2mms^[[22m^[[39m
deploy-test	UNKNOWN STEP	2026-10-06T06:22:15.3389919Z  ^[[32m✓^[[39m packages/database/test/index.test.ts ^[[2m(^[[22m^[[2m4 tests^[[22m^[[2m)^[[22m^[[32m 3^[[2mms^[[22m^[[39m
deploy-test	UNKNOWN STEP	2026-10-06T06:22:15.4287684Z Bundling asset TestStack/DeviceApiFn/Code/Stage...
deploy-test	UNKNOWN STEP	2026-10-06T06:22:15.4462515Z  ^[[32m✓^[[39m packages/aws-clients/test/sqs-json-sender.test.ts ^[[2m(^[[22m^[[2m1 test^[[22m^[[2m)^[[22m^[[32m 3^[[2mms^[[22m^[[39m
deploy-test	UNKNOWN STEP	2026-10-06T06:22:15.8175774Z  ^[[32m✓^[[39m apps/summary-worker/test/summary-runtime.test.ts ^[[2m(^[[22m^[[2m3 tests^[[22m^[[2m)^[[22m^[[32m 5^[[2mms^[[22m^[[39m
deploy-test	UNKNOWN STEP	2026-10-06T06:22:16.0636176Z Bundling asset TestStack/ApiFn/Code/Stage...
deploy-test	UNKNOWN STEP	2026-10-06T06:22:16.1103172Z  ^[[32m✓^[[39m apps/cloud-api/test/index.test.ts ^[[2m(^[[22m^[[2m2 tests^[[22m^[[2m)^[[22m^[[32m 3^[[2mms^[[22m^[[39m
deploy-test	UNKNOWN STEP	2026-10-06T06:22:16.2122095Z  ^[[32m✓^[[39m apps/summary-worker/test/index.test.ts ^[[2m(^[[22m^[[2m1 test^[[22m^[[2m)^[[22m^[[32m 3^[[2mms^[[22m^[[39m
deploy-test	UNKNOWN STEP	2026-10-06T06:22:16.4574812Z  ^[[32m✓^[[39m apps/ingestion-worker/test/index.test.ts ^[[2m(^[[22m^[[2m1 test^[[22m^[[2m)^[[22m^[[32m 5^[[2mms^[[22m^[[39m
deploy-test	UNKNOWN STEP	2026-10-06T06:22:16.7369860Z  ^[[32m✓^[[39m apps/archive-worker/test/index.test.ts ^[[2m(^[[22m^[[2m1 test^[[22m^[[2m)^[[22m^[[32m 3^[[2mms^[[22m^[[39m
deploy-test	UNKNOWN STEP	2026-10-06T06:22:16.8768044Z  ^[[32m✓^[[39m packages/observability/test/index.test.ts ^[[2m(^[[22m^[[2m1 test^[[22m^[[2m)^[[22m^[[32m 2^[[2mms^[[22m^[[39m
deploy-test	UNKNOWN STEP	2026-10-06T06:22:17.3493923Z  ^[[32m✓^[[39m infra/test/index.test.ts ^[[2m(^[[22m^[[2m1 test^[[22m^[[2m)^[[22m^[[32m 3^[[2mms^[[22m^[[39m
deploy-test	UNKNOWN STEP	2026-10-06T06:22:17.3758628Z  ^[[32m✓^[[39m packages/aws-clients/test/index.test.ts ^[[2m(^[[22m^[[2m1 test^[[22m^[[2m)^[[22m^[[32m 3^[[2mms^[[22m^[[39m
deploy-test	UNKNOWN STEP	2026-10-06T06:22:17.5192099Z  ^[[32m✓^[[39m packages/domain/test/index.test.ts ^[[2m(^[[22m^[[2m1 test^[[22m^[[2m)^[[22m^[[32m 2^[[2mms^[[22m^[[39m
deploy-test	UNKNOWN STEP	2026-10-06T06:22:18.5709870Z  ^[[32m✓^[[39m apps/admin-web/test/index.test.ts ^[[2m(^[[22m^[[2m1 test^[[22m^[[2m)^[[22m^[[32m 2^[[2mms^[[22m^[[39m
deploy-test	UNKNOWN STEP	2026-10-06T06:22:19.1312087Z  ^[[32m✓^[[39m infra/test/iot-rule-envelope.test.ts ^[[2m(^[[22m^[[2m3 tests^[[22m^[[2m)^[[22m^[[32m 4^[[2mms^[[22m^[[39m
deploy-test	UNKNOWN STEP	2026-10-06T06:22:19.1368112Z 
deploy-test	UNKNOWN STEP	2026-10-06T06:22:19.1373406Z ^[[2m Test Files ^[[22m ^[[1m^[[32m169 passed^[[39m^[[22m^[[90m (169)^[[39m
deploy-test	UNKNOWN STEP	2026-10-06T06:22:19.1382201Z ^[[2m      Tests ^[[22m ^[[1m^[[32m1372 passed^[[39m^[[22m^[[90m (1372)^[[39m
deploy-test	UNKNOWN STEP	2026-10-06T06:22:19.1382697Z ^[[2m   Start at ^[[22m 06:18:24
deploy-test	UNKNOWN STEP	2026-10-06T06:22:19.1385279Z ^[[2m   Duration ^[[22m 234.65s^[[2m (transform 6.00s, setup 946ms, import 200.68s, tests 461.65s, environment 13.72s)^[[22m
deploy-test	UNKNOWN STEP	2026-10-06T06:22:19.1386457Z 
deploy-test	UNKNOWN STEP	2026-10-06T06:22:19.4026615Z 
deploy-test	UNKNOWN STEP	2026-10-06T06:22:19.4027584Z > food-digester-platform@0.0.0 test:contracts /home/runner/work/food-digester-platform/food-digester-platform
deploy-test	UNKNOWN STEP	2026-10-06T06:22:19.4028498Z > pnpm --filter @fdp/contracts test
deploy-test	UNKNOWN STEP	2026-10-06T06:22:19.4028689Z 
deploy-test	UNKNOWN STEP	2026-10-06T06:22:19.6041741Z 
deploy-test	UNKNOWN STEP	2026-10-06T06:22:19.6042271Z > @fdp/contracts@0.0.0 test /home/runner/work/food-digester-platform/food-digester-platform/contracts
deploy-test	UNKNOWN STEP	2026-10-06T06:22:19.6043183Z > node --import tsx --test mqtt/*.test.ts mqtt/*.test.mjs domain/*.test.ts lifecycle/*.test.ts media/*.test.ts security/*.test.ts rest/*.test.ts iot/*.test.mjs archive/*.test.mjs configuration/*.test.ts settings/*.test.ts
deploy-test	UNKNOWN STEP	2026-10-06T06:22:19.6043612Z 
deploy-test	UNKNOWN STEP	2026-10-06T06:22:19.7710070Z ✔ 合法 Manifest fixtures 通过校验 (1.743789ms)
deploy-test	UNKNOWN STEP	2026-10-06T06:22:19.7720744Z ✔ 非法 Manifest fixtures 被拒绝 (0.570916ms)
deploy-test	UNKNOWN STEP	2026-10-06T06:22:19.7811571Z ✔ DEC-016 已冻结且策略覆盖全部阻塞任务 (1.257547ms)
deploy-test	UNKNOWN STEP	2026-10-06T06:22:19.7816287Z ✔ 三类来源使用独立 Envelope 与互斥前缀 (0.363687ms)
deploy-test	UNKNOWN STEP	2026-10-06T06:22:19.7825530Z ✔ License/OTA 禁止伪装为 MQTT 原文，OTA 记录类型封闭 (0.156135ms)
deploy-test	UNKNOWN STEP	2026-10-06T06:22:19.7859521Z ✔ 归档 Envelope 判别字段和版本固定 (0.125007ms)
deploy-test	UNKNOWN STEP	2026-10-06T06:22:19.8471696Z ✔ DEC-018 策略结构有效、已冻结且覆盖全部阻塞任务 (3.007883ms)
deploy-test	UNKNOWN STEP	2026-10-06T06:22:19.8507711Z ✔ V1 只允许四字段，范围、单位、默认值与冻结值一致 (0.359012ms)
deploy-test	UNKNOWN STEP	2026-10-06T06:22:19.8508839Z ✔ Admin Configuration 与 Device Sync OpenAPI 逐字段匹配统一策略 (0.41672ms)
deploy-test	UNKNOWN STEP	2026-10-06T06:22:19.8509419Z ✔ TS 常量与 JSON 策略一致 (0.136298ms)
deploy-test	UNKNOWN STEP	2026-10-06T06:22:19.9363565Z ✔ 策略 JSON 通过自身 JSON Schema 结构校验 (1.300678ms)
deploy-test	UNKNOWN STEP	2026-10-06T06:22:19.9364557Z ✔ 负向结构：实时流启用、非法范围/刷新模式与缺失字段被 Schema 拒绝 (1.797028ms)
deploy-test	UNKNOWN STEP	2026-10-06T06:22:19.9365526Z ✔ x-decision-versions 引用 DEC-009 且版本与决策登记一致；prototype-traceability.yaml 同步 (0.140807ms)
deploy-test	UNKNOWN STEP	2026-10-06T06:22:19.9366274Z ✔ 冻结值定性规则可执行：仅最新授权 Media、手动刷新、禁实时流 (0.140274ms)
deploy-test	UNKNOWN STEP	2026-10-06T06:22:19.9366824Z ✔ 策略消费者均为合法任务 ID 且覆盖 DEC-009 阻塞任务 (0.71385ms)
deploy-test	UNKNOWN STEP	2026-10-06T06:22:19.9377001Z ✔ TS 常量与 camera-interaction-policy.json 完全一致 (0.224ms)
deploy-test	UNKNOWN STEP	2026-10-06T06:22:20.0048385Z ✔ 策略 JSON 通过自身 JSON Schema 结构校验 (1.851981ms)
deploy-test	UNKNOWN STEP	2026-10-06T06:22:20.0053110Z ✔ 负向结构：数据来源篡改与缺失字段被 Schema 拒绝 (1.086582ms)
deploy-test	UNKNOWN STEP	2026-10-06T06:22:20.0068792Z ✔ x-decision-versions 引用 DEC-008 且版本与决策登记一致；prototype-traceability.yaml 同步 (0.111874ms)
deploy-test	UNKNOWN STEP	2026-10-06T06:22:20.0072231Z ✔ 冻结值定性规则可执行：封闭类型集合、仅设备上报、禁云端臆测 (0.205798ms)
deploy-test	UNKNOWN STEP	2026-10-06T06:22:20.0075909Z ✔ 冻结参数可执行：正式名称、阈值和 24 小时过期规则 (0.44277ms)
deploy-test	UNKNOWN STEP	2026-10-06T06:22:20.0086200Z ✔ 策略消费者均为合法任务 ID 且覆盖 DEC-008 阻塞任务 (0.29632ms)
deploy-test	UNKNOWN STEP	2026-10-06T06:22:20.0111270Z ✔ TS 常量与 consumables-policy.json 完全一致 (0.397246ms)
deploy-test	UNKNOWN STEP	2026-10-06T06:22:20.0790394Z ✔ 策略 JSON 通过自身 JSON Schema 结构校验 (1.870181ms)
deploy-test	UNKNOWN STEP	2026-10-06T06:22:20.0809144Z ✔ 负向结构：联动规则反转与缺失字段被 Schema 拒绝 (0.631367ms)
deploy-test	UNKNOWN STEP	2026-10-06T06:22:20.0840588Z ✔ x-decision-versions 引用 DEC-007 且版本与决策登记一致；prototype-traceability.yaml 同步 (0.166247ms)
deploy-test	UNKNOWN STEP	2026-10-06T06:22:20.0864892Z ✔ 冻结值定性规则可执行：职责划分、联动与展示 (0.27915ms)
deploy-test	UNKNOWN STEP	2026-10-06T06:22:20.0882881Z ✔ 策略消费者均为合法任务 ID 且覆盖 DEC-007 阻塞任务与关联任务 (0.378549ms)
deploy-test	UNKNOWN STEP	2026-10-06T06:22:20.0917622Z ✔ TS 常量与 contract-license-relation.json 完全一致 (0.411326ms)
deploy-test	UNKNOWN STEP	2026-10-06T06:22:20.1465732Z ✔ DEC-019 alias 策略已冻结且无待定参数 (1.300613ms)
deploy-test	UNKNOWN STEP	2026-10-06T06:22:20.1495454Z ✔ TS、JSON 与 Admin Device OpenAPI 使用同一 alias 规则 (0.23279ms)
deploy-test	UNKNOWN STEP	2026-10-06T06:22:20.2514794Z ✔ 策略 JSON 通过自身 JSON Schema 结构校验 (1.370962ms)
deploy-test	UNKNOWN STEP	2026-10-06T06:22:20.2540517Z ✔ 负向结构：单字段混用、独立存储"启用"与缺失字段被 Schema 拒绝 (0.484775ms)
deploy-test	UNKNOWN STEP	2026-10-06T06:22:20.2560385Z ✔ x-decision-versions 引用 DEC-010 且版本与决策登记一致；prototype-traceability.yaml 同步 (0.101796ms)
deploy-test	UNKNOWN STEP	2026-10-06T06:22:20.2589133Z ✔ 冻结值定性规则可执行：四轴分离、禁单字段混用、派生原则 (0.216357ms)
deploy-test	UNKNOWN STEP	2026-10-06T06:22:20.2608034Z ✔ 冻结参数可执行：启用由 Active 生命周期和有效 License 派生 (0.102644ms)
deploy-test	UNKNOWN STEP	2026-10-06T06:22:20.2609113Z ✔ 策略消费者均为合法任务 ID 且覆盖 DEC-010 阻塞任务与关联任务 (0.219275ms)
deploy-test	UNKNOWN STEP	2026-10-06T06:22:20.2610118Z ✔ TS 常量与 device-status-axes-policy.json 完全一致 (0.157382ms)
deploy-test	UNKNOWN STEP	2026-10-06T06:22:20.2959980Z ✔ 策略 JSON 通过自身 JSON Schema 结构校验 (2.446968ms)
deploy-test	UNKNOWN STEP	2026-10-06T06:22:20.2978984Z ✔ 负向结构：设备地域真值与缺失字段被 Schema 拒绝 (0.537305ms)
deploy-test	UNKNOWN STEP	2026-10-06T06:22:20.3001948Z ✔ x-decision-versions 引用 DEC-011 且版本与决策登记一致；prototype-traceability.yaml 同步 (0.163024ms)
deploy-test	UNKNOWN STEP	2026-10-06T06:22:20.3028176Z ✔ 冻结值定性规则可执行：层级链、Site 属性、设备仅关联 Site (0.247619ms)
deploy-test	UNKNOWN STEP	2026-10-06T06:22:20.3061536Z ✔ 策略消费者均为合法任务 ID 且覆盖 DEC-011 阻塞任务 (0.354516ms)
deploy-test	UNKNOWN STEP	2026-10-06T06:22:20.3062131Z ✔ TS 常量与 geo-model-policy.json 完全一致 (0.157189ms)
deploy-test	UNKNOWN STEP	2026-10-06T06:22:20.4076214Z ✔ 策略 JSON 通过自身 JSON Schema 结构校验 (1.576381ms)
deploy-test	UNKNOWN STEP	2026-10-06T06:22:20.4120949Z ✔ 负向结构：AWS 授权、矩阵可编辑与缺失字段被 Schema 拒绝 (0.758382ms)
deploy-test	UNKNOWN STEP	2026-10-06T06:22:20.4150312Z ✔ x-decision-versions 引用 DEC-012 且版本与决策登记一致；prototype-traceability.yaml 同步 (0.167057ms)
deploy-test	UNKNOWN STEP	2026-10-06T06:22:20.4169166Z ✔ 冻结值定性规则可执行：封闭映射、界面名、AWS 权限与矩阵规则 (0.314599ms)
deploy-test	UNKNOWN STEP	2026-10-06T06:22:20.4191460Z ✔ 策略消费者均为合法任务 ID 且覆盖 DEC-012 阻塞任务 (0.301603ms)
deploy-test	UNKNOWN STEP	2026-10-06T06:22:20.4211867Z ✔ TS 常量与 role-mapping-policy.json 完全一致 (0.230232ms)
deploy-test	UNKNOWN STEP	2026-10-06T06:22:20.4328870Z ✔ Envelope 必填五个 iot* 上下文字段，Payload 平铺透传 (1.180475ms)
deploy-test	UNKNOWN STEP	2026-10-06T06:22:20.4345118Z ✔ iotType 枚举与 topic-catalog 上行类型严格一致（8 个） (0.232008ms)
deploy-test	UNKNOWN STEP	2026-10-06T06:22:20.4379990Z ✔ 所有合法 Fixture 通过校验（含 Payload 内不可信身份字段的样本） (0.609162ms)
deploy-test	UNKNOWN STEP	2026-10-06T06:22:20.4392330Z ✔ 所有非法 Fixture 被稳定拒绝且错误路径正确 (0.352102ms)
deploy-test	UNKNOWN STEP	2026-10-06T06:22:20.5319527Z ✔ 矩阵 JSON 通过自身 JSON Schema 结构校验 (4.119557ms)
deploy-test	UNKNOWN STEP	2026-10-06T06:22:20.5339383Z ✔ 负向结构：缺失必填字段、非法枚举与额外行为键被 Schema 拒绝 (3.267268ms)
deploy-test	UNKNOWN STEP	2026-10-06T06:22:20.5385392Z ✔ x-decision-versions 引用 DEC-001 且版本与决策登记一致 (0.203718ms)
deploy-test	UNKNOWN STEP	2026-10-06T06:22:20.5385963Z ✔ 冻结值：独立状态；允许维护、同步、遥测、告警和 OTA (0.196391ms)
deploy-test	UNKNOWN STEP	2026-10-06T06:22:20.5386524Z ✔ Maintenance Sync 节奏为 15 分钟（Suspended 节奏） (0.126736ms)
deploy-test	UNKNOWN STEP	2026-10-06T06:22:20.5395973Z ✔ 失败关闭：未知行为拒绝并抛出稳定错误 (0.434632ms)
deploy-test	UNKNOWN STEP	2026-10-06T06:22:20.5410911Z ✔ 命令策略与 command-catalog 一致：Maintenance 允许集合 == Suspended 允许集合 (0.308833ms)
deploy-test	UNKNOWN STEP	2026-10-06T06:22:20.5439454Z ✔ 行为条目消费者均为合法任务 ID 且覆盖 DEC-001 阻塞任务 (0.296279ms)
deploy-test	UNKNOWN STEP	2026-10-06T06:22:20.5440720Z ✔ TS 常量与 maintenance-behavior-matrix.json 完全一致 (0.396547ms)
deploy-test	UNKNOWN STEP	2026-10-06T06:22:20.6049313Z ✔ DEC-017 策略结构有效、已冻结且覆盖全部阻塞任务 (1.393655ms)
deploy-test	UNKNOWN STEP	2026-10-06T06:22:20.6100042Z ✔ 24 小时截止从证书包存储开始，截止边界包含在超时内 (0.344607ms)
deploy-test	UNKNOWN STEP	2026-10-06T06:22:20.6129659Z ✔ 超时处置、迟到 Heartbeat 与重新申请规则失败关闭 (0.153701ms)
deploy-test	UNKNOWN STEP	2026-10-06T06:22:20.6186357Z ✔ TS 常量与 JSON 策略一致 (0.223666ms)
deploy-test	UNKNOWN STEP	2026-10-06T06:22:20.6318701Z ✔ 策略 JSON 通过自身 JSON Schema 结构校验 (1.821972ms)
deploy-test	UNKNOWN STEP	2026-10-06T06:22:20.6321321Z ✔ 负向结构：存储位置篡改、非法处置行为与缺失字段被 Schema 拒绝 (0.806938ms)
deploy-test	UNKNOWN STEP	2026-10-06T06:22:20.6322048Z ✔ x-decision-versions 引用 DEC-005 且版本与决策登记一致 (0.289129ms)
deploy-test	UNKNOWN STEP	2026-10-06T06:22:20.6322654Z ✔ 冻结值定性规则可执行：RDS 元数据 / S3 文件分离 (0.185246ms)
deploy-test	UNKNOWN STEP	2026-10-06T06:22:20.6323190Z ✔ 冻结参数可执行：元数据 365 天、文件 90 天且删除文件保留元数据 (0.110823ms)
deploy-test	UNKNOWN STEP	2026-10-06T06:22:20.6323753Z ✔ 策略消费者均为合法任务 ID 且覆盖 DEC-005 阻塞任务与关联任务 (0.185612ms)
deploy-test	UNKNOWN STEP	2026-10-06T06:22:20.6324356Z ✔ TS 常量与 media-retention-policy.json 完全一致 (0.371456ms)
deploy-test	UNKNOWN STEP	2026-10-06T06:22:20.7411562Z ✔ 策略 JSON 通过自身 JSON Schema 结构校验 (1.694555ms)
deploy-test	UNKNOWN STEP	2026-10-06T06:22:20.7441334Z ✔ 负向结构：客户端指定 Key、篡改冻结 TTL/配额与缺失字段被 Schema 拒绝 (0.733139ms)
deploy-test	UNKNOWN STEP	2026-10-06T06:22:20.7474377Z ✔ 锁定规则：mediaTypes 与 CT-03 media.schema.json 枚举一致；客户端不得指定 Key (0.290744ms)
deploy-test	UNKNOWN STEP	2026-10-06T06:22:20.7509570Z ✔ DEC-024 冻结值可执行且无待定参数 (0.188119ms)
deploy-test	UNKNOWN STEP	2026-10-06T06:22:20.7542691Z ✔ TS 常量与 media-upload-policy.json 完全一致 (0.335392ms)
deploy-test	UNKNOWN STEP	2026-10-06T06:22:20.8459385Z ✔ 22 个 Command 全部唯一且覆盖六大分类 (2.392973ms)
deploy-test	UNKNOWN STEP	2026-10-06T06:22:20.8484106Z ✔ 13 个 Notification 全部唯一且有设备动作映射 (0.301992ms)
deploy-test	UNKNOWN STEP	2026-10-06T06:22:20.8484756Z ✔ 高风险标记与文档一致（EMERGENCY_STOP/FACTORY_RESET/SHUTDOWN/全部加热、排料、电机控制） (0.253936ms)
deploy-test	UNKNOWN STEP	2026-10-06T06:22:20.8485247Z ✔ 允许状态矩阵无遗漏：22 命令 × 4 状态 (0.310611ms)
deploy-test	UNKNOWN STEP	2026-10-06T06:22:20.8485615Z ✔ Suspended 仅允许安全停止、诊断、同步和维护/恢复类命令 (0.162544ms)
deploy-test	UNKNOWN STEP	2026-10-06T06:22:20.8486005Z ✔ MAINTENANCE 按 Suspended 限制（DEC-001 冻结值） (0.256769ms)
deploy-test	UNKNOWN STEP	2026-10-06T06:22:20.8486348Z ✔ 未知命令/通知在运行时被拒绝 (0.483445ms)
deploy-test	UNKNOWN STEP	2026-10-06T06:22:20.8505815Z ✔ denyReason 稳定且允许时返回 null (0.11813ms)
deploy-test	UNKNOWN STEP	2026-10-06T06:22:20.8506657Z ✔ TS 常量与 command-catalog.json / notification-catalog.json 完全一致 (0.225143ms)
deploy-test	UNKNOWN STEP	2026-10-06T06:22:20.8507430Z ✔ Schema 枚举与目录一致（cmd/ack command、notification type） (3.738951ms)
deploy-test	UNKNOWN STEP	2026-10-06T06:22:20.8718600Z ✔ 策略 JSON 通过自身 JSON Schema 结构校验 (1.813108ms)
deploy-test	UNKNOWN STEP	2026-10-06T06:22:20.8723073Z ✔ 负向结构：非法取值与缺失字段被 Schema 拒绝 (0.578027ms)
deploy-test	UNKNOWN STEP	2026-10-06T06:22:20.8736505Z ✔ x-decision-versions 引用 DEC-006 且版本与决策登记一致 (0.15327ms)
deploy-test	UNKNOWN STEP	2026-10-06T06:22:20.8739812Z ✔ 冻结值可执行：V1 下行 seq 可选、上行必填、Command 以 meta.id 幂等 (0.172531ms)
deploy-test	UNKNOWN STEP	2026-10-06T06:22:20.8740473Z ✔ 策略与 common.schema.json 一致：下行 metaBase 不要求 seq、id 必填；上行 metaSeq 要求 seq (0.220795ms)
deploy-test	UNKNOWN STEP	2026-10-06T06:22:20.8742075Z ✔ 下行/上行 Schema 的 meta 引用与策略一致 (0.569537ms)
deploy-test	UNKNOWN STEP	2026-10-06T06:22:20.8743167Z ✔ 策略消费者均为合法任务 ID 且覆盖 DEC-006 阻塞任务 (0.481837ms)
deploy-test	UNKNOWN STEP	2026-10-06T06:22:20.8744187Z ✔ TS 常量与 downlink-policy.json 完全一致 (0.240624ms)
deploy-test	UNKNOWN STEP	2026-10-06T06:22:20.9470765Z ✔ DEC-015 策略冻结、可追溯且覆盖全部阻塞任务 (1.411569ms)
deploy-test	UNKNOWN STEP	2026-10-06T06:22:20.9495924Z ✔ 唯一通道为既有 ACK；Topic 总数和 IoT 权限面不扩大 (0.17413ms)
deploy-test	UNKNOWN STEP	2026-10-06T06:22:20.9496653Z ✔ ACK 判别字段、关联键和 OTA 状态与冻结策略一致 (0.12622ms)
deploy-test	UNKNOWN STEP	2026-10-06T06:22:20.9497151Z ✔ 状态机只允许冻结的单向迁移；相同状态幂等 (0.134889ms)
deploy-test	UNKNOWN STEP	2026-10-06T06:22:20.9497643Z ✔ TS 常量与 JSON 策略完全一致 (0.176098ms)
deploy-test	UNKNOWN STEP	2026-10-06T06:22:21.0977224Z ✔ DEC-013 策略 JSON 通过自身 Schema 且覆盖登记阻塞任务 (1.85081ms)
deploy-test	UNKNOWN STEP	2026-10-06T06:22:21.0979196Z ✔ DEC-013 策略关键值被 Schema 锁定，篡改时失败关闭 (0.437998ms)
deploy-test	UNKNOWN STEP	2026-10-06T06:22:21.0980406Z ✔ DEC-013 策略冻结且无待定参数 (0.146574ms)
deploy-test	UNKNOWN STEP	2026-10-06T06:22:21.0980967Z ✔ Heartbeat 旧嵌套结构在兼容期转换为正式扁平结构且不修改原对象 (0.570384ms)
deploy-test	UNKNOWN STEP	2026-10-06T06:22:21.0981601Z ✔ Telemetry motorCurrentAmp 在兼容期转换为 currentAmp；同值并存允许、冲突失败关闭 (0.73869ms)
deploy-test	UNKNOWN STEP	2026-10-06T06:22:21.0982245Z ✔ 兼容截止边界起拒绝嵌套结构、motorCurrentAmp 与 DISCHARING (0.329861ms)
deploy-test	UNKNOWN STEP	2026-10-06T06:22:21.0982879Z ✔ RFC 8785 固定向量与 audit.hash 覆盖 {meta,data} (0.548422ms)
deploy-test	UNKNOWN STEP	2026-10-06T06:22:21.1191758Z ✔ 11 类消息均有 Schema 和 Fixture，且每类 >=1 合法 + >=3 非法 (1.609033ms)
deploy-test	UNKNOWN STEP	2026-10-06T06:22:21.1222628Z ✔ 所有合法 Fixture 通过校验 (2.424181ms)
deploy-test	UNKNOWN STEP	2026-10-06T06:22:21.1243026Z ✔ 所有非法 Fixture 被稳定拒绝并返回明确错误路径 (5.237316ms)
deploy-test	UNKNOWN STEP	2026-10-06T06:22:21.1259945Z ✔ 非法枚举被稳定拒绝且路径明确 (0.256654ms)
deploy-test	UNKNOWN STEP	2026-10-06T06:22:21.1260568Z ✔ 单位/类型错误被拒绝（integer 不接受小数与字符串） (0.574048ms)
deploy-test	UNKNOWN STEP	2026-10-06T06:22:21.1261132Z ✔ 缺少必填字段被拒绝（meta.id、上行 seq、Heartbeat 必填 data 字段） (0.51025ms)
deploy-test	UNKNOWN STEP	2026-10-06T06:22:21.1261707Z ✔ 额外身份字段（customerId/tenantId/deviceId）在各层均被拒绝 (0.352147ms)
deploy-test	UNKNOWN STEP	2026-10-06T06:22:21.1262192Z ✔ 下行消息 meta.seq 可选（DEC-006），上行强制 (0.290036ms)
deploy-test	UNKNOWN STEP	2026-10-06T06:22:21.1262801Z ✔ Telemetry/Report/Tamper 强制 audit.hash；Command 禁止 audit（DEC-002） (0.455171ms)
deploy-test	UNKNOWN STEP	2026-10-06T06:22:21.1263441Z ✔ DEC-013：Audited 合法 Fixture 携带可复算的 RFC 8785 audit.hash (1.670253ms)
deploy-test	UNKNOWN STEP	2026-10-06T06:22:21.1264000Z ✔ schemaVer 缺省按 1.0 归一化；非法 schemaVer 被拒绝 (0.40604ms)
deploy-test	UNKNOWN STEP	2026-10-06T06:22:21.1264488Z ✔ meta.id 字符集与长度固定 (0.251249ms)
deploy-test	UNKNOWN STEP	2026-10-06T06:22:21.1264936Z ✔ payloads.ts 与 Schema 保持一致（生成器新鲜度） (4.271487ms)
deploy-test	UNKNOWN STEP	2026-10-06T06:22:21.1265414Z ✔ 全部 Schema 的 x-decision-versions 可追溯到决策登记 (2.502078ms)
deploy-test	UNKNOWN STEP	2026-10-06T06:22:21.1573807Z ✔ Telemetry current (2.363883ms)
deploy-test	UNKNOWN STEP	2026-10-06T06:22:21.1599044Z ✔ Telemetry past 300s (0.348585ms)
deploy-test	UNKNOWN STEP	2026-10-06T06:22:21.1629756Z ✔ Telemetry past 301s (0.101043ms)
deploy-test	UNKNOWN STEP	2026-10-06T06:22:21.1658633Z ✔ Telemetry past 24h inclusive (0.090192ms)
deploy-test	UNKNOWN STEP	2026-10-06T06:22:21.1659483Z ✔ Telemetry past 24h plus 1ms (0.130274ms)
deploy-test	UNKNOWN STEP	2026-10-06T06:22:21.1688675Z ✔ Telemetry future 300s inclusive (0.24088ms)
deploy-test	UNKNOWN STEP	2026-10-06T06:22:21.1714522Z ✔ Telemetry future 300s plus 1ms (0.196484ms)
deploy-test	UNKNOWN STEP	2026-10-06T06:22:21.1743983Z ✔ other topics retain symmetric 300-second tolerance (0.209461ms)
deploy-test	UNKNOWN STEP	2026-10-06T06:22:21.1764919Z ✔ configured tolerance affects future bound but cannot enlarge Telemetry history (0.470823ms)
deploy-test	UNKNOWN STEP	2026-10-06T06:22:21.1798759Z ✔ invalid numeric policy inputs fail closed (0.230151ms)
deploy-test	UNKNOWN STEP	2026-10-06T06:22:21.2870471Z ✔ Tier 登记 JSON 通过自身 JSON Schema 结构校验 (1.816586ms)
deploy-test	UNKNOWN STEP	2026-10-06T06:22:21.2949280Z ✔ 负向结构：非法 Tier、未知 Topic 键与缺失字段被 Schema 拒绝 (1.230717ms)
deploy-test	UNKNOWN STEP	2026-10-06T06:22:21.2964371Z ✔ x-decision-versions 引用 DEC-002 且版本与决策登记一致 (0.140025ms)
deploy-test	UNKNOWN STEP	2026-10-06T06:22:21.2976787Z ✔ 冻结值：Telemetry/Report/Tamper 为 AUDITED，Command 及其余为 STANDARD (0.291344ms)
deploy-test	UNKNOWN STEP	2026-10-06T06:22:21.2979857Z ✔ Tier 与 topic-catalog.json 的 payloadEnvelope 完全一致 (1.417828ms)
deploy-test	UNKNOWN STEP	2026-10-06T06:22:21.2983777Z ✔ Tier 与 11 个 MQTT Schema 的 audit 强制完全一致 (0.633136ms)
deploy-test	UNKNOWN STEP	2026-10-06T06:22:21.2984756Z ✔ 失败关闭：未知 Topic 拒绝并抛出稳定错误 (0.509766ms)
deploy-test	UNKNOWN STEP	2026-10-06T06:22:21.2985489Z ✔ Tier 条目消费者均为合法任务 ID 且覆盖 DEC-002 阻塞任务 (0.33855ms)
deploy-test	UNKNOWN STEP	2026-10-06T06:22:21.2986046Z ✔ 登记覆盖全部 11 个 Topic 且 TS 常量与 topic-tier.json 完全一致 (0.243212ms)
deploy-test	UNKNOWN STEP	2026-10-06T06:22:21.3149111Z ✔ catalog 恰好包含 8 个上行和 3 个下行 Topic (1.162207ms)
deploy-test	UNKNOWN STEP	2026-10-06T06:22:21.3166790Z ✔ 11 个 Topic 的方向与 QoS 矩阵全部符合契约 (0.222873ms)
deploy-test	UNKNOWN STEP	2026-10-06T06:22:21.3178838Z ✔ TS 常量与 topic-catalog.json 完全一致 (0.236842ms)
deploy-test	UNKNOWN STEP	2026-10-06T06:22:21.3193486Z ✔ 合法 Topic 可解析出 deviceId/type/direction (0.296937ms)
deploy-test	UNKNOWN STEP	2026-10-06T06:22:21.3194193Z ✔ buildTopic 与 parseTopic 往返一致 (0.308225ms)
deploy-test	UNKNOWN STEP	2026-10-06T06:22:21.3194727Z ✔ 未知层级和空 deviceId 被拒绝 (0.661696ms)
deploy-test	UNKNOWN STEP	2026-10-06T06:22:21.3195159Z ✔ buildTopic 拒绝空和非法 deviceId (0.269528ms)
deploy-test	UNKNOWN STEP	2026-10-06T06:22:21.3195665Z ✔ 权限模板：设备只能发布自身上行、只能订阅自身下行 (0.301503ms)
deploy-test	UNKNOWN STEP	2026-10-06T06:22:21.3196120Z ✔ 权限模板拒绝非法 deviceId (0.200242ms)
deploy-test	UNKNOWN STEP	2026-10-06T06:22:21.3889181Z ✔ 六个端点齐备且 CognitoJwt 认证；响应码齐备 (1.637449ms)
deploy-test	UNKNOWN STEP	2026-10-06T06:22:21.3924236Z ✔ 筛选参数齐备：severity/status/device/site/时间范围 + 游标分页 (0.231428ms)
deploy-test	UNKNOWN STEP	2026-10-06T06:22:21.3959553Z ✔ Schema 封闭：Alarm 处理字段（操作者/原因/时间）与 replayed 齐备；确认/清除强制 reason (0.205964ms)
deploy-test	UNKNOWN STEP	2026-10-06T06:22:21.3960776Z ✔ 所有 $ref 可解析（内部引用 + 同目录相对引用 openapi-base.json） (0.973261ms)
deploy-test	UNKNOWN STEP	2026-10-06T06:22:21.5009345Z ✔ 端点齐备且 CognitoJwt 认证：列表 + 详情 (1.312912ms)
deploy-test	UNKNOWN STEP	2026-10-06T06:22:21.5036165Z ✔ 只读 API：不存在任何写路由（post/put/patch/delete） (0.205629ms)
deploy-test	UNKNOWN STEP	2026-10-06T06:22:21.5046133Z ✔ 筛选参数齐备（actor/Customer/对象/动作/结果/时间 + 游标分页）；响应不暴露敏感字段 (0.280652ms)
deploy-test	UNKNOWN STEP	2026-10-06T06:22:21.5059496Z ✔ 所有 $ref 可解析（内部引用 + openapi-base.json） (0.606743ms)
deploy-test	UNKNOWN STEP	2026-10-06T06:22:21.5272614Z ✔ 端点存在且 Cognito 认证；轮换请求视图为七字段且不含密钥材料 (1.274801ms)
deploy-test	UNKNOWN STEP	2026-10-06T06:22:21.5273363Z ✔ 所有 $ref 可解析（内部引用 + 同目录相对引用 openapi-base.json） (0.518417ms)
deploy-test	UNKNOWN STEP	2026-10-06T06:22:21.6158328Z ✔ 端点齐备且 CognitoJwt 认证；201 创建 + 200 幂等重放 + 409 冲突/状态门 (2.828609ms)
deploy-test	UNKNOWN STEP	2026-10-06T06:22:21.6199712Z ✔ 命令枚举与 CT-04 目录 22 个白名单一致；确认凭证与 timeoutSec 边界齐备 (0.238424ms)
deploy-test	UNKNOWN STEP	2026-10-06T06:22:21.6200845Z ✔ 响应 Schema 封闭且含 requestedBy/expiresAt/replayed/confirmedBy (0.148958ms)
deploy-test	UNKNOWN STEP	2026-10-06T06:22:21.6228842Z ✔ BE-CMD-03 查询端点齐备：列表/详情 + 状态枚举 + attempts/acks 时间线 (0.470322ms)
deploy-test	UNKNOWN STEP	2026-10-06T06:22:21.6259137Z ✔ 所有 $ref 可解析（内部引用 + 同目录相对引用 openapi-base.json） (0.841369ms)
deploy-test	UNKNOWN STEP	2026-10-06T06:22:21.7020399Z ✔ 七个端点齐备且 Cognito 认证；operationId 与响应码齐备 (1.363478ms)
deploy-test	UNKNOWN STEP	2026-10-06T06:22:21.7043280Z ✔ Schema 封闭：DEC-018 冻结 V1 四字段、单位、范围与默认值 (0.374583ms)
deploy-test	UNKNOWN STEP	2026-10-06T06:22:21.7044195Z ✔ 所有 $ref 可解析（内部引用 + 同目录相对引用 openapi-base.json） (0.796138ms)
deploy-test	UNKNOWN STEP	2026-10-06T06:22:21.7407493Z ✔ 列表与按需联系人端点齐备且 Cognito 认证；筛选参数齐备 (1.312128ms)
deploy-test	UNKNOWN STEP	2026-10-06T06:22:21.7444685Z ✔ Schema 封闭：两种耗材列恒在；列表零联系人 PII；按需联系人独立；百分比 0~100 (0.390119ms)
deploy-test	UNKNOWN STEP	2026-10-06T06:22:21.7445933Z ✔ 所有 $ref 可解析（内部引用 + 同目录相对引用 openapi-base.json） (0.606584ms)
deploy-test	UNKNOWN STEP	2026-10-06T06:22:21.8412695Z ✔ 六个端点齐备且 Cognito 认证；状态迁移强制 If-Match (1.582949ms)
deploy-test	UNKNOWN STEP	2026-10-06T06:22:21.8510790Z ✔ Schema 封闭：四态枚举/source 固定 ADMIN/幂等 replayed/完整历史字段 (0.213012ms)
deploy-test	UNKNOWN STEP	2026-10-06T06:22:21.8517404Z ✔ 所有 $ref 可解析（内部引用 + 同目录相对引用 openapi-base.json） (1.65873ms)
deploy-test	UNKNOWN STEP	2026-10-06T06:22:21.9171451Z ✔ 八个端点齐备且 Cognito 认证；写操作强制 If-Match (1.697433ms)
deploy-test	UNKNOWN STEP	2026-10-06T06:22:21.9189012Z ✔ Schema 封闭：五态枚举/唯一编号/强制原因/派生状态/最小权限 contact (0.230085ms)
deploy-test	UNKNOWN STEP	2026-10-06T06:22:21.9189786Z ✔ 所有 $ref 可解析（内部引用 + 同目录相对引用 openapi-base.json） (0.960518ms)
deploy-test	UNKNOWN STEP	2026-10-06T06:22:21.9467448Z ✔ 五个端点齐备且 Cognito 认证；operationId 与响应码齐备 (1.718638ms)
deploy-test	UNKNOWN STEP	2026-10-06T06:22:21.9492337Z ✔ Schema 封闭：设备视图字段齐备/关联窗口/强制原因/批量语义 (0.326622ms)
deploy-test	UNKNOWN STEP	2026-10-06T06:22:21.9517463Z ✔ 所有 $ref 可解析（内部引用 + 同目录相对引用 openapi-base.json） (1.526337ms)
deploy-test	UNKNOWN STEP	2026-10-06T06:22:22.0494343Z ✔ 六端点齐备且 Cognito 认证；写操作声明 If-Match；响应码齐备 (1.419852ms)
deploy-test	UNKNOWN STEP	2026-10-06T06:22:22.0518612Z ✔ Customer 视图六字段封闭；status 枚举 ACTIVE|SUSPENDED；请求体封闭 (0.221871ms)
deploy-test	UNKNOWN STEP	2026-10-06T06:22:22.0523985Z ✔ 所有 $ref 可解析（内部引用 + 同目录相对引用 openapi-base.json） (1.584857ms)
deploy-test	UNKNOWN STEP	2026-10-06T06:22:22.1297526Z ✔ 端点齐备且 CognitoJwt 认证：仅 GET 总览（只读，无写路由） (1.092055ms)
deploy-test	UNKNOWN STEP	2026-10-06T06:22:22.1321553Z ✔ 总览 DTO 齐备：Contract/设备分布/在线率/今日 ESG/最新告警/设备卡片；四轴分离不合并 (0.477201ms)
deploy-test	UNKNOWN STEP	2026-10-06T06:22:22.1336834Z ✔ 所有 $ref 可解析（内部引用 + openapi-base.json） (1.630937ms)
deploy-test	UNKNOWN STEP	2026-10-06T06:22:22.1694700Z ✔ 列表/详情端点存在且 Cognito 认证；筛选参数齐备；响应码齐备 (1.377401ms)
deploy-test	UNKNOWN STEP	2026-10-06T06:22:22.1709147Z ✔ Device 视图字段封闭（原型设备群表格字段均有来源）；证书仅摘要 (0.26013ms)
deploy-test	UNKNOWN STEP	2026-10-06T06:22:22.1750197Z ✔ BE-DEV-06 元数据 PATCH 端点：白名单仅 alias + If-Match 乐观锁 + 409 冲突语义 (0.161161ms)
deploy-test	UNKNOWN STEP	2026-10-06T06:22:22.1755715Z ✔ 所有 $ref 可解析（内部引用 + 同目录相对引用 openapi-base.json） (1.851882ms)
deploy-test	UNKNOWN STEP	2026-10-06T06:22:22.2369482Z ✔ 分配/历史端点齐备且 Cognito 认证；响应码齐备 (1.493146ms)
deploy-test	UNKNOWN STEP	2026-10-06T06:22:22.2392628Z ✔ DeviceAssignment 视图封闭：授权窗口（assignedAt/endedAt）+ 幂等/通知字段齐备 (0.215593ms)
deploy-test	UNKNOWN STEP	2026-10-06T06:22:22.2449860Z ✔ 所有 $ref 可解析（内部引用 + 同目录相对引用 openapi-base.json） (0.444095ms)
deploy-test	UNKNOWN STEP	2026-10-06T06:22:22.3400581Z ✔ 端点齐备且 CognitoJwt 认证：console/activities/export/导出详情 (1.432399ms)
deploy-test	UNKNOWN STEP	2026-10-06T06:22:22.3432011Z ✔ 四轴分离 + 数据块 observedAt/stale/单位；最新 Media 可选块稳定可空 (0.27367ms)
deploy-test	UNKNOWN STEP	2026-10-06T06:22:22.3459145Z ✔ 不透传 MQTT 原始消息、不含实时流/运维字段；所有 $ref 可解析 (1.064832ms)
deploy-test	UNKNOWN STEP	2026-10-06T06:22:22.3889435Z ✔ retire/force-complete 端点齐备且 Cognito 认证；响应码齐备 (1.751397ms)
deploy-test	UNKNOWN STEP	2026-10-06T06:22:22.3916437Z ✔ 请求体封闭：retire 强制原因 + confirm 恒 true；视图封闭且通知枚举正确 (0.215373ms)
deploy-test	UNKNOWN STEP	2026-10-06T06:22:22.3950085Z ✔ 所有 $ref 可解析（内部引用 + 同目录相对引用 openapi-base.json） (0.398007ms)
deploy-test	UNKNOWN STEP	2026-10-06T06:22:22.4605920Z ✔ suspend/reactivate 端点齐备且 Cognito 认证；响应码齐备 (2.068133ms)
deploy-test	UNKNOWN STEP	2026-10-06T06:22:22.4613756Z ✔ 请求体封闭：挂起强制原因；恢复强制原因 + issueResolved 恒 true；通知枚举正确 (0.486483ms)
deploy-test	UNKNOWN STEP	2026-10-06T06:22:22.4639225Z ✔ 所有 $ref 可解析（内部引用 + 同目录相对引用 openapi-base.json） (0.456979ms)
deploy-test	UNKNOWN STEP	2026-10-06T06:22:22.5339402Z ✔ 七个端点齐备且 Cognito 认证；写操作强制 If-Match (1.902723ms)
deploy-test	UNKNOWN STEP	2026-10-06T06:22:22.5348747Z ✔ Schema 封闭：管理 DTO 无 PHC；写接口只受控接收 writeOnly password (0.281124ms)
deploy-test	UNKNOWN STEP	2026-10-06T06:22:22.5361639Z ✔ 所有 $ref 可解析（内部引用 + 同目录相对引用 openapi-base.json） (1.804832ms)
deploy-test	UNKNOWN STEP	2026-10-06T06:22:22.5926578Z ✔ 八个端点齐备且 CognitoJwt 认证；导出创建返回 202 (1.744482ms)
deploy-test	UNKNOWN STEP	2026-10-06T06:22:22.5971142Z ✔ 查询筛选参数齐备（customerId/siteId/deviceId/时间范围 + 游标）；reports 含 reportType (0.273947ms)
deploy-test	UNKNOWN STEP	2026-10-06T06:22:22.5995557Z ✔ Schema 封闭：导出数据集枚举、短期 URL 过期字段、CSV 一致性字段 (0.351658ms)
deploy-test	UNKNOWN STEP	2026-10-06T06:22:22.6016555Z ✔ 所有 $ref 可解析（内部引用 + 同目录相对引用 openapi-base.json） (2.256832ms)
deploy-test	UNKNOWN STEP	2026-10-06T06:22:22.6722722Z ✔ 八个端点齐备且 Cognito 认证；operationId 与响应码齐备 (1.502785ms)
deploy-test	UNKNOWN STEP	2026-10-06T06:22:22.6762316Z ✔ Schema 封闭：七态枚举/Entitlement 三码/签名字段/强制原因/幂等与派生字段 (0.418323ms)
deploy-test	UNKNOWN STEP	2026-10-06T06:22:22.6776868Z ✔ 所有 $ref 可解析（内部引用 + 同目录相对引用 openapi-base.json） (1.293736ms)
deploy-test	UNKNOWN STEP	2026-10-06T06:22:22.7447415Z ✔ 四个审批端点存在且使用 Cognito JWT 认证 (1.428025ms)
deploy-test	UNKNOWN STEP	2026-10-06T06:22:22.7451129Z ✔ approve/reject 强制 If-Match；reject 强制 reason (0.239326ms)
deploy-test	UNKNOWN STEP	2026-10-06T06:22:22.7480280Z ✔ 申请 DTO 不含 CSR 原文 (0.10689ms)
deploy-test	UNKNOWN STEP	2026-10-06T06:22:22.7481269Z ✔ 管理端明确暴露内部 TIMED_OUT，列表状态过滤为封闭枚举 (0.127011ms)
deploy-test	UNKNOWN STEP	2026-10-06T06:22:22.7496639Z ✔ 所有 $ref 可解析（内部引用 + 同目录相对引用 openapi-base.json） (0.570489ms)
deploy-test	UNKNOWN STEP	2026-10-06T06:22:22.8083592Z ✔ 端点齐备且 CognitoJwt 认证：创建/列表/详情/targets/扩大批次/pause/resume/cancel/retry (4.155656ms)
deploy-test	UNKNOWN STEP	2026-10-06T06:22:22.8109988Z ✔ 首批强制恰好 1 台；最终全量审批契约封闭；状态机枚举封闭 (0.208823ms)
deploy-test	UNKNOWN STEP	2026-10-06T06:22:22.8207662Z ✔ 视图封闭且不泄露内部字段；批次/重试结果结构稳定 (0.164931ms)
deploy-test	UNKNOWN STEP	2026-10-06T06:22:22.8239541Z ✔ 所有 $ref 可解析（内部引用 + 同目录相对引用 openapi-base.json） (1.687604ms)
deploy-test	UNKNOWN STEP	2026-10-06T06:22:22.8817526Z ✔ 端点齐备且 CognitoJwt 认证：上传会话/complete/列表/详情 (1.280212ms)
deploy-test	UNKNOWN STEP	2026-10-06T06:22:22.8826393Z ✔ packageType/sha256 与 CT-03 OTA Schema 一致；创建字段封闭且签名必填 (0.313954ms)
deploy-test	UNKNOWN STEP	2026-10-06T06:22:22.8844055Z ✔ 状态机封闭：UPLOADED/VERIFIED/RETIRED；可发布=VERIFIED；视图不泄露信任根 (2.749345ms)
deploy-test	UNKNOWN STEP	2026-10-06T06:22:22.8844927Z ✔ 所有 $ref 可解析（内部引用 + 同目录相对引用 openapi-base.json） (0.599988ms)
deploy-test	UNKNOWN STEP	2026-10-06T06:22:22.9502601Z ✔ 端点存在且 Cognito 认证；三端点（create/list/detail）响应码齐备 (2.032919ms)
deploy-test	UNKNOWN STEP	2026-10-06T06:22:22.9528503Z ✔ ReplayJob 视图七字段封闭；状态枚举与统计字段齐备；scope 封闭 (0.287378ms)
deploy-test	UNKNOWN STEP	2026-10-06T06:22:22.9529255Z ✔ 所有 $ref 可解析（内部引用 + 同目录相对引用 openapi-base.json） (0.555083ms)
deploy-test	UNKNOWN STEP	2026-10-06T06:22:23.0375149Z ✔ 端点齐备且 CognitoJwt 认证：列表/读取/更新（无删除与新建路由） (1.555533ms)
deploy-test	UNKNOWN STEP	2026-10-06T06:22:23.0406113Z ✔ 封闭 key 集与乐观锁版本控制；固定枚举不可经 API 改写 (0.329103ms)
deploy-test	UNKNOWN STEP	2026-10-06T06:22:23.0437660Z ✔ 所有 $ref 可解析（内部引用 + openapi-base.json） (0.664142ms)
deploy-test	UNKNOWN STEP	2026-10-06T06:22:23.1081048Z ✔ 六端点齐备且 Cognito 认证；写操作声明 If-Match；响应码齐备 (1.545908ms)
deploy-test	UNKNOWN STEP	2026-10-06T06:22:23.1082339Z ✔ Site 视图字段封闭（含 deviceCount/version）；status 枚举；请求体封闭且更新体不含 customerId (0.241465ms)
deploy-test	UNKNOWN STEP	2026-10-06T06:22:23.1083107Z ✔ 所有 $ref 可解析（内部引用 + 同目录相对引用 openapi-base.json） (1.66303ms)
deploy-test	UNKNOWN STEP	2026-10-06T06:22:23.1535168Z ✔ 端点齐备且 CognitoJwt 认证：列表/邀请/角色/scope/停用/密码重置 (1.366331ms)
deploy-test	UNKNOWN STEP	2026-10-06T06:22:23.1547590Z ✔ 角色封闭集与 DEC-012 映射；输入不含密码字段；响应不含凭证材料 (0.20652ms)
deploy-test	UNKNOWN STEP	2026-10-06T06:22:23.1548472Z ✔ 所有 $ref 可解析（内部引用 + openapi-base.json） (0.562522ms)
deploy-test	UNKNOWN STEP	2026-10-06T06:22:23.2470341Z ✔ 端点存在且使用 Device mTLS 认证 (1.505323ms)
deploy-test	UNKNOWN STEP	2026-10-06T06:22:23.2491408Z ✔ 轮换契约：请求强制 currentCertificateId；响应五字段；409/403/400/401 齐整 (0.229375ms)
deploy-test	UNKNOWN STEP	2026-10-06T06:22:23.2499135Z ✔ 状态契约为四态枚举且响应不含 PEM/私钥字段 (0.198013ms)
deploy-test	UNKNOWN STEP	2026-10-06T06:22:23.2500773Z ✔ 状态查询由 mTLS 身份定位证书，不增加源稿未定义的 deviceId Query (0.07089ms)
deploy-test	UNKNOWN STEP	2026-10-06T06:22:23.2501558Z ✔ 所有 $ref 可解析（内部引用 + 同目录相对引用 openapi-base.json） (0.379337ms)
deploy-test	UNKNOWN STEP	2026-10-06T06:22:23.3379746Z ✔ deactivate 端点齐备且 DeviceMtls 认证；响应码齐备 (1.097219ms)
deploy-test	UNKNOWN STEP	2026-10-06T06:22:23.3413320Z ✔ 响应视图封闭：退役记录 + 证书摘要（无证书材料字段）；幂等字段齐备 (3.32434ms)
deploy-test	UNKNOWN STEP	2026-10-06T06:22:23.3424423Z ✔ 所有 $ref 可解析（内部引用 + 同目录相对引用 openapi-base.json） (0.495078ms)
deploy-test	UNKNOWN STEP	2026-10-06T06:22:23.3642605Z ✔ BE-ONB-01 端点存在且 CSR 首次申请无需预置 Token (1.344347ms)
deploy-test	UNKNOWN STEP	2026-10-06T06:22:23.3662826Z ✔ 请求体包含设备资料和必填 CSR (0.211781ms)
deploy-test	UNKNOWN STEP	2026-10-06T06:22:23.3663586Z ✔ 成功响应含 requestId 与 PENDING 状态（200 幂等重放 / 201 新建） (0.138994ms)
deploy-test	UNKNOWN STEP	2026-10-06T06:22:23.3664296Z ✔ 匿名申请负向响应覆盖稳定错误码语义：400/404/409/429/500 (0.170003ms)
deploy-test	UNKNOWN STEP	2026-10-06T06:22:23.3664887Z ✔ 所有 $ref 可解析（内部引用 + 同目录相对引用 openapi-base.json） (0.555854ms)
deploy-test	UNKNOWN STEP	2026-10-06T06:22:23.3665520Z ✔ BE-ONB-03 status 端点：requestId 与 CSR 私钥签名，三态响应不含设备私钥 (0.411275ms)
deploy-test	UNKNOWN STEP	2026-10-06T06:22:23.4523381Z ✔ BE-OTA-03 下载兑换必须使用 Device mTLS 且绑定 target/token (1.23615ms)
deploy-test	UNKNOWN STEP	2026-10-06T06:22:23.4539334Z ✔ 一次性兑换响应禁止缓存，并封闭安全失败状态 (0.233839ms)
deploy-test	UNKNOWN STEP	2026-10-06T06:22:23.5499910Z ✔ 六个设备 Endpoint 的 Method、Path 完整且认证方式符合 DEC-025 (2.451628ms)
deploy-test	UNKNOWN STEP	2026-10-06T06:22:23.5501155Z ✔ Onboarding 按 DEC-026 增加 chain 与 REST，保留顶层结构，不使用 data/meta 包裹 (0.178208ms)
deploy-test	UNKNOWN STEP	2026-10-06T06:22:23.5532522Z ✔ Certificate 与 Sync 关键字段遵循源稿日期、枚举、用户和配置结构 (0.196951ms)
deploy-test	UNKNOWN STEP	2026-10-06T06:22:23.5543508Z ✔ 管理端 License/Device 投影不把源稿 OTA entitlement 改名为 OTA_UPDATE (0.096061ms)
deploy-test	UNKNOWN STEP	2026-10-06T06:22:23.5546400Z ✔ 所有 REST OpenAPI 使用当前正式决策登记版本且无非法 SEC 决策引用 (11.489965ms)
deploy-test	UNKNOWN STEP	2026-10-06T06:22:23.5725094Z ✔ sync 端点齐备且 DeviceMtls 认证；响应码齐备 (1.332536ms)
deploy-test	UNKNOWN STEP	2026-10-06T06:22:23.5769532Z ✔ 请求体封闭：lastSyncTime 与可选许可证确认 (0.169321ms)
deploy-test	UNKNOWN STEP	2026-10-06T06:22:23.5770837Z ✔ 快照顶层与源稿六域同形，兼容元数据不成为必填线协议 (0.293665ms)
deploy-test	UNKNOWN STEP	2026-10-06T06:22:23.5771457Z ✔ Retired 退役确认待处理设备仍可 Sync，契约不在认证层全局拒绝 (0.139311ms)
deploy-test	UNKNOWN STEP	2026-10-06T06:22:23.5772183Z ✔ 所有 $ref 可解析（内部引用 + 同目录相对引用 openapi-base.json） (0.595587ms)
deploy-test	UNKNOWN STEP	2026-10-06T06:22:23.5774150Z ✔ 许可证确认绑定版本与快照，规范验签输入保留完整UTC时间 (0.15676ms)
deploy-test	UNKNOWN STEP	2026-10-06T06:22:23.6752279Z ✔ 基座 SuccessResponse 结构：data + meta(requestId, UTC timestamp) (1.690241ms)
deploy-test	UNKNOWN STEP	2026-10-06T06:22:23.6757565Z ✔ 游标分页响应与往返解析 (0.480568ms)
deploy-test	UNKNOWN STEP	2026-10-06T06:22:23.6758601Z ✔ 非法游标返回 CURSOR_INVALID（400） (0.567989ms)
deploy-test	UNKNOWN STEP	2026-10-06T06:22:23.6759276Z ✔ limit 归一化：默认 50，范围 1~100 (0.42739ms)
deploy-test	UNKNOWN STEP	2026-10-06T06:22:23.6760866Z ✔ Idempotency-Key：缺失/非法被拒绝，合法值透传 (0.202843ms)
deploy-test	UNKNOWN STEP	2026-10-06T06:22:23.6764139Z ✔ If-Match 并发版本冲突返回确定的 409 (0.554474ms)
deploy-test	UNKNOWN STEP	2026-10-06T06:22:23.6775588Z ✔ 验证失败有确定响应（400 + VALIDATION_FAILED） (0.211021ms)
deploy-test	UNKNOWN STEP	2026-10-06T06:22:23.6779745Z ✔ 异常映射器不泄露堆栈、SQL 或 AWS 内部错误 (0.14167ms)
deploy-test	UNKNOWN STEP	2026-10-06T06:22:23.6780468Z ✔ 错误码目录、HTTP 状态映射与 OpenAPI ErrorCode 枚举三者一致 (0.261694ms)
deploy-test	UNKNOWN STEP	2026-10-06T06:22:23.6781254Z ✔ OpenAPI 基座结构有效：四个 API 分组与安全方案 (0.230748ms)
deploy-test	UNKNOWN STEP	2026-10-06T06:22:23.6781897Z ✔ OpenAPI 基座所有内部 $ref 均可解析（无悬空引用） (0.442787ms)
deploy-test	UNKNOWN STEP	2026-10-06T06:22:23.7529806Z ✔ 设备端：上传会话端点齐备且 DeviceMtls 认证；输入封闭；objectPath 由服务端签发 (1.383561ms)
deploy-test	UNKNOWN STEP	2026-10-06T06:22:23.7572873Z ✔ 管理端：列表/下载端点齐备且 CognitoJwt 认证；视图不泄露内部存储信息 (0.420142ms)
deploy-test	UNKNOWN STEP	2026-10-06T06:22:23.7574088Z ✔ Media 状态枚举封闭（AVAILABLE/DELETED）；配额/大小/TTL 引用 DEC-024 冻结值 (0.199497ms)
deploy-test	UNKNOWN STEP	2026-10-06T06:22:23.7574864Z ✔ 所有 $ref 可解析（内部引用 + openapi-base.json） (0.735011ms)
deploy-test	UNKNOWN STEP	2026-10-06T06:22:23.7852558Z ✔ 策略 JSON 通过自身 JSON Schema 结构校验 (1.254806ms)
deploy-test	UNKNOWN STEP	2026-10-06T06:22:23.7879589Z ✔ 负向结构：非法枚举、非空待冻结参数与缺失字段被 Schema 拒绝 (0.765818ms)
deploy-test	UNKNOWN STEP	2026-10-06T06:22:23.7908838Z ✔ x-decision-versions 引用 DEC-003 且版本与决策登记一致 (0.149526ms)
deploy-test	UNKNOWN STEP	2026-10-06T06:22:23.7911821Z ✔ 暂定值定性规则可执行：KMS 信封、一次性领取、成功即销毁、丢失重签 (0.154572ms)
deploy-test	UNKNOWN STEP	2026-10-06T06:22:23.7912361Z ✔ 冻结参数可直接执行：24 小时、一次成功领取、无待定参数 (0.160105ms)
deploy-test	UNKNOWN STEP	2026-10-06T06:22:23.7912894Z ✔ 策略消费者均为合法任务 ID 且覆盖 DEC-003 阻塞任务与 SEC-01 (0.2467ms)
deploy-test	UNKNOWN STEP	2026-10-06T06:22:23.7913453Z ✔ TS 常量与 certificate-package-policy.json 完全一致 (0.288536ms)
deploy-test	UNKNOWN STEP	2026-10-06T06:22:23.9186991Z ✔ 策略 JSON 通过自身 JSON Schema 结构校验 (1.759916ms)
deploy-test	UNKNOWN STEP	2026-10-06T06:22:23.9209189Z ✔ 负向结构：复用云端 Hash、非独立 salt 与非法字段被 Schema 拒绝 (0.776412ms)
deploy-test	UNKNOWN STEP	2026-10-06T06:22:23.9219309Z ✔ x-decision-versions 引用 DEC-004 且版本与决策登记一致 (0.148528ms)
deploy-test	UNKNOWN STEP	2026-10-06T06:22:23.9221022Z ✔ 暂定值定性规则可执行：设备本地专用、禁复用云端 Hash、每用户 salt、仅 Sync 下发 (0.23163ms)
deploy-test	UNKNOWN STEP	2026-10-06T06:22:23.9222664Z ✔ 冻结参数可直接执行：Argon2id PHC、固定参数与长度 (0.660712ms)
deploy-test	UNKNOWN STEP	2026-10-06T06:22:23.9223323Z ✔ 策略消费者均为合法任务 ID 且覆盖 DEC-004 阻塞任务 (0.294451ms)
deploy-test	UNKNOWN STEP	2026-10-06T06:22:23.9224056Z ✔ TS 常量与 device-user-verifier-policy.json 完全一致 (0.277194ms)
deploy-test	UNKNOWN STEP	2026-10-06T06:22:23.9692238Z ✔ 策略 JSON 通过自身 JSON Schema 结构校验 (2.054956ms)
deploy-test	UNKNOWN STEP	2026-10-06T06:22:23.9704522Z ✔ 负向结构：跳过服务端验签、非失败关闭与内嵌信任根被 Schema 拒绝 (0.758665ms)
deploy-test	UNKNOWN STEP	2026-10-06T06:22:23.9723514Z ✔ 暂定值定性规则可执行：服务端验签强制、失败关闭、载荷字段锁定、信任根带外分发 (0.268792ms)
deploy-test	UNKNOWN STEP	2026-10-06T06:22:23.9727029Z ✔ DEC-022 冻结算法、信任根类型、编码且无待定参数 (0.164847ms)
deploy-test	UNKNOWN STEP	2026-10-06T06:22:23.9727604Z ✔ DEC-022 固定 RSA/SHA-256 测试向量可复验 (1.662682ms)
deploy-test	UNKNOWN STEP	2026-10-06T06:22:23.9728469Z ✔ 策略消费者均为合法任务 ID 且覆盖 BE-OTA-01 (0.296441ms)
deploy-test	UNKNOWN STEP	2026-10-06T06:22:23.9729076Z ✔ TS 常量与 ota-package-signature-policy.json 完全一致 (0.510335ms)
deploy-test	UNKNOWN STEP	2026-10-06T06:22:24.0502775Z ✔ 四类业务设置共享版本化 JSON Schema 与运行时校验器 (46.280044ms)
deploy-test	UNKNOWN STEP	2026-10-06T06:22:24.0661890Z ℹ tests 302
deploy-test	UNKNOWN STEP	2026-10-06T06:22:24.0662114Z ℹ suites 0
deploy-test	UNKNOWN STEP	2026-10-06T06:22:24.0662281Z ℹ pass 302
deploy-test	UNKNOWN STEP	2026-10-06T06:22:24.0662445Z ℹ fail 0
deploy-test	UNKNOWN STEP	2026-10-06T06:22:24.0662961Z ℹ cancelled 0
deploy-test	UNKNOWN STEP	2026-10-06T06:22:24.0663139Z ℹ skipped 0
deploy-test	UNKNOWN STEP	2026-10-06T06:22:24.0663304Z ℹ todo 0
deploy-test	UNKNOWN STEP	2026-10-06T06:22:24.0663488Z ℹ duration_ms 4440.30509
deploy-test	UNKNOWN STEP	2026-10-06T06:22:24.2759775Z 
deploy-test	UNKNOWN STEP	2026-10-06T06:22:24.2760687Z > food-digester-platform@0.0.0 test:scripts /home/runner/work/food-digester-platform/food-digester-platform
deploy-test	UNKNOWN STEP	2026-10-06T06:22:24.2761181Z > node --import tsx --test scripts/*.test.mjs
deploy-test	UNKNOWN STEP	2026-10-06T06:22:27.8157277Z 
deploy-test	UNKNOWN STEP	2026-10-06T06:22:27.8158910Z ✔ bootstrap input is bound to the normalized email and never accepts a password (1.849679ms)
deploy-test	UNKNOWN STEP	2026-10-06T06:22:27.8183981Z ✔ successful bootstrap creates Cognito identity before committing linked database user (0.429344ms)
deploy-test	UNKNOWN STEP	2026-10-06T06:22:27.8186507Z ✔ non-pristine Cognito or database fails before any mutation (0.425374ms)
deploy-test	UNKNOWN STEP	2026-10-06T06:22:27.8187583Z ✔ database failure deletes Cognito identity and records compensated failure (0.542726ms)
deploy-test	UNKNOWN STEP	2026-10-06T06:22:27.8188838Z ✔ failed Cognito compensation keeps reconciliation required (0.41811ms)
deploy-test	UNKNOWN STEP	2026-10-06T06:22:27.8189820Z ✔ source approval requires exact SHA and packager embeds committed SHA (3356.40767ms)
deploy-test	UNKNOWN STEP	2026-10-06T06:22:27.8190780Z ✔ runner without approved source fails closed without leaking configuration (41.810579ms)
deploy-test	UNKNOWN STEP	2026-10-06T06:22:27.8379267Z ✔ serial and parallel repeated browser receipts are validated (3.924397ms)
deploy-test	UNKNOWN STEP	2026-10-06T06:22:27.8399808Z ✔ fail closed: missing required flow (0.43924ms)
deploy-test	UNKNOWN STEP	2026-10-06T06:22:27.8428969Z ✔ fail closed: skipped execution (0.273384ms)
deploy-test	UNKNOWN STEP	2026-10-06T06:22:27.8458687Z ✔ fail closed: flaky execution (0.798715ms)
deploy-test	UNKNOWN STEP	2026-10-06T06:22:27.8478059Z ✔ fail closed: retry hides failure (0.283153ms)
deploy-test	UNKNOWN STEP	2026-10-06T06:22:27.8484152Z ✔ fail closed: unexpected error (0.283253ms)
deploy-test	UNKNOWN STEP	2026-10-06T06:22:27.8485007Z ✔ fail closed: missing isolated trace (0.282927ms)
deploy-test	UNKNOWN STEP	2026-10-06T06:22:27.8485642Z ✔ fail closed: data prefix reused (1.375527ms)
deploy-test	UNKNOWN STEP	2026-10-06T06:22:27.8486249Z ✔ fail closed: context cleanup failed (1.967932ms)
deploy-test	UNKNOWN STEP	2026-10-06T06:22:27.8486859Z ✔ fail closed: unmocked network request (0.359604ms)
deploy-test	UNKNOWN STEP	2026-10-06T06:22:27.8487476Z ✔ fail closed: missing role proof (0.478429ms)
deploy-test	UNKNOWN STEP	2026-10-06T06:22:27.8488253Z ✔ fail closed: wrong route permission (0.529024ms)
deploy-test	UNKNOWN STEP	2026-10-06T06:22:27.8488969Z ✔ fail closed: Auditor OTA write enabled (0.403249ms)
deploy-test	UNKNOWN STEP	2026-10-06T06:22:27.8489529Z ✔ fail closed: missing MFA assertion (0.44273ms)
deploy-test	UNKNOWN STEP	2026-10-06T06:22:27.8490460Z ✔ fail closed: missing conflict response (0.402942ms)
deploy-test	UNKNOWN STEP	2026-10-06T06:22:27.8491036Z ✔ fail closed: missing forbidden response (0.556499ms)
deploy-test	UNKNOWN STEP	2026-10-06T06:22:27.8492424Z ✔ fail closed: missing repeat (0.235447ms)
deploy-test	UNKNOWN STEP	2026-10-06T06:22:27.8493335Z ✔ repeat traces cannot duplicate the first execution (0.466458ms)
deploy-test	UNKNOWN STEP	2026-10-06T06:22:27.8494327Z ✔ manifest exactly matches independent Playwright discovery (1102.53184ms)
deploy-test	UNKNOWN STEP	2026-10-06T06:22:27.8495575Z ✔ discovery fails closed: missing case (0.570228ms)
deploy-test	UNKNOWN STEP	2026-10-06T06:22:27.8496167Z ✔ discovery fails closed: extra case (0.20337ms)
deploy-test	UNKNOWN STEP	2026-10-06T06:22:27.8496924Z ✔ discovery fails closed: duplicate replacing required case (0.172475ms)
deploy-test	UNKNOWN STEP	2026-10-06T06:22:27.8497653Z ✔ old Viewer permission cannot pass the updated matrix (0.403602ms)
deploy-test	UNKNOWN STEP	2026-10-06T06:22:27.8498841Z ✔ required behavioral proof cannot be missing: QA-09 设备管理长别名和序列号在375px完整换行且不裁切 (1.63232ms)
deploy-test	UNKNOWN STEP	2026-10-06T06:22:27.8499734Z ✔ required behavioral proof cannot be missing: H-01 API 拒绝停用会话后清除浏览器会话并返回登录 (0.995947ms)
deploy-test	UNKNOWN STEP	2026-10-06T06:22:27.8500798Z ✔ required behavioral proof cannot be missing: M-01 CustomerViewer 从菜单查询设备用户详情，全部写入口隐藏 (0.390216ms)
deploy-test	UNKNOWN STEP	2026-10-06T06:22:27.8501797Z ✔ required behavioral proof cannot be missing: UI redesign: all business routes at 1366x768 (0.900409ms)
deploy-test	UNKNOWN STEP	2026-10-06T06:22:27.8502715Z ✔ required behavioral proof cannot be missing: UI redesign: all business routes at 1440x900 (1.765796ms)
deploy-test	UNKNOWN STEP	2026-10-06T06:22:27.8503755Z ✔ required behavioral proof cannot be missing: UI redesign: all business routes at 1920x1080 (0.435235ms)
deploy-test	UNKNOWN STEP	2026-10-06T06:22:27.8504918Z ✔ required behavioral proof cannot be missing: QA05 login SRP MFA error success logout without persisting password (0.822713ms)
deploy-test	UNKNOWN STEP	2026-10-06T06:22:27.8506466Z ✔ required behavioral proof cannot be missing: QA05 ESG cursor totals export snapshot timezone and empty state (0.298083ms)
deploy-test	UNKNOWN STEP	2026-10-06T06:22:27.8507699Z ✔ required behavioral proof cannot be missing: QA05 Command dangerous confirmation terminal result and publish failure (0.244569ms)
deploy-test	UNKNOWN STEP	2026-10-06T06:22:27.8508993Z ✔ required behavioral proof cannot be missing: QA05 Media expiry renew 403 and audit read-only zero writes (0.243923ms)
deploy-test	UNKNOWN STEP	2026-10-06T06:22:27.8509912Z ✔ serial and repeated phases require all 108 independent prefixes (1.484968ms)
deploy-test	UNKNOWN STEP	2026-10-06T06:22:27.8511029Z ✔ phase budget accounts for startup, executions and worker slots, with a finite ceiling (0.123437ms)
deploy-test	UNKNOWN STEP	2026-10-06T06:22:27.8511839Z ✔ invalid phase budget rejected: repeat=0 workers=1 (0.094945ms)
deploy-test	UNKNOWN STEP	2026-10-06T06:22:27.8512508Z ✔ invalid phase budget rejected: repeat=1 workers=0 (0.053848ms)
deploy-test	UNKNOWN STEP	2026-10-06T06:22:27.8513164Z ✔ invalid phase budget rejected: repeat=0.5 workers=1 (0.049271ms)
deploy-test	UNKNOWN STEP	2026-10-06T06:22:27.8513822Z ✔ invalid phase budget rejected: repeat=1 workers=0.5 (1.865719ms)
deploy-test	UNKNOWN STEP	2026-10-06T06:22:27.8514531Z ✔ invalid phase budget rejected: repeat=Infinity workers=1 (0.096756ms)
deploy-test	UNKNOWN STEP	2026-10-06T06:22:27.8515275Z ✔ invalid phase budget rejected: repeat=1 workers=NaN (0.073816ms)
deploy-test	UNKNOWN STEP	2026-10-06T06:22:27.8516117Z ✔ real child-process timeout is classified and cannot create a successful phase (51.83642ms)
deploy-test	UNKNOWN STEP	2026-10-06T06:22:27.8516869Z ✔ failed/killed process cannot pass: status=1 (0.148698ms)
deploy-test	UNKNOWN STEP	2026-10-06T06:22:27.8517490Z ✔ failed/killed process cannot pass: status=null (0.074307ms)
deploy-test	UNKNOWN STEP	2026-10-06T06:22:27.8518439Z ✔ spawn errors reject without disclosing raw process error details (0.306481ms)
deploy-test	UNKNOWN STEP	2026-10-06T06:22:27.8519334Z ✔ successful process may proceed to the strict report and trace validator (0.419233ms)
deploy-test	UNKNOWN STEP	2026-10-06T06:22:27.8520098Z ✔ 真实 OpenAPI 片段可确定性打包且无外部引用 (58.723799ms)
deploy-test	UNKNOWN STEP	2026-10-06T06:22:27.8520667Z ✔ bundle 新鲜度检查拒绝缺失或过期产物 (103.334046ms)
deploy-test	UNKNOWN STEP	2026-10-06T06:22:27.8521304Z ✔ 失败示例：非法 OpenAPI 版本与缺少 responses 被拒绝 (0.41943ms)
deploy-test	UNKNOWN STEP	2026-10-06T06:22:27.8521927Z ✔ 失败示例：全局重复 operationId 被拒绝 (0.222958ms)
deploy-test	UNKNOWN STEP	2026-10-06T06:22:27.8522556Z ✔ 失败示例：非法 parameter 与 Schema 被拒绝 (0.39569ms)
deploy-test	UNKNOWN STEP	2026-10-06T06:22:27.8523122Z ✔ 仓库提交的统一 bundle 与当前片段一致 (27.046837ms)
deploy-test	UNKNOWN STEP	2026-10-06T06:22:27.8524038Z ✔ scoped Gate accepts the archived real-target receipt, without promoting full acceptance (14.760693ms)
deploy-test	UNKNOWN STEP	2026-10-06T06:22:27.8525182Z ✔ scoped Gate rejects missing role (25.63071ms)
deploy-test	UNKNOWN STEP	2026-10-06T06:22:27.8525817Z ✔ scoped Gate rejects wrong SHA (14.066241ms)
deploy-test	UNKNOWN STEP	2026-10-06T06:22:27.8526478Z ✔ scoped Gate rejects unverified Lambda (13.954624ms)
deploy-test	UNKNOWN STEP	2026-10-06T06:22:27.8527075Z ✔ scoped Gate rejects runtime drift (13.108969ms)
deploy-test	UNKNOWN STEP	2026-10-06T06:22:27.8527690Z ✔ scoped Gate rejects mocked API (11.564383ms)
deploy-test	UNKNOWN STEP	2026-10-06T06:22:27.8528403Z ✔ scoped Gate rejects empty tenant (10.639828ms)
deploy-test	UNKNOWN STEP	2026-10-06T06:22:27.8529233Z ✔ scoped Gate rejects cross-Customer list leak (11.246834ms)
deploy-test	UNKNOWN STEP	2026-10-06T06:22:27.8529926Z ✔ scoped Gate rejects Viewer mutation accepted (8.484142ms)
deploy-test	UNKNOWN STEP	2026-10-06T06:22:27.8530527Z ✔ scoped Gate rejects expired old Token (8.785096ms)
deploy-test	UNKNOWN STEP	2026-10-06T06:22:27.8531577Z ✔ scoped Gate rejects two duplicate successes (10.338098ms)
deploy-test	UNKNOWN STEP	2026-10-06T06:22:27.8532262Z ✔ scoped Gate rejects two optimistic successes (9.52426ms)
deploy-test	UNKNOWN STEP	2026-10-06T06:22:27.8533061Z ✔ scoped Gate rejects bundled Firefox (8.689494ms)
deploy-test	UNKNOWN STEP	2026-10-06T06:22:27.8533887Z ✔ scoped Gate rejects missing browser-role case (11.466578ms)
deploy-test	UNKNOWN STEP	2026-10-06T06:22:27.8534862Z ✔ scoped Gate rejects persisted edit belongs to another record (12.125811ms)
deploy-test	UNKNOWN STEP	2026-10-06T06:22:27.8535741Z ✔ scoped Gate rejects forbidden page rendered as business page (23.553247ms)
deploy-test	UNKNOWN STEP	2026-10-06T06:22:27.8536454Z ✔ scoped Gate rejects missing screenshot (3.58587ms)
deploy-test	UNKNOWN STEP	2026-10-06T06:22:27.8537128Z ✔ scoped Gate rejects cleanup duplicate hides missing ID (8.764583ms)
deploy-test	UNKNOWN STEP	2026-10-06T06:22:27.8537947Z ✔ scoped Gate rejects cleanup incomplete (8.047734ms)
deploy-test	UNKNOWN STEP	2026-10-06T06:22:27.8538677Z ✔ scoped Gate rejects private credentials retained (8.837411ms)
deploy-test	UNKNOWN STEP	2026-10-06T06:22:27.8539376Z ✔ scoped Gate rejects scope promoted (7.972617ms)
deploy-test	UNKNOWN STEP	2026-10-06T06:22:27.8540063Z ✔ 当前管理后台源代码满足入口与组合根交付约束 (10.852355ms)
deploy-test	UNKNOWN STEP	2026-10-06T06:22:27.8540585Z ✔ 缺少入口和构建产物时失败关闭 (0.323608ms)
deploy-test	UNKNOWN STEP	2026-10-06T06:22:27.8541200Z ✔ FE-06 至 FE-19 任一任务或路由从事实源缺失时失败关闭 (8.647747ms)
deploy-test	UNKNOWN STEP	2026-10-06T06:22:27.8541803Z ✔ FE-11 至 FE-15 任一任务、路由或页面标识缺失时失败关闭 (7.648437ms)
deploy-test	UNKNOWN STEP	2026-10-06T06:22:27.8542566Z ✔ FE-06 至 FE-15 任一控制器或 operationId 缺失时失败关闭 (6.104758ms)
deploy-test	UNKNOWN STEP	2026-10-06T06:22:27.8543238Z ✔ FE-11 至 FE-15 控制器或 operationId 缺失时失败关闭 (6.856024ms)
deploy-test	UNKNOWN STEP	2026-10-06T06:22:27.8543938Z ✔ FE-16 至 FE-19 任一任务、路由、控制器、页面标识或 operationId 缺失时失败关闭 (8.735221ms)
deploy-test	UNKNOWN STEP	2026-10-06T06:22:27.8544529Z ✔ App 移除显式页面分支时失败关闭 (10.107848ms)
deploy-test	UNKNOWN STEP	2026-10-06T06:22:27.8545220Z ✔ 完整目标回执覆盖双提交、隔离环境、五角色、七路由、五闭环与清理 (73.703916ms)
deploy-test	UNKNOWN STEP	2026-10-06T06:22:27.8545786Z ✔ 缺路由、角色、闭环或审计拒绝角色时失败关闭 (38.718791ms)
deploy-test	UNKNOWN STEP	2026-10-06T06:22:27.8546362Z ✔ mock、泄露、短链持久化、危险操作与只读写请求均失败关闭 (33.19059ms)
deploy-test	UNKNOWN STEP	2026-10-06T06:22:27.8547192Z ✔ 缺失回执、双部署提交漂移、HEAD 不一致与未清理均失败关闭 (29.9924ms)
deploy-test	UNKNOWN STEP	2026-10-06T06:22:27.8548017Z ✔ 目标 Gate 是显式发布步骤且不进入普通 verify (0.298191ms)
deploy-test	UNKNOWN STEP	2026-10-06T06:22:27.8548808Z ✔ 完整回执覆盖双提交、隔离环境、五角色、五路由、四闭环、隐私、双语布局与清理 (93.899782ms)
deploy-test	UNKNOWN STEP	2026-10-06T06:22:27.8549481Z ✔ 缺路由、角色、闭环、locale 或 viewport 时失败关闭 (41.569687ms)
deploy-test	UNKNOWN STEP	2026-10-06T06:22:27.8550060Z ✔ mock、权限、并发、泄露或布局不合格时失败关闭 (28.689418ms)
deploy-test	UNKNOWN STEP	2026-10-06T06:22:27.8551014Z ✔ 缺失回执、双部署提交漂移、HEAD 不一致与未清理均失败关闭 (48.155992ms)
deploy-test	UNKNOWN STEP	2026-10-06T06:22:27.8551680Z ✔ 目标 Gate 是显式发布步骤且不进入普通 verify (0.357209ms)
deploy-test	UNKNOWN STEP	2026-10-06T06:22:27.8552973Z ✔ 完整路由、五角色、五业务闭环、租户、并发、敏感字段与清理回执通过 (1.219736ms)
deploy-test	UNKNOWN STEP	2026-10-06T06:22:27.8553615Z ✔ 缺路由、角色或业务闭环时失败关闭 (0.283452ms)
deploy-test	UNKNOWN STEP	2026-10-06T06:22:27.8554272Z ✔ Cognito、部署 API、跨租户、并发与敏感字段证据不满足约束时失败关闭 (0.201648ms)
deploy-test	UNKNOWN STEP	2026-10-06T06:22:27.8554909Z ✔ 缺失回执、部署提交或 sourceCommit 不一致时失败关闭 (0.552542ms)
deploy-test	UNKNOWN STEP	2026-10-06T06:22:27.8555708Z ✔ 完整的 58 API、五角色、并发、ESG 与清理目标 AWS 回执通过 (2.414546ms)
deploy-test	UNKNOWN STEP	2026-10-06T06:22:27.8556424Z ✔ 58 个回执 operationId 与九份正式业务 OpenAPI 精确一致 (3.736257ms)
deploy-test	UNKNOWN STEP	2026-10-06T06:22:27.8557074Z ✔ API 缺项、角色缺项与跨 Customer 放行均失败关闭 (0.661717ms)
deploy-test	UNKNOWN STEP	2026-10-06T06:22:27.8557660Z ✔ 并发或 ESG 证据不满足生产约束时失败关闭 (0.423356ms)
deploy-test	UNKNOWN STEP	2026-10-06T06:22:27.8558362Z ✔ 缺失回执与 sourceCommit 不匹配均失败关闭 (1.121331ms)
deploy-test	UNKNOWN STEP	2026-10-06T06:22:27.8558946Z ✔ 完整覆盖 25 API、五角色、竞态、退役与导出的隔离 AWS 回执通过 (1.80209ms)
deploy-test	UNKNOWN STEP	2026-10-06T06:22:27.8559778Z ✔ 缺 operation、跨租户放行、竞态双成功、证书未失活与 MQTT/S3 缺口均失败关闭 (0.352913ms)
deploy-test	UNKNOWN STEP	2026-10-06T06:22:27.8560372Z ✔ operation 成功状态与负向状态集合不完整时失败关闭 (0.189522ms)
deploy-test	UNKNOWN STEP	2026-10-06T06:22:27.8561032Z ✔ 回执缺失、非法 JSON 或 sourceCommit 不一致时独立发布 Gate 失败 (0.695044ms)
deploy-test	UNKNOWN STEP	2026-10-06T06:22:27.8561908Z ✔ 完整 Archive、Replay、Summary 目标 AWS 回执通过 (1.616286ms)
deploy-test	UNKNOWN STEP	2026-10-06T06:22:27.8588771Z ✔ 缺探针、重复归档、Replay 复制业务行和空 Summary 均失败关闭 (0.44851ms)
deploy-test	UNKNOWN STEP	2026-10-06T06:22:27.8590177Z ✔ 缺少回执或提交不一致时独立 Gate 失败 (0.768252ms)
deploy-test	UNKNOWN STEP	2026-10-06T06:22:27.8628796Z ✔ 完整隔离 AWS 回执覆盖 8 Topic、负向路径、QA-03 与清理时通过 (1.648187ms)
deploy-test	UNKNOWN STEP	2026-10-06T06:22:27.8658776Z ✔ 缺 Topic、未知 Topic 命中、Error Action 未恢复和原文漂移均失败关闭 (0.357714ms)
deploy-test	UNKNOWN STEP	2026-10-06T06:22:27.8718678Z ✔ 未提供目标 AWS 回执时独立发布 Gate 明确失败 (0.538728ms)
deploy-test	UNKNOWN STEP	2026-10-06T06:22:27.8758886Z ✔ 回执必须对应待发布的精确 Git 提交 (0.457076ms)
deploy-test	UNKNOWN STEP	2026-10-06T06:22:27.8784325Z ✔ 完整的 15 API、角色、Cognito、并发、S3、Dashboard、审计与清理回执通过 (1.822581ms)
deploy-test	UNKNOWN STEP	2026-10-06T06:22:27.8790720Z ✔ 15 个 operationId 与六份正式 OpenAPI 精确一致 (1.431717ms)
deploy-test	UNKNOWN STEP	2026-10-06T06:22:27.8791522Z ✔ API、角色、租户或安全/并发探针缺口均失败关闭 (0.717851ms)
deploy-test	UNKNOWN STEP	2026-10-06T06:22:27.8792132Z ✔ 缺失回执与 sourceCommit 不匹配均失败关闭 (0.576637ms)
deploy-test	UNKNOWN STEP	2026-10-06T06:22:27.8792743Z ✔ 干净的依赖图通过检查 (1.882474ms)
deploy-test	UNKNOWN STEP	2026-10-06T06:22:27.8793245Z ✔ 共享包反向依赖 apps 被识别为边界违规 (0.641766ms)
deploy-test	UNKNOWN STEP	2026-10-06T06:22:27.8793864Z ✔ contracts 反向依赖 apps 被识别为边界违规 (0.47104ms)
deploy-test	UNKNOWN STEP	2026-10-06T06:22:27.8794453Z ✔ apps 之间互相依赖被识别为边界违规 (0.515195ms)
deploy-test	UNKNOWN STEP	2026-10-06T06:22:27.8795028Z ✔ 工作区循环依赖被检出 (0.728241ms)
deploy-test	UNKNOWN STEP	2026-10-06T06:22:27.8795518Z ✔ 非工作区依赖（外部 npm 包）不参与检查 (0.405615ms)
deploy-test	UNKNOWN STEP	2026-10-06T06:22:27.8796097Z ✔ 当前仓库通过边界与循环依赖检查 (0.805461ms)
deploy-test	UNKNOWN STEP	2026-10-06T06:22:27.8796620Z ✔ CDK WARNING 与规则校验编号会触发 Gate (0.969935ms)
deploy-test	UNKNOWN STEP	2026-10-06T06:22:27.8797208Z ✔ 正常 synth 输出不会误报 (0.804184ms)
deploy-test	UNKNOWN STEP	2026-10-06T06:22:27.8798023Z ✔ 已交付 Lambda 缺失或回退到内联 501 占位时 Gate 失败 (0.290848ms)
deploy-test	UNKNOWN STEP	2026-10-06T06:22:27.8798707Z ✔ 已交付 Lambda 使用 S3 asset 时 Gate 通过 (0.127455ms)
deploy-test	UNKNOWN STEP	2026-10-06T06:22:27.8799341Z ✔ CMD/OTA 生产接线 Gate 对 Worker/调度任一缺失均失败关闭 (0.359152ms)
deploy-test	UNKNOWN STEP	2026-10-06T06:22:27.8800049Z ✔ CMD/OTA 生产接线 Gate 对 IoT/S3/KMS 权限缺失失败关闭 (0.741364ms)
deploy-test	UNKNOWN STEP	2026-10-06T06:22:27.8800699Z ✔ 真实登记文件：结构校验通过，并准确识别当前未决 DEC (3.271452ms)
deploy-test	UNKNOWN STEP	2026-10-06T06:22:27.8801318Z ✔ 真实契约版本文件：decisionRegisterVersion 与登记一致 (2.630789ms)
deploy-test	UNKNOWN STEP	2026-10-06T06:22:27.8801835Z ✔ 契约版本不一致被拒绝 (1.147929ms)
deploy-test	UNKNOWN STEP	2026-10-06T06:22:27.8802369Z ✔ 重复决策 ID 被拒绝（已知冲突必须有唯一决策 ID） (0.510595ms)
deploy-test	UNKNOWN STEP	2026-10-06T06:22:27.8803245Z ✔ 原则与决策之间 ID 也全局唯一 (0.454811ms)
deploy-test	UNKNOWN STEP	2026-10-06T06:22:27.8803837Z ✔ pending 决策携带批准人被拒绝 (0.172545ms)
deploy-test	UNKNOWN STEP	2026-10-06T06:22:27.8804485Z ✔ frozen 决策必须有批准人、批准时间和 >=1.0.0 版本 (0.291918ms)
deploy-test	UNKNOWN STEP	2026-10-06T06:22:27.8805120Z ✔ blockingTasks 为空或格式非法被拒绝 (0.280381ms)
deploy-test	UNKNOWN STEP	2026-10-06T06:22:27.8806027Z ✔ history 必须非空且末条版本与条目版本一致 (0.411552ms)
deploy-test	UNKNOWN STEP	2026-10-06T06:22:27.8806560Z ✔ 非 UTC 时间戳被拒绝 (0.440533ms)
deploy-test	UNKNOWN STEP	2026-10-06T06:22:27.8807512Z ✔ CLI validate 模式：真实文件退出码 0 且输出实际未决数；--fail-on-pending 按实际未决数返回 (1.973833ms)
deploy-test	UNKNOWN STEP	2026-10-06T06:22:27.8808764Z ✔ CLI：结构错误退出码 1 (0.462337ms)
deploy-test	UNKNOWN STEP	2026-10-06T06:22:27.8809798Z ✔ 追溯校验：合法 x-decision-versions 引用通过（Schema 可追溯到决策版本） (1.653946ms)
deploy-test	UNKNOWN STEP	2026-10-06T06:22:27.8810495Z ✔ 追溯校验：不存在的决策 ID 被拒绝 (0.726827ms)
deploy-test	UNKNOWN STEP	2026-10-06T06:22:27.8810997Z ✔ 追溯校验：引用版本与登记版本不一致被拒绝 (0.71811ms)
deploy-test	UNKNOWN STEP	2026-10-06T06:22:27.8811886Z ✔ 追溯校验：缺少 x-decision-versions 或格式非法被拒绝 (0.787292ms)
deploy-test	UNKNOWN STEP	2026-10-06T06:22:27.8812654Z ✔ 追溯校验：嵌套在 OpenAPI info 下的 x-decision-versions 可被递归发现 (0.675913ms)
deploy-test	UNKNOWN STEP	2026-10-06T06:22:27.8813469Z ✔ 已交付 API（含管理后台 P1）的 129 个 OpenAPI operation 与生产路由双向一致 (7.664299ms)
deploy-test	UNKNOWN STEP	2026-10-06T06:22:27.8814228Z ✔ 版本化已交付清单缺失、重复或引用不存在文件时失败关闭 (0.808565ms)
deploy-test	UNKNOWN STEP	2026-10-06T06:22:27.8814861Z ✔ 缺失、额外、重复及 method/path 漂移均失败关闭 (0.29534ms)
deploy-test	UNKNOWN STEP	2026-10-06T06:22:27.8815549Z ✔ CMD/OTA 治理 Gate 校验四份 REST 契约及 DEC-022/023 冻结状态 (5.846566ms)
deploy-test	UNKNOWN STEP	2026-10-06T06:22:27.8816252Z ✔ 有效链接、无易漂移计数且工具链配对正确时通过 (2.192342ms)
deploy-test	UNKNOWN STEP	2026-10-06T06:22:27.8816827Z ✔ 损坏的仓库内 Markdown 链接被拒绝 (0.582065ms)
deploy-test	UNKNOWN STEP	2026-10-06T06:22:27.8817380Z ✔ 陈旧测试计数或不兼容工具链声明被拒绝 (0.415732ms)
deploy-test	UNKNOWN STEP	2026-10-06T06:22:27.8818311Z ✔ 当前仓库 ENG/DB/DOM 与 IAC/AUTH/SEC 任务文档证据一致 (9.562753ms)
deploy-test	UNKNOWN STEP	2026-10-06T06:22:27.8818894Z ✔ BE-IOT-01～08 文档全部纳入默认链接与证据门禁 (0.585417ms)
deploy-test	UNKNOWN STEP	2026-10-06T06:22:27.8819711Z ✔ BE-ARC/RPL/ESG 四份文档及 P2 回归纳入默认证据门禁 (0.342938ms)
deploy-test	UNKNOWN STEP	2026-10-06T06:22:27.8820288Z ✔ 11 份管理后台业务文档全部纳入默认链接与证据门禁 (0.178735ms)
deploy-test	UNKNOWN STEP	2026-10-06T06:22:27.8821344Z ✔ BE-MED/RBAC/AUD/DASH/SET 五份文档纳入状态与 AWS 证据门禁 (0.097807ms)
deploy-test	UNKNOWN STEP	2026-10-06T06:22:27.8822059Z ✔ FE-06～FE-10 五份前端文档纳入四层状态与目标回执门禁 (1.889177ms)
deploy-test	UNKNOWN STEP	2026-10-06T06:22:27.8823184Z ✔ FE-11～FE-15 五份前端文档纳入四层状态与独立目标回执门禁 (0.217075ms)
deploy-test	UNKNOWN STEP	2026-10-06T06:22:27.8824158Z ✔ 前端任务文档拒绝缺层级、问题责任字段、目标 Gate 和 P1 陈旧描述 (0.252683ms)
deploy-test	UNKNOWN STEP	2026-10-06T06:22:27.8824859Z ✔ FE-11～FE-15 文档拒绝旧缺陷、任务级勾选及旧目标 Gate (0.205866ms)
deploy-test	UNKNOWN STEP	2026-10-06T06:22:27.8825570Z ✔ BE-MED/RBAC/AUD/DASH/SET 文档拒绝缺状态层、陈旧参数和设置生效误述 (0.14892ms)
deploy-test	UNKNOWN STEP	2026-10-06T06:22:27.8826334Z ✔ 管理后台业务文档拒绝缺证据引用和陈旧决策或部署说法 (0.20199ms)
deploy-test	UNKNOWN STEP	2026-10-06T06:22:27.8826996Z ✔ BE-ARC/RPL/ESG 文档拒绝缺审计快照和生产接线边界外旧说法 (0.178257ms)
deploy-test	UNKNOWN STEP	2026-10-06T06:22:27.8828008Z ✔ BE-IOT 文档拒绝缺少审计快照、Report P2002 与 Media 另路由旧说法 (0.156379ms)
deploy-test	UNKNOWN STEP	2026-10-06T06:22:27.8828691Z ✔ BE-IOT 严格负向探针必须保留为可定位的永久回归 (0.332287ms)
deploy-test	UNKNOWN STEP	2026-10-06T06:22:27.8829398Z ✔ 安全任务文档拒绝历史计数、缺少 verify 命令与陈旧 DEC-012 状态 (0.095931ms)
deploy-test	UNKNOWN STEP	2026-10-06T06:22:27.8830099Z ✔ 安全任务文档接受当前命令、审计快照引用与 frozen 决策 (0.060693ms)
deploy-test	UNKNOWN STEP	2026-10-06T06:22:27.8830750Z ✔ 当前仓库（DB-01 已落地）Migration 结构通过 (10.169403ms)
deploy-test	UNKNOWN STEP	2026-10-06T06:22:27.8831465Z ✔ schema.prisma 未落地时跳过并通过（骨架期行为） (0.30138ms)
deploy-test	UNKNOWN STEP	2026-10-06T06:22:27.8832202Z ✔ 失败示例：Schema 已存在但无任何 Migration（未提交 Migration） (0.336106ms)
deploy-test	UNKNOWN STEP	2026-10-06T06:22:27.8832971Z ✔ 失败示例：migrations/ 为空且缺少 migration_lock.toml (0.313114ms)
deploy-test	UNKNOWN STEP	2026-10-06T06:22:27.8833974Z ✔ 失败示例：Migration 目录名非法与空 migration.sql (0.515385ms)
deploy-test	UNKNOWN STEP	2026-10-06T06:22:27.8834630Z ✔ 合法 Migration 结构通过 (0.452036ms)
deploy-test	UNKNOWN STEP	2026-10-06T06:22:27.8835243Z ✔ 失败示例：已有旧 Migration 但 Schema 已变化且未登记快照 (1.490717ms)
deploy-test	UNKNOWN STEP	2026-10-06T06:22:27.8836064Z ✔ 真实矩阵通过完整性检查 (2.9664ms)
deploy-test	UNKNOWN STEP	2026-10-06T06:22:27.8836619Z ✔ 真实引用集合：41 个矩阵 API 与 13 个 routeId 全部可解析 (2.015904ms)
deploy-test	UNKNOWN STEP	2026-10-06T06:22:27.8837475Z ✔ index19.html 源清单：9 个菜单、12 个页面、128 个元素与矩阵双向覆盖 (0.663975ms)
deploy-test	UNKNOWN STEP	2026-10-06T06:22:27.8838350Z ✔ 真实矩阵：9 菜单、12 页面、每项均有处置结论 (0.726921ms)
deploy-test	UNKNOWN STEP	2026-10-06T06:22:27.8839120Z ✔ 被拒绝的实时流、明文密码、状态混用不携带实现任务 (0.530191ms)
deploy-test	UNKNOWN STEP	2026-10-06T06:22:27.8839759Z ✔ 矩阵的 x-decision-versions 可追溯到决策登记（DEC-007~012） (2.68721ms)
deploy-test	UNKNOWN STEP	2026-10-06T06:22:27.8840442Z ✔ 缺少菜单或页面被拒绝 (0.695306ms)
deploy-test	UNKNOWN STEP	2026-10-06T06:22:27.8841183Z ✔ 重复元素 ID 被拒绝 (0.207313ms)
deploy-test	UNKNOWN STEP	2026-10-06T06:22:27.8841675Z ✔ Adapt/Reject 缺少依据被拒绝 (0.452678ms)
deploy-test	UNKNOWN STEP	2026-10-06T06:22:27.8842327Z ✔ Adopt/Adapt 生产字段缺少 API 来源被拒绝 (0.434322ms)
deploy-test	UNKNOWN STEP	2026-10-06T06:22:27.8842965Z ✔ rejectCategory 项非 Reject 或携带实现任务被拒绝 (0.287796ms)
deploy-test	UNKNOWN STEP	2026-10-06T06:22:27.8843573Z ✔ 未知角色被拒绝（R7） (0.652891ms)
deploy-test	UNKNOWN STEP	2026-10-06T06:22:27.8844253Z ✔ 格式合法但不存在的 operationId、routeId 与响应字段被拒绝 (1.895108ms)
deploy-test	UNKNOWN STEP	2026-10-06T06:22:27.8844884Z ✔ planned operation 的任务归属漂移被拒绝 (0.720749ms)
deploy-test	UNKNOWN STEP	2026-10-06T06:22:27.8845512Z ✔ 源清单与矩阵任一侧删除元素均被双向覆盖检查拒绝 (3.139507ms)
deploy-test	UNKNOWN STEP	2026-10-06T06:22:27.8846164Z ✔ index19.html 内容变化但未重新盘点源清单时失败关闭 (2.650256ms)
deploy-test	UNKNOWN STEP	2026-10-06T06:22:27.8846848Z ✔ 重复 operationId 与 routeId 被引用索引拒绝 (0.94048ms)
deploy-test	UNKNOWN STEP	2026-10-06T06:22:27.8847445Z ✔ CLI：真实矩阵退出码 0，违规矩阵退出码 1 (28.114984ms)
deploy-test	UNKNOWN STEP	2026-10-06T06:22:27.8848941Z ✔ remaining scope cannot replace full core, Active acceptance or failed cleanups (0.987866ms)
deploy-test	UNKNOWN STEP	2026-10-06T06:22:27.8849804Z ✔ 当前仓库全部 Schema、OpenAPI 片段与统一 bundle 通过引用校验 (119.605255ms)
deploy-test	UNKNOWN STEP	2026-10-06T06:22:27.8850424Z ✔ 失败示例：悬空内部 $ref 被拒绝 (0.674318ms)
deploy-test	UNKNOWN STEP	2026-10-06T06:22:27.8851120Z ✔ 失败示例：同目录相对 $ref 目标文件不存在被拒绝 (0.321226ms)
deploy-test	UNKNOWN STEP	2026-10-06T06:22:27.8851733Z ✔ 失败示例：JSON 语法损坏的 Schema 被拒绝 (0.303144ms)
deploy-test	UNKNOWN STEP	2026-10-06T06:22:27.8852412Z ✔ 失败示例：JSON Schema 2020-12 非法 type 被元 Schema 拒绝 (0.477494ms)
deploy-test	UNKNOWN STEP	2026-10-06T06:22:27.8853437Z ✔ 失败示例：OpenAPI 基座缺少 paths 被拒绝 (0.83712ms)
deploy-test	UNKNOWN STEP	2026-10-06T06:22:27.8854250Z ✔ 同目录相对 $ref 可解析时通过 (0.564919ms)
deploy-test	UNKNOWN STEP	2026-10-06T06:22:27.9618994Z ✔ 失败示例：PEM 私钥块被检出 (0.968419ms)
deploy-test	UNKNOWN STEP	2026-10-06T06:22:27.9648807Z ✔ 失败示例：AWS Access Key ID 被检出 (0.145277ms)
deploy-test	UNKNOWN STEP	2026-10-06T06:22:27.9649580Z ✔ 失败示例：GitHub 令牌被检出 (0.13575ms)
deploy-test	UNKNOWN STEP	2026-10-06T06:22:27.9678794Z ✔ 失败示例：Slack 令牌被检出 (0.123345ms)
deploy-test	UNKNOWN STEP	2026-10-06T06:22:27.9686548Z ✔ 正常内容不误报 (0.687595ms)
deploy-test	UNKNOWN STEP	2026-10-06T06:22:27.9687133Z ✔ 失败示例：未跟踪且未忽略文件中的私钥也被扫描 (10.585326ms)
deploy-test	UNKNOWN STEP	2026-10-06T06:22:27.9687670Z ✔ 当前仓库通过敏感信息扫描 (577.736254ms)
deploy-test	UNKNOWN STEP	2026-10-06T06:22:27.9986914Z ✔ 生产源码直接 console 与 raw trace API 均被拒绝 (2.126498ms)
deploy-test	UNKNOWN STEP	2026-10-06T06:22:28.0008787Z ✔ 测试目录可使用 console，生产统一 logger 允许 (0.605916ms)
deploy-test	UNKNOWN STEP	2026-10-06T06:22:28.0024322Z ✔ 当前仓库生产源码通过 sink 门禁 (36.635192ms)
deploy-test	UNKNOWN STEP	2026-10-06T06:22:28.3067077Z ✔ QA-02 MQTT heartbeat: all valid/invalid fixtures, missing meta and type mutation (7.863036ms)
deploy-test	UNKNOWN STEP	2026-10-06T06:22:28.3081610Z ✔ QA-02 MQTT telemetry: all valid/invalid fixtures, missing meta and type mutation (5.268675ms)
deploy-test	UNKNOWN STEP	2026-10-06T06:22:28.3083994Z ✔ QA-02 MQTT report: all valid/invalid fixtures, missing meta and type mutation (4.185288ms)
deploy-test	UNKNOWN STEP	2026-10-06T06:22:28.3089414Z ✔ QA-02 MQTT alarm: all valid/invalid fixtures, missing meta and type mutation (2.941896ms)
deploy-test	UNKNOWN STEP	2026-10-06T06:22:28.3090269Z ✔ QA-02 MQTT event: all valid/invalid fixtures, missing meta and type mutation (1.807131ms)
deploy-test	UNKNOWN STEP	2026-10-06T06:22:28.3091033Z ✔ QA-02 MQTT ack: all valid/invalid fixtures, missing meta and type mutation (2.420486ms)
deploy-test	UNKNOWN STEP	2026-10-06T06:22:28.3091788Z ✔ QA-02 MQTT tamper: all valid/invalid fixtures, missing meta and type mutation (3.458855ms)
deploy-test	UNKNOWN STEP	2026-10-06T06:22:28.3092556Z ✔ QA-02 MQTT media: all valid/invalid fixtures, missing meta and type mutation (2.900526ms)
deploy-test	UNKNOWN STEP	2026-10-06T06:22:28.3093312Z ✔ QA-02 MQTT cmd: all valid/invalid fixtures, missing meta and type mutation (2.93109ms)
deploy-test	UNKNOWN STEP	2026-10-06T06:22:28.3094588Z ✔ QA-02 MQTT ota: all valid/invalid fixtures, missing meta and type mutation (4.060841ms)
deploy-test	UNKNOWN STEP	2026-10-06T06:22:28.3098508Z ✔ QA-02 MQTT notification: all valid/invalid fixtures, missing meta and type mutation (4.769614ms)
deploy-test	UNKNOWN STEP	2026-10-06T06:22:28.3099667Z ✔ MQTT semantic hash, discriminator and UTC calendar errors fail closed (1.675366ms)
deploy-test	UNKNOWN STEP	2026-10-06T06:22:28.3100599Z ✔ full REST response: field deletion/type mutation/envelope/date/errors/status/headers are enforced (7.559642ms)
deploy-test	UNKNOWN STEP	2026-10-06T06:22:28.3101707Z ✔ REST request validation: required body/path/query/header, optional Sync, bodyless Deactivate, no type coercion in JSON (11.814897ms)
deploy-test	UNKNOWN STEP	2026-10-06T06:22:28.3102852Z ✔ all device operations and declared response JSON Schemas compile; stable error catalog has no duplicates (76.189756ms)
deploy-test	UNKNOWN STEP	2026-10-06T06:22:28.3103816Z ✔ predecessor MQTT is compatible; known REST break requires exact version and frozen DEC approvals (46.298449ms)
deploy-test	UNKNOWN STEP	2026-10-06T06:22:28.3104711Z ✔ breaking contract mutations fail: removing fields/operations/status, changing type/required/security (102.918253ms)
deploy-test	UNKNOWN STEP	2026-10-06T06:22:28.3105676Z ✔ receipt coverage gate fails closed for missing operations/statuses, no valid request and forged records (0.519215ms)
deploy-test	UNKNOWN STEP	2026-10-06T06:22:28.3106668Z ✔ archived CSR upgrade mapping still verifies original baselines without rewriting history (4.408867ms)
deploy-test	UNKNOWN STEP	2026-10-06T06:22:28.3299661Z ✔ QA04 coverage Gate accepts complete matrix and proofs (2.042056ms)
deploy-test	UNKNOWN STEP	2026-10-06T06:22:28.3328985Z ✔ QA04 coverage Gate rejects missing domain (0.643354ms)
deploy-test	UNKNOWN STEP	2026-10-06T06:22:28.3343312Z ✔ QA04 coverage Gate rejects no negative path (0.349042ms)
deploy-test	UNKNOWN STEP	2026-10-06T06:22:28.3369016Z ✔ QA04 coverage Gate rejects untrusted handler (0.306166ms)
deploy-test	UNKNOWN STEP	2026-10-06T06:22:28.3429004Z ✔ QA04 coverage Gate rejects missing role (1.996511ms)
deploy-test	UNKNOWN STEP	2026-10-06T06:22:28.3429602Z ✔ QA04 coverage Gate rejects cross-tenant leak (0.534087ms)
deploy-test	UNKNOWN STEP	2026-10-06T06:22:28.3430147Z ✔ QA04 coverage Gate rejects two write winners (0.450704ms)
deploy-test	UNKNOWN STEP	2026-10-06T06:22:28.3430695Z ✔ QA04 coverage Gate rejects duplicate audit (0.351233ms)
deploy-test	UNKNOWN STEP	2026-10-06T06:22:28.3431202Z ✔ QA04 coverage Gate rejects rollback missing (0.825641ms)
deploy-test	UNKNOWN STEP	2026-10-06T06:22:28.3431727Z ✔ QA04 coverage Gate rejects unclean resource (0.608809ms)
deploy-test	UNKNOWN STEP	2026-10-06T06:22:28.3432450Z ✔ QA04 coverage Gate rejects reused isolation (0.314523ms)
deploy-test	UNKNOWN STEP	2026-10-06T06:22:28.3432994Z ✔ QA04 coverage Gate rejects no observed replay (0.364632ms)
deploy-test	UNKNOWN STEP	2026-10-06T06:22:28.3433486Z ✔ QA04 required acceptance cases are enforced (4.621091ms)
deploy-test	UNKNOWN STEP	2026-10-06T06:22:28.3433962Z ✔ QA04 skipped assertion fails execution Gate (0.186572ms)
deploy-test	UNKNOWN STEP	2026-10-06T06:22:28.3434526Z ✔ QA04 removed state-machine assertion fails coverage Gate (1.235953ms)
deploy-test	UNKNOWN STEP	2026-10-06T06:22:31.5659294Z ✔ migration source requires exact approved commit (2.309389ms)
deploy-test	UNKNOWN STEP	2026-10-06T06:22:31.5689233Z ✔ migration connection requires complete secret and verified TLS; special credentials are encoded (0.535143ms)
deploy-test	UNKNOWN STEP	2026-10-06T06:22:31.5718893Z ✔ database verification derives every mapped Prisma table (0.916254ms)
deploy-test	UNKNOWN STEP	2026-10-06T06:22:31.5749293Z ✔ runner without approved source fails without reporting credentials or driver details (66.123419ms)
deploy-test	UNKNOWN STEP	2026-10-06T06:22:31.5760519Z ✔ source packager archives committed tree, includes exact SHA and refuses overwriting ZIP (3376.211101ms)
deploy-test	UNKNOWN STEP	2026-10-06T06:22:31.6039228Z ✔ local TLS broker: 10 independent certificate sessions, QoS1, downlinks, reconnect and broker ACL rejection (723.400441ms)
deploy-test	UNKNOWN STEP	2026-10-06T06:22:31.6059096Z ✔ 10 concurrent sessions: all topics, exact 5% duplicates / 2% delayed telemetry, replay and isolated bad Schema (137.604605ms)
deploy-test	UNKNOWN STEP	2026-10-06T06:22:31.6096315Z ✔ cross-device publish, subscribe, receive and wildcard denied (0.86841ms)
deploy-test	UNKNOWN STEP	2026-10-06T06:22:31.6116930Z ✔ invalid configuration, OTA transitions and test credential gate fail closed (0.903288ms)
deploy-test	UNKNOWN STEP	2026-10-06T06:22:31.6118426Z ✔ scripted failed command, missing target mapping and illegal downlink do not generate mixed ACK (0.550709ms)
deploy-test	UNKNOWN STEP	2026-10-06T06:22:31.6119957Z ✔ all sessions close when one transport fails; no successful receipt (65.070829ms)
deploy-test	UNKNOWN STEP	2026-10-06T06:22:31.6120615Z ✔ MQTT adapter rejects SUBACK denial and connection failures (0.470411ms)
deploy-test	UNKNOWN STEP	2026-10-06T06:22:31.6121301Z ✔ CLI creates offline receipt and refuses ungated mqtts before reading credential paths (482.420256ms)
deploy-test	UNKNOWN STEP	2026-10-06T06:22:31.6122087Z ✔ CDK wrapper accepts synth/diff and requires explicit deploy stack (3.060295ms)
deploy-test	UNKNOWN STEP	2026-10-06T06:22:31.6123006Z ✔ CDK wrapper builds the whole workspace and fails closed on build errors (0.301381ms)
deploy-test	UNKNOWN STEP	2026-10-06T06:22:31.6123801Z ✔ CDK wrapper uses local SSO but requires OIDC credentials in GitHub Actions (0.176033ms)
deploy-test	UNKNOWN STEP	2026-10-06T06:22:31.6124438Z ✔ QA03 Gate accepts complete local integration receipt (3.320739ms)
deploy-test	UNKNOWN STEP	2026-10-06T06:22:31.6124933Z ✔ QA03 Gate rejects missing scenario (0.376746ms)
deploy-test	UNKNOWN STEP	2026-10-06T06:22:31.6125394Z ✔ QA03 Gate rejects unclean resources (0.233116ms)
deploy-test	UNKNOWN STEP	2026-10-06T06:22:31.6125881Z ✔ QA03 Gate rejects reused isolation prefix (0.2297ms)
deploy-test	UNKNOWN STEP	2026-10-06T06:22:31.6126411Z ✔ QA03 Gate rejects lost message (0.216603ms)
deploy-test	UNKNOWN STEP	2026-10-06T06:22:31.6126923Z ✔ QA03 Gate rejects duplicate business record (0.296052ms)
deploy-test	UNKNOWN STEP	2026-10-06T06:22:31.6127417Z ✔ QA03 Gate rejects missing raw proof (0.388863ms)
deploy-test	UNKNOWN STEP	2026-10-06T06:22:31.6129536Z ✔ QA03 Gate rejects missing fault probe (1.398244ms)
deploy-test	UNKNOWN STEP	2026-10-06T06:22:31.6130201Z ✔ receipt covers all 128 decisions in two viewports (5.672864ms)
deploy-test	UNKNOWN STEP	2026-10-06T06:22:31.6130728Z ✔ fail closed: missing page (1.195155ms)
deploy-test	UNKNOWN STEP	2026-10-06T06:22:31.6131177Z ✔ fail closed: skipped case (1.747892ms)
deploy-test	UNKNOWN STEP	2026-10-06T06:22:31.6131618Z ✔ fail closed: flaky success (0.851561ms)
deploy-test	UNKNOWN STEP	2026-10-06T06:22:31.6132052Z ✔ fail closed: retry (0.575718ms)
deploy-test	UNKNOWN STEP	2026-10-06T06:22:31.6132554Z ✔ fail closed: unexpected external network (0.460689ms)
deploy-test	UNKNOWN STEP	2026-10-06T06:22:31.6136776Z ✔ fail closed: fixture collision (0.543989ms)
deploy-test	UNKNOWN STEP	2026-10-06T06:22:31.6137483Z ✔ fail closed: missing cleanup (0.444198ms)
deploy-test	UNKNOWN STEP	2026-10-06T06:22:31.6138239Z ✔ fail closed: updated baseline masquerades as regression (0.599254ms)
deploy-test	UNKNOWN STEP	2026-10-06T06:22:31.6138743Z ✔ fail closed: missing group (0.695399ms)
deploy-test	UNKNOWN STEP	2026-10-06T06:22:31.6139214Z ✔ fail closed: duplicate group (0.473493ms)
deploy-test	UNKNOWN STEP	2026-10-06T06:22:31.6139725Z ✔ fail closed: missing rejection assertion (2.454807ms)
deploy-test	UNKNOWN STEP	2026-10-06T06:22:31.6161065Z ✔ fail closed: missing menu (0.542217ms)
deploy-test	UNKNOWN STEP	2026-10-06T06:22:31.6162162Z ✔ fail closed: missing behavior guard (0.492918ms)
deploy-test	UNKNOWN STEP	2026-10-06T06:22:31.6162655Z ✔ fail closed: wrong viewport (0.504166ms)
deploy-test	UNKNOWN STEP	2026-10-06T06:22:31.6163163Z ✔ fail closed: snapshot hash mismatch (0.497901ms)
deploy-test	UNKNOWN STEP	2026-10-06T06:22:31.6163865Z ✔ binding omission, duplication and reject implementation fail closed (0.677856ms)
deploy-test	UNKNOWN STEP	2026-10-06T06:22:31.6164695Z ✔ real gzip bytes bind exact own devices, raw outbox hash and canonical published hash (6.826157ms)
deploy-test	UNKNOWN STEP	2026-10-06T06:22:31.6165504Z ✔ scope expansion, unknown customer/device, modified bytes and missing archive fail closed (4.571076ms)
deploy-test	UNKNOWN STEP	2026-10-06T06:22:31.6166398Z ✔ IoT normalized raw body binds outbox bytes while original publication binds canonical payload (5.082125ms)
deploy-test	UNKNOWN STEP	2026-10-06T06:22:31.6167499Z ✔ quick MQTT profile requires exact additional telemetry ledger and cannot waive missing archives (5.211689ms)
deploy-test	UNKNOWN STEP	2026-10-06T06:22:31.6168663Z ✔ archive deadline uses actual S3 modification times and cannot green an eventual late archive (6.026229ms)
deploy-test	UNKNOWN STEP	2026-10-06T06:22:31.6169717Z ✔ redelivery rejects foreign archives, unbounded inventories and unbound certificates before AWS operations (1.36824ms)
deploy-test	UNKNOWN STEP	2026-10-06T06:22:31.6170556Z ✔ nominal 30x profile cannot conceal a slower real publish window (6.233647ms)
deploy-test	UNKNOWN STEP	2026-10-06T06:22:31.6171418Z ✔ version proof requires CI deploy Amplify exact commit and 19 distinct verified artifact bytes (0.708445ms)
deploy-test	UNKNOWN STEP	2026-10-06T06:22:31.6172424Z ✔ own-fixture fault grant rejects shared changes and unknown faults while retaining deployment boundary (0.428684ms)
deploy-test	UNKNOWN STEP	2026-10-06T06:22:31.6173367Z ✔ database proof rejects foreign build, source, role and nonzero cleanup instead of trusting child PASS (0.749775ms)
deploy-test	UNKNOWN STEP	2026-10-06T06:22:32.6825381Z ✔ target gates reject missing finish cleanup required case and foreign device before live calls (1.353355ms)
deploy-test	UNKNOWN STEP	2026-10-06T06:22:32.6828248Z ✔ business cleanup preserves outside rows, rejects baseline drift and deletes own dependent rows atomically (2490.281751ms)
deploy-test	UNKNOWN STEP	2026-10-06T06:22:32.6837066Z ✔ fault injection rejects missing authorization and foreign export identity without mutation (1.213669ms)
deploy-test	UNKNOWN STEP	2026-10-06T06:22:32.6840550Z ✔ assertion-only validation cannot stand in for cleanup or whole target acceptance (0.335994ms)
deploy-test	UNKNOWN STEP	2026-10-06T06:22:32.6841544Z ✔ nonActive scope cannot enter the full wave that contains Active dependent probes (2.126285ms)
deploy-test	UNKNOWN STEP	2026-10-06T06:22:32.6842415Z ✔ foundation mode cannot be mistaken for full core or browser acceptance (0.449204ms)
deploy-test	UNKNOWN STEP	2026-10-06T06:22:32.7369944Z ✔ complete intermediate/root chain matches truststore and private key (3.925982ms)
deploy-test	UNKNOWN STEP	2026-10-06T06:22:32.7399189Z ✔ missing root is distinguished from valid signing certificate and key (0.906339ms)
deploy-test	UNKNOWN STEP	2026-10-06T06:22:32.7400218Z ✔ wrong parent, expired chain and wrong private key fail independently (1.630037ms)
deploy-test	UNKNOWN STEP	2026-10-06T06:22:32.7408683Z ✔ oversized worker chain, malformed values and arbitrary canaries never leak (3.718335ms)
deploy-test	UNKNOWN STEP	2026-10-06T06:22:32.7439068Z ✔ receipt gate accepts completed diagnostic with invalid chain, rejects data leak and missing cleanup (3.602169ms)
deploy-test	UNKNOWN STEP	2026-10-06T06:22:32.7468960Z ✔ approved exact Worker, Secret, KMS and original expiry scope is accepted (2.52861ms)
deploy-test	UNKNOWN STEP	2026-10-06T06:22:32.7498950Z ✔ removing role condition, wildcard Secret or extended expiry is rejected (0.720911ms)
deploy-test	UNKNOWN STEP	2026-10-06T06:22:32.7499863Z ✔ unrestricted KMS, different context or extra secret permissions are rejected (0.360766ms)
deploy-test	UNKNOWN STEP	2026-10-06T06:22:32.7529011Z ✔ repair gate requires retained versions, exact output binding and all cleanup (5.229902ms)
deploy-test	UNKNOWN STEP	2026-10-06T06:22:32.7545620Z ✔ only root field changes, original version remains immutable and AWSPREVIOUS (4.72816ms)
deploy-test	UNKNOWN STEP	2026-10-06T06:22:32.7582191Z ✔ baseline drift prevents all writes (0.214008ms)
deploy-test	UNKNOWN STEP	2026-10-06T06:22:32.7611140Z ✔ wrong fixed root prevents all writes (0.677303ms)
deploy-test	UNKNOWN STEP	2026-10-06T06:22:32.7643467Z ✔ unknown put outcome recovers immutable token without a second put (2.944318ms)
deploy-test	UNKNOWN STEP	2026-10-06T06:22:32.7644311Z ✔ candidate mutation fails before promotion (1.006832ms)
deploy-test	UNKNOWN STEP	2026-10-06T06:22:32.7670979Z ✔ concurrent current movement after candidate write is preserved (2.828291ms)
deploy-test	UNKNOWN STEP	2026-10-06T06:22:32.7697019Z ✔ unknown promotion response is recovered from current stages (2.270399ms)
deploy-test	UNKNOWN STEP	2026-10-06T06:22:32.7730839Z ✔ post-promotion failed readback rolls back only the known current candidate (3.199462ms)
deploy-test	UNKNOWN STEP	2026-10-06T06:22:32.7746575Z ✔ invalid version token rejects before accessing any secret (0.622328ms)
deploy-test	UNKNOWN STEP	2026-10-06T06:22:32.7778781Z ✔ rollback refuses to overwrite a concurrent foreign current version (1.411572ms)
deploy-test	UNKNOWN STEP	2026-10-06T06:22:32.7818781Z ✔ unknown AWS errors are returned as fixed codes without secret exception text (0.218727ms)
deploy-test	UNKNOWN STEP	2026-10-06T06:22:32.7847279Z ✔ successful promotion waits for metadata visibility without repeating stage writes (1.373213ms)
deploy-test	UNKNOWN STEP	2026-10-06T06:22:32.7875749Z ✔ existing current candidate is verified using read-only store without new versions or stage writes (1.268882ms)
deploy-test	UNKNOWN STEP	2026-10-06T06:22:32.7893159Z ✔ read-only recovery rejects changed fields without rolling back an existing current version (0.514982ms)
deploy-test	UNKNOWN STEP	2026-10-06T06:22:32.7894435Z ✔ capacity planning includes operational and rotation idle overlap and rejects naive concurrency increase (0.943014ms)
deploy-test	UNKNOWN STEP	2026-10-06T06:22:32.7895456Z ✔ range reads keep the original default and permit bounded slow-link retry (0.882676ms)
deploy-test	UNKNOWN STEP	2026-10-06T06:22:32.7896298Z ✔ range reads reject unbounded, ambiguous and below-default timeouts (0.515547ms)
deploy-test	UNKNOWN STEP	2026-10-06T06:22:32.7897158Z ✔ read-only asset concurrency stays bounded independently of DB/API capacity (0.369723ms)
deploy-test	UNKNOWN STEP	2026-10-06T06:22:32.7898264Z ✔ cold sampler collector binds exact own REPORT and safe client metrics: patch (49.809247ms)
deploy-test	UNKNOWN STEP	2026-10-06T06:22:32.7932006Z ✔ cold sampler collector binds exact own REPORT and safe client metrics: audit (49.946879ms)
deploy-test	UNKNOWN STEP	2026-10-06T06:22:32.7949859Z ✔ two batches preserve six own contracts, six winners/conflicts and audits with a hard concurrency/request bound (26.966815ms)
deploy-test	UNKNOWN STEP	2026-10-06T06:22:32.7971748Z ✔ unknown write drains siblings and waits for Lambda quiescence without retry or false PASS (9.09964ms)
deploy-test	UNKNOWN STEP	2026-10-06T06:22:32.7989409Z ✔ audit drift fails closed: audit-id (8.91755ms)
deploy-test	UNKNOWN STEP	2026-10-06T06:22:32.8020525Z ✔ audit drift fails closed: foreign-list (8.43243ms)
deploy-test	UNKNOWN STEP	2026-10-06T06:22:32.8050350Z ✔ foreign context, missing baseline or excess batches fail before any dispatch/receipt (1.005272ms)
deploy-test	UNKNOWN STEP	2026-10-06T06:22:32.8072825Z ✔ sampling correlation ledger rejects foreign or missing HTTP rows even with a valid business result (24.46327ms)
deploy-test	UNKNOWN STEP	2026-10-06T06:22:32.8096174Z ✔ DLQ scope requires closed ledger, 20 exact IDs and fresh empty database proof (2.181539ms)
deploy-test	UNKNOWN STEP	2026-10-06T06:22:32.8111560Z ✔ one-shot worker deletes only exact retired pointers, restores unknown visibility, and exports no bodies or handles (2.99578ms)
deploy-test	UNKNOWN STEP	2026-10-06T06:22:32.8132770Z ✔ six exact request/time/status/extended/Lambda links pass without saving unrelated fields or requests (48.197762ms)
deploy-test	UNKNOWN STEP	2026-10-06T06:22:32.8133855Z ✔ correlation refuses complete proof for time (43.200628ms)
deploy-test	UNKNOWN STEP	2026-10-06T06:22:32.8134538Z ✔ correlation refuses complete proof for lambda-id (53.512661ms)
deploy-test	UNKNOWN STEP	2026-10-06T06:22:32.8135206Z ✔ correlation refuses complete proof for duplicate (46.050017ms)
deploy-test	UNKNOWN STEP	2026-10-06T06:22:32.8135860Z ✔ correlation refuses complete proof for missing-http (47.199196ms)
deploy-test	UNKNOWN STEP	2026-10-06T06:22:32.8136750Z ✔ audit GET binds list/detail operation and timeout UUID without claiming client success (81.500113ms)
deploy-test	UNKNOWN STEP	2026-10-06T06:22:32.8137995Z ✔ phase proof covers success, conditional conflict and all audit reads without declaring latency/cleanup acceptance (1.402002ms)
deploy-test	UNKNOWN STEP	2026-10-06T06:22:32.8139000Z ✔ cold 409 gate requires matching cold phase flags and successful runtime initialization (7.044034ms)
deploy-test	UNKNOWN STEP	2026-10-06T06:22:32.8139910Z ✔ new account gate requires nested hook, Prisma query, first driver query and checkout on every request (0.504774ms)
deploy-test	UNKNOWN STEP	2026-10-06T06:22:32.8140584Z ✔ account gate rejects missing (0.326789ms)
deploy-test	UNKNOWN STEP	2026-10-06T06:22:32.8141051Z ✔ account gate rejects duplicate (0.29501ms)
deploy-test	UNKNOWN STEP	2026-10-06T06:22:32.8141497Z ✔ account gate rejects failure (0.281748ms)
deploy-test	UNKNOWN STEP	2026-10-06T06:22:32.8142266Z ✔ account gate rejects wait-boundary (0.360058ms)
deploy-test	UNKNOWN STEP	2026-10-06T06:22:32.8142739Z ✔ account gate rejects timestamp (0.228794ms)
deploy-test	UNKNOWN STEP	2026-10-06T06:22:32.8143209Z ✔ account gate rejects outside-hook (0.282503ms)
deploy-test	UNKNOWN STEP	2026-10-06T06:22:32.8143751Z ✔ phase proof rejects foreign-invocation (0.281658ms)
deploy-test	UNKNOWN STEP	2026-10-06T06:22:32.8144296Z ✔ phase proof rejects missing-transaction (0.445238ms)
deploy-test	UNKNOWN STEP	2026-10-06T06:22:32.8144811Z ✔ phase proof rejects conflict-code (0.466605ms)
deploy-test	UNKNOWN STEP	2026-10-06T06:22:32.8145335Z ✔ phase proof rejects missing-http (0.161591ms)
deploy-test	UNKNOWN STEP	2026-10-06T06:22:32.8145766Z ✔ phase proof rejects other-run (0.1198ms)
deploy-test	UNKNOWN STEP	2026-10-06T06:22:32.8146548Z ✔ bounded sampler requires physical Init Duration as well as application cold phases and retains client metrics (1.839166ms)
deploy-test	UNKNOWN STEP	2026-10-06T06:22:32.8147567Z ✔ bounded sampler rejects foreign-report (0.494679ms)
deploy-test	UNKNOWN STEP	2026-10-06T06:22:32.8148505Z ✔ bounded sampler rejects duplicate-report (0.286836ms)
deploy-test	UNKNOWN STEP	2026-10-06T06:22:32.8149067Z ✔ bounded sampler rejects no-socket-metrics (0.35848ms)
deploy-test	UNKNOWN STEP	2026-10-06T06:22:32.8149592Z ✔ bounded sampler rejects missing-body (0.256577ms)
deploy-test	UNKNOWN STEP	2026-10-06T06:22:32.8150118Z ✔ bounded sampler rejects over-budget (0.192111ms)
deploy-test	UNKNOWN STEP	2026-10-06T06:22:32.8150650Z ✔ bounded sampler rejects missing-audit (0.197213ms)
deploy-test	UNKNOWN STEP	2026-10-06T06:22:33.2723156Z ✔ success audits bind precisely and conflicts never have a success audit (0.564096ms)
deploy-test	UNKNOWN STEP	2026-10-06T06:22:33.2749265Z ✔ audit proof rejects duplicate (0.269893ms)
deploy-test	UNKNOWN STEP	2026-10-06T06:22:33.2779042Z ✔ audit proof rejects wrong-version (0.090289ms)
deploy-test	UNKNOWN STEP	2026-10-06T06:22:33.2792867Z ✔ audit proof rejects conflict-success (0.073234ms)
deploy-test	UNKNOWN STEP	2026-10-06T06:22:33.2793505Z ✔ Gateway overlap cannot conceal serialized Lambda executions (0.576242ms)
deploy-test	UNKNOWN STEP	2026-10-06T06:22:33.4620295Z ✔ three races accept either winner, bind every successful write to audit and advance once per version (19.183239ms)
deploy-test	UNKNOWN STEP	2026-10-06T06:22:33.4663797Z ✔ early failure still drains the late sibling before readback and never retries or reports PASS (4.459154ms)
deploy-test	UNKNOWN STEP	2026-10-06T06:22:33.4714291Z ✔ race fails closed for double-winner (6.419261ms)
deploy-test	UNKNOWN STEP	2026-10-06T06:22:33.4749359Z ✔ race fails closed for gateway-id (3.943543ms)
deploy-test	UNKNOWN STEP	2026-10-06T06:22:33.4897354Z ✔ race fails closed for audit-id (13.040781ms)
deploy-test	UNKNOWN STEP	2026-10-06T06:22:33.4925603Z ✔ foreign context fails before dispatch or receipt writes (0.608367ms)
deploy-test	UNKNOWN STEP	2026-10-06T06:22:33.4932287Z ✔ historical read scope rejects any resource outside the exact sealed old contract before live calls (0.231437ms)
deploy-test	UNKNOWN STEP	2026-10-06T06:22:33.5274889Z ✔ read-only completion accepts only all six settled exact successful PATCH receipts (3.379482ms)
deploy-test	UNKNOWN STEP	2026-10-06T06:22:33.5298801Z ✔ cleanup/completion guard rejects unknown-write (0.392344ms)
deploy-test	UNKNOWN STEP	2026-10-06T06:22:33.5311635Z ✔ cleanup/completion guard rejects foreign-site (0.194172ms)
deploy-test	UNKNOWN STEP	2026-10-06T06:22:33.5312400Z ✔ cleanup/completion guard rejects wrong-account (0.157011ms)
deploy-test	UNKNOWN STEP	2026-10-06T06:22:33.5313012Z ✔ cleanup/completion guard rejects unfinished (0.206273ms)
deploy-test	UNKNOWN STEP	2026-10-06T06:22:33.5313619Z ✔ cleanup/completion guard rejects gateway-id (0.235656ms)
deploy-test	UNKNOWN STEP	2026-10-06T06:22:33.5314331Z ✔ log projection redacts payload/error details and rejects unrecognized events (0.908342ms)
deploy-test	UNKNOWN STEP	2026-10-06T06:22:33.5315159Z ✔ serialized AWS log projection preserves closed event names through the 20-sequence Gate (3.029091ms)
deploy-test	UNKNOWN STEP	2026-10-06T06:22:33.5315962Z ✔ specific redelivery needs matching SQS ID, final disposition and durable duplicate receipt (3.52926ms)
deploy-test	UNKNOWN STEP	2026-10-06T06:22:33.5316805Z ✔ 20 sequence stage Gate rejects incomplete coverage and unrelated device evidence (1.433144ms)
deploy-test	UNKNOWN STEP	2026-10-06T06:22:33.5969511Z ✔ completed Build result tolerates delayed/truncated CloudWatch visibility and transient read failure without rerunning SQL (1.20711ms)
deploy-test	UNKNOWN STEP	2026-10-06T06:22:33.5982608Z ✔ wrong/multiple/failed frames and AccessDenied reject immediately, absent result fails closed after bounded reads (0.821968ms)
deploy-test	UNKNOWN STEP	2026-10-06T06:22:33.5983715Z ✔ expired SSO is a terminal authentication condition, never a transient log retry (0.174982ms)
deploy-test	UNKNOWN STEP	2026-10-06T06:22:33.7474854Z ✔ CloudWatch 250000-character fragments reassemble exact source-bound metadata without accepting truncation or another frame (13.283575ms)
deploy-test	UNKNOWN STEP	2026-10-06T06:22:33.7536087Z ✔ large fixture observations round-trip through bounded gzip without losing metadata (25.868083ms)
deploy-test	UNKNOWN STEP	2026-10-06T06:22:33.7540499Z ✔ compressed fixture frames reject corruption, noncanonical data and decompression bombs (79.370315ms)
deploy-test	UNKNOWN STEP	2026-10-06T06:22:33.7541585Z ✔ compressed metadata still requires the exact expected source/build/action binding (5.045895ms)
deploy-test	UNKNOWN STEP	2026-10-06T06:22:33.7724057Z ✔ fixed manifest rejects unsafe SQL identifiers, missing hash and duplicates (1.255723ms)
deploy-test	UNKNOWN STEP	2026-10-06T06:22:33.7725056Z ✔ migration comparison distinguishes missing, tampered, unfinished and rolled-back migrations (0.937346ms)
deploy-test	UNKNOWN STEP	2026-10-06T06:22:33.7726025Z ✔ snapshot uses repeatable read/read only, timeouts, fixed SELECTs and always rolls back (0.811417ms)
deploy-test	UNKNOWN STEP	2026-10-06T06:22:33.7727274Z ✔ writable transaction rejected before business queries and rolled back (0.447243ms)
deploy-test	UNKNOWN STEP	2026-10-06T06:22:33.7728811Z ✔ query failure rolls back instead of yielding partial PASS (0.291589ms)
deploy-test	UNKNOWN STEP	2026-10-06T06:22:33.7729697Z ✔ dedicated query project never changes migration project or passes StartBuild overrides (16.974156ms)
deploy-test	UNKNOWN STEP	2026-10-06T06:22:33.7730536Z ✔ legacy onboarding rows without CSR columns require reconciliation before migration (0.38105ms)
deploy-test	UNKNOWN STEP	2026-10-06T06:22:33.7731352Z ✔ query success preserves real migration BLOCKED instead of promoting readiness (1.690012ms)
deploy-test	UNKNOWN STEP	2026-10-06T06:22:33.7732174Z ✔ wrong build, writable transaction, unbound hash and fabricated migration PASS rejected (0.628761ms)
deploy-test	UNKNOWN STEP	2026-10-06T06:22:33.7732913Z ✔ missing table count cannot become complete SQL evidence (0.699458ms)
deploy-test	UNKNOWN STEP	2026-10-06T06:22:34.3745759Z ✔ entity merge requires actual decisions on both viewports, scoped devices, versions and cleanup (1.302585ms)
deploy-test	UNKNOWN STEP	2026-10-06T06:22:34.3785122Z ✔ certificate merge cannot use review-only parent to claim real dual-channel certificate entity (0.273057ms)
deploy-test	UNKNOWN STEP	2026-10-06T06:22:34.4189978Z ✔ request UUID is durable before a single dispatch and credentials never enter receipts (19.950416ms)
deploy-test	UNKNOWN STEP	2026-10-06T06:22:34.4202847Z ✔ failed AWAIT_HEADERS preserves correlation without retry (0.775795ms)
deploy-test	UNKNOWN STEP	2026-10-06T06:22:34.4258904Z ✔ failed READ_BODY preserves correlation without retry (0.411079ms)
deploy-test	UNKNOWN STEP	2026-10-06T06:22:34.4290359Z ✔ malformed JSON cannot become a successful HTTP receipt (0.567749ms)
deploy-test	UNKNOWN STEP	2026-10-06T06:22:34.4319130Z ✔ socket events split DNS/TCP/TLS; receipts contain no URL, authorization or socket details (2.524049ms)
deploy-test	UNKNOWN STEP	2026-10-06T06:22:34.4349158Z ✔ real delayed body is measured separately; a reused connection has absent DNS/TCP/TLS, not invented zeros (155.766627ms)
deploy-test	UNKNOWN STEP	2026-10-06T06:22:34.4419183Z ✔ total deadline aborts an unfinished response body; no complete-body receipt or retry (13.696005ms)
deploy-test	UNKNOWN STEP	2026-10-06T06:22:34.4448741Z ✔ injected fetch cannot masquerade as detailed socket observation (0.769321ms)
deploy-test	UNKNOWN STEP	2026-10-06T06:22:34.4449566Z ✔ layout diagnostic fails closed before AWS calls for foreign, finished or unbound fixtures (1.951796ms)
deploy-test	UNKNOWN STEP	2026-10-06T06:22:34.4478557Z ✔ diagnostic cleanup retains all actions and fails closed: absent (1.207285ms)
deploy-test	UNKNOWN STEP	2026-10-06T06:22:34.4479223Z ✔ diagnostic cleanup retains all actions and fails closed: still-present (0.158647ms)
deploy-test	UNKNOWN STEP	2026-10-06T06:22:34.4480599Z ✔ diagnostic cleanup retains all actions and fails closed: read-denied (0.160419ms)
deploy-test	UNKNOWN STEP	2026-10-06T06:22:34.4481315Z ✔ diagnostic cleanup retains all actions and fails closed: signout-failed (0.133747ms)
deploy-test	UNKNOWN STEP	2026-10-06T06:22:34.4481957Z ✔ diagnostic cleanup retains all actions and fails closed: delete-failed (0.316343ms)
deploy-test	UNKNOWN STEP	2026-10-06T06:22:34.4757322Z ✔ snapshot must be available encrypted manual and exact whitelist cannot expand (1.026494ms)
deploy-test	UNKNOWN STEP	2026-10-06T06:22:37.1173466Z ✔ real local SQL retires exactly two jobs/requests and preserves every other table (2655.410386ms)
deploy-test	UNKNOWN STEP	2026-10-06T06:22:38.9300157Z ✔ live status drift aborts with original rows intact (1812.231727ms)
deploy-test	UNKNOWN STEP	2026-10-06T06:22:40.4019777Z ✔ unexpected cascade/trigger changing a preserved table rolls back all deletes (1471.762518ms)
deploy-test	UNKNOWN STEP	2026-10-06T06:22:40.4512970Z ✔ valid HTTP writes cannot be inflated by malformed, wrong role, wrong method or failed requests (2.083377ms)
deploy-test	UNKNOWN STEP	2026-10-06T06:22:40.4515090Z ✔ target License wire sequence proves ExpiringSoon renewal and Renewed activation using real handlers and PostgreSQL (3502.450883ms)
deploy-test	UNKNOWN STEP	2026-10-06T06:22:40.4516079Z ✔ recovery sub-gate checks all preserved tables without accepting full QA09 (1.445018ms)
deploy-test	UNKNOWN STEP	2026-10-06T06:22:40.4516989Z ✔ version mismatch, missing migration and changed certificate/other business data fail closed (8.848281ms)
deploy-test	UNKNOWN STEP	2026-10-06T06:22:40.4518089Z ✔ retirement evidence cannot hide wrong deleted IDs or lose preservation proof (0.665034ms)
deploy-test	UNKNOWN STEP	2026-10-06T06:22:40.4518920Z ✔ retirement project has fixed source and never modifies readonly/migration runner (19.913997ms)
deploy-test	UNKNOWN STEP	2026-10-06T06:22:40.4520068Z ✔ real Sync observation redacts secret domains and cannot treat delivery as firmware verification (1.272749ms)
deploy-test	UNKNOWN STEP	2026-10-06T06:22:40.4521005Z ✔ receipt runner sends only RECEIVED and redacts complete snapshots even with device password hashes (1.500439ms)
deploy-test	UNKNOWN STEP	2026-10-06T06:22:40.4521894Z ✔ receipt runner fails closed for mismatched snapshots and refused confirmation (0.809072ms)
deploy-test	UNKNOWN STEP	2026-10-06T06:22:40.4522580Z ✔ 117 elements require both real viewport receipts (9.988425ms)
deploy-test	UNKNOWN STEP	2026-10-06T06:22:40.4523182Z ✔ one failure fails all elements in the affected behavior group (2.00903ms)
deploy-test	UNKNOWN STEP	2026-10-06T06:22:40.4523880Z ✔ Active dependent operations are explicit NOT_RUN, not successful disabled checks (2.144538ms)
deploy-test	UNKNOWN STEP	2026-10-06T06:22:40.4524634Z ✔ duplicate, foreign and invalid viewport receipts fail closed (2.373834ms)
deploy-test	UNKNOWN STEP	2026-10-06T06:22:40.4525335Z ✔ Defer and Reject failures also block the browser Gate (1.68893ms)
deploy-test	UNKNOWN STEP	2026-10-06T06:22:40.4526099Z ✔ CSV proof rejects empty, foreign and malformed downloads while parsing quoted data (1.104056ms)
deploy-test	UNKNOWN STEP	2026-10-06T06:22:40.4526875Z ✔ reopens own TLS session after same-clientId negative probe and closes on failure (4.568961ms)
deploy-test	UNKNOWN STEP	2026-10-06T06:22:40.4527560Z ✔ foreign MQTT scope is rejected before connection (0.248129ms)
deploy-test	UNKNOWN STEP	2026-10-06T06:22:40.4528740Z ✔ S3 fallback accepts exact owned version cleanup and rejects bucket, customer and pagination expansion (1.471778ms)
deploy-test	UNKNOWN STEP	2026-10-06T06:22:40.4529480Z ✔ export scope rejects a foreign device before API, AWS or output writes (1.399212ms)
deploy-test	UNKNOWN STEP	2026-10-06T06:22:40.4530741Z ✔ domain cleanup refuses live run, foreign customer name, missing DB cleanup and out-of-scope objects (1.219693ms)
deploy-test	UNKNOWN STEP	2026-10-06T06:22:40.4531751Z ✔ unseeded identity cleanup rejects unfinished, foreign, seeded and pre-existing admin ledgers (1.235069ms)
deploy-test	UNKNOWN STEP	2026-10-06T06:22:40.4532646Z ✔ Cognito canonical UUID is allowed only with exact own email and creation within this failed run (0.519027ms)
deploy-test	UNKNOWN STEP	2026-10-06T06:22:40.4533513Z ✔ P95 uses all actual samples and rejects empty or invalid measurements (1.216308ms)
deploy-test	UNKNOWN STEP	2026-10-06T06:22:40.4534251Z ✔ complete P95 excludes censored timeouts and refuses partial sample acceptance (0.304409ms)
deploy-test	UNKNOWN STEP	2026-10-06T06:22:40.4535165Z ✔ performance summary refuses to report P95 PASS for missing or incomplete actual samples (45.087092ms)
deploy-test	UNKNOWN STEP	2026-10-06T06:22:40.4536083Z ✔ read-only pool probe distinguishes one connection, recovery and incomplete capacity acceptance (6.800169ms)
deploy-test	UNKNOWN STEP	2026-10-06T06:22:40.4536919Z ✔ observed connection-budget violation refuses a pool PASS receipt (1.589077ms)
deploy-test	UNKNOWN STEP	2026-10-06T06:22:40.4537676Z ✔ foreign probe application name is rejected before database access (0.212295ms)
deploy-test	UNKNOWN STEP	2026-10-06T06:22:40.4538810Z ✔ scheduled publishing overlaps slow PUBACK and drains failures without abandoning in-flight writes (21.386146ms)
deploy-test	UNKNOWN STEP	2026-10-06T06:22:40.4539707Z ✔ only exact test account and readonly role accepted (5.162227ms)
deploy-test	UNKNOWN STEP	2026-10-06T06:22:40.4540565Z ✔ stack identity, region, project and test tag fail closed (0.299046ms)
deploy-test	UNKNOWN STEP	2026-10-06T06:22:40.4541228Z ✔ permission denial is unverified, never classified as absent (0.254923ms)
deploy-test	UNKNOWN STEP	2026-10-06T06:22:40.4541960Z ✔ metadata health never promotes missing business evidence to AWS PASS (0.552687ms)
deploy-test	UNKNOWN STEP	2026-10-06T06:22:40.4542750Z ✔ five groups with unconfirmed or disabled users do not prove usable identities (0.226152ms)
deploy-test	UNKNOWN STEP	2026-10-06T06:22:40.4543699Z ✔ missing target receipts and version mismatch remain blockers (0.383612ms)
deploy-test	UNKNOWN STEP	2026-10-06T06:22:40.4544605Z ✔ existing test environment requires neither new account nor stack and retains real-response/cleanup boundaries (0.738952ms)
deploy-test	UNKNOWN STEP	2026-10-06T06:22:40.4545362Z ✔ real sub-scope acceptance cannot claim whole QA09 (1.994145ms)
deploy-test	UNKNOWN STEP	2026-10-06T06:22:40.4546007Z ✔ unfinished execution, missing role probe and failed assertion rejected (0.373617ms)
deploy-test	UNKNOWN STEP	2026-10-06T06:22:40.4546788Z ✔ missing cleanup, wrong target, secrets and source tampering rejected (1.946653ms)
deploy-test	UNKNOWN STEP	2026-10-06T06:22:40.4547531Z ✔ identity cleanup only accepts this run and the five known role identities (1.450072ms)
deploy-test	UNKNOWN STEP	2026-10-06T06:22:40.4548634Z ✔ record cleanup requires exact run namespace, not merely a partial prefix (0.296206ms)
deploy-test	UNKNOWN STEP	2026-10-06T06:22:40.4549447Z ✔ recovery excludes explicitly later own SLO records without waiving original bytes or deadlines (11.443241ms)
deploy-test	UNKNOWN STEP	2026-10-06T06:22:40.4550187Z ✔ later record exemption never includes other devices or customers (5.971193ms)
deploy-test	UNKNOWN STEP	2026-10-06T06:22:40.4686782Z ✔ site compensation rejects foreign-route before any AWS command (315.940799ms)
deploy-test	UNKNOWN STEP	2026-10-06T06:22:40.4809361Z ✔ site compensation rejects failed-cleanup before any AWS command (299.864115ms)
deploy-test	UNKNOWN STEP	2026-10-06T06:22:40.4839078Z ✔ site compensation rejects unbound-parent before any AWS command (317.758244ms)
deploy-test	UNKNOWN STEP	2026-10-06T06:22:40.4898986Z ✔ remaining target rejects foreign fixture before an API or database call (2.0693ms)
deploy-test	UNKNOWN STEP	2026-10-06T06:22:40.4900061Z ✔ unproved license activation fails legal stage and independent stage failures remain explicit without credentials (1.04623ms)
deploy-test	UNKNOWN STEP	2026-10-06T06:22:40.4910895Z ✔ per-request service throttling requires both unique IDs and bound access-row time/status, never minute metrics (0.783907ms)
deploy-test	UNKNOWN STEP	2026-10-06T06:22:40.4939239Z ✔ QA09 rollout separates logging, budget and event publication and rejects silent phase mistakes (1.520575ms)
deploy-test	UNKNOWN STEP	2026-10-06T06:22:41.1079720Z ✔ security retest rejects foreign fixture before any credential or live API access (1.220623ms)
deploy-test	UNKNOWN STEP	2026-10-06T06:22:41.1080523Z ✔ six tampered tokens require HTTP rejection and keep credentials out of receipt (2.379807ms)
deploy-test	UNKNOWN STEP	2026-10-06T06:22:41.1361391Z ✔ unknown seed outcome requires observed complete own set or proven empty set, never a blind retry (1.075568ms)
deploy-test	UNKNOWN STEP	2026-10-06T06:22:45.5412404Z ✔ semantic SQL creates two scoped read models without lifecycle or authentication claims and refuses reuse (2766.730005ms)
deploy-test	UNKNOWN STEP	2026-10-06T06:22:45.5509491Z ✔ semantic SQL refuses scope/state drift: lifecycle_status='Active' (325.501238ms)
deploy-test	UNKNOWN STEP	2026-10-06T06:22:45.5549124Z ✔ semantic SQL refuses scope/state drift: site_id=NULL (334.345503ms)
deploy-test	UNKNOWN STEP	2026-10-06T06:22:45.5550530Z ✔ semantic SQL refuses scope/state drift: customer_id='22222222-2222-2222-2222-222222222222' WHERE customer_id='11111111-1111-1111-1111-111111111111' (330.43432ms)
deploy-test	UNKNOWN STEP	2026-10-06T06:22:45.5558786Z ✔ semantic SQL refuses scope/state drift: name='outside' (328.139259ms)
deploy-test	UNKNOWN STEP	2026-10-06T06:22:45.5559758Z ✔ platform exports require the exact ledger and own frozen filters; foreign jobs remain unchanged (478.065236ms)
deploy-test	UNKNOWN STEP	2026-10-06T06:22:45.5980086Z ✔ business session cleanup never accepts a foreign email id role scope or lifecycle (1.123488ms)
deploy-test	UNKNOWN STEP	2026-10-06T06:22:45.5980964Z ✔ session fixtures require exact own customer and site binding before cleanup (0.300297ms)
deploy-test	UNKNOWN STEP	2026-10-06T06:22:45.5981695Z ✔ complete narrow real-environment scope never accepts full QA09 (4.086599ms)
deploy-test	UNKNOWN STEP	2026-10-06T06:22:45.5982497Z ✔ missing mTLS, shared keys, different ingress/archive bytes and missing cleanup fail closed (3.054985ms)
deploy-test	UNKNOWN STEP	2026-10-06T06:22:46.3452730Z ✔ CodeBuild inline source fits service limit and decompresses to exact reviewed bytes (28.331656ms)
deploy-test	UNKNOWN STEP	2026-10-06T06:22:46.3469032Z ✔ exact own-ten plan rejects expansion, historical identity and wrong customer namespace (10.200174ms)
deploy-test	UNKNOWN STEP	2026-10-06T06:22:46.3470069Z ✔ real SQL creates exact fixtures and cleanup preserves original devices/certificates (2200.780149ms)
deploy-test	UNKNOWN STEP	2026-10-06T06:22:46.3471251Z ✔ unexpected original-data trigger mutation rolls back fixture creation (1162.754546ms)
deploy-test	UNKNOWN STEP	2026-10-06T06:22:46.3471801Z ✔ processing provisioning job prevents cleanup without deleting any own devices (1005.58295ms)
deploy-test	UNKNOWN STEP	2026-10-06T06:22:46.3472633Z ✔ CSR proofs bind method, path, request ID, timestamp, nonce and independent key (136.018695ms)
deploy-test	UNKNOWN STEP	2026-10-06T06:22:47.3100209Z ✔ closed-fixture audit and request outbox cleanup require ledger and preserve unrelated events (968.101919ms)
deploy-test	UNKNOWN STEP	2026-10-06T06:22:48.2999951Z ✔ closed-fixture access rejects missing approval audit and live customer (986.998614ms)
deploy-test	UNKNOWN STEP	2026-10-06T06:22:49.2910022Z ✔ unseeded capacity attempt has read-only empty audit with deleted customers and fixed original baseline (993.033736ms)
deploy-test	UNKNOWN STEP	2026-10-06T06:22:50.2510160Z ✔ business-only Onboarded fixtures preserve original rows, refuse reuse and make no certificate/authentication claim (959.684092ms)
deploy-test	UNKNOWN STEP	2026-10-06T06:22:51.2560176Z ✔ unseeded timeout audit reads only exact prefix and cannot mutate original or retry customer creation (1004.839894ms)
deploy-test	UNKNOWN STEP	2026-10-06T06:22:52.2360001Z ✔ active lifecycle fixture changes exactly two own states and never claims a natural path (980.059907ms)
deploy-test	UNKNOWN STEP	2026-10-06T06:22:53.1583636Z ✔ capacity probe executes a read-only transaction and leaves fixture and original rows unchanged (924.407848ms)
deploy-test	UNKNOWN STEP	2026-10-06T06:22:53.1584524Z ✔ review-only mode cannot run without an explicit review hook or with unknown options (0.688166ms)
deploy-test	UNKNOWN STEP	2026-10-06T06:22:53.1585208Z ✔ fixture CLI distinguishes expired SSO from authorization rejection and transport timeouts (0.217832ms)
deploy-test	UNKNOWN STEP	2026-10-06T06:22:53.1966119Z ✔ version binding preserves prior defaults and accepts exact new target (1.291189ms)
deploy-test	UNKNOWN STEP	2026-10-06T06:22:53.1966647Z ✔ invalid version input is rejected before any AWS operation (0.333321ms)
deploy-test	UNKNOWN STEP	2026-10-06T06:22:53.1967159Z ✔ all delivered writes have an explicit permission and own or absent object path (2.214241ms)
deploy-test	UNKNOWN STEP	2026-10-06T06:22:53.1967702Z ✔ identical claims still change signed payload bytes rather than unused base64 signature bits (0.478656ms)
deploy-test	UNKNOWN STEP	2026-10-06T06:22:53.1968456Z ✔ Gateway 403 rejects tampered signatures while protected 2xx must fail (6.735963ms)
deploy-test	UNKNOWN STEP	2026-10-06T06:22:53.1968990Z ✔ quick has exact cadence, 24 historical hours, 30x burst, 5% duplicates and 2% delayed delivery (14.891848ms)
deploy-test	UNKNOWN STEP	2026-10-06T06:22:53.1969552Z ✔ full plan contains 86400 historical Telemetry samples for 10 devices at 10-second cadence (553.682402ms)
deploy-test	UNKNOWN STEP	2026-10-06T06:22:53.1969947Z ✔ unknown profile fails closed (0.495642ms)
deploy-test	UNKNOWN STEP	2026-10-06T06:22:53.1970272Z ✔ P95 uses nearest rank and does not mutate input (6.479097ms)
deploy-test	UNKNOWN STEP	2026-10-06T06:22:53.1970564Z ✔ invalid latency  rejected (0.204052ms)
deploy-test	UNKNOWN STEP	2026-10-06T06:22:53.1970831Z ✔ invalid latency NaN rejected (0.094702ms)
deploy-test	UNKNOWN STEP	2026-10-06T06:22:53.1971111Z ✔ invalid latency Infinity rejected (0.08725ms)
deploy-test	UNKNOWN STEP	2026-10-06T06:22:53.1971392Z ✔ invalid latency -1 rejected (0.10682ms)
deploy-test	UNKNOWN STEP	2026-10-06T06:22:53.1971763Z ✔ independent checker verifies count average min max and UTC buckets (6.4557ms)
deploy-test	UNKNOWN STEP	2026-10-06T06:22:53.1972114Z ✔ complete reliability proof passes (1.411261ms)
deploy-test	UNKNOWN STEP	2026-10-06T06:22:53.1972475Z ✔ Gate rejects missing trace (0.834035ms)
deploy-test	UNKNOWN STEP	2026-10-06T06:22:53.1972772Z ✔ Gate rejects duplicate trace (5.97382ms)
deploy-test	UNKNOWN STEP	2026-10-06T06:22:53.1973137Z ✔ Gate rejects failed cleanup (0.784122ms)
deploy-test	UNKNOWN STEP	2026-10-06T06:22:53.1973482Z ✔ Gate rejects wrong profile (0.89962ms)
deploy-test	UNKNOWN STEP	2026-10-06T06:22:53.1973815Z ✔ Gate rejects wrong cadence (6.041411ms)
deploy-test	UNKNOWN STEP	2026-10-06T06:22:53.1974147Z ✔ Gate rejects untracked loss (0.891721ms)
deploy-test	UNKNOWN STEP	2026-10-06T06:22:53.1974499Z ✔ Gate rejects duplicate business row (0.876832ms)
deploy-test	UNKNOWN STEP	2026-10-06T06:22:53.1974848Z ✔ Gate rejects missing archive (6.180164ms)
deploy-test	UNKNOWN STEP	2026-10-06T06:22:53.1975182Z ✔ Gate rejects missing reorder (0.92246ms)
deploy-test	UNKNOWN STEP	2026-10-06T06:22:53.1975510Z ✔ Gate rejects missing retry (0.903225ms)
deploy-test	UNKNOWN STEP	2026-10-06T06:22:53.1975845Z ✔ Gate rejects unresolved gap (9.028533ms)
deploy-test	UNKNOWN STEP	2026-10-06T06:22:53.1976179Z ✔ Gate rejects worker not paused (0.908943ms)
deploy-test	UNKNOWN STEP	2026-10-06T06:22:53.1976498Z ✔ Gate rejects no backlog (0.940144ms)
deploy-test	UNKNOWN STEP	2026-10-06T06:22:53.1976805Z ✔ Gate rejects unscoped replay (3.931743ms)
deploy-test	UNKNOWN STEP	2026-10-06T06:22:53.1977633Z ✔ Gate rejects duplicate MQTT publish (0.945074ms)
deploy-test	UNKNOWN STEP	2026-10-06T06:22:53.1998160Z ✔ Gate rejects late ACK changed terminal state (0.892415ms)
deploy-test	UNKNOWN STEP	2026-10-06T06:22:53.1998631Z ✔ Gate rejects telemetry P95 failed (6.995862ms)
deploy-test	UNKNOWN STEP	2026-10-06T06:22:53.1998931Z ✔ Gate rejects command P95 failed (4.040905ms)
deploy-test	UNKNOWN STEP	2026-10-06T06:22:53.1999201Z ✔ Gate rejects NaN P95 (0.995073ms)
deploy-test	UNKNOWN STEP	2026-10-06T06:22:53.1999476Z ✔ Gate rejects missing latency samples (4.004146ms)
deploy-test	UNKNOWN STEP	2026-10-06T06:22:53.1999910Z ✔ security receipt accepts complete execution and all observed acceptance proofs (7.582869ms)
deploy-test	UNKNOWN STEP	2026-10-06T06:22:53.2000324Z ✔ execution fails closed: deleted required test (1.161208ms)
deploy-test	UNKNOWN STEP	2026-10-06T06:22:53.2000637Z ✔ execution fails closed: missing file (0.215252ms)
deploy-test	UNKNOWN STEP	2026-10-06T06:22:53.2001181Z ✔ execution fails closed: pending test (0.452579ms)
deploy-test	UNKNOWN STEP	2026-10-06T06:22:53.2001479Z ✔ execution fails closed: failed test (2.003914ms)
deploy-test	UNKNOWN STEP	2026-10-06T06:22:53.2001768Z ✔ proof fails closed: missing proof (0.327903ms)
deploy-test	UNKNOWN STEP	2026-10-06T06:22:53.2002071Z ✔ proof fails closed: reused prefix (0.218044ms)
deploy-test	UNKNOWN STEP	2026-10-06T06:22:53.2002376Z ✔ proof fails closed: cleanup incomplete (0.203634ms)
deploy-test	UNKNOWN STEP	2026-10-06T06:22:53.2002682Z ✔ proof fails closed: expired JWT accepted (0.229126ms)
deploy-test	UNKNOWN STEP	2026-10-06T06:22:53.2002999Z ✔ proof fails closed: missing write operation (0.251074ms)
deploy-test	UNKNOWN STEP	2026-10-06T06:22:53.2003334Z ✔ proof fails closed: forged identity accepted (0.230429ms)
deploy-test	UNKNOWN STEP	2026-10-06T06:22:53.2003670Z ✔ proof fails closed: route resolved before auth (0.164905ms)
deploy-test	UNKNOWN STEP	2026-10-06T06:22:53.2003989Z ✔ proof fails closed: cross tenant allowed (1.72523ms)
deploy-test	UNKNOWN STEP	2026-10-06T06:22:53.2004315Z ✔ proof fails closed: unauthorized side effect (0.385984ms)
deploy-test	UNKNOWN STEP	2026-10-06T06:22:53.2004630Z ✔ proof fails closed: prototype pollution (0.51374ms)
deploy-test	UNKNOWN STEP	2026-10-06T06:22:53.2004950Z ✔ proof fails closed: malicious media signed (0.206953ms)
deploy-test	UNKNOWN STEP	2026-10-06T06:22:53.2005282Z ✔ proof fails closed: malicious media persisted (0.216731ms)
deploy-test	UNKNOWN STEP	2026-10-06T06:22:53.2005588Z ✔ proof fails closed: leak ignored (0.772152ms)
deploy-test	UNKNOWN STEP	2026-10-06T06:22:53.2005887Z ✔ proof fails closed: unscanned audit (0.409421ms)
deploy-test	UNKNOWN STEP	2026-10-06T06:22:53.2006191Z ✔ proof fails closed: unscanned snapshot (0.608727ms)
deploy-test	UNKNOWN STEP	2026-10-06T06:22:53.2006499Z ✔ proof fails closed: partial response scan (0.215383ms)
deploy-test	UNKNOWN STEP	2026-10-06T06:22:53.2007000Z ✔ independent scanner rejects nested secrets raw JWT Error private key and signed URL without echoing values (1.596747ms)
deploy-test	UNKNOWN STEP	2026-10-06T06:22:53.2007598Z ✔ scanner detects opaque canary leakage and permits null redacted values and public certificate (0.159144ms)
deploy-test	UNKNOWN STEP	2026-10-06T06:22:53.2008199Z ℹ tests 568
deploy-test	UNKNOWN STEP	2026-10-06T06:22:53.2008429Z ℹ suites 0
deploy-test	UNKNOWN STEP	2026-10-06T06:22:53.2008590Z ℹ pass 568
deploy-test	UNKNOWN STEP	2026-10-06T06:22:53.2008757Z ℹ fail 0
deploy-test	UNKNOWN STEP	2026-10-06T06:22:53.2008913Z ℹ cancelled 0
deploy-test	UNKNOWN STEP	2026-10-06T06:22:53.2009087Z ℹ skipped 0
deploy-test	UNKNOWN STEP	2026-10-06T06:22:53.2009249Z ℹ todo 0
deploy-test	UNKNOWN STEP	2026-10-06T06:22:53.2009486Z ℹ duration_ms 28898.535463
deploy-test	UNKNOWN STEP	2026-10-06T06:22:53.4059162Z 
deploy-test	UNKNOWN STEP	2026-10-06T06:22:53.4060009Z > food-digester-platform@0.0.0 build /home/runner/work/food-digester-platform/food-digester-platform
deploy-test	UNKNOWN STEP	2026-10-06T06:22:53.4060392Z > turbo run build
deploy-test	UNKNOWN STEP	2026-10-06T06:22:53.4060536Z 
deploy-test	UNKNOWN STEP	2026-10-06T06:22:53.4510462Z 
deploy-test	UNKNOWN STEP	2026-10-06T06:22:53.4512503Z    • Packages in scope: @fdp/admin-web, @fdp/archive-worker, @fdp/auth, @fdp/aws-clients, @fdp/cloud-api, @fdp/contracts, @fdp/database, @fdp/domain, @fdp/infra, @fdp/ingestion-worker, @fdp/media, @fdp/observability, @fdp/summary-worker
deploy-test	UNKNOWN STEP	2026-10-06T06:22:53.4513559Z    • Running build in 13 packages
deploy-test	UNKNOWN STEP	2026-10-06T06:22:53.4513863Z    • Remote caching disabled
deploy-test	UNKNOWN STEP	2026-10-06T06:22:53.4514035Z 
deploy-test	UNKNOWN STEP	2026-10-06T06:22:53.4588178Z ##[group]@fdp/database:generate
deploy-test	UNKNOWN STEP	2026-10-06T06:22:53.4603421Z cache hit, replaying logs 6f29d7861b790d41
deploy-test	UNKNOWN STEP	2026-10-06T06:22:53.4626174Z 
deploy-test	UNKNOWN STEP	2026-10-06T06:22:53.4628974Z > @fdp/database@0.0.0 generate /home/runner/work/food-digester-platform/food-digester-platform/packages/database
deploy-test	UNKNOWN STEP	2026-10-06T06:22:53.4629656Z > prisma generate
deploy-test	UNKNOWN STEP	2026-10-06T06:22:53.4629863Z 
deploy-test	UNKNOWN STEP	2026-10-06T06:22:53.4630109Z Loaded Prisma config from prisma.config.ts.
deploy-test	UNKNOWN STEP	2026-10-06T06:22:53.4630369Z 
deploy-test	UNKNOWN STEP	2026-10-06T06:22:53.4630920Z Prisma schema loaded from prisma/schema.prisma.
deploy-test	UNKNOWN STEP	2026-10-06T06:22:53.4631205Z 
deploy-test	UNKNOWN STEP	2026-10-06T06:22:53.4631705Z ✔ Generated Prisma Client (7.9.1) to ./src/generated in 1.21s
deploy-test	UNKNOWN STEP	2026-10-06T06:22:53.4632038Z 
deploy-test	UNKNOWN STEP	2026-10-06T06:22:53.4632448Z ##[endgroup]
deploy-test	UNKNOWN STEP	2026-10-06T06:22:53.4632867Z ##[group]@fdp/aws-clients:build
deploy-test	UNKNOWN STEP	2026-10-06T06:22:53.4633246Z cache hit, replaying logs 72b741ff8e28f9c8
deploy-test	UNKNOWN STEP	2026-10-06T06:22:53.4633490Z 
deploy-test	UNKNOWN STEP	2026-10-06T06:22:53.4633964Z > @fdp/aws-clients@0.0.0 build /home/runner/work/food-digester-platform/food-digester-platform/packages/aws-clients
deploy-test	UNKNOWN STEP	2026-10-06T06:22:53.4634541Z > tsc -p tsconfig.build.json
deploy-test	UNKNOWN STEP	2026-10-06T06:22:53.4634760Z 
deploy-test	UNKNOWN STEP	2026-10-06T06:22:53.4635068Z ##[endgroup]
deploy-test	UNKNOWN STEP	2026-10-06T06:22:53.4635511Z ##[group]@fdp/observability:build
deploy-test	UNKNOWN STEP	2026-10-06T06:22:53.4636108Z cache hit, replaying logs b22046eabd7182a9
deploy-test	UNKNOWN STEP	2026-10-06T06:22:53.4636348Z 
deploy-test	UNKNOWN STEP	2026-10-06T06:22:53.4636854Z > @fdp/observability@0.0.0 build /home/runner/work/food-digester-platform/food-digester-platform/packages/observability
deploy-test	UNKNOWN STEP	2026-10-06T06:22:53.4638655Z > tsc -p tsconfig.build.json
deploy-test	UNKNOWN STEP	2026-10-06T06:22:53.4638919Z 
deploy-test	UNKNOWN STEP	2026-10-06T06:22:53.4639247Z ##[endgroup]
deploy-test	UNKNOWN STEP	2026-10-06T06:22:53.4640755Z ##[group]@fdp/contracts:build
deploy-test	UNKNOWN STEP	2026-10-06T06:22:53.4660966Z cache hit, replaying logs badb40bf08f6da73
deploy-test	UNKNOWN STEP	2026-10-06T06:22:53.4681934Z 
deploy-test	UNKNOWN STEP	2026-10-06T06:22:53.4708695Z > @fdp/contracts@0.0.0 build /home/runner/work/food-digester-platform/food-digester-platform/contracts
deploy-test	UNKNOWN STEP	2026-10-06T06:22:53.4719717Z > node -e "console.log('@fdp/contracts 为源码契约包：内部使用 .ts 扩展名互引，不经 tsc 构建；消费方经 tsx/打包器直接使用源码')"
deploy-test	UNKNOWN STEP	2026-10-06T06:22:53.4720382Z 
deploy-test	UNKNOWN STEP	2026-10-06T06:22:53.4720774Z @fdp/contracts 为源码契约包：内部使用 .ts 扩展名互引，不经 tsc 构建；消费方经 tsx/打包器直接使用源码
deploy-test	UNKNOWN STEP	2026-10-06T06:22:53.4721537Z ##[endgroup]
deploy-test	UNKNOWN STEP	2026-10-06T06:22:53.4722040Z ##[group]@fdp/domain:build
deploy-test	UNKNOWN STEP	2026-10-06T06:22:53.4722496Z cache hit, replaying logs 47ef0249a0b99843
deploy-test	UNKNOWN STEP	2026-10-06T06:22:53.4722776Z 
deploy-test	UNKNOWN STEP	2026-10-06T06:22:53.4723288Z > @fdp/domain@0.0.0 build /home/runner/work/food-digester-platform/food-digester-platform/packages/domain
deploy-test	UNKNOWN STEP	2026-10-06T06:22:53.4723875Z > tsc -p tsconfig.build.json
deploy-test	UNKNOWN STEP	2026-10-06T06:22:53.4724145Z 
deploy-test	UNKNOWN STEP	2026-10-06T06:22:53.4724446Z ##[endgroup]
deploy-test	UNKNOWN STEP	2026-10-06T06:22:53.4724880Z ##[group]@fdp/database:build
deploy-test	UNKNOWN STEP	2026-10-06T06:22:53.4725306Z cache hit, replaying logs d2e9504f281a7867
deploy-test	UNKNOWN STEP	2026-10-06T06:22:53.4725574Z 
deploy-test	UNKNOWN STEP	2026-10-06T06:22:53.4726233Z > @fdp/database@0.0.0 build /home/runner/work/food-digester-platform/food-digester-platform/packages/database
deploy-test	UNKNOWN STEP	2026-10-06T06:22:53.4726862Z > tsc -p tsconfig.build.json
deploy-test	UNKNOWN STEP	2026-10-06T06:22:53.4727113Z 
deploy-test	UNKNOWN STEP	2026-10-06T06:22:53.4727421Z ##[endgroup]
deploy-test	UNKNOWN STEP	2026-10-06T06:22:53.4728527Z ##[group]@fdp/media:build
deploy-test	UNKNOWN STEP	2026-10-06T06:22:53.4779720Z cache hit, replaying logs 8b966babc723bb0c
deploy-test	UNKNOWN STEP	2026-10-06T06:22:53.4788155Z 
deploy-test	UNKNOWN STEP	2026-10-06T06:22:53.4820653Z > @fdp/media@0.0.0 build /home/runner/work/food-digester-platform/food-digester-platform/packages/media
deploy-test	UNKNOWN STEP	2026-10-06T06:22:53.4838660Z > tsc -p tsconfig.build.json
deploy-test	UNKNOWN STEP	2026-10-06T06:22:53.4878838Z 
deploy-test	UNKNOWN STEP	2026-10-06T06:22:53.4910867Z ##[endgroup]
deploy-test	UNKNOWN STEP	2026-10-06T06:22:53.4911442Z ##[group]@fdp/auth:build
deploy-test	UNKNOWN STEP	2026-10-06T06:22:53.4938367Z cache hit, replaying logs 161d25a0bb288877
deploy-test	UNKNOWN STEP	2026-10-06T06:22:53.4967453Z 
deploy-test	UNKNOWN STEP	2026-10-06T06:22:53.4998617Z > @fdp/auth@0.0.0 build /home/runner/work/food-digester-platform/food-digester-platform/packages/auth
deploy-test	UNKNOWN STEP	2026-10-06T06:22:53.4999279Z > tsc -p tsconfig.build.json
deploy-test	UNKNOWN STEP	2026-10-06T06:22:53.5028054Z 
deploy-test	UNKNOWN STEP	2026-10-06T06:22:53.5034443Z ##[endgroup]
deploy-test	UNKNOWN STEP	2026-10-06T06:22:57.3419013Z ##[group]@fdp/archive-worker:build
deploy-test	UNKNOWN STEP	2026-10-06T06:22:57.3509101Z cache miss, executing a0e6c0cec6c3151d
deploy-test	UNKNOWN STEP	2026-10-06T06:22:57.3545881Z 
deploy-test	UNKNOWN STEP	2026-10-06T06:22:57.3609078Z > @fdp/archive-worker@0.0.0 build /home/runner/work/food-digester-platform/food-digester-platform/apps/archive-worker
deploy-test	UNKNOWN STEP	2026-10-06T06:22:57.3618780Z > tsc -p tsconfig.build.json
deploy-test	UNKNOWN STEP	2026-10-06T06:22:57.3663919Z 
deploy-test	UNKNOWN STEP	2026-10-06T06:22:57.3708920Z ##[endgroup]
deploy-test	UNKNOWN STEP	2026-10-06T06:22:59.0809613Z ##[group]@fdp/summary-worker:build
deploy-test	UNKNOWN STEP	2026-10-06T06:22:59.0837717Z cache miss, executing 77d113d7dc4b62c3
deploy-test	UNKNOWN STEP	2026-10-06T06:22:59.0847668Z 
deploy-test	UNKNOWN STEP	2026-10-06T06:22:59.0872973Z > @fdp/summary-worker@0.0.0 build /home/runner/work/food-digester-platform/food-digester-platform/apps/summary-worker
deploy-test	UNKNOWN STEP	2026-10-06T06:22:59.0898804Z > tsc -p tsconfig.build.json
deploy-test	UNKNOWN STEP	2026-10-06T06:22:59.0932050Z 
deploy-test	UNKNOWN STEP	2026-10-06T06:22:59.0938742Z ##[endgroup]
deploy-test	UNKNOWN STEP	2026-10-06T06:22:59.5649759Z ##[group]@fdp/ingestion-worker:build
deploy-test	UNKNOWN STEP	2026-10-06T06:22:59.5671712Z cache miss, executing 936ac9a6e582a305
deploy-test	UNKNOWN STEP	2026-10-06T06:22:59.5708409Z 
deploy-test	UNKNOWN STEP	2026-10-06T06:22:59.5732179Z > @fdp/ingestion-worker@0.0.0 build /home/runner/work/food-digester-platform/food-digester-platform/apps/ingestion-worker
deploy-test	UNKNOWN STEP	2026-10-06T06:22:59.5733301Z > tsc -p tsconfig.build.json
deploy-test	UNKNOWN STEP	2026-10-06T06:22:59.5733616Z 
deploy-test	UNKNOWN STEP	2026-10-06T06:22:59.5734043Z ##[endgroup]
deploy-test	UNKNOWN STEP	2026-10-06T06:23:01.4989914Z ##[group]@fdp/infra:build
deploy-test	UNKNOWN STEP	2026-10-06T06:23:01.5019035Z cache miss, executing ae15db771adc85e4
deploy-test	UNKNOWN STEP	2026-10-06T06:23:01.5023113Z 
deploy-test	UNKNOWN STEP	2026-10-06T06:23:01.5023761Z > @fdp/infra@0.0.0 build /home/runner/work/food-digester-platform/food-digester-platform/infra
deploy-test	UNKNOWN STEP	2026-10-06T06:23:01.5024412Z > tsc -p tsconfig.build.json
deploy-test	UNKNOWN STEP	2026-10-06T06:23:01.5024663Z 
deploy-test	UNKNOWN STEP	2026-10-06T06:23:01.5025090Z ##[endgroup]
deploy-test	UNKNOWN STEP	2026-10-06T06:23:02.1504055Z ##[group]@fdp/cloud-api:build
deploy-test	UNKNOWN STEP	2026-10-06T06:23:02.1504729Z cache miss, executing f68e31080bcf62ee
deploy-test	UNKNOWN STEP	2026-10-06T06:23:02.1505337Z 
deploy-test	UNKNOWN STEP	2026-10-06T06:23:02.1506692Z > @fdp/cloud-api@0.0.0 build /home/runner/work/food-digester-platform/food-digester-platform/apps/cloud-api
deploy-test	UNKNOWN STEP	2026-10-06T06:23:02.1509350Z > tsc -p tsconfig.build.json
deploy-test	UNKNOWN STEP	2026-10-06T06:23:02.1509551Z 
deploy-test	UNKNOWN STEP	2026-10-06T06:23:02.1509881Z ##[endgroup]
deploy-test	UNKNOWN STEP	2026-10-06T06:23:04.1001807Z ##[group]@fdp/admin-web:build
deploy-test	UNKNOWN STEP	2026-10-06T06:23:04.1002340Z cache miss, executing e6f245876b04286c
deploy-test	UNKNOWN STEP	2026-10-06T06:23:04.1002560Z 
deploy-test	UNKNOWN STEP	2026-10-06T06:23:04.1003023Z > @fdp/admin-web@0.0.0 build /home/runner/work/food-digester-platform/food-digester-platform/apps/admin-web
deploy-test	UNKNOWN STEP	2026-10-06T06:23:04.1003684Z > tsc -p tsconfig.build.json && vite build
deploy-test	UNKNOWN STEP	2026-10-06T06:23:04.1003907Z 
deploy-test	UNKNOWN STEP	2026-10-06T06:23:04.1004541Z ^[[36mvite v8.2.2 ^[[32mbuilding client environment for production...^[[36m^[[39m
deploy-test	UNKNOWN STEP	2026-10-06T06:23:04.1004948Z transforming...
deploy-test	UNKNOWN STEP	2026-10-06T06:23:04.1005264Z ✓ 1609 modules transformed.
deploy-test	UNKNOWN STEP	2026-10-06T06:23:04.1005567Z rendering chunks...
deploy-test	UNKNOWN STEP	2026-10-06T06:23:04.1005822Z computing gzip size...
deploy-test	UNKNOWN STEP	2026-10-06T06:23:04.1006309Z dist/web/index.html                     0.46 kB │ gzip:   0.32 kB
deploy-test	UNKNOWN STEP	2026-10-06T06:23:04.1006931Z dist/web/assets/index-CecZB0A0.css     19.08 kB │ gzip:   5.07 kB
deploy-test	UNKNOWN STEP	2026-10-06T06:23:04.1007521Z dist/web/assets/index-D1EpTElP.js   1,357.74 kB │ gzip: 417.92 kB
deploy-test	UNKNOWN STEP	2026-10-06T06:23:04.1011234Z 
deploy-test	UNKNOWN STEP	2026-10-06T06:23:04.1011555Z ^[[32m✓ built in 456ms^[[39m
deploy-test	UNKNOWN STEP	2026-10-06T06:23:04.1011948Z ^[[33m[plugin builtin:vite-reporter] 
deploy-test	UNKNOWN STEP	2026-10-06T06:23:04.1012354Z (!) Some chunks are larger than 500 kB after minification. Consider:
deploy-test	UNKNOWN STEP	2026-10-06T06:23:04.1012841Z - Using dynamic import() to code-split the application
deploy-test	UNKNOWN STEP	2026-10-06T06:23:04.1013695Z - Use build.rolldownOptions.output.codeSplitting to improve chunking: https://rolldown.rs/reference/OutputOptions.codeSplitting
deploy-test	UNKNOWN STEP	2026-10-06T06:23:04.1014589Z - Adjust chunk size limit for this warning via build.chunkSizeWarningLimit.^[[39m
deploy-test	UNKNOWN STEP	2026-10-06T06:23:04.1015232Z ##[endgroup]
deploy-test	UNKNOWN STEP	2026-10-06T06:23:04.1033698Z 
deploy-test	UNKNOWN STEP	2026-10-06T06:23:04.1034177Z  Tasks:    14 successful, 14 total
deploy-test	UNKNOWN STEP	2026-10-06T06:23:04.1034546Z Cached:    8 cached, 14 total
deploy-test	UNKNOWN STEP	2026-10-06T06:23:04.1034806Z   Time:    10.67s 
deploy-test	UNKNOWN STEP	2026-10-06T06:23:04.1034941Z 
deploy-test	UNKNOWN STEP	2026-10-06T06:23:04.3336730Z 
deploy-test	UNKNOWN STEP	2026-10-06T06:23:04.3337578Z > food-digester-platform@0.0.0 check:boundaries /home/runner/work/food-digester-platform/food-digester-platform
deploy-test	UNKNOWN STEP	2026-10-06T06:23:04.3338454Z > node scripts/check-boundaries.mjs
deploy-test	UNKNOWN STEP	2026-10-06T06:23:04.3338658Z 
deploy-test	UNKNOWN STEP	2026-10-06T06:23:04.3560799Z 检查 13 个工作区包
deploy-test	UNKNOWN STEP	2026-10-06T06:23:04.3561145Z 模块边界与循环依赖检查通过
deploy-test	UNKNOWN STEP	2026-10-06T06:23:04.5530201Z 
deploy-test	UNKNOWN STEP	2026-10-06T06:23:04.5531200Z > food-digester-platform@0.0.0 check:schemas /home/runner/work/food-digester-platform/food-digester-platform
deploy-test	UNKNOWN STEP	2026-10-06T06:23:04.5531888Z > node scripts/check-schemas.mjs
deploy-test	UNKNOWN STEP	2026-10-06T06:23:04.5532078Z 
deploy-test	UNKNOWN STEP	2026-10-06T06:23:04.6704734Z OpenAPI / JSON Schema 校验通过
deploy-test	UNKNOWN STEP	2026-10-06T06:23:04.8695605Z 
deploy-test	UNKNOWN STEP	2026-10-06T06:23:04.8696525Z > food-digester-platform@0.0.0 check:migrations /home/runner/work/food-digester-platform/food-digester-platform
deploy-test	UNKNOWN STEP	2026-10-06T06:23:04.8697094Z > node scripts/check-migrations.mjs
deploy-test	UNKNOWN STEP	2026-10-06T06:23:04.8697260Z 
deploy-test	UNKNOWN STEP	2026-10-06T06:23:08.2496939Z Migration 结构与 Prisma Schema 漂移检查通过
deploy-test	UNKNOWN STEP	2026-10-06T06:23:08.4518899Z 
deploy-test	UNKNOWN STEP	2026-10-06T06:23:08.4519479Z > food-digester-platform@0.0.0 check:evidence /home/runner/work/food-digester-platform/food-digester-platform
deploy-test	UNKNOWN STEP	2026-10-06T06:23:08.4519927Z > node scripts/check-eng-db-dom-evidence.mjs
deploy-test	UNKNOWN STEP	2026-10-06T06:23:08.4520074Z 
deploy-test	UNKNOWN STEP	2026-10-06T06:23:08.4812044Z ENG/DB/DOM/IAC/AUTH/SEC/BE-IOT/BE-ARC/RPL/ESG/管理后台业务与前端 证据与开发文档检查通过
deploy-test	UNKNOWN STEP	2026-10-06T06:23:08.6780204Z 
deploy-test	UNKNOWN STEP	2026-10-06T06:23:08.6781207Z > food-digester-platform@0.0.0 check:secrets /home/runner/work/food-digester-platform/food-digester-platform
deploy-test	UNKNOWN STEP	2026-10-06T06:23:08.6782405Z > node scripts/check-secrets.mjs
deploy-test	UNKNOWN STEP	2026-10-06T06:23:08.6782658Z 
deploy-test	UNKNOWN STEP	2026-10-06T06:23:09.0411630Z 敏感信息扫描通过
deploy-test	UNKNOWN STEP	2026-10-06T06:23:09.2421309Z 
deploy-test	UNKNOWN STEP	2026-10-06T06:23:09.2422156Z > food-digester-platform@0.0.0 check:sensitive-sinks /home/runner/work/food-digester-platform/food-digester-platform
deploy-test	UNKNOWN STEP	2026-10-06T06:23:09.2422628Z > node scripts/check-sensitive-sinks.mjs
deploy-test	UNKNOWN STEP	2026-10-06T06:23:09.2422773Z 
deploy-test	UNKNOWN STEP	2026-10-06T06:23:09.2882262Z 生产日志与 Trace sink 脱敏门禁通过
deploy-test	UNKNOWN STEP	2026-10-06T06:23:09.4844110Z 
deploy-test	UNKNOWN STEP	2026-10-06T06:23:09.4845126Z > food-digester-platform@0.0.0 check:admin-web-delivery /home/runner/work/food-digester-platform/food-digester-platform
deploy-test	UNKNOWN STEP	2026-10-06T06:23:09.4845802Z > node scripts/check-admin-web-delivery.mjs
deploy-test	UNKNOWN STEP	2026-10-06T06:23:09.4846032Z 
deploy-test	UNKNOWN STEP	2026-10-06T06:23:09.5319001Z 管理后台交付检查通过：入口、组合根、路由页面、OpenAPI operationId、CSS 与浏览器构建产物均已就绪
deploy-test	UNKNOWN STEP	2026-10-06T06:23:09.7328944Z 
deploy-test	UNKNOWN STEP	2026-10-06T06:23:09.7329811Z > food-digester-platform@0.0.0 check:admin-web-e2e /home/runner/work/food-digester-platform/food-digester-platform
deploy-test	UNKNOWN STEP	2026-10-06T06:23:09.7330487Z > pnpm --filter @fdp/admin-web test:e2e
deploy-test	UNKNOWN STEP	2026-10-06T06:23:09.7330682Z 
deploy-test	UNKNOWN STEP	2026-10-06T06:23:09.9347441Z 
deploy-test	UNKNOWN STEP	2026-10-06T06:23:09.9348377Z > @fdp/admin-web@0.0.0 test:e2e /home/runner/work/food-digester-platform/food-digester-platform/apps/admin-web
deploy-test	UNKNOWN STEP	2026-10-06T06:23:09.9348880Z > playwright test
deploy-test	UNKNOWN STEP	2026-10-06T06:23:09.9349070Z 
deploy-test	UNKNOWN STEP	2026-10-06T06:23:15.7579434Z [WebServer] [plugin builtin:vite-reporter] 
deploy-test	UNKNOWN STEP	2026-10-06T06:23:15.7580042Z [WebServer] (!) Some chunks are larger than 500 kB after minification. Consider:
deploy-test	UNKNOWN STEP	2026-10-06T06:23:15.7580566Z [WebServer] - Using dynamic import() to code-split the application
deploy-test	UNKNOWN STEP	2026-10-06T06:23:15.7581300Z [WebServer] - Use build.rolldownOptions.output.codeSplitting to improve chunking: https://rolldown.rs/reference/OutputOptions.codeSplitting
deploy-test	UNKNOWN STEP	2026-10-06T06:23:15.7582047Z [WebServer] - Adjust chunk size limit for this warning via build.chunkSizeWarningLimit.
deploy-test	UNKNOWN STEP	2026-10-06T06:23:15.7582359Z 
deploy-test	UNKNOWN STEP	2026-10-06T06:23:16.2226574Z 
deploy-test	UNKNOWN STEP	2026-10-06T06:23:16.2227183Z Running 36 tests using 1 worker
deploy-test	UNKNOWN STEP	2026-10-06T06:23:16.2227428Z 
deploy-test	UNKNOWN STEP	2026-10-06T06:23:16.5070037Z [1/36] e2e/admin-web.spec.ts:15:1 › H-01 API 拒绝停用会话后清除浏览器会话并返回登录
deploy-test	UNKNOWN STEP	2026-10-06T06:23:18.6484284Z [2/36] e2e/admin-web.spec.ts:42:1 › M-01 CustomerViewer 从菜单查询设备用户详情，全部写入口隐藏
deploy-test	UNKNOWN STEP	2026-10-06T06:23:19.1304560Z [3/36] e2e/admin-web.spec.ts:88:1 › 无 Token 安全回登录；五角色菜单和受限路由均由组合根守卫
deploy-test	UNKNOWN STEP	2026-10-06T06:23:22.0250459Z [4/36] e2e/admin-web.spec.ts:116:1 › 刷新失败清会话，API 403 保留会话并呈现无权
deploy-test	UNKNOWN STEP	2026-10-06T06:23:22.6641283Z [5/36] e2e/admin-web.spec.ts:138:1 › Customer scope 与 Dashboard 离线/无 entitlement 动作在真实浏览器失败关闭
deploy-test	UNKNOWN STEP	2026-10-06T06:23:23.2132623Z [6/36] e2e/admin-web.spec.ts:175:1 › Onboarding 审批双击只提交一次，展示录入来源和证书状态
deploy-test	UNKNOWN STEP	2026-10-06T06:23:23.8408906Z [7/36] e2e/admin-web.spec.ts:220:1 › Customer/Site CRUD 关键路径：创建、非法时区、关联停用提示与 409
deploy-test	UNKNOWN STEP	2026-10-06T06:23:25.6593610Z [8/36] e2e/admin-web.spec.ts:343:1 › 1440/768/375 响应式布局、横向表格和对话框键盘边界
deploy-test	UNKNOWN STEP	2026-10-06T06:23:27.3877044Z [9/36] e2e/admin-web.spec.ts:429:1 › FE-06 至 FE-10 六个生产路由可运行，并覆盖成功、空态、分页入口、时区与响应式
deploy-test	UNKNOWN STEP	2026-10-06T06:23:28.9630029Z [10/36] e2e/admin-web.spec.ts:471:1 › FE-06 至 FE-10 在 403/404、Customer scope、详情焦点与重复提交场景失败关闭
deploy-test	UNKNOWN STEP	2026-10-06T06:23:31.0428042Z [11/36] e2e/admin-web.spec.ts:547:1 › FE-11 至 FE-15 七个生产路由由真实控制器驱动，并覆盖媒体签发与审计详情
deploy-test	UNKNOWN STEP	2026-10-06T06:23:34.9733241Z [12/36] e2e/admin-web.spec.ts:611:1 › FE-11 至 FE-15 API 403 与路由角色边界在真实浏览器失败关闭
deploy-test	UNKNOWN STEP	2026-10-06T06:23:35.5856271Z [13/36] e2e/admin-web.spec.ts:628:1 › FE-17 新建权限与零设备第二阶段在真实浏览器失败关闭
deploy-test	UNKNOWN STEP	2026-10-06T06:23:36.4979010Z [14/36] e2e/admin-web.spec.ts:699:1 › FE-18 Chromium 覆盖 unknown/stale、联系人按需零预载与申请状态机
deploy-test	UNKNOWN STEP	2026-10-06T06:23:37.4496152Z [15/36] e2e/admin-web.spec.ts:803:1 › FE-16 Chromium 覆盖邀请、角色、Scope、重置与设置 409 回源
deploy-test	UNKNOWN STEP	2026-10-06T06:23:38.8380370Z [16/36] e2e/admin-web.spec.ts:927:1 › FE-17 Chromium 覆盖绑定、解绑、续约与终止并保留 License 边界
deploy-test	UNKNOWN STEP	2026-10-06T06:23:40.0589709Z [17/36] e2e/admin-web.spec.ts:1102:5 › FE-19 Chromium 22 个生产路由：zh-CN / 375px
deploy-test	UNKNOWN STEP	2026-10-06T06:23:44.6789868Z [18/36] e2e/admin-web.spec.ts:1102:5 › FE-19 Chromium 22 个生产路由：zh-CN / 768px
deploy-test	UNKNOWN STEP	2026-10-06T06:23:49.4633106Z [19/36] e2e/admin-web.spec.ts:1102:5 › FE-19 Chromium 22 个生产路由：zh-CN / 1440px
deploy-test	UNKNOWN STEP	2026-10-06T06:23:54.0983406Z [20/36] e2e/admin-web.spec.ts:1102:5 › FE-19 Chromium 22 个生产路由：en / 375px
deploy-test	UNKNOWN STEP	2026-10-06T06:23:58.6636129Z [21/36] e2e/admin-web.spec.ts:1102:5 › FE-19 Chromium 22 个生产路由：en / 768px
deploy-test	UNKNOWN STEP	2026-10-06T06:24:03.3542159Z [22/36] e2e/admin-web.spec.ts:1102:5 › FE-19 Chromium 22 个生产路由：en / 1440px
deploy-test	UNKNOWN STEP	2026-10-06T06:24:08.3148663Z [23/36] e2e/admin-web.spec.ts:1123:1 › FE-19 语言选择在刷新后保持
deploy-test	UNKNOWN STEP	2026-10-06T06:24:08.8226317Z [24/36] e2e/admin-web.spec.ts:1135:1 › QA-09 设备管理长别名和序列号在375px完整换行且不裁切
deploy-test	UNKNOWN STEP	2026-10-06T06:24:10.2713530Z [25/36] e2e/qa05-workflows.spec.ts:33:3 › QA05 role route and button matrix PlatformSuperAdmin
deploy-test	UNKNOWN STEP	2026-10-06T06:24:17.7497635Z [26/36] e2e/qa05-workflows.spec.ts:33:3 › QA05 role route and button matrix PlatformOperator
deploy-test	UNKNOWN STEP	2026-10-06T06:24:24.0672469Z [27/36] e2e/qa05-workflows.spec.ts:33:3 › QA05 role route and button matrix Auditor
deploy-test	UNKNOWN STEP	2026-10-06T06:24:30.7465710Z [28/36] e2e/qa05-workflows.spec.ts:33:3 › QA05 role route and button matrix CustomerAdmin
deploy-test	UNKNOWN STEP	2026-10-06T06:24:36.1237258Z [29/36] e2e/qa05-workflows.spec.ts:33:3 › QA05 role route and button matrix CustomerViewer
deploy-test	UNKNOWN STEP	2026-10-06T06:24:41.3154516Z [30/36] e2e/qa05-workflows.spec.ts:80:1 › QA05 login SRP MFA error success logout without persisting password
deploy-test	UNKNOWN STEP	2026-10-06T06:24:42.0041516Z [31/36] e2e/qa05-workflows.spec.ts:146:1 › QA05 ESG cursor totals export snapshot timezone and empty state
deploy-test	UNKNOWN STEP	2026-10-06T06:24:42.9227489Z [32/36] e2e/qa05-workflows.spec.ts:216:1 › QA05 Command dangerous confirmation terminal result and publish failure
deploy-test	UNKNOWN STEP	2026-10-06T06:24:43.8966677Z [33/36] e2e/qa05-workflows.spec.ts:271:1 › QA05 Media expiry renew 403 and audit read-only zero writes
deploy-test	UNKNOWN STEP	2026-10-06T06:24:44.7945565Z [34/36] e2e/ui-redesign.spec.ts:12:3 › UI redesign: all business routes at 1366x768
deploy-test	UNKNOWN STEP	2026-10-06T06:25:01.2826035Z [35/36] e2e/ui-redesign.spec.ts:12:3 › UI redesign: all business routes at 1440x900
deploy-test	UNKNOWN STEP	2026-10-06T06:25:17.8215370Z [36/36] e2e/ui-redesign.spec.ts:12:3 › UI redesign: all business routes at 1920x1080
deploy-test	UNKNOWN STEP	2026-10-06T06:25:34.6846998Z   36 passed (2.4m)
deploy-test	UNKNOWN STEP	2026-10-06T06:25:34.8922251Z 
deploy-test	UNKNOWN STEP	2026-10-06T06:25:34.8922966Z > food-digester-platform@0.0.0 check:cmd-ota-delivery /home/runner/work/food-digester-platform/food-digester-platform
deploy-test	UNKNOWN STEP	2026-10-06T06:25:34.8923412Z > pnpm check:runtime && pnpm check:cdk
deploy-test	UNKNOWN STEP	2026-10-06T06:25:34.8923554Z 
deploy-test	UNKNOWN STEP	2026-10-06T06:25:35.0847032Z 
deploy-test	UNKNOWN STEP	2026-10-06T06:25:35.0847854Z > food-digester-platform@0.0.0 check:runtime /home/runner/work/food-digester-platform/food-digester-platform
deploy-test	UNKNOWN STEP	2026-10-06T06:25:35.0848436Z > node --import tsx scripts/check-delivered-runtime.mjs
deploy-test	UNKNOWN STEP	2026-10-06T06:25:35.0848599Z 
deploy-test	UNKNOWN STEP	2026-10-06T06:25:35.1563488Z 已交付 REST 生产路由与 OpenAPI 双向一致（129 operations）
deploy-test	UNKNOWN STEP	2026-10-06T06:25:35.3588508Z 
deploy-test	UNKNOWN STEP	2026-10-06T06:25:35.3589258Z > food-digester-platform@0.0.0 check:cdk /home/runner/work/food-digester-platform/food-digester-platform
deploy-test	UNKNOWN STEP	2026-10-06T06:25:35.3589947Z > node scripts/check-cdk-synth.mjs
deploy-test	UNKNOWN STEP	2026-10-06T06:25:35.3590275Z 
deploy-test	UNKNOWN STEP	2026-10-06T06:25:46.5652754Z CDK synth 无 warning；已交付 Lambda asset 与 CMD/OTA 生产接线 Gate 通过
deploy-test	UNKNOWN STEP	2026-10-06T06:25:46.7700484Z 
deploy-test	UNKNOWN STEP	2026-10-06T06:25:46.7701660Z > food-digester-platform@0.0.0 test:device-contracts /home/runner/work/food-digester-platform/food-digester-platform
deploy-test	UNKNOWN STEP	2026-10-06T06:25:46.7702230Z > node --import tsx scripts/run-contract-suite.mjs /tmp/fdp-device-contracts-gate.json
deploy-test	UNKNOWN STEP	2026-10-06T06:25:46.7702467Z 
deploy-test	UNKNOWN STEP	2026-10-06T06:25:47.4017390Z ✔ QA-02 MQTT heartbeat: all valid/invalid fixtures, missing meta and type mutation (6.252564ms)
deploy-test	UNKNOWN STEP	2026-10-06T06:25:47.4018257Z ✔ QA-02 MQTT telemetry: all valid/invalid fixtures, missing meta and type mutation (3.281482ms)
deploy-test	UNKNOWN STEP	2026-10-06T06:25:47.4018858Z ✔ QA-02 MQTT report: all valid/invalid fixtures, missing meta and type mutation (3.311935ms)
deploy-test	UNKNOWN STEP	2026-10-06T06:25:47.4019664Z ✔ QA-02 MQTT alarm: all valid/invalid fixtures, missing meta and type mutation (2.486652ms)
deploy-test	UNKNOWN STEP	2026-10-06T06:25:47.4020413Z ✔ QA-02 MQTT event: all valid/invalid fixtures, missing meta and type mutation (1.57172ms)
deploy-test	UNKNOWN STEP	2026-10-06T06:25:47.4021127Z ✔ QA-02 MQTT ack: all valid/invalid fixtures, missing meta and type mutation (2.710104ms)
deploy-test	UNKNOWN STEP	2026-10-06T06:25:47.4021853Z ✔ QA-02 MQTT tamper: all valid/invalid fixtures, missing meta and type mutation (2.498777ms)
deploy-test	UNKNOWN STEP	2026-10-06T06:25:47.4022540Z ✔ QA-02 MQTT media: all valid/invalid fixtures, missing meta and type mutation (2.169289ms)
deploy-test	UNKNOWN STEP	2026-10-06T06:25:47.4023234Z ✔ QA-02 MQTT cmd: all valid/invalid fixtures, missing meta and type mutation (2.528205ms)
deploy-test	UNKNOWN STEP	2026-10-06T06:25:47.4023908Z ✔ QA-02 MQTT ota: all valid/invalid fixtures, missing meta and type mutation (2.402995ms)
deploy-test	UNKNOWN STEP	2026-10-06T06:25:47.4025166Z ✔ QA-02 MQTT notification: all valid/invalid fixtures, missing meta and type mutation (2.112194ms)
deploy-test	UNKNOWN STEP	2026-10-06T06:25:47.4028759Z ✔ MQTT semantic hash, discriminator and UTC calendar errors fail closed (0.866396ms)
deploy-test	UNKNOWN STEP	2026-10-06T06:25:47.4029646Z ✔ full REST response: field deletion/type mutation/envelope/date/errors/status/headers are enforced (4.800497ms)
deploy-test	UNKNOWN STEP	2026-10-06T06:25:47.4030609Z ✔ REST request validation: required body/path/query/header, optional Sync, bodyless Deactivate, no type coercion in JSON (7.595915ms)
deploy-test	UNKNOWN STEP	2026-10-06T06:25:47.4031557Z ✔ all device operations and declared response JSON Schemas compile; stable error catalog has no duplicates (43.686562ms)
deploy-test	UNKNOWN STEP	2026-10-06T06:25:47.4032414Z ✔ predecessor MQTT is compatible; known REST break requires exact version and frozen DEC approvals (26.063302ms)
deploy-test	UNKNOWN STEP	2026-10-06T06:25:47.4033852Z ✔ breaking contract mutations fail: removing fields/operations/status, changing type/required/security (73.532853ms)
deploy-test	UNKNOWN STEP	2026-10-06T06:25:47.4036209Z ✔ receipt coverage gate fails closed for missing operations/statuses, no valid request and forged records (0.398764ms)
deploy-test	UNKNOWN STEP	2026-10-06T06:25:47.4037191Z ✔ archived CSR upgrade mapping still verifies original baselines without rewriting history (4.050994ms)
deploy-test	UNKNOWN STEP	2026-10-06T06:25:47.4037702Z ℹ tests 19
deploy-test	UNKNOWN STEP	2026-10-06T06:25:47.4038123Z ℹ suites 0
deploy-test	UNKNOWN STEP	2026-10-06T06:25:47.4038462Z ℹ pass 19
deploy-test	UNKNOWN STEP	2026-10-06T06:25:47.4038662Z ℹ fail 0
deploy-test	UNKNOWN STEP	2026-10-06T06:25:47.4038871Z ℹ cancelled 0
deploy-test	UNKNOWN STEP	2026-10-06T06:25:47.4039103Z ℹ skipped 0
deploy-test	UNKNOWN STEP	2026-10-06T06:25:47.4039314Z ℹ todo 0
deploy-test	UNKNOWN STEP	2026-10-06T06:25:47.4039575Z ℹ duration_ms 415.383865
deploy-test	UNKNOWN STEP	2026-10-06T06:26:03.4561707Z 
deploy-test	UNKNOWN STEP	2026-10-06T06:26:03.4563415Z ^[[1m^[[30m^[[46m RUN ^[[49m^[[39m^[[22m ^[[36mv4.1.11 ^[[39m^[[90m/home/runner/work/food-digester-platform/food-digester-platform^[[39m
deploy-test	UNKNOWN STEP	2026-10-06T06:26:03.4563886Z 
deploy-test	UNKNOWN STEP	2026-10-06T06:26:03.4564555Z  ^[[32m✓^[[39m apps/cloud-api/test/license-sync-lifecycle.test.ts ^[[2m(^[[22m^[[2m10 tests^[[22m^[[2m)^[[22m^[[33m 4668^[[2mms^[[22m^[[39m
deploy-test	UNKNOWN STEP	2026-10-06T06:26:03.4565590Z    ^[[33m^[[2m✓^[[22m^[[39m real PostgreSQL: served snapshot and signed local verification drive Assigned→Licensed→Active once ^[[33m 963^[[2mms^[[22m^[[39m
deploy-test	UNKNOWN STEP	2026-10-06T06:26:03.4566585Z    ^[[33m^[[2m✓^[[22m^[[39m expired/revoked licenses and changed assignment cannot activate a device ^[[33m 333^[[2mms^[[22m^[[39m
deploy-test	UNKNOWN STEP	2026-10-06T06:26:03.4567539Z  ^[[32m✓^[[39m apps/cloud-api/test/ota-dispatch.test.ts ^[[2m(^[[22m^[[2m16 tests^[[22m^[[2m)^[[22m^[[33m 4714^[[2mms^[[22m^[[39m
deploy-test	UNKNOWN STEP	2026-10-06T06:26:03.4568803Z      ^[[33m^[[2m✓^[[22m^[[39m 成功下发：OTA Topic + CT-03 载荷（schema 校验）+ 15 分钟 URL + NOTIFIED + 历史 + OTA_AVAILABLE + PUBLICATION 归档 ^[[33m 348^[[2mms^[[22m^[[39m
deploy-test	UNKNOWN STEP	2026-10-06T06:26:03.4570145Z  ^[[32m✓^[[39m apps/cloud-api/test/certificate-rotate.test.ts ^[[2m(^[[22m^[[2m8 tests^[[22m^[[2m)^[[22m^[[33m 5892^[[2mms^[[22m^[[39m
deploy-test	UNKNOWN STEP	2026-10-06T06:26:03.4570975Z      ^[[33m^[[2m✓^[[22m^[[39m 缺失 CSR 不签发；AWS attach 失败保留可重试停用记录并保留旧证 ^[[33m 548^[[2mms^[[22m^[[39m
deploy-test	UNKNOWN STEP	2026-10-06T06:26:03.4571622Z      ^[[33m^[[2m✓^[[22m^[[39m 旧证书错误/跨设备拒绝：缺字段 400；与身份不符 403（含他设备证书） ^[[33m 444^[[2mms^[[22m^[[39m
deploy-test	UNKNOWN STEP	2026-10-06T06:26:03.4572205Z      ^[[33m^[[2m✓^[[22m^[[39m 响应不确定重试：撤销未确认证书并重签，不重复下发同一私钥 ^[[33m 349^[[2mms^[[22m^[[39m
deploy-test	UNKNOWN STEP	2026-10-06T06:26:03.4572773Z      ^[[33m^[[2m✓^[[22m^[[39m 部分失败（发证后 attach 失败）可重试：不建孤儿业务记录，重试成功 ^[[33m 453^[[2mms^[[22m^[[39m
deploy-test	UNKNOWN STEP	2026-10-06T06:26:03.4573522Z  ^[[32m✓^[[39m apps/cloud-api/test/device-sync.test.ts ^[[2m(^[[22m^[[2m13 tests^[[22m^[[2m)^[[22m^[[33m 3939^[[2mms^[[22m^[[39m
deploy-test	UNKNOWN STEP	2026-10-06T06:26:03.4574475Z      ^[[33m^[[2m✓^[[22m^[[39m 六域齐备：Assignment/Alias/License+签名/Device Users+验证材料/Configuration/Operational Status ^[[33m 575^[[2mms^[[22m^[[39m
deploy-test	UNKNOWN STEP	2026-10-06T06:26:03.4575370Z  ^[[32m✓^[[39m apps/cloud-api/test/csr-onboarding.test.ts ^[[2m(^[[22m^[[2m1 test^[[22m^[[2m)^[[22m^[[33m 3742^[[2mms^[[22m^[[39m
deploy-test	UNKNOWN STEP	2026-10-06T06:26:03.4576114Z      ^[[33m^[[2m✓^[[22m^[[39m 匿名申请、相同公钥幂等、换钥冲突；签名轮询拒绝重放 ^[[33m 431^[[2mms^[[22m^[[39m
deploy-test	UNKNOWN STEP	2026-10-06T06:26:03.4576794Z  ^[[32m✓^[[39m apps/cloud-api/test/device-deactivate.test.ts ^[[2m(^[[22m^[[2m11 tests^[[22m^[[2m)^[[22m^[[33m 3580^[[2mms^[[22m^[[39m
deploy-test	UNKNOWN STEP	2026-10-06T06:26:03.4577595Z  ^[[32m✓^[[39m apps/cloud-api/test/qa02-device-errors.test.ts ^[[2m(^[[22m^[[2m6 tests^[[22m^[[2m)^[[22m^[[32m 122^[[2mms^[[22m^[[39m
deploy-test	UNKNOWN STEP	2026-10-06T06:26:03.4578803Z  ^[[32m✓^[[39m apps/cloud-api/test/device-lambda-composition.test.ts ^[[2m(^[[22m^[[2m13 tests^[[22m^[[2m)^[[22m^[[32m 25^[[2mms^[[22m^[[39m
deploy-test	UNKNOWN STEP	2026-10-06T06:26:03.4579651Z  ^[[32m✓^[[39m apps/cloud-api/test/media.test.ts ^[[2m(^[[22m^[[2m12 tests^[[22m^[[2m)^[[22m^[[33m 3726^[[2mms^[[22m^[[39m
deploy-test	UNKNOWN STEP	2026-10-06T06:26:03.4580476Z  ^[[32m✓^[[39m apps/cloud-api/test/certificate-status.test.ts ^[[2m(^[[22m^[[2m8 tests^[[22m^[[2m)^[[22m^[[33m 2934^[[2mms^[[22m^[[39m
deploy-test	UNKNOWN STEP	2026-10-06T06:26:03.4580874Z 
deploy-test	UNKNOWN STEP	2026-10-06T06:26:03.4581172Z ^[[2m Test Files ^[[22m ^[[1m^[[32m10 passed^[[39m^[[22m^[[90m (10)^[[39m
deploy-test	UNKNOWN STEP	2026-10-06T06:26:03.4581665Z ^[[2m      Tests ^[[22m ^[[1m^[[32m98 passed^[[39m^[[22m^[[90m (98)^[[39m
deploy-test	UNKNOWN STEP	2026-10-06T06:26:03.4582051Z ^[[2m   Start at ^[[22m 06:25:47
deploy-test	UNKNOWN STEP	2026-10-06T06:26:03.4582646Z ^[[2m   Duration ^[[22m 15.75s^[[2m (transform 2.64s, setup 90ms, import 10.77s, tests 33.34s, environment 1ms)^[[22m
deploy-test	UNKNOWN STEP	2026-10-06T06:26:03.4583226Z 
deploy-test	UNKNOWN STEP	2026-10-06T06:26:03.4610939Z QA-02 PASS: 11 MQTT schemas, 8 device operations, 168 checked Handler responses
deploy-test	UNKNOWN STEP	2026-10-06T06:26:03.6721069Z 
deploy-test	UNKNOWN STEP	2026-10-06T06:26:03.6722176Z > food-digester-platform@0.0.0 test:iot-integration /home/runner/work/food-digester-platform/food-digester-platform
deploy-test	UNKNOWN STEP	2026-10-06T06:26:03.6723105Z > node --import tsx scripts/run-iot-integration.mjs /tmp/fdp-iot-integration-gate.json
deploy-test	UNKNOWN STEP	2026-10-06T06:26:03.6723546Z 
deploy-test	UNKNOWN STEP	2026-10-06T06:26:14.0831402Z 
deploy-test	UNKNOWN STEP	2026-10-06T06:26:14.0832630Z ^[[1m^[[30m^[[46m RUN ^[[49m^[[39m^[[22m ^[[36mv4.1.11 ^[[39m^[[90m/home/runner/work/food-digester-platform/food-digester-platform^[[39m
deploy-test	UNKNOWN STEP	2026-10-06T06:26:14.0834407Z ^[[90mstderr^[[2m | apps/ingestion-worker/test/qa03-data-path.test.ts^[[2m > ^[[22m^[[2mQA03 partial failure, quarantine retry, payload conflict and gap recovery
deploy-test	UNKNOWN STEP	2026-10-06T06:26:14.0835316Z 
deploy-test	UNKNOWN STEP	2026-10-06T06:26:14.0835590Z ^[[22m^[[39mingestion message quarantined {
deploy-test	UNKNOWN STEP	2026-10-06T06:26:14.0836005Z   event: ^[[32m'ingestion.quarantined'^[[39m,
deploy-test	UNKNOWN STEP	2026-10-06T06:26:14.0836448Z   messageId: ^[[32m'QA03-invalid-json'^[[39m,
deploy-test	UNKNOWN STEP	2026-10-06T06:26:14.0836882Z   errorType: ^[[32m'INVALID_JSON'^[[39m,
deploy-test	UNKNOWN STEP	2026-10-06T06:26:14.0837277Z   errorPath: ^[[32m'(root)'^[[39m,
deploy-test	UNKNOWN STEP	2026-10-06T06:26:14.0837721Z   reason: ^[[32m'message body is not valid JSON'^[[39m
deploy-test	UNKNOWN STEP	2026-10-06T06:26:14.0838290Z }
deploy-test	UNKNOWN STEP	2026-10-06T06:26:14.0838410Z 
deploy-test	UNKNOWN STEP	2026-10-06T06:26:14.0839216Z ^[[90mstderr^[[2m | apps/ingestion-worker/test/qa03-data-path.test.ts^[[2m > ^[[22m^[[2mQA03 partial failure, quarantine retry, payload conflict and gap recovery
deploy-test	UNKNOWN STEP	2026-10-06T06:26:14.0839991Z ^[[22m^[[39mingestion message quarantined {
deploy-test	UNKNOWN STEP	2026-10-06T06:26:14.0840416Z   event: ^[[32m'ingestion.quarantined'^[[39m,
deploy-test	UNKNOWN STEP	2026-10-06T06:26:14.0840832Z   messageId: ^[[32m'QA03-invalid-json'^[[39m,
deploy-test	UNKNOWN STEP	2026-10-06T06:26:14.0841253Z   errorType: ^[[32m'INVALID_JSON'^[[39m,
deploy-test	UNKNOWN STEP	2026-10-06T06:26:14.0841688Z   errorPath: ^[[32m'(root)'^[[39m,
deploy-test	UNKNOWN STEP	2026-10-06T06:26:14.0842110Z   reason: ^[[32m'message body is not valid JSON'^[[39m
deploy-test	UNKNOWN STEP	2026-10-06T06:26:14.0842446Z }
deploy-test	UNKNOWN STEP	2026-10-06T06:26:14.0842569Z 
deploy-test	UNKNOWN STEP	2026-10-06T06:26:14.0843367Z ^[[90mstderr^[[2m | apps/ingestion-worker/test/qa03-data-path.test.ts^[[2m > ^[[22m^[[2mQA03 partial failure, quarantine retry, payload conflict and gap recovery
deploy-test	UNKNOWN STEP	2026-10-06T06:26:14.0844085Z ^[[22m^[[39mingestion message quarantined {
deploy-test	UNKNOWN STEP	2026-10-06T06:26:14.0844449Z   event: ^[[32m'ingestion.quarantined'^[[39m,
deploy-test	UNKNOWN STEP	2026-10-06T06:26:14.0844838Z   messageId: ^[[32m'conflict'^[[39m,
deploy-test	UNKNOWN STEP	2026-10-06T06:26:14.0845187Z   errorType: ^[[32m'PAYLOAD_CONFLICT'^[[39m,
deploy-test	UNKNOWN STEP	2026-10-06T06:26:14.0845530Z   errorPath: ^[[32m'meta.seq'^[[39m,
deploy-test	UNKNOWN STEP	2026-10-06T06:26:14.0846240Z   reason: ^[[32m'receipt key QA03-B190B5CB138F-DEV0:telemetry:1 already recorded with different payload hash (security anomaly)'^[[39m,
deploy-test	UNKNOWN STEP	2026-10-06T06:26:14.0846971Z   iotTopic: ^[[32m'bnx/device/QA03-B190B5CB138F-DEV0/telemetry'^[[39m,
deploy-test	UNKNOWN STEP	2026-10-06T06:26:14.0847441Z   iotDeviceId: ^[[32m'QA03-B190B5CB138F-DEV0'^[[39m
deploy-test	UNKNOWN STEP	2026-10-06T06:26:14.0847725Z }
deploy-test	UNKNOWN STEP	2026-10-06T06:26:14.0848094Z 
deploy-test	UNKNOWN STEP	2026-10-06T06:26:14.0848804Z ^[[90mstderr^[[2m | apps/ingestion-worker/test/qa03-data-path.test.ts^[[2m > ^[[22m^[[2mQA03 partial failure, quarantine retry, payload conflict and gap recovery
deploy-test	UNKNOWN STEP	2026-10-06T06:26:14.0849492Z ^[[22m^[[39mingestion message quarantined {
deploy-test	UNKNOWN STEP	2026-10-06T06:26:14.0850109Z   event: ^[[32m'ingestion.quarantined'^[[39m,
deploy-test	UNKNOWN STEP	2026-10-06T06:26:14.0850607Z   messageId: ^[[32m'schema'^[[39m,
deploy-test	UNKNOWN STEP	2026-10-06T06:26:14.0850923Z   errorType: ^[[32m'SCHEMA_VIOLATION'^[[39m,
deploy-test	UNKNOWN STEP	2026-10-06T06:26:14.0851219Z   errorPath: ^[[32m'data.deviceStatus'^[[39m,
deploy-test	UNKNOWN STEP	2026-10-06T06:26:14.0851759Z   reason: ^[[32m'payload violates heartbeat.schema.json: 非法枚举值 "BROKEN"，允许值: ONLINE, DEGRADED, OFFLINE'^[[39m,
deploy-test	UNKNOWN STEP	2026-10-06T06:26:14.0852269Z   iotTopic: ^[[32m'bnx/device/QA03-B190B5CB138F-DEV0/heartbeat'^[[39m,
deploy-test	UNKNOWN STEP	2026-10-06T06:26:14.0852645Z   iotDeviceId: ^[[32m'QA03-B190B5CB138F-DEV0'^[[39m
deploy-test	UNKNOWN STEP	2026-10-06T06:26:14.0852887Z }
deploy-test	UNKNOWN STEP	2026-10-06T06:26:14.0852978Z 
deploy-test	UNKNOWN STEP	2026-10-06T06:26:14.0853495Z ^[[90mstderr^[[2m | apps/ingestion-worker/test/qa03-data-path.test.ts^[[2m > ^[[22m^[[2mQA03 partial failure, quarantine retry, payload conflict and gap recovery
deploy-test	UNKNOWN STEP	2026-10-06T06:26:14.0854266Z ^[[22m^[[39mingestion message quarantined {
deploy-test	UNKNOWN STEP	2026-10-06T06:26:14.0854569Z   event: ^[[32m'ingestion.quarantined'^[[39m,
deploy-test	UNKNOWN STEP	2026-10-06T06:26:14.0854849Z   messageId: ^[[32m'identity'^[[39m,
deploy-test	UNKNOWN STEP	2026-10-06T06:26:14.0855139Z   errorType: ^[[32m'IDENTITY_VIOLATION'^[[39m,
deploy-test	UNKNOWN STEP	2026-10-06T06:26:14.0855424Z   errorPath: ^[[32m'iotDeviceId'^[[39m,
deploy-test	UNKNOWN STEP	2026-10-06T06:26:14.0855770Z   reason: ^[[32m'topic device does not match certificate binding'^[[39m,
deploy-test	UNKNOWN STEP	2026-10-06T06:26:14.0856268Z   iotTopic: ^[[32m'bnx/device/QA03-B190B5CB138F-DEV0/event'^[[39m,
deploy-test	UNKNOWN STEP	2026-10-06T06:26:14.0856727Z   iotDeviceId: ^[[32m'QA03-B190B5CB138F-DEV0'^[[39m
deploy-test	UNKNOWN STEP	2026-10-06T06:26:14.0856961Z }
deploy-test	UNKNOWN STEP	2026-10-06T06:26:14.0857054Z 
deploy-test	UNKNOWN STEP	2026-10-06T06:26:14.0857594Z ^[[90mstderr^[[2m | apps/ingestion-worker/test/qa03-data-path.test.ts^[[2m > ^[[22m^[[2mQA03 archive queue outage and manifest failure converge with stable objects
deploy-test	UNKNOWN STEP	2026-10-06T06:26:14.0858839Z ^[[22m^[[39marchive validation rejected {
deploy-test	UNKNOWN STEP	2026-10-06T06:26:14.0859156Z   kind: ^[[32m'archive.validation_rejected'^[[39m,
deploy-test	UNKNOWN STEP	2026-10-06T06:26:14.0859472Z   messageId: ^[[32m'invalid-archive'^[[39m,
deploy-test	UNKNOWN STEP	2026-10-06T06:26:14.0859730Z   eventId: ^[[1mnull^[[22m,
deploy-test	UNKNOWN STEP	2026-10-06T06:26:14.0859955Z   errorPath: ^[[32m'$'^[[39m,
deploy-test	UNKNOWN STEP	2026-10-06T06:26:14.0860363Z   reason: ^[[32m"Expected property name or '}' in JSON at position 1 (line 1 column 2)"^[[39m,
deploy-test	UNKNOWN STEP	2026-10-06T06:26:14.0860723Z   rawBody: ^[[32m'{bad'^[[39m
deploy-test	UNKNOWN STEP	2026-10-06T06:26:14.0860908Z }
deploy-test	UNKNOWN STEP	2026-10-06T06:26:14.0860998Z 
deploy-test	UNKNOWN STEP	2026-10-06T06:26:14.0861419Z  ^[[32m✓^[[39m apps/ingestion-worker/test/qa03-data-path.test.ts ^[[2m(^[[22m^[[2m5 tests^[[22m^[[2m)^[[22m^[[33m 9309^[[2mms^[[22m^[[39m
deploy-test	UNKNOWN STEP	2026-10-06T06:26:14.0862137Z    ^[[33m^[[2m✓^[[22m^[[39m QA03 eight routes: business + receipts + outbox + raw archive, duplicate redelivery ^[[33m 3338^[[2mms^[[22m^[[39m
deploy-test	UNKNOWN STEP	2026-10-06T06:26:14.0862839Z    ^[[33m^[[2m✓^[[22m^[[39m QA03 partial failure, quarantine retry, payload conflict and gap recovery ^[[33m 1332^[[2mms^[[22m^[[39m
deploy-test	UNKNOWN STEP	2026-10-06T06:26:14.0863518Z    ^[[33m^[[2m✓^[[22m^[[39m QA03 archive queue outage and manifest failure converge with stable objects ^[[33m 1188^[[2mms^[[22m^[[39m
deploy-test	UNKNOWN STEP	2026-10-06T06:26:14.0864151Z    ^[[33m^[[2m✓^[[22m^[[39m QA03 business/receipt/outbox transaction rollback then retry ^[[33m 1153^[[2mms^[[22m^[[39m
deploy-test	UNKNOWN STEP	2026-10-06T06:26:14.0864780Z    ^[[33m^[[2m✓^[[22m^[[39m QA03 isolated resources are cleaned even when the scenario throws ^[[33m 2295^[[2mms^[[22m^[[39m
deploy-test	UNKNOWN STEP	2026-10-06T06:26:14.0865064Z 
deploy-test	UNKNOWN STEP	2026-10-06T06:26:14.0865293Z ^[[2m Test Files ^[[22m ^[[1m^[[32m1 passed^[[39m^[[22m^[[90m (1)^[[39m
deploy-test	UNKNOWN STEP	2026-10-06T06:26:14.0865680Z ^[[2m      Tests ^[[22m ^[[1m^[[32m5 passed^[[39m^[[22m^[[90m (5)^[[39m
deploy-test	UNKNOWN STEP	2026-10-06T06:26:14.0866000Z ^[[2m   Start at ^[[22m 06:26:03
deploy-test	UNKNOWN STEP	2026-10-06T06:26:14.0866493Z ^[[2m   Duration ^[[22m 10.08s^[[2m (transform 403ms, setup 16ms, import 671ms, tests 9.31s, environment 0ms)^[[22m
deploy-test	UNKNOWN STEP	2026-10-06T06:26:14.0866786Z 
deploy-test	UNKNOWN STEP	2026-10-06T06:26:14.3292555Z 
deploy-test	UNKNOWN STEP	2026-10-06T06:26:14.3293650Z > food-digester-platform@0.0.0 test:core-api-integration /home/runner/work/food-digester-platform/food-digester-platform
deploy-test	UNKNOWN STEP	2026-10-06T06:26:14.3294748Z > node --import tsx scripts/run-core-api-integration.mjs /tmp/fdp-core-api-integration-gate.json
deploy-test	UNKNOWN STEP	2026-10-06T06:26:14.3295268Z 
deploy-test	UNKNOWN STEP	2026-10-06T06:26:40.1581827Z ^[[90mstderr^[[2m | apps/cloud-api/test/qa04-core-api.test.ts^[[2m > ^[[22m^[[2mQA04 audit failure rolls back lifecycle/outbox; retry and replay preserve exactly one audit
deploy-test	UNKNOWN STEP	2026-10-06T06:26:40.1582479Z 
deploy-test	UNKNOWN STEP	2026-10-06T06:26:40.1583025Z ^[[1m^[[30m^[[46m RUN ^[[49m^[[39m^[[22m ^[[36mv4.1.11 ^[[39m^[[90m/home/runner/work/food-digester-platform/food-digester-platform^[[39m
deploy-test	UNKNOWN STEP	2026-10-06T06:26:40.1583422Z 
deploy-test	UNKNOWN STEP	2026-10-06T06:26:40.1583889Z  ^[[32m✓^[[39m apps/cloud-api/test/device-sync.test.ts ^[[2m(^[[22m^[[2m13 tests^[[22m^[[2m)^[[22m^[[33m 4417^[[2mms^[[22m^[[39m
deploy-test	UNKNOWN STEP	2026-10-06T06:26:40.1584881Z      ^[[33m^[[2m✓^[[22m^[[39m 六域齐备：Assignment/Alias/License+签名/Device Users+验证材料/Configuration/Operational Status ^[[33m 335^[[2mms^[[22m^[[39m
deploy-test	UNKNOWN STEP	2026-10-06T06:26:40.1585832Z  ^[[32m✓^[[39m apps/cloud-api/test/admin-command.test.ts ^[[2m(^[[22m^[[2m15 tests^[[22m^[[2m)^[[22m^[[33m 4601^[[2mms^[[22m^[[39m
deploy-test	UNKNOWN STEP	2026-10-06T06:26:40.1586514Z      ^[[33m^[[2m✓^[[22m^[[39m ACTIVE 设备：22 个命令全部创建成功并进入 AUTHORIZED ^[[33m 551^[[2mms^[[22m^[[39m
deploy-test	UNKNOWN STEP	2026-10-06T06:26:40.1587643Z      ^[[33m^[[2m✓^[[22m^[[39m SUSPENDED（云端 lifecycle）：仅 allowedStatuses 子集放行；启动处理类 DEVICE_STATE_NOT_ALLOWED ^[[33m 314^[[2mms^[[22m^[[39m
deploy-test	UNKNOWN STEP	2026-10-06T06:26:40.1588702Z  ^[[32m✓^[[39m apps/cloud-api/test/qa04-core-api.test.ts ^[[2m(^[[22m^[[2m3 tests^[[22m^[[2m)^[[22m^[[33m 8658^[[2mms^[[22m^[[39m
deploy-test	UNKNOWN STEP	2026-10-06T06:26:40.1589560Z    ^[[33m^[[2m✓^[[22m^[[39m QA04 five roles, two tenants: read scope, mutation and audit boundaries ^[[33m 4117^[[2mms^[[22m^[[39m
deploy-test	UNKNOWN STEP	2026-10-06T06:26:40.1590414Z    ^[[33m^[[2m✓^[[22m^[[39m QA04 concurrent If-Match writes have one winner and one success audit ^[[33m 2180^[[2mms^[[22m^[[39m
deploy-test	UNKNOWN STEP	2026-10-06T06:26:40.1591342Z    ^[[33m^[[2m✓^[[22m^[[39m QA04 audit failure rolls back lifecycle/outbox; retry and replay preserve exactly one audit ^[[33m 2355^[[2mms^[[22m^[[39m
deploy-test	UNKNOWN STEP	2026-10-06T06:26:40.1592335Z ^[[22m^[[39maudit FAILURE 记录写入失败 Error [PrismaClientKnownRequestError]: 
deploy-test	UNKNOWN STEP	2026-10-06T06:26:40.1592802Z Invalid `client.auditLog.create()` invocation in
deploy-test	UNKNOWN STEP	2026-10-06T06:26:40.1593430Z /home/runner/work/food-digester-platform/food-digester-platform/packages/database/src/audit.ts:72:25
deploy-test	UNKNOWN STEP	2026-10-06T06:26:40.1593832Z 
deploy-test	UNKNOWN STEP	2026-10-06T06:26:40.1594076Z   69 /** 写一条审计记录。可在事务内（tx）或根 client 上调用。 */
deploy-test	UNKNOWN STEP	2026-10-06T06:26:40.1594553Z   70 export async function recordAudit(client: DbClient, entry: AuditEntry): Promise<void> {
deploy-test	UNKNOWN STEP	2026-10-06T06:26:40.1595035Z   71   const ctx = getRequestContext();
deploy-test	UNKNOWN STEP	2026-10-06T06:26:40.1595402Z → 72   await client.auditLog.create(
deploy-test	UNKNOWN STEP	2026-10-06T06:26:40.1595775Z Database error. Code: `P0001`. Message: `QA04 audit unavailable`
deploy-test	UNKNOWN STEP	2026-10-06T06:26:40.1596700Z     at redactSensitive ^[[90m(/home/runner/work/food-digester-platform/food-digester-platform/^[[39mpackages/observability/src/redaction.ts:43:19^[[90m)^[[39m
deploy-test	UNKNOWN STEP	2026-10-06T06:26:40.1597411Z     at Array.map (<anonymous>)
deploy-test	UNKNOWN STEP	2026-10-06T06:26:40.1598648Z     at Object.error ^[[90m(/home/runner/work/food-digester-platform/food-digester-platform/^[[39mpackages/observability/src/redaction.ts:70:18^[[90m)^[[39m
deploy-test	UNKNOWN STEP	2026-10-06T06:26:40.1599843Z     at audited ^[[90m(/home/runner/work/food-digester-platform/food-digester-platform/^[[39mpackages/database/src/audit.ts:144:14^[[90m)^[[39m
deploy-test	UNKNOWN STEP	2026-10-06T06:26:40.1600787Z ^[[90m    at processTicksAndRejections (node:internal/process/task_queues:103:5)^[[39m
deploy-test	UNKNOWN STEP	2026-10-06T06:26:40.1601666Z     at ^[[90m/home/runner/work/food-digester-platform/food-digester-platform/^[[39mapps/cloud-api/src/admin/device-status/handler.ts:79:20
deploy-test	UNKNOWN STEP	2026-10-06T06:26:40.1602681Z     at ^[[90m/home/runner/work/food-digester-platform/food-digester-platform/^[[39mapps/cloud-api/src/admin/device-status/handler.ts:104:16
deploy-test	UNKNOWN STEP	2026-10-06T06:26:40.1603724Z     at Object.suspend ^[[90m(/home/runner/work/food-digester-platform/food-digester-platform/^[[39mapps/cloud-api/test/qa04-observe.ts:18:28^[[90m)^[[39m
deploy-test	UNKNOWN STEP	2026-10-06T06:26:40.1604686Z     at ^[[90m/home/runner/work/food-digester-platform/food-digester-platform/^[[39mapps/cloud-api/test/qa04-core-api.test.ts:193:20
deploy-test	UNKNOWN STEP	2026-10-06T06:26:40.1605733Z     at withFixture ^[[90m(/home/runner/work/food-digester-platform/food-digester-platform/^[[39mapps/cloud-api/test/qa04-core-api.test.ts:50:13^[[90m)^[[39m
deploy-test	UNKNOWN STEP	2026-10-06T06:26:40.1606273Z 
deploy-test	UNKNOWN STEP	2026-10-06T06:26:40.1606793Z  ^[[32m✓^[[39m apps/cloud-api/test/admin-consumable-request.test.ts ^[[2m(^[[22m^[[2m8 tests^[[22m^[[2m)^[[22m^[[33m 4011^[[2mms^[[22m^[[39m
deploy-test	UNKNOWN STEP	2026-10-06T06:26:40.1607546Z      ^[[33m^[[2m✓^[[22m^[[39m 创建→处理→完成；每步状态/处理人/备注/完成时间/审计 ^[[33m 347^[[2mms^[[22m^[[39m
deploy-test	UNKNOWN STEP	2026-10-06T06:26:40.1608442Z  ^[[32m✓^[[39m apps/cloud-api/test/admin-contract-device.test.ts ^[[2m(^[[22m^[[2m8 tests^[[22m^[[2m)^[[22m^[[33m 3938^[[2mms^[[22m^[[39m
deploy-test	UNKNOWN STEP	2026-10-06T06:26:40.1609324Z  ^[[32m✓^[[39m apps/cloud-api/test/admin-device-assignment.test.ts ^[[2m(^[[22m^[[2m9 tests^[[22m^[[2m)^[[22m^[[33m 3880^[[2mms^[[22m^[[39m
deploy-test	UNKNOWN STEP	2026-10-06T06:26:40.1610219Z  ^[[32m✓^[[39m apps/cloud-api/test/admin-onboarding.test.ts ^[[2m(^[[22m^[[2m13 tests^[[22m^[[2m)^[[22m^[[33m 3866^[[2mms^[[22m^[[39m
deploy-test	UNKNOWN STEP	2026-10-06T06:26:40.1611116Z  ^[[32m✓^[[39m apps/cloud-api/test/admin-license.test.ts ^[[2m(^[[22m^[[2m11 tests^[[22m^[[2m)^[[22m^[[33m 4115^[[2mms^[[22m^[[39m
deploy-test	UNKNOWN STEP	2026-10-06T06:26:40.1611951Z      ^[[33m^[[2m✓^[[22m^[[39m 完整链路：每步状态/签名/历史/审计/通知各一次 ^[[33m 384^[[2mms^[[22m^[[39m
deploy-test	UNKNOWN STEP	2026-10-06T06:26:40.1612578Z  ^[[32m✓^[[39m apps/cloud-api/test/admin-audit.test.ts ^[[2m(^[[22m^[[2m7 tests^[[22m^[[2m)^[[22m^[[33m 3831^[[2mms^[[22m^[[39m
deploy-test	UNKNOWN STEP	2026-10-06T06:26:40.1613222Z  ^[[32m✓^[[39m apps/cloud-api/test/admin-alarm.test.ts ^[[2m(^[[22m^[[2m10 tests^[[22m^[[2m)^[[22m^[[33m 4085^[[2mms^[[22m^[[39m
deploy-test	UNKNOWN STEP	2026-10-06T06:26:40.1613962Z  ^[[32m✓^[[39m apps/cloud-api/test/admin-device-status.test.ts ^[[2m(^[[22m^[[2m8 tests^[[22m^[[2m)^[[22m^[[33m 3834^[[2mms^[[22m^[[39m
deploy-test	UNKNOWN STEP	2026-10-06T06:26:40.1614804Z  ^[[32m✓^[[39m apps/cloud-api/test/admin-contract.test.ts ^[[2m(^[[22m^[[2m9 tests^[[22m^[[2m)^[[22m^[[33m 3902^[[2mms^[[22m^[[39m
deploy-test	UNKNOWN STEP	2026-10-06T06:26:40.1615642Z  ^[[32m✓^[[39m apps/cloud-api/test/admin-esg.test.ts ^[[2m(^[[22m^[[2m10 tests^[[22m^[[2m)^[[22m^[[33m 3916^[[2mms^[[22m^[[39m
deploy-test	UNKNOWN STEP	2026-10-06T06:26:40.1616531Z  ^[[32m✓^[[39m apps/cloud-api/test/admin-device-retirement.test.ts ^[[2m(^[[22m^[[2m7 tests^[[22m^[[2m)^[[22m^[[33m 3666^[[2mms^[[22m^[[39m
deploy-test	UNKNOWN STEP	2026-10-06T06:26:40.1616994Z 
deploy-test	UNKNOWN STEP	2026-10-06T06:26:40.1617264Z ^[[2m Test Files ^[[22m ^[[1m^[[32m14 passed^[[39m^[[22m^[[90m (14)^[[39m
deploy-test	UNKNOWN STEP	2026-10-06T06:26:40.1617739Z ^[[2m      Tests ^[[22m ^[[1m^[[32m131 passed^[[39m^[[22m^[[90m (131)^[[39m
deploy-test	UNKNOWN STEP	2026-10-06T06:26:40.1618733Z ^[[2m   Start at ^[[22m 06:26:14
deploy-test	UNKNOWN STEP	2026-10-06T06:26:40.1619319Z ^[[2m   Duration ^[[22m 25.46s^[[2m (transform 2.57s, setup 269ms, import 12.23s, tests 60.72s, environment 1ms)^[[22m
deploy-test	UNKNOWN STEP	2026-10-06T06:26:40.1619681Z 
deploy-test	UNKNOWN STEP	2026-10-06T06:26:40.1619909Z JSON report written to /tmp/qa04-core-api-8W0EM2/vitest.json
deploy-test	UNKNOWN STEP	2026-10-06T06:26:40.3834702Z 
deploy-test	UNKNOWN STEP	2026-10-06T06:26:40.3835850Z > food-digester-platform@0.0.0 test:admin-e2e-suite /home/runner/work/food-digester-platform/food-digester-platform
deploy-test	UNKNOWN STEP	2026-10-06T06:26:40.3836684Z > node scripts/run-admin-e2e.mjs /tmp/fdp-admin-e2e-gate.json
deploy-test	UNKNOWN STEP	2026-10-06T06:26:40.3837249Z 
deploy-test	UNKNOWN STEP	2026-10-06T06:26:40.8284805Z QA05 phase=serial executions=36 workers=1 timeoutMs=660000
deploy-test	UNKNOWN STEP	2026-10-06T06:29:03.6606295Z 
deploy-test	UNKNOWN STEP	2026-10-06T06:29:03.6606322Z 
deploy-test	UNKNOWN STEP	2026-10-06T06:29:03.6606718Z Running 36 tests using 1 worker
deploy-test	UNKNOWN STEP	2026-10-06T06:29:03.6606944Z 
deploy-test	UNKNOWN STEP	2026-10-06T06:29:03.6607597Z [1/36] e2e/admin-web.spec.ts:15:1 › H-01 API 拒绝停用会话后清除浏览器会话并返回登录
deploy-test	UNKNOWN STEP	2026-10-06T06:29:03.6608336Z [2/36] e2e/admin-web.spec.ts:42:1 › M-01 CustomerViewer 从菜单查询设备用户详情，全部写入口隐藏
deploy-test	UNKNOWN STEP	2026-10-06T06:29:03.6608953Z [3/36] e2e/admin-web.spec.ts:88:1 › 无 Token 安全回登录；五角色菜单和受限路由均由组合根守卫
deploy-test	UNKNOWN STEP	2026-10-06T06:29:03.6609413Z [WebServer] [plugin builtin:vite-reporter] 
deploy-test	UNKNOWN STEP	2026-10-06T06:29:03.6609866Z [WebServer] (!) Some chunks are larger than 500 kB after minification. Consider:
deploy-test	UNKNOWN STEP	2026-10-06T06:29:03.6610371Z [WebServer] - Using dynamic import() to code-split the application
deploy-test	UNKNOWN STEP	2026-10-06T06:29:03.6611124Z [WebServer] - Use build.rolldownOptions.output.codeSplitting to improve chunking: https://rolldown.rs/reference/OutputOptions.codeSplitting
deploy-test	UNKNOWN STEP	2026-10-06T06:29:03.6611910Z [WebServer] - Adjust chunk size limit for this warning via build.chunkSizeWarningLimit.
deploy-test	UNKNOWN STEP	2026-10-06T06:29:03.6612581Z [4/36] e2e/admin-web.spec.ts:116:1 › 刷新失败清会话，API 403 保留会话并呈现无权
deploy-test	UNKNOWN STEP	2026-10-06T06:29:03.6613207Z [5/36] e2e/admin-web.spec.ts:138:1 › Customer scope 与 Dashboard 离线/无 entitlement 动作在真实浏览器失败关闭
deploy-test	UNKNOWN STEP	2026-10-06T06:29:03.6614167Z [6/36] e2e/admin-web.spec.ts:175:1 › Onboarding 审批双击只提交一次，展示录入来源和证书状态
deploy-test	UNKNOWN STEP	2026-10-06T06:29:03.6614765Z [7/36] e2e/admin-web.spec.ts:220:1 › Customer/Site CRUD 关键路径：创建、非法时区、关联停用提示与 409
deploy-test	UNKNOWN STEP	2026-10-06T06:29:03.6615324Z [8/36] e2e/admin-web.spec.ts:343:1 › 1440/768/375 响应式布局、横向表格和对话框键盘边界
deploy-test	UNKNOWN STEP	2026-10-06T06:29:03.6615933Z [9/36] e2e/admin-web.spec.ts:429:1 › FE-06 至 FE-10 六个生产路由可运行，并覆盖成功、空态、分页入口、时区与响应式
deploy-test	UNKNOWN STEP	2026-10-06T06:29:03.6616650Z [10/36] e2e/admin-web.spec.ts:471:1 › FE-06 至 FE-10 在 403/404、Customer scope、详情焦点与重复提交场景失败关闭
deploy-test	UNKNOWN STEP	2026-10-06T06:29:03.6617325Z [11/36] e2e/admin-web.spec.ts:547:1 › FE-11 至 FE-15 七个生产路由由真实控制器驱动，并覆盖媒体签发与审计详情
deploy-test	UNKNOWN STEP	2026-10-06T06:29:03.6618226Z [12/36] e2e/admin-web.spec.ts:611:1 › FE-11 至 FE-15 API 403 与路由角色边界在真实浏览器失败关闭
deploy-test	UNKNOWN STEP	2026-10-06T06:29:03.6618828Z [13/36] e2e/admin-web.spec.ts:628:1 › FE-17 新建权限与零设备第二阶段在真实浏览器失败关闭
deploy-test	UNKNOWN STEP	2026-10-06T06:29:03.6619457Z [14/36] e2e/admin-web.spec.ts:699:1 › FE-18 Chromium 覆盖 unknown/stale、联系人按需零预载与申请状态机
deploy-test	UNKNOWN STEP	2026-10-06T06:29:03.6620133Z [15/36] e2e/admin-web.spec.ts:803:1 › FE-16 Chromium 覆盖邀请、角色、Scope、重置与设置 409 回源
deploy-test	UNKNOWN STEP	2026-10-06T06:29:03.6620790Z [16/36] e2e/admin-web.spec.ts:927:1 › FE-17 Chromium 覆盖绑定、解绑、续约与终止并保留 License 边界
deploy-test	UNKNOWN STEP	2026-10-06T06:29:03.6621408Z [17/36] e2e/admin-web.spec.ts:1102:5 › FE-19 Chromium 22 个生产路由：zh-CN / 375px
deploy-test	UNKNOWN STEP	2026-10-06T06:29:03.6622010Z [18/36] e2e/admin-web.spec.ts:1102:5 › FE-19 Chromium 22 个生产路由：zh-CN / 768px
deploy-test	UNKNOWN STEP	2026-10-06T06:29:03.6622623Z [19/36] e2e/admin-web.spec.ts:1102:5 › FE-19 Chromium 22 个生产路由：zh-CN / 1440px
deploy-test	UNKNOWN STEP	2026-10-06T06:29:03.6623175Z [20/36] e2e/admin-web.spec.ts:1102:5 › FE-19 Chromium 22 个生产路由：en / 375px
deploy-test	UNKNOWN STEP	2026-10-06T06:29:03.6623733Z [21/36] e2e/admin-web.spec.ts:1102:5 › FE-19 Chromium 22 个生产路由：en / 768px
deploy-test	UNKNOWN STEP	2026-10-06T06:29:03.6624486Z [22/36] e2e/admin-web.spec.ts:1102:5 › FE-19 Chromium 22 个生产路由：en / 1440px
deploy-test	UNKNOWN STEP	2026-10-06T06:29:03.6624987Z [23/36] e2e/admin-web.spec.ts:1123:1 › FE-19 语言选择在刷新后保持
deploy-test	UNKNOWN STEP	2026-10-06T06:29:03.6625523Z [24/36] e2e/admin-web.spec.ts:1135:1 › QA-09 设备管理长别名和序列号在375px完整换行且不裁切
deploy-test	UNKNOWN STEP	2026-10-06T06:29:03.6626178Z [25/36] e2e/qa05-workflows.spec.ts:33:3 › QA05 role route and button matrix PlatformSuperAdmin
deploy-test	UNKNOWN STEP	2026-10-06T06:29:03.6626857Z [26/36] e2e/qa05-workflows.spec.ts:33:3 › QA05 role route and button matrix PlatformOperator
deploy-test	UNKNOWN STEP	2026-10-06T06:29:03.6627498Z [27/36] e2e/qa05-workflows.spec.ts:33:3 › QA05 role route and button matrix Auditor
deploy-test	UNKNOWN STEP	2026-10-06T06:29:03.6628449Z [28/36] e2e/qa05-workflows.spec.ts:33:3 › QA05 role route and button matrix CustomerAdmin
deploy-test	UNKNOWN STEP	2026-10-06T06:29:03.6629116Z [29/36] e2e/qa05-workflows.spec.ts:33:3 › QA05 role route and button matrix CustomerViewer
deploy-test	UNKNOWN STEP	2026-10-06T06:29:03.6629861Z [30/36] e2e/qa05-workflows.spec.ts:80:1 › QA05 login SRP MFA error success logout without persisting password
deploy-test	UNKNOWN STEP	2026-10-06T06:29:03.6630661Z [31/36] e2e/qa05-workflows.spec.ts:146:1 › QA05 ESG cursor totals export snapshot timezone and empty state
deploy-test	UNKNOWN STEP	2026-10-06T06:29:03.6631471Z [32/36] e2e/qa05-workflows.spec.ts:216:1 › QA05 Command dangerous confirmation terminal result and publish failure
deploy-test	UNKNOWN STEP	2026-10-06T06:29:03.6632302Z [33/36] e2e/qa05-workflows.spec.ts:271:1 › QA05 Media expiry renew 403 and audit read-only zero writes
deploy-test	UNKNOWN STEP	2026-10-06T06:29:03.6632975Z [34/36] e2e/ui-redesign.spec.ts:12:3 › UI redesign: all business routes at 1366x768
deploy-test	UNKNOWN STEP	2026-10-06T06:29:03.6633604Z [35/36] e2e/ui-redesign.spec.ts:12:3 › UI redesign: all business routes at 1440x900
deploy-test	UNKNOWN STEP	2026-10-06T06:29:03.6634291Z [36/36] e2e/ui-redesign.spec.ts:12:3 › UI redesign: all business routes at 1920x1080
deploy-test	UNKNOWN STEP	2026-10-06T06:29:03.6634755Z   36 passed (2.4m)
deploy-test	UNKNOWN STEP	2026-10-06T06:29:03.6635054Z QA05 phase=serial durationMs=142832
deploy-test	UNKNOWN STEP	2026-10-06T06:29:03.6663303Z QA05 phase=parallel-repeat executions=72 workers=2 timeoutMs=660000
deploy-test	UNKNOWN STEP	2026-10-06T06:32:06.8686258Z [WebServer] [plugin builtin:vite-reporter] 
deploy-test	UNKNOWN STEP	2026-10-06T06:32:06.8686732Z [WebServer] (!) Some chunks are larger than 500 kB after minification. Consider:
deploy-test	UNKNOWN STEP	2026-10-06T06:32:06.8687136Z [WebServer] - Using dynamic import() to code-split the application
deploy-test	UNKNOWN STEP	2026-10-06T06:32:06.8688200Z [WebServer] - Use build.rolldownOptions.output.codeSplitting to improve chunking: https://rolldown.rs/reference/OutputOptions.codeSplitting
deploy-test	UNKNOWN STEP	2026-10-06T06:32:06.8688961Z [WebServer] - Adjust chunk size limit for this warning via build.chunkSizeWarningLimit.
deploy-test	UNKNOWN STEP	2026-10-06T06:32:06.8689277Z 
deploy-test	UNKNOWN STEP	2026-10-06T06:32:06.8689284Z 
deploy-test	UNKNOWN STEP	2026-10-06T06:32:06.8689398Z Running 72 tests using 2 workers
deploy-test	UNKNOWN STEP	2026-10-06T06:32:06.8689514Z 
deploy-test	UNKNOWN STEP	2026-10-06T06:32:06.8690074Z [1/72] e2e/admin-web.spec.ts:15:1 › H-01 API 拒绝停用会话后清除浏览器会话并返回登录
deploy-test	UNKNOWN STEP	2026-10-06T06:32:06.8690512Z [2/72] e2e/admin-web.spec.ts:42:1 › M-01 CustomerViewer 从菜单查询设备用户详情，全部写入口隐藏
deploy-test	UNKNOWN STEP	2026-10-06T06:32:06.8690941Z [3/72] e2e/admin-web.spec.ts:88:1 › 无 Token 安全回登录；五角色菜单和受限路由均由组合根守卫
deploy-test	UNKNOWN STEP	2026-10-06T06:32:06.8691328Z [4/72] e2e/admin-web.spec.ts:116:1 › 刷新失败清会话，API 403 保留会话并呈现无权
deploy-test	UNKNOWN STEP	2026-10-06T06:32:06.8691915Z [5/72] e2e/admin-web.spec.ts:138:1 › Customer scope 与 Dashboard 离线/无 entitlement 动作在真实浏览器失败关闭
deploy-test	UNKNOWN STEP	2026-10-06T06:32:06.8692377Z [6/72] e2e/admin-web.spec.ts:175:1 › Onboarding 审批双击只提交一次，展示录入来源和证书状态
deploy-test	UNKNOWN STEP	2026-10-06T06:32:06.8692824Z [7/72] e2e/admin-web.spec.ts:220:1 › Customer/Site CRUD 关键路径：创建、非法时区、关联停用提示与 409
deploy-test	UNKNOWN STEP	2026-10-06T06:32:06.8693238Z [8/72] e2e/admin-web.spec.ts:343:1 › 1440/768/375 响应式布局、横向表格和对话框键盘边界
deploy-test	UNKNOWN STEP	2026-10-06T06:32:06.8693669Z [9/72] e2e/admin-web.spec.ts:429:1 › FE-06 至 FE-10 六个生产路由可运行，并覆盖成功、空态、分页入口、时区与响应式
deploy-test	UNKNOWN STEP	2026-10-06T06:32:06.8694153Z [10/72] e2e/admin-web.spec.ts:471:1 › FE-06 至 FE-10 在 403/404、Customer scope、详情焦点与重复提交场景失败关闭
deploy-test	UNKNOWN STEP	2026-10-06T06:32:06.8694613Z [11/72] e2e/admin-web.spec.ts:547:1 › FE-11 至 FE-15 七个生产路由由真实控制器驱动，并覆盖媒体签发与审计详情
deploy-test	UNKNOWN STEP	2026-10-06T06:32:06.8695034Z [12/72] e2e/admin-web.spec.ts:611:1 › FE-11 至 FE-15 API 403 与路由角色边界在真实浏览器失败关闭
deploy-test	UNKNOWN STEP	2026-10-06T06:32:06.8695426Z [13/72] e2e/admin-web.spec.ts:628:1 › FE-17 新建权限与零设备第二阶段在真实浏览器失败关闭
deploy-test	UNKNOWN STEP	2026-10-06T06:32:06.8695854Z [14/72] e2e/admin-web.spec.ts:699:1 › FE-18 Chromium 覆盖 unknown/stale、联系人按需零预载与申请状态机
deploy-test	UNKNOWN STEP	2026-10-06T06:32:06.8696322Z [15/72] e2e/admin-web.spec.ts:803:1 › FE-16 Chromium 覆盖邀请、角色、Scope、重置与设置 409 回源
deploy-test	UNKNOWN STEP	2026-10-06T06:32:06.8696748Z [16/72] e2e/admin-web.spec.ts:927:1 › FE-17 Chromium 覆盖绑定、解绑、续约与终止并保留 License 边界
deploy-test	UNKNOWN STEP	2026-10-06T06:32:06.8697175Z [17/72] e2e/admin-web.spec.ts:1102:5 › FE-19 Chromium 22 个生产路由：zh-CN / 375px
deploy-test	UNKNOWN STEP	2026-10-06T06:32:06.8697590Z [18/72] e2e/admin-web.spec.ts:1102:5 › FE-19 Chromium 22 个生产路由：zh-CN / 768px
deploy-test	UNKNOWN STEP	2026-10-06T06:32:06.8698264Z [19/72] e2e/admin-web.spec.ts:1102:5 › FE-19 Chromium 22 个生产路由：zh-CN / 1440px
deploy-test	UNKNOWN STEP	2026-10-06T06:32:06.8698731Z [20/72] e2e/admin-web.spec.ts:1102:5 › FE-19 Chromium 22 个生产路由：en / 375px
deploy-test	UNKNOWN STEP	2026-10-06T06:32:06.8699320Z [21/72] e2e/admin-web.spec.ts:1102:5 › FE-19 Chromium 22 个生产路由：en / 768px
deploy-test	UNKNOWN STEP	2026-10-06T06:32:06.8699755Z [22/72] e2e/admin-web.spec.ts:1102:5 › FE-19 Chromium 22 个生产路由：en / 1440px
deploy-test	UNKNOWN STEP	2026-10-06T06:32:06.8700131Z [23/72] e2e/admin-web.spec.ts:1123:1 › FE-19 语言选择在刷新后保持
deploy-test	UNKNOWN STEP	2026-10-06T06:32:06.8700535Z [24/72] e2e/admin-web.spec.ts:1135:1 › QA-09 设备管理长别名和序列号在375px完整换行且不裁切
deploy-test	UNKNOWN STEP	2026-10-06T06:32:06.8701058Z [25/72] e2e/qa05-workflows.spec.ts:33:3 › QA05 role route and button matrix PlatformSuperAdmin
deploy-test	UNKNOWN STEP	2026-10-06T06:32:06.8701570Z [26/72] e2e/qa05-workflows.spec.ts:33:3 › QA05 role route and button matrix PlatformOperator
deploy-test	UNKNOWN STEP	2026-10-06T06:32:06.8702144Z [27/72] e2e/qa05-workflows.spec.ts:33:3 › QA05 role route and button matrix Auditor
deploy-test	UNKNOWN STEP	2026-10-06T06:32:06.8702614Z [28/72] e2e/qa05-workflows.spec.ts:33:3 › QA05 role route and button matrix CustomerAdmin
deploy-test	UNKNOWN STEP	2026-10-06T06:32:06.8703096Z [29/72] e2e/qa05-workflows.spec.ts:33:3 › QA05 role route and button matrix CustomerViewer
deploy-test	UNKNOWN STEP	2026-10-06T06:32:06.8703621Z [30/72] e2e/qa05-workflows.spec.ts:80:1 › QA05 login SRP MFA error success logout without persisting password
deploy-test	UNKNOWN STEP	2026-10-06T06:32:06.8704189Z [31/72] e2e/qa05-workflows.spec.ts:146:1 › QA05 ESG cursor totals export snapshot timezone and empty state
deploy-test	UNKNOWN STEP	2026-10-06T06:32:06.8704775Z [32/72] e2e/qa05-workflows.spec.ts:216:1 › QA05 Command dangerous confirmation terminal result and publish failure
deploy-test	UNKNOWN STEP	2026-10-06T06:32:06.8705406Z [33/72] e2e/qa05-workflows.spec.ts:271:1 › QA05 Media expiry renew 403 and audit read-only zero writes
deploy-test	UNKNOWN STEP	2026-10-06T06:32:06.8705890Z [34/72] e2e/ui-redesign.spec.ts:12:3 › UI redesign: all business routes at 1366x768
deploy-test	UNKNOWN STEP	2026-10-06T06:32:06.8706343Z [35/72] e2e/ui-redesign.spec.ts:12:3 › UI redesign: all business routes at 1440x900
deploy-test	UNKNOWN STEP	2026-10-06T06:32:06.8706780Z [36/72] e2e/ui-redesign.spec.ts:12:3 › UI redesign: all business routes at 1920x1080
deploy-test	UNKNOWN STEP	2026-10-06T06:32:06.8707239Z [37/72] e2e/admin-web.spec.ts:15:1 › H-01 API 拒绝停用会话后清除浏览器会话并返回登录
deploy-test	UNKNOWN STEP	2026-10-06T06:32:06.8707647Z [38/72] e2e/admin-web.spec.ts:42:1 › M-01 CustomerViewer 从菜单查询设备用户详情，全部写入口隐藏
deploy-test	UNKNOWN STEP	2026-10-06T06:32:06.8708200Z [39/72] e2e/admin-web.spec.ts:88:1 › 无 Token 安全回登录；五角色菜单和受限路由均由组合根守卫
deploy-test	UNKNOWN STEP	2026-10-06T06:32:06.8708599Z [40/72] e2e/admin-web.spec.ts:116:1 › 刷新失败清会话，API 403 保留会话并呈现无权
deploy-test	UNKNOWN STEP	2026-10-06T06:32:06.8709055Z [41/72] e2e/admin-web.spec.ts:138:1 › Customer scope 与 Dashboard 离线/无 entitlement 动作在真实浏览器失败关闭
deploy-test	UNKNOWN STEP	2026-10-06T06:32:06.8709583Z [42/72] e2e/admin-web.spec.ts:175:1 › Onboarding 审批双击只提交一次，展示录入来源和证书状态
deploy-test	UNKNOWN STEP	2026-10-06T06:32:06.8710161Z [43/72] e2e/admin-web.spec.ts:220:1 › Customer/Site CRUD 关键路径：创建、非法时区、关联停用提示与 409
deploy-test	UNKNOWN STEP	2026-10-06T06:32:06.8710736Z [44/72] e2e/admin-web.spec.ts:343:1 › 1440/768/375 响应式布局、横向表格和对话框键盘边界
deploy-test	UNKNOWN STEP	2026-10-06T06:32:06.8711308Z [45/72] e2e/admin-web.spec.ts:429:1 › FE-06 至 FE-10 六个生产路由可运行，并覆盖成功、空态、分页入口、时区与响应式
deploy-test	UNKNOWN STEP	2026-10-06T06:32:06.8711980Z [46/72] e2e/admin-web.spec.ts:471:1 › FE-06 至 FE-10 在 403/404、Customer scope、详情焦点与重复提交场景失败关闭
deploy-test	UNKNOWN STEP	2026-10-06T06:32:06.8712475Z [47/72] e2e/admin-web.spec.ts:547:1 › FE-11 至 FE-15 七个生产路由由真实控制器驱动，并覆盖媒体签发与审计详情
deploy-test	UNKNOWN STEP	2026-10-06T06:32:06.8712891Z [48/72] e2e/admin-web.spec.ts:611:1 › FE-11 至 FE-15 API 403 与路由角色边界在真实浏览器失败关闭
deploy-test	UNKNOWN STEP	2026-10-06T06:32:06.8713287Z [49/72] e2e/admin-web.spec.ts:628:1 › FE-17 新建权限与零设备第二阶段在真实浏览器失败关闭
deploy-test	UNKNOWN STEP	2026-10-06T06:32:06.8713697Z [50/72] e2e/admin-web.spec.ts:699:1 › FE-18 Chromium 覆盖 unknown/stale、联系人按需零预载与申请状态机
deploy-test	UNKNOWN STEP	2026-10-06T06:32:06.8714150Z [51/72] e2e/admin-web.spec.ts:803:1 › FE-16 Chromium 覆盖邀请、角色、Scope、重置与设置 409 回源
deploy-test	UNKNOWN STEP	2026-10-06T06:32:06.8714581Z [52/72] e2e/admin-web.spec.ts:927:1 › FE-17 Chromium 覆盖绑定、解绑、续约与终止并保留 License 边界
deploy-test	UNKNOWN STEP	2026-10-06T06:32:06.8714994Z [53/72] e2e/admin-web.spec.ts:1102:5 › FE-19 Chromium 22 个生产路由：zh-CN / 375px
deploy-test	UNKNOWN STEP	2026-10-06T06:32:06.8715489Z [54/72] e2e/admin-web.spec.ts:1102:5 › FE-19 Chromium 22 个生产路由：zh-CN / 768px
deploy-test	UNKNOWN STEP	2026-10-06T06:32:06.8715907Z [55/72] e2e/admin-web.spec.ts:1102:5 › FE-19 Chromium 22 个生产路由：zh-CN / 1440px
deploy-test	UNKNOWN STEP	2026-10-06T06:32:06.8716301Z [56/72] e2e/admin-web.spec.ts:1102:5 › FE-19 Chromium 22 个生产路由：en / 375px
deploy-test	UNKNOWN STEP	2026-10-06T06:32:06.8716692Z [57/72] e2e/admin-web.spec.ts:1102:5 › FE-19 Chromium 22 个生产路由：en / 768px
deploy-test	UNKNOWN STEP	2026-10-06T06:32:06.8717091Z [58/72] e2e/admin-web.spec.ts:1102:5 › FE-19 Chromium 22 个生产路由：en / 1440px
deploy-test	UNKNOWN STEP	2026-10-06T06:32:06.8717450Z [59/72] e2e/admin-web.spec.ts:1123:1 › FE-19 语言选择在刷新后保持
deploy-test	UNKNOWN STEP	2026-10-06T06:32:06.8717978Z [60/72] e2e/admin-web.spec.ts:1135:1 › QA-09 设备管理长别名和序列号在375px完整换行且不裁切
deploy-test	UNKNOWN STEP	2026-10-06T06:32:06.8718509Z [61/72] e2e/qa05-workflows.spec.ts:33:3 › QA05 role route and button matrix PlatformSuperAdmin
deploy-test	UNKNOWN STEP	2026-10-06T06:32:06.8719011Z [62/72] e2e/qa05-workflows.spec.ts:33:3 › QA05 role route and button matrix PlatformOperator
deploy-test	UNKNOWN STEP	2026-10-06T06:32:06.8719486Z [63/72] e2e/qa05-workflows.spec.ts:33:3 › QA05 role route and button matrix Auditor
deploy-test	UNKNOWN STEP	2026-10-06T06:32:06.8719953Z [64/72] e2e/qa05-workflows.spec.ts:33:3 › QA05 role route and button matrix CustomerAdmin
deploy-test	UNKNOWN STEP	2026-10-06T06:32:06.8720428Z [65/72] e2e/qa05-workflows.spec.ts:33:3 › QA05 role route and button matrix CustomerViewer
deploy-test	UNKNOWN STEP	2026-10-06T06:32:06.8720957Z [66/72] e2e/qa05-workflows.spec.ts:80:1 › QA05 login SRP MFA error success logout without persisting password
deploy-test	UNKNOWN STEP	2026-10-06T06:32:06.8721529Z [67/72] e2e/qa05-workflows.spec.ts:146:1 › QA05 ESG cursor totals export snapshot timezone and empty state
deploy-test	UNKNOWN STEP	2026-10-06T06:32:06.8722151Z [68/72] e2e/qa05-workflows.spec.ts:216:1 › QA05 Command dangerous confirmation terminal result and publish failure
deploy-test	UNKNOWN STEP	2026-10-06T06:32:06.8722786Z [69/72] e2e/qa05-workflows.spec.ts:271:1 › QA05 Media expiry renew 403 and audit read-only zero writes
deploy-test	UNKNOWN STEP	2026-10-06T06:32:06.8723277Z [70/72] e2e/ui-redesign.spec.ts:12:3 › UI redesign: all business routes at 1366x768
deploy-test	UNKNOWN STEP	2026-10-06T06:32:06.8723722Z [71/72] e2e/ui-redesign.spec.ts:12:3 › UI redesign: all business routes at 1440x900
deploy-test	UNKNOWN STEP	2026-10-06T06:32:06.8724163Z [72/72] e2e/ui-redesign.spec.ts:12:3 › UI redesign: all business routes at 1920x1080
deploy-test	UNKNOWN STEP	2026-10-06T06:32:06.8724458Z   72 passed (3.0m)
deploy-test	UNKNOWN STEP	2026-10-06T06:32:06.8724677Z QA05 phase=parallel-repeat durationMs=183202
deploy-test	UNKNOWN STEP	2026-10-06T06:32:07.0914292Z 
deploy-test	UNKNOWN STEP	2026-10-06T06:32:07.0915278Z > food-digester-platform@0.0.0 test:security-suite /home/runner/work/food-digester-platform/food-digester-platform
deploy-test	UNKNOWN STEP	2026-10-06T06:32:07.0916320Z > node --import tsx scripts/run-security-suite.mjs /tmp/fdp-security-gate.json
deploy-test	UNKNOWN STEP	2026-10-06T06:32:07.0916734Z 
deploy-test	UNKNOWN STEP	2026-10-06T06:32:33.4505405Z 
deploy-test	UNKNOWN STEP	2026-10-06T06:32:33.4506796Z ^[[1m^[[30m^[[46m RUN ^[[49m^[[39m^[[22m ^[[36mv4.1.11 ^[[39m^[[90m/home/runner/work/food-digester-platform/food-digester-platform^[[39m
deploy-test	UNKNOWN STEP	2026-10-06T06:32:33.4507424Z 
deploy-test	UNKNOWN STEP	2026-10-06T06:32:33.4514813Z  ^[[32m✓^[[39m apps/cloud-api/test/ota-dispatch.test.ts ^[[2m(^[[22m^[[2m16 tests^[[22m^[[2m)^[[22m^[[33m 5221^[[2mms^[[22m^[[39m
deploy-test	UNKNOWN STEP	2026-10-06T06:32:33.4515833Z      ^[[33m^[[2m✓^[[22m^[[39m 成功下发：OTA Topic + CT-03 载荷（schema 校验）+ 15 分钟 URL + NOTIFIED + 历史 + OTA_AVAILABLE + PUBLICATION 归档 ^[[33m 373^[[2mms^[[22m^[[39m
deploy-test	UNKNOWN STEP	2026-10-06T06:32:33.4516479Z  ^[[32m✓^[[39m apps/cloud-api/test/certificate-rotate.test.ts ^[[2m(^[[22m^[[2m8 tests^[[22m^[[2m)^[[22m^[[33m 6735^[[2mms^[[22m^[[39m
deploy-test	UNKNOWN STEP	2026-10-06T06:32:33.4517197Z      ^[[33m^[[2m✓^[[22m^[[39m 缺失 CSR 不签发；AWS attach 失败保留可重试停用记录并保留旧证 ^[[33m 627^[[2mms^[[22m^[[39m
deploy-test	UNKNOWN STEP	2026-10-06T06:32:33.4517915Z      ^[[33m^[[2m✓^[[22m^[[39m 正向：返回五字段证书包；双证书窗口（旧证仍可用）；私钥不落库/审计 ^[[33m 449^[[2mms^[[22m^[[39m
deploy-test	UNKNOWN STEP	2026-10-06T06:32:33.4518361Z      ^[[33m^[[2m✓^[[22m^[[39m 旧证书错误/跨设备拒绝：缺字段 400；与身份不符 403（含他设备证书） ^[[33m 487^[[2mms^[[22m^[[39m
deploy-test	UNKNOWN STEP	2026-10-06T06:32:33.4518782Z      ^[[33m^[[2m✓^[[22m^[[39m 成功提交后、首个新证 Heartbeat 前重复请求稳定冲突且不撤证重签 ^[[33m 496^[[2mms^[[22m^[[39m
deploy-test	UNKNOWN STEP	2026-10-06T06:32:33.4519228Z      ^[[33m^[[2m✓^[[22m^[[39m 部分失败（发证后 attach 失败）可重试：不建孤儿业务记录，重试成功 ^[[33m 378^[[2mms^[[22m^[[39m
deploy-test	UNKNOWN STEP	2026-10-06T06:32:33.4519718Z  ^[[32m✓^[[39m apps/cloud-api/test/qa06-security.test.ts ^[[2m(^[[22m^[[2m4 tests^[[22m^[[2m)^[[22m^[[33m 8111^[[2mms^[[22m^[[39m
deploy-test	UNKNOWN STEP	2026-10-06T06:32:33.4520826Z    ^[[33m^[[2m✓^[[22m^[[39m QA06 signed tenant scope and SQL JSON injection cannot cross boundaries or corrupt business state ^[[33m 3808^[[2mms^[[22m^[[39m
deploy-test	UNKNOWN STEP	2026-10-06T06:32:33.4521763Z    ^[[33m^[[2m✓^[[22m^[[39m QA06 malicious media filenames and metadata reject before signing or persistence ^[[33m 1951^[[2mms^[[22m^[[39m
deploy-test	UNKNOWN STEP	2026-10-06T06:32:33.4522416Z    ^[[33m^[[2m✓^[[22m^[[39m QA06 raw canaries are absent from actual logger trace audit and snapshot artifacts ^[[33m 2105^[[2mms^[[22m^[[39m
deploy-test	UNKNOWN STEP	2026-10-06T06:32:33.4523138Z  ^[[32m✓^[[39m apps/cloud-api/test/admin-command.test.ts ^[[2m(^[[22m^[[2m15 tests^[[22m^[[2m)^[[22m^[[33m 4665^[[2mms^[[22m^[[39m
deploy-test	UNKNOWN STEP	2026-10-06T06:32:33.4523635Z      ^[[33m^[[2m✓^[[22m^[[39m ACTIVE 设备：22 个命令全部创建成功并进入 AUTHORIZED ^[[33m 590^[[2mms^[[22m^[[39m
deploy-test	UNKNOWN STEP	2026-10-06T06:32:33.4524581Z  ^[[32m✓^[[39m apps/cloud-api/test/admin-user.test.ts ^[[2m(^[[22m^[[2m31 tests^[[22m^[[2m)^[[22m^[[33m 5102^[[2mms^[[22m^[[39m
deploy-test	UNKNOWN STEP	2026-10-06T06:32:33.4525322Z      ^[[33m^[[2m✓^[[22m^[[39m PlatformSuperAdmin 停用后旧 id Token 不再进入读写路由 ^[[33m 305^[[2mms^[[22m^[[39m
deploy-test	UNKNOWN STEP	2026-10-06T06:32:33.4526124Z  ^[[32m✓^[[39m apps/cloud-api/test/admin-device-user.test.ts ^[[2m(^[[22m^[[2m8 tests^[[22m^[[2m)^[[22m^[[33m 4784^[[2mms^[[22m^[[39m
deploy-test	UNKNOWN STEP	2026-10-06T06:32:33.4526849Z      ^[[33m^[[2m✓^[[22m^[[39m 仅匹配具有目标设备 ACTIVE 分配的设备操作员 ^[[33m 446^[[2mms^[[22m^[[39m
deploy-test	UNKNOWN STEP	2026-10-06T06:32:33.4527434Z      ^[[33m^[[2m✓^[[22m^[[39m 每步 version+1、审计各一次、USERS_CHANGED 每设备一条 ^[[33m 338^[[2mms^[[22m^[[39m
deploy-test	UNKNOWN STEP	2026-10-06T06:32:33.4528290Z  ^[[32m✓^[[39m apps/cloud-api/test/admin-audit.test.ts ^[[2m(^[[22m^[[2m7 tests^[[22m^[[2m)^[[22m^[[33m 3141^[[2mms^[[22m^[[39m
deploy-test	UNKNOWN STEP	2026-10-06T06:32:33.4528870Z  ^[[32m✓^[[39m apps/cloud-api/test/csr-onboarding.test.ts ^[[2m(^[[22m^[[2m1 test^[[22m^[[2m)^[[22m^[[33m 4155^[[2mms^[[22m^[[39m
deploy-test	UNKNOWN STEP	2026-10-06T06:32:33.4529350Z      ^[[33m^[[2m✓^[[22m^[[39m 匿名申请、相同公钥幂等、换钥冲突；签名轮询拒绝重放 ^[[33m 341^[[2mms^[[22m^[[39m
deploy-test	UNKNOWN STEP	2026-10-06T06:32:33.4529850Z  ^[[32m✓^[[39m packages/auth/test/secure-package.test.ts ^[[2m(^[[22m^[[2m14 tests^[[22m^[[2m)^[[22m^[[33m 4042^[[2mms^[[22m^[[39m
deploy-test	UNKNOWN STEP	2026-10-06T06:32:33.4530384Z  ^[[32m✓^[[39m apps/cloud-api/test/media.test.ts ^[[2m(^[[22m^[[2m12 tests^[[22m^[[2m)^[[22m^[[33m 4523^[[2mms^[[22m^[[39m
deploy-test	UNKNOWN STEP	2026-10-06T06:32:33.4530927Z  ^[[32m✓^[[39m apps/cloud-api/test/admin-settings.test.ts ^[[2m(^[[22m^[[2m10 tests^[[22m^[[2m)^[[22m^[[33m 3663^[[2mms^[[22m^[[39m
deploy-test	UNKNOWN STEP	2026-10-06T06:32:33.4531478Z  ^[[32m✓^[[39m packages/database/test/db03.test.ts ^[[2m(^[[22m^[[2m10 tests^[[22m^[[2m)^[[22m^[[33m 3751^[[2mms^[[22m^[[39m
deploy-test	UNKNOWN STEP	2026-10-06T06:32:33.4532012Z  ^[[32m✓^[[39m packages/auth/test/device-mtls.test.ts ^[[2m(^[[22m^[[2m11 tests^[[22m^[[2m)^[[22m^[[33m 3690^[[2mms^[[22m^[[39m
deploy-test	UNKNOWN STEP	2026-10-06T06:32:33.4532546Z  ^[[32m✓^[[39m packages/auth/test/cognito.test.ts ^[[2m(^[[22m^[[2m14 tests^[[22m^[[2m)^[[22m^[[32m 122^[[2mms^[[22m^[[39m
deploy-test	UNKNOWN STEP	2026-10-06T06:32:33.4533090Z  ^[[32m✓^[[39m packages/auth/test/qa06-jwt-security.test.ts ^[[2m(^[[22m^[[2m1 test^[[22m^[[2m)^[[22m^[[32m 99^[[2mms^[[22m^[[39m
deploy-test	UNKNOWN STEP	2026-10-06T06:32:33.4533692Z  ^[[32m✓^[[39m apps/cloud-api/test/device-lambda-composition.test.ts ^[[2m(^[[22m^[[2m13 tests^[[22m^[[2m)^[[22m^[[32m 19^[[2mms^[[22m^[[39m
deploy-test	UNKNOWN STEP	2026-10-06T06:32:33.4534321Z  ^[[32m✓^[[39m apps/cloud-api/test/admin-lambda-composition.test.ts ^[[2m(^[[22m^[[2m12 tests^[[22m^[[2m)^[[22m^[[33m 752^[[2mms^[[22m^[[39m
deploy-test	UNKNOWN STEP	2026-10-06T06:32:33.4534904Z  ^[[32m✓^[[39m packages/observability/test/redaction.test.ts ^[[2m(^[[22m^[[2m8 tests^[[22m^[[2m)^[[22m^[[32m 7^[[2mms^[[22m^[[39m
deploy-test	UNKNOWN STEP	2026-10-06T06:32:33.4535500Z  ^[[32m✓^[[39m packages/aws-clients/test/iot-device-policy.test.ts ^[[2m(^[[22m^[[2m12 tests^[[22m^[[2m)^[[22m^[[32m 9^[[2mms^[[22m^[[39m
deploy-test	UNKNOWN STEP	2026-10-06T06:32:33.4536047Z  ^[[32m✓^[[39m packages/auth/test/guard.test.ts ^[[2m(^[[22m^[[2m10 tests^[[22m^[[2m)^[[22m^[[32m 5^[[2mms^[[22m^[[39m
deploy-test	UNKNOWN STEP	2026-10-06T06:32:33.4536294Z 
deploy-test	UNKNOWN STEP	2026-10-06T06:32:33.4536496Z ^[[2m Test Files ^[[22m ^[[1m^[[32m20 passed^[[39m^[[22m^[[90m (20)^[[39m
deploy-test	UNKNOWN STEP	2026-10-06T06:32:33.4536866Z ^[[2m      Tests ^[[22m ^[[1m^[[32m217 passed^[[39m^[[22m^[[90m (217)^[[39m
deploy-test	UNKNOWN STEP	2026-10-06T06:32:33.4537171Z ^[[2m   Start at ^[[22m 06:32:07
deploy-test	UNKNOWN STEP	2026-10-06T06:32:33.4537623Z ^[[2m   Duration ^[[22m 26.02s^[[2m (transform 2.67s, setup 131ms, import 11.96s, tests 62.59s, environment 2ms)^[[22m
deploy-test	UNKNOWN STEP	2026-10-06T06:32:33.4538267Z 
deploy-test	UNKNOWN STEP	2026-10-06T06:32:33.4538492Z JSON report written to /tmp/qa06-security-hzxKpP/vitest.json
deploy-test	UNKNOWN STEP	2026-10-06T06:32:33.6911342Z 
deploy-test	UNKNOWN STEP	2026-10-06T06:32:33.6912160Z > food-digester-platform@0.0.0 test:reliability-suite /home/runner/work/food-digester-platform/food-digester-platform
deploy-test	UNKNOWN STEP	2026-10-06T06:32:33.6913004Z > node --import tsx scripts/run-reliability-suite.mjs /tmp/fdp-reliability-gate.json
deploy-test	UNKNOWN STEP	2026-10-06T06:32:33.6913354Z 
deploy-test	UNKNOWN STEP	2026-10-06T06:33:12.3830456Z JSON report written to /tmp/qa07-reliability-c7oSSx/vitest.json
deploy-test	UNKNOWN STEP	2026-10-06T06:33:12.6128934Z 
deploy-test	UNKNOWN STEP	2026-10-06T06:33:12.6130101Z > food-digester-platform@0.0.0 test:prototype-regression /home/runner/work/food-digester-platform/food-digester-platform
deploy-test	UNKNOWN STEP	2026-10-06T06:33:12.6131010Z > node scripts/run-prototype-regression.mjs /tmp/fdp-prototype-regression-gate.json
deploy-test	UNKNOWN STEP	2026-10-06T06:33:12.6131888Z 
deploy-test	UNKNOWN STEP	2026-10-06T06:35:40.8572620Z 
deploy-test	UNKNOWN STEP	2026-10-06T06:35:40.8572653Z 
deploy-test	UNKNOWN STEP	2026-10-06T06:35:40.8573059Z Running 24 tests using 1 worker
deploy-test	UNKNOWN STEP	2026-10-06T06:35:40.8573288Z 
deploy-test	UNKNOWN STEP	2026-10-06T06:35:40.8573826Z [1/24] e2e/qa08-prototype.spec.ts:461:5 › QA08 dashboard 375
deploy-test	UNKNOWN STEP	2026-10-06T06:35:40.8574349Z [2/24] e2e/qa08-prototype.spec.ts:461:5 › QA08 device-view 375
deploy-test	UNKNOWN STEP	2026-10-06T06:35:40.8574820Z [3/24] e2e/qa08-prototype.spec.ts:461:5 › QA08 device-operate 375
deploy-test	UNKNOWN STEP	2026-10-06T06:35:40.8575298Z [4/24] e2e/qa08-prototype.spec.ts:461:5 › QA08 device-group 375
deploy-test	UNKNOWN STEP	2026-10-06T06:35:40.8575689Z [5/24] e2e/qa08-prototype.spec.ts:461:5 › QA08 device-manage 375
deploy-test	UNKNOWN STEP	2026-10-06T06:35:40.8576063Z [6/24] e2e/qa08-prototype.spec.ts:461:5 › QA08 device-consumable 375
deploy-test	UNKNOWN STEP	2026-10-06T06:35:40.8576473Z [7/24] e2e/qa08-prototype.spec.ts:461:5 › QA08 contract-modify 375
deploy-test	UNKNOWN STEP	2026-10-06T06:35:40.8576830Z [8/24] e2e/qa08-prototype.spec.ts:461:5 › QA08 contract-new 375
deploy-test	UNKNOWN STEP	2026-10-06T06:35:40.8577200Z [9/24] e2e/qa08-prototype.spec.ts:461:5 › QA08 contract-detail 375
deploy-test	UNKNOWN STEP	2026-10-06T06:35:40.8577577Z [10/24] e2e/qa08-prototype.spec.ts:461:5 › QA08 esg-overview 375
deploy-test	UNKNOWN STEP	2026-10-06T06:35:40.8578069Z [11/24] e2e/qa08-prototype.spec.ts:461:5 › QA08 esg-device 375
deploy-test	UNKNOWN STEP	2026-10-06T06:35:40.8578420Z [12/24] e2e/qa08-prototype.spec.ts:461:5 › QA08 settings 375
deploy-test	UNKNOWN STEP	2026-10-06T06:35:40.8578823Z [13/24] e2e/qa08-prototype.spec.ts:461:5 › QA08 dashboard 1440
deploy-test	UNKNOWN STEP	2026-10-06T06:35:40.8579175Z [14/24] e2e/qa08-prototype.spec.ts:461:5 › QA08 device-view 1440
deploy-test	UNKNOWN STEP	2026-10-06T06:35:40.8579544Z [15/24] e2e/qa08-prototype.spec.ts:461:5 › QA08 device-operate 1440
deploy-test	UNKNOWN STEP	2026-10-06T06:35:40.8579903Z [16/24] e2e/qa08-prototype.spec.ts:461:5 › QA08 device-group 1440
deploy-test	UNKNOWN STEP	2026-10-06T06:35:40.8580267Z [17/24] e2e/qa08-prototype.spec.ts:461:5 › QA08 device-manage 1440
deploy-test	UNKNOWN STEP	2026-10-06T06:35:40.8580657Z [18/24] e2e/qa08-prototype.spec.ts:461:5 › QA08 device-consumable 1440
deploy-test	UNKNOWN STEP	2026-10-06T06:35:40.8581036Z [19/24] e2e/qa08-prototype.spec.ts:461:5 › QA08 contract-modify 1440
deploy-test	UNKNOWN STEP	2026-10-06T06:35:40.8581400Z [20/24] e2e/qa08-prototype.spec.ts:461:5 › QA08 contract-new 1440
deploy-test	UNKNOWN STEP	2026-10-06T06:35:40.8581778Z [21/24] e2e/qa08-prototype.spec.ts:461:5 › QA08 contract-detail 1440
deploy-test	UNKNOWN STEP	2026-10-06T06:35:40.8582200Z [22/24] e2e/qa08-prototype.spec.ts:461:5 › QA08 esg-overview 1440
deploy-test	UNKNOWN STEP	2026-10-06T06:35:40.8582666Z [23/24] e2e/qa08-prototype.spec.ts:461:5 › QA08 esg-device 1440
deploy-test	UNKNOWN STEP	2026-10-06T06:35:40.8583121Z [24/24] e2e/qa08-prototype.spec.ts:461:5 › QA08 settings 1440
deploy-test	UNKNOWN STEP	2026-10-06T06:35:40.8583433Z   24 passed (2.5m)
deploy-test	UNKNOWN STEP	2026-10-06T06:35:40.8583738Z [WebServer] [plugin builtin:vite-reporter] 
deploy-test	UNKNOWN STEP	2026-10-06T06:35:40.8584079Z [WebServer] (!) Some chunks are larger than 500 kB after minification. Consider:
deploy-test	UNKNOWN STEP	2026-10-06T06:35:40.8584459Z [WebServer] - Using dynamic import() to code-split the application
deploy-test	UNKNOWN STEP	2026-10-06T06:35:40.8585019Z [WebServer] - Use build.rolldownOptions.output.codeSplitting to improve chunking: https://rolldown.rs/reference/OutputOptions.codeSplitting
deploy-test	UNKNOWN STEP	2026-10-06T06:35:40.8585584Z [WebServer] - Adjust chunk size limit for this warning via build.chunkSizeWarningLimit.
deploy-test	UNKNOWN STEP	2026-10-06T06:35:40.8978359Z ##[group]Run aws-actions/configure-aws-credentials@v6.3.0
deploy-test	UNKNOWN STEP	2026-10-06T06:35:40.8978654Z with:
deploy-test	UNKNOWN STEP	2026-10-06T06:35:40.8978894Z   role-to-assume: arn:aws:iam::065986019555:role/fdp-test-github-deploy-role
deploy-test	UNKNOWN STEP	2026-10-06T06:35:40.8979189Z   aws-region: ap-southeast-1
deploy-test	UNKNOWN STEP	2026-10-06T06:35:40.8979390Z   allowed-account-ids: 065986019555
deploy-test	UNKNOWN STEP	2026-10-06T06:35:40.8979607Z   role-session-name: fdp-test-37422842661
deploy-test	UNKNOWN STEP	2026-10-06T06:35:40.8979826Z   audience: sts.amazonaws.com
deploy-test	UNKNOWN STEP	2026-10-06T06:35:40.8980023Z env:
deploy-test	UNKNOWN STEP	2026-10-06T06:35:40.8980351Z   FDP_DEVICE_API_CERTIFICATE_ARN: arn:aws:acm:ap-southeast-1:065986019555:certificate/db3daf4f-de27-4cb3-8813-5f1f068478e0
deploy-test	UNKNOWN STEP	2026-10-06T06:35:40.8980890Z   FDP_PUBLIC_API_CERTIFICATE_ARN: arn:aws:acm:ap-southeast-1:065986019555:certificate/2777e55f-df6e-4e7d-8ce8-22cd3cf2babb
deploy-test	UNKNOWN STEP	2026-10-06T06:35:40.8981330Z   FDP_TRUSTSTORE_BUCKET_NAME: fdp-test-mtls-truststore-065986019555
deploy-test	UNKNOWN STEP	2026-10-06T06:35:40.8981636Z   FDP_TRUSTSTORE_VERSION: FtN.3H5AydTqt6cgxf0wzeOcNQHFxCOx
deploy-test	UNKNOWN STEP	2026-10-06T06:35:40.8981926Z   FDP_QA09_ROLLOUT_PHASE: immediate
deploy-test	UNKNOWN STEP	2026-10-06T06:35:40.8982288Z   PNPM_HOME: /home/runner/setup-pnpm/node_modules/.bin
deploy-test	UNKNOWN STEP	2026-10-06T06:35:40.8982524Z ##[endgroup]
deploy-test	UNKNOWN STEP	2026-10-06T06:35:41.1513513Z Assuming role with OIDC
deploy-test	UNKNOWN STEP	2026-10-06T06:35:41.8417347Z Authenticated as assumedRoleId AROAQ6XISYDRWVV2XWJZA:fdp-test-37422842661
deploy-test	UNKNOWN STEP	2026-10-06T06:35:42.5356738Z ##[group]Run test "$(aws sts get-caller-identity --query Account --output text)" = '065986019555'
deploy-test	UNKNOWN STEP	2026-10-06T06:35:42.5357359Z ^[[36;1mtest "$(aws sts get-caller-identity --query Account --output text)" = '065986019555'^[[0m
deploy-test	UNKNOWN STEP	2026-10-06T06:35:42.5358106Z ^[[36;1mtest "$(git rev-parse HEAD)" = "$GITHUB_SHA"^[[0m
deploy-test	UNKNOWN STEP	2026-10-06T06:35:42.5399684Z shell: /usr/bin/bash -e {0}
deploy-test	UNKNOWN STEP	2026-10-06T06:35:42.5399917Z env:
deploy-test	UNKNOWN STEP	2026-10-06T06:35:42.5400269Z   FDP_DEVICE_API_CERTIFICATE_ARN: arn:aws:acm:ap-southeast-1:065986019555:certificate/db3daf4f-de27-4cb3-8813-5f1f068478e0
deploy-test	UNKNOWN STEP	2026-10-06T06:35:42.5400790Z   FDP_PUBLIC_API_CERTIFICATE_ARN: arn:aws:acm:ap-southeast-1:065986019555:certificate/2777e55f-df6e-4e7d-8ce8-22cd3cf2babb
deploy-test	UNKNOWN STEP	2026-10-06T06:35:42.5401229Z   FDP_TRUSTSTORE_BUCKET_NAME: fdp-test-mtls-truststore-065986019555
deploy-test	UNKNOWN STEP	2026-10-06T06:35:42.5401528Z   FDP_TRUSTSTORE_VERSION: FtN.3H5AydTqt6cgxf0wzeOcNQHFxCOx
deploy-test	UNKNOWN STEP	2026-10-06T06:35:42.5401784Z   FDP_QA09_ROLLOUT_PHASE: immediate
deploy-test	UNKNOWN STEP	2026-10-06T06:35:42.5402057Z   PNPM_HOME: /home/runner/setup-pnpm/node_modules/.bin
deploy-test	UNKNOWN STEP	2026-10-06T06:35:42.5402299Z   AWS_DEFAULT_REGION: ap-southeast-1
deploy-test	UNKNOWN STEP	2026-10-06T06:35:42.5402513Z   AWS_REGION: ap-southeast-1
deploy-test	UNKNOWN STEP	2026-10-06T06:35:42.5403067Z   AWS_ACCESS_KEY_ID: ***
deploy-test	UNKNOWN STEP	2026-10-06T06:35:42.5403321Z   AWS_SECRET_ACCESS_KEY: ***
deploy-test	UNKNOWN STEP	2026-10-06T06:35:42.5406346Z   AWS_SESSION_TOKEN: ***
deploy-test	UNKNOWN STEP	2026-10-06T06:35:42.5406528Z ##[endgroup]
deploy-test	UNKNOWN STEP	2026-10-06T06:35:46.7877026Z ##[group]Run node scripts/esgiot-cdk.mjs diff AppDependencies
deploy-test	UNKNOWN STEP	2026-10-06T06:35:46.7877440Z ^[[36;1mnode scripts/esgiot-cdk.mjs diff AppDependencies^[[0m
deploy-test	UNKNOWN STEP	2026-10-06T06:35:46.7915315Z shell: /usr/bin/bash -e {0}
deploy-test	UNKNOWN STEP	2026-10-06T06:35:46.7915540Z env:
deploy-test	UNKNOWN STEP	2026-10-06T06:35:46.7915932Z   FDP_DEVICE_API_CERTIFICATE_ARN: arn:aws:acm:ap-southeast-1:065986019555:certificate/db3daf4f-de27-4cb3-8813-5f1f068478e0
deploy-test	UNKNOWN STEP	2026-10-06T06:35:46.7916565Z   FDP_PUBLIC_API_CERTIFICATE_ARN: arn:aws:acm:ap-southeast-1:065986019555:certificate/2777e55f-df6e-4e7d-8ce8-22cd3cf2babb
deploy-test	UNKNOWN STEP	2026-10-06T06:35:46.7917041Z   FDP_TRUSTSTORE_BUCKET_NAME: fdp-test-mtls-truststore-065986019555
deploy-test	UNKNOWN STEP	2026-10-06T06:35:46.7917407Z   FDP_TRUSTSTORE_VERSION: FtN.3H5AydTqt6cgxf0wzeOcNQHFxCOx
deploy-test	UNKNOWN STEP	2026-10-06T06:35:46.7917684Z   FDP_QA09_ROLLOUT_PHASE: immediate
deploy-test	UNKNOWN STEP	2026-10-06T06:35:46.7918159Z   PNPM_HOME: /home/runner/setup-pnpm/node_modules/.bin
deploy-test	UNKNOWN STEP	2026-10-06T06:35:46.7918437Z   AWS_DEFAULT_REGION: ap-southeast-1
deploy-test	UNKNOWN STEP	2026-10-06T06:35:46.7918719Z   AWS_REGION: ap-southeast-1
deploy-test	UNKNOWN STEP	2026-10-06T06:35:46.7919090Z   AWS_ACCESS_KEY_ID: ***
deploy-test	UNKNOWN STEP	2026-10-06T06:35:46.7919364Z   AWS_SECRET_ACCESS_KEY: ***
deploy-test	UNKNOWN STEP	2026-10-06T06:35:46.7922806Z   AWS_SESSION_TOKEN: ***
deploy-test	UNKNOWN STEP	2026-10-06T06:35:46.7923007Z ##[endgroup]
deploy-test	UNKNOWN STEP	2026-10-06T06:35:46.9983975Z 
deploy-test	UNKNOWN STEP	2026-10-06T06:35:46.9984758Z > food-digester-platform@0.0.0 build /home/runner/work/food-digester-platform/food-digester-platform
deploy-test	UNKNOWN STEP	2026-10-06T06:35:46.9985368Z > turbo run build
deploy-test	UNKNOWN STEP	2026-10-06T06:35:46.9985520Z 
deploy-test	UNKNOWN STEP	2026-10-06T06:35:47.0388838Z 
deploy-test	UNKNOWN STEP	2026-10-06T06:35:47.0395367Z    • Packages in scope: @fdp/admin-web, @fdp/archive-worker, @fdp/auth, @fdp/aws-clients, @fdp/cloud-api, @fdp/contracts, @fdp/database, @fdp/domain, @fdp/infra, @fdp/ingestion-worker, @fdp/media, @fdp/observability, @fdp/summary-worker
deploy-test	UNKNOWN STEP	2026-10-06T06:35:47.0398459Z    • Running build in 13 packages
deploy-test	UNKNOWN STEP	2026-10-06T06:35:47.0398989Z    • Remote caching disabled
deploy-test	UNKNOWN STEP	2026-10-06T06:35:47.0399310Z 
deploy-test	UNKNOWN STEP	2026-10-06T06:35:47.0478547Z ##[group]@fdp/contracts:build
deploy-test	UNKNOWN STEP	2026-10-06T06:35:47.0479434Z cache hit, replaying logs badb40bf08f6da73
deploy-test	UNKNOWN STEP	2026-10-06T06:35:47.0479861Z 
deploy-test	UNKNOWN STEP	2026-10-06T06:35:47.0480374Z > @fdp/contracts@0.0.0 build /home/runner/work/food-digester-platform/food-digester-platform/contracts
deploy-test	UNKNOWN STEP	2026-10-06T06:35:47.0481612Z > node -e "console.log('@fdp/contracts 为源码契约包：内部使用 .ts 扩展名互引，不经 tsc 构建；消费方经 tsx/打包器直接使用源码')"
deploy-test	UNKNOWN STEP	2026-10-06T06:35:47.0482116Z 
deploy-test	UNKNOWN STEP	2026-10-06T06:35:47.0482643Z @fdp/contracts 为源码契约包：内部使用 .ts 扩展名互引，不经 tsc 构建；消费方经 tsx/打包器直接使用源码
deploy-test	UNKNOWN STEP	2026-10-06T06:35:47.0483859Z ##[endgroup]
deploy-test	UNKNOWN STEP	2026-10-06T06:35:47.0484417Z ##[group]@fdp/database:generate
deploy-test	UNKNOWN STEP	2026-10-06T06:35:47.0484859Z cache hit, replaying logs 6f29d7861b790d41
deploy-test	UNKNOWN STEP	2026-10-06T06:35:47.0485164Z 
deploy-test	UNKNOWN STEP	2026-10-06T06:35:47.0485731Z > @fdp/database@0.0.0 generate /home/runner/work/food-digester-platform/food-digester-platform/packages/database
deploy-test	UNKNOWN STEP	2026-10-06T06:35:47.0486343Z > prisma generate
deploy-test	UNKNOWN STEP	2026-10-06T06:35:47.0486562Z 
deploy-test	UNKNOWN STEP	2026-10-06T06:35:47.0486879Z Loaded Prisma config from prisma.config.ts.
deploy-test	UNKNOWN STEP	2026-10-06T06:35:47.0487265Z 
deploy-test	UNKNOWN STEP	2026-10-06T06:35:47.0487621Z Prisma schema loaded from prisma/schema.prisma.
deploy-test	UNKNOWN STEP	2026-10-06T06:35:47.0488257Z 
deploy-test	UNKNOWN STEP	2026-10-06T06:35:47.0488852Z ✔ Generated Prisma Client (7.9.1) to ./src/generated in 1.21s
deploy-test	UNKNOWN STEP	2026-10-06T06:35:47.0489254Z 
deploy-test	UNKNOWN STEP	2026-10-06T06:35:47.0489759Z ##[endgroup]
deploy-test	UNKNOWN STEP	2026-10-06T06:35:47.0490338Z ##[group]@fdp/observability:build
deploy-test	UNKNOWN STEP	2026-10-06T06:35:47.0490852Z cache hit, replaying logs b22046eabd7182a9
deploy-test	UNKNOWN STEP	2026-10-06T06:35:47.0491200Z 
deploy-test	UNKNOWN STEP	2026-10-06T06:35:47.0491770Z > @fdp/observability@0.0.0 build /home/runner/work/food-digester-platform/food-digester-platform/packages/observability
deploy-test	UNKNOWN STEP	2026-10-06T06:35:47.0492358Z > tsc -p tsconfig.build.json
deploy-test	UNKNOWN STEP	2026-10-06T06:35:47.0492605Z 
deploy-test	UNKNOWN STEP	2026-10-06T06:35:47.0492940Z ##[endgroup]
deploy-test	UNKNOWN STEP	2026-10-06T06:35:47.0493447Z ##[group]@fdp/infra:build
deploy-test	UNKNOWN STEP	2026-10-06T06:35:47.0493847Z cache hit, replaying logs ae15db771adc85e4
deploy-test	UNKNOWN STEP	2026-10-06T06:35:47.0494140Z 
deploy-test	UNKNOWN STEP	2026-10-06T06:35:47.0494611Z > @fdp/infra@0.0.0 build /home/runner/work/food-digester-platform/food-digester-platform/infra
deploy-test	UNKNOWN STEP	2026-10-06T06:35:47.0495198Z > tsc -p tsconfig.build.json
deploy-test	UNKNOWN STEP	2026-10-06T06:35:47.0495531Z 
deploy-test	UNKNOWN STEP	2026-10-06T06:35:47.0496315Z ##[endgroup]
deploy-test	UNKNOWN STEP	2026-10-06T06:35:47.0496798Z ##[group]@fdp/domain:build
deploy-test	UNKNOWN STEP	2026-10-06T06:35:47.0497168Z cache hit, replaying logs 47ef0249a0b99843
deploy-test	UNKNOWN STEP	2026-10-06T06:35:47.0497376Z 
deploy-test	UNKNOWN STEP	2026-10-06T06:35:47.0497721Z > @fdp/domain@0.0.0 build /home/runner/work/food-digester-platform/food-digester-platform/packages/domain
deploy-test	UNKNOWN STEP	2026-10-06T06:35:47.0498648Z > tsc -p tsconfig.build.json
deploy-test	UNKNOWN STEP	2026-10-06T06:35:47.0498830Z 
deploy-test	UNKNOWN STEP	2026-10-06T06:35:47.0499194Z ##[endgroup]
deploy-test	UNKNOWN STEP	2026-10-06T06:35:47.0499529Z ##[group]@fdp/aws-clients:build
deploy-test	UNKNOWN STEP	2026-10-06T06:35:47.0499837Z cache hit, replaying logs 72b741ff8e28f9c8
deploy-test	UNKNOWN STEP	2026-10-06T06:35:47.0500018Z 
deploy-test	UNKNOWN STEP	2026-10-06T06:35:47.0500401Z > @fdp/aws-clients@0.0.0 build /home/runner/work/food-digester-platform/food-digester-platform/packages/aws-clients
deploy-test	UNKNOWN STEP	2026-10-06T06:35:47.0500788Z > tsc -p tsconfig.build.json
deploy-test	UNKNOWN STEP	2026-10-06T06:35:47.0500907Z 
deploy-test	UNKNOWN STEP	2026-10-06T06:35:47.0501072Z ##[endgroup]
deploy-test	UNKNOWN STEP	2026-10-06T06:35:47.0501336Z ##[group]@fdp/database:build
deploy-test	UNKNOWN STEP	2026-10-06T06:35:47.0501558Z cache hit, replaying logs d2e9504f281a7867
deploy-test	UNKNOWN STEP	2026-10-06T06:35:47.0501705Z 
deploy-test	UNKNOWN STEP	2026-10-06T06:35:47.0501990Z > @fdp/database@0.0.0 build /home/runner/work/food-digester-platform/food-digester-platform/packages/database
deploy-test	UNKNOWN STEP	2026-10-06T06:35:47.0502344Z > tsc -p tsconfig.build.json
deploy-test	UNKNOWN STEP	2026-10-06T06:35:47.0502462Z 
deploy-test	UNKNOWN STEP	2026-10-06T06:35:47.0502630Z ##[endgroup]
deploy-test	UNKNOWN STEP	2026-10-06T06:35:47.0502896Z ##[group]@fdp/summary-worker:build
deploy-test	UNKNOWN STEP	2026-10-06T06:35:47.0503143Z cache hit, replaying logs 77d113d7dc4b62c3
deploy-test	UNKNOWN STEP	2026-10-06T06:35:47.0503273Z 
deploy-test	UNKNOWN STEP	2026-10-06T06:35:47.0503586Z > @fdp/summary-worker@0.0.0 build /home/runner/work/food-digester-platform/food-digester-platform/apps/summary-worker
deploy-test	UNKNOWN STEP	2026-10-06T06:35:47.0503966Z > tsc -p tsconfig.build.json
deploy-test	UNKNOWN STEP	2026-10-06T06:35:47.0504089Z 
deploy-test	UNKNOWN STEP	2026-10-06T06:35:47.0504256Z ##[endgroup]
deploy-test	UNKNOWN STEP	2026-10-06T06:35:47.0504517Z ##[group]@fdp/auth:build
deploy-test	UNKNOWN STEP	2026-10-06T06:35:47.0504741Z cache hit, replaying logs 161d25a0bb288877
deploy-test	UNKNOWN STEP	2026-10-06T06:35:47.0504877Z 
deploy-test	UNKNOWN STEP	2026-10-06T06:35:47.0505140Z > @fdp/auth@0.0.0 build /home/runner/work/food-digester-platform/food-digester-platform/packages/auth
deploy-test	UNKNOWN STEP	2026-10-06T06:35:47.0505478Z > tsc -p tsconfig.build.json
deploy-test	UNKNOWN STEP	2026-10-06T06:35:47.0505599Z 
deploy-test	UNKNOWN STEP	2026-10-06T06:35:47.0505769Z ##[endgroup]
deploy-test	UNKNOWN STEP	2026-10-06T06:35:47.0506040Z ##[group]@fdp/archive-worker:build
deploy-test	UNKNOWN STEP	2026-10-06T06:35:47.0506282Z cache hit, replaying logs a0e6c0cec6c3151d
deploy-test	UNKNOWN STEP	2026-10-06T06:35:47.0506413Z 
deploy-test	UNKNOWN STEP	2026-10-06T06:35:47.0506718Z > @fdp/archive-worker@0.0.0 build /home/runner/work/food-digester-platform/food-digester-platform/apps/archive-worker
deploy-test	UNKNOWN STEP	2026-10-06T06:35:47.0507270Z > tsc -p tsconfig.build.json
deploy-test	UNKNOWN STEP	2026-10-06T06:35:47.0507394Z 
deploy-test	UNKNOWN STEP	2026-10-06T06:35:47.0507566Z ##[endgroup]
deploy-test	UNKNOWN STEP	2026-10-06T06:35:47.0508008Z ##[group]@fdp/media:build
deploy-test	UNKNOWN STEP	2026-10-06T06:35:47.0509241Z cache hit, replaying logs 8b966babc723bb0c
deploy-test	UNKNOWN STEP	2026-10-06T06:35:47.0509383Z 
deploy-test	UNKNOWN STEP	2026-10-06T06:35:47.0509655Z > @fdp/media@0.0.0 build /home/runner/work/food-digester-platform/food-digester-platform/packages/media
deploy-test	UNKNOWN STEP	2026-10-06T06:35:47.0509991Z > tsc -p tsconfig.build.json
deploy-test	UNKNOWN STEP	2026-10-06T06:35:47.0510108Z 
deploy-test	UNKNOWN STEP	2026-10-06T06:35:47.0510281Z ##[endgroup]
deploy-test	UNKNOWN STEP	2026-10-06T06:35:47.0518545Z ##[group]@fdp/ingestion-worker:build
deploy-test	UNKNOWN STEP	2026-10-06T06:35:47.0518991Z cache hit, replaying logs 936ac9a6e582a305
deploy-test	UNKNOWN STEP	2026-10-06T06:35:47.0519389Z 
deploy-test	UNKNOWN STEP	2026-10-06T06:35:47.0519835Z > @fdp/ingestion-worker@0.0.0 build /home/runner/work/food-digester-platform/food-digester-platform/apps/ingestion-worker
deploy-test	UNKNOWN STEP	2026-10-06T06:35:47.0520391Z > tsc -p tsconfig.build.json
deploy-test	UNKNOWN STEP	2026-10-06T06:35:47.0520592Z 
deploy-test	UNKNOWN STEP	2026-10-06T06:35:47.0520843Z ##[endgroup]
deploy-test	UNKNOWN STEP	2026-10-06T06:35:47.0538996Z ##[group]@fdp/cloud-api:build
deploy-test	UNKNOWN STEP	2026-10-06T06:35:47.0539443Z cache hit, replaying logs f68e31080bcf62ee
deploy-test	UNKNOWN STEP	2026-10-06T06:35:47.0539626Z 
deploy-test	UNKNOWN STEP	2026-10-06T06:35:47.0540006Z > @fdp/cloud-api@0.0.0 build /home/runner/work/food-digester-platform/food-digester-platform/apps/cloud-api
deploy-test	UNKNOWN STEP	2026-10-06T06:35:47.0540513Z > tsc -p tsconfig.build.json
deploy-test	UNKNOWN STEP	2026-10-06T06:35:47.0540662Z 
deploy-test	UNKNOWN STEP	2026-10-06T06:35:47.0540892Z ##[endgroup]
deploy-test	UNKNOWN STEP	2026-10-06T06:35:47.2098348Z ##[group]@fdp/admin-web:build
deploy-test	UNKNOWN STEP	2026-10-06T06:35:47.2098879Z cache hit, replaying logs e6f245876b04286c
deploy-test	UNKNOWN STEP	2026-10-06T06:35:47.2105233Z 
deploy-test	UNKNOWN STEP	2026-10-06T06:35:47.2106654Z > @fdp/admin-web@0.0.0 build /home/runner/work/food-digester-platform/food-digester-platform/apps/admin-web
deploy-test	UNKNOWN STEP	2026-10-06T06:35:47.2111434Z > tsc -p tsconfig.build.json && vite build
deploy-test	UNKNOWN STEP	2026-10-06T06:35:47.2111795Z 
deploy-test	UNKNOWN STEP	2026-10-06T06:35:47.2112762Z ^[[36mvite v8.2.2 ^[[32mbuilding client environment for production...^[[36m^[[39m
deploy-test	UNKNOWN STEP	2026-10-06T06:35:47.2113207Z transforming...
deploy-test	UNKNOWN STEP	2026-10-06T06:35:47.2113543Z ✓ 1609 modules transformed.
deploy-test	UNKNOWN STEP	2026-10-06T06:35:47.2113834Z rendering chunks...
deploy-test	UNKNOWN STEP	2026-10-06T06:35:47.2114099Z computing gzip size...
deploy-test	UNKNOWN STEP	2026-10-06T06:35:47.2114571Z dist/web/index.html                     0.46 kB │ gzip:   0.32 kB
deploy-test	UNKNOWN STEP	2026-10-06T06:35:47.2115165Z dist/web/assets/index-CecZB0A0.css     19.08 kB │ gzip:   5.07 kB
deploy-test	UNKNOWN STEP	2026-10-06T06:35:47.2213907Z dist/web/assets/index-D1EpTElP.js   1,357.74 kB │ gzip: 417.92 kB
deploy-test	UNKNOWN STEP	2026-10-06T06:35:47.2214560Z 
deploy-test	UNKNOWN STEP	2026-10-06T06:35:47.2219470Z ^[[32m✓ built in 456ms^[[39m
deploy-test	UNKNOWN STEP	2026-10-06T06:35:47.2220119Z ^[[33m[plugin builtin:vite-reporter] 
deploy-test	UNKNOWN STEP	2026-10-06T06:35:47.2220792Z (!) Some chunks are larger than 500 kB after minification. Consider:
deploy-test	UNKNOWN STEP	2026-10-06T06:35:47.2221474Z - Using dynamic import() to code-split the application
deploy-test	UNKNOWN STEP	2026-10-06T06:35:47.2222571Z - Use build.rolldownOptions.output.codeSplitting to improve chunking: https://rolldown.rs/reference/OutputOptions.codeSplitting
deploy-test	UNKNOWN STEP	2026-10-06T06:35:47.2223763Z - Adjust chunk size limit for this warning via build.chunkSizeWarningLimit.^[[39m
deploy-test	UNKNOWN STEP	2026-10-06T06:35:47.2224708Z ##[endgroup]
deploy-test	UNKNOWN STEP	2026-10-06T06:35:47.2225020Z 
deploy-test	UNKNOWN STEP	2026-10-06T06:35:47.2225324Z  Tasks:    14 successful, 14 total
deploy-test	UNKNOWN STEP	2026-10-06T06:35:47.2225869Z Cached:    14 cached, 14 total
deploy-test	UNKNOWN STEP	2026-10-06T06:35:47.2226386Z   Time:    184ms >>> FULL TURBO
deploy-test	UNKNOWN STEP	2026-10-06T06:35:47.2226755Z 
deploy-test	UNKNOWN STEP	2026-10-06T06:35:50.3327963Z Bundling asset AppDependencies/IngestionFn/Code/Stage...
deploy-test	UNKNOWN STEP	2026-10-06T06:35:50.7771712Z Bundling asset AppDependencies/ArchiveFn/Code/Stage...
deploy-test	UNKNOWN STEP	2026-10-06T06:35:51.0306838Z Bundling asset AppDependencies/OutboxPublisherFn/Code/Stage...
deploy-test	UNKNOWN STEP	2026-10-06T06:35:51.4414644Z Bundling asset AppDependencies/NotificationPublisherFn/Code/Stage...
deploy-test	UNKNOWN STEP	2026-10-06T06:35:51.8458585Z Bundling asset AppDependencies/SummaryFn/Code/Stage...
deploy-test	UNKNOWN STEP	2026-10-06T06:35:52.2476748Z Bundling asset AppDependencies/ReplayTriggerPublisherFn/Code/Stage...
deploy-test	UNKNOWN STEP	2026-10-06T06:35:52.6694274Z Bundling asset AppDependencies/ReplayFn/Code/Stage...
deploy-test	UNKNOWN STEP	2026-10-06T06:35:53.0750122Z Bundling asset AppDependencies/CertPackageSweeperFn/Code/Stage...
deploy-test	UNKNOWN STEP	2026-10-06T06:35:53.4913442Z Bundling asset AppDependencies/OnboardingDeadlineFn/Code/Stage...
deploy-test	UNKNOWN STEP	2026-10-06T06:35:53.9179403Z Bundling asset AppDependencies/RetirementTimeoutFn/Code/Stage...
deploy-test	UNKNOWN STEP	2026-10-06T06:35:54.3359615Z Bundling asset AppDependencies/ActivityExportFn/Code/Stage...
deploy-test	UNKNOWN STEP	2026-10-06T06:35:54.7732067Z Bundling asset AppDependencies/EsgExportFn/Code/Stage...
deploy-test	UNKNOWN STEP	2026-10-06T06:35:55.1931360Z Bundling asset AppDependencies/CommandPublisherFn/Code/Stage...
deploy-test	UNKNOWN STEP	2026-10-06T06:35:55.6111035Z Bundling asset AppDependencies/CommandTimeoutFn/Code/Stage...
deploy-test	UNKNOWN STEP	2026-10-06T06:35:56.0170407Z Bundling asset AppDependencies/OtaDispatcherFn/Code/Stage...
deploy-test	UNKNOWN STEP	2026-10-06T06:35:56.4237211Z Bundling asset AppDependencies/OnboardingApiFn/Code/Stage...
deploy-test	UNKNOWN STEP	2026-10-06T06:35:56.8452880Z Bundling asset AppDependencies/OnboardingProvisioningFn/Code/Stage...
deploy-test	UNKNOWN STEP	2026-10-06T06:35:57.2566910Z Bundling asset AppDependencies/DeviceApiFn/Code/Stage...
deploy-test	UNKNOWN STEP	2026-10-06T06:35:57.6902622Z Bundling asset AppDependencies/ApiFn/Code/Stage...
deploy-test	UNKNOWN STEP	2026-10-06T06:36:04.2078137Z Stack AppDependencies (fdp-test-app) (aws://065986019555/ap-southeast-1)
deploy-test	UNKNOWN STEP	2026-10-06T06:36:04.2078624Z There were no differences
deploy-test	UNKNOWN STEP	2026-10-06T06:36:04.2078785Z 
deploy-test	UNKNOWN STEP	2026-10-06T06:36:04.2078791Z 
deploy-test	UNKNOWN STEP	2026-10-06T06:36:04.2079222Z ✨  Number of stacks with differences: 0
deploy-test	UNKNOWN STEP	2026-10-06T06:36:04.2079374Z 
deploy-test	UNKNOWN STEP	2026-10-06T06:36:04.4110138Z ##[group]Run node scripts/esgiot-cdk.mjs deploy AppDependencies
deploy-test	UNKNOWN STEP	2026-10-06T06:36:04.4110493Z ^[[36;1mnode scripts/esgiot-cdk.mjs deploy AppDependencies^[[0m
deploy-test	UNKNOWN STEP	2026-10-06T06:36:04.4145418Z shell: /usr/bin/bash -e {0}
deploy-test	UNKNOWN STEP	2026-10-06T06:36:04.4145652Z env:
deploy-test	UNKNOWN STEP	2026-10-06T06:36:04.4146016Z   FDP_DEVICE_API_CERTIFICATE_ARN: arn:aws:acm:ap-southeast-1:065986019555:certificate/db3daf4f-de27-4cb3-8813-5f1f068478e0
deploy-test	UNKNOWN STEP	2026-10-06T06:36:04.4146552Z   FDP_PUBLIC_API_CERTIFICATE_ARN: arn:aws:acm:ap-southeast-1:065986019555:certificate/2777e55f-df6e-4e7d-8ce8-22cd3cf2babb
deploy-test	UNKNOWN STEP	2026-10-06T06:36:04.4146985Z   FDP_TRUSTSTORE_BUCKET_NAME: fdp-test-mtls-truststore-065986019555
deploy-test	UNKNOWN STEP	2026-10-06T06:36:04.4147296Z   FDP_TRUSTSTORE_VERSION: FtN.3H5AydTqt6cgxf0wzeOcNQHFxCOx
deploy-test	UNKNOWN STEP	2026-10-06T06:36:04.4147577Z   FDP_QA09_ROLLOUT_PHASE: immediate
deploy-test	UNKNOWN STEP	2026-10-06T06:36:04.4147987Z   PNPM_HOME: /home/runner/setup-pnpm/node_modules/.bin
deploy-test	UNKNOWN STEP	2026-10-06T06:36:04.4148256Z   AWS_DEFAULT_REGION: ap-southeast-1
deploy-test	UNKNOWN STEP	2026-10-06T06:36:04.4148529Z   AWS_REGION: ap-southeast-1
deploy-test	UNKNOWN STEP	2026-10-06T06:36:04.4148894Z   AWS_ACCESS_KEY_ID: ***
deploy-test	UNKNOWN STEP	2026-10-06T06:36:04.4149145Z   AWS_SECRET_ACCESS_KEY: ***
deploy-test	UNKNOWN STEP	2026-10-06T06:36:04.4152216Z   AWS_SESSION_TOKEN: ***
deploy-test	UNKNOWN STEP	2026-10-06T06:36:04.4152393Z ##[endgroup]
deploy-test	UNKNOWN STEP	2026-10-06T06:36:04.6208002Z 
deploy-test	UNKNOWN STEP	2026-10-06T06:36:04.6208877Z > food-digester-platform@0.0.0 build /home/runner/work/food-digester-platform/food-digester-platform
deploy-test	UNKNOWN STEP	2026-10-06T06:36:04.6209437Z > turbo run build
deploy-test	UNKNOWN STEP	2026-10-06T06:36:04.6209590Z 
deploy-test	UNKNOWN STEP	2026-10-06T06:36:04.6678800Z 
deploy-test	UNKNOWN STEP	2026-10-06T06:36:04.6700136Z    • Packages in scope: @fdp/admin-web, @fdp/archive-worker, @fdp/auth, @fdp/aws-clients, @fdp/cloud-api, @fdp/contracts, @fdp/database, @fdp/domain, @fdp/infra, @fdp/ingestion-worker, @fdp/media, @fdp/observability, @fdp/summary-worker
deploy-test	UNKNOWN STEP	2026-10-06T06:36:04.6730674Z    • Running build in 13 packages
deploy-test	UNKNOWN STEP	2026-10-06T06:36:04.6749007Z    • Remote caching disabled
deploy-test	UNKNOWN STEP	2026-10-06T06:36:04.6749535Z 
deploy-test	UNKNOWN STEP	2026-10-06T06:36:04.6750242Z ##[group]@fdp/contracts:build
deploy-test	UNKNOWN STEP	2026-10-06T06:36:04.6750712Z cache hit, replaying logs badb40bf08f6da73
deploy-test	UNKNOWN STEP	2026-10-06T06:36:04.6750945Z 
deploy-test	UNKNOWN STEP	2026-10-06T06:36:04.6751298Z > @fdp/contracts@0.0.0 build /home/runner/work/food-digester-platform/food-digester-platform/contracts
deploy-test	UNKNOWN STEP	2026-10-06T06:36:04.6752152Z > node -e "console.log('@fdp/contracts 为源码契约包：内部使用 .ts 扩展名互引，不经 tsc 构建；消费方经 tsx/打包器直接使用源码')"
deploy-test	UNKNOWN STEP	2026-10-06T06:36:04.6752480Z 
deploy-test	UNKNOWN STEP	2026-10-06T06:36:04.6752781Z @fdp/contracts 为源码契约包：内部使用 .ts 扩展名互引，不经 tsc 构建；消费方经 tsx/打包器直接使用源码
deploy-test	UNKNOWN STEP	2026-10-06T06:36:04.6753218Z ##[endgroup]
deploy-test	UNKNOWN STEP	2026-10-06T06:36:04.6753573Z ##[group]@fdp/database:generate
deploy-test	UNKNOWN STEP	2026-10-06T06:36:04.6753881Z cache hit, replaying logs 6f29d7861b790d41
deploy-test	UNKNOWN STEP	2026-10-06T06:36:04.6754092Z 
deploy-test	UNKNOWN STEP	2026-10-06T06:36:04.6754469Z > @fdp/database@0.0.0 generate /home/runner/work/food-digester-platform/food-digester-platform/packages/database
deploy-test	UNKNOWN STEP	2026-10-06T06:36:04.6755235Z > prisma generate
deploy-test	UNKNOWN STEP	2026-10-06T06:36:04.6755395Z 
deploy-test	UNKNOWN STEP	2026-10-06T06:36:04.6755590Z Loaded Prisma config from prisma.config.ts.
deploy-test	UNKNOWN STEP	2026-10-06T06:36:04.6755808Z 
deploy-test	UNKNOWN STEP	2026-10-06T06:36:04.6756069Z Prisma schema loaded from prisma/schema.prisma.
deploy-test	UNKNOWN STEP	2026-10-06T06:36:04.6756370Z 
deploy-test	UNKNOWN STEP	2026-10-06T06:36:04.6756729Z ✔ Generated Prisma Client (7.9.1) to ./src/generated in 1.21s
deploy-test	UNKNOWN STEP	2026-10-06T06:36:04.6757133Z 
deploy-test	UNKNOWN STEP	2026-10-06T06:36:04.6757441Z ##[endgroup]
deploy-test	UNKNOWN STEP	2026-10-06T06:36:04.6758020Z ##[group]@fdp/observability:build
deploy-test	UNKNOWN STEP	2026-10-06T06:36:04.6758486Z cache hit, replaying logs b22046eabd7182a9
deploy-test	UNKNOWN STEP	2026-10-06T06:36:04.6758780Z 
deploy-test	UNKNOWN STEP	2026-10-06T06:36:04.6759359Z > @fdp/observability@0.0.0 build /home/runner/work/food-digester-platform/food-digester-platform/packages/observability
deploy-test	UNKNOWN STEP	2026-10-06T06:36:04.6760044Z > tsc -p tsconfig.build.json
deploy-test	UNKNOWN STEP	2026-10-06T06:36:04.6760309Z 
deploy-test	UNKNOWN STEP	2026-10-06T06:36:04.6760645Z ##[endgroup]
deploy-test	UNKNOWN STEP	2026-10-06T06:36:04.6761103Z ##[group]@fdp/domain:build
deploy-test	UNKNOWN STEP	2026-10-06T06:36:04.6761535Z cache hit, replaying logs 47ef0249a0b99843
deploy-test	UNKNOWN STEP	2026-10-06T06:36:04.6761838Z 
deploy-test	UNKNOWN STEP	2026-10-06T06:36:04.6762373Z > @fdp/domain@0.0.0 build /home/runner/work/food-digester-platform/food-digester-platform/packages/domain
deploy-test	UNKNOWN STEP	2026-10-06T06:36:04.6762925Z > tsc -p tsconfig.build.json
deploy-test	UNKNOWN STEP	2026-10-06T06:36:04.6763191Z 
deploy-test	UNKNOWN STEP	2026-10-06T06:36:04.6763734Z ##[endgroup]
deploy-test	UNKNOWN STEP	2026-10-06T06:36:04.6764616Z ##[group]@fdp/aws-clients:build
deploy-test	UNKNOWN STEP	2026-10-06T06:36:04.6765053Z cache hit, replaying logs 72b741ff8e28f9c8
deploy-test	UNKNOWN STEP	2026-10-06T06:36:04.6765364Z 
deploy-test	UNKNOWN STEP	2026-10-06T06:36:04.6765928Z > @fdp/aws-clients@0.0.0 build /home/runner/work/food-digester-platform/food-digester-platform/packages/aws-clients
deploy-test	UNKNOWN STEP	2026-10-06T06:36:04.6766597Z > tsc -p tsconfig.build.json
deploy-test	UNKNOWN STEP	2026-10-06T06:36:04.6766860Z 
deploy-test	UNKNOWN STEP	2026-10-06T06:36:04.6767186Z ##[endgroup]
deploy-test	UNKNOWN STEP	2026-10-06T06:36:04.6767640Z ##[group]@fdp/infra:build
deploy-test	UNKNOWN STEP	2026-10-06T06:36:04.6768260Z cache hit, replaying logs ae15db771adc85e4
deploy-test	UNKNOWN STEP	2026-10-06T06:36:04.6768565Z 
deploy-test	UNKNOWN STEP	2026-10-06T06:36:04.6769027Z > @fdp/infra@0.0.0 build /home/runner/work/food-digester-platform/food-digester-platform/infra
deploy-test	UNKNOWN STEP	2026-10-06T06:36:04.6769630Z > tsc -p tsconfig.build.json
deploy-test	UNKNOWN STEP	2026-10-06T06:36:04.6769896Z 
deploy-test	UNKNOWN STEP	2026-10-06T06:36:04.6770223Z ##[endgroup]
deploy-test	UNKNOWN STEP	2026-10-06T06:36:04.6770684Z ##[group]@fdp/database:build
deploy-test	UNKNOWN STEP	2026-10-06T06:36:04.6771106Z cache hit, replaying logs d2e9504f281a7867
deploy-test	UNKNOWN STEP	2026-10-06T06:36:04.6771404Z 
deploy-test	UNKNOWN STEP	2026-10-06T06:36:04.6771974Z > @fdp/database@0.0.0 build /home/runner/work/food-digester-platform/food-digester-platform/packages/database
deploy-test	UNKNOWN STEP	2026-10-06T06:36:04.6772618Z > tsc -p tsconfig.build.json
deploy-test	UNKNOWN STEP	2026-10-06T06:36:04.6772889Z 
deploy-test	UNKNOWN STEP	2026-10-06T06:36:04.6773209Z ##[endgroup]
deploy-test	UNKNOWN STEP	2026-10-06T06:36:04.6773672Z ##[group]@fdp/auth:build
deploy-test	UNKNOWN STEP	2026-10-06T06:36:04.6774080Z cache hit, replaying logs 161d25a0bb288877
deploy-test	UNKNOWN STEP	2026-10-06T06:36:04.6774378Z 
deploy-test	UNKNOWN STEP	2026-10-06T06:36:04.6774868Z > @fdp/auth@0.0.0 build /home/runner/work/food-digester-platform/food-digester-platform/packages/auth
deploy-test	UNKNOWN STEP	2026-10-06T06:36:04.6775479Z > tsc -p tsconfig.build.json
deploy-test	UNKNOWN STEP	2026-10-06T06:36:04.6775734Z 
deploy-test	UNKNOWN STEP	2026-10-06T06:36:04.6776062Z ##[endgroup]
deploy-test	UNKNOWN STEP	2026-10-06T06:36:04.6776522Z ##[group]@fdp/media:build
deploy-test	UNKNOWN STEP	2026-10-06T06:36:04.6776942Z cache hit, replaying logs 8b966babc723bb0c
deploy-test	UNKNOWN STEP	2026-10-06T06:36:04.6777421Z 
deploy-test	UNKNOWN STEP	2026-10-06T06:36:04.6778033Z > @fdp/media@0.0.0 build /home/runner/work/food-digester-platform/food-digester-platform/packages/media
deploy-test	UNKNOWN STEP	2026-10-06T06:36:04.6778749Z > tsc -p tsconfig.build.json
deploy-test	UNKNOWN STEP	2026-10-06T06:36:04.6779066Z 
deploy-test	UNKNOWN STEP	2026-10-06T06:36:04.6779938Z ##[endgroup]
deploy-test	UNKNOWN STEP	2026-10-06T06:36:04.6780313Z ##[group]@fdp/summary-worker:build
deploy-test	UNKNOWN STEP	2026-10-06T06:36:04.6780684Z cache hit, replaying logs 77d113d7dc4b62c3
deploy-test	UNKNOWN STEP	2026-10-06T06:36:04.6780908Z 
deploy-test	UNKNOWN STEP	2026-10-06T06:36:04.6781497Z > @fdp/summary-worker@0.0.0 build /home/runner/work/food-digester-platform/food-digester-platform/apps/summary-worker
deploy-test	UNKNOWN STEP	2026-10-06T06:36:04.6782241Z > tsc -p tsconfig.build.json
deploy-test	UNKNOWN STEP	2026-10-06T06:36:04.6782550Z 
deploy-test	UNKNOWN STEP	2026-10-06T06:36:04.6783050Z ##[endgroup]
deploy-test	UNKNOWN STEP	2026-10-06T06:36:04.6783834Z ##[group]@fdp/archive-worker:build
deploy-test	UNKNOWN STEP	2026-10-06T06:36:04.6784641Z cache hit, replaying logs a0e6c0cec6c3151d
deploy-test	UNKNOWN STEP	2026-10-06T06:36:04.6784974Z 
deploy-test	UNKNOWN STEP	2026-10-06T06:36:04.6786499Z > @fdp/archive-worker@0.0.0 build /home/runner/work/food-digester-platform/food-digester-platform/apps/archive-worker
deploy-test	UNKNOWN STEP	2026-10-06T06:36:04.6787621Z > tsc -p tsconfig.build.json
deploy-test	UNKNOWN STEP	2026-10-06T06:36:04.6788053Z 
deploy-test	UNKNOWN STEP	2026-10-06T06:36:04.6788435Z ##[endgroup]
deploy-test	UNKNOWN STEP	2026-10-06T06:36:04.6789077Z ##[group]@fdp/admin-web:build
deploy-test	UNKNOWN STEP	2026-10-06T06:36:04.6789710Z cache hit, replaying logs e6f245876b04286c
deploy-test	UNKNOWN STEP	2026-10-06T06:36:04.6789981Z 
deploy-test	UNKNOWN STEP	2026-10-06T06:36:04.6799066Z > @fdp/admin-web@0.0.0 build /home/runner/work/food-digester-platform/food-digester-platform/apps/admin-web
deploy-test	UNKNOWN STEP	2026-10-06T06:36:04.6799562Z > tsc -p tsconfig.build.json && vite build
deploy-test	UNKNOWN STEP	2026-10-06T06:36:04.6799703Z 
deploy-test	UNKNOWN STEP	2026-10-06T06:36:04.6800074Z ^[[36mvite v8.2.2 ^[[32mbuilding client environment for production...^[[36m^[[39m
deploy-test	UNKNOWN STEP	2026-10-06T06:36:04.6800361Z transforming...
deploy-test	UNKNOWN STEP	2026-10-06T06:36:04.6800579Z ✓ 1609 modules transformed.
deploy-test	UNKNOWN STEP	2026-10-06T06:36:04.6800784Z rendering chunks...
deploy-test	UNKNOWN STEP	2026-10-06T06:36:04.6800972Z computing gzip size...
deploy-test	UNKNOWN STEP	2026-10-06T06:36:04.6801355Z dist/web/index.html                     0.46 kB │ gzip:   0.32 kB
deploy-test	UNKNOWN STEP	2026-10-06T06:36:04.6801773Z dist/web/assets/index-CecZB0A0.css     19.08 kB │ gzip:   5.07 kB
deploy-test	UNKNOWN STEP	2026-10-06T06:36:04.6802149Z dist/web/assets/index-D1EpTElP.js   1,357.74 kB │ gzip: 417.92 kB
deploy-test	UNKNOWN STEP	2026-10-06T06:36:04.6802329Z 
deploy-test	UNKNOWN STEP	2026-10-06T06:36:04.6802640Z ^[[32m✓ built in 456ms^[[39m
deploy-test	UNKNOWN STEP	2026-10-06T06:36:04.6802903Z ^[[33m[plugin builtin:vite-reporter] 
deploy-test	UNKNOWN STEP	2026-10-06T06:36:04.6803214Z (!) Some chunks are larger than 500 kB after minification. Consider:
deploy-test	UNKNOWN STEP	2026-10-06T06:36:04.6803550Z - Using dynamic import() to code-split the application
deploy-test	UNKNOWN STEP	2026-10-06T06:36:04.6804088Z - Use build.rolldownOptions.output.codeSplitting to improve chunking: https://rolldown.rs/reference/OutputOptions.codeSplitting
deploy-test	UNKNOWN STEP	2026-10-06T06:36:04.6804682Z - Adjust chunk size limit for this warning via build.chunkSizeWarningLimit.^[[39m
deploy-test	UNKNOWN STEP	2026-10-06T06:36:04.6805112Z ##[endgroup]
deploy-test	UNKNOWN STEP	2026-10-06T06:36:04.6805403Z ##[group]@fdp/ingestion-worker:build
deploy-test	UNKNOWN STEP	2026-10-06T06:36:04.6805653Z cache hit, replaying logs 936ac9a6e582a305
deploy-test	UNKNOWN STEP	2026-10-06T06:36:04.6805799Z 
deploy-test	UNKNOWN STEP	2026-10-06T06:36:04.6806144Z > @fdp/ingestion-worker@0.0.0 build /home/runner/work/food-digester-platform/food-digester-platform/apps/ingestion-worker
deploy-test	UNKNOWN STEP	2026-10-06T06:36:04.6806539Z > tsc -p tsconfig.build.json
deploy-test	UNKNOWN STEP	2026-10-06T06:36:04.6806655Z 
deploy-test	UNKNOWN STEP	2026-10-06T06:36:04.6806833Z ##[endgroup]
deploy-test	UNKNOWN STEP	2026-10-06T06:36:04.6807101Z ##[group]@fdp/cloud-api:build
deploy-test	UNKNOWN STEP	2026-10-06T06:36:04.6807334Z cache hit, replaying logs f68e31080bcf62ee
deploy-test	UNKNOWN STEP	2026-10-06T06:36:04.6807472Z 
deploy-test	UNKNOWN STEP	2026-10-06T06:36:04.6807745Z > @fdp/cloud-api@0.0.0 build /home/runner/work/food-digester-platform/food-digester-platform/apps/cloud-api
deploy-test	UNKNOWN STEP	2026-10-06T06:36:04.6808580Z > tsc -p tsconfig.build.json
deploy-test	UNKNOWN STEP	2026-10-06T06:36:04.6808703Z 
deploy-test	UNKNOWN STEP	2026-10-06T06:36:04.6808877Z ##[endgroup]
deploy-test	UNKNOWN STEP	2026-10-06T06:36:04.6808972Z 
deploy-test	UNKNOWN STEP	2026-10-06T06:36:04.6809073Z  Tasks:    14 successful, 14 total
deploy-test	UNKNOWN STEP	2026-10-06T06:36:04.6809300Z Cached:    14 cached, 14 total
deploy-test	UNKNOWN STEP	2026-10-06T06:36:04.6809503Z   Time:    30ms >>> FULL TURBO
deploy-test	UNKNOWN STEP	2026-10-06T06:36:04.6809619Z 
deploy-test	UNKNOWN STEP	2026-10-06T06:36:07.0289000Z Bundling asset AppDependencies/IngestionFn/Code/Stage...
deploy-test	UNKNOWN STEP	2026-10-06T06:36:07.4655639Z Bundling asset AppDependencies/ArchiveFn/Code/Stage...
deploy-test	UNKNOWN STEP	2026-10-06T06:36:07.7236810Z Bundling asset AppDependencies/OutboxPublisherFn/Code/Stage...
deploy-test	UNKNOWN STEP	2026-10-06T06:36:08.1567553Z Bundling asset AppDependencies/NotificationPublisherFn/Code/Stage...
deploy-test	UNKNOWN STEP	2026-10-06T06:36:08.5810496Z Bundling asset AppDependencies/SummaryFn/Code/Stage...
deploy-test	UNKNOWN STEP	2026-10-06T06:36:09.0002741Z Bundling asset AppDependencies/ReplayTriggerPublisherFn/Code/Stage...
deploy-test	UNKNOWN STEP	2026-10-06T06:36:09.4095537Z Bundling asset AppDependencies/ReplayFn/Code/Stage...
deploy-test	UNKNOWN STEP	2026-10-06T06:36:09.8299238Z Bundling asset AppDependencies/CertPackageSweeperFn/Code/Stage...
deploy-test	UNKNOWN STEP	2026-10-06T06:36:10.2529308Z Bundling asset AppDependencies/OnboardingDeadlineFn/Code/Stage...
deploy-test	UNKNOWN STEP	2026-10-06T06:36:10.6779387Z Bundling asset AppDependencies/RetirementTimeoutFn/Code/Stage...
deploy-test	UNKNOWN STEP	2026-10-06T06:36:11.0915697Z Bundling asset AppDependencies/ActivityExportFn/Code/Stage...
deploy-test	UNKNOWN STEP	2026-10-06T06:36:11.5080330Z Bundling asset AppDependencies/EsgExportFn/Code/Stage...
deploy-test	UNKNOWN STEP	2026-10-06T06:36:11.9381705Z Bundling asset AppDependencies/CommandPublisherFn/Code/Stage...
deploy-test	UNKNOWN STEP	2026-10-06T06:36:12.3776797Z Bundling asset AppDependencies/CommandTimeoutFn/Code/Stage...
deploy-test	UNKNOWN STEP	2026-10-06T06:36:12.8199369Z Bundling asset AppDependencies/OtaDispatcherFn/Code/Stage...
deploy-test	UNKNOWN STEP	2026-10-06T06:36:13.2352470Z Bundling asset AppDependencies/OnboardingApiFn/Code/Stage...
deploy-test	UNKNOWN STEP	2026-10-06T06:36:13.6473185Z Bundling asset AppDependencies/OnboardingProvisioningFn/Code/Stage...
deploy-test	UNKNOWN STEP	2026-10-06T06:36:14.0672290Z Bundling asset AppDependencies/DeviceApiFn/Code/Stage...
deploy-test	UNKNOWN STEP	2026-10-06T06:36:14.4938726Z Bundling asset AppDependencies/ApiFn/Code/Stage...
deploy-test	UNKNOWN STEP	2026-10-06T06:36:17.0315000Z 
deploy-test	UNKNOWN STEP	2026-10-06T06:36:17.0316001Z ✨  Synthesis time: 10.52s
deploy-test	UNKNOWN STEP	2026-10-06T06:36:17.0316281Z 
deploy-test	UNKNOWN STEP	2026-10-06T06:36:24.6056591Z fdp-test-app: creating CloudFormation changeset...
deploy-test	UNKNOWN STEP	2026-10-06T06:36:27.9207276Z AppDependencies (fdp-test-app): deploying... [1/1]
deploy-test	UNKNOWN STEP	2026-10-06T06:36:27.9207579Z 
deploy-test	UNKNOWN STEP	2026-10-06T06:36:27.9208295Z ✅  AppDependencies (fdp-test-app) (no changes)
deploy-test	UNKNOWN STEP	2026-10-06T06:36:27.9208558Z 
deploy-test	UNKNOWN STEP	2026-10-06T06:36:27.9208722Z ✨  Deployment time: 0s
deploy-test	UNKNOWN STEP	2026-10-06T06:36:27.9208856Z 
deploy-test	UNKNOWN STEP	2026-10-06T06:36:27.9208943Z Outputs:
deploy-test	UNKNOWN STEP	2026-10-06T06:36:27.9209212Z AppDependencies.AdminApiDomainHostedZoneId = ZL327KTPIQFUL
deploy-test	UNKNOWN STEP	2026-10-06T06:36:27.9210154Z AppDependencies.AdminApiDomainTarget = d-wch0foz7b3.execute-api.ap-southeast-1.amazonaws.com
deploy-test	UNKNOWN STEP	2026-10-06T06:36:27.9210776Z AppDependencies.AdminApiEndpointACFD5967 = https://ldark4ozek.execute-api.ap-southeast-1.amazonaws.com/test/
deploy-test	UNKNOWN STEP	2026-10-06T06:36:27.9211283Z AppDependencies.AdminApiUrl = https://api.bio-nexa.com/api/v1/
deploy-test	UNKNOWN STEP	2026-10-06T06:36:27.9211719Z AppDependencies.AdminBootstrapRunnerProjectName = fdp-test-admin-bootstrap-runner
deploy-test	UNKNOWN STEP	2026-10-06T06:36:27.9212107Z AppDependencies.AdminWebAmplifyAppId = d29sdr89i4zl0
deploy-test	UNKNOWN STEP	2026-10-06T06:36:27.9212424Z AppDependencies.AdminWebAmplifyBranchName = main
deploy-test	UNKNOWN STEP	2026-10-06T06:36:27.9212799Z AppDependencies.AdminWebAmplifyDefaultDomain = d29sdr89i4zl0.amplifyapp.com
deploy-test	UNKNOWN STEP	2026-10-06T06:36:27.9213195Z AppDependencies.AdminWebOrigin = https://admin.bio-nexa.com
deploy-test	UNKNOWN STEP	2026-10-06T06:36:27.9213837Z AppDependencies.ArchiveQueueUrl = https://sqs.ap-southeast-1.amazonaws.com/065986019555/fdp-test-archive
deploy-test	UNKNOWN STEP	2026-10-06T06:36:27.9214504Z AppDependencies.CertPackageKeyArn = arn:aws:kms:ap-southeast-1:065986019555:key/92a4f862-7dc0-4260-8132-5d2b1953c31b
deploy-test	UNKNOWN STEP	2026-10-06T06:36:27.9215070Z AppDependencies.DataKeyArn = arn:aws:kms:ap-southeast-1:065986019555:key/22af85c4-76d3-40c9-a849-0621740afe6c
deploy-test	UNKNOWN STEP	2026-10-06T06:36:27.9215609Z AppDependencies.DbEndpointAddress = fdp-test-db.c30ie84saulu.ap-southeast-1.rds.amazonaws.com
deploy-test	UNKNOWN STEP	2026-10-06T06:36:27.9216189Z AppDependencies.DbSecretArn = arn:aws:secretsmanager:ap-southeast-1:065986019555:secret:fdp-test-rds-credentials-hBessK
deploy-test	UNKNOWN STEP	2026-10-06T06:36:27.9216656Z AppDependencies.DeviceApiDomainHostedZoneId = ZL327KTPIQFUL
deploy-test	UNKNOWN STEP	2026-10-06T06:36:27.9219197Z AppDependencies.DeviceApiDomainTarget = d-o3ijadoene.execute-api.ap-southeast-1.amazonaws.com
deploy-test	UNKNOWN STEP	2026-10-06T06:36:27.9220020Z AppDependencies.DeviceApiEndpoint6E8144A4 = https://t363q8o51b.execute-api.ap-southeast-1.amazonaws.com/test/
deploy-test	UNKNOWN STEP	2026-10-06T06:36:27.9220542Z AppDependencies.DeviceApiUrl = https://device-api.bio-nexa.com/
deploy-test	UNKNOWN STEP	2026-10-06T06:36:27.9220961Z AppDependencies.ExportBucketName = fdp-test-export-065986019555
deploy-test	UNKNOWN STEP	2026-10-06T06:36:27.9221546Z AppDependencies.IngressQueueUrl = https://sqs.ap-southeast-1.amazonaws.com/065986019555/fdp-test-ingress
deploy-test	UNKNOWN STEP	2026-10-06T06:36:27.9222093Z AppDependencies.MediaBucketName = fdp-test-media-065986019555
deploy-test	UNKNOWN STEP	2026-10-06T06:36:27.9222486Z AppDependencies.MigrationRunnerProjectName = fdp-test-migration-runner
deploy-test	UNKNOWN STEP	2026-10-06T06:36:27.9222979Z AppDependencies.MigrationSourceBucketName = fdp-test-migration-source-065986019555-ap-southeast-1
deploy-test	UNKNOWN STEP	2026-10-06T06:36:27.9223443Z AppDependencies.OnboardingApiDomainHostedZoneId = ZL327KTPIQFUL
deploy-test	UNKNOWN STEP	2026-10-06T06:36:27.9223909Z AppDependencies.OnboardingApiDomainTarget = d-w75verkd54.execute-api.ap-southeast-1.amazonaws.com
deploy-test	UNKNOWN STEP	2026-10-06T06:36:27.9224573Z AppDependencies.OnboardingApiEndpointFDF673B9 = https://wxeml7cc33.execute-api.ap-southeast-1.amazonaws.com/test/
deploy-test	UNKNOWN STEP	2026-10-06T06:36:27.9225353Z AppDependencies.OnboardingApiUrl = https://onboard-api.bio-nexa.com/
deploy-test	UNKNOWN STEP	2026-10-06T06:36:27.9225802Z AppDependencies.OtaBucketName = fdp-test-ota-065986019555
deploy-test	UNKNOWN STEP	2026-10-06T06:36:27.9226382Z AppDependencies.OtaSigningKeyArn = arn:aws:kms:ap-southeast-1:065986019555:key/2f3b0c18-1618-4547-8188-59cd4be554f9
deploy-test	UNKNOWN STEP	2026-10-06T06:36:27.9226967Z AppDependencies.QuarantineQueueUrl = https://sqs.ap-southeast-1.amazonaws.com/065986019555/fdp-test-quarantine
deploy-test	UNKNOWN STEP	2026-10-06T06:36:27.9227422Z AppDependencies.RawBucketName = fdp-test-raw-065986019555
deploy-test	UNKNOWN STEP	2026-10-06T06:36:27.9228045Z AppDependencies.ReplayQueueUrl = https://sqs.ap-southeast-1.amazonaws.com/065986019555/fdp-test-replay
deploy-test	UNKNOWN STEP	2026-10-06T06:36:27.9228644Z AppDependencies.RuleErrorQueueUrl = https://sqs.ap-southeast-1.amazonaws.com/065986019555/fdp-test-iot-rule-error
deploy-test	UNKNOWN STEP	2026-10-06T06:36:27.9229162Z AppDependencies.TruststoreBucketName = fdp-test-mtls-truststore-065986019555
deploy-test	UNKNOWN STEP	2026-10-06T06:36:27.9229556Z AppDependencies.UserPoolClientId = 5ljdjsf9g563mc1vdc7vjdjm09
deploy-test	UNKNOWN STEP	2026-10-06T06:36:27.9229896Z AppDependencies.UserPoolId = ap-southeast-1_hZMX8LpFo
deploy-test	UNKNOWN STEP	2026-10-06T06:36:27.9230138Z Stack ARN:
deploy-test	UNKNOWN STEP	2026-10-06T06:36:27.9230503Z arn:aws:cloudformation:ap-southeast-1:065986019555:stack/fdp-test-app/f6ae9780-b495-11f1-9a00-02ffeb9f5f63
deploy-test	UNKNOWN STEP	2026-10-06T06:36:27.9230902Z 
deploy-test	UNKNOWN STEP	2026-10-06T06:36:27.9231098Z ✨  Total time: 21.41s
deploy-test	UNKNOWN STEP	2026-10-06T06:36:27.9231210Z 
deploy-test	UNKNOWN STEP	2026-10-06T06:36:28.1078618Z Post job cleanup.
deploy-test	UNKNOWN STEP	2026-10-06T06:36:28.1771483Z Post job cleanup.
deploy-test	UNKNOWN STEP	2026-10-06T06:36:28.2789591Z (node:20528) [DEP0040] DeprecationWarning: The `punycode` module is deprecated. Please use a userland alternative instead.
deploy-test	UNKNOWN STEP	2026-10-06T06:36:28.2790542Z (Use `node --trace-deprecation ...` to show where the warning was created)
deploy-test	UNKNOWN STEP	2026-10-06T06:36:28.2791911Z Cache hit occurred on the primary key node-cache-Linux-x64-pnpm-75c7fc907608ab439a8b09d5d0397666b4d43ed5b2640c9ca959afdd991ed814, not saving cache.
deploy-test	UNKNOWN STEP	2026-10-06T06:36:28.2871646Z Post job cleanup.
deploy-test	UNKNOWN STEP	2026-10-06T06:36:28.3988827Z Pruning is unnecessary.
deploy-test	UNKNOWN STEP	2026-10-06T06:36:28.4101178Z Post job cleanup.
deploy-test	UNKNOWN STEP	2026-10-06T06:36:28.4875568Z [command]/usr/bin/git version
deploy-test	UNKNOWN STEP	2026-10-06T06:36:28.4923047Z git version 2.55.0
deploy-test	UNKNOWN STEP	2026-10-06T06:36:28.4955920Z Temporarily overriding HOME='/home/runner/work/_temp/5b1f9aed-efa9-429c-ae1d-6f775229f01d' before making global git config changes
deploy-test	UNKNOWN STEP	2026-10-06T06:36:28.4957010Z Adding repository directory to the temporary git global config as a safe directory
deploy-test	UNKNOWN STEP	2026-10-06T06:36:28.4961195Z [command]/usr/bin/git config --global --add safe.directory /home/runner/work/food-digester-platform/food-digester-platform
deploy-test	UNKNOWN STEP	2026-10-06T06:36:28.4987474Z Removing SSH command configuration
deploy-test	UNKNOWN STEP	2026-10-06T06:36:28.4998930Z [command]/usr/bin/git config --local --name-only --get-regexp core\.sshCommand
deploy-test	UNKNOWN STEP	2026-10-06T06:36:28.5064407Z [command]/usr/bin/git submodule foreach --recursive sh -c "git config --local --name-only --get-regexp 'core\.sshCommand' && git config --local --unset-all 'core.sshCommand' || :"
deploy-test	UNKNOWN STEP	2026-10-06T06:36:28.5314587Z Removing HTTP extra header
deploy-test	UNKNOWN STEP	2026-10-06T06:36:28.5316918Z [command]/usr/bin/git config --local --name-only --get-regexp http\.https\:\/\/github\.com\/\.extraheader
deploy-test	UNKNOWN STEP	2026-10-06T06:36:28.5360005Z [command]/usr/bin/git submodule foreach --recursive sh -c "git config --local --name-only --get-regexp 'http\.https\:\/\/github\.com\/\.extraheader' && git config --local --unset-all 'http.https://github.com/.extraheader' || :"
deploy-test	UNKNOWN STEP	2026-10-06T06:36:28.5599120Z Removing includeIf entries pointing to credentials config files
deploy-test	UNKNOWN STEP	2026-10-06T06:36:28.5599888Z [command]/usr/bin/git config --local --name-only --get-regexp ^includeIf\.gitdir:
deploy-test	UNKNOWN STEP	2026-10-06T06:36:28.5642827Z [command]/usr/bin/git submodule foreach --recursive git config --local --show-origin --name-only --get-regexp remote.origin.url
deploy-test	UNKNOWN STEP	2026-10-06T06:36:28.5929138Z Cleaning up orphan processes
