
> food-digester-platform@0.0.0 verify /Users/anray/Documents/project/hiddenjoyacom/food-digester-platform
> pnpm lint && pnpm format:check && pnpm typecheck && pnpm openapi:check && pnpm test && pnpm build && pnpm check:boundaries && pnpm check:schemas && pnpm check:migrations && pnpm check:evidence && pnpm check:secrets && pnpm check:sensitive-sinks && pnpm check:admin-web-delivery && pnpm check:admin-web-e2e && pnpm check:cmd-ota-delivery && pnpm test:device-contracts /tmp/fdp-device-contracts-gate.json && pnpm test:iot-integration /tmp/fdp-iot-integration-gate.json && pnpm test:core-api-integration /tmp/fdp-core-api-integration-gate.json && pnpm test:admin-e2e-suite /tmp/fdp-admin-e2e-gate.json && pnpm test:security-suite /tmp/fdp-security-gate.json && pnpm test:reliability-suite /tmp/fdp-reliability-gate.json && pnpm test:prototype-regression /tmp/fdp-prototype-regression-gate.json


> food-digester-platform@0.0.0 lint /Users/anray/Documents/project/hiddenjoyacom/food-digester-platform
> eslint .


> food-digester-platform@0.0.0 format:check /Users/anray/Documents/project/hiddenjoyacom/food-digester-platform
> prettier --check .

Checking formatting...
All matched files use Prettier code style!

> food-digester-platform@0.0.0 typecheck /Users/anray/Documents/project/hiddenjoyacom/food-digester-platform
> turbo run typecheck

• turbo 2.10.11

   • Packages in scope: @fdp/admin-web, @fdp/archive-worker, @fdp/auth, @fdp/aws-clients, @fdp/cloud-api, @fdp/contracts, @fdp/database, @fdp/domain, @fdp/infra, @fdp/ingestion-worker, @fdp/media, @fdp/observability, @fdp/summary-worker
   • Running typecheck in 13 packages
   • Remote caching disabled

@fdp/infra:typecheck: cache hit, replaying logs caffea6182821728
@fdp/contracts:build: cache hit, replaying logs c0b9073b4854d18f
@fdp/contracts:typecheck: cache hit, replaying logs 4311367d52ce4c30
@fdp/observability:build: cache hit, replaying logs 82058b7e1bafdc8e
@fdp/contracts:build: 
@fdp/infra:typecheck: 
@fdp/observability:typecheck: cache hit, replaying logs 71534a5e82b9c6c8
@fdp/infra:typecheck: > @fdp/infra@0.0.0 typecheck /Users/anray/Documents/project/hiddenjoyacom/food-digester-platform/infra
@fdp/infra:typecheck: > tsc -p tsconfig.json
@fdp/infra:typecheck: 
@fdp/contracts:build: > @fdp/contracts@0.0.0 build /Users/anray/Documents/project/hiddenjoyacom/food-digester-platform/contracts
@fdp/contracts:build: > node -e "console.log('@fdp/contracts 为源码契约包：内部使用 .ts 扩展名互引，不经 tsc 构建；消费方经 tsx/打包器直接使用源码')"
@fdp/contracts:build: 
@fdp/contracts:build: @fdp/contracts 为源码契约包：内部使用 .ts 扩展名互引，不经 tsc 构建；消费方经 tsx/打包器直接使用源码
@fdp/contracts:typecheck: 
@fdp/contracts:typecheck: > @fdp/contracts@0.0.0 typecheck /Users/anray/Documents/project/hiddenjoyacom/food-digester-platform/contracts
@fdp/aws-clients:build: cache hit, replaying logs 72b741ff8e28f9c8
@fdp/contracts:typecheck: > tsc -p tsconfig.json
@fdp/contracts:typecheck: 
@fdp/aws-clients:typecheck: cache hit, replaying logs 767e47322641a244
@fdp/observability:build: 
@fdp/observability:build: > @fdp/observability@0.0.0 build /Users/anray/Documents/project/hiddenjoyacom/food-digester-platform/packages/observability
@fdp/observability:build: > tsc -p tsconfig.build.json
@fdp/observability:build: 
@fdp/observability:typecheck: 
@fdp/observability:typecheck: > @fdp/observability@0.0.0 typecheck /Users/anray/Documents/project/hiddenjoyacom/food-digester-platform/packages/observability
@fdp/observability:typecheck: > tsc -p tsconfig.json
@fdp/observability:typecheck: 
@fdp/aws-clients:typecheck: 
@fdp/aws-clients:typecheck: > @fdp/aws-clients@0.0.0 typecheck /Users/anray/Documents/project/hiddenjoyacom/food-digester-platform/packages/aws-clients
@fdp/aws-clients:typecheck: > tsc -p tsconfig.json
@fdp/aws-clients:typecheck: 
@fdp/database:generate: cache hit, replaying logs 90b5fadf9e5c3a89
@fdp/aws-clients:build: 
@fdp/aws-clients:build: > @fdp/aws-clients@0.0.0 build /Users/anray/Documents/project/hiddenjoyacom/food-digester-platform/packages/aws-clients
@fdp/aws-clients:build: > tsc -p tsconfig.build.json
@fdp/aws-clients:build: 
@fdp/database:generate: 
@fdp/database:generate: > @fdp/database@0.0.0 generate /Users/anray/Documents/project/hiddenjoyacom/food-digester-platform/packages/database
@fdp/database:generate: > prisma generate
@fdp/database:generate: 
@fdp/database:generate: Loaded Prisma config from prisma.config.ts.
@fdp/database:generate: 
@fdp/database:generate: Prisma schema loaded from prisma/schema.prisma.
@fdp/database:generate: 
@fdp/database:generate: ✔ Generated Prisma Client (7.9.1) to ./src/generated in 146ms
@fdp/database:generate: 
@fdp/domain:typecheck: cache hit, replaying logs 0efde3a59a3d1f11
@fdp/domain:build: cache hit, replaying logs f00e96dee2d73d66
@fdp/domain:typecheck: 
@fdp/domain:typecheck: > @fdp/domain@0.0.0 typecheck /Users/anray/Documents/project/hiddenjoyacom/food-digester-platform/packages/domain
@fdp/domain:typecheck: > tsc -p tsconfig.json
@fdp/domain:typecheck: 
@fdp/domain:build: 
@fdp/domain:build: > @fdp/domain@0.0.0 build /Users/anray/Documents/project/hiddenjoyacom/food-digester-platform/packages/domain
@fdp/domain:build: > tsc -p tsconfig.build.json
@fdp/domain:build: 
@fdp/database:typecheck: cache hit, replaying logs ad79f49a50b02451
@fdp/database:typecheck: 
@fdp/database:typecheck: > @fdp/database@0.0.0 typecheck /Users/anray/Documents/project/hiddenjoyacom/food-digester-platform/packages/database
@fdp/database:typecheck: > tsc -p tsconfig.json
@fdp/database:typecheck: 
@fdp/database:build: cache hit, replaying logs 66c4af3d114824f1
@fdp/database:build: 
@fdp/database:build: > @fdp/database@0.0.0 build /Users/anray/Documents/project/hiddenjoyacom/food-digester-platform/packages/database
@fdp/database:build: > tsc -p tsconfig.build.json
@fdp/database:build: 
@fdp/auth:typecheck: cache hit, replaying logs 6351af3bbd945b2f
@fdp/media:typecheck: cache hit, replaying logs 5c75cbf2efae441e
@fdp/auth:typecheck: 
@fdp/auth:typecheck: > @fdp/auth@0.0.0 typecheck /Users/anray/Documents/project/hiddenjoyacom/food-digester-platform/packages/auth
@fdp/auth:typecheck: > tsc -p tsconfig.json
@fdp/auth:typecheck: 
@fdp/summary-worker:typecheck: cache hit, replaying logs bbd3431b56d5c8ca
@fdp/archive-worker:typecheck: cache hit, replaying logs 52faef078d8f7485
@fdp/media:build: cache hit, replaying logs fd4158921cf02bd4
@fdp/summary-worker:typecheck: 
@fdp/summary-worker:typecheck: > @fdp/summary-worker@0.0.0 typecheck /Users/anray/Documents/project/hiddenjoyacom/food-digester-platform/apps/summary-worker
@fdp/summary-worker:typecheck: > tsc -p tsconfig.json
@fdp/summary-worker:typecheck: 
@fdp/archive-worker:typecheck: 
@fdp/archive-worker:typecheck: > @fdp/archive-worker@0.0.0 typecheck /Users/anray/Documents/project/hiddenjoyacom/food-digester-platform/apps/archive-worker
@fdp/archive-worker:typecheck: > tsc -p tsconfig.json
@fdp/archive-worker:typecheck: 
@fdp/media:build: 
@fdp/media:build: > @fdp/media@0.0.0 build /Users/anray/Documents/project/hiddenjoyacom/food-digester-platform/packages/media
@fdp/media:build: > tsc -p tsconfig.build.json
@fdp/media:build: 
@fdp/auth:build: cache hit, replaying logs b2cbc6b761117b1c
@fdp/media:typecheck: 
@fdp/media:typecheck: > @fdp/media@0.0.0 typecheck /Users/anray/Documents/project/hiddenjoyacom/food-digester-platform/packages/media
@fdp/media:typecheck: > tsc -p tsconfig.json
@fdp/media:typecheck: 
@fdp/auth:build: 
@fdp/auth:build: > @fdp/auth@0.0.0 build /Users/anray/Documents/project/hiddenjoyacom/food-digester-platform/packages/auth
@fdp/auth:build: > tsc -p tsconfig.build.json
@fdp/auth:build: 
@fdp/cloud-api:typecheck: cache hit, replaying logs d0b2ae8750d6eb62
@fdp/admin-web:typecheck: cache hit, replaying logs 46f0ce7bdd4d33e5
@fdp/ingestion-worker:typecheck: cache hit, replaying logs 78bd2d061585659d
@fdp/cloud-api:typecheck: 
@fdp/cloud-api:typecheck: > @fdp/cloud-api@0.0.0 typecheck /Users/anray/Documents/project/hiddenjoyacom/food-digester-platform/apps/cloud-api
@fdp/cloud-api:typecheck: > tsc -p tsconfig.json
@fdp/cloud-api:typecheck: 
@fdp/admin-web:typecheck: 
@fdp/admin-web:typecheck: > @fdp/admin-web@0.0.0 typecheck /Users/anray/Documents/project/hiddenjoyacom/food-digester-platform/apps/admin-web
@fdp/admin-web:typecheck: > tsc -p tsconfig.json && tsc -p tsconfig.e2e.json
@fdp/admin-web:typecheck: 
@fdp/ingestion-worker:typecheck: 
@fdp/ingestion-worker:typecheck: > @fdp/ingestion-worker@0.0.0 typecheck /Users/anray/Documents/project/hiddenjoyacom/food-digester-platform/apps/ingestion-worker
@fdp/ingestion-worker:typecheck: > tsc -p tsconfig.json
@fdp/ingestion-worker:typecheck: 

 Tasks:    21 successful, 21 total
Cached:    21 cached, 21 total
  Time:    28ms >>> FULL TURBO


> food-digester-platform@0.0.0 openapi:check /Users/anray/Documents/project/hiddenjoyacom/food-digester-platform
> node scripts/build-openapi.mjs --check && redocly lint contracts/rest/openapi-base.json "contracts/rest/*-api.json" contracts/rest/openapi.bundle.json --extends spec

OpenAPI bundle 新鲜：contracts/rest/openapi.bundle.json

    ╔═══════════════════════════════════════════════════════╗
    ║                                                       ║
    ║  A new version of Redocly CLI (2.57.0) is available.  ║
    ║  Update now: `npm i -g @redocly/cli@latest`.          ║
    ║  Changelog: https://redocly.com/docs/cli/changelog/   ║
    ║                                                       ║
    ╚═══════════════════════════════════════════════════════╝

validating contracts/rest/openapi-base.json...
contracts/rest/openapi-base.json: validated in 6ms

validating contracts/rest/prototype-planned-api.json...
contracts/rest/prototype-planned-api.json: validated in 5ms

validating contracts/rest/device-sync-api.json...
contracts/rest/device-sync-api.json: validated in 5ms

validating contracts/rest/device-ota-api.json...
contracts/rest/device-ota-api.json: validated in 2ms

validating contracts/rest/device-onboarding-api.json...
contracts/rest/device-onboarding-api.json: validated in 3ms

validating contracts/rest/device-media-api.json...
contracts/rest/device-media-api.json: validated in 3ms

validating contracts/rest/device-deactivate-api.json...
contracts/rest/device-deactivate-api.json: validated in 3ms

validating contracts/rest/device-certificate-api.json...
contracts/rest/device-certificate-api.json: validated in 2ms

validating contracts/rest/admin-user-api.json...
contracts/rest/admin-user-api.json: validated in 3ms

validating contracts/rest/admin-site-api.json...
contracts/rest/admin-site-api.json: validated in 3ms

validating contracts/rest/admin-settings-api.json...
contracts/rest/admin-settings-api.json: validated in 2ms

validating contracts/rest/admin-replay-api.json...
contracts/rest/admin-replay-api.json: validated in 2ms

validating contracts/rest/admin-ota-package-api.json...
contracts/rest/admin-ota-package-api.json: validated in 3ms

validating contracts/rest/admin-ota-campaign-api.json...
contracts/rest/admin-ota-campaign-api.json: validated in 4ms

validating contracts/rest/admin-onboarding-api.json...
contracts/rest/admin-onboarding-api.json: validated in 3ms

validating contracts/rest/admin-media-api.json...
contracts/rest/admin-media-api.json: validated in 2ms

validating contracts/rest/admin-license-api.json...
contracts/rest/admin-license-api.json: validated in 3ms

validating contracts/rest/admin-esg-api.json...
contracts/rest/admin-esg-api.json: validated in 4ms

validating contracts/rest/admin-device-user-api.json...
contracts/rest/admin-device-user-api.json: validated in 3ms

validating contracts/rest/admin-device-status-api.json...
contracts/rest/admin-device-status-api.json: validated in 2ms

validating contracts/rest/admin-device-retirement-api.json...
contracts/rest/admin-device-retirement-api.json: validated in 2ms

validating contracts/rest/admin-device-console-api.json...
contracts/rest/admin-device-console-api.json: validated in 3ms

validating contracts/rest/admin-device-assignment-api.json...
contracts/rest/admin-device-assignment-api.json: validated in 2ms

validating contracts/rest/admin-device-api.json...
contracts/rest/admin-device-api.json: validated in 3ms

validating contracts/rest/admin-dashboard-api.json...
contracts/rest/admin-dashboard-api.json: validated in 2ms

validating contracts/rest/admin-customer-api.json...
contracts/rest/admin-customer-api.json: validated in 2ms

validating contracts/rest/admin-contract-device-api.json...
contracts/rest/admin-contract-device-api.json: validated in 2ms

validating contracts/rest/admin-contract-api.json...
contracts/rest/admin-contract-api.json: validated in 3ms

validating contracts/rest/admin-consumable-request-api.json...
contracts/rest/admin-consumable-request-api.json: validated in 2ms

validating contracts/rest/admin-consumable-api.json...
contracts/rest/admin-consumable-api.json: validated in 2ms

validating contracts/rest/admin-configuration-api.json...
contracts/rest/admin-configuration-api.json: validated in 3ms

validating contracts/rest/admin-command-api.json...
contracts/rest/admin-command-api.json: validated in 3ms

validating contracts/rest/admin-certificate-rotation-api.json...
contracts/rest/admin-certificate-rotation-api.json: validated in 2ms

validating contracts/rest/admin-audit-api.json...
contracts/rest/admin-audit-api.json: validated in 2ms

validating contracts/rest/admin-alarm-api.json...
contracts/rest/admin-alarm-api.json: validated in 3ms

validating contracts/rest/openapi.bundle.json...
contracts/rest/openapi.bundle.json: validated in 32ms

Woohoo! Your API descriptions are valid. 🎉


> food-digester-platform@0.0.0 test /Users/anray/Documents/project/hiddenjoyacom/food-digester-platform
> vitest run && pnpm test:contracts && pnpm test:scripts


 RUN  v4.1.11 /Users/anray/Documents/project/hiddenjoyacom/food-digester-platform

Bundling asset Qa09Perf/IngestionFn/Code/Stage...
Bundling asset TestStack/IngestionFn/Code/Stage...
Bundling asset DeployTest/IngestionFn/Code/Stage...
Bundling asset Qa09Perf/ArchiveFn/Code/Stage...
Bundling asset TestStack/ArchiveFn/Code/Stage...
Bundling asset DeployTest/ArchiveFn/Code/Stage...
Bundling asset Qa09Perf/OutboxPublisherFn/Code/Stage...
Bundling asset TestStack/OutboxPublisherFn/Code/Stage...
Bundling asset DeployTest/OutboxPublisherFn/Code/Stage...
Bundling asset Qa09Perf/NotificationPublisherFn/Code/Stage...
Bundling asset TestStack/NotificationPublisherFn/Code/Stage...
Bundling asset DeployTest/NotificationPublisherFn/Code/Stage...
Bundling asset Qa09Perf/SummaryFn/Code/Stage...
Bundling asset TestStack/SummaryFn/Code/Stage...
Bundling asset DeployTest/SummaryFn/Code/Stage...
Bundling asset TestStack/ReplayTriggerPublisherFn/Code/Stage...
Bundling asset Qa09Perf/ReplayTriggerPublisherFn/Code/Stage...
Bundling asset DeployTest/ReplayTriggerPublisherFn/Code/Stage...
Bundling asset TestStack/ReplayFn/Code/Stage...
Bundling asset Qa09Perf/ReplayFn/Code/Stage...
Bundling asset DeployTest/ReplayFn/Code/Stage...
Bundling asset Qa09Perf/CertPackageSweeperFn/Code/Stage...
Bundling asset TestStack/CertPackageSweeperFn/Code/Stage...
Bundling asset DeployTest/CertPackageSweeperFn/Code/Stage...
Bundling asset Qa09Perf/OnboardingDeadlineFn/Code/Stage...
Bundling asset TestStack/OnboardingDeadlineFn/Code/Stage...
Bundling asset DeployTest/OnboardingDeadlineFn/Code/Stage...
Bundling asset Qa09Perf/RetirementTimeoutFn/Code/Stage...
Bundling asset TestStack/RetirementTimeoutFn/Code/Stage...
Bundling asset DeployTest/RetirementTimeoutFn/Code/Stage...
Bundling asset Qa09Perf/ActivityExportFn/Code/Stage...
Bundling asset TestStack/ActivityExportFn/Code/Stage...
Bundling asset DeployTest/ActivityExportFn/Code/Stage...
Bundling asset Qa09Perf/EsgExportFn/Code/Stage...
Bundling asset TestStack/EsgExportFn/Code/Stage...
Bundling asset DeployTest/EsgExportFn/Code/Stage...
Bundling asset Qa09Perf/CommandPublisherFn/Code/Stage...
Bundling asset TestStack/CommandPublisherFn/Code/Stage...
Bundling asset DeployTest/CommandPublisherFn/Code/Stage...
Bundling asset Qa09Perf/CommandTimeoutFn/Code/Stage...
Bundling asset TestStack/CommandTimeoutFn/Code/Stage...
Bundling asset DeployTest/CommandTimeoutFn/Code/Stage...
Bundling asset Qa09Perf/OtaDispatcherFn/Code/Stage...
Bundling asset TestStack/OtaDispatcherFn/Code/Stage...
Bundling asset DeployTest/OtaDispatcherFn/Code/Stage...
Bundling asset Qa09Perf/OnboardingApiFn/Code/Stage...
Bundling asset TestStack/OnboardingApiFn/Code/Stage...
Bundling asset DeployTest/OnboardingApiFn/Code/Stage...
Bundling asset Qa09Perf/OnboardingProvisioningFn/Code/Stage...
Bundling asset TestStack/OnboardingProvisioningFn/Code/Stage...
Bundling asset DeployTest/OnboardingProvisioningFn/Code/Stage...
Bundling asset Qa09Perf/DeviceApiFn/Code/Stage...
Bundling asset TestStack/DeviceApiFn/Code/Stage...
Bundling asset DeployTest/DeviceApiFn/Code/Stage...
Bundling asset Qa09Perf/ApiFn/Code/Stage...
Bundling asset TestStack/ApiFn/Code/Stage...
Bundling asset DeployTest/ApiFn/Code/Stage...
Bundling asset TestStack/IngestionFn/Code/Stage...
Bundling asset TestStack/ArchiveFn/Code/Stage...
Bundling asset TestStack/OutboxPublisherFn/Code/Stage...
Bundling asset TestStack/NotificationPublisherFn/Code/Stage...
Bundling asset TestStack/SummaryFn/Code/Stage...
Bundling asset TestStack/ReplayTriggerPublisherFn/Code/Stage...
Bundling asset TestStack/ReplayFn/Code/Stage...
Bundling asset TestStack/CertPackageSweeperFn/Code/Stage...
Bundling asset TestStack/OnboardingDeadlineFn/Code/Stage...
Bundling asset TestStack/RetirementTimeoutFn/Code/Stage...
Bundling asset TestStack/ActivityExportFn/Code/Stage...
Bundling asset TestStack/EsgExportFn/Code/Stage...
Bundling asset TestStack/CommandPublisherFn/Code/Stage...
Bundling asset TestStack/CommandTimeoutFn/Code/Stage...
Bundling asset TestStack/OtaDispatcherFn/Code/Stage...
Bundling asset TestStack/OnboardingApiFn/Code/Stage...
Bundling asset TestStack/OnboardingProvisioningFn/Code/Stage...
Bundling asset TestStack/DeviceApiFn/Code/Stage...
Bundling asset TestStack/ApiFn/Code/Stage...
Bundling asset TestStack/IngestionFn/Code/Stage...
Bundling asset TestStack/ArchiveFn/Code/Stage...
Bundling asset TestStack/OutboxPublisherFn/Code/Stage...
Bundling asset TestStack/NotificationPublisherFn/Code/Stage...
Bundling asset TestStack/SummaryFn/Code/Stage...
Bundling asset TestStack/ReplayTriggerPublisherFn/Code/Stage...
Bundling asset TestStack/ReplayFn/Code/Stage...
Bundling asset TestStack/CertPackageSweeperFn/Code/Stage...
Bundling asset TestStack/OnboardingDeadlineFn/Code/Stage...
Bundling asset TestStack/IngestionFn/Code/Stage...
Bundling asset TestStack/RetirementTimeoutFn/Code/Stage...
Bundling asset TestStack/ArchiveFn/Code/Stage...
Bundling asset TestStack/OutboxPublisherFn/Code/Stage...
Bundling asset TestStack/ActivityExportFn/Code/Stage...
Bundling asset TestStack/NotificationPublisherFn/Code/Stage...
Bundling asset TestStack/EsgExportFn/Code/Stage...
Bundling asset TestStack/SummaryFn/Code/Stage...
Bundling asset TestStack/CommandPublisherFn/Code/Stage...
Bundling asset TestStack/ReplayTriggerPublisherFn/Code/Stage...
Bundling asset TestStack/CommandTimeoutFn/Code/Stage...
Bundling asset TestStack/ReplayFn/Code/Stage...
Bundling asset TestStack/OtaDispatcherFn/Code/Stage...
Bundling asset TestStack/CertPackageSweeperFn/Code/Stage...
Bundling asset TestStack/OnboardingApiFn/Code/Stage...
Bundling asset TestStack/OnboardingDeadlineFn/Code/Stage...
Bundling asset TestStack/OnboardingProvisioningFn/Code/Stage...
Bundling asset TestStack/RetirementTimeoutFn/Code/Stage...
Bundling asset TestStack/DeviceApiFn/Code/Stage...
Bundling asset TestStack/ActivityExportFn/Code/Stage...
Bundling asset TestStack/ApiFn/Code/Stage...
Bundling asset TestStack/EsgExportFn/Code/Stage...
Bundling asset TestStack/CommandPublisherFn/Code/Stage...
Bundling asset TestStack/CommandTimeoutFn/Code/Stage...
Bundling asset TestStack/IngestionFn/Code/Stage...
Bundling asset TestStack/OtaDispatcherFn/Code/Stage...
Bundling asset TestStack/ArchiveFn/Code/Stage...
Bundling asset TestStack/OutboxPublisherFn/Code/Stage...
Bundling asset TestStack/OnboardingApiFn/Code/Stage...
Bundling asset TestStack/NotificationPublisherFn/Code/Stage...
Bundling asset TestStack/OnboardingProvisioningFn/Code/Stage...
Bundling asset TestStack/SummaryFn/Code/Stage...
Bundling asset TestStack/DeviceApiFn/Code/Stage...
Bundling asset TestStack/ReplayTriggerPublisherFn/Code/Stage...
Bundling asset TestStack/ApiFn/Code/Stage...
Bundling asset TestStack/ReplayFn/Code/Stage...
Bundling asset TestStack/CertPackageSweeperFn/Code/Stage...
Bundling asset TestStack/OnboardingDeadlineFn/Code/Stage...
Bundling asset TestStack/RetirementTimeoutFn/Code/Stage...
Bundling asset TestStack/ActivityExportFn/Code/Stage...
Bundling asset TestStack/EsgExportFn/Code/Stage...
Bundling asset TestStack/CommandPublisherFn/Code/Stage...
Bundling asset TestStack/CommandTimeoutFn/Code/Stage...
Bundling asset TestStack/OtaDispatcherFn/Code/Stage...
Bundling asset TestStack/OnboardingApiFn/Code/Stage...
Bundling asset TestStack/OnboardingProvisioningFn/Code/Stage...
Bundling asset TestStack/DeviceApiFn/Code/Stage...
Bundling asset TestStack/ApiFn/Code/Stage...
Bundling asset TestStack/IngestionFn/Code/Stage...
Bundling asset TestStack/ArchiveFn/Code/Stage...
Bundling asset TestStack/OutboxPublisherFn/Code/Stage...
Bundling asset TestStack/NotificationPublisherFn/Code/Stage...
Bundling asset TestStack/SummaryFn/Code/Stage...
Bundling asset TestStack/ReplayTriggerPublisherFn/Code/Stage...
Bundling asset TestStack/ReplayFn/Code/Stage...
Bundling asset TestStack/CertPackageSweeperFn/Code/Stage...
Bundling asset TestStack/OnboardingDeadlineFn/Code/Stage...
Bundling asset TestStack/RetirementTimeoutFn/Code/Stage...
Bundling asset TestStack/ActivityExportFn/Code/Stage...
Bundling asset TestStack/EsgExportFn/Code/Stage...
Bundling asset TestStack/CommandPublisherFn/Code/Stage...
Bundling asset TestStack/CommandTimeoutFn/Code/Stage...
Bundling asset TestStack/OtaDispatcherFn/Code/Stage...
Bundling asset TestStack/OnboardingApiFn/Code/Stage...
Bundling asset TestStack/OnboardingProvisioningFn/Code/Stage...
Bundling asset TestStack/DeviceApiFn/Code/Stage...
Bundling asset TestStack/ApiFn/Code/Stage...
Bundling asset TestStack/IngestionFn/Code/Stage...
Bundling asset TestStack/ArchiveFn/Code/Stage...
Bundling asset TestStack/OutboxPublisherFn/Code/Stage...
Bundling asset TestStack/NotificationPublisherFn/Code/Stage...
Bundling asset TestStack/SummaryFn/Code/Stage...
Bundling asset TestStack/ReplayTriggerPublisherFn/Code/Stage...
Bundling asset TestStack/ReplayFn/Code/Stage...
Bundling asset TestStack/CertPackageSweeperFn/Code/Stage...
Bundling asset TestStack/OnboardingDeadlineFn/Code/Stage...
Bundling asset TestStack/RetirementTimeoutFn/Code/Stage...
Bundling asset TestStack/ActivityExportFn/Code/Stage...
Bundling asset TestStack/EsgExportFn/Code/Stage...
Bundling asset TestStack/CommandPublisherFn/Code/Stage...
Bundling asset TestStack/CommandTimeoutFn/Code/Stage...
Bundling asset TestStack/OtaDispatcherFn/Code/Stage...
Bundling asset TestStack/OnboardingApiFn/Code/Stage...
Bundling asset TestStack/OnboardingProvisioningFn/Code/Stage...
Bundling asset TestStack/DeviceApiFn/Code/Stage...
Bundling asset TestStack/ApiFn/Code/Stage...
Bundling asset TestStack/IngestionFn/Code/Stage...
Bundling asset TestStack/ArchiveFn/Code/Stage...
Bundling asset TestStack/OutboxPublisherFn/Code/Stage...
Bundling asset TestStack/NotificationPublisherFn/Code/Stage...
Bundling asset TestStack/SummaryFn/Code/Stage...
Bundling asset TestStack/ReplayTriggerPublisherFn/Code/Stage...
Bundling asset TestStack/ReplayFn/Code/Stage...
Bundling asset TestStack/CertPackageSweeperFn/Code/Stage...
Bundling asset TestStack/OnboardingDeadlineFn/Code/Stage...
Bundling asset TestStack/RetirementTimeoutFn/Code/Stage...
Bundling asset TestStack/ActivityExportFn/Code/Stage...
Bundling asset TestStack/EsgExportFn/Code/Stage...
Bundling asset TestStack/CommandPublisherFn/Code/Stage...
Bundling asset TestStack/CommandTimeoutFn/Code/Stage...
Bundling asset TestStack/OtaDispatcherFn/Code/Stage...
Bundling asset TestStack/OnboardingApiFn/Code/Stage...
Bundling asset TestStack/OnboardingProvisioningFn/Code/Stage...
Bundling asset TestStack/DeviceApiFn/Code/Stage...
Bundling asset TestStack/ApiFn/Code/Stage...
Bundling asset Named/IngestionFn/Code/Stage...
Bundling asset Named/ArchiveFn/Code/Stage...
Bundling asset Named/OutboxPublisherFn/Code/Stage...
Bundling asset Named/NotificationPublisherFn/Code/Stage...
Bundling asset Named/SummaryFn/Code/Stage...
Bundling asset Named/ReplayTriggerPublisherFn/Code/Stage...
Bundling asset Named/ReplayFn/Code/Stage...
Bundling asset Named/CertPackageSweeperFn/Code/Stage...
Bundling asset Named/OnboardingDeadlineFn/Code/Stage...
Bundling asset Named/RetirementTimeoutFn/Code/Stage...
Bundling asset Named/ActivityExportFn/Code/Stage...
Bundling asset Named/EsgExportFn/Code/Stage...
Bundling asset Named/CommandPublisherFn/Code/Stage...
Bundling asset Named/CommandTimeoutFn/Code/Stage...
Bundling asset Named/OtaDispatcherFn/Code/Stage...
Bundling asset Named/OnboardingApiFn/Code/Stage...
Bundling asset Named/OnboardingProvisioningFn/Code/Stage...
Bundling asset Named/DeviceApiFn/Code/Stage...
Bundling asset Named/ApiFn/Code/Stage...
Bundling asset TestStack/IngestionFn/Code/Stage...
Bundling asset TestStack/ArchiveFn/Code/Stage...
Bundling asset TestStack/OutboxPublisherFn/Code/Stage...
Bundling asset TestStack/NotificationPublisherFn/Code/Stage...
Bundling asset TestStack/SummaryFn/Code/Stage...
Bundling asset TestStack/ReplayTriggerPublisherFn/Code/Stage...
Bundling asset TestStack/ReplayFn/Code/Stage...
Bundling asset TestStack/CertPackageSweeperFn/Code/Stage...
Bundling asset TestStack/OnboardingDeadlineFn/Code/Stage...
Bundling asset TestStack/RetirementTimeoutFn/Code/Stage...
Bundling asset TestStack/ActivityExportFn/Code/Stage...
Bundling asset TestStack/EsgExportFn/Code/Stage...
Bundling asset TestStack/CommandPublisherFn/Code/Stage...
Bundling asset TestStack/CommandTimeoutFn/Code/Stage...
Bundling asset TestStack/OtaDispatcherFn/Code/Stage...
Bundling asset TestStack/OnboardingApiFn/Code/Stage...
Bundling asset TestStack/OnboardingProvisioningFn/Code/Stage...
Bundling asset TestStack/DeviceApiFn/Code/Stage...
Bundling asset TestStack/ApiFn/Code/Stage...

 Test Files  164 passed (164)
      Tests  1325 passed (1325)
   Start at  21:20:46
   Duration  66.02s (transform 10.67s, setup 0ms, import 121.41s, tests 260.44s, environment 10.46s)


> food-digester-platform@0.0.0 test:contracts /Users/anray/Documents/project/hiddenjoyacom/food-digester-platform
> pnpm --filter @fdp/contracts test


> @fdp/contracts@0.0.0 test /Users/anray/Documents/project/hiddenjoyacom/food-digester-platform/contracts
> node --import tsx --test mqtt/*.test.ts mqtt/*.test.mjs domain/*.test.ts lifecycle/*.test.ts media/*.test.ts security/*.test.ts rest/*.test.ts iot/*.test.mjs archive/*.test.mjs configuration/*.test.ts settings/*.test.ts

✔ 合法 Manifest fixtures 通过校验 (0.796792ms)
✔ 非法 Manifest fixtures 被拒绝 (0.197584ms)
✔ DEC-016 已冻结且策略覆盖全部阻塞任务 (0.636708ms)
✔ 三类来源使用独立 Envelope 与互斥前缀 (0.121958ms)
✔ License/OTA 禁止伪装为 MQTT 原文，OTA 记录类型封闭 (0.057042ms)
✔ 归档 Envelope 判别字段和版本固定 (0.049708ms)
✔ DEC-018 策略结构有效、已冻结且覆盖全部阻塞任务 (0.864708ms)
✔ V1 只允许四字段，范围、单位、默认值与冻结值一致 (0.06925ms)
✔ Admin Configuration 与 Device Sync OpenAPI 逐字段匹配统一策略 (0.131917ms)
✔ TS 常量与 JSON 策略一致 (0.061166ms)
✔ 策略 JSON 通过自身 JSON Schema 结构校验 (0.772542ms)
✔ 负向结构：实时流启用、非法范围/刷新模式与缺失字段被 Schema 拒绝 (0.288333ms)
✔ x-decision-versions 引用 DEC-009 且版本与决策登记一致；prototype-traceability.yaml 同步 (0.065167ms)
✔ 冻结值定性规则可执行：仅最新授权 Media、手动刷新、禁实时流 (0.06025ms)
✔ 策略消费者均为合法任务 ID 且覆盖 DEC-009 阻塞任务 (0.118917ms)
✔ TS 常量与 camera-interaction-policy.json 完全一致 (0.097ms)
✔ 策略 JSON 通过自身 JSON Schema 结构校验 (2.337959ms)
✔ 负向结构：数据来源篡改与缺失字段被 Schema 拒绝 (0.3635ms)
✔ x-decision-versions 引用 DEC-008 且版本与决策登记一致；prototype-traceability.yaml 同步 (0.064917ms)
✔ 冻结值定性规则可执行：封闭类型集合、仅设备上报、禁云端臆测 (0.102083ms)
✔ 冻结参数可执行：正式名称、阈值和 24 小时过期规则 (0.218459ms)
✔ 策略消费者均为合法任务 ID 且覆盖 DEC-008 阻塞任务 (0.121584ms)
✔ TS 常量与 consumables-policy.json 完全一致 (0.084333ms)
✔ 策略 JSON 通过自身 JSON Schema 结构校验 (0.696292ms)
✔ 负向结构：联动规则反转与缺失字段被 Schema 拒绝 (0.277833ms)
✔ x-decision-versions 引用 DEC-007 且版本与决策登记一致；prototype-traceability.yaml 同步 (0.060292ms)
✔ 冻结值定性规则可执行：职责划分、联动与展示 (0.108166ms)
✔ 策略消费者均为合法任务 ID 且覆盖 DEC-007 阻塞任务与关联任务 (0.121292ms)
✔ TS 常量与 contract-license-relation.json 完全一致 (0.07075ms)
✔ DEC-019 alias 策略已冻结且无待定参数 (0.559167ms)
✔ TS、JSON 与 Admin Device OpenAPI 使用同一 alias 规则 (0.094834ms)
✔ 策略 JSON 通过自身 JSON Schema 结构校验 (0.706417ms)
✔ 负向结构：单字段混用、独立存储"启用"与缺失字段被 Schema 拒绝 (0.29875ms)
✔ x-decision-versions 引用 DEC-010 且版本与决策登记一致；prototype-traceability.yaml 同步 (0.062334ms)
✔ 冻结值定性规则可执行：四轴分离、禁单字段混用、派生原则 (0.100875ms)
✔ 冻结参数可执行：启用由 Active 生命周期和有效 License 派生 (0.050833ms)
✔ 策略消费者均为合法任务 ID 且覆盖 DEC-010 阻塞任务与关联任务 (0.115625ms)
✔ TS 常量与 device-status-axes-policy.json 完全一致 (0.064959ms)
✔ 策略 JSON 通过自身 JSON Schema 结构校验 (0.725792ms)
✔ 负向结构：设备地域真值与缺失字段被 Schema 拒绝 (0.239708ms)
✔ x-decision-versions 引用 DEC-011 且版本与决策登记一致；prototype-traceability.yaml 同步 (0.064417ms)
✔ 冻结值定性规则可执行：层级链、Site 属性、设备仅关联 Site (0.105167ms)
✔ 策略消费者均为合法任务 ID 且覆盖 DEC-011 阻塞任务 (0.116875ms)
✔ TS 常量与 geo-model-policy.json 完全一致 (0.064583ms)
✔ 策略 JSON 通过自身 JSON Schema 结构校验 (1.726333ms)
✔ 负向结构：AWS 授权、矩阵可编辑与缺失字段被 Schema 拒绝 (1.300958ms)
✔ x-decision-versions 引用 DEC-012 且版本与决策登记一致；prototype-traceability.yaml 同步 (0.083334ms)
✔ 冻结值定性规则可执行：封闭映射、界面名、AWS 权限与矩阵规则 (0.166125ms)
✔ 策略消费者均为合法任务 ID 且覆盖 DEC-012 阻塞任务 (0.14725ms)
✔ TS 常量与 role-mapping-policy.json 完全一致 (0.099458ms)
✔ Envelope 必填五个 iot* 上下文字段，Payload 平铺透传 (0.563875ms)
✔ iotType 枚举与 topic-catalog 上行类型严格一致（8 个） (0.086291ms)
✔ 所有合法 Fixture 通过校验（含 Payload 内不可信身份字段的样本） (0.299708ms)
✔ 所有非法 Fixture 被稳定拒绝且错误路径正确 (0.131208ms)
✔ 矩阵 JSON 通过自身 JSON Schema 结构校验 (0.8955ms)
✔ 负向结构：缺失必填字段、非法枚举与额外行为键被 Schema 拒绝 (0.489209ms)
✔ x-decision-versions 引用 DEC-001 且版本与决策登记一致 (0.057416ms)
✔ 冻结值：独立状态；允许维护、同步、遥测、告警和 OTA (0.068917ms)
✔ Maintenance Sync 节奏为 15 分钟（Suspended 节奏） (0.051708ms)
✔ 失败关闭：未知行为拒绝并抛出稳定错误 (0.184375ms)
✔ 命令策略与 command-catalog 一致：Maintenance 允许集合 == Suspended 允许集合 (0.105583ms)
✔ 行为条目消费者均为合法任务 ID 且覆盖 DEC-001 阻塞任务 (0.106959ms)
✔ TS 常量与 maintenance-behavior-matrix.json 完全一致 (0.124042ms)
✔ DEC-017 策略结构有效、已冻结且覆盖全部阻塞任务 (0.791166ms)
✔ 24 小时截止从证书包存储开始，截止边界包含在超时内 (1.145584ms)
✔ 超时处置、迟到 Heartbeat 与重新申请规则失败关闭 (0.146375ms)
✔ TS 常量与 JSON 策略一致 (0.128958ms)
✔ 策略 JSON 通过自身 JSON Schema 结构校验 (0.731417ms)
✔ 负向结构：存储位置篡改、非法处置行为与缺失字段被 Schema 拒绝 (0.333875ms)
✔ x-decision-versions 引用 DEC-005 且版本与决策登记一致 (0.058459ms)
✔ 冻结值定性规则可执行：RDS 元数据 / S3 文件分离 (0.056333ms)
✔ 冻结参数可执行：元数据 365 天、文件 90 天且删除文件保留元数据 (0.06625ms)
✔ 策略消费者均为合法任务 ID 且覆盖 DEC-005 阻塞任务与关联任务 (0.110458ms)
✔ TS 常量与 media-retention-policy.json 完全一致 (0.097ms)
✔ 策略 JSON 通过自身 JSON Schema 结构校验 (0.735084ms)
✔ 负向结构：客户端指定 Key、篡改冻结 TTL/配额与缺失字段被 Schema 拒绝 (0.322167ms)
✔ 锁定规则：mediaTypes 与 CT-03 media.schema.json 枚举一致；客户端不得指定 Key (0.110708ms)
✔ DEC-024 冻结值可执行且无待定参数 (0.06025ms)
✔ TS 常量与 media-upload-policy.json 完全一致 (0.129875ms)
✔ 22 个 Command 全部唯一且覆盖六大分类 (0.649208ms)
✔ 13 个 Notification 全部唯一且有设备动作映射 (0.123834ms)
✔ 高风险标记与文档一致（EMERGENCY_STOP/FACTORY_RESET/SHUTDOWN/全部加热、排料、电机控制） (0.074542ms)
✔ 允许状态矩阵无遗漏：22 命令 × 4 状态 (0.102375ms)
✔ Suspended 仅允许安全停止、诊断、同步和维护/恢复类命令 (0.06875ms)
✔ MAINTENANCE 按 Suspended 限制（DEC-001 冻结值） (0.046791ms)
✔ 未知命令/通知在运行时被拒绝 (0.185083ms)
✔ denyReason 稳定且允许时返回 null (0.047125ms)
✔ TS 常量与 command-catalog.json / notification-catalog.json 完全一致 (0.110542ms)
✔ Schema 枚举与目录一致（cmd/ack command、notification type） (0.295292ms)
✔ 策略 JSON 通过自身 JSON Schema 结构校验 (0.718458ms)
✔ 负向结构：非法取值与缺失字段被 Schema 拒绝 (0.262041ms)
✔ x-decision-versions 引用 DEC-006 且版本与决策登记一致 (0.054791ms)
✔ 冻结值可执行：V1 下行 seq 可选、上行必填、Command 以 meta.id 幂等 (0.055792ms)
✔ 策略与 common.schema.json 一致：下行 metaBase 不要求 seq、id 必填；上行 metaSeq 要求 seq (0.054084ms)
✔ 下行/上行 Schema 的 meta 引用与策略一致 (0.583709ms)
✔ 策略消费者均为合法任务 ID 且覆盖 DEC-006 阻塞任务 (0.119ms)
✔ TS 常量与 downlink-policy.json 完全一致 (0.093917ms)
✔ DEC-015 策略冻结、可追溯且覆盖全部阻塞任务 (1.432791ms)
✔ 唯一通道为既有 ACK；Topic 总数和 IoT 权限面不扩大 (0.096542ms)
✔ ACK 判别字段、关联键和 OTA 状态与冻结策略一致 (0.067708ms)
✔ 状态机只允许冻结的单向迁移；相同状态幂等 (0.071083ms)
✔ TS 常量与 JSON 策略完全一致 (0.076625ms)
✔ DEC-013 策略 JSON 通过自身 Schema 且覆盖登记阻塞任务 (0.814125ms)
✔ DEC-013 策略关键值被 Schema 锁定，篡改时失败关闭 (0.182375ms)
✔ DEC-013 策略冻结且无待定参数 (0.0525ms)
✔ Heartbeat 旧嵌套结构在兼容期转换为正式扁平结构且不修改原对象 (0.193541ms)
✔ Telemetry motorCurrentAmp 在兼容期转换为 currentAmp；同值并存允许、冲突失败关闭 (0.253333ms)
✔ 兼容截止边界起拒绝嵌套结构、motorCurrentAmp 与 DISCHARING (0.086584ms)
✔ RFC 8785 固定向量与 audit.hash 覆盖 {meta,data} (0.168916ms)
✔ 11 类消息均有 Schema 和 Fixture，且每类 >=1 合法 + >=3 非法 (2.117ms)
✔ 所有合法 Fixture 通过校验 (1.690958ms)
✔ 所有非法 Fixture 被稳定拒绝并返回明确错误路径 (0.902ms)
✔ 非法枚举被稳定拒绝且路径明确 (0.079542ms)
✔ 单位/类型错误被拒绝（integer 不接受小数与字符串） (0.206917ms)
✔ 缺少必填字段被拒绝（meta.id、上行 seq、Heartbeat 必填 data 字段） (0.195875ms)
✔ 额外身份字段（customerId/tenantId/deviceId）在各层均被拒绝 (0.178875ms)
✔ 下行消息 meta.seq 可选（DEC-006），上行强制 (0.291458ms)
✔ Telemetry/Report/Tamper 强制 audit.hash；Command 禁止 audit（DEC-002） (0.264458ms)
✔ DEC-013：Audited 合法 Fixture 携带可复算的 RFC 8785 audit.hash (0.440458ms)
✔ schemaVer 缺省按 1.0 归一化；非法 schemaVer 被拒绝 (0.185375ms)
✔ meta.id 字符集与长度固定 (0.114125ms)
✔ payloads.ts 与 Schema 保持一致（生成器新鲜度） (1.08925ms)
✔ 全部 Schema 的 x-decision-versions 可追溯到决策登记 (0.888083ms)
✔ Telemetry current (0.375666ms)
✔ Telemetry past 300s (0.823958ms)
✔ Telemetry past 301s (0.060334ms)
✔ Telemetry past 24h inclusive (0.040917ms)
✔ Telemetry past 24h plus 1ms (0.042ms)
✔ Telemetry future 300s inclusive (0.031458ms)
✔ Telemetry future 300s plus 1ms (0.052792ms)
✔ other topics retain symmetric 300-second tolerance (0.07775ms)
✔ configured tolerance affects future bound but cannot enlarge Telemetry history (0.066125ms)
✔ invalid numeric policy inputs fail closed (0.089084ms)
✔ Tier 登记 JSON 通过自身 JSON Schema 结构校验 (1.74175ms)
✔ 负向结构：非法 Tier、未知 Topic 键与缺失字段被 Schema 拒绝 (0.457334ms)
✔ x-decision-versions 引用 DEC-002 且版本与决策登记一致 (0.057667ms)
✔ 冻结值：Telemetry/Report/Tamper 为 AUDITED，Command 及其余为 STANDARD (0.133959ms)
✔ Tier 与 topic-catalog.json 的 payloadEnvelope 完全一致 (0.056708ms)
✔ Tier 与 11 个 MQTT Schema 的 audit 强制完全一致 (0.453875ms)
✔ 失败关闭：未知 Topic 拒绝并抛出稳定错误 (0.188959ms)
✔ Tier 条目消费者均为合法任务 ID 且覆盖 DEC-002 阻塞任务 (0.140458ms)
✔ 登记覆盖全部 11 个 Topic 且 TS 常量与 topic-tier.json 完全一致 (0.096166ms)
✔ catalog 恰好包含 8 个上行和 3 个下行 Topic (0.648875ms)
✔ 11 个 Topic 的方向与 QoS 矩阵全部符合契约 (0.133958ms)
✔ TS 常量与 topic-catalog.json 完全一致 (0.089083ms)
✔ 合法 Topic 可解析出 deviceId/type/direction (0.120334ms)
✔ buildTopic 与 parseTopic 往返一致 (0.086584ms)
✔ 未知层级和空 deviceId 被拒绝 (0.240125ms)
✔ buildTopic 拒绝空和非法 deviceId (0.0805ms)
✔ 权限模板：设备只能发布自身上行、只能订阅自身下行 (0.094958ms)
✔ 权限模板拒绝非法 deviceId (0.062209ms)
✔ 六个端点齐备且 CognitoJwt 认证；响应码齐备 (0.669458ms)
✔ 筛选参数齐备：severity/status/device/site/时间范围 + 游标分页 (0.094417ms)
✔ Schema 封闭：Alarm 处理字段（操作者/原因/时间）与 replayed 齐备；确认/清除强制 reason (0.066958ms)
✔ 所有 $ref 可解析（内部引用 + 同目录相对引用 openapi-base.json） (0.320792ms)
✔ 端点齐备且 CognitoJwt 认证：列表 + 详情 (0.628125ms)
✔ 只读 API：不存在任何写路由（post/put/patch/delete） (0.071125ms)
✔ 筛选参数齐备（actor/Customer/对象/动作/结果/时间 + 游标分页）；响应不暴露敏感字段 (0.550166ms)
✔ 所有 $ref 可解析（内部引用 + openapi-base.json） (0.200708ms)
✔ 端点存在且 Cognito 认证；轮换请求视图为七字段且不含密钥材料 (0.645458ms)
✔ 所有 $ref 可解析（内部引用 + 同目录相对引用 openapi-base.json） (0.193584ms)
✔ 端点齐备且 CognitoJwt 认证；201 创建 + 200 幂等重放 + 409 冲突/状态门 (0.616084ms)
✔ 命令枚举与 CT-04 目录 22 个白名单一致；确认凭证与 timeoutSec 边界齐备 (0.142125ms)
✔ 响应 Schema 封闭且含 requestedBy/expiresAt/replayed/confirmedBy (0.070458ms)
✔ BE-CMD-03 查询端点齐备：列表/详情 + 状态枚举 + attempts/acks 时间线 (0.11425ms)
✔ 所有 $ref 可解析（内部引用 + 同目录相对引用 openapi-base.json） (0.301666ms)
✔ 七个端点齐备且 Cognito 认证；operationId 与响应码齐备 (1.19775ms)
✔ Schema 封闭：DEC-018 冻结 V1 四字段、单位、范围与默认值 (0.197166ms)
✔ 所有 $ref 可解析（内部引用 + 同目录相对引用 openapi-base.json） (0.346375ms)
✔ 列表与按需联系人端点齐备且 Cognito 认证；筛选参数齐备 (0.614042ms)
✔ Schema 封闭：两种耗材列恒在；列表零联系人 PII；按需联系人独立；百分比 0~100 (0.090083ms)
✔ 所有 $ref 可解析（内部引用 + 同目录相对引用 openapi-base.json） (5.258833ms)
✔ 六个端点齐备且 Cognito 认证；状态迁移强制 If-Match (0.672042ms)
✔ Schema 封闭：四态枚举/source 固定 ADMIN/幂等 replayed/完整历史字段 (0.103666ms)
✔ 所有 $ref 可解析（内部引用 + 同目录相对引用 openapi-base.json） (0.282208ms)
✔ 八个端点齐备且 Cognito 认证；写操作强制 If-Match (1.696625ms)
✔ Schema 封闭：五态枚举/唯一编号/强制原因/派生状态/最小权限 contact (0.226125ms)
✔ 所有 $ref 可解析（内部引用 + 同目录相对引用 openapi-base.json） (0.605792ms)
✔ 五个端点齐备且 Cognito 认证；operationId 与响应码齐备 (1.304125ms)
✔ Schema 封闭：设备视图字段齐备/关联窗口/强制原因/批量语义 (0.10525ms)
✔ 所有 $ref 可解析（内部引用 + 同目录相对引用 openapi-base.json） (0.284959ms)
✔ 六端点齐备且 Cognito 认证；写操作声明 If-Match；响应码齐备 (1.570791ms)
✔ Customer 视图六字段封闭；status 枚举 ACTIVE|SUSPENDED；请求体封闭 (0.198958ms)
✔ 所有 $ref 可解析（内部引用 + 同目录相对引用 openapi-base.json） (0.891ms)
✔ 端点齐备且 CognitoJwt 认证：仅 GET 总览（只读，无写路由） (0.588542ms)
✔ 总览 DTO 齐备：Contract/设备分布/在线率/今日 ESG/最新告警/设备卡片；四轴分离不合并 (0.175833ms)
✔ 所有 $ref 可解析（内部引用 + openapi-base.json） (4.995666ms)
✔ 列表/详情端点存在且 Cognito 认证；筛选参数齐备；响应码齐备 (1.515041ms)
✔ Device 视图字段封闭（原型设备群表格字段均有来源）；证书仅摘要 (0.372791ms)
✔ BE-DEV-06 元数据 PATCH 端点：白名单仅 alias + If-Match 乐观锁 + 409 冲突语义 (0.251917ms)
✔ 所有 $ref 可解析（内部引用 + 同目录相对引用 openapi-base.json） (0.74ms)
✔ 分配/历史端点齐备且 Cognito 认证；响应码齐备 (0.576167ms)
✔ DeviceAssignment 视图封闭：授权窗口（assignedAt/endedAt）+ 幂等/通知字段齐备 (0.087ms)
✔ 所有 $ref 可解析（内部引用 + 同目录相对引用 openapi-base.json） (0.857542ms)
✔ 端点齐备且 CognitoJwt 认证：console/activities/export/导出详情 (0.611917ms)
✔ 四轴分离 + 数据块 observedAt/stale/单位；最新 Media 可选块稳定可空 (0.12025ms)
✔ 不透传 MQTT 原始消息、不含实时流/运维字段；所有 $ref 可解析 (0.358417ms)
✔ retire/force-complete 端点齐备且 Cognito 认证；响应码齐备 (0.600833ms)
✔ 请求体封闭：retire 强制原因 + confirm 恒 true；视图封闭且通知枚举正确 (0.087417ms)
✔ 所有 $ref 可解析（内部引用 + 同目录相对引用 openapi-base.json） (0.535417ms)
✔ suspend/reactivate 端点齐备且 Cognito 认证；响应码齐备 (0.579209ms)
✔ 请求体封闭：挂起强制原因；恢复强制原因 + issueResolved 恒 true；通知枚举正确 (0.084792ms)
✔ 所有 $ref 可解析（内部引用 + 同目录相对引用 openapi-base.json） (1.450208ms)
✔ 七个端点齐备且 Cognito 认证；写操作强制 If-Match (0.760709ms)
✔ Schema 封闭：管理 DTO 无 PHC；写接口只受控接收 writeOnly password (0.112667ms)
✔ 所有 $ref 可解析（内部引用 + 同目录相对引用 openapi-base.json） (0.325583ms)
✔ 八个端点齐备且 CognitoJwt 认证；导出创建返回 202 (1.291834ms)
✔ 查询筛选参数齐备（customerId/siteId/deviceId/时间范围 + 游标）；reports 含 reportType (0.102875ms)
✔ Schema 封闭：导出数据集枚举、短期 URL 过期字段、CSV 一致性字段 (0.075833ms)
✔ 所有 $ref 可解析（内部引用 + 同目录相对引用 openapi-base.json） (0.367375ms)
✔ 八个端点齐备且 Cognito 认证；operationId 与响应码齐备 (1.512041ms)
✔ Schema 封闭：七态枚举/Entitlement 三码/签名字段/强制原因/幂等与派生字段 (0.260125ms)
✔ 所有 $ref 可解析（内部引用 + 同目录相对引用 openapi-base.json） (0.801125ms)
✔ 四个审批端点存在且使用 Cognito JWT 认证 (0.571125ms)
✔ approve/reject 强制 If-Match；reject 强制 reason (0.098917ms)
✔ 申请 DTO 不含 CSR 原文 (0.056458ms)
✔ 管理端明确暴露内部 TIMED_OUT，列表状态过滤为封闭枚举 (0.05275ms)
✔ 所有 $ref 可解析（内部引用 + 同目录相对引用 openapi-base.json） (1.092958ms)
✔ 端点齐备且 CognitoJwt 认证：创建/列表/详情/targets/扩大批次/pause/resume/cancel/retry (0.66175ms)
✔ 首批强制恰好 1 台；最终全量审批契约封闭；状态机枚举封闭 (0.081334ms)
✔ 视图封闭且不泄露内部字段；批次/重试结果结构稳定 (0.071334ms)
✔ 所有 $ref 可解析（内部引用 + 同目录相对引用 openapi-base.json） (0.343916ms)
✔ 端点齐备且 CognitoJwt 认证：上传会话/complete/列表/详情 (0.63525ms)
✔ packageType/sha256 与 CT-03 OTA Schema 一致；创建字段封闭且签名必填 (0.081375ms)
✔ 状态机封闭：UPLOADED/VERIFIED/RETIRED；可发布=VERIFIED；视图不泄露信任根 (0.098167ms)
✔ 所有 $ref 可解析（内部引用 + 同目录相对引用 openapi-base.json） (0.770833ms)
✔ 端点存在且 Cognito 认证；三端点（create/list/detail）响应码齐备 (0.582292ms)
✔ ReplayJob 视图七字段封闭；状态枚举与统计字段齐备；scope 封闭 (0.087583ms)
✔ 所有 $ref 可解析（内部引用 + 同目录相对引用 openapi-base.json） (0.703042ms)
✔ 端点齐备且 CognitoJwt 认证：列表/读取/更新（无删除与新建路由） (0.612833ms)
✔ 封闭 key 集与乐观锁版本控制；固定枚举不可经 API 改写 (0.11375ms)
✔ 所有 $ref 可解析（内部引用 + openapi-base.json） (0.213625ms)
✔ 六端点齐备且 Cognito 认证；写操作声明 If-Match；响应码齐备 (1.662875ms)
✔ Site 视图字段封闭（含 deviceCount/version）；status 枚举；请求体封闭且更新体不含 customerId (0.103917ms)
✔ 所有 $ref 可解析（内部引用 + 同目录相对引用 openapi-base.json） (0.316ms)
✔ 端点齐备且 CognitoJwt 认证：列表/邀请/角色/scope/停用/密码重置 (0.646416ms)
✔ 角色封闭集与 DEC-012 映射；输入不含密码字段；响应不含凭证材料 (0.115542ms)
✔ 所有 $ref 可解析（内部引用 + openapi-base.json） (1.306875ms)
✔ 端点存在且使用 Device mTLS 认证 (0.557ms)
✔ 轮换契约：请求强制 currentCertificateId；响应五字段；409/403/400/401 齐整 (0.098292ms)
✔ 状态契约为四态枚举且响应不含 PEM/私钥字段 (0.217792ms)
✔ 状态查询由 mTLS 身份定位证书，不增加源稿未定义的 deviceId Query (0.107917ms)
✔ 所有 $ref 可解析（内部引用 + 同目录相对引用 openapi-base.json） (0.454209ms)
✔ deactivate 端点齐备且 DeviceMtls 认证；响应码齐备 (0.579875ms)
✔ 响应视图封闭：退役记录 + 证书摘要（无证书材料字段）；幂等字段齐备 (0.131709ms)
✔ 所有 $ref 可解析（内部引用 + 同目录相对引用 openapi-base.json） (0.743583ms)
✔ BE-ONB-01 端点存在且 CSR 首次申请无需预置 Token (0.546584ms)
✔ 请求体包含设备资料和必填 CSR (0.090459ms)
✔ 成功响应含 requestId 与 PENDING 状态（200 幂等重放 / 201 新建） (0.099834ms)
✔ 匿名申请负向响应覆盖稳定错误码语义：400/404/409/429/500 (0.079708ms)
✔ 所有 $ref 可解析（内部引用 + 同目录相对引用 openapi-base.json） (0.244375ms)
✔ BE-ONB-03 status 端点：requestId 与 CSR 私钥签名，三态响应不含设备私钥 (0.094ms)
✔ BE-OTA-03 下载兑换必须使用 Device mTLS 且绑定 target/token (0.543292ms)
✔ 一次性兑换响应禁止缓存，并封闭安全失败状态 (0.084459ms)
✔ 六个设备 Endpoint 的 Method、Path 完整且认证方式符合 DEC-025 (0.685375ms)
✔ Onboarding 按 DEC-026 增加 chain 与 REST，保留顶层结构，不使用 data/meta 包裹 (0.074458ms)
✔ Certificate 与 Sync 关键字段遵循源稿日期、枚举、用户和配置结构 (0.092583ms)
✔ 管理端 License/Device 投影不把源稿 OTA entitlement 改名为 OTA_UPDATE (0.046583ms)
✔ 所有 REST OpenAPI 使用当前正式决策登记版本且无非法 SEC 决策引用 (6.776792ms)
✔ sync 端点齐备且 DeviceMtls 认证；响应码齐备 (0.606667ms)
✔ 请求体封闭：仅 lastSyncTime（UTC 时间戳或 null） (0.060625ms)
✔ 快照顶层与源稿六域同形，兼容元数据不成为必填线协议 (0.727709ms)
✔ Retired 退役确认待处理设备仍可 Sync，契约不在认证层全局拒绝 (0.099375ms)
✔ 所有 $ref 可解析（内部引用 + 同目录相对引用 openapi-base.json） (0.238583ms)
✔ 基座 SuccessResponse 结构：data + meta(requestId, UTC timestamp) (2.305166ms)
✔ 游标分页响应与往返解析 (0.145666ms)
✔ 非法游标返回 CURSOR_INVALID（400） (0.166791ms)
✔ limit 归一化：默认 50，范围 1~100 (0.087375ms)
✔ Idempotency-Key：缺失/非法被拒绝，合法值透传 (0.11275ms)
✔ If-Match 并发版本冲突返回确定的 409 (0.182ms)
✔ 验证失败有确定响应（400 + VALIDATION_FAILED） (0.0955ms)
✔ 异常映射器不泄露堆栈、SQL 或 AWS 内部错误 (0.0695ms)
✔ 错误码目录、HTTP 状态映射与 OpenAPI ErrorCode 枚举三者一致 (0.095458ms)
✔ OpenAPI 基座结构有效：四个 API 分组与安全方案 (0.099625ms)
✔ OpenAPI 基座所有内部 $ref 均可解析（无悬空引用） (0.142792ms)
✔ 设备端：上传会话端点齐备且 DeviceMtls 认证；输入封闭；objectPath 由服务端签发 (0.604ms)
✔ 管理端：列表/下载端点齐备且 CognitoJwt 认证；视图不泄露内部存储信息 (1.334083ms)
✔ Media 状态枚举封闭（AVAILABLE/DELETED）；配额/大小/TTL 引用 DEC-024 冻结值 (0.260792ms)
✔ 所有 $ref 可解析（内部引用 + openapi-base.json） (0.300542ms)
✔ 策略 JSON 通过自身 JSON Schema 结构校验 (0.786958ms)
✔ 负向结构：非法枚举、非空待冻结参数与缺失字段被 Schema 拒绝 (0.365458ms)
✔ x-decision-versions 引用 DEC-003 且版本与决策登记一致 (0.061667ms)
✔ 暂定值定性规则可执行：KMS 信封、一次性领取、成功即销毁、丢失重签 (0.067ms)
✔ 冻结参数可直接执行：24 小时、一次成功领取、无待定参数 (0.076083ms)
✔ 策略消费者均为合法任务 ID 且覆盖 DEC-003 阻塞任务与 SEC-01 (0.118625ms)
✔ TS 常量与 certificate-package-policy.json 完全一致 (0.117084ms)
✔ 策略 JSON 通过自身 JSON Schema 结构校验 (0.726875ms)
✔ 负向结构：复用云端 Hash、非独立 salt 与非法字段被 Schema 拒绝 (0.341667ms)
✔ x-decision-versions 引用 DEC-004 且版本与决策登记一致 (0.05525ms)
✔ 暂定值定性规则可执行：设备本地专用、禁复用云端 Hash、每用户 salt、仅 Sync 下发 (0.095959ms)
✔ 冻结参数可直接执行：Argon2id PHC、固定参数与长度 (0.085041ms)
✔ 策略消费者均为合法任务 ID 且覆盖 DEC-004 阻塞任务 (0.107834ms)
✔ TS 常量与 device-user-verifier-policy.json 完全一致 (0.08875ms)
✔ 策略 JSON 通过自身 JSON Schema 结构校验 (0.693958ms)
✔ 负向结构：跳过服务端验签、非失败关闭与内嵌信任根被 Schema 拒绝 (0.316833ms)
✔ 暂定值定性规则可执行：服务端验签强制、失败关闭、载荷字段锁定、信任根带外分发 (0.095666ms)
✔ DEC-022 冻结算法、信任根类型、编码且无待定参数 (0.05775ms)
✔ DEC-022 固定 RSA/SHA-256 测试向量可复验 (0.659375ms)
✔ 策略消费者均为合法任务 ID 且覆盖 BE-OTA-01 (0.106125ms)
✔ TS 常量与 ota-package-signature-policy.json 完全一致 (0.078208ms)
✔ 四类业务设置共享版本化 JSON Schema 与运行时校验器 (21.750541ms)
ℹ tests 301
ℹ suites 0
ℹ pass 301
ℹ fail 0
ℹ cancelled 0
ℹ skipped 0
ℹ todo 0
ℹ duration_ms 557.397209

> food-digester-platform@0.0.0 test:scripts /Users/anray/Documents/project/hiddenjoyacom/food-digester-platform
> node --import tsx --test scripts/*.test.mjs

✔ bootstrap input is bound to the normalized email and never accepts a password (0.70825ms)
✔ successful bootstrap creates Cognito identity before committing linked database user (0.195542ms)
✔ non-pristine Cognito or database fails before any mutation (2.946875ms)
✔ database failure deletes Cognito identity and records compensated failure (0.509459ms)
✔ failed Cognito compensation keeps reconciliation required (0.274416ms)
✔ source approval requires exact SHA and packager embeds committed SHA (1603.855417ms)
✔ runner without approved source fails closed without leaking configuration (36.716709ms)
✔ serial and parallel repeated browser receipts are validated (1.86675ms)
✔ fail closed: missing required flow (0.169959ms)
✔ fail closed: skipped execution (0.099458ms)
✔ fail closed: flaky execution (0.100416ms)
✔ fail closed: retry hides failure (5.001875ms)
✔ fail closed: unexpected error (0.102584ms)
✔ fail closed: missing isolated trace (0.080416ms)
✔ fail closed: data prefix reused (0.072292ms)
✔ fail closed: context cleanup failed (0.088667ms)
✔ fail closed: unmocked network request (0.1105ms)
✔ fail closed: missing role proof (0.934792ms)
✔ fail closed: wrong route permission (0.194916ms)
✔ fail closed: Auditor OTA write enabled (0.135583ms)
✔ fail closed: missing MFA assertion (0.133625ms)
✔ fail closed: missing conflict response (0.140833ms)
✔ fail closed: missing forbidden response (0.132042ms)
✔ fail closed: missing repeat (0.077834ms)
✔ repeat traces cannot duplicate the first execution (0.109375ms)
✔ 真实 OpenAPI 片段可确定性打包且无外部引用 (53.1745ms)
✔ bundle 新鲜度检查拒绝缺失或过期产物 (90.560042ms)
✔ 失败示例：非法 OpenAPI 版本与缺少 responses 被拒绝 (0.165958ms)
✔ 失败示例：全局重复 operationId 被拒绝 (0.074583ms)
✔ 失败示例：非法 parameter 与 Schema 被拒绝 (0.117083ms)
✔ 仓库提交的统一 bundle 与当前片段一致 (15.372ms)
✔ 当前管理后台源代码满足入口与组合根交付约束 (15.692125ms)
✔ 缺少入口和构建产物时失败关闭 (0.348ms)
✔ FE-06 至 FE-19 任一任务或路由从事实源缺失时失败关闭 (4.4685ms)
✔ FE-11 至 FE-15 任一任务、路由或页面标识缺失时失败关闭 (11.376458ms)
✔ FE-06 至 FE-15 任一控制器或 operationId 缺失时失败关闭 (5.541416ms)
✔ FE-11 至 FE-15 控制器或 operationId 缺失时失败关闭 (3.615917ms)
✔ FE-16 至 FE-19 任一任务、路由、控制器、页面标识或 operationId 缺失时失败关闭 (3.034583ms)
✔ App 移除显式页面分支时失败关闭 (2.925708ms)
✔ 完整目标回执覆盖双提交、隔离环境、五角色、七路由、五闭环与清理 (97.74175ms)
✔ 缺路由、角色、闭环或审计拒绝角色时失败关闭 (25.562792ms)
✔ mock、泄露、短链持久化、危险操作与只读写请求均失败关闭 (24.108292ms)
✔ 缺失回执、双部署提交漂移、HEAD 不一致与未清理均失败关闭 (42.653167ms)
✔ 目标 Gate 是显式发布步骤且不进入普通 verify (0.192292ms)
✔ 完整回执覆盖双提交、隔离环境、五角色、五路由、四闭环、隐私、双语布局与清理 (89.573208ms)
✔ 缺路由、角色、闭环、locale 或 viewport 时失败关闭 (31.548042ms)
✔ mock、权限、并发、泄露或布局不合格时失败关闭 (17.072458ms)
✔ 缺失回执、双部署提交漂移、HEAD 不一致与未清理均失败关闭 (13.554459ms)
✔ 目标 Gate 是显式发布步骤且不进入普通 verify (0.207833ms)
✔ 完整路由、五角色、五业务闭环、租户、并发、敏感字段与清理回执通过 (0.768792ms)
✔ 缺路由、角色或业务闭环时失败关闭 (0.149291ms)
✔ Cognito、部署 API、跨租户、并发与敏感字段证据不满足约束时失败关闭 (0.101625ms)
✔ 缺失回执、部署提交或 sourceCommit 不一致时失败关闭 (0.485083ms)
✔ 完整的 58 API、五角色、并发、ESG 与清理目标 AWS 回执通过 (0.841875ms)
✔ 58 个回执 operationId 与九份正式业务 OpenAPI 精确一致 (6.544291ms)
✔ API 缺项、角色缺项与跨 Customer 放行均失败关闭 (0.25125ms)
✔ 并发或 ESG 证据不满足生产约束时失败关闭 (0.10525ms)
✔ 缺失回执与 sourceCommit 不匹配均失败关闭 (1.122583ms)
✔ 完整覆盖 25 API、五角色、竞态、退役与导出的隔离 AWS 回执通过 (0.898167ms)
✔ 缺 operation、跨租户放行、竞态双成功、证书未失活与 MQTT/S3 缺口均失败关闭 (0.188042ms)
✔ operation 成功状态与负向状态集合不完整时失败关闭 (0.089292ms)
✔ 回执缺失、非法 JSON 或 sourceCommit 不一致时独立发布 Gate 失败 (0.6915ms)
✔ 完整 Archive、Replay、Summary 目标 AWS 回执通过 (1.275375ms)
✔ 缺探针、重复归档、Replay 复制业务行和空 Summary 均失败关闭 (0.23725ms)
✔ 缺少回执或提交不一致时独立 Gate 失败 (0.51475ms)
✔ 完整隔离 AWS 回执覆盖 8 Topic、负向路径、QA-03 与清理时通过 (1.651208ms)
✔ 缺 Topic、未知 Topic 命中、Error Action 未恢复和原文漂移均失败关闭 (0.198666ms)
✔ 未提供目标 AWS 回执时独立发布 Gate 明确失败 (0.521208ms)
✔ 回执必须对应待发布的精确 Git 提交 (0.365ms)
✔ 完整的 15 API、角色、Cognito、并发、S3、Dashboard、审计与清理回执通过 (0.881833ms)
✔ 15 个 operationId 与六份正式 OpenAPI 精确一致 (1.203083ms)
✔ API、角色、租户或安全/并发探针缺口均失败关闭 (1.306625ms)
✔ 缺失回执与 sourceCommit 不匹配均失败关闭 (1.405375ms)
✔ 干净的依赖图通过检查 (1.420208ms)
✔ 共享包反向依赖 apps 被识别为边界违规 (0.68925ms)
✔ contracts 反向依赖 apps 被识别为边界违规 (0.535542ms)
✔ apps 之间互相依赖被识别为边界违规 (0.462834ms)
✔ 工作区循环依赖被检出 (0.677208ms)
✔ 非工作区依赖（外部 npm 包）不参与检查 (0.379542ms)
✔ 当前仓库通过边界与循环依赖检查 (0.595292ms)
✔ CDK WARNING 与规则校验编号会触发 Gate (0.497ms)
✔ 正常 synth 输出不会误报 (0.342333ms)
✔ 已交付 Lambda 缺失或回退到内联 501 占位时 Gate 失败 (0.150167ms)
✔ 已交付 Lambda 使用 S3 asset 时 Gate 通过 (0.057417ms)
✔ CMD/OTA 生产接线 Gate 对 Worker/调度任一缺失均失败关闭 (0.190375ms)
✔ CMD/OTA 生产接线 Gate 对 IoT/S3/KMS 权限缺失失败关闭 (0.223ms)
✔ 真实登记文件：结构校验通过，并准确识别当前未决 DEC (8.095458ms)
✔ 真实契约版本文件：decisionRegisterVersion 与登记一致 (7.269166ms)
✔ 契约版本不一致被拒绝 (0.409833ms)
✔ 重复决策 ID 被拒绝（已知冲突必须有唯一决策 ID） (0.163208ms)
✔ 原则与决策之间 ID 也全局唯一 (0.096833ms)
✔ pending 决策携带批准人被拒绝 (0.060584ms)
✔ frozen 决策必须有批准人、批准时间和 >=1.0.0 版本 (0.110833ms)
✔ blockingTasks 为空或格式非法被拒绝 (0.07875ms)
✔ history 必须非空且末条版本与条目版本一致 (0.069375ms)
✔ 非 UTC 时间戳被拒绝 (0.088166ms)
✔ CLI validate 模式：真实文件退出码 0 且输出实际未决数；--fail-on-pending 按实际未决数返回 (1.005959ms)
✔ CLI：结构错误退出码 1 (0.805542ms)
✔ 追溯校验：合法 x-decision-versions 引用通过（Schema 可追溯到决策版本） (1.993375ms)
✔ 追溯校验：不存在的决策 ID 被拒绝 (0.737167ms)
✔ 追溯校验：引用版本与登记版本不一致被拒绝 (1.6185ms)
✔ 追溯校验：缺少 x-decision-versions 或格式非法被拒绝 (0.803084ms)
✔ 追溯校验：嵌套在 OpenAPI info 下的 x-decision-versions 可被递归发现 (1.103709ms)
✔ 已交付 API（含管理后台 P1）的 129 个 OpenAPI operation 与生产路由双向一致 (7.289417ms)
✔ 版本化已交付清单缺失、重复或引用不存在文件时失败关闭 (0.785875ms)
✔ 缺失、额外、重复及 method/path 漂移均失败关闭 (0.130917ms)
✔ CMD/OTA 治理 Gate 校验四份 REST 契约及 DEC-022/023 冻结状态 (3.677208ms)
✔ 有效链接、无易漂移计数且工具链配对正确时通过 (2.610959ms)
✔ 损坏的仓库内 Markdown 链接被拒绝 (1.00875ms)
✔ 陈旧测试计数或不兼容工具链声明被拒绝 (0.720541ms)
✔ 当前仓库 ENG/DB/DOM 与 IAC/AUTH/SEC 任务文档证据一致 (21.915667ms)
✔ BE-IOT-01～08 文档全部纳入默认链接与证据门禁 (0.23075ms)
✔ BE-ARC/RPL/ESG 四份文档及 P2 回归纳入默认证据门禁 (0.104083ms)
✔ 11 份管理后台业务文档全部纳入默认链接与证据门禁 (0.13825ms)
✔ BE-MED/RBAC/AUD/DASH/SET 五份文档纳入状态与 AWS 证据门禁 (0.061083ms)
✔ FE-06～FE-10 五份前端文档纳入四层状态与目标回执门禁 (0.051791ms)
✔ FE-11～FE-15 五份前端文档纳入四层状态与独立目标回执门禁 (0.079917ms)
✔ 前端任务文档拒绝缺层级、问题责任字段、目标 Gate 和 P1 陈旧描述 (0.083584ms)
✔ FE-11～FE-15 文档拒绝旧缺陷、任务级勾选及旧目标 Gate (0.057958ms)
✔ BE-MED/RBAC/AUD/DASH/SET 文档拒绝缺状态层、陈旧参数和设置生效误述 (0.052084ms)
✔ 管理后台业务文档拒绝缺证据引用和陈旧决策或部署说法 (0.045833ms)
✔ BE-ARC/RPL/ESG 文档拒绝缺审计快照和生产接线边界外旧说法 (0.1845ms)
✔ BE-IOT 文档拒绝缺少审计快照、Report P2002 与 Media 另路由旧说法 (0.078625ms)
✔ BE-IOT 严格负向探针必须保留为可定位的永久回归 (0.823042ms)
✔ 安全任务文档拒绝历史计数、缺少 verify 命令与陈旧 DEC-012 状态 (0.075542ms)
✔ 安全任务文档接受当前命令、审计快照引用与 frozen 决策 (0.038709ms)
✔ 当前仓库（DB-01 已落地）Migration 结构通过 (7.872875ms)
✔ schema.prisma 未落地时跳过并通过（骨架期行为） (0.210667ms)
✔ 失败示例：Schema 已存在但无任何 Migration（未提交 Migration） (0.414792ms)
✔ 失败示例：migrations/ 为空且缺少 migration_lock.toml (1.018083ms)
✔ 失败示例：Migration 目录名非法与空 migration.sql (0.830625ms)
✔ 合法 Migration 结构通过 (3.731375ms)
✔ 失败示例：已有旧 Migration 但 Schema 已变化且未登记快照 (0.838292ms)
✔ 真实矩阵通过完整性检查 (1.799959ms)
✔ 真实引用集合：41 个矩阵 API 与 13 个 routeId 全部可解析 (0.380208ms)
✔ index19.html 源清单：9 个菜单、12 个页面、128 个元素与矩阵双向覆盖 (0.310583ms)
✔ 真实矩阵：9 菜单、12 页面、每项均有处置结论 (0.243667ms)
✔ 被拒绝的实时流、明文密码、状态混用不携带实现任务 (0.217584ms)
✔ 矩阵的 x-decision-versions 可追溯到决策登记（DEC-007~012） (0.994583ms)
✔ 缺少菜单或页面被拒绝 (0.2505ms)
✔ 重复元素 ID 被拒绝 (0.076875ms)
✔ Adapt/Reject 缺少依据被拒绝 (0.091208ms)
✔ Adopt/Adapt 生产字段缺少 API 来源被拒绝 (0.103875ms)
✔ rejectCategory 项非 Reject 或携带实现任务被拒绝 (0.079708ms)
✔ 未知角色被拒绝（R7） (0.07225ms)
✔ 格式合法但不存在的 operationId、routeId 与响应字段被拒绝 (0.914334ms)
✔ planned operation 的任务归属漂移被拒绝 (0.301125ms)
✔ 源清单与矩阵任一侧删除元素均被双向覆盖检查拒绝 (1.764708ms)
✔ index19.html 内容变化但未重新盘点源清单时失败关闭 (1.473583ms)
✔ 重复 operationId 与 routeId 被引用索引拒绝 (1.144334ms)
✔ CLI：真实矩阵退出码 0，违规矩阵退出码 1 (17.015709ms)
✔ 当前仓库全部 Schema、OpenAPI 片段与统一 bundle 通过引用校验 (135.2375ms)
✔ 失败示例：悬空内部 $ref 被拒绝 (0.793125ms)
✔ 失败示例：同目录相对 $ref 目标文件不存在被拒绝 (0.473958ms)
✔ 失败示例：JSON 语法损坏的 Schema 被拒绝 (0.447792ms)
✔ 失败示例：JSON Schema 2020-12 非法 type 被元 Schema 拒绝 (0.4615ms)
✔ 失败示例：OpenAPI 基座缺少 paths 被拒绝 (0.551917ms)
✔ 同目录相对 $ref 可解析时通过 (0.642792ms)
✔ 失败示例：PEM 私钥块被检出 (0.555916ms)
✔ 失败示例：AWS Access Key ID 被检出 (0.06775ms)
✔ 失败示例：GitHub 令牌被检出 (0.052542ms)
✔ 失败示例：Slack 令牌被检出 (0.043583ms)
✔ 正常内容不误报 (0.341458ms)
✔ 失败示例：未跟踪且未忽略文件中的私钥也被扫描 (36.814458ms)
✔ 当前仓库通过敏感信息扫描 (495.131667ms)
✔ 生产源码直接 console 与 raw trace API 均被拒绝 (1.489333ms)
✔ 测试目录可使用 console，生产统一 logger 允许 (0.843375ms)
✔ 当前仓库生产源码通过 sink 门禁 (82.088625ms)
✔ QA-02 MQTT heartbeat: all valid/invalid fixtures, missing meta and type mutation (26.60575ms)
✔ QA-02 MQTT telemetry: all valid/invalid fixtures, missing meta and type mutation (1.905917ms)
✔ QA-02 MQTT report: all valid/invalid fixtures, missing meta and type mutation (1.929667ms)
✔ QA-02 MQTT alarm: all valid/invalid fixtures, missing meta and type mutation (1.28275ms)
✔ QA-02 MQTT event: all valid/invalid fixtures, missing meta and type mutation (45.170917ms)
✔ QA-02 MQTT ack: all valid/invalid fixtures, missing meta and type mutation (1.4005ms)
✔ QA-02 MQTT tamper: all valid/invalid fixtures, missing meta and type mutation (1.114209ms)
✔ QA-02 MQTT media: all valid/invalid fixtures, missing meta and type mutation (4.645917ms)
✔ QA-02 MQTT cmd: all valid/invalid fixtures, missing meta and type mutation (1.390166ms)
✔ QA-02 MQTT ota: all valid/invalid fixtures, missing meta and type mutation (1.257583ms)
✔ QA-02 MQTT notification: all valid/invalid fixtures, missing meta and type mutation (1.024875ms)
✔ MQTT semantic hash, discriminator and UTC calendar errors fail closed (0.409959ms)
✔ full REST response: field deletion/type mutation/envelope/date/errors/status/headers are enforced (2.44ms)
✔ REST request validation: required body/path/query/header, optional Sync, bodyless Deactivate, no type coercion in JSON (2.632708ms)
✔ all device operations and declared response JSON Schemas compile; stable error catalog has no duplicates (20.514292ms)
✔ predecessor MQTT is compatible; known REST break requires exact version and frozen DEC approvals (24.946416ms)
✔ breaking contract mutations fail: removing fields/operations/status, changing type/required/security (107.821375ms)
✔ receipt coverage gate fails closed for missing operations/statuses, no valid request and forged records (0.285125ms)
✔ QA04 coverage Gate accepts complete matrix and proofs (1.132875ms)
✔ QA04 coverage Gate rejects missing domain (0.28625ms)
✔ QA04 coverage Gate rejects no negative path (0.128667ms)
✔ QA04 coverage Gate rejects untrusted handler (0.096375ms)
✔ QA04 coverage Gate rejects missing role (0.47225ms)
✔ QA04 coverage Gate rejects cross-tenant leak (0.337792ms)
✔ QA04 coverage Gate rejects two write winners (0.354166ms)
✔ QA04 coverage Gate rejects duplicate audit (0.160083ms)
✔ QA04 coverage Gate rejects rollback missing (0.13425ms)
✔ QA04 coverage Gate rejects unclean resource (0.138292ms)
✔ QA04 coverage Gate rejects reused isolation (0.1125ms)
✔ QA04 coverage Gate rejects no observed replay (0.122667ms)
✔ QA04 required acceptance cases are enforced (0.560084ms)
✔ QA04 skipped assertion fails execution Gate (0.054833ms)
✔ QA04 removed state-machine assertion fails coverage Gate (0.400541ms)
✔ migration source requires exact approved commit (0.439ms)
✔ migration connection requires complete secret and verified TLS; special credentials are encoded (0.165625ms)
✔ database verification derives every mapped Prisma table (0.443666ms)
✔ runner without approved source fails without reporting credentials or driver details (48.5305ms)
✔ source packager archives committed tree, includes exact SHA and refuses overwriting ZIP (1479.474083ms)
✔ local TLS broker: 10 independent certificate sessions, QoS1, downlinks, reconnect and broker ACL rejection (693.385667ms)
✔ 10 concurrent sessions: all topics, exact 5% duplicates / 2% delayed telemetry, replay and isolated bad Schema (188.667292ms)
✔ cross-device publish, subscribe, receive and wildcard denied (0.48775ms)
✔ invalid configuration, OTA transitions and test credential gate fail closed (1.240625ms)
✔ scripted failed command, missing target mapping and illegal downlink do not generate mixed ACK (0.448208ms)
✔ all sessions close when one transport fails; no successful receipt (78.626709ms)
✔ MQTT adapter rejects SUBACK denial and connection failures (0.221375ms)
✔ CLI creates offline receipt and refuses ungated mqtts before reading credential paths (373.9995ms)
✔ CDK wrapper accepts synth/diff and requires explicit deploy stack (0.81775ms)
✔ CDK wrapper builds the whole workspace and fails closed on build errors (0.124125ms)
✔ CDK wrapper uses local SSO but requires OIDC credentials in GitHub Actions (0.077084ms)
✔ QA03 Gate accepts complete local integration receipt (0.547292ms)
✔ QA03 Gate rejects missing scenario (0.164917ms)
✔ QA03 Gate rejects unclean resources (0.075542ms)
✔ QA03 Gate rejects reused isolation prefix (0.075417ms)
✔ QA03 Gate rejects lost message (0.288625ms)
✔ QA03 Gate rejects duplicate business record (0.711583ms)
✔ QA03 Gate rejects missing raw proof (0.112667ms)
✔ QA03 Gate rejects missing fault probe (0.112625ms)
✔ receipt covers all 128 decisions in two viewports (4.333791ms)
✔ fail closed: missing page (1.147125ms)
✔ fail closed: skipped case (0.993125ms)
✔ fail closed: flaky success (0.33ms)
✔ fail closed: retry (0.270208ms)
✔ fail closed: unexpected external network (0.214209ms)
✔ fail closed: fixture collision (0.193292ms)
✔ fail closed: missing cleanup (0.170375ms)
✔ fail closed: updated baseline masquerades as regression (0.183667ms)
✔ fail closed: missing group (0.225917ms)
✔ fail closed: duplicate group (0.193333ms)
✔ fail closed: missing rejection assertion (0.214792ms)
✔ fail closed: missing menu (0.181667ms)
✔ fail closed: missing behavior guard (0.18175ms)
✔ fail closed: wrong viewport (0.180084ms)
✔ fail closed: snapshot hash mismatch (0.176209ms)
✔ binding omission, duplication and reject implementation fail closed (0.295209ms)
✔ real gzip bytes bind exact own devices, raw outbox hash and canonical published hash (3.632125ms)
✔ scope expansion, unknown customer/device, modified bytes and missing archive fail closed (1.97425ms)
✔ IoT normalized raw body binds outbox bytes while original publication binds canonical payload (1.230625ms)
✔ quick MQTT profile requires exact additional telemetry ledger and cannot waive missing archives (3.614541ms)
✔ redelivery rejects foreign archives, unbounded inventories and unbound certificates before AWS operations (1.64675ms)
✔ nominal 30x profile cannot conceal a slower real publish window (27.079542ms)
✔ version proof requires CI deploy Amplify exact commit and 19 distinct verified artifact bytes (0.365541ms)
✔ own-fixture fault grant rejects shared changes and unknown faults while retaining deployment boundary (0.133291ms)
✔ database proof rejects foreign build, source, role and nonzero cleanup instead of trusting child PASS (0.288125ms)
✔ target gates reject missing finish cleanup required case and foreign device before live calls (0.586084ms)
✔ business cleanup preserves outside rows, rejects baseline drift and deletes own dependent rows atomically (1111.802708ms)
✔ fault injection rejects missing authorization and foreign export identity without mutation (0.652791ms)
✔ assertion-only validation cannot stand in for cleanup or whole target acceptance (0.193458ms)
✔ complete intermediate/root chain matches truststore and private key (4.012666ms)
✔ missing root is distinguished from valid signing certificate and key (0.457708ms)
✔ wrong parent, expired chain and wrong private key fail independently (0.932667ms)
✔ oversized worker chain, malformed values and arbitrary canaries never leak (1.452583ms)
✔ receipt gate accepts completed diagnostic with invalid chain, rejects data leak and missing cleanup (1.930875ms)
✔ approved exact Worker, Secret, KMS and original expiry scope is accepted (0.677084ms)
✔ removing role condition, wildcard Secret or extended expiry is rejected (0.310417ms)
✔ unrestricted KMS, different context or extra secret permissions are rejected (0.146917ms)
✔ repair gate requires retained versions, exact output binding and all cleanup (1.877875ms)
✔ only root field changes, original version remains immutable and AWSPREVIOUS (9.977167ms)
✔ baseline drift prevents all writes (0.115959ms)
✔ wrong fixed root prevents all writes (0.333125ms)
✔ unknown put outcome recovers immutable token without a second put (1.256625ms)
✔ candidate mutation fails before promotion (0.92625ms)
✔ concurrent current movement after candidate write is preserved (0.67775ms)
✔ unknown promotion response is recovered from current stages (0.920166ms)
✔ post-promotion failed readback rolls back only the known current candidate (0.624541ms)
✔ invalid version token rejects before accessing any secret (0.244875ms)
✔ rollback refuses to overwrite a concurrent foreign current version (1.0625ms)
✔ unknown AWS errors are returned as fixed codes without secret exception text (0.129708ms)
✔ successful promotion waits for metadata visibility without repeating stage writes (0.904625ms)
✔ existing current candidate is verified using read-only store without new versions or stage writes (1.087ms)
✔ read-only recovery rejects changed fields without rolling back an existing current version (0.324541ms)
✔ capacity planning includes operational and rotation idle overlap and rejects naive concurrency increase (0.445375ms)
✔ DLQ scope requires closed ledger, 20 exact IDs and fresh empty database proof (0.759208ms)
✔ completed Build result tolerates delayed/truncated CloudWatch visibility and transient read failure without rerunning SQL (0.54325ms)
✔ wrong/multiple/failed frames and AccessDenied reject immediately, absent result fails closed after bounded reads (0.514167ms)
✔ CloudWatch 250000-character fragments reassemble exact source-bound metadata without accepting truncation or another frame (7.881209ms)
✔ fixed manifest rejects unsafe SQL identifiers, missing hash and duplicates (0.644125ms)
✔ migration comparison distinguishes missing, tampered, unfinished and rolled-back migrations (0.155375ms)
✔ snapshot uses repeatable read/read only, timeouts, fixed SELECTs and always rolls back (0.381625ms)
✔ writable transaction rejected before business queries and rolled back (0.186958ms)
✔ query failure rolls back instead of yielding partial PASS (0.117459ms)
✔ dedicated query project never changes migration project or passes StartBuild overrides (27.856625ms)
✔ legacy onboarding rows without CSR columns require reconciliation before migration (0.123542ms)
✔ query success preserves real migration BLOCKED instead of promoting readiness (0.738084ms)
✔ wrong build, writable transaction, unbound hash and fabricated migration PASS rejected (0.256209ms)
✔ missing table count cannot become complete SQL evidence (0.929333ms)
✔ snapshot must be available encrypted manual and exact whitelist cannot expand (0.44025ms)
✔ real local SQL retires exactly two jobs/requests and preserves every other table (973.440917ms)
✔ live status drift aborts with original rows intact (488.830583ms)
✔ unexpected cascade/trigger changing a preserved table rolls back all deletes (432.73325ms)
✔ target License wire sequence proves ExpiringSoon renewal and Renewed activation using real handlers and PostgreSQL (1148.928166ms)
✔ recovery sub-gate checks all preserved tables without accepting full QA09 (3.196208ms)
✔ version mismatch, missing migration and changed certificate/other business data fail closed (0.434458ms)
✔ retirement evidence cannot hide wrong deleted IDs or lose preservation proof (0.2755ms)
✔ retirement project has fixed source and never modifies readonly/migration runner (36.71475ms)
✔ S3 fallback accepts exact owned version cleanup and rejects bucket, customer and pagination expansion (0.591708ms)
✔ domain cleanup refuses live run, foreign customer name, missing DB cleanup and out-of-scope objects (0.615667ms)
✔ unseeded identity cleanup rejects unfinished, foreign, seeded and pre-existing admin ledgers (0.497541ms)
✔ Cognito canonical UUID is allowed only with exact own email and creation within this failed run (0.190417ms)
✔ P95 uses all actual samples and rejects empty or invalid measurements (0.406375ms)
✔ complete P95 excludes censored timeouts and refuses partial sample acceptance (0.101709ms)
✔ performance summary refuses to report P95 PASS for missing or incomplete actual samples (55.374917ms)
✔ read-only pool probe distinguishes one connection, recovery and incomplete capacity acceptance (3.919208ms)
✔ observed connection-budget violation refuses a pool PASS receipt (0.596833ms)
✔ foreign probe application name is rejected before database access (0.063375ms)
✔ scheduled publishing overlaps slow PUBACK and drains failures without abandoning in-flight writes (20.412375ms)
✔ only exact test account and readonly role accepted (0.472458ms)
✔ stack identity, region, project and test tag fail closed (0.105375ms)
✔ permission denial is unverified, never classified as absent (0.100208ms)
✔ metadata health never promotes missing business evidence to AWS PASS (0.217958ms)
✔ five groups with unconfirmed or disabled users do not prove usable identities (0.070209ms)
✔ missing target receipts and version mismatch remain blockers (0.06675ms)
✔ existing test environment requires neither new account nor stack and retains real-response/cleanup boundaries (0.204208ms)
✔ real sub-scope acceptance cannot claim whole QA09 (0.952667ms)
✔ unfinished execution, missing role probe and failed assertion rejected (0.131666ms)
✔ missing cleanup, wrong target, secrets and source tampering rejected (0.774625ms)
✔ identity cleanup only accepts this run and the five known role identities (0.437416ms)
✔ record cleanup requires exact run namespace, not merely a partial prefix (0.092583ms)
✔ per-request service throttling requires both unique IDs and bound access-row time/status, never minute metrics (0.359584ms)
✔ QA09 rollout separates logging, budget and event publication and rejects silent phase mistakes (2.628708ms)
✔ complete narrow real-environment scope never accepts full QA09 (1.298292ms)
✔ missing mTLS, shared keys, different ingress/archive bytes and missing cleanup fail closed (4.217209ms)
✔ CodeBuild inline source fits service limit and decompresses to exact reviewed bytes (31.91675ms)
✔ exact own-ten plan rejects expansion, historical identity and wrong customer namespace (13.733666ms)
✔ real SQL creates exact fixtures and cleanup preserves original devices/certificates (841.294542ms)
✔ unexpected original-data trigger mutation rolls back fixture creation (455.171166ms)
✔ processing provisioning job prevents cleanup without deleting any own devices (433.580625ms)
✔ CSR proofs bind method, path, request ID, timestamp, nonce and independent key (117.657333ms)
✔ closed-fixture audit and request outbox cleanup require ledger and preserve unrelated events (414.388959ms)
✔ closed-fixture access rejects missing approval audit and live customer (410.225834ms)
✔ unseeded capacity attempt has read-only empty audit with deleted customers and fixed original baseline (412.89025ms)
✔ business-only Onboarded fixtures preserve original rows, refuse reuse and make no certificate/authentication claim (418.979416ms)
✔ unseeded timeout audit reads only exact prefix and cannot mutate original or retry customer creation (410.99275ms)
✔ active lifecycle fixture changes exactly two own states and never claims a natural path (417.248458ms)
✔ capacity probe executes a read-only transaction and leaves fixture and original rows unchanged (419.981583ms)
✔ version binding preserves prior defaults and accepts exact new target (0.624833ms)
✔ invalid version input is rejected before any AWS operation (0.137333ms)
✔ all delivered writes have an explicit permission and own or absent object path (0.666458ms)
✔ identical claims still change signed payload bytes rather than unused base64 signature bits (0.118417ms)
✔ quick has exact cadence, 24 historical hours, 30x burst, 5% duplicates and 2% delayed delivery (6.113667ms)
✔ full plan contains 86400 historical Telemetry samples for 10 devices at 10-second cadence (432.597292ms)
✔ unknown profile fails closed (0.201375ms)
✔ P95 uses nearest rank and does not mutate input (0.129333ms)
✔ invalid latency  rejected (0.071583ms)
✔ invalid latency NaN rejected (0.034375ms)
✔ invalid latency Infinity rejected (0.03425ms)
✔ invalid latency -1 rejected (0.037208ms)
✔ independent checker verifies count average min max and UTC buckets (0.216125ms)
✔ complete reliability proof passes (1.596042ms)
✔ Gate rejects missing trace (3.327208ms)
✔ Gate rejects duplicate trace (2.391334ms)
✔ Gate rejects failed cleanup (0.563667ms)
✔ Gate rejects wrong profile (0.657584ms)
✔ Gate rejects wrong cadence (0.572ms)
✔ Gate rejects untracked loss (0.516834ms)
✔ Gate rejects duplicate business row (0.463792ms)
✔ Gate rejects missing archive (0.402333ms)
✔ Gate rejects missing reorder (0.392083ms)
✔ Gate rejects missing retry (0.410833ms)
✔ Gate rejects unresolved gap (0.790959ms)
✔ Gate rejects worker not paused (0.679291ms)
✔ Gate rejects no backlog (1.2315ms)
✔ Gate rejects unscoped replay (1.09225ms)
✔ Gate rejects duplicate MQTT publish (0.60325ms)
✔ Gate rejects late ACK changed terminal state (0.405917ms)
✔ Gate rejects telemetry P95 failed (0.442667ms)
✔ Gate rejects command P95 failed (0.330542ms)
✔ Gate rejects NaN P95 (0.336459ms)
✔ Gate rejects missing latency samples (0.309875ms)
✔ security receipt accepts complete execution and all observed acceptance proofs (1.792083ms)
✔ execution fails closed: deleted required test (0.429834ms)
✔ execution fails closed: missing file (0.084417ms)
✔ execution fails closed: pending test (0.066875ms)
✔ execution fails closed: failed test (0.792375ms)
✔ proof fails closed: missing proof (0.098166ms)
✔ proof fails closed: reused prefix (0.075042ms)
✔ proof fails closed: cleanup incomplete (0.076542ms)
✔ proof fails closed: expired JWT accepted (0.087791ms)
✔ proof fails closed: missing write operation (0.105875ms)
✔ proof fails closed: forged identity accepted (0.078208ms)
✔ proof fails closed: route resolved before auth (0.054708ms)
✔ proof fails closed: cross tenant allowed (0.082833ms)
✔ proof fails closed: unauthorized side effect (0.077042ms)
✔ proof fails closed: prototype pollution (0.076958ms)
✔ proof fails closed: malicious media signed (0.072958ms)
✔ proof fails closed: malicious media persisted (0.069375ms)
✔ proof fails closed: leak ignored (0.079542ms)
✔ proof fails closed: unscanned audit (0.125542ms)
✔ proof fails closed: unscanned snapshot (0.132167ms)
✔ proof fails closed: partial response scan (0.081125ms)
✔ independent scanner rejects nested secrets raw JWT Error private key and signed URL without echoing values (0.779916ms)
✔ scanner detects opaque canary leakage and permits null redacted values and public certificate (0.044833ms)
ℹ tests 399
ℹ suites 0
ℹ pass 399
ℹ fail 0
ℹ cancelled 0
ℹ skipped 0
ℹ todo 0
ℹ duration_ms 6055.66425

> food-digester-platform@0.0.0 build /Users/anray/Documents/project/hiddenjoyacom/food-digester-platform
> turbo run build

• turbo 2.10.11

   • Packages in scope: @fdp/admin-web, @fdp/archive-worker, @fdp/auth, @fdp/aws-clients, @fdp/cloud-api, @fdp/contracts, @fdp/database, @fdp/domain, @fdp/infra, @fdp/ingestion-worker, @fdp/media, @fdp/observability, @fdp/summary-worker
   • Running build in 13 packages
   • Remote caching disabled

@fdp/infra:build: cache miss, executing d8f7ab9d4bbde99f
@fdp/contracts:build: cache hit, replaying logs c0b9073b4854d18f
@fdp/observability:build: cache hit, replaying logs 82058b7e1bafdc8e
@fdp/contracts:build: 
@fdp/contracts:build: > @fdp/contracts@0.0.0 build /Users/anray/Documents/project/hiddenjoyacom/food-digester-platform/contracts
@fdp/contracts:build: > node -e "console.log('@fdp/contracts 为源码契约包：内部使用 .ts 扩展名互引，不经 tsc 构建；消费方经 tsx/打包器直接使用源码')"
@fdp/contracts:build: 
@fdp/contracts:build: @fdp/contracts 为源码契约包：内部使用 .ts 扩展名互引，不经 tsc 构建；消费方经 tsx/打包器直接使用源码
@fdp/aws-clients:build: cache hit, replaying logs 72b741ff8e28f9c8
@fdp/database:generate: cache hit, replaying logs 90b5fadf9e5c3a89
@fdp/observability:build: 
@fdp/observability:build: > @fdp/observability@0.0.0 build /Users/anray/Documents/project/hiddenjoyacom/food-digester-platform/packages/observability
@fdp/observability:build: > tsc -p tsconfig.build.json
@fdp/observability:build: 
@fdp/aws-clients:build: 
@fdp/aws-clients:build: > @fdp/aws-clients@0.0.0 build /Users/anray/Documents/project/hiddenjoyacom/food-digester-platform/packages/aws-clients
@fdp/aws-clients:build: > tsc -p tsconfig.build.json
@fdp/aws-clients:build: 
@fdp/database:generate: 
@fdp/database:generate: > @fdp/database@0.0.0 generate /Users/anray/Documents/project/hiddenjoyacom/food-digester-platform/packages/database
@fdp/database:generate: > prisma generate
@fdp/database:generate: 
@fdp/database:generate: Loaded Prisma config from prisma.config.ts.
@fdp/database:generate: 
@fdp/database:generate: Prisma schema loaded from prisma/schema.prisma.
@fdp/database:generate: 
@fdp/database:generate: ✔ Generated Prisma Client (7.9.1) to ./src/generated in 146ms
@fdp/database:generate: 
@fdp/domain:build: cache hit, replaying logs f00e96dee2d73d66
@fdp/domain:build: 
@fdp/domain:build: > @fdp/domain@0.0.0 build /Users/anray/Documents/project/hiddenjoyacom/food-digester-platform/packages/domain
@fdp/domain:build: > tsc -p tsconfig.build.json
@fdp/domain:build: 
@fdp/database:build: cache hit, replaying logs 66c4af3d114824f1
@fdp/database:build: 
@fdp/database:build: > @fdp/database@0.0.0 build /Users/anray/Documents/project/hiddenjoyacom/food-digester-platform/packages/database
@fdp/database:build: > tsc -p tsconfig.build.json
@fdp/database:build: 
@fdp/summary-worker:build: cache miss, executing b165f548dd51b1e5
@fdp/archive-worker:build: cache miss, executing ede83e1cc3847297
@fdp/media:build: cache hit, replaying logs fd4158921cf02bd4
@fdp/auth:build: cache hit, replaying logs b2cbc6b761117b1c
@fdp/media:build: 
@fdp/media:build: > @fdp/media@0.0.0 build /Users/anray/Documents/project/hiddenjoyacom/food-digester-platform/packages/media
@fdp/media:build: > tsc -p tsconfig.build.json
@fdp/media:build: 
@fdp/auth:build: 
@fdp/auth:build: > @fdp/auth@0.0.0 build /Users/anray/Documents/project/hiddenjoyacom/food-digester-platform/packages/auth
@fdp/auth:build: > tsc -p tsconfig.build.json
@fdp/auth:build: 
@fdp/admin-web:build: cache miss, executing 6cdea3f49e6da1ea
@fdp/ingestion-worker:build: cache miss, executing 466f962df922bc87
@fdp/cloud-api:build: cache miss, executing f79d02d8f7241593
@fdp/summary-worker:build: 
@fdp/summary-worker:build: > @fdp/summary-worker@0.0.0 build /Users/anray/Documents/project/hiddenjoyacom/food-digester-platform/apps/summary-worker
@fdp/summary-worker:build: > tsc -p tsconfig.build.json
@fdp/summary-worker:build: 
@fdp/admin-web:build: 
@fdp/admin-web:build: > @fdp/admin-web@0.0.0 build /Users/anray/Documents/project/hiddenjoyacom/food-digester-platform/apps/admin-web
@fdp/admin-web:build: > tsc -p tsconfig.build.json && vite build
@fdp/admin-web:build: 
@fdp/archive-worker:build: 
@fdp/archive-worker:build: > @fdp/archive-worker@0.0.0 build /Users/anray/Documents/project/hiddenjoyacom/food-digester-platform/apps/archive-worker
@fdp/archive-worker:build: > tsc -p tsconfig.build.json
@fdp/archive-worker:build: 
@fdp/cloud-api:build: 
@fdp/cloud-api:build: > @fdp/cloud-api@0.0.0 build /Users/anray/Documents/project/hiddenjoyacom/food-digester-platform/apps/cloud-api
@fdp/cloud-api:build: > tsc -p tsconfig.build.json
@fdp/cloud-api:build: 
@fdp/infra:build: 
@fdp/infra:build: > @fdp/infra@0.0.0 build /Users/anray/Documents/project/hiddenjoyacom/food-digester-platform/infra
@fdp/infra:build: > tsc -p tsconfig.build.json
@fdp/infra:build: 
@fdp/ingestion-worker:build: 
@fdp/ingestion-worker:build: > @fdp/ingestion-worker@0.0.0 build /Users/anray/Documents/project/hiddenjoyacom/food-digester-platform/apps/ingestion-worker
@fdp/ingestion-worker:build: > tsc -p tsconfig.build.json
@fdp/ingestion-worker:build: 
@fdp/admin-web:build: vite v8.2.2 building client environment for production...
@fdp/admin-web:build: transforming...
@fdp/admin-web:build: ✓ 128 modules transformed.
@fdp/admin-web:build: rendering chunks...
@fdp/admin-web:build: computing gzip size...
@fdp/admin-web:build: dist/web/index.html                   0.46 kB │ gzip:   0.32 kB
@fdp/admin-web:build: dist/web/assets/index-CMfALrFF.css    9.59 kB │ gzip:   2.91 kB
@fdp/admin-web:build: dist/web/assets/index-B9rsW9eh.js   674.21 kB │ gzip: 199.51 kB
@fdp/admin-web:build: 
@fdp/admin-web:build: ✓ built in 99ms
@fdp/admin-web:build: [plugin builtin:vite-reporter] 
@fdp/admin-web:build: (!) Some chunks are larger than 500 kB after minification. Consider:
@fdp/admin-web:build: - Using dynamic import() to code-split the application
@fdp/admin-web:build: - Use build.rolldownOptions.output.codeSplitting to improve chunking: https://rolldown.rs/reference/OutputOptions.codeSplitting
@fdp/admin-web:build: - Adjust chunk size limit for this warning via build.chunkSizeWarningLimit.

 Tasks:    14 successful, 14 total
Cached:    8 cached, 14 total
  Time:    2.93s 


> food-digester-platform@0.0.0 check:boundaries /Users/anray/Documents/project/hiddenjoyacom/food-digester-platform
> node scripts/check-boundaries.mjs

检查 13 个工作区包
模块边界与循环依赖检查通过

> food-digester-platform@0.0.0 check:schemas /Users/anray/Documents/project/hiddenjoyacom/food-digester-platform
> node scripts/check-schemas.mjs

OpenAPI / JSON Schema 校验通过

> food-digester-platform@0.0.0 check:migrations /Users/anray/Documents/project/hiddenjoyacom/food-digester-platform
> node scripts/check-migrations.mjs

Migration 结构与 Prisma Schema 漂移检查通过

> food-digester-platform@0.0.0 check:evidence /Users/anray/Documents/project/hiddenjoyacom/food-digester-platform
> node scripts/check-eng-db-dom-evidence.mjs

ENG/DB/DOM/IAC/AUTH/SEC/BE-IOT/BE-ARC/RPL/ESG/管理后台业务与前端 证据与开发文档检查通过

> food-digester-platform@0.0.0 check:secrets /Users/anray/Documents/project/hiddenjoyacom/food-digester-platform
> node scripts/check-secrets.mjs

敏感信息扫描通过

> food-digester-platform@0.0.0 check:sensitive-sinks /Users/anray/Documents/project/hiddenjoyacom/food-digester-platform
> node scripts/check-sensitive-sinks.mjs

生产日志与 Trace sink 脱敏门禁通过

> food-digester-platform@0.0.0 check:admin-web-delivery /Users/anray/Documents/project/hiddenjoyacom/food-digester-platform
> node scripts/check-admin-web-delivery.mjs

管理后台交付检查通过：入口、组合根、路由页面、OpenAPI operationId、CSS 与浏览器构建产物均已就绪

> food-digester-platform@0.0.0 check:admin-web-e2e /Users/anray/Documents/project/hiddenjoyacom/food-digester-platform
> pnpm --filter @fdp/admin-web test:e2e


> @fdp/admin-web@0.0.0 test:e2e /Users/anray/Documents/project/hiddenjoyacom/food-digester-platform/apps/admin-web
> playwright test

[WebServer] (node:18803) Warning: The 'NO_COLOR' env is ignored due to the 'FORCE_COLOR' env being set.
[WebServer] (Use `node --trace-warnings ...` to show where the warning was created)

[WebServer] (node:18837) Warning: The 'NO_COLOR' env is ignored due to the 'FORCE_COLOR' env being set.
[WebServer] (Use `node --trace-warnings ...` to show where the warning was created)

[WebServer] [plugin builtin:vite-reporter] 
[WebServer] (!) Some chunks are larger than 500 kB after minification. Consider:
[WebServer] - Using dynamic import() to code-split the application
[WebServer] - Use build.rolldownOptions.output.codeSplitting to improve chunking: https://rolldown.rs/reference/OutputOptions.codeSplitting
[WebServer] - Adjust chunk size limit for this warning via build.chunkSizeWarningLimit.

[WebServer] (node:18838) Warning: The 'NO_COLOR' env is ignored due to the 'FORCE_COLOR' env being set.
[WebServer] (Use `node --trace-warnings ...` to show where the warning was created)

[WebServer] (node:18864) Warning: The 'NO_COLOR' env is ignored due to the 'FORCE_COLOR' env being set.
[WebServer] (Use `node --trace-warnings ...` to show where the warning was created)


Running 30 tests using 1 worker

(node:18865) Warning: The 'NO_COLOR' env is ignored due to the 'FORCE_COLOR' env being set.
(Use `node --trace-warnings ...` to show where the warning was created)


[1/30] e2e/admin-web.spec.ts:15:1 › 无 Token 安全回登录；五角色菜单和受限路由均由组合根守卫
[2/30] e2e/admin-web.spec.ts:43:1 › 刷新失败清会话，API 403 保留会话并呈现无权
[3/30] e2e/admin-web.spec.ts:65:1 › Customer scope 与 Dashboard 离线/无 entitlement 动作在真实浏览器失败关闭
[4/30] e2e/admin-web.spec.ts:102:1 › Onboarding 审批双击只提交一次，展示录入来源和证书状态
[5/30] e2e/admin-web.spec.ts:147:1 › Customer/Site CRUD 关键路径：创建、非法时区、关联停用提示与 409
[6/30] e2e/admin-web.spec.ts:270:1 › 1440/768/375 响应式布局、横向表格和对话框键盘边界
[7/30] e2e/admin-web.spec.ts:356:1 › FE-06 至 FE-10 六个生产路由可运行，并覆盖成功、空态、分页入口、时区与响应式
[8/30] e2e/admin-web.spec.ts:398:1 › FE-06 至 FE-10 在 403/404、Customer scope、详情焦点与重复提交场景失败关闭
[9/30] e2e/admin-web.spec.ts:474:1 › FE-11 至 FE-15 七个生产路由由真实控制器驱动，并覆盖媒体签发与审计详情
[10/30] e2e/admin-web.spec.ts:538:1 › FE-11 至 FE-15 API 403 与路由角色边界在真实浏览器失败关闭
[11/30] e2e/admin-web.spec.ts:555:1 › FE-17 新建权限与零设备第二阶段在真实浏览器失败关闭
[12/30] e2e/admin-web.spec.ts:626:1 › FE-18 Chromium 覆盖 unknown/stale、联系人按需零预载与申请状态机
[13/30] e2e/admin-web.spec.ts:730:1 › FE-16 Chromium 覆盖邀请、角色、Scope、重置与设置 409 回源
[14/30] e2e/admin-web.spec.ts:854:1 › FE-17 Chromium 覆盖绑定、解绑、续约与终止并保留 License 边界
[15/30] e2e/admin-web.spec.ts:1029:5 › FE-19 Chromium 22 个生产路由：zh-CN / 375px
[16/30] e2e/admin-web.spec.ts:1029:5 › FE-19 Chromium 22 个生产路由：zh-CN / 768px
[17/30] e2e/admin-web.spec.ts:1029:5 › FE-19 Chromium 22 个生产路由：zh-CN / 1440px
[18/30] e2e/admin-web.spec.ts:1029:5 › FE-19 Chromium 22 个生产路由：en / 375px
[19/30] e2e/admin-web.spec.ts:1029:5 › FE-19 Chromium 22 个生产路由：en / 768px
[20/30] e2e/admin-web.spec.ts:1029:5 › FE-19 Chromium 22 个生产路由：en / 1440px
[21/30] e2e/admin-web.spec.ts:1050:1 › FE-19 语言选择在刷新后保持
[22/30] e2e/qa05-workflows.spec.ts:33:3 › QA05 role route and button matrix PlatformSuperAdmin
[23/30] e2e/qa05-workflows.spec.ts:33:3 › QA05 role route and button matrix PlatformOperator
[24/30] e2e/qa05-workflows.spec.ts:33:3 › QA05 role route and button matrix Auditor
[25/30] e2e/qa05-workflows.spec.ts:33:3 › QA05 role route and button matrix CustomerAdmin
[26/30] e2e/qa05-workflows.spec.ts:33:3 › QA05 role route and button matrix CustomerViewer
[27/30] e2e/qa05-workflows.spec.ts:80:1 › QA05 login SRP MFA error success logout without persisting password
[28/30] e2e/qa05-workflows.spec.ts:146:1 › QA05 ESG cursor totals export snapshot timezone and empty state
[29/30] e2e/qa05-workflows.spec.ts:216:1 › QA05 Command dangerous confirmation terminal result and publish failure
[30/30] e2e/qa05-workflows.spec.ts:271:1 › QA05 Media expiry renew 403 and audit read-only zero writes
  30 passed (28.5s)

> food-digester-platform@0.0.0 check:cmd-ota-delivery /Users/anray/Documents/project/hiddenjoyacom/food-digester-platform
> pnpm check:runtime && pnpm check:cdk


> food-digester-platform@0.0.0 check:runtime /Users/anray/Documents/project/hiddenjoyacom/food-digester-platform
> node --import tsx scripts/check-delivered-runtime.mjs

已交付 REST 生产路由与 OpenAPI 双向一致（129 operations）

> food-digester-platform@0.0.0 check:cdk /Users/anray/Documents/project/hiddenjoyacom/food-digester-platform
> node scripts/check-cdk-synth.mjs

CDK synth 无 warning；已交付 Lambda asset 与 CMD/OTA 生产接线 Gate 通过

> food-digester-platform@0.0.0 test:device-contracts /Users/anray/Documents/project/hiddenjoyacom/food-digester-platform
> node --import tsx scripts/run-contract-suite.mjs /tmp/fdp-device-contracts-gate.json

✔ QA-02 MQTT heartbeat: all valid/invalid fixtures, missing meta and type mutation (4.4205ms)
✔ QA-02 MQTT telemetry: all valid/invalid fixtures, missing meta and type mutation (1.849541ms)
✔ QA-02 MQTT report: all valid/invalid fixtures, missing meta and type mutation (1.779875ms)
✔ QA-02 MQTT alarm: all valid/invalid fixtures, missing meta and type mutation (1.440125ms)
✔ QA-02 MQTT event: all valid/invalid fixtures, missing meta and type mutation (0.890709ms)
✔ QA-02 MQTT ack: all valid/invalid fixtures, missing meta and type mutation (1.368833ms)
✔ QA-02 MQTT tamper: all valid/invalid fixtures, missing meta and type mutation (1.415ms)
✔ QA-02 MQTT media: all valid/invalid fixtures, missing meta and type mutation (1.147709ms)
✔ QA-02 MQTT cmd: all valid/invalid fixtures, missing meta and type mutation (1.09125ms)
✔ QA-02 MQTT ota: all valid/invalid fixtures, missing meta and type mutation (1.550625ms)
✔ QA-02 MQTT notification: all valid/invalid fixtures, missing meta and type mutation (1.161708ms)
✔ MQTT semantic hash, discriminator and UTC calendar errors fail closed (0.4495ms)
✔ full REST response: field deletion/type mutation/envelope/date/errors/status/headers are enforced (2.312541ms)
✔ REST request validation: required body/path/query/header, optional Sync, bodyless Deactivate, no type coercion in JSON (2.990083ms)
✔ all device operations and declared response JSON Schemas compile; stable error catalog has no duplicates (17.255375ms)
✔ predecessor MQTT is compatible; known REST break requires exact version and frozen DEC approvals (17.480166ms)
✔ breaking contract mutations fail: removing fields/operations/status, changing type/required/security (37.519875ms)
✔ receipt coverage gate fails closed for missing operations/statuses, no valid request and forged records (0.251709ms)
ℹ tests 18
ℹ suites 0
ℹ pass 18
ℹ fail 0
ℹ cancelled 0
ℹ skipped 0
ℹ todo 0
ℹ duration_ms 225.959292

 RUN  v4.1.11 /Users/anray/Documents/project/hiddenjoyacom/food-digester-platform


 Test Files  9 passed (9)
      Tests  88 passed (88)
   Start at  21:22:46
   Duration  3.36s (transform 3.29s, setup 0ms, import 6.65s, tests 11.99s, environment 0ms)

QA-02 PASS: 11 MQTT schemas, 8 device operations, 133 checked Handler responses

> food-digester-platform@0.0.0 test:iot-integration /Users/anray/Documents/project/hiddenjoyacom/food-digester-platform
> node --import tsx scripts/run-iot-integration.mjs /tmp/fdp-iot-integration-gate.json


 RUN  v4.1.11 /Users/anray/Documents/project/hiddenjoyacom/food-digester-platform


 Test Files  1 passed (1)
      Tests  5 passed (5)
   Start at  21:22:50
   Duration  4.61s (transform 230ms, setup 0ms, import 402ms, tests 4.15s, environment 0ms)


> food-digester-platform@0.0.0 test:core-api-integration /Users/anray/Documents/project/hiddenjoyacom/food-digester-platform
> node --import tsx scripts/run-core-api-integration.mjs /tmp/fdp-core-api-integration-gate.json


 RUN  v4.1.11 /Users/anray/Documents/project/hiddenjoyacom/food-digester-platform

 ✓ apps/cloud-api/test/admin-device-assignment.test.ts (9 tests) 2483ms
 ✓ apps/cloud-api/test/admin-alarm.test.ts (10 tests) 2904ms
 ✓ apps/cloud-api/test/admin-contract.test.ts (8 tests) 3155ms
 ✓ apps/cloud-api/test/admin-audit.test.ts (6 tests) 3275ms
 ✓ apps/cloud-api/test/admin-esg.test.ts (10 tests) 3252ms
 ✓ apps/cloud-api/test/admin-onboarding.test.ts (13 tests) 3393ms
 ✓ apps/cloud-api/test/admin-consumable-request.test.ts (8 tests) 3349ms
 ✓ apps/cloud-api/test/admin-device-status.test.ts (8 tests) 3405ms
 ✓ apps/cloud-api/test/admin-contract-device.test.ts (8 tests) 3436ms
 ✓ apps/cloud-api/test/admin-device-retirement.test.ts (7 tests) 3474ms
 ✓ apps/cloud-api/test/admin-license.test.ts (11 tests) 3526ms
 ✓ apps/cloud-api/test/admin-command.test.ts (15 tests) 3687ms
     ✓ ACTIVE 设备：22 个命令全部创建成功并进入 AUTHORIZED  392ms
 ✓ apps/cloud-api/test/device-sync.test.ts (13 tests) 1002ms
 ✓ apps/cloud-api/test/qa04-core-api.test.ts (3 tests) 4618ms
   ✓ QA04 five roles, two tenants: read scope, mutation and audit boundaries  3410ms
   ✓ QA04 concurrent If-Match writes have one winner and one success audit  635ms
   ✓ QA04 audit failure rolls back lifecycle/outbox; retry and replay preserve exactly one audit  571ms

 Test Files  14 passed (14)
      Tests  129 passed (129)
   Start at  21:22:55
   Duration  5.68s (transform 6.44s, setup 201ms, import 13.86s, tests 44.96s, environment 1ms)

JSON report written to /var/folders/k8/_4hymb6j59s0c8xntb11ktmc0000gn/T/qa04-core-api-yn3Ofy/vitest.json
stderr | apps/cloud-api/test/qa04-core-api.test.ts > QA04 audit failure rolls back lifecycle/outbox; retry and replay preserve exactly one audit
audit FAILURE 记录写入失败 Error [PrismaClientKnownRequestError]: 
Invalid `client.auditLog.create()` invocation in
/Users/anray/Documents/project/hiddenjoyacom/food-digester-platform/packages/database/src/audit.ts:72:25

  69 /** 写一条审计记录。可在事务内（tx）或根 client 上调用。 */
  70 export async function recordAudit(client: DbClient, entry: AuditEntry): Promise<void> {
  71   const ctx = getRequestContext();
→ 72   await client.auditLog.create(
Database error. Code: `P0001`. Message: `QA04 audit unavailable`
    at redactSensitive (/Users/anray/Documents/project/hiddenjoyacom/food-digester-platform/packages/observability/src/redaction.ts:43:19)
    at Array.map (<anonymous>)
    at Object.error (/Users/anray/Documents/project/hiddenjoyacom/food-digester-platform/packages/observability/src/redaction.ts:70:18)
    at audited (/Users/anray/Documents/project/hiddenjoyacom/food-digester-platform/packages/database/src/audit.ts:130:14)
    at processTicksAndRejections (node:internal/process/task_queues:103:5)
    at /Users/anray/Documents/project/hiddenjoyacom/food-digester-platform/apps/cloud-api/src/admin/device-status/handler.ts:79:20
    at /Users/anray/Documents/project/hiddenjoyacom/food-digester-platform/apps/cloud-api/src/admin/device-status/handler.ts:104:16
    at Object.suspend (/Users/anray/Documents/project/hiddenjoyacom/food-digester-platform/apps/cloud-api/test/qa04-observe.ts:18:28)
    at /Users/anray/Documents/project/hiddenjoyacom/food-digester-platform/apps/cloud-api/test/qa04-core-api.test.ts:193:20
    at withFixture (/Users/anray/Documents/project/hiddenjoyacom/food-digester-platform/apps/cloud-api/test/qa04-core-api.test.ts:50:13)


> food-digester-platform@0.0.0 test:admin-e2e-suite /Users/anray/Documents/project/hiddenjoyacom/food-digester-platform
> node scripts/run-admin-e2e.mjs /tmp/fdp-admin-e2e-gate.json







Running 30 tests using 1 worker



[1/30] e2e/admin-web.spec.ts:15:1 › 无 Token 安全回登录；五角色菜单和受限路由均由组合根守卫
[2/30] e2e/admin-web.spec.ts:43:1 › 刷新失败清会话，API 403 保留会话并呈现无权
[3/30] e2e/admin-web.spec.ts:65:1 › Customer scope 与 Dashboard 离线/无 entitlement 动作在真实浏览器失败关闭
[4/30] e2e/admin-web.spec.ts:102:1 › Onboarding 审批双击只提交一次，展示录入来源和证书状态
[5/30] e2e/admin-web.spec.ts:147:1 › Customer/Site CRUD 关键路径：创建、非法时区、关联停用提示与 409
[6/30] e2e/admin-web.spec.ts:270:1 › 1440/768/375 响应式布局、横向表格和对话框键盘边界
[7/30] e2e/admin-web.spec.ts:356:1 › FE-06 至 FE-10 六个生产路由可运行，并覆盖成功、空态、分页入口、时区与响应式
[8/30] e2e/admin-web.spec.ts:398:1 › FE-06 至 FE-10 在 403/404、Customer scope、详情焦点与重复提交场景失败关闭
[9/30] e2e/admin-web.spec.ts:474:1 › FE-11 至 FE-15 七个生产路由由真实控制器驱动，并覆盖媒体签发与审计详情
[10/30] e2e/admin-web.spec.ts:538:1 › FE-11 至 FE-15 API 403 与路由角色边界在真实浏览器失败关闭
[11/30] e2e/admin-web.spec.ts:555:1 › FE-17 新建权限与零设备第二阶段在真实浏览器失败关闭
[12/30] e2e/admin-web.spec.ts:626:1 › FE-18 Chromium 覆盖 unknown/stale、联系人按需零预载与申请状态机
[13/30] e2e/admin-web.spec.ts:730:1 › FE-16 Chromium 覆盖邀请、角色、Scope、重置与设置 409 回源
[14/30] e2e/admin-web.spec.ts:854:1 › FE-17 Chromium 覆盖绑定、解绑、续约与终止并保留 License 边界
[15/30] e2e/admin-web.spec.ts:1029:5 › FE-19 Chromium 22 个生产路由：zh-CN / 375px
[16/30] e2e/admin-web.spec.ts:1029:5 › FE-19 Chromium 22 个生产路由：zh-CN / 768px
[17/30] e2e/admin-web.spec.ts:1029:5 › FE-19 Chromium 22 个生产路由：zh-CN / 1440px
[18/30] e2e/admin-web.spec.ts:1029:5 › FE-19 Chromium 22 个生产路由：en / 375px
[19/30] e2e/admin-web.spec.ts:1029:5 › FE-19 Chromium 22 个生产路由：en / 768px
[20/30] e2e/admin-web.spec.ts:1029:5 › FE-19 Chromium 22 个生产路由：en / 1440px
[21/30] e2e/admin-web.spec.ts:1050:1 › FE-19 语言选择在刷新后保持
[22/30] e2e/qa05-workflows.spec.ts:33:3 › QA05 role route and button matrix PlatformSuperAdmin
[23/30] e2e/qa05-workflows.spec.ts:33:3 › QA05 role route and button matrix PlatformOperator
[24/30] e2e/qa05-workflows.spec.ts:33:3 › QA05 role route and button matrix Auditor
[25/30] e2e/qa05-workflows.spec.ts:33:3 › QA05 role route and button matrix CustomerAdmin
[26/30] e2e/qa05-workflows.spec.ts:33:3 › QA05 role route and button matrix CustomerViewer
[27/30] e2e/qa05-workflows.spec.ts:80:1 › QA05 login SRP MFA error success logout without persisting password
[28/30] e2e/qa05-workflows.spec.ts:146:1 › QA05 ESG cursor totals export snapshot timezone and empty state
[29/30] e2e/qa05-workflows.spec.ts:216:1 › QA05 Command dangerous confirmation terminal result and publish failure
[30/30] e2e/qa05-workflows.spec.ts:271:1 › QA05 Media expiry renew 403 and audit read-only zero writes
  30 passed (27.7s)
[WebServer] (node:20049) Warning: The 'NO_COLOR' env is ignored due to the 'FORCE_COLOR' env being set.
[WebServer] (Use `node --trace-warnings ...` to show where the warning was created)
[WebServer] (node:20090) Warning: The 'NO_COLOR' env is ignored due to the 'FORCE_COLOR' env being set.
[WebServer] (Use `node --trace-warnings ...` to show where the warning was created)
[WebServer] [plugin builtin:vite-reporter] 
[WebServer] (!) Some chunks are larger than 500 kB after minification. Consider:
[WebServer] - Using dynamic import() to code-split the application
[WebServer] - Use build.rolldownOptions.output.codeSplitting to improve chunking: https://rolldown.rs/reference/OutputOptions.codeSplitting
[WebServer] - Adjust chunk size limit for this warning via build.chunkSizeWarningLimit.
[WebServer] (node:20093) Warning: The 'NO_COLOR' env is ignored due to the 'FORCE_COLOR' env being set.
[WebServer] (Use `node --trace-warnings ...` to show where the warning was created)
[WebServer] (node:20116) Warning: The 'NO_COLOR' env is ignored due to the 'FORCE_COLOR' env being set.
[WebServer] (Use `node --trace-warnings ...` to show where the warning was created)
(node:20118) Warning: The 'NO_COLOR' env is ignored due to the 'FORCE_COLOR' env being set.
(Use `node --trace-warnings ...` to show where the warning was created)






Running 60 tests using 2 workers





[1/60] e2e/admin-web.spec.ts:43:1 › 刷新失败清会话，API 403 保留会话并呈现无权
[2/60] e2e/admin-web.spec.ts:15:1 › 无 Token 安全回登录；五角色菜单和受限路由均由组合根守卫
[3/60] e2e/admin-web.spec.ts:65:1 › Customer scope 与 Dashboard 离线/无 entitlement 动作在真实浏览器失败关闭
[4/60] e2e/admin-web.spec.ts:102:1 › Onboarding 审批双击只提交一次，展示录入来源和证书状态
[5/60] e2e/admin-web.spec.ts:147:1 › Customer/Site CRUD 关键路径：创建、非法时区、关联停用提示与 409
[6/60] e2e/admin-web.spec.ts:270:1 › 1440/768/375 响应式布局、横向表格和对话框键盘边界
[7/60] e2e/admin-web.spec.ts:356:1 › FE-06 至 FE-10 六个生产路由可运行，并覆盖成功、空态、分页入口、时区与响应式
[8/60] e2e/admin-web.spec.ts:398:1 › FE-06 至 FE-10 在 403/404、Customer scope、详情焦点与重复提交场景失败关闭
[9/60] e2e/admin-web.spec.ts:474:1 › FE-11 至 FE-15 七个生产路由由真实控制器驱动，并覆盖媒体签发与审计详情
[10/60] e2e/admin-web.spec.ts:538:1 › FE-11 至 FE-15 API 403 与路由角色边界在真实浏览器失败关闭
[11/60] e2e/admin-web.spec.ts:555:1 › FE-17 新建权限与零设备第二阶段在真实浏览器失败关闭
[12/60] e2e/admin-web.spec.ts:626:1 › FE-18 Chromium 覆盖 unknown/stale、联系人按需零预载与申请状态机
[13/60] e2e/admin-web.spec.ts:730:1 › FE-16 Chromium 覆盖邀请、角色、Scope、重置与设置 409 回源
[14/60] e2e/admin-web.spec.ts:854:1 › FE-17 Chromium 覆盖绑定、解绑、续约与终止并保留 License 边界
[15/60] e2e/admin-web.spec.ts:1029:5 › FE-19 Chromium 22 个生产路由：zh-CN / 375px
[16/60] e2e/admin-web.spec.ts:1029:5 › FE-19 Chromium 22 个生产路由：zh-CN / 768px
[17/60] e2e/admin-web.spec.ts:1029:5 › FE-19 Chromium 22 个生产路由：zh-CN / 1440px
[18/60] e2e/admin-web.spec.ts:1029:5 › FE-19 Chromium 22 个生产路由：en / 375px
[19/60] e2e/admin-web.spec.ts:1029:5 › FE-19 Chromium 22 个生产路由：en / 768px
[20/60] e2e/admin-web.spec.ts:1029:5 › FE-19 Chromium 22 个生产路由：en / 1440px
[21/60] e2e/admin-web.spec.ts:1050:1 › FE-19 语言选择在刷新后保持
[22/60] e2e/qa05-workflows.spec.ts:33:3 › QA05 role route and button matrix PlatformSuperAdmin
[23/60] e2e/qa05-workflows.spec.ts:33:3 › QA05 role route and button matrix PlatformOperator
[24/60] e2e/qa05-workflows.spec.ts:33:3 › QA05 role route and button matrix Auditor
[25/60] e2e/qa05-workflows.spec.ts:33:3 › QA05 role route and button matrix CustomerAdmin
[26/60] e2e/qa05-workflows.spec.ts:33:3 › QA05 role route and button matrix CustomerViewer
[27/60] e2e/qa05-workflows.spec.ts:80:1 › QA05 login SRP MFA error success logout without persisting password
[28/60] e2e/qa05-workflows.spec.ts:146:1 › QA05 ESG cursor totals export snapshot timezone and empty state
[29/60] e2e/qa05-workflows.spec.ts:216:1 › QA05 Command dangerous confirmation terminal result and publish failure
[30/60] e2e/qa05-workflows.spec.ts:271:1 › QA05 Media expiry renew 403 and audit read-only zero writes


[31/60] e2e/admin-web.spec.ts:15:1 › 无 Token 安全回登录；五角色菜单和受限路由均由组合根守卫


[32/60] e2e/admin-web.spec.ts:43:1 › 刷新失败清会话，API 403 保留会话并呈现无权
[33/60] e2e/admin-web.spec.ts:65:1 › Customer scope 与 Dashboard 离线/无 entitlement 动作在真实浏览器失败关闭
[34/60] e2e/admin-web.spec.ts:102:1 › Onboarding 审批双击只提交一次，展示录入来源和证书状态
[35/60] e2e/admin-web.spec.ts:147:1 › Customer/Site CRUD 关键路径：创建、非法时区、关联停用提示与 409
[36/60] e2e/admin-web.spec.ts:270:1 › 1440/768/375 响应式布局、横向表格和对话框键盘边界
[37/60] e2e/admin-web.spec.ts:356:1 › FE-06 至 FE-10 六个生产路由可运行，并覆盖成功、空态、分页入口、时区与响应式
[38/60] e2e/admin-web.spec.ts:398:1 › FE-06 至 FE-10 在 403/404、Customer scope、详情焦点与重复提交场景失败关闭
[39/60] e2e/admin-web.spec.ts:474:1 › FE-11 至 FE-15 七个生产路由由真实控制器驱动，并覆盖媒体签发与审计详情
[40/60] e2e/admin-web.spec.ts:538:1 › FE-11 至 FE-15 API 403 与路由角色边界在真实浏览器失败关闭
[41/60] e2e/admin-web.spec.ts:555:1 › FE-17 新建权限与零设备第二阶段在真实浏览器失败关闭
[42/60] e2e/admin-web.spec.ts:626:1 › FE-18 Chromium 覆盖 unknown/stale、联系人按需零预载与申请状态机
[43/60] e2e/admin-web.spec.ts:730:1 › FE-16 Chromium 覆盖邀请、角色、Scope、重置与设置 409 回源
[44/60] e2e/admin-web.spec.ts:854:1 › FE-17 Chromium 覆盖绑定、解绑、续约与终止并保留 License 边界
[45/60] e2e/admin-web.spec.ts:1029:5 › FE-19 Chromium 22 个生产路由：zh-CN / 375px
[46/60] e2e/admin-web.spec.ts:1029:5 › FE-19 Chromium 22 个生产路由：zh-CN / 768px
[47/60] e2e/admin-web.spec.ts:1029:5 › FE-19 Chromium 22 个生产路由：zh-CN / 1440px
[48/60] e2e/admin-web.spec.ts:1029:5 › FE-19 Chromium 22 个生产路由：en / 375px
[49/60] e2e/admin-web.spec.ts:1029:5 › FE-19 Chromium 22 个生产路由：en / 768px
[50/60] e2e/admin-web.spec.ts:1029:5 › FE-19 Chromium 22 个生产路由：en / 1440px
[51/60] e2e/admin-web.spec.ts:1050:1 › FE-19 语言选择在刷新后保持
[52/60] e2e/qa05-workflows.spec.ts:33:3 › QA05 role route and button matrix PlatformSuperAdmin
[53/60] e2e/qa05-workflows.spec.ts:33:3 › QA05 role route and button matrix PlatformOperator
[54/60] e2e/qa05-workflows.spec.ts:33:3 › QA05 role route and button matrix Auditor
[55/60] e2e/qa05-workflows.spec.ts:33:3 › QA05 role route and button matrix CustomerAdmin
[56/60] e2e/qa05-workflows.spec.ts:33:3 › QA05 role route and button matrix CustomerViewer
[57/60] e2e/qa05-workflows.spec.ts:80:1 › QA05 login SRP MFA error success logout without persisting password
[58/60] e2e/qa05-workflows.spec.ts:146:1 › QA05 ESG cursor totals export snapshot timezone and empty state
[59/60] e2e/qa05-workflows.spec.ts:216:1 › QA05 Command dangerous confirmation terminal result and publish failure
[60/60] e2e/qa05-workflows.spec.ts:271:1 › QA05 Media expiry renew 403 and audit read-only zero writes
  60 passed (29.3s)
[WebServer] (node:20200) Warning: The 'NO_COLOR' env is ignored due to the 'FORCE_COLOR' env being set.
[WebServer] (Use `node --trace-warnings ...` to show where the warning was created)
[WebServer] (node:20259) Warning: The 'NO_COLOR' env is ignored due to the 'FORCE_COLOR' env being set.
[WebServer] (Use `node --trace-warnings ...` to show where the warning was created)
[WebServer] [plugin builtin:vite-reporter] 
[WebServer] (!) Some chunks are larger than 500 kB after minification. Consider:
[WebServer] - Using dynamic import() to code-split the application
[WebServer] - Use build.rolldownOptions.output.codeSplitting to improve chunking: https://rolldown.rs/reference/OutputOptions.codeSplitting
[WebServer] - Adjust chunk size limit for this warning via build.chunkSizeWarningLimit.
[WebServer] (node:20260) Warning: The 'NO_COLOR' env is ignored due to the 'FORCE_COLOR' env being set.
[WebServer] (Use `node --trace-warnings ...` to show where the warning was created)
[WebServer] (node:20283) Warning: The 'NO_COLOR' env is ignored due to the 'FORCE_COLOR' env being set.
[WebServer] (Use `node --trace-warnings ...` to show where the warning was created)
(node:20284) Warning: The 'NO_COLOR' env is ignored due to the 'FORCE_COLOR' env being set.
(Use `node --trace-warnings ...` to show where the warning was created)
(node:20285) Warning: The 'NO_COLOR' env is ignored due to the 'FORCE_COLOR' env being set.
(Use `node --trace-warnings ...` to show where the warning was created)
(node:20385) Warning: The 'NO_COLOR' env is ignored due to the 'FORCE_COLOR' env being set.
(Use `node --trace-warnings ...` to show where the warning was created)
(node:20386) Warning: The 'NO_COLOR' env is ignored due to the 'FORCE_COLOR' env being set.
(Use `node --trace-warnings ...` to show where the warning was created)

> food-digester-platform@0.0.0 test:security-suite /Users/anray/Documents/project/hiddenjoyacom/food-digester-platform
> node --import tsx scripts/run-security-suite.mjs /tmp/fdp-security-gate.json


 RUN  v4.1.11 /Users/anray/Documents/project/hiddenjoyacom/food-digester-platform

 ✓ packages/database/test/db03.test.ts (10 tests) 1068ms
 ✓ packages/auth/test/secure-package.test.ts (14 tests) 1117ms
 ✓ packages/auth/test/device-mtls.test.ts (11 tests) 1471ms
 ✓ packages/auth/test/cognito.test.ts (14 tests) 147ms
 ✓ packages/auth/test/qa06-jwt-security.test.ts (1 test) 92ms
 ✓ apps/cloud-api/test/admin-lambda-composition.test.ts (11 tests) 497ms
 ✓ apps/cloud-api/test/device-lambda-composition.test.ts (13 tests) 14ms
 ✓ packages/aws-clients/test/iot-device-policy.test.ts (12 tests) 7ms
 ✓ packages/observability/test/redaction.test.ts (8 tests) 8ms
 ✓ packages/auth/test/guard.test.ts (10 tests) 4ms
 ✓ apps/cloud-api/test/media.test.ts (12 tests) 1800ms
 ✓ apps/cloud-api/test/ota-dispatch.test.ts (16 tests) 1983ms
 ✓ apps/cloud-api/test/admin-audit.test.ts (6 tests) 2164ms
 ✓ apps/cloud-api/test/admin-settings.test.ts (10 tests) 2321ms
 ✓ apps/cloud-api/test/admin-user.test.ts (20 tests) 2555ms
 ✓ apps/cloud-api/test/csr-onboarding.test.ts (1 test) 2498ms
 ✓ apps/cloud-api/test/admin-command.test.ts (15 tests) 2644ms
 ✓ apps/cloud-api/test/admin-device-user.test.ts (8 tests) 3019ms
     ✓ 仅匹配具有目标设备 ACTIVE 分配的设备操作员  351ms
 ✓ apps/cloud-api/test/certificate-rotate.test.ts (8 tests) 3443ms
     ✓ 缺失 CSR 不签发；AWS attach 失败保留可重试停用记录并保留旧证  354ms
 ✓ apps/cloud-api/test/qa06-security.test.ts (4 tests) 3699ms
   ✓ QA06 signed tenant scope and SQL JSON injection cannot cross boundaries or corrupt business state  2326ms
   ✓ QA06 malicious media filenames and metadata reject before signing or persistence  601ms
   ✓ QA06 raw canaries are absent from actual logger trace audit and snapshot artifacts  614ms

 Test Files  20 passed (20)
      Tests  204 passed (204)
   Start at  21:23:59
   Duration  5.13s (transform 7.31s, setup 0ms, import 15.14s, tests 30.55s, environment 1ms)

JSON report written to /var/folders/k8/_4hymb6j59s0c8xntb11ktmc0000gn/T/qa06-security-YsqWv7/vitest.json

> food-digester-platform@0.0.0 test:reliability-suite /Users/anray/Documents/project/hiddenjoyacom/food-digester-platform
> node --import tsx scripts/run-reliability-suite.mjs /tmp/fdp-reliability-gate.json

JSON report written to /var/folders/k8/_4hymb6j59s0c8xntb11ktmc0000gn/T/qa07-reliability-QLQWCy/vitest.json

> food-digester-platform@0.0.0 test:prototype-regression /Users/anray/Documents/project/hiddenjoyacom/food-digester-platform
> node scripts/run-prototype-regression.mjs /tmp/fdp-prototype-regression-gate.json







Running 24 tests using 1 worker



[1/24] e2e/qa08-prototype.spec.ts:461:5 › QA08 dashboard 375
[2/24] e2e/qa08-prototype.spec.ts:461:5 › QA08 device-view 375
[3/24] e2e/qa08-prototype.spec.ts:461:5 › QA08 device-operate 375
[4/24] e2e/qa08-prototype.spec.ts:461:5 › QA08 device-group 375
[5/24] e2e/qa08-prototype.spec.ts:461:5 › QA08 device-manage 375
[6/24] e2e/qa08-prototype.spec.ts:461:5 › QA08 device-consumable 375
[7/24] e2e/qa08-prototype.spec.ts:461:5 › QA08 contract-modify 375
[8/24] e2e/qa08-prototype.spec.ts:461:5 › QA08 contract-new 375
[9/24] e2e/qa08-prototype.spec.ts:461:5 › QA08 contract-detail 375
[10/24] e2e/qa08-prototype.spec.ts:461:5 › QA08 esg-overview 375
[11/24] e2e/qa08-prototype.spec.ts:461:5 › QA08 esg-device 375
[12/24] e2e/qa08-prototype.spec.ts:461:5 › QA08 settings 375
[13/24] e2e/qa08-prototype.spec.ts:461:5 › QA08 dashboard 1440
[14/24] e2e/qa08-prototype.spec.ts:461:5 › QA08 device-view 1440
[15/24] e2e/qa08-prototype.spec.ts:461:5 › QA08 device-operate 1440
[16/24] e2e/qa08-prototype.spec.ts:461:5 › QA08 device-group 1440
[17/24] e2e/qa08-prototype.spec.ts:461:5 › QA08 device-manage 1440
[18/24] e2e/qa08-prototype.spec.ts:461:5 › QA08 device-consumable 1440
[19/24] e2e/qa08-prototype.spec.ts:461:5 › QA08 contract-modify 1440
[20/24] e2e/qa08-prototype.spec.ts:461:5 › QA08 contract-new 1440
[21/24] e2e/qa08-prototype.spec.ts:461:5 › QA08 contract-detail 1440
[22/24] e2e/qa08-prototype.spec.ts:461:5 › QA08 esg-overview 1440
[23/24] e2e/qa08-prototype.spec.ts:461:5 › QA08 esg-device 1440
[24/24] e2e/qa08-prototype.spec.ts:461:5 › QA08 settings 1440
  24 passed (1.8m)
[WebServer] (node:21102) Warning: The 'NO_COLOR' env is ignored due to the 'FORCE_COLOR' env being set.
[WebServer] (Use `node --trace-warnings ...` to show where the warning was created)
[WebServer] (node:21159) Warning: The 'NO_COLOR' env is ignored due to the 'FORCE_COLOR' env being set.
[WebServer] (Use `node --trace-warnings ...` to show where the warning was created)
[WebServer] [plugin builtin:vite-reporter] 
[WebServer] (!) Some chunks are larger than 500 kB after minification. Consider:
[WebServer] - Using dynamic import() to code-split the application
[WebServer] - Use build.rolldownOptions.output.codeSplitting to improve chunking: https://rolldown.rs/reference/OutputOptions.codeSplitting
[WebServer] - Adjust chunk size limit for this warning via build.chunkSizeWarningLimit.
[WebServer] (node:21163) Warning: The 'NO_COLOR' env is ignored due to the 'FORCE_COLOR' env being set.
[WebServer] (Use `node --trace-warnings ...` to show where the warning was created)
[WebServer] (node:21192) Warning: The 'NO_COLOR' env is ignored due to the 'FORCE_COLOR' env being set.
[WebServer] (Use `node --trace-warnings ...` to show where the warning was created)
(node:21198) Warning: The 'NO_COLOR' env is ignored due to the 'FORCE_COLOR' env being set.
(Use `node --trace-warnings ...` to show where the warning was created)
