
> food-digester-platform@0.0.0 verify /Users/anray/Documents/project/hiddenjoyacom/food-digester-platform
> pnpm lint && pnpm format:check && pnpm typecheck && pnpm openapi:check && pnpm test && pnpm build && pnpm check:boundaries && pnpm check:schemas && pnpm check:migrations && pnpm check:evidence && pnpm check:secrets && pnpm check:sensitive-sinks && pnpm check:admin-web-delivery && pnpm check:admin-web-e2e && pnpm check:cmd-ota-delivery && pnpm test:device-contracts /tmp/fdp-device-contracts-gate.json && pnpm test:iot-integration /tmp/fdp-iot-integration-gate.json && pnpm test:core-api-integration /tmp/fdp-core-api-integration-gate.json && pnpm test:admin-e2e-suite /tmp/fdp-admin-e2e-gate.json && pnpm test:security-suite /tmp/fdp-security-gate.json && pnpm test:reliability-suite /tmp/fdp-reliability-gate.json && pnpm test:prototype-regression /tmp/fdp-prototype-regression-gate.json


> food-digester-platform@0.0.0 lint /Users/anray/Documents/project/hiddenjoyacom/food-digester-platform
> eslint .


> food-digester-platform@0.0.0 format:check /Users/anray/Documents/project/hiddenjoyacom/food-digester-platform
> prettier --check .

Checking formatting...
All matched files use Prettier code style!

> food-digester-platform@0.0.0 typecheck /Users/anray/Documents/project/hiddenjoyacom/food-digester-platform
> turbo run typecheck

• turbo 2.10.11

   • Packages in scope: @fdp/admin-web, @fdp/archive-worker, @fdp/auth, @fdp/aws-clients, @fdp/cloud-api, @fdp/contracts, @fdp/database, @fdp/domain, @fdp/infra, @fdp/ingestion-worker, @fdp/media, @fdp/observability, @fdp/summary-worker
   • Running typecheck in 13 packages
   • Remote caching disabled

@fdp/contracts:build: cache hit, replaying logs badb40bf08f6da73
@fdp/infra:typecheck: cache hit, replaying logs ce88fe65165f8d55
@fdp/contracts:typecheck: cache hit, replaying logs aa15856efcfb63ca
@fdp/observability:typecheck: cache hit, replaying logs a0b06f97baffe220
@fdp/observability:build: cache hit, replaying logs 548a24332771f8b7
@fdp/aws-clients:typecheck: cache hit, replaying logs 767e47322641a244
@fdp/contracts:build: 
@fdp/contracts:build: > @fdp/contracts@0.0.0 build /Users/anray/Documents/project/hiddenjoyacom/food-digester-platform/contracts
@fdp/contracts:build: > node -e "console.log('@fdp/contracts 为源码契约包：内部使用 .ts 扩展名互引，不经 tsc 构建；消费方经 tsx/打包器直接使用源码')"
@fdp/contracts:build: 
@fdp/contracts:build: @fdp/contracts 为源码契约包：内部使用 .ts 扩展名互引，不经 tsc 构建；消费方经 tsx/打包器直接使用源码
@fdp/infra:typecheck: 
@fdp/observability:typecheck: 
@fdp/observability:typecheck: > @fdp/observability@0.0.0 typecheck /Users/anray/Documents/project/hiddenjoyacom/food-digester-platform/packages/observability
@fdp/observability:typecheck: > tsc -p tsconfig.json
@fdp/observability:typecheck: 
@fdp/infra:typecheck: > @fdp/infra@0.0.0 typecheck /Users/anray/Documents/project/hiddenjoyacom/food-digester-platform/infra
@fdp/aws-clients:typecheck: 
@fdp/aws-clients:typecheck: > @fdp/aws-clients@0.0.0 typecheck /Users/anray/Documents/project/hiddenjoyacom/food-digester-platform/packages/aws-clients
@fdp/database:generate: cache hit, replaying logs d534e8f51ca10667
@fdp/observability:build: 
@fdp/observability:build: > @fdp/observability@0.0.0 build /Users/anray/Documents/project/hiddenjoyacom/food-digester-platform/packages/observability
@fdp/observability:build: > tsc -p tsconfig.build.json
@fdp/observability:build: 
@fdp/aws-clients:typecheck: > tsc -p tsconfig.json
@fdp/aws-clients:typecheck: 
@fdp/infra:typecheck: > tsc -p tsconfig.json
@fdp/infra:typecheck: 
@fdp/contracts:typecheck: 
@fdp/contracts:typecheck: > @fdp/contracts@0.0.0 typecheck /Users/anray/Documents/project/hiddenjoyacom/food-digester-platform/contracts
@fdp/contracts:typecheck: > tsc -p tsconfig.json
@fdp/contracts:typecheck: 
@fdp/database:generate: 
@fdp/database:generate: > @fdp/database@0.0.0 generate /Users/anray/Documents/project/hiddenjoyacom/food-digester-platform/packages/database
@fdp/database:generate: > prisma generate
@fdp/database:generate: 
@fdp/database:generate: Loaded Prisma config from prisma.config.ts.
@fdp/database:generate: 
@fdp/database:generate: Prisma schema loaded from prisma/schema.prisma.
@fdp/database:generate: 
@fdp/database:generate: ✔ Generated Prisma Client (7.9.1) to ./src/generated in 198ms
@fdp/database:generate: 
@fdp/aws-clients:build: cache hit, replaying logs 72b741ff8e28f9c8
@fdp/domain:typecheck: cache hit, replaying logs fd26312a4c0953c8
@fdp/aws-clients:build: 
@fdp/aws-clients:build: > @fdp/aws-clients@0.0.0 build /Users/anray/Documents/project/hiddenjoyacom/food-digester-platform/packages/aws-clients
@fdp/aws-clients:build: > tsc -p tsconfig.build.json
@fdp/aws-clients:build: 
@fdp/domain:typecheck: 
@fdp/domain:typecheck: > @fdp/domain@0.0.0 typecheck /Users/anray/Documents/project/hiddenjoyacom/food-digester-platform/packages/domain
@fdp/domain:typecheck: > tsc -p tsconfig.json
@fdp/domain:typecheck: 
@fdp/domain:build: cache hit, replaying logs 47ef0249a0b99843
@fdp/domain:build: 
@fdp/domain:build: > @fdp/domain@0.0.0 build /Users/anray/Documents/project/hiddenjoyacom/food-digester-platform/packages/domain
@fdp/domain:build: > tsc -p tsconfig.build.json
@fdp/domain:build: 
@fdp/database:typecheck: cache hit, replaying logs 53af91d30277f443
@fdp/database:typecheck: 
@fdp/database:typecheck: > @fdp/database@0.0.0 typecheck /Users/anray/Documents/project/hiddenjoyacom/food-digester-platform/packages/database
@fdp/database:typecheck: > tsc -p tsconfig.json
@fdp/database:typecheck: 
@fdp/database:build: cache hit, replaying logs 2840ebe3878a1961
@fdp/database:build: 
@fdp/database:build: > @fdp/database@0.0.0 build /Users/anray/Documents/project/hiddenjoyacom/food-digester-platform/packages/database
@fdp/database:build: > tsc -p tsconfig.build.json
@fdp/database:build: 
@fdp/summary-worker:typecheck: cache hit, replaying logs 379ca43ca7ee3027
@fdp/media:typecheck: cache hit, replaying logs 5c270c8169825095
@fdp/archive-worker:typecheck: cache hit, replaying logs 8ffb07d8663b116d
@fdp/media:typecheck: 
@fdp/media:typecheck: > @fdp/media@0.0.0 typecheck /Users/anray/Documents/project/hiddenjoyacom/food-digester-platform/packages/media
@fdp/media:typecheck: > tsc -p tsconfig.json
@fdp/media:typecheck: 
@fdp/archive-worker:typecheck: 
@fdp/archive-worker:typecheck: > @fdp/archive-worker@0.0.0 typecheck /Users/anray/Documents/project/hiddenjoyacom/food-digester-platform/apps/archive-worker
@fdp/archive-worker:typecheck: > tsc -p tsconfig.json
@fdp/archive-worker:typecheck: 
@fdp/media:build: cache hit, replaying logs b95304c3175ca7dc
@fdp/summary-worker:typecheck: 
@fdp/summary-worker:typecheck: > @fdp/summary-worker@0.0.0 typecheck /Users/anray/Documents/project/hiddenjoyacom/food-digester-platform/apps/summary-worker
@fdp/summary-worker:typecheck: > tsc -p tsconfig.json
@fdp/summary-worker:typecheck: 
@fdp/auth:typecheck: cache hit, replaying logs 621007ff374dd582
@fdp/media:build: 
@fdp/media:build: > @fdp/media@0.0.0 build /Users/anray/Documents/project/hiddenjoyacom/food-digester-platform/packages/media
@fdp/media:build: > tsc -p tsconfig.build.json
@fdp/media:build: 
@fdp/auth:typecheck: 
@fdp/auth:typecheck: > @fdp/auth@0.0.0 typecheck /Users/anray/Documents/project/hiddenjoyacom/food-digester-platform/packages/auth
@fdp/auth:typecheck: > tsc -p tsconfig.json
@fdp/auth:typecheck: 
@fdp/auth:build: cache hit, replaying logs 4fe85eeff36f671b
@fdp/auth:build: 
@fdp/auth:build: > @fdp/auth@0.0.0 build /Users/anray/Documents/project/hiddenjoyacom/food-digester-platform/packages/auth
@fdp/auth:build: > tsc -p tsconfig.build.json
@fdp/auth:build: 
@fdp/cloud-api:typecheck: cache miss, executing 54f8d034e860178e
@fdp/admin-web:typecheck: cache hit, replaying logs 49b6b546ac3d9416
@fdp/ingestion-worker:typecheck: cache hit, replaying logs 1800a7dc9b330506
@fdp/ingestion-worker:typecheck: 
@fdp/ingestion-worker:typecheck: > @fdp/ingestion-worker@0.0.0 typecheck /Users/anray/Documents/project/hiddenjoyacom/food-digester-platform/apps/ingestion-worker
@fdp/ingestion-worker:typecheck: > tsc -p tsconfig.json
@fdp/ingestion-worker:typecheck: 
@fdp/admin-web:typecheck: 
@fdp/admin-web:typecheck: > @fdp/admin-web@0.0.0 typecheck /Users/anray/Documents/project/hiddenjoyacom/food-digester-platform/apps/admin-web
@fdp/admin-web:typecheck: > tsc -p tsconfig.json && tsc -p tsconfig.e2e.json
@fdp/admin-web:typecheck: 
@fdp/cloud-api:typecheck: 
@fdp/cloud-api:typecheck: > @fdp/cloud-api@0.0.0 typecheck /Users/anray/Documents/project/hiddenjoyacom/food-digester-platform/apps/cloud-api
@fdp/cloud-api:typecheck: > tsc -p tsconfig.json
@fdp/cloud-api:typecheck: 

 Tasks:    21 successful, 21 total
Cached:    20 cached, 21 total
  Time:    3.006s 


> food-digester-platform@0.0.0 openapi:check /Users/anray/Documents/project/hiddenjoyacom/food-digester-platform
> node scripts/build-openapi.mjs --check && redocly lint contracts/rest/openapi-base.json "contracts/rest/*-api.json" contracts/rest/openapi.bundle.json --extends spec

OpenAPI bundle 新鲜：contracts/rest/openapi.bundle.json

    ╔═══════════════════════════════════════════════════════╗
    ║                                                       ║
    ║  A new version of Redocly CLI (2.60.0) is available.  ║
    ║  Update now: `npm i -g @redocly/cli@latest`.          ║
    ║  Changelog: https://redocly.com/docs/cli/changelog/   ║
    ║                                                       ║
    ╚═══════════════════════════════════════════════════════╝

validating contracts/rest/openapi-base.json...
contracts/rest/openapi-base.json: validated in 6ms

validating contracts/rest/prototype-planned-api.json...
contracts/rest/prototype-planned-api.json: validated in 5ms

validating contracts/rest/device-sync-api.json...
contracts/rest/device-sync-api.json: validated in 5ms

validating contracts/rest/device-ota-api.json...
contracts/rest/device-ota-api.json: validated in 2ms

validating contracts/rest/device-onboarding-api.json...
contracts/rest/device-onboarding-api.json: validated in 3ms

validating contracts/rest/device-media-api.json...
contracts/rest/device-media-api.json: validated in 3ms

validating contracts/rest/device-deactivate-api.json...
contracts/rest/device-deactivate-api.json: validated in 3ms

validating contracts/rest/device-certificate-api.json...
contracts/rest/device-certificate-api.json: validated in 2ms

validating contracts/rest/admin-user-api.json...
contracts/rest/admin-user-api.json: validated in 3ms

validating contracts/rest/admin-site-api.json...
contracts/rest/admin-site-api.json: validated in 4ms

validating contracts/rest/admin-settings-api.json...
contracts/rest/admin-settings-api.json: validated in 2ms

validating contracts/rest/admin-replay-api.json...
contracts/rest/admin-replay-api.json: validated in 2ms

validating contracts/rest/admin-ota-package-api.json...
contracts/rest/admin-ota-package-api.json: validated in 3ms

validating contracts/rest/admin-ota-campaign-api.json...
contracts/rest/admin-ota-campaign-api.json: validated in 4ms

validating contracts/rest/admin-onboarding-api.json...
contracts/rest/admin-onboarding-api.json: validated in 3ms

validating contracts/rest/admin-media-api.json...
contracts/rest/admin-media-api.json: validated in 2ms

validating contracts/rest/admin-license-api.json...
contracts/rest/admin-license-api.json: validated in 3ms

validating contracts/rest/admin-esg-api.json...
contracts/rest/admin-esg-api.json: validated in 4ms

validating contracts/rest/admin-device-user-api.json...
contracts/rest/admin-device-user-api.json: validated in 3ms

validating contracts/rest/admin-device-status-api.json...
contracts/rest/admin-device-status-api.json: validated in 2ms

validating contracts/rest/admin-device-retirement-api.json...
contracts/rest/admin-device-retirement-api.json: validated in 2ms

validating contracts/rest/admin-device-console-api.json...
contracts/rest/admin-device-console-api.json: validated in 3ms

validating contracts/rest/admin-device-assignment-api.json...
contracts/rest/admin-device-assignment-api.json: validated in 2ms

validating contracts/rest/admin-device-api.json...
contracts/rest/admin-device-api.json: validated in 3ms

validating contracts/rest/admin-dashboard-api.json...
contracts/rest/admin-dashboard-api.json: validated in 3ms

validating contracts/rest/admin-customer-api.json...
contracts/rest/admin-customer-api.json: validated in 3ms

validating contracts/rest/admin-contract-device-api.json...
contracts/rest/admin-contract-device-api.json: validated in 2ms

validating contracts/rest/admin-contract-api.json...
contracts/rest/admin-contract-api.json: validated in 3ms

validating contracts/rest/admin-consumable-request-api.json...
contracts/rest/admin-consumable-request-api.json: validated in 3ms

validating contracts/rest/admin-consumable-api.json...
contracts/rest/admin-consumable-api.json: validated in 2ms

validating contracts/rest/admin-configuration-api.json...
contracts/rest/admin-configuration-api.json: validated in 3ms

validating contracts/rest/admin-command-api.json...
contracts/rest/admin-command-api.json: validated in 3ms

validating contracts/rest/admin-certificate-rotation-api.json...
contracts/rest/admin-certificate-rotation-api.json: validated in 2ms

validating contracts/rest/admin-audit-api.json...
contracts/rest/admin-audit-api.json: validated in 2ms

validating contracts/rest/admin-alarm-api.json...
contracts/rest/admin-alarm-api.json: validated in 3ms

validating contracts/rest/openapi.bundle.json...
contracts/rest/openapi.bundle.json: validated in 32ms

Woohoo! Your API descriptions are valid. 🎉


> food-digester-platform@0.0.0 test /Users/anray/Documents/project/hiddenjoyacom/food-digester-platform
> vitest run && pnpm test:contracts && pnpm test:scripts


 RUN  v4.1.11 /Users/anray/Documents/project/hiddenjoyacom/food-digester-platform

Bundling asset Qa09Perf/IngestionFn/Code/Stage...
Bundling asset TestStack/IngestionFn/Code/Stage...
Bundling asset DeployTest/IngestionFn/Code/Stage...
Bundling asset TestStack/ArchiveFn/Code/Stage...
Bundling asset DeployTest/ArchiveFn/Code/Stage...
Bundling asset Qa09Perf/ArchiveFn/Code/Stage...
Bundling asset Qa09Perf/OutboxPublisherFn/Code/Stage...
Bundling asset TestStack/OutboxPublisherFn/Code/Stage...
Bundling asset DeployTest/OutboxPublisherFn/Code/Stage...
Bundling asset Qa09Perf/NotificationPublisherFn/Code/Stage...
Bundling asset DeployTest/NotificationPublisherFn/Code/Stage...
Bundling asset TestStack/NotificationPublisherFn/Code/Stage...
Bundling asset DeployTest/SummaryFn/Code/Stage...
Bundling asset Qa09Perf/SummaryFn/Code/Stage...
Bundling asset TestStack/SummaryFn/Code/Stage...
Bundling asset DeployTest/ReplayTriggerPublisherFn/Code/Stage...
Bundling asset Qa09Perf/ReplayTriggerPublisherFn/Code/Stage...
Bundling asset TestStack/ReplayTriggerPublisherFn/Code/Stage...
Bundling asset DeployTest/ReplayFn/Code/Stage...
Bundling asset Qa09Perf/ReplayFn/Code/Stage...
Bundling asset TestStack/ReplayFn/Code/Stage...
Bundling asset DeployTest/CertPackageSweeperFn/Code/Stage...
Bundling asset Qa09Perf/CertPackageSweeperFn/Code/Stage...
Bundling asset TestStack/CertPackageSweeperFn/Code/Stage...
Bundling asset DeployTest/OnboardingDeadlineFn/Code/Stage...
Bundling asset Qa09Perf/OnboardingDeadlineFn/Code/Stage...
Bundling asset TestStack/OnboardingDeadlineFn/Code/Stage...
Bundling asset DeployTest/RetirementTimeoutFn/Code/Stage...
Bundling asset Qa09Perf/RetirementTimeoutFn/Code/Stage...
Bundling asset TestStack/RetirementTimeoutFn/Code/Stage...
Bundling asset DeployTest/ActivityExportFn/Code/Stage...
Bundling asset Qa09Perf/ActivityExportFn/Code/Stage...
Bundling asset TestStack/ActivityExportFn/Code/Stage...
Bundling asset DeployTest/EsgExportFn/Code/Stage...
Bundling asset Qa09Perf/EsgExportFn/Code/Stage...
Bundling asset TestStack/EsgExportFn/Code/Stage...
Bundling asset DeployTest/CommandPublisherFn/Code/Stage...
Bundling asset Qa09Perf/CommandPublisherFn/Code/Stage...
Bundling asset TestStack/CommandPublisherFn/Code/Stage...
Bundling asset DeployTest/CommandTimeoutFn/Code/Stage...
Bundling asset Qa09Perf/CommandTimeoutFn/Code/Stage...
Bundling asset TestStack/CommandTimeoutFn/Code/Stage...
Bundling asset DeployTest/OtaDispatcherFn/Code/Stage...
Bundling asset Qa09Perf/OtaDispatcherFn/Code/Stage...
Bundling asset TestStack/OtaDispatcherFn/Code/Stage...
Bundling asset DeployTest/OnboardingApiFn/Code/Stage...
Bundling asset Qa09Perf/OnboardingApiFn/Code/Stage...
Bundling asset TestStack/OnboardingApiFn/Code/Stage...
Bundling asset DeployTest/OnboardingProvisioningFn/Code/Stage...
Bundling asset Qa09Perf/OnboardingProvisioningFn/Code/Stage...
Bundling asset TestStack/OnboardingProvisioningFn/Code/Stage...
Bundling asset DeployTest/DeviceApiFn/Code/Stage...
Bundling asset Qa09Perf/DeviceApiFn/Code/Stage...
Bundling asset TestStack/DeviceApiFn/Code/Stage...
Bundling asset DeployTest/ApiFn/Code/Stage...
Bundling asset Qa09Perf/ApiFn/Code/Stage...
Bundling asset TestStack/ApiFn/Code/Stage...
Bundling asset TestStack/IngestionFn/Code/Stage...
Bundling asset TestStack/ArchiveFn/Code/Stage...
Bundling asset TestStack/OutboxPublisherFn/Code/Stage...
Bundling asset TestStack/NotificationPublisherFn/Code/Stage...
Bundling asset TestStack/SummaryFn/Code/Stage...
Bundling asset TestStack/ReplayTriggerPublisherFn/Code/Stage...
Bundling asset TestStack/ReplayFn/Code/Stage...
Bundling asset TestStack/CertPackageSweeperFn/Code/Stage...
Bundling asset TestStack/OnboardingDeadlineFn/Code/Stage...
Bundling asset TestStack/RetirementTimeoutFn/Code/Stage...
Bundling asset TestStack/ActivityExportFn/Code/Stage...
Bundling asset TestStack/EsgExportFn/Code/Stage...
Bundling asset TestStack/CommandPublisherFn/Code/Stage...
Bundling asset TestStack/CommandTimeoutFn/Code/Stage...
Bundling asset TestStack/OtaDispatcherFn/Code/Stage...
Bundling asset TestStack/OnboardingApiFn/Code/Stage...
Bundling asset TestStack/OnboardingProvisioningFn/Code/Stage...
Bundling asset TestStack/DeviceApiFn/Code/Stage...
Bundling asset TestStack/ApiFn/Code/Stage...
Bundling asset TestStack/IngestionFn/Code/Stage...
Bundling asset TestStack/ArchiveFn/Code/Stage...
Bundling asset TestStack/OutboxPublisherFn/Code/Stage...
Bundling asset TestStack/NotificationPublisherFn/Code/Stage...
Bundling asset TestStack/SummaryFn/Code/Stage...
Bundling asset TestStack/ReplayTriggerPublisherFn/Code/Stage...
Bundling asset TestStack/ReplayFn/Code/Stage...
Bundling asset TestStack/CertPackageSweeperFn/Code/Stage...
Bundling asset TestStack/OnboardingDeadlineFn/Code/Stage...
Bundling asset TestStack/RetirementTimeoutFn/Code/Stage...
Bundling asset TestStack/ActivityExportFn/Code/Stage...
Bundling asset TestStack/EsgExportFn/Code/Stage...
Bundling asset TestStack/CommandPublisherFn/Code/Stage...
Bundling asset TestStack/CommandTimeoutFn/Code/Stage...
Bundling asset TestStack/OtaDispatcherFn/Code/Stage...
Bundling asset TestStack/OnboardingApiFn/Code/Stage...
Bundling asset TestStack/OnboardingProvisioningFn/Code/Stage...
Bundling asset TestStack/DeviceApiFn/Code/Stage...
Bundling asset TestStack/ApiFn/Code/Stage...
Bundling asset TestStack/IngestionFn/Code/Stage...
Bundling asset TestStack/ArchiveFn/Code/Stage...
Bundling asset TestStack/OutboxPublisherFn/Code/Stage...
Bundling asset TestStack/NotificationPublisherFn/Code/Stage...
Bundling asset TestStack/SummaryFn/Code/Stage...
Bundling asset TestStack/IngestionFn/Code/Stage...
Bundling asset TestStack/ReplayTriggerPublisherFn/Code/Stage...
Bundling asset TestStack/ArchiveFn/Code/Stage...
Bundling asset TestStack/OutboxPublisherFn/Code/Stage...
Bundling asset TestStack/ReplayFn/Code/Stage...
Bundling asset TestStack/NotificationPublisherFn/Code/Stage...
Bundling asset TestStack/CertPackageSweeperFn/Code/Stage...
Bundling asset TestStack/SummaryFn/Code/Stage...
Bundling asset TestStack/OnboardingDeadlineFn/Code/Stage...
Bundling asset TestStack/ReplayTriggerPublisherFn/Code/Stage...
Bundling asset TestStack/RetirementTimeoutFn/Code/Stage...
Bundling asset TestStack/ReplayFn/Code/Stage...
Bundling asset TestStack/ActivityExportFn/Code/Stage...
Bundling asset TestStack/CertPackageSweeperFn/Code/Stage...
Bundling asset TestStack/EsgExportFn/Code/Stage...
Bundling asset TestStack/CommandPublisherFn/Code/Stage...
Bundling asset TestStack/OnboardingDeadlineFn/Code/Stage...
Bundling asset TestStack/RetirementTimeoutFn/Code/Stage...
Bundling asset TestStack/CommandTimeoutFn/Code/Stage...
Bundling asset TestStack/ActivityExportFn/Code/Stage...
Bundling asset TestStack/OtaDispatcherFn/Code/Stage...
Bundling asset TestStack/EsgExportFn/Code/Stage...
Bundling asset TestStack/OnboardingApiFn/Code/Stage...
Bundling asset TestStack/OnboardingProvisioningFn/Code/Stage...
Bundling asset TestStack/CommandPublisherFn/Code/Stage...
Bundling asset TestStack/DeviceApiFn/Code/Stage...
Bundling asset TestStack/CommandTimeoutFn/Code/Stage...
Bundling asset TestStack/OtaDispatcherFn/Code/Stage...
Bundling asset TestStack/ApiFn/Code/Stage...
Bundling asset TestStack/OnboardingApiFn/Code/Stage...
Bundling asset TestStack/OnboardingProvisioningFn/Code/Stage...
Bundling asset TestStack/IngestionFn/Code/Stage...
Bundling asset TestStack/DeviceApiFn/Code/Stage...
Bundling asset TestStack/ArchiveFn/Code/Stage...
Bundling asset TestStack/ApiFn/Code/Stage...
Bundling asset TestStack/OutboxPublisherFn/Code/Stage...
Bundling asset TestStack/NotificationPublisherFn/Code/Stage...
Bundling asset TestStack/SummaryFn/Code/Stage...
Bundling asset TestStack/ReplayTriggerPublisherFn/Code/Stage...
Bundling asset TestStack/ReplayFn/Code/Stage...
Bundling asset TestStack/CertPackageSweeperFn/Code/Stage...
Bundling asset TestStack/OnboardingDeadlineFn/Code/Stage...
Bundling asset TestStack/RetirementTimeoutFn/Code/Stage...
Bundling asset TestStack/ActivityExportFn/Code/Stage...
Bundling asset TestStack/EsgExportFn/Code/Stage...
Bundling asset TestStack/CommandPublisherFn/Code/Stage...
Bundling asset TestStack/CommandTimeoutFn/Code/Stage...
Bundling asset TestStack/OtaDispatcherFn/Code/Stage...
Bundling asset TestStack/OnboardingApiFn/Code/Stage...
Bundling asset TestStack/OnboardingProvisioningFn/Code/Stage...
Bundling asset TestStack/DeviceApiFn/Code/Stage...
Bundling asset TestStack/ApiFn/Code/Stage...
Bundling asset TestStack/IngestionFn/Code/Stage...
Bundling asset TestStack/ArchiveFn/Code/Stage...
Bundling asset TestStack/OutboxPublisherFn/Code/Stage...
Bundling asset TestStack/NotificationPublisherFn/Code/Stage...
Bundling asset TestStack/SummaryFn/Code/Stage...
Bundling asset TestStack/ReplayTriggerPublisherFn/Code/Stage...
Bundling asset TestStack/ReplayFn/Code/Stage...
Bundling asset TestStack/CertPackageSweeperFn/Code/Stage...
Bundling asset TestStack/OnboardingDeadlineFn/Code/Stage...
Bundling asset TestStack/RetirementTimeoutFn/Code/Stage...
Bundling asset TestStack/ActivityExportFn/Code/Stage...
Bundling asset TestStack/EsgExportFn/Code/Stage...
Bundling asset TestStack/CommandPublisherFn/Code/Stage...
Bundling asset TestStack/CommandTimeoutFn/Code/Stage...
Bundling asset TestStack/OtaDispatcherFn/Code/Stage...
Bundling asset TestStack/OnboardingApiFn/Code/Stage...
Bundling asset TestStack/OnboardingProvisioningFn/Code/Stage...
Bundling asset TestStack/DeviceApiFn/Code/Stage...
Bundling asset TestStack/ApiFn/Code/Stage...
Bundling asset TestStack/IngestionFn/Code/Stage...
Bundling asset TestStack/ArchiveFn/Code/Stage...
Bundling asset TestStack/OutboxPublisherFn/Code/Stage...
Bundling asset TestStack/NotificationPublisherFn/Code/Stage...
Bundling asset TestStack/SummaryFn/Code/Stage...
Bundling asset TestStack/ReplayTriggerPublisherFn/Code/Stage...
Bundling asset TestStack/ReplayFn/Code/Stage...
Bundling asset TestStack/CertPackageSweeperFn/Code/Stage...
Bundling asset TestStack/OnboardingDeadlineFn/Code/Stage...
Bundling asset TestStack/RetirementTimeoutFn/Code/Stage...
Bundling asset TestStack/ActivityExportFn/Code/Stage...
Bundling asset TestStack/EsgExportFn/Code/Stage...
Bundling asset TestStack/CommandPublisherFn/Code/Stage...
Bundling asset TestStack/CommandTimeoutFn/Code/Stage...
Bundling asset TestStack/OtaDispatcherFn/Code/Stage...
Bundling asset TestStack/OnboardingApiFn/Code/Stage...
Bundling asset TestStack/OnboardingProvisioningFn/Code/Stage...
Bundling asset TestStack/DeviceApiFn/Code/Stage...
Bundling asset TestStack/ApiFn/Code/Stage...
Bundling asset Named/IngestionFn/Code/Stage...
Bundling asset Named/ArchiveFn/Code/Stage...
Bundling asset Named/OutboxPublisherFn/Code/Stage...
Bundling asset Named/NotificationPublisherFn/Code/Stage...
Bundling asset Named/SummaryFn/Code/Stage...
Bundling asset Named/ReplayTriggerPublisherFn/Code/Stage...
Bundling asset Named/ReplayFn/Code/Stage...
Bundling asset Named/CertPackageSweeperFn/Code/Stage...
Bundling asset Named/OnboardingDeadlineFn/Code/Stage...
Bundling asset Named/RetirementTimeoutFn/Code/Stage...
Bundling asset Named/ActivityExportFn/Code/Stage...
Bundling asset Named/EsgExportFn/Code/Stage...
Bundling asset Named/CommandPublisherFn/Code/Stage...
Bundling asset Named/CommandTimeoutFn/Code/Stage...
Bundling asset Named/OtaDispatcherFn/Code/Stage...
Bundling asset Named/OnboardingApiFn/Code/Stage...
Bundling asset Named/OnboardingProvisioningFn/Code/Stage...
Bundling asset Named/DeviceApiFn/Code/Stage...
Bundling asset Named/ApiFn/Code/Stage...
Bundling asset TestStack/IngestionFn/Code/Stage...
Bundling asset TestStack/ArchiveFn/Code/Stage...
Bundling asset TestStack/OutboxPublisherFn/Code/Stage...
Bundling asset TestStack/NotificationPublisherFn/Code/Stage...
Bundling asset TestStack/SummaryFn/Code/Stage...
Bundling asset TestStack/ReplayTriggerPublisherFn/Code/Stage...
Bundling asset TestStack/ReplayFn/Code/Stage...
Bundling asset TestStack/CertPackageSweeperFn/Code/Stage...
Bundling asset TestStack/OnboardingDeadlineFn/Code/Stage...
Bundling asset TestStack/RetirementTimeoutFn/Code/Stage...
Bundling asset TestStack/ActivityExportFn/Code/Stage...
Bundling asset TestStack/EsgExportFn/Code/Stage...
Bundling asset TestStack/CommandPublisherFn/Code/Stage...
Bundling asset TestStack/CommandTimeoutFn/Code/Stage...
Bundling asset TestStack/OtaDispatcherFn/Code/Stage...
Bundling asset TestStack/OnboardingApiFn/Code/Stage...
Bundling asset TestStack/OnboardingProvisioningFn/Code/Stage...
Bundling asset TestStack/DeviceApiFn/Code/Stage...
Bundling asset TestStack/ApiFn/Code/Stage...

 Test Files  182 passed (182)
      Tests  1497 passed (1497)
   Start at  21:23:57
   Duration  68.79s (transform 8.51s, setup 1.09s, import 157.24s, tests 305.54s, environment 12.06s)


> food-digester-platform@0.0.0 test:contracts /Users/anray/Documents/project/hiddenjoyacom/food-digester-platform
> pnpm --filter @fdp/contracts test


> @fdp/contracts@0.0.0 test /Users/anray/Documents/project/hiddenjoyacom/food-digester-platform/contracts
> node --import tsx --test mqtt/*.test.ts mqtt/*.test.mjs domain/*.test.ts lifecycle/*.test.ts media/*.test.ts security/*.test.ts rest/*.test.ts iot/*.test.mjs archive/*.test.mjs configuration/*.test.ts settings/*.test.ts

✔ 合法 Manifest fixtures 通过校验 (0.774875ms)
✔ 非法 Manifest fixtures 被拒绝 (0.204375ms)
✔ DEC-016 已冻结且策略覆盖全部阻塞任务 (0.580208ms)
✔ 三类来源使用独立 Envelope 与互斥前缀 (0.118375ms)
✔ License/OTA 禁止伪装为 MQTT 原文，OTA 记录类型封闭 (0.05975ms)
✔ 归档 Envelope 判别字段和版本固定 (0.051083ms)
✔ DEC-018 策略结构有效、已冻结且覆盖全部阻塞任务 (0.862625ms)
✔ V1 只允许四字段，范围、单位、默认值与冻结值一致 (0.070292ms)
✔ Admin Configuration 与 Device Sync OpenAPI 逐字段匹配统一策略 (0.148333ms)
✔ TS 常量与 JSON 策略一致 (0.057125ms)
✔ 策略 JSON 通过自身 JSON Schema 结构校验 (0.729291ms)
✔ 负向结构：实时流启用、非法范围/刷新模式与缺失字段被 Schema 拒绝 (0.275791ms)
✔ x-decision-versions 引用 DEC-009 且版本与决策登记一致；prototype-traceability.yaml 同步 (0.067625ms)
✔ 冻结值定性规则可执行：仅最新授权 Media、手动刷新、禁实时流 (0.061792ms)
✔ 策略消费者均为合法任务 ID 且覆盖 DEC-009 阻塞任务 (0.117834ms)
✔ TS 常量与 camera-interaction-policy.json 完全一致 (0.093375ms)
✔ 策略 JSON 通过自身 JSON Schema 结构校验 (0.766083ms)
✔ 负向结构：数据来源篡改与缺失字段被 Schema 拒绝 (0.320166ms)
✔ x-decision-versions 引用 DEC-008 且版本与决策登记一致；prototype-traceability.yaml 同步 (0.064083ms)
✔ 冻结值定性规则可执行：封闭类型集合、仅设备上报、禁云端臆测 (0.098625ms)
✔ 冻结参数可执行：正式名称、阈值和 24 小时过期规则 (0.208458ms)
✔ 策略消费者均为合法任务 ID 且覆盖 DEC-008 阻塞任务 (0.113208ms)
✔ TS 常量与 consumables-policy.json 完全一致 (0.08025ms)
✔ 策略 JSON 通过自身 JSON Schema 结构校验 (0.732ms)
✔ 负向结构：联动规则反转与缺失字段被 Schema 拒绝 (0.287708ms)
✔ x-decision-versions 引用 DEC-007 且版本与决策登记一致；prototype-traceability.yaml 同步 (0.062792ms)
✔ 冻结值定性规则可执行：职责划分、联动与展示 (0.106583ms)
✔ 策略消费者均为合法任务 ID 且覆盖 DEC-007 阻塞任务与关联任务 (0.121125ms)
✔ TS 常量与 contract-license-relation.json 完全一致 (0.074917ms)
✔ DEC-019 alias 策略已冻结且无待定参数 (0.542125ms)
✔ TS、JSON 与 Admin Device OpenAPI 使用同一 alias 规则 (0.096208ms)
✔ 策略 JSON 通过自身 JSON Schema 结构校验 (0.700834ms)
✔ 负向结构：单字段混用、独立存储"启用"与缺失字段被 Schema 拒绝 (0.298833ms)
✔ x-decision-versions 引用 DEC-010 且版本与决策登记一致；prototype-traceability.yaml 同步 (0.059125ms)
✔ 冻结值定性规则可执行：四轴分离、禁单字段混用、派生原则 (0.108958ms)
✔ 冻结参数可执行：启用由 Active 生命周期和有效 License 派生 (0.049792ms)
✔ 策略消费者均为合法任务 ID 且覆盖 DEC-010 阻塞任务与关联任务 (0.109625ms)
✔ TS 常量与 device-status-axes-policy.json 完全一致 (0.065083ms)
✔ 策略 JSON 通过自身 JSON Schema 结构校验 (0.742167ms)
✔ 负向结构：设备地域真值与缺失字段被 Schema 拒绝 (0.258041ms)
✔ x-decision-versions 引用 DEC-011 且版本与决策登记一致；prototype-traceability.yaml 同步 (0.066542ms)
✔ 冻结值定性规则可执行：层级链、Site 属性、设备仅关联 Site (0.107375ms)
✔ 策略消费者均为合法任务 ID 且覆盖 DEC-011 阻塞任务 (0.12275ms)
✔ TS 常量与 geo-model-policy.json 完全一致 (0.063708ms)
✔ 策略 JSON 通过自身 JSON Schema 结构校验 (0.708208ms)
✔ 负向结构：AWS 授权、矩阵可编辑与缺失字段被 Schema 拒绝 (0.298459ms)
✔ x-decision-versions 引用 DEC-012 且版本与决策登记一致；prototype-traceability.yaml 同步 (0.067667ms)
✔ 冻结值定性规则可执行：封闭映射、界面名、AWS 权限与矩阵规则 (0.14425ms)
✔ 策略消费者均为合法任务 ID 且覆盖 DEC-012 阻塞任务 (0.120583ms)
✔ TS 常量与 role-mapping-policy.json 完全一致 (0.075917ms)
✔ Envelope 必填五个 iot* 上下文字段，Payload 平铺透传 (0.548041ms)
✔ iotType 枚举与 topic-catalog 上行类型严格一致（8 个） (0.128458ms)
✔ 所有合法 Fixture 通过校验（含 Payload 内不可信身份字段的样本） (0.314375ms)
✔ 所有非法 Fixture 被稳定拒绝且错误路径正确 (0.13925ms)
✔ 矩阵 JSON 通过自身 JSON Schema 结构校验 (0.934875ms)
✔ 负向结构：缺失必填字段、非法枚举与额外行为键被 Schema 拒绝 (1.636333ms)
✔ x-decision-versions 引用 DEC-001 且版本与决策登记一致 (0.192959ms)
✔ 冻结值：独立状态；允许维护、同步、遥测、告警和 OTA (0.12225ms)
✔ Maintenance Sync 节奏为 15 分钟（Suspended 节奏） (0.066209ms)
✔ 失败关闭：未知行为拒绝并抛出稳定错误 (0.198459ms)
✔ 命令策略与 command-catalog 一致：Maintenance 允许集合 == Suspended 允许集合 (0.114708ms)
✔ 行为条目消费者均为合法任务 ID 且覆盖 DEC-001 阻塞任务 (0.151166ms)
✔ TS 常量与 maintenance-behavior-matrix.json 完全一致 (0.141667ms)
✔ DEC-017 策略结构有效、已冻结且覆盖全部阻塞任务 (0.764375ms)
✔ 24 小时截止从证书包存储开始，截止边界包含在超时内 (2.342709ms)
✔ 超时处置、迟到 Heartbeat 与重新申请规则失败关闭 (0.078292ms)
✔ TS 常量与 JSON 策略一致 (0.070583ms)
✔ 策略 JSON 通过自身 JSON Schema 结构校验 (0.710958ms)
✔ 负向结构：存储位置篡改、非法处置行为与缺失字段被 Schema 拒绝 (0.329166ms)
✔ x-decision-versions 引用 DEC-005 且版本与决策登记一致 (0.061667ms)
✔ 冻结值定性规则可执行：RDS 元数据 / S3 文件分离 (0.058333ms)
✔ 冻结参数可执行：元数据 365 天、文件 90 天且删除文件保留元数据 (0.071792ms)
✔ 策略消费者均为合法任务 ID 且覆盖 DEC-005 阻塞任务与关联任务 (0.111292ms)
✔ TS 常量与 media-retention-policy.json 完全一致 (0.095083ms)
✔ 策略 JSON 通过自身 JSON Schema 结构校验 (0.698708ms)
✔ 负向结构：客户端指定 Key、篡改冻结 TTL/配额与缺失字段被 Schema 拒绝 (0.307625ms)
✔ 锁定规则：mediaTypes 与 CT-03 media.schema.json 枚举一致；客户端不得指定 Key (0.102417ms)
✔ DEC-024 冻结值可执行且无待定参数 (0.057708ms)
✔ TS 常量与 media-upload-policy.json 完全一致 (0.123166ms)
✔ 22 个 Command 全部唯一且覆盖六大分类 (0.647584ms)
✔ 13 个 Notification 全部唯一且有设备动作映射 (0.129875ms)
✔ 高风险标记与文档一致（EMERGENCY_STOP/FACTORY_RESET/SHUTDOWN/全部加热、排料、电机控制） (0.075125ms)
✔ 允许状态矩阵无遗漏：22 命令 × 4 状态 (0.09975ms)
✔ Suspended 仅允许安全停止、诊断、同步和维护/恢复类命令 (0.068334ms)
✔ MAINTENANCE 按 Suspended 限制（DEC-001 冻结值） (0.047167ms)
✔ 未知命令/通知在运行时被拒绝 (0.186709ms)
✔ denyReason 稳定且允许时返回 null (0.047458ms)
✔ TS 常量与 command-catalog.json / notification-catalog.json 完全一致 (0.107542ms)
✔ Schema 枚举与目录一致（cmd/ack command、notification type） (0.368583ms)
✔ 策略 JSON 通过自身 JSON Schema 结构校验 (0.7385ms)
✔ 负向结构：非法取值与缺失字段被 Schema 拒绝 (0.297584ms)
✔ x-decision-versions 引用 DEC-006 且版本与决策登记一致 (0.063166ms)
✔ 冻结值可执行：V1 下行 seq 可选、上行必填、Command 以 meta.id 幂等 (0.061458ms)
✔ 策略与 common.schema.json 一致：下行 metaBase 不要求 seq、id 必填；上行 metaSeq 要求 seq (0.057417ms)
✔ 下行/上行 Schema 的 meta 引用与策略一致 (0.449917ms)
✔ 策略消费者均为合法任务 ID 且覆盖 DEC-006 阻塞任务 (0.125334ms)
✔ TS 常量与 downlink-policy.json 完全一致 (0.096042ms)
✔ DEC-015 策略冻结、可追溯且覆盖全部阻塞任务 (1.393083ms)
✔ 唯一通道为既有 ACK；Topic 总数和 IoT 权限面不扩大 (0.096459ms)
✔ ACK 判别字段、关联键和 OTA 状态与冻结策略一致 (0.066416ms)
✔ 状态机只允许冻结的单向迁移；相同状态幂等 (0.0685ms)
✔ TS 常量与 JSON 策略完全一致 (0.076416ms)
✔ DEC-013 策略 JSON 通过自身 Schema 且覆盖登记阻塞任务 (0.757166ms)
✔ DEC-013 策略关键值被 Schema 锁定，篡改时失败关闭 (0.194083ms)
✔ DEC-013 策略冻结且无待定参数 (0.054792ms)
✔ Heartbeat 旧嵌套结构在兼容期转换为正式扁平结构且不修改原对象 (0.190042ms)
✔ Telemetry motorCurrentAmp 在兼容期转换为 currentAmp；同值并存允许、冲突失败关闭 (0.249ms)
✔ 兼容截止边界起拒绝嵌套结构、motorCurrentAmp 与 DISCHARING (0.098375ms)
✔ RFC 8785 固定向量与 audit.hash 覆盖 {meta,data} (0.171959ms)
✔ 11 类消息均有 Schema 和 Fixture，且每类 >=1 合法 + >=3 非法 (0.970833ms)
✔ 所有合法 Fixture 通过校验 (9.6845ms)
✔ 所有非法 Fixture 被稳定拒绝并返回明确错误路径 (0.7845ms)
✔ 非法枚举被稳定拒绝且路径明确 (0.079334ms)
✔ 单位/类型错误被拒绝（integer 不接受小数与字符串） (0.210959ms)
✔ 缺少必填字段被拒绝（meta.id、上行 seq、Heartbeat 必填 data 字段） (0.153583ms)
✔ 额外身份字段（customerId/tenantId/deviceId）在各层均被拒绝 (0.149834ms)
✔ 下行消息 meta.seq 可选（DEC-006），上行强制 (2.1575ms)
✔ Telemetry/Report/Tamper 强制 audit.hash；Command 禁止 audit（DEC-002） (0.367375ms)
✔ DEC-013：Audited 合法 Fixture 携带可复算的 RFC 8785 audit.hash (0.432125ms)
✔ schemaVer 缺省按 1.0 归一化；非法 schemaVer 被拒绝 (0.179667ms)
✔ meta.id 字符集与长度固定 (0.083833ms)
✔ payloads.ts 与 Schema 保持一致（生成器新鲜度） (0.879541ms)
✔ 全部 Schema 的 x-decision-versions 可追溯到决策登记 (0.824667ms)
✔ Telemetry current (0.373292ms)
✔ Telemetry past 300s (0.050958ms)
✔ Telemetry past 301s (0.042625ms)
✔ Telemetry past 24h inclusive (0.038875ms)
✔ Telemetry past 24h plus 1ms (0.039625ms)
✔ Telemetry future 300s inclusive (2.854791ms)
✔ Telemetry future 300s plus 1ms (0.075125ms)
✔ other topics retain symmetric 300-second tolerance (0.089875ms)
✔ configured tolerance affects future bound but cannot enlarge Telemetry history (0.06325ms)
✔ invalid numeric policy inputs fail closed (0.091875ms)
✔ Tier 登记 JSON 通过自身 JSON Schema 结构校验 (0.846416ms)
✔ 负向结构：非法 Tier、未知 Topic 键与缺失字段被 Schema 拒绝 (0.484583ms)
✔ x-decision-versions 引用 DEC-002 且版本与决策登记一致 (0.062458ms)
✔ 冻结值：Telemetry/Report/Tamper 为 AUDITED，Command 及其余为 STANDARD (0.134083ms)
✔ Tier 与 topic-catalog.json 的 payloadEnvelope 完全一致 (0.061875ms)
✔ Tier 与 11 个 MQTT Schema 的 audit 强制完全一致 (0.478167ms)
✔ 失败关闭：未知 Topic 拒绝并抛出稳定错误 (0.209625ms)
✔ Tier 条目消费者均为合法任务 ID 且覆盖 DEC-002 阻塞任务 (0.132042ms)
✔ 登记覆盖全部 11 个 Topic 且 TS 常量与 topic-tier.json 完全一致 (0.102083ms)
✔ catalog 恰好包含 8 个上行和 3 个下行 Topic (1.105875ms)
✔ 11 个 Topic 的方向与 QoS 矩阵全部符合契约 (0.107959ms)
✔ TS 常量与 topic-catalog.json 完全一致 (0.087ms)
✔ 合法 Topic 可解析出 deviceId/type/direction (0.10875ms)
✔ buildTopic 与 parseTopic 往返一致 (0.08025ms)
✔ 未知层级和空 deviceId 被拒绝 (0.210958ms)
✔ buildTopic 拒绝空和非法 deviceId (0.079ms)
✔ 权限模板：设备只能发布自身上行、只能订阅自身下行 (0.099791ms)
✔ 权限模板拒绝非法 deviceId (0.061416ms)
✔ 六个端点齐备且 CognitoJwt 认证；响应码齐备 (0.653917ms)
✔ 筛选参数齐备：severity/status/device/site/时间范围 + 游标分页 (0.746708ms)
✔ Schema 封闭：Alarm 处理字段（操作者/原因/时间）与 replayed 齐备；确认/清除强制 reason (0.103833ms)
✔ 所有 $ref 可解析（内部引用 + 同目录相对引用 openapi-base.json） (0.375667ms)
✔ 端点齐备且 CognitoJwt 认证：列表 + 详情 (0.819417ms)
✔ 只读 API：不存在任何写路由（post/put/patch/delete） (0.084916ms)
✔ 筛选参数齐备（actor/Customer/对象/动作/结果/时间 + 游标分页）；响应不暴露敏感字段 (0.1245ms)
✔ 所有 $ref 可解析（内部引用 + openapi-base.json） (1.745583ms)
✔ 端点存在且 Cognito 认证；轮换请求视图为七字段且不含密钥材料 (0.584292ms)
✔ 所有 $ref 可解析（内部引用 + 同目录相对引用 openapi-base.json） (0.188541ms)
✔ 端点齐备且 CognitoJwt 认证；201 创建 + 200 幂等重放 + 409 冲突/状态门 (1.201709ms)
✔ 命令枚举与 CT-04 目录 22 个白名单一致；确认凭证与 timeoutSec 边界齐备 (0.102209ms)
✔ 响应 Schema 封闭且含 requestedBy/expiresAt/replayed/confirmedBy (0.055334ms)
✔ BE-CMD-03 查询端点齐备：列表/详情 + 状态枚举 + attempts/acks 时间线 (0.108292ms)
✔ 所有 $ref 可解析（内部引用 + 同目录相对引用 openapi-base.json） (0.303709ms)
✔ 七个端点齐备且 Cognito 认证；operationId 与响应码齐备 (1.138834ms)
✔ Schema 封闭：DEC-018 冻结 V1 四字段、单位、范围与默认值 (0.191792ms)
✔ 所有 $ref 可解析（内部引用 + 同目录相对引用 openapi-base.json） (0.323958ms)
✔ 列表与按需联系人端点齐备且 Cognito 认证；筛选参数齐备 (1.046291ms)
✔ Schema 封闭：两种耗材列恒在；列表零联系人 PII；按需联系人独立；百分比 0~100 (0.230834ms)
✔ 所有 $ref 可解析（内部引用 + 同目录相对引用 openapi-base.json） (1.817583ms)
✔ 六个端点齐备且 Cognito 认证；状态迁移强制 If-Match (0.7835ms)
✔ Schema 封闭：四态枚举/source 固定 ADMIN/幂等 replayed/完整历史字段 (0.101833ms)
✔ 所有 $ref 可解析（内部引用 + 同目录相对引用 openapi-base.json） (0.28825ms)
✔ 八个端点齐备且 Cognito 认证；写操作强制 If-Match (1.270792ms)
✔ Schema 封闭：五态枚举/唯一编号/强制原因/派生状态/最小权限 contact (0.102792ms)
✔ 所有 $ref 可解析（内部引用 + 同目录相对引用 openapi-base.json） (0.305667ms)
✔ 五个端点齐备且 Cognito 认证；operationId 与响应码齐备 (0.64875ms)
✔ Schema 封闭：设备视图字段齐备/关联窗口/强制原因/批量语义 (0.098958ms)
✔ 所有 $ref 可解析（内部引用 + 同目录相对引用 openapi-base.json） (1.164416ms)
✔ 六端点齐备且 Cognito 认证；写操作声明 If-Match；响应码齐备 (0.770208ms)
✔ Customer 视图六字段封闭；status 枚举 ACTIVE|SUSPENDED；请求体封闭 (0.109875ms)
✔ 所有 $ref 可解析（内部引用 + 同目录相对引用 openapi-base.json） (0.809167ms)
✔ 端点齐备且 CognitoJwt 认证：仅 GET 总览（只读，无写路由） (0.598083ms)
✔ 总览 DTO 齐备：Contract/设备分布/在线率/今日 ESG/最新告警/设备卡片；四轴分离不合并 (0.170958ms)
✔ 所有 $ref 可解析（内部引用 + openapi-base.json） (0.747542ms)
✔ 列表/详情端点存在且 Cognito 认证；筛选参数齐备；响应码齐备 (0.645417ms)
✔ Device 视图字段封闭（原型设备群表格字段均有来源）；证书仅摘要 (0.926083ms)
✔ BE-DEV-06 元数据 PATCH 端点：白名单仅 alias + If-Match 乐观锁 + 409 冲突语义 (0.090083ms)
✔ 所有 $ref 可解析（内部引用 + 同目录相对引用 openapi-base.json） (0.283792ms)
✔ 分配/历史端点齐备且 Cognito 认证；响应码齐备 (0.581583ms)
✔ DeviceAssignment 视图封闭：授权窗口（assignedAt/endedAt）+ 幂等/通知字段齐备 (0.087041ms)
✔ 所有 $ref 可解析（内部引用 + 同目录相对引用 openapi-base.json） (0.7275ms)
✔ 端点齐备且 CognitoJwt 认证：console/activities/export/导出详情 (0.659ms)
✔ 四轴分离 + 数据块 observedAt/stale/单位；最新 Media 可选块稳定可空 (0.535666ms)
✔ 不透传 MQTT 原始消息、不含实时流/运维字段；所有 $ref 可解析 (0.938583ms)
✔ retire/force-complete 端点齐备且 Cognito 认证；响应码齐备 (0.746875ms)
✔ 请求体封闭：retire 强制原因 + confirm 恒 true；视图封闭且通知枚举正确 (0.103292ms)
✔ 所有 $ref 可解析（内部引用 + 同目录相对引用 openapi-base.json） (0.682167ms)
✔ suspend/reactivate 端点齐备且 Cognito 认证；响应码齐备 (0.590792ms)
✔ 请求体封闭：挂起强制原因；恢复强制原因 + issueResolved 恒 true；通知枚举正确 (0.08275ms)
✔ 所有 $ref 可解析（内部引用 + 同目录相对引用 openapi-base.json） (0.61225ms)
✔ 七个端点齐备且 Cognito 认证；写操作强制 If-Match (1.850834ms)
✔ Schema 封闭：管理 DTO 无 PHC；写接口只受控接收 writeOnly password (0.114208ms)
✔ 所有 $ref 可解析（内部引用 + 同目录相对引用 openapi-base.json） (0.356959ms)
✔ 八个端点齐备且 CognitoJwt 认证；导出创建返回 202 (0.638292ms)
✔ 查询筛选参数齐备（customerId/siteId/deviceId/时间范围 + 游标）；reports 含 reportType (0.846291ms)
✔ Schema 封闭：导出数据集枚举、短期 URL 过期字段、CSV 一致性字段 (0.175ms)
✔ 所有 $ref 可解析（内部引用 + 同目录相对引用 openapi-base.json） (0.899209ms)
✔ 八个端点齐备且 Cognito 认证；operationId 与响应码齐备 (1.044166ms)
✔ Schema 封闭：七态枚举/Entitlement 三码/签名字段/强制原因/幂等与派生字段 (0.115708ms)
✔ 所有 $ref 可解析（内部引用 + 同目录相对引用 openapi-base.json） (0.333375ms)
✔ 四个审批端点存在且使用 Cognito JWT 认证 (0.579375ms)
✔ approve/reject 强制 If-Match；reject 强制 reason (0.094958ms)
✔ 申请 DTO 不含 CSR 原文 (0.426459ms)
✔ 管理端明确暴露内部 TIMED_OUT，列表状态过滤为封闭枚举 (0.058459ms)
✔ 所有 $ref 可解析（内部引用 + 同目录相对引用 openapi-base.json） (0.218083ms)
✔ 端点齐备且 CognitoJwt 认证：创建/列表/详情/targets/扩大批次/pause/resume/cancel/retry (0.664417ms)
✔ 首批强制恰好 1 台；最终全量审批契约封闭；状态机枚举封闭 (0.080875ms)
✔ 视图封闭且不泄露内部字段；批次/重试结果结构稳定 (0.06925ms)
✔ 所有 $ref 可解析（内部引用 + 同目录相对引用 openapi-base.json） (0.3455ms)
✔ 端点齐备且 CognitoJwt 认证：上传会话/complete/列表/详情 (0.597709ms)
✔ packageType/sha256 与 CT-03 OTA Schema 一致；创建字段封闭且签名必填 (0.47975ms)
✔ 状态机封闭：UPLOADED/VERIFIED/RETIRED；可发布=VERIFIED；视图不泄露信任根 (0.134291ms)
✔ 所有 $ref 可解析（内部引用 + 同目录相对引用 openapi-base.json） (0.280208ms)
✔ 端点存在且 Cognito 认证；三端点（create/list/detail）响应码齐备 (0.586125ms)
✔ ReplayJob 视图七字段封闭；状态枚举与统计字段齐备；scope 封闭 (0.08725ms)
✔ 所有 $ref 可解析（内部引用 + 同目录相对引用 openapi-base.json） (1.513291ms)
✔ 端点齐备且 CognitoJwt 认证：列表/读取/更新（无删除与新建路由） (0.617333ms)
✔ 封闭 key 集与乐观锁版本控制；固定枚举不可经 API 改写 (0.295458ms)
✔ 所有 $ref 可解析（内部引用 + openapi-base.json） (0.278125ms)
✔ 六端点齐备且 Cognito 认证；写操作声明 If-Match；响应码齐备 (0.613708ms)
✔ Site 视图字段封闭（含 deviceCount/version）；status 枚举；请求体封闭且更新体不含 customerId (0.08325ms)
✔ 所有 $ref 可解析（内部引用 + 同目录相对引用 openapi-base.json） (0.832792ms)
✔ 端点齐备且 CognitoJwt 认证：列表/邀请/角色/scope/停用/密码重置 (0.6515ms)
✔ 角色封闭集与 DEC-012 映射；输入不含密码字段；响应不含凭证材料 (0.116583ms)
✔ 所有 $ref 可解析（内部引用 + openapi-base.json） (1.066792ms)
✔ 端点存在且使用 Device mTLS 认证 (0.564541ms)
✔ 轮换契约：请求强制 currentCertificateId；响应五字段；409/403/400/401 齐整 (0.099708ms)
✔ 状态契约为四态枚举且响应不含 PEM/私钥字段 (0.065625ms)
✔ 状态查询由 mTLS 身份定位证书，不增加源稿未定义的 deviceId Query (0.597958ms)
✔ 所有 $ref 可解析（内部引用 + 同目录相对引用 openapi-base.json） (0.250959ms)
✔ deactivate 端点齐备且 DeviceMtls 认证；响应码齐备 (0.661125ms)
✔ 响应视图封闭：退役记录 + 证书摘要（无证书材料字段）；幂等字段齐备 (0.157625ms)
✔ 所有 $ref 可解析（内部引用 + 同目录相对引用 openapi-base.json） (0.748ms)
✔ BE-ONB-01 端点存在且 CSR 首次申请无需预置 Token (0.563ms)
✔ 请求体包含设备资料和必填 CSR (0.0945ms)
✔ 成功响应含 requestId 与 PENDING 状态（200 幂等重放 / 201 新建） (0.138708ms)
✔ 匿名申请负向响应覆盖稳定错误码语义：400/404/409/429/500 (0.085958ms)
✔ 所有 $ref 可解析（内部引用 + 同目录相对引用 openapi-base.json） (0.661917ms)
✔ BE-ONB-03 status 端点：requestId 与 CSR 私钥签名，三态响应不含设备私钥 (0.104459ms)
✔ BE-OTA-03 下载兑换必须使用 Device mTLS 且绑定 target/token (0.573208ms)
✔ 一次性兑换响应禁止缓存，并封闭安全失败状态 (0.089542ms)
✔ 六个设备 Endpoint 的 Method、Path 完整且认证方式符合 DEC-025 (0.623125ms)
✔ Onboarding 按 DEC-026 增加 chain 与 REST，保留顶层结构，不使用 data/meta 包裹 (0.068042ms)
✔ Certificate 与 Sync 关键字段遵循源稿日期、枚举、用户和配置结构 (0.08675ms)
✔ 管理端 License/Device 投影不把源稿 OTA entitlement 改名为 OTA_UPDATE (0.042792ms)
✔ 所有 REST OpenAPI 使用当前正式决策登记版本且无非法 SEC 决策引用 (8.786083ms)
✔ sync 端点齐备且 DeviceMtls 认证；响应码齐备 (2.155167ms)
✔ 请求体封闭：lastSyncTime 与可选许可证确认 (0.083917ms)
✔ 快照顶层与源稿六域同形，兼容元数据不成为必填线协议 (0.192667ms)
✔ Retired 退役确认待处理设备仍可 Sync，契约不在认证层全局拒绝 (0.076125ms)
✔ 所有 $ref 可解析（内部引用 + 同目录相对引用 openapi-base.json） (0.23875ms)
✔ 许可证确认绑定版本与快照，规范验签输入保留完整UTC时间 (0.065208ms)
✔ 基座 SuccessResponse 结构：data + meta(requestId, UTC timestamp) (1.835417ms)
✔ 游标分页响应与往返解析 (0.133625ms)
✔ 非法游标返回 CURSOR_INVALID（400） (0.152583ms)
✔ limit 归一化：默认 50，范围 1~100 (0.072ms)
✔ Idempotency-Key：缺失/非法被拒绝，合法值透传 (0.104875ms)
✔ If-Match 并发版本冲突返回确定的 409 (0.179291ms)
✔ 验证失败有确定响应（400 + VALIDATION_FAILED） (0.091ms)
✔ 异常映射器不泄露堆栈、SQL 或 AWS 内部错误 (0.067125ms)
✔ 错误码目录、HTTP 状态映射与 OpenAPI ErrorCode 枚举三者一致 (0.092833ms)
✔ OpenAPI 基座结构有效：四个 API 分组与安全方案 (0.119709ms)
✔ OpenAPI 基座所有内部 $ref 均可解析（无悬空引用） (0.143125ms)
✔ 设备端：上传会话端点齐备且 DeviceMtls 认证；输入封闭；objectPath 由服务端签发 (1.032667ms)
✔ 管理端：列表/下载端点齐备且 CognitoJwt 认证；视图不泄露内部存储信息 (0.162833ms)
✔ Media 状态枚举封闭（AVAILABLE/DELETED）；配额/大小/TTL 引用 DEC-024 冻结值 (0.087708ms)
✔ 所有 $ref 可解析（内部引用 + openapi-base.json） (0.352625ms)
✔ 策略 JSON 通过自身 JSON Schema 结构校验 (0.71325ms)
✔ 负向结构：非法枚举、非空待冻结参数与缺失字段被 Schema 拒绝 (0.382916ms)
✔ x-decision-versions 引用 DEC-003 且版本与决策登记一致 (0.070916ms)
✔ 暂定值定性规则可执行：KMS 信封、一次性领取、成功即销毁、丢失重签 (0.075416ms)
✔ 冻结参数可直接执行：24 小时、一次成功领取、无待定参数 (0.073083ms)
✔ 策略消费者均为合法任务 ID 且覆盖 DEC-003 阻塞任务与 SEC-01 (0.131292ms)
✔ TS 常量与 certificate-package-policy.json 完全一致 (0.112625ms)
✔ 策略 JSON 通过自身 JSON Schema 结构校验 (0.834417ms)
✔ 负向结构：复用云端 Hash、非独立 salt 与非法字段被 Schema 拒绝 (0.357333ms)
✔ x-decision-versions 引用 DEC-004 且版本与决策登记一致 (0.059125ms)
✔ 暂定值定性规则可执行：设备本地专用、禁复用云端 Hash、每用户 salt、仅 Sync 下发 (0.095708ms)
✔ 冻结参数可直接执行：Argon2id PHC、固定参数与长度 (0.080875ms)
✔ 策略消费者均为合法任务 ID 且覆盖 DEC-004 阻塞任务 (0.107959ms)
✔ TS 常量与 device-user-verifier-policy.json 完全一致 (0.082333ms)
✔ 策略 JSON 通过自身 JSON Schema 结构校验 (0.701875ms)
✔ 负向结构：跳过服务端验签、非失败关闭与内嵌信任根被 Schema 拒绝 (0.319666ms)
✔ 暂定值定性规则可执行：服务端验签强制、失败关闭、载荷字段锁定、信任根带外分发 (0.097917ms)
✔ DEC-022 冻结算法、信任根类型、编码且无待定参数 (0.059166ms)
✔ DEC-022 固定 RSA/SHA-256 测试向量可复验 (0.663875ms)
✔ 策略消费者均为合法任务 ID 且覆盖 BE-OTA-01 (0.111333ms)
✔ TS 常量与 ota-package-signature-policy.json 完全一致 (0.081208ms)
✔ 四类业务设置共享版本化 JSON Schema 与运行时校验器 (22.044083ms)
ℹ tests 302
ℹ suites 0
ℹ pass 302
ℹ fail 0
ℹ cancelled 0
ℹ skipped 0
ℹ todo 0
ℹ duration_ms 553.950292

> food-digester-platform@0.0.0 test:scripts /Users/anray/Documents/project/hiddenjoyacom/food-digester-platform
> node --import tsx --test scripts/*.test.mjs

✔ bootstrap input is bound to the normalized email and never accepts a password (0.752458ms)
✔ successful bootstrap creates Cognito identity before committing linked database user (0.206125ms)
✔ non-pristine Cognito or database fails before any mutation (0.180709ms)
✔ database failure deletes Cognito identity and records compensated failure (0.199625ms)
✔ failed Cognito compensation keeps reconciliation required (0.146125ms)
✔ source approval requires exact SHA and packager embeds committed SHA (5881.582ms)
✔ runner without approved source fails closed without leaking configuration (25.649834ms)
✔ serial and parallel repeated browser receipts are validated (1.996042ms)
✔ fail closed: missing required flow (0.155042ms)
✔ fail closed: skipped execution (0.092875ms)
✔ fail closed: flaky execution (0.084042ms)
✔ fail closed: retry hides failure (0.089ms)
✔ fail closed: unexpected error (0.088541ms)
✔ fail closed: missing isolated trace (0.085208ms)
✔ fail closed: data prefix reused (6.428291ms)
✔ fail closed: context cleanup failed (0.155417ms)
✔ fail closed: unmocked network request (0.15975ms)
✔ fail closed: missing role proof (0.196375ms)
✔ fail closed: wrong route permission (0.169125ms)
✔ fail closed: Auditor OTA write enabled (0.161375ms)
✔ fail closed: missing MFA assertion (0.168084ms)
✔ fail closed: missing conflict response (0.18675ms)
✔ fail closed: missing forbidden response (0.161417ms)
✔ fail closed: missing repeat (0.069125ms)
✔ repeat traces cannot duplicate the first execution (0.116958ms)
✔ manifest exactly matches independent Playwright discovery (509.139709ms)
✔ discovery fails closed: missing case (0.469667ms)
✔ discovery fails closed: extra case (0.17525ms)
✔ discovery fails closed: duplicate replacing required case (0.151916ms)
✔ old Viewer permission cannot pass the updated matrix (0.473209ms)
✔ required behavioral proof cannot be missing: QA-09 设备管理长别名和序列号在375px完整换行且不裁切 (0.43275ms)
✔ required behavioral proof cannot be missing: H-01 API 拒绝停用会话后清除浏览器会话并返回登录 (0.368792ms)
✔ required behavioral proof cannot be missing: M-01 CustomerViewer 从菜单查询设备用户详情，全部写入口隐藏 (0.303583ms)
✔ required behavioral proof cannot be missing: UI redesign: all business routes at 1366x768 (0.357458ms)
✔ required behavioral proof cannot be missing: UI redesign: all business routes at 1440x900 (0.818291ms)
✔ required behavioral proof cannot be missing: UI redesign: all business routes at 1920x1080 (0.144416ms)
✔ required behavioral proof cannot be missing: QA05 login SRP MFA error success logout without persisting password (0.129833ms)
✔ required behavioral proof cannot be missing: QA05 ESG cursor totals export snapshot timezone and empty state (0.1155ms)
✔ required behavioral proof cannot be missing: QA05 Command dangerous confirmation terminal result and publish failure (0.109791ms)
✔ required behavioral proof cannot be missing: QA05 Media expiry renew 403 and audit read-only zero writes (0.110625ms)
✔ serial and repeated phases require all 108 independent prefixes (0.389834ms)
✔ phase budget accounts for startup, executions and worker slots, with a finite ceiling (0.053959ms)
✔ invalid phase budget rejected: repeat=0 workers=1 (0.039334ms)
✔ invalid phase budget rejected: repeat=1 workers=0 (0.049375ms)
✔ invalid phase budget rejected: repeat=0.5 workers=1 (0.022417ms)
✔ invalid phase budget rejected: repeat=1 workers=0.5 (0.022625ms)
✔ invalid phase budget rejected: repeat=Infinity workers=1 (0.020709ms)
✔ invalid phase budget rejected: repeat=1 workers=NaN (0.020292ms)
✔ real child-process timeout is classified and cannot create a successful phase (52.501125ms)
✔ failed/killed process cannot pass: status=1 (0.060625ms)
✔ failed/killed process cannot pass: status=null (0.04ms)
✔ spawn errors reject without disclosing raw process error details (0.18975ms)
✔ successful process may proceed to the strict report and trace validator (0.065084ms)
✔ 真实 OpenAPI 片段可确定性打包且无外部引用 (65.340666ms)
✔ bundle 新鲜度检查拒绝缺失或过期产物 (110.040791ms)
✔ 失败示例：非法 OpenAPI 版本与缺少 responses 被拒绝 (0.171167ms)
✔ 失败示例：全局重复 operationId 被拒绝 (0.074709ms)
✔ 失败示例：非法 parameter 与 Schema 被拒绝 (0.107125ms)
✔ 仓库提交的统一 bundle 与当前片段一致 (23.565458ms)
✔ scoped Gate accepts the archived real-target receipt, without promoting full acceptance (19.498666ms)
✔ scoped Gate rejects missing role (23.464167ms)
✔ scoped Gate rejects wrong SHA (14.503833ms)
✔ scoped Gate rejects unverified Lambda (12.199542ms)
✔ scoped Gate rejects runtime drift (8.029875ms)
✔ scoped Gate rejects mocked API (8.13225ms)
✔ scoped Gate rejects empty tenant (16.474834ms)
✔ scoped Gate rejects cross-Customer list leak (5.993917ms)
✔ scoped Gate rejects Viewer mutation accepted (6.534667ms)
✔ scoped Gate rejects expired old Token (44.06425ms)
✔ scoped Gate rejects two duplicate successes (24.983042ms)
✔ scoped Gate rejects two optimistic successes (6.816542ms)
✔ scoped Gate rejects bundled Firefox (12.352125ms)
✔ scoped Gate rejects missing browser-role case (7.411167ms)
✔ scoped Gate rejects persisted edit belongs to another record (11.569959ms)
✔ scoped Gate rejects forbidden page rendered as business page (6.620333ms)
✔ scoped Gate rejects missing screenshot (1.815041ms)
✔ scoped Gate rejects cleanup duplicate hides missing ID (6.434ms)
✔ scoped Gate rejects cleanup incomplete (7.238792ms)
✔ scoped Gate rejects private credentials retained (8.846959ms)
✔ scoped Gate rejects scope promoted (7.615125ms)
✔ 当前管理后台源代码满足入口与组合根交付约束 (9.651291ms)
✔ 缺少入口和构建产物时失败关闭 (0.759209ms)
✔ FE-06 至 FE-19 任一任务或路由从事实源缺失时失败关闭 (9.482542ms)
✔ FE-11 至 FE-15 任一任务、路由或页面标识缺失时失败关闭 (4.195416ms)
✔ FE-06 至 FE-15 任一控制器或 operationId 缺失时失败关闭 (4.734583ms)
✔ FE-11 至 FE-15 控制器或 operationId 缺失时失败关闭 (3.861125ms)
✔ FE-16 至 FE-19 任一任务、路由、控制器、页面标识或 operationId 缺失时失败关闭 (4.266792ms)
✔ App 移除显式页面分支时失败关闭 (3.887916ms)
✔ 完整目标回执覆盖双提交、隔离环境、五角色、七路由、五闭环与清理 (80.96725ms)
✔ 缺路由、角色、闭环或审计拒绝角色时失败关闭 (20.1675ms)
✔ mock、泄露、短链持久化、危险操作与只读写请求均失败关闭 (22.801958ms)
✔ 缺失回执、双部署提交漂移、HEAD 不一致与未清理均失败关闭 (10.795833ms)
✔ 目标 Gate 是显式发布步骤且不进入普通 verify (0.2345ms)
✔ 完整回执覆盖双提交、隔离环境、五角色、五路由、四闭环、隐私、双语布局与清理 (88.6775ms)
✔ 缺路由、角色、闭环、locale 或 viewport 时失败关闭 (15.542541ms)
✔ mock、权限、并发、泄露或布局不合格时失败关闭 (43.032083ms)
✔ 缺失回执、双部署提交漂移、HEAD 不一致与未清理均失败关闭 (19.591875ms)
✔ 目标 Gate 是显式发布步骤且不进入普通 verify (0.253042ms)
✔ 完整路由、五角色、五业务闭环、租户、并发、敏感字段与清理回执通过 (0.749542ms)
✔ 缺路由、角色或业务闭环时失败关闭 (0.150209ms)
✔ Cognito、部署 API、跨租户、并发与敏感字段证据不满足约束时失败关闭 (0.103625ms)
✔ 缺失回执、部署提交或 sourceCommit 不一致时失败关闭 (0.41625ms)
✔ 完整的 58 API、五角色、并发、ESG 与清理目标 AWS 回执通过 (2.14625ms)
✔ 58 个回执 operationId 与九份正式业务 OpenAPI 精确一致 (7.484208ms)
✔ API 缺项、角色缺项与跨 Customer 放行均失败关闭 (0.269375ms)
✔ 并发或 ESG 证据不满足生产约束时失败关闭 (0.104917ms)
✔ 缺失回执与 sourceCommit 不匹配均失败关闭 (0.584333ms)
✔ 完整覆盖 25 API、五角色、竞态、退役与导出的隔离 AWS 回执通过 (0.83225ms)
✔ 缺 operation、跨租户放行、竞态双成功、证书未失活与 MQTT/S3 缺口均失败关闭 (0.199375ms)
✔ operation 成功状态与负向状态集合不完整时失败关闭 (0.142875ms)
✔ 回执缺失、非法 JSON 或 sourceCommit 不一致时独立发布 Gate 失败 (1.13225ms)
✔ 完整 Archive、Replay、Summary 目标 AWS 回执通过 (0.783417ms)
✔ 缺探针、重复归档、Replay 复制业务行和空 Summary 均失败关闭 (0.196292ms)
✔ 缺少回执或提交不一致时独立 Gate 失败 (0.524708ms)
✔ 完整隔离 AWS 回执覆盖 8 Topic、负向路径、QA-03 与清理时通过 (0.776209ms)
✔ 缺 Topic、未知 Topic 命中、Error Action 未恢复和原文漂移均失败关闭 (0.157083ms)
✔ 未提供目标 AWS 回执时独立发布 Gate 明确失败 (0.46725ms)
✔ 回执必须对应待发布的精确 Git 提交 (0.331584ms)
✔ 完整的 15 API、角色、Cognito、并发、S3、Dashboard、审计与清理回执通过 (0.864458ms)
✔ 15 个 operationId 与六份正式 OpenAPI 精确一致 (0.705375ms)
✔ API、角色、租户或安全/并发探针缺口均失败关闭 (0.220666ms)
✔ 缺失回执与 sourceCommit 不匹配均失败关闭 (1.20625ms)
✔ 干净的依赖图通过检查 (1.442917ms)
✔ 共享包反向依赖 apps 被识别为边界违规 (0.636166ms)
✔ contracts 反向依赖 apps 被识别为边界违规 (0.663875ms)
✔ apps 之间互相依赖被识别为边界违规 (0.757625ms)
✔ 工作区循环依赖被检出 (1.117416ms)
✔ 非工作区依赖（外部 npm 包）不参与检查 (0.897292ms)
✔ 当前仓库通过边界与循环依赖检查 (0.692833ms)
✔ CDK WARNING 与规则校验编号会触发 Gate (0.482709ms)
✔ 正常 synth 输出不会误报 (0.341208ms)
✔ 已交付 Lambda 缺失或回退到内联 501 占位时 Gate 失败 (0.156875ms)
✔ 已交付 Lambda 使用 S3 asset 时 Gate 通过 (0.063875ms)
✔ CMD/OTA 生产接线 Gate 对 Worker/调度任一缺失均失败关闭 (0.209416ms)
✔ CMD/OTA 生产接线 Gate 对 IoT/S3/KMS 权限缺失失败关闭 (0.242416ms)
✔ 真实登记文件：结构校验通过，并准确识别当前未决 DEC (2.469125ms)
✔ 真实契约版本文件：decisionRegisterVersion 与登记一致 (0.943292ms)
✔ 契约版本不一致被拒绝 (0.409666ms)
✔ 重复决策 ID 被拒绝（已知冲突必须有唯一决策 ID） (0.167041ms)
✔ 原则与决策之间 ID 也全局唯一 (0.095125ms)
✔ pending 决策携带批准人被拒绝 (0.065916ms)
✔ frozen 决策必须有批准人、批准时间和 >=1.0.0 版本 (0.108542ms)
✔ blockingTasks 为空或格式非法被拒绝 (0.078375ms)
✔ history 必须非空且末条版本与条目版本一致 (0.076ms)
✔ 非 UTC 时间戳被拒绝 (0.090083ms)
✔ CLI validate 模式：真实文件退出码 0 且输出实际未决数；--fail-on-pending 按实际未决数返回 (0.952042ms)
✔ CLI：结构错误退出码 1 (0.620584ms)
✔ 追溯校验：合法 x-decision-versions 引用通过（Schema 可追溯到决策版本） (1.323166ms)
✔ 追溯校验：不存在的决策 ID 被拒绝 (0.637291ms)
✔ 追溯校验：引用版本与登记版本不一致被拒绝 (0.592042ms)
✔ 追溯校验：缺少 x-decision-versions 或格式非法被拒绝 (0.741041ms)
✔ 追溯校验：嵌套在 OpenAPI info 下的 x-decision-versions 可被递归发现 (0.792667ms)
✔ 已交付 API（含管理后台 P1）的 129 个 OpenAPI operation 与生产路由双向一致 (8.473041ms)
✔ 版本化已交付清单缺失、重复或引用不存在文件时失败关闭 (0.839375ms)
✔ 缺失、额外、重复及 method/path 漂移均失败关闭 (0.1315ms)
✔ CMD/OTA 治理 Gate 校验四份 REST 契约及 DEC-022/023 冻结状态 (4.198791ms)
✔ 有效链接、无易漂移计数且工具链配对正确时通过 (1.587334ms)
✔ 损坏的仓库内 Markdown 链接被拒绝 (0.697959ms)
✔ 陈旧测试计数或不兼容工具链声明被拒绝 (0.631166ms)
✔ 当前仓库 ENG/DB/DOM 与 IAC/AUTH/SEC 任务文档证据一致 (21.1145ms)
✔ BE-IOT-01～08 文档全部纳入默认链接与证据门禁 (0.097ms)
✔ BE-ARC/RPL/ESG 四份文档及 P2 回归纳入默认证据门禁 (0.053834ms)
✔ 11 份管理后台业务文档全部纳入默认链接与证据门禁 (0.050042ms)
✔ BE-MED/RBAC/AUD/DASH/SET 五份文档纳入状态与 AWS 证据门禁 (0.037291ms)
✔ FE-06～FE-10 五份前端文档纳入四层状态与目标回执门禁 (0.044791ms)
✔ FE-11～FE-15 五份前端文档纳入四层状态与独立目标回执门禁 (0.077667ms)
✔ 前端任务文档拒绝缺层级、问题责任字段、目标 Gate 和 P1 陈旧描述 (0.081875ms)
✔ FE-11～FE-15 文档拒绝旧缺陷、任务级勾选及旧目标 Gate (0.056458ms)
✔ BE-MED/RBAC/AUD/DASH/SET 文档拒绝缺状态层、陈旧参数和设置生效误述 (0.050125ms)
✔ 管理后台业务文档拒绝缺证据引用和陈旧决策或部署说法 (0.179625ms)
✔ BE-ARC/RPL/ESG 文档拒绝缺审计快照和生产接线边界外旧说法 (0.076458ms)
✔ BE-IOT 文档拒绝缺少审计快照、Report P2002 与 Media 另路由旧说法 (0.112292ms)
✔ BE-IOT 严格负向探针必须保留为可定位的永久回归 (0.65225ms)
✔ 安全任务文档拒绝历史计数、缺少 verify 命令与陈旧 DEC-012 状态 (0.065291ms)
✔ 安全任务文档接受当前命令、审计快照引用与 frozen 决策 (0.036125ms)
✔ 当前仓库（DB-01 已落地）Migration 结构通过 (8.12725ms)
✔ schema.prisma 未落地时跳过并通过（骨架期行为） (0.2115ms)
✔ 失败示例：Schema 已存在但无任何 Migration（未提交 Migration） (6.423167ms)
✔ 失败示例：migrations/ 为空且缺少 migration_lock.toml (0.643291ms)
✔ 失败示例：Migration 目录名非法与空 migration.sql (0.972084ms)
✔ 合法 Migration 结构通过 (0.76275ms)
✔ 失败示例：已有旧 Migration 但 Schema 已变化且未登记快照 (0.652875ms)
✔ 真实矩阵通过完整性检查 (1.827792ms)
✔ 真实引用集合：41 个矩阵 API 与 13 个 routeId 全部可解析 (0.345458ms)
✔ index19.html 源清单：9 个菜单、12 个页面、128 个元素与矩阵双向覆盖 (0.304167ms)
✔ 真实矩阵：9 菜单、12 页面、每项均有处置结论 (0.236459ms)
✔ 被拒绝的实时流、明文密码、状态混用不携带实现任务 (0.224917ms)
✔ 矩阵的 x-decision-versions 可追溯到决策登记（DEC-007~012） (0.957ms)
✔ 缺少菜单或页面被拒绝 (0.253334ms)
✔ 重复元素 ID 被拒绝 (0.074083ms)
✔ Adapt/Reject 缺少依据被拒绝 (0.091ms)
✔ Adopt/Adapt 生产字段缺少 API 来源被拒绝 (0.105333ms)
✔ rejectCategory 项非 Reject 或携带实现任务被拒绝 (0.077375ms)
✔ 未知角色被拒绝（R7） (0.070584ms)
✔ 格式合法但不存在的 operationId、routeId 与响应字段被拒绝 (0.93075ms)
✔ planned operation 的任务归属漂移被拒绝 (0.295333ms)
✔ 源清单与矩阵任一侧删除元素均被双向覆盖检查拒绝 (1.832708ms)
✔ index19.html 内容变化但未重新盘点源清单时失败关闭 (1.499625ms)
✔ 重复 operationId 与 routeId 被引用索引拒绝 (1.140334ms)
✔ CLI：真实矩阵退出码 0，违规矩阵退出码 1 (25.223333ms)
✔ remaining scope cannot replace full core, Active acceptance or failed cleanups (0.459958ms)
✔ 当前仓库全部 Schema、OpenAPI 片段与统一 bundle 通过引用校验 (127.491959ms)
✔ 失败示例：悬空内部 $ref 被拒绝 (1.61575ms)
✔ 失败示例：同目录相对 $ref 目标文件不存在被拒绝 (0.475792ms)
✔ 失败示例：JSON 语法损坏的 Schema 被拒绝 (0.418042ms)
✔ 失败示例：JSON Schema 2020-12 非法 type 被元 Schema 拒绝 (0.444375ms)
✔ 失败示例：OpenAPI 基座缺少 paths 被拒绝 (0.524209ms)
✔ 同目录相对 $ref 可解析时通过 (0.668208ms)
✔ 失败示例：PEM 私钥块被检出 (0.537167ms)
✔ 失败示例：AWS Access Key ID 被检出 (0.064792ms)
✔ 失败示例：GitHub 令牌被检出 (0.047583ms)
✔ 失败示例：Slack 令牌被检出 (0.042708ms)
✔ 正常内容不误报 (0.340542ms)
✔ 失败示例：未跟踪且未忽略文件中的私钥也被扫描 (35.038792ms)
✔ 当前仓库通过敏感信息扫描 (2458.495833ms)
✔ 生产源码直接 console 与 raw trace API 均被拒绝 (1.36475ms)
✔ 测试目录可使用 console，生产统一 logger 允许 (0.646208ms)
✔ 当前仓库生产源码通过 sink 门禁 (76.200792ms)
✔ QA-02 MQTT heartbeat: all valid/invalid fixtures, missing meta and type mutation (14.304292ms)
✔ QA-02 MQTT telemetry: all valid/invalid fixtures, missing meta and type mutation (5.447708ms)
✔ QA-02 MQTT report: all valid/invalid fixtures, missing meta and type mutation (6.782708ms)
✔ QA-02 MQTT alarm: all valid/invalid fixtures, missing meta and type mutation (6.090042ms)
✔ QA-02 MQTT event: all valid/invalid fixtures, missing meta and type mutation (0.942583ms)
✔ QA-02 MQTT ack: all valid/invalid fixtures, missing meta and type mutation (1.158083ms)
✔ QA-02 MQTT tamper: all valid/invalid fixtures, missing meta and type mutation (1.099292ms)
✔ QA-02 MQTT media: all valid/invalid fixtures, missing meta and type mutation (0.998083ms)
✔ QA-02 MQTT cmd: all valid/invalid fixtures, missing meta and type mutation (5.2985ms)
✔ QA-02 MQTT ota: all valid/invalid fixtures, missing meta and type mutation (1.576708ms)
✔ QA-02 MQTT notification: all valid/invalid fixtures, missing meta and type mutation (3.169084ms)
✔ MQTT semantic hash, discriminator and UTC calendar errors fail closed (0.502667ms)
✔ full REST response: field deletion/type mutation/envelope/date/errors/status/headers are enforced (2.702959ms)
✔ REST request validation: required body/path/query/header, optional Sync, bodyless Deactivate, no type coercion in JSON (3.866834ms)
✔ all device operations and declared response JSON Schemas compile; stable error catalog has no duplicates (28.7205ms)
✔ predecessor MQTT is compatible; known REST break requires exact version and frozen DEC approvals (73.059125ms)
✔ breaking contract mutations fail: removing fields/operations/status, changing type/required/security (58.343541ms)
✔ receipt coverage gate fails closed for missing operations/statuses, no valid request and forged records (0.276208ms)
✔ archived CSR upgrade mapping still verifies original baselines without rewriting history (6.081209ms)
✔ QA04 coverage Gate accepts complete matrix and proofs (0.784834ms)
✔ QA04 coverage Gate rejects missing domain (0.239083ms)
✔ QA04 coverage Gate rejects no negative path (0.110334ms)
✔ QA04 coverage Gate rejects untrusted handler (0.088666ms)
✔ QA04 coverage Gate rejects missing role (0.497667ms)
✔ QA04 coverage Gate rejects cross-tenant leak (0.128542ms)
✔ QA04 coverage Gate rejects two write winners (0.127917ms)
✔ QA04 coverage Gate rejects duplicate audit (0.1055ms)
✔ QA04 coverage Gate rejects rollback missing (0.109458ms)
✔ QA04 coverage Gate rejects unclean resource (0.130666ms)
✔ QA04 coverage Gate rejects reused isolation (0.102833ms)
✔ QA04 coverage Gate rejects no observed replay (0.11425ms)
✔ QA04 required acceptance cases are enforced (0.565083ms)
✔ QA04 skipped assertion fails execution Gate (0.060125ms)
✔ QA04 removed state-machine assertion fails coverage Gate (0.894208ms)
✔ migration source requires exact approved commit (0.416708ms)
✔ migration connection requires complete secret and verified TLS; special credentials are encoded (0.160041ms)
✔ database verification derives every mapped Prisma table (0.416625ms)
✔ runner without approved source fails without reporting credentials or driver details (47.764208ms)
✔ source packager archives committed tree, includes exact SHA and refuses overwriting ZIP (5691.428291ms)
✔ local TLS broker: 10 independent certificate sessions, QoS1, downlinks, reconnect and broker ACL rejection (722.165583ms)
✔ 10 concurrent sessions: all topics, exact 5% duplicates / 2% delayed telemetry, replay and isolated bad Schema (127.055292ms)
✔ cross-device publish, subscribe, receive and wildcard denied (6.683792ms)
✔ invalid configuration, OTA transitions and test credential gate fail closed (0.853042ms)
✔ scripted failed command, missing target mapping and illegal downlink do not generate mixed ACK (5.551458ms)
✔ all sessions close when one transport fails; no successful receipt (90.486375ms)
✔ MQTT adapter rejects SUBACK denial and connection failures (0.225208ms)
✔ CLI creates offline receipt and refuses ungated mqtts before reading credential paths (361.791334ms)
✔ CDK wrapper accepts synth/diff and requires explicit deploy stack (0.713333ms)
✔ CDK wrapper builds the whole workspace and fails closed on build errors (0.112916ms)
✔ CDK wrapper uses local SSO but requires OIDC credentials in GitHub Actions (0.06875ms)
✔ QA03 Gate accepts complete local integration receipt (2.09825ms)
✔ QA03 Gate rejects missing scenario (0.18625ms)
✔ QA03 Gate rejects unclean resources (0.082625ms)
✔ QA03 Gate rejects reused isolation prefix (0.084209ms)
✔ QA03 Gate rejects lost message (0.098541ms)
✔ QA03 Gate rejects duplicate business record (0.119542ms)
✔ QA03 Gate rejects missing raw proof (1.379209ms)
✔ QA03 Gate rejects missing fault probe (0.156333ms)
✔ receipt covers all 128 decisions in two viewports (11.738375ms)
✔ fail closed: missing page (0.341625ms)
✔ fail closed: skipped case (1.196458ms)
✔ fail closed: flaky success (0.210541ms)
✔ fail closed: retry (0.21ms)
✔ fail closed: unexpected external network (0.187833ms)
✔ fail closed: fixture collision (0.178583ms)
✔ fail closed: missing cleanup (0.170667ms)
✔ fail closed: updated baseline masquerades as regression (0.183083ms)
✔ fail closed: missing group (0.22825ms)
✔ fail closed: duplicate group (0.185208ms)
✔ fail closed: missing rejection assertion (0.215583ms)
✔ fail closed: missing menu (0.177917ms)
✔ fail closed: missing behavior guard (0.178167ms)
✔ fail closed: wrong viewport (0.186917ms)
✔ fail closed: snapshot hash mismatch (0.442709ms)
✔ binding omission, duplication and reject implementation fail closed (1.73625ms)
✔ actual config guard accepts R0/R1 and final false restore without declaring business/P95 (0.541084ms)
✔ config rejects accountReadCandidate drift (0.114333ms)
✔ config rejects pool drift (0.048083ms)
✔ config rejects memory drift (0.042334ms)
✔ config rejects preconnect drift (0.048208ms)
✔ config rejects engineCpu drift (0.0515ms)
✔ config rejects envName drift (0.043542ms)
✔ config rejects revisionId drift (0.043916ms)
✔ config rejects codeSha256 drift (0.047166ms)
✔ config rejects state drift (0.075042ms)
✔ config rejects architecture drift (0.042792ms)
✔ config rejects source, inventory and concurrency drift (0.092ms)
✔ new detail receipts require explicit matching actual flag, including false restore (0.100083ms)
✔ real gzip bytes bind exact own devices, raw outbox hash and canonical published hash (3.080833ms)
✔ scope expansion, unknown customer/device, modified bytes and missing archive fail closed (1.775333ms)
✔ IoT normalized raw body binds outbox bytes while original publication binds canonical payload (3.46025ms)
✔ quick MQTT profile requires exact additional telemetry ledger and cannot waive missing archives (1.968083ms)
✔ archive deadline uses actual S3 modification times and cannot green an eventual late archive (1.022542ms)
✔ redelivery rejects foreign archives, unbounded inventories and unbound certificates before AWS operations (1.26325ms)
✔ C1 waits for both branches then independent query/checkout; C0 refuses candidate signal; warm absent is null (1.469208ms)
✔ preconnect proof rejects missing (0.081667ms)
✔ preconnect proof rejects duplicate (0.052583ms)
✔ preconnect proof rejects failed (0.05675ms)
✔ preconnect proof rejects foreign (0.150459ms)
✔ preconnect proof rejects bad timestamp (0.166916ms)
✔ preconnect proof rejects dispatch instead of settlement (0.072ms)
✔ preconnect proof rejects not connection wait (0.058958ms)
✔ preconnect proof rejects query before preparation (0.141916ms)
✔ preconnect proof rejects checkout steals readiness (0.357666ms)
✔ preconnect proof rejects outside hook (0.445083ms)
✔ preconnect proof rejects invalid duration (0.189458ms)
✔ preconnect proof rejects orphan (0.066167ms)
✔ preconnect proof rejects consistently empty invocation identities (0.310625ms)
✔ nominal 30x profile cannot conceal a slower real publish window (3.967667ms)
✔ version proof requires CI deploy Amplify exact commit and 19 distinct verified artifact bytes (0.377958ms)
✔ own-fixture fault grant rejects shared changes and unknown faults while retaining deployment boundary (0.12725ms)
✔ database proof rejects foreign build, source, role and nonzero cleanup instead of trusting child PASS (0.291042ms)
✔ target gates reject missing finish cleanup required case and foreign device before live calls (12.214834ms)
✔ business cleanup preserves outside rows, rejects baseline drift and deletes own dependent rows atomically (1758.490417ms)
✔ fault injection rejects missing authorization and foreign export identity without mutation (0.615541ms)
✔ assertion-only validation cannot stand in for cleanup or whole target acceptance (0.128625ms)
✔ nonActive scope cannot enter the full wave that contains Active dependent probes (0.967458ms)
✔ foundation mode cannot be mistaken for full core or browser acceptance (0.091417ms)
✔ complete intermediate/root chain matches truststore and private key (20.380459ms)
✔ missing root is distinguished from valid signing certificate and key (0.387167ms)
✔ wrong parent, expired chain and wrong private key fail independently (0.902208ms)
✔ oversized worker chain, malformed values and arbitrary canaries never leak (1.207042ms)
✔ receipt gate accepts completed diagnostic with invalid chain, rejects data leak and missing cleanup (1.48175ms)
✔ approved exact Worker, Secret, KMS and original expiry scope is accepted (0.841917ms)
✔ removing role condition, wildcard Secret or extended expiry is rejected (0.355041ms)
✔ unrestricted KMS, different context or extra secret permissions are rejected (0.152792ms)
✔ repair gate requires retained versions, exact output binding and all cleanup (1.252375ms)
✔ only root field changes, original version remains immutable and AWSPREVIOUS (6.291459ms)
✔ baseline drift prevents all writes (0.112625ms)
✔ wrong fixed root prevents all writes (0.332542ms)
✔ unknown put outcome recovers immutable token without a second put (1.174125ms)
✔ candidate mutation fails before promotion (0.333709ms)
✔ concurrent current movement after candidate write is preserved (0.573667ms)
✔ unknown promotion response is recovered from current stages (0.816875ms)
✔ post-promotion failed readback rolls back only the known current candidate (0.592417ms)
✔ invalid version token rejects before accessing any secret (0.247459ms)
✔ rollback refuses to overwrite a concurrent foreign current version (0.67875ms)
✔ unknown AWS errors are returned as fixed codes without secret exception text (0.088709ms)
✔ successful promotion waits for metadata visibility without repeating stage writes (0.854375ms)
✔ existing current candidate is verified using read-only store without new versions or stage writes (0.779583ms)
✔ read-only recovery rejects changed fields without rolling back an existing current version (0.27425ms)
✔ capacity planning includes operational and rotation idle overlap and rejects naive concurrency increase (1.582042ms)
✔ partition preserves 722ms without treating CPU as exclusive scheduling or compiler time (1.92925ms)
✔ split rejects missing setup (0.088291ms)
✔ split rejects setup gap (0.090542ms)
✔ split rejects setup wrong boundary (0.0625ms)
✔ split rejects missing (0.054875ms)
✔ split rejects duplicate (0.045334ms)
✔ split rejects foreign (0.048458ms)
✔ split rejects invalid CPU (0.0485ms)
✔ split rejects no CPU (0.063208ms)
✔ split rejects wrong boundary (0.094375ms)
✔ split rejects failed (0.061708ms)
✔ split rejects gap (1.030209ms)
✔ split rejects overlap (0.132416ms)
✔ split rejects fake duration (0.14ms)
✔ split rejects connection claim (0.158667ms)
✔ target observer setup gap remains rejected: 737ms/17ms (0.2605ms)
✔ target observer setup gap remains rejected: 498ms/18ms (0.104792ms)
✔ target observer setup gap remains rejected: 40ms/20ms (0.086625ms)
✔ explicit setup covers 17ms without shifting original entrance (0.143ms)
✔ explicit setup covers 18ms without shifting original entrance (0.092042ms)
✔ explicit setup covers 20ms without shifting original entrance (0.09725ms)
✔ range reads keep the original default and permit bounded slow-link retry (0.356125ms)
✔ range reads reject unbounded, ambiguous and below-default timeouts (0.184375ms)
✔ read-only asset concurrency stays bounded independently of DB/API capacity (0.109125ms)
✔ cold sampler collector binds exact own REPORT and safe client metrics: patch (63.371584ms)
✔ cold sampler collector binds exact own REPORT and safe client metrics: audit (58.097708ms)
✔ two batches preserve six own contracts, six winners/conflicts and audits with a hard concurrency/request bound (28.783417ms)
✔ unknown write drains siblings and waits for Lambda quiescence without retry or false PASS (16.073833ms)
✔ audit drift fails closed: audit-id (31.230875ms)
✔ audit drift fails closed: foreign-list (11.256916ms)
✔ foreign context, missing baseline or excess batches fail before any dispatch/receipt (0.492083ms)
✔ sampling correlation ledger rejects foreign or missing HTTP rows even with a valid business result (23.821417ms)
✔ DLQ scope requires closed ledger, 20 exact IDs and fresh empty database proof (1.00325ms)
✔ one-shot worker deletes only exact retired pointers, restores unknown visibility, and exports no bodies or handles (14.677166ms)
✔ six exact request/time/status/extended/Lambda links pass without saving unrelated fields or requests (49.225708ms)
✔ correlation refuses complete proof for time (52.246917ms)
✔ correlation refuses complete proof for lambda-id (47.833208ms)
✔ correlation refuses complete proof for duplicate (59.411834ms)
✔ correlation refuses complete proof for missing-http (54.662916ms)
✔ audit GET binds list/detail operation and timeout UUID without claiming client success (104.209041ms)
✔ public child proof retains legacy partition and never implies compiler/server/P95 attribution (1.709084ms)
✔ detail rejects missing (0.122667ms)
✔ detail rejects duplicate (0.101416ms)
✔ detail rejects foreign (0.085791ms)
✔ detail rejects failed (0.089334ms)
✔ detail rejects boundary (0.075083ms)
✔ detail rejects CPU (0.070958ms)
✔ detail rejects negative CPU (0.070459ms)
✔ detail rejects fraction (0.099875ms)
✔ detail rejects wait (0.116333ms)
✔ detail rejects wrong wait (0.080041ms)
✔ detail rejects gap (0.066291ms)
✔ detail rejects overlap (0.055333ms)
✔ detail rejects coverage (0.057333ms)
✔ detail rejects invalid time (0.064666ms)
✔ detail rejects off (0.296708ms)
✔ detail rejects two pg (0.753542ms)
✔ detail rejects unsettled (0.105416ms)
✔ detail rejects root (0.08ms)
✔ fresh planner preserves fixed budget, demands both detail modes, never dispatches (0.77375ms)
✔ legacy manifests cannot be promoted to detailed target proof (0.769416ms)
✔ hosted detail input byte binding is explicit and rejects run, mode, budget, context and hash drift (0.418791ms)
✔ driver partition separates controlled wait and result access without causal claims (3.768917ms)
✔ reject crossed boundary (0.283292ms)
✔ reject nonfinite boundary (0.11675ms)
✔ reject missing boundary (0.096291ms)
✔ reject wrong sample order (0.115208ms)
✔ reject extra sample (2.322542ms)
✔ reject hidden query retry (0.31275ms)
✔ reject unreleased connection (0.09225ms)
✔ reject extra pool (0.683666ms)
✔ reject target equivalence (0.481ms)
✔ reject compiler-only claim (0.242167ms)
✔ reject server-only claim (0.32525ms)
✔ reject wrong controlled recipe (1.920833ms)
✔ reject wrong account mode (0.104416ms)
✔ reject unproved phases (0.069667ms)
✔ cold summary requires exact transactional physical proof and never copies payloads (2.408583ms)
✔ strict load split preserves 5ms coverage and only public boundary attribution (0.112791ms)
✔ rejects foreign request (0.078875ms)
✔ rejects duplicate (0.058667ms)
✔ rejects missing model boundary (0.063709ms)
✔ rejects multiple SQL (0.059958ms)
✔ rejects root query (0.049542ms)
✔ rejects duplicate ownership (0.046583ms)
✔ rejects CPU attribution (0.064125ms)
✔ rejects boundary guess (0.09475ms)
✔ rejects gap (0.065416ms)
✔ rejects overlap (0.050375ms)
✔ rejects failure (0.050083ms)
✔ rejects invalid wait (0.038084ms)
✔ phase proof covers success, conditional conflict and all audit reads without declaring latency/cleanup acceptance (12.349542ms)
✔ cold 409 gate requires matching cold phase flags and successful runtime initialization (15.700125ms)
✔ new account gate requires nested hook, Prisma query, first driver query and checkout on every request (0.252792ms)
✔ account gate rejects missing (0.202625ms)
✔ account gate rejects duplicate (0.175125ms)
✔ account gate rejects failure (0.169458ms)
✔ account gate rejects wait-boundary (0.183375ms)
✔ account gate rejects timestamp (6.871917ms)
✔ account gate rejects outside-hook (0.427125ms)
✔ phase proof rejects foreign-invocation (0.424542ms)
✔ phase proof rejects missing-transaction (0.284333ms)
✔ phase proof rejects conflict-code (0.205833ms)
✔ phase proof rejects missing-http (0.063875ms)
✔ phase proof rejects other-run (0.037916ms)
✔ bounded sampler requires physical Init Duration as well as application cold phases and retains client metrics (1.015166ms)
✔ bounded sampler rejects foreign-report (0.197333ms)
✔ bounded sampler rejects duplicate-report (0.123792ms)
✔ bounded sampler rejects no-socket-metrics (0.14675ms)
✔ bounded sampler rejects missing-body (0.102542ms)
✔ bounded sampler rejects over-budget (0.0855ms)
✔ bounded sampler rejects missing-audit (0.090041ms)
✔ client preparation requires actual dispatch, cold adapter suffix and leaves warm adapter timings absent (0.622375ms)
✔ client preparation rejects missing prepare (0.187125ms)
✔ client preparation rejects settlement is not driver dispatch (0.160709ms)
✔ client preparation rejects preparation after driver start (2.794834ms)
✔ client preparation rejects cold missing suffix (0.239375ms)
✔ client preparation rejects suffix outside preparation (2.040291ms)
✔ client preparation rejects wrong invocation (5.030542ms)
✔ client preparation cannot bypass account phase checks (0.792584ms)
✔ engine CPU mode proves preparation before model, preserves driver boundary and refuses old lazy ownership (1.606958ms)
✔ runtime assembly opt-in preserves both engine ownership modes and rejects old partial runtime receipts (11.461542ms)
✔ parent phase Gate requires engine/runtime and C1 settlement before queries; C0 refuses candidate phases (0.869459ms)
✔ new contract-load split opt-in cannot reuse an older unsplit target receipt (0.086666ms)
✔ success audits bind precisely and conflicts never have a success audit (0.340916ms)
✔ audit proof rejects duplicate (0.130333ms)
✔ audit proof rejects wrong-version (0.062667ms)
✔ audit proof rejects conflict-success (0.047459ms)
✔ Gateway overlap cannot conceal serialized Lambda executions (0.374416ms)
✔ three races accept either winner, bind every successful write to audit and advance once per version (15.417375ms)
✔ early failure still drains the late sibling before readback and never retries or reports PASS (2.716334ms)
✔ race fails closed for double-winner (4.530666ms)
✔ race fails closed for gateway-id (3.900667ms)
✔ race fails closed for audit-id (13.796834ms)
✔ foreign context fails before dispatch or receipt writes (0.302167ms)
✔ historical read scope rejects any resource outside the exact sealed old contract before live calls (0.150125ms)
✔ read-only completion accepts only all six settled exact successful PATCH receipts (0.697292ms)
✔ cleanup/completion guard rejects unknown-write (0.177625ms)
✔ cleanup/completion guard rejects foreign-site (0.078042ms)
✔ cleanup/completion guard rejects wrong-account (0.065166ms)
✔ cleanup/completion guard rejects unfinished (0.0685ms)
✔ cleanup/completion guard rejects gateway-id (0.071708ms)
✔ log projection redacts payload/error details and rejects unrecognized events (0.472208ms)
✔ serialized AWS log projection preserves closed event names through the 20-sequence Gate (6.642166ms)
✔ specific redelivery needs matching SQS ID, final disposition and durable duplicate receipt (0.751541ms)
✔ 20 sequence stage Gate rejects incomplete coverage and unrelated device evidence (1.565833ms)
✔ completed Build result tolerates delayed/truncated CloudWatch visibility and transient read failure without rerunning SQL (0.568333ms)
✔ wrong/multiple/failed frames and AccessDenied reject immediately, absent result fails closed after bounded reads (0.398292ms)
✔ expired SSO is a terminal authentication condition, never a transient log retry (0.072833ms)
✔ CloudWatch 250000-character fragments reassemble exact source-bound metadata without accepting truncation or another frame (23.449208ms)
✔ large fixture observations round-trip through bounded gzip without losing metadata (15.483292ms)
✔ compressed fixture frames reject corruption, noncanonical data and decompression bombs (25.033666ms)
✔ compressed metadata still requires the exact expected source/build/action binding (3.2525ms)
✔ fixed manifest rejects unsafe SQL identifiers, missing hash and duplicates (0.524667ms)
✔ migration comparison distinguishes missing, tampered, unfinished and rolled-back migrations (0.136625ms)
✔ snapshot uses repeatable read/read only, timeouts, fixed SELECTs and always rolls back (0.330291ms)
✔ writable transaction rejected before business queries and rolled back (0.173834ms)
✔ query failure rolls back instead of yielding partial PASS (0.114083ms)
✔ dedicated query project never changes migration project or passes StartBuild overrides (20.172542ms)
✔ legacy onboarding rows without CSR columns require reconciliation before migration (0.117709ms)
✔ query success preserves real migration BLOCKED instead of promoting readiness (0.727542ms)
✔ wrong build, writable transaction, unbound hash and fabricated migration PASS rejected (0.248042ms)
✔ missing table count cannot become complete SQL evidence (1.077709ms)
✔ explicit manual false overrides repository true and preserves capacity/immediate context (0.649334ms)
✔ manual deployment rejects branch/SHA, missing mode, phase drift and unsupported events before cloud work (0.145959ms)
✔ push keeps existing resolved defaults but cannot ignore explicit invalid input (0.066042ms)
✔ input pair gate never implies target acceptance and rejects SHA/config/context/duplicate run drift (2.722458ms)
✔ workflow records input receipt before verification/AWS and never interpolates manual input into shell (3.367125ms)
✔ C0/C1 same SHA and engine=true differ only preconnect; push cannot turn candidate on (0.377459ms)
✔ R0/R1 input pair binds same SHA and budget, differs only account read; push always off (0.324875ms)
✔ detail is off on push, manual detail requires guarded preconnect and round trips both R inputs (0.315791ms)
✔ entity merge requires actual decisions on both viewports, scoped devices, versions and cleanup (0.898125ms)
✔ certificate merge cannot use review-only parent to claim real dual-channel certificate entity (0.112458ms)
✔ request UUID is durable before a single dispatch and credentials never enter receipts (17.261667ms)
✔ failed AWAIT_HEADERS preserves correlation without retry (0.362917ms)
✔ failed READ_BODY preserves correlation without retry (0.114875ms)
✔ malformed JSON cannot become a successful HTTP receipt (0.180791ms)
✔ socket events split DNS/TCP/TLS; receipts contain no URL, authorization or socket details (1.094208ms)
✔ real delayed body is measured separately; a reused connection has absent DNS/TCP/TLS, not invented zeros (148.016291ms)
✔ total deadline aborts an unfinished response body; no complete-body receipt or retry (13.860917ms)
✔ injected fetch cannot masquerade as detailed socket observation (0.320042ms)
✔ layout diagnostic fails closed before AWS calls for foreign, finished or unbound fixtures (0.937417ms)
✔ diagnostic cleanup retains all actions and fails closed: absent (0.874959ms)
✔ diagnostic cleanup retains all actions and fails closed: still-present (0.0625ms)
✔ diagnostic cleanup retains all actions and fails closed: read-denied (0.063792ms)
✔ diagnostic cleanup retains all actions and fails closed: signout-failed (0.065292ms)
✔ diagnostic cleanup retains all actions and fails closed: delete-failed (0.071875ms)
✔ snapshot must be available encrypted manual and exact whitelist cannot expand (0.424333ms)
✔ real local SQL retires exactly two jobs/requests and preserves every other table (1404.0165ms)
✔ live status drift aborts with original rows intact (482.105291ms)
✔ unexpected cascade/trigger changing a preserved table rolls back all deletes (446.46725ms)
✔ valid HTTP writes cannot be inflated by malformed, wrong role, wrong method or failed requests (1.01575ms)
✔ target License wire sequence proves ExpiringSoon renewal and Renewed activation using real handlers and PostgreSQL (1587.692917ms)
✔ planner never dispatches and matchable inputs never accept P95 or causal benefit (0.661666ms)
✔ pair rejects drift or missing proof sourceCommit (0.0855ms)
✔ pair rejects drift or missing proof memoryMiB (0.055833ms)
✔ pair rejects drift or missing proof architecture (0.047375ms)
✔ pair rejects drift or missing proof poolMax (0.051958ms)
✔ pair rejects drift or missing proof actorRole (0.041084ms)
✔ pair rejects drift or missing proof accountState (0.038125ms)
✔ pair rejects drift or missing proof operationId (0.042541ms)
✔ pair rejects drift or missing proof expectedStatus (0.056125ms)
✔ pair rejects drift or missing proof authenticatedPreconnect (0.084291ms)
✔ pair rejects drift or missing proof engineCpuDiagnosis (0.052917ms)
✔ pair rejects drift or missing proof artifactSetSha256 (0.038375ms)
✔ pair rejects drift or missing proof lambdaCount (0.047917ms)
✔ pair rejects drift or missing proof cleanupGate (0.039167ms)
✔ pair rejects drift or missing proof source (0.028666ms)
✔ pair rejects drift or missing proof coldProofGroup (0.026ms)
✔ pair rejects drift or missing proof naturalCold409Count (0.0305ms)
✔ pair rejects drift or missing proof platformInitDurationMs (0.032584ms)
✔ pair rejects drift or missing proof clientSplitGate (0.029583ms)
✔ pair rejects drift or missing proof firstCheckoutOwned (0.029125ms)
✔ pair rejects drift or missing proof startedAt (0.032208ms)
✔ actual receipt loader rejects byte drift and directory escape before reading semantic proof (1.976917ms)
✔ matched independent sampling stays distinct from baseline and cannot accept a missing group (0.148208ms)
✔ recovery sub-gate checks all preserved tables without accepting full QA09 (0.890875ms)
✔ version mismatch, missing migration and changed certificate/other business data fail closed (0.366042ms)
✔ retirement evidence cannot hide wrong deleted IDs or lose preservation proof (0.244958ms)
✔ retirement project has fixed source and never modifies readonly/migration runner (23.629542ms)
✔ real Sync observation redacts secret domains and cannot treat delivery as firmware verification (0.513791ms)
✔ receipt runner sends only RECEIVED and redacts complete snapshots even with device password hashes (0.414375ms)
✔ receipt runner fails closed for mismatched snapshots and refused confirmation (0.134292ms)
✔ 117 elements require both real viewport receipts (2.779459ms)
✔ one failure fails all elements in the affected behavior group (0.484666ms)
✔ Active dependent operations are explicit NOT_RUN, not successful disabled checks (0.473ms)
✔ duplicate, foreign and invalid viewport receipts fail closed (0.510166ms)
✔ Defer and Reject failures also block the browser Gate (0.469ms)
✔ CSV proof rejects empty, foreign and malformed downloads while parsing quoted data (0.211ms)
✔ reopens own TLS session after same-clientId negative probe and closes on failure (0.683875ms)
✔ foreign MQTT scope is rejected before connection (0.098ms)
✔ S3 fallback accepts exact owned version cleanup and rejects bucket, customer and pagination expansion (0.492959ms)
✔ export scope rejects a foreign device before API, AWS or output writes (0.573042ms)
✔ domain cleanup refuses live run, foreign customer name, missing DB cleanup and out-of-scope objects (0.624833ms)
✔ unseeded identity cleanup rejects unfinished, foreign, seeded and pre-existing admin ledgers (0.450917ms)
✔ Cognito canonical UUID is allowed only with exact own email and creation within this failed run (0.177417ms)
✔ P95 uses all actual samples and rejects empty or invalid measurements (0.608083ms)
✔ complete P95 excludes censored timeouts and refuses partial sample acceptance (0.115458ms)
✔ performance summary refuses to report P95 PASS for missing or incomplete actual samples (55.359417ms)
✔ read-only pool probe distinguishes one connection, recovery and incomplete capacity acceptance (1.928417ms)
✔ observed connection-budget violation refuses a pool PASS receipt (0.591625ms)
✔ foreign probe application name is rejected before database access (0.057125ms)
✔ CPU ancestry attributes minified constructor and compile samples exclusively (0.398792ms)
✔ curl metrics differences preserve boundaries and reject bad ordering or nonfinite values (0.449791ms)
✔ curl probes are six bounded verified GETs with no credential/config/retry path; proxy prevents dispatch (6.250084ms)
✔ curl failures retain siblings and discard raw error text (0.639708ms)
✔ scheduled publishing overlaps slow PUBACK and drains failures without abandoning in-flight writes (23.979334ms)
✔ only exact test account and readonly role accepted (1.0895ms)
✔ stack identity, region, project and test tag fail closed (0.409875ms)
✔ permission denial is unverified, never classified as absent (0.295583ms)
✔ metadata health never promotes missing business evidence to AWS PASS (0.286667ms)
✔ five groups with unconfirmed or disabled users do not prove usable identities (0.083167ms)
✔ missing target receipts and version mismatch remain blockers (0.069458ms)
✔ existing test environment requires neither new account nor stack and retains real-response/cleanup boundaries (0.259ms)
✔ real sub-scope acceptance cannot claim whole QA09 (2.123041ms)
✔ unfinished execution, missing role probe and failed assertion rejected (0.162458ms)
✔ missing cleanup, wrong target, secrets and source tampering rejected (1.252333ms)
✔ identity cleanup only accepts this run and the five known role identities (0.489083ms)
✔ record cleanup requires exact run namespace, not merely a partial prefix (0.103583ms)
✔ recovery excludes explicitly later own SLO records without waiving original bytes or deadlines (4.482125ms)
✔ later record exemption never includes other devices or customers (1.87425ms)
✔ site compensation rejects foreign-route before any AWS command (163.950625ms)
✔ site compensation rejects failed-cleanup before any AWS command (183.369375ms)
✔ site compensation rejects unbound-parent before any AWS command (152.91275ms)
✔ remaining target rejects foreign fixture before an API or database call (0.94025ms)
✔ unproved license activation fails legal stage and independent stage failures remain explicit without credentials (52.993ms)
✔ per-request service throttling requires both unique IDs and bound access-row time/status, never minute metrics (0.348792ms)
✔ QA09 rollout separates logging, budget and event publication and rejects silent phase mistakes (1.270541ms)
✔ engine CPU diagnosis is explicit and only allowed after pool budget rollout (0.110625ms)
✔ runtime assembly has ordered nested CPU intervals without additive initialization totals (2.041625ms)
✔ runtime proof rejects absent, duplicate, failed, foreign IDs, overlap, bad CPU and invalid durations (0.855709ms)
✔ security retest rejects foreign fixture before any credential or live API access (0.582667ms)
✔ six tampered tokens require HTTP rejection and keep credentials out of receipt (0.727291ms)
✔ unknown seed outcome requires observed complete own set or proven empty set, never a blind retry (0.519917ms)
✔ semantic SQL creates two scoped read models without lifecycle or authentication claims and refuses reuse (1113.672791ms)
✔ semantic SQL refuses scope/state drift: lifecycle_status='Active' (173.500042ms)
✔ semantic SQL refuses scope/state drift: site_id=NULL (178.677458ms)
✔ semantic SQL refuses scope/state drift: customer_id='22222222-2222-2222-2222-222222222222' WHERE customer_id='11111111-1111-1111-1111-111111111111' (170.735458ms)
✔ semantic SQL refuses scope/state drift: name='outside' (164.745ms)
✔ platform exports require the exact ledger and own frozen filters; foreign jobs remain unchanged (227.369333ms)
✔ business session cleanup never accepts a foreign email id role scope or lifecycle (0.610916ms)
✔ session fixtures require exact own customer and site binding before cleanup (0.106916ms)
✔ complete narrow real-environment scope never accepts full QA09 (1.313625ms)
✔ missing mTLS, shared keys, different ingress/archive bytes and missing cleanup fail closed (0.709333ms)
✔ CodeBuild inline source fits service limit and decompresses to exact reviewed bytes (42.549ms)
✔ exact own-ten plan rejects expansion, historical identity and wrong customer namespace (37.704ms)
✔ real SQL creates exact fixtures and cleanup preserves original devices/certificates (800.20375ms)
✔ unexpected original-data trigger mutation rolls back fixture creation (470.146458ms)
✔ processing provisioning job prevents cleanup without deleting any own devices (437.711166ms)
✔ CSR proofs bind method, path, request ID, timestamp, nonce and independent key (74.258291ms)
✔ closed-fixture audit and request outbox cleanup require ledger and preserve unrelated events (429.746583ms)
✔ closed-fixture access rejects missing approval audit and live customer (424.816375ms)
✔ unseeded capacity attempt has read-only empty audit with deleted customers and fixed original baseline (426.601917ms)
✔ business-only Onboarded fixtures preserve original rows, refuse reuse and make no certificate/authentication claim (429.755708ms)
✔ unseeded timeout audit reads only exact prefix and cannot mutate original or retry customer creation (407.188833ms)
✔ active lifecycle fixture changes exactly two own states and never claims a natural path (406.174333ms)
✔ capacity probe executes a read-only transaction and leaves fixture and original rows unchanged (403.854042ms)
✔ review-only mode cannot run without an explicit review hook or with unknown options (0.424292ms)
✔ fixture CLI distinguishes expired SSO from authorization rejection and transport timeouts (0.136917ms)
✔ TLS diagnostic bounds independent reads to 12 and six concurrent; fake observations cannot claim real target source (65.3535ms)
✔ TLS diagnostic retains settled siblings, missing samples and unexpected HTTP/authentication as PARTIAL (0.449875ms)
✔ version binding preserves prior defaults and accepts exact new target (1.449833ms)
✔ invalid version input is rejected before any AWS operation (0.162208ms)
✔ all delivered writes have an explicit permission and own or absent object path (0.687083ms)
✔ identical claims still change signed payload bytes rather than unused base64 signature bits (0.367333ms)
✔ Gateway 403 rejects tampered signatures while protected 2xx must fail (6.25075ms)
✔ quick has exact cadence, 24 historical hours, 30x burst, 5% duplicates and 2% delayed delivery (3.754125ms)
✔ full plan contains 86400 historical Telemetry samples for 10 devices at 10-second cadence (165.559292ms)
✔ unknown profile fails closed (0.202584ms)
✔ P95 uses nearest rank and does not mutate input (0.130292ms)
✔ invalid latency  rejected (0.107916ms)
✔ invalid latency NaN rejected (0.037417ms)
✔ invalid latency Infinity rejected (0.035167ms)
✔ invalid latency -1 rejected (0.0475ms)
✔ independent checker verifies count average min max and UTC buckets (0.240083ms)
✔ complete reliability proof passes (0.66ms)
✔ Gate rejects missing trace (0.431208ms)
✔ Gate rejects duplicate trace (0.3465ms)
✔ Gate rejects failed cleanup (0.326708ms)
✔ Gate rejects wrong profile (0.341416ms)
✔ Gate rejects wrong cadence (0.341875ms)
✔ Gate rejects untracked loss (0.322333ms)
✔ Gate rejects duplicate business row (0.308625ms)
✔ Gate rejects missing archive (0.300084ms)
✔ Gate rejects missing reorder (0.313625ms)
✔ Gate rejects missing retry (0.318459ms)
✔ Gate rejects unresolved gap (0.298083ms)
✔ Gate rejects worker not paused (0.296542ms)
✔ Gate rejects no backlog (0.290875ms)
✔ Gate rejects unscoped replay (0.290417ms)
✔ Gate rejects duplicate MQTT publish (0.308792ms)
✔ Gate rejects late ACK changed terminal state (0.300125ms)
✔ Gate rejects telemetry P95 failed (0.3215ms)
✔ Gate rejects command P95 failed (0.315334ms)
✔ Gate rejects NaN P95 (0.306708ms)
✔ Gate rejects missing latency samples (0.305792ms)
✔ security receipt accepts complete execution and all observed acceptance proofs (1.86ms)
✔ execution fails closed: deleted required test (0.515667ms)
✔ execution fails closed: missing file (0.085583ms)
✔ execution fails closed: pending test (0.069833ms)
✔ execution fails closed: failed test (0.691709ms)
✔ proof fails closed: missing proof (0.120125ms)
✔ proof fails closed: reused prefix (0.405541ms)
✔ proof fails closed: cleanup incomplete (0.284708ms)
✔ proof fails closed: expired JWT accepted (0.253209ms)
✔ proof fails closed: missing write operation (0.3195ms)
✔ proof fails closed: forged identity accepted (0.118667ms)
✔ proof fails closed: route resolved before auth (0.089ms)
✔ proof fails closed: cross tenant allowed (0.08825ms)
✔ proof fails closed: unauthorized side effect (0.078792ms)
✔ proof fails closed: prototype pollution (0.077708ms)
✔ proof fails closed: malicious media signed (0.070583ms)
✔ proof fails closed: malicious media persisted (0.0595ms)
✔ proof fails closed: leak ignored (0.090667ms)
✔ proof fails closed: unscanned audit (0.447417ms)
✔ proof fails closed: unscanned snapshot (0.437042ms)
✔ proof fails closed: partial response scan (0.197542ms)
✔ independent scanner rejects nested secrets raw JWT Error private key and signed URL without echoing values (1.720959ms)
✔ scanner detects opaque canary leakage and permits null redacted values and public certificate (0.189208ms)
ℹ tests 719
ℹ suites 0
ℹ pass 719
ℹ fail 0
ℹ cancelled 0
ℹ skipped 0
ℹ todo 0
ℹ duration_ms 7375.077125

> food-digester-platform@0.0.0 build /Users/anray/Documents/project/hiddenjoyacom/food-digester-platform
> turbo run build

• turbo 2.10.11

   • Packages in scope: @fdp/admin-web, @fdp/archive-worker, @fdp/auth, @fdp/aws-clients, @fdp/cloud-api, @fdp/contracts, @fdp/database, @fdp/domain, @fdp/infra, @fdp/ingestion-worker, @fdp/media, @fdp/observability, @fdp/summary-worker
   • Running build in 13 packages
   • Remote caching disabled

@fdp/contracts:build: cache hit, replaying logs badb40bf08f6da73
@fdp/contracts:build: 
@fdp/contracts:build: > @fdp/contracts@0.0.0 build /Users/anray/Documents/project/hiddenjoyacom/food-digester-platform/contracts
@fdp/contracts:build: > node -e "console.log('@fdp/contracts 为源码契约包：内部使用 .ts 扩展名互引，不经 tsc 构建；消费方经 tsx/打包器直接使用源码')"
@fdp/contracts:build: 
@fdp/contracts:build: @fdp/contracts 为源码契约包：内部使用 .ts 扩展名互引，不经 tsc 构建；消费方经 tsx/打包器直接使用源码
@fdp/observability:build: cache hit, replaying logs 548a24332771f8b7
@fdp/observability:build: 
@fdp/observability:build: > @fdp/observability@0.0.0 build /Users/anray/Documents/project/hiddenjoyacom/food-digester-platform/packages/observability
@fdp/observability:build: > tsc -p tsconfig.build.json
@fdp/observability:build: 
@fdp/database:generate: cache hit, replaying logs d534e8f51ca10667
@fdp/database:generate: 
@fdp/database:generate: > @fdp/database@0.0.0 generate /Users/anray/Documents/project/hiddenjoyacom/food-digester-platform/packages/database
@fdp/database:generate: > prisma generate
@fdp/database:generate: 
@fdp/database:generate: Loaded Prisma config from prisma.config.ts.
@fdp/database:generate: 
@fdp/database:generate: Prisma schema loaded from prisma/schema.prisma.
@fdp/database:generate: 
@fdp/database:generate: ✔ Generated Prisma Client (7.9.1) to ./src/generated in 198ms
@fdp/database:generate: 
@fdp/aws-clients:build: cache hit, replaying logs 72b741ff8e28f9c8
@fdp/domain:build: cache hit, replaying logs 47ef0249a0b99843
@fdp/aws-clients:build: 
@fdp/aws-clients:build: > @fdp/aws-clients@0.0.0 build /Users/anray/Documents/project/hiddenjoyacom/food-digester-platform/packages/aws-clients
@fdp/aws-clients:build: > tsc -p tsconfig.build.json
@fdp/aws-clients:build: 
@fdp/domain:build: 
@fdp/domain:build: > @fdp/domain@0.0.0 build /Users/anray/Documents/project/hiddenjoyacom/food-digester-platform/packages/domain
@fdp/domain:build: > tsc -p tsconfig.build.json
@fdp/domain:build: 
@fdp/database:build: cache hit, replaying logs 2840ebe3878a1961
@fdp/database:build: 
@fdp/database:build: > @fdp/database@0.0.0 build /Users/anray/Documents/project/hiddenjoyacom/food-digester-platform/packages/database
@fdp/database:build: > tsc -p tsconfig.build.json
@fdp/database:build: 
@fdp/media:build: cache hit, replaying logs b95304c3175ca7dc
@fdp/media:build: 
@fdp/media:build: > @fdp/media@0.0.0 build /Users/anray/Documents/project/hiddenjoyacom/food-digester-platform/packages/media
@fdp/media:build: > tsc -p tsconfig.build.json
@fdp/media:build: 
@fdp/infra:build: cache hit, replaying logs 5611dae83fecadde
@fdp/auth:build: cache hit, replaying logs 4fe85eeff36f671b
@fdp/auth:build: 
@fdp/auth:build: > @fdp/auth@0.0.0 build /Users/anray/Documents/project/hiddenjoyacom/food-digester-platform/packages/auth
@fdp/auth:build: > tsc -p tsconfig.build.json
@fdp/auth:build: 
@fdp/infra:build: 
@fdp/infra:build: > @fdp/infra@0.0.0 build /Users/anray/Documents/project/hiddenjoyacom/food-digester-platform/infra
@fdp/infra:build: > tsc -p tsconfig.build.json
@fdp/infra:build: 
@fdp/cloud-api:build: cache miss, executing 21db7071363708bb
@fdp/archive-worker:build: cache hit, replaying logs 51110cc353c5d1e5
@fdp/summary-worker:build: cache hit, replaying logs 51a49f3fff051e54
@fdp/archive-worker:build: 
@fdp/archive-worker:build: > @fdp/archive-worker@0.0.0 build /Users/anray/Documents/project/hiddenjoyacom/food-digester-platform/apps/archive-worker
@fdp/archive-worker:build: > tsc -p tsconfig.build.json
@fdp/archive-worker:build: 
@fdp/summary-worker:build: 
@fdp/summary-worker:build: > @fdp/summary-worker@0.0.0 build /Users/anray/Documents/project/hiddenjoyacom/food-digester-platform/apps/summary-worker
@fdp/summary-worker:build: > tsc -p tsconfig.build.json
@fdp/summary-worker:build: 
@fdp/ingestion-worker:build: cache hit, replaying logs c039585c3d4cea94
@fdp/ingestion-worker:build: 
@fdp/ingestion-worker:build: > @fdp/ingestion-worker@0.0.0 build /Users/anray/Documents/project/hiddenjoyacom/food-digester-platform/apps/ingestion-worker
@fdp/ingestion-worker:build: > tsc -p tsconfig.build.json
@fdp/ingestion-worker:build: 
@fdp/admin-web:build: cache hit, replaying logs 534ca1591ebc3dbc
@fdp/admin-web:build: 
@fdp/admin-web:build: > @fdp/admin-web@0.0.0 build /Users/anray/Documents/project/hiddenjoyacom/food-digester-platform/apps/admin-web
@fdp/admin-web:build: > tsc -p tsconfig.build.json && vite build
@fdp/admin-web:build: 
@fdp/admin-web:build: vite v8.2.2 building client environment for production...
@fdp/admin-web:build: transforming...
@fdp/admin-web:build: ✓ 1609 modules transformed.
@fdp/admin-web:build: rendering chunks...
@fdp/admin-web:build: computing gzip size...
@fdp/admin-web:build: dist/web/index.html                     0.46 kB │ gzip:   0.32 kB
@fdp/admin-web:build: dist/web/assets/index-CecZB0A0.css     19.08 kB │ gzip:   5.07 kB
@fdp/admin-web:build: dist/web/assets/index-D1EpTElP.js   1,357.74 kB │ gzip: 417.92 kB
@fdp/admin-web:build: 
@fdp/admin-web:build: ✓ built in 238ms
@fdp/admin-web:build: [plugin builtin:vite-reporter] 
@fdp/admin-web:build: (!) Some chunks are larger than 500 kB after minification. Consider:
@fdp/admin-web:build: - Using dynamic import() to code-split the application
@fdp/admin-web:build: - Use build.rolldownOptions.output.codeSplitting to improve chunking: https://rolldown.rs/reference/OutputOptions.codeSplitting
@fdp/admin-web:build: - Adjust chunk size limit for this warning via build.chunkSizeWarningLimit.
@fdp/cloud-api:build: 
@fdp/cloud-api:build: > @fdp/cloud-api@0.0.0 build /Users/anray/Documents/project/hiddenjoyacom/food-digester-platform/apps/cloud-api
@fdp/cloud-api:build: > tsc -p tsconfig.build.json
@fdp/cloud-api:build: 

 Tasks:    14 successful, 14 total
Cached:    13 cached, 14 total
  Time:    1.606s 


> food-digester-platform@0.0.0 check:boundaries /Users/anray/Documents/project/hiddenjoyacom/food-digester-platform
> node scripts/check-boundaries.mjs

检查 13 个工作区包
模块边界与循环依赖检查通过

> food-digester-platform@0.0.0 check:schemas /Users/anray/Documents/project/hiddenjoyacom/food-digester-platform
> node scripts/check-schemas.mjs

OpenAPI / JSON Schema 校验通过

> food-digester-platform@0.0.0 check:migrations /Users/anray/Documents/project/hiddenjoyacom/food-digester-platform
> node scripts/check-migrations.mjs

Migration 结构与 Prisma Schema 漂移检查通过

> food-digester-platform@0.0.0 check:evidence /Users/anray/Documents/project/hiddenjoyacom/food-digester-platform
> node scripts/check-eng-db-dom-evidence.mjs

ENG/DB/DOM/IAC/AUTH/SEC/BE-IOT/BE-ARC/RPL/ESG/管理后台业务与前端 证据与开发文档检查通过

> food-digester-platform@0.0.0 check:secrets /Users/anray/Documents/project/hiddenjoyacom/food-digester-platform
> node scripts/check-secrets.mjs

敏感信息扫描通过

> food-digester-platform@0.0.0 check:sensitive-sinks /Users/anray/Documents/project/hiddenjoyacom/food-digester-platform
> node scripts/check-sensitive-sinks.mjs

生产日志与 Trace sink 脱敏门禁通过

> food-digester-platform@0.0.0 check:admin-web-delivery /Users/anray/Documents/project/hiddenjoyacom/food-digester-platform
> node scripts/check-admin-web-delivery.mjs

管理后台交付检查通过：入口、组合根、路由页面、OpenAPI operationId、CSS 与浏览器构建产物均已就绪

> food-digester-platform@0.0.0 check:admin-web-e2e /Users/anray/Documents/project/hiddenjoyacom/food-digester-platform
> pnpm --filter @fdp/admin-web test:e2e


> @fdp/admin-web@0.0.0 test:e2e /Users/anray/Documents/project/hiddenjoyacom/food-digester-platform/apps/admin-web
> playwright test

[WebServer] (node:74278) Warning: The 'NO_COLOR' env is ignored due to the 'FORCE_COLOR' env being set.
[WebServer] (Use `node --trace-warnings ...` to show where the warning was created)

[WebServer] (node:74312) Warning: The 'NO_COLOR' env is ignored due to the 'FORCE_COLOR' env being set.
[WebServer] (Use `node --trace-warnings ...` to show where the warning was created)

[WebServer] [plugin builtin:vite-reporter] 
[WebServer] (!) Some chunks are larger than 500 kB after minification. Consider:
[WebServer] - Using dynamic import() to code-split the application
[WebServer] - Use build.rolldownOptions.output.codeSplitting to improve chunking: https://rolldown.rs/reference/OutputOptions.codeSplitting
[WebServer] - Adjust chunk size limit for this warning via build.chunkSizeWarningLimit.

[WebServer] (node:74313) Warning: The 'NO_COLOR' env is ignored due to the 'FORCE_COLOR' env being set.
[WebServer] (Use `node --trace-warnings ...` to show where the warning was created)

[WebServer] (node:74344) Warning: The 'NO_COLOR' env is ignored due to the 'FORCE_COLOR' env being set.
[WebServer] (Use `node --trace-warnings ...` to show where the warning was created)


Running 36 tests using 1 worker

(node:74352) Warning: The 'NO_COLOR' env is ignored due to the 'FORCE_COLOR' env being set.
(Use `node --trace-warnings ...` to show where the warning was created)


[1/36] e2e/admin-web.spec.ts:15:1 › H-01 API 拒绝停用会话后清除浏览器会话并返回登录
[2/36] e2e/admin-web.spec.ts:42:1 › M-01 CustomerViewer 从菜单查询设备用户详情，全部写入口隐藏
[3/36] e2e/admin-web.spec.ts:88:1 › 无 Token 安全回登录；五角色菜单和受限路由均由组合根守卫
[4/36] e2e/admin-web.spec.ts:116:1 › 刷新失败清会话，API 403 保留会话并呈现无权
[5/36] e2e/admin-web.spec.ts:138:1 › Customer scope 与 Dashboard 离线/无 entitlement 动作在真实浏览器失败关闭
[6/36] e2e/admin-web.spec.ts:175:1 › Onboarding 审批双击只提交一次，展示录入来源和证书状态
[7/36] e2e/admin-web.spec.ts:220:1 › Customer/Site CRUD 关键路径：创建、非法时区、关联停用提示与 409
[8/36] e2e/admin-web.spec.ts:343:1 › 1440/768/375 响应式布局、横向表格和对话框键盘边界
[9/36] e2e/admin-web.spec.ts:429:1 › FE-06 至 FE-10 六个生产路由可运行，并覆盖成功、空态、分页入口、时区与响应式
[10/36] e2e/admin-web.spec.ts:471:1 › FE-06 至 FE-10 在 403/404、Customer scope、详情焦点与重复提交场景失败关闭
[11/36] e2e/admin-web.spec.ts:547:1 › FE-11 至 FE-15 七个生产路由由真实控制器驱动，并覆盖媒体签发与审计详情
[12/36] e2e/admin-web.spec.ts:611:1 › FE-11 至 FE-15 API 403 与路由角色边界在真实浏览器失败关闭
[13/36] e2e/admin-web.spec.ts:628:1 › FE-17 新建权限与零设备第二阶段在真实浏览器失败关闭
[14/36] e2e/admin-web.spec.ts:699:1 › FE-18 Chromium 覆盖 unknown/stale、联系人按需零预载与申请状态机
[15/36] e2e/admin-web.spec.ts:803:1 › FE-16 Chromium 覆盖邀请、角色、Scope、重置与设置 409 回源
[16/36] e2e/admin-web.spec.ts:927:1 › FE-17 Chromium 覆盖绑定、解绑、续约与终止并保留 License 边界
[17/36] e2e/admin-web.spec.ts:1102:5 › FE-19 Chromium 22 个生产路由：zh-CN / 375px
[18/36] e2e/admin-web.spec.ts:1102:5 › FE-19 Chromium 22 个生产路由：zh-CN / 768px
[19/36] e2e/admin-web.spec.ts:1102:5 › FE-19 Chromium 22 个生产路由：zh-CN / 1440px
[20/36] e2e/admin-web.spec.ts:1102:5 › FE-19 Chromium 22 个生产路由：en / 375px
[21/36] e2e/admin-web.spec.ts:1102:5 › FE-19 Chromium 22 个生产路由：en / 768px
[22/36] e2e/admin-web.spec.ts:1102:5 › FE-19 Chromium 22 个生产路由：en / 1440px
[23/36] e2e/admin-web.spec.ts:1123:1 › FE-19 语言选择在刷新后保持
[24/36] e2e/admin-web.spec.ts:1135:1 › QA-09 设备管理长别名和序列号在375px完整换行且不裁切
[25/36] e2e/qa05-workflows.spec.ts:33:3 › QA05 role route and button matrix PlatformSuperAdmin
[26/36] e2e/qa05-workflows.spec.ts:33:3 › QA05 role route and button matrix PlatformOperator
[27/36] e2e/qa05-workflows.spec.ts:33:3 › QA05 role route and button matrix Auditor
[28/36] e2e/qa05-workflows.spec.ts:33:3 › QA05 role route and button matrix CustomerAdmin
[29/36] e2e/qa05-workflows.spec.ts:33:3 › QA05 role route and button matrix CustomerViewer
[30/36] e2e/qa05-workflows.spec.ts:80:1 › QA05 login SRP MFA error success logout without persisting password
[31/36] e2e/qa05-workflows.spec.ts:146:1 › QA05 ESG cursor totals export snapshot timezone and empty state
[32/36] e2e/qa05-workflows.spec.ts:216:1 › QA05 Command dangerous confirmation terminal result and publish failure
[33/36] e2e/qa05-workflows.spec.ts:271:1 › QA05 Media expiry renew 403 and audit read-only zero writes
[34/36] e2e/ui-redesign.spec.ts:12:3 › UI redesign: all business routes at 1366x768
[35/36] e2e/ui-redesign.spec.ts:12:3 › UI redesign: all business routes at 1440x900
[36/36] e2e/ui-redesign.spec.ts:12:3 › UI redesign: all business routes at 1920x1080
  36 passed (1.4m)

> food-digester-platform@0.0.0 check:cmd-ota-delivery /Users/anray/Documents/project/hiddenjoyacom/food-digester-platform
> pnpm check:runtime && pnpm check:cdk


> food-digester-platform@0.0.0 check:runtime /Users/anray/Documents/project/hiddenjoyacom/food-digester-platform
> node --import tsx scripts/check-delivered-runtime.mjs

已交付 REST 生产路由与 OpenAPI 双向一致（129 operations）

> food-digester-platform@0.0.0 check:cdk /Users/anray/Documents/project/hiddenjoyacom/food-digester-platform
> node scripts/check-cdk-synth.mjs

CDK synth 无 warning；已交付 Lambda asset 与 CMD/OTA 生产接线 Gate 通过

> food-digester-platform@0.0.0 test:device-contracts /Users/anray/Documents/project/hiddenjoyacom/food-digester-platform
> node --import tsx scripts/run-contract-suite.mjs /tmp/fdp-device-contracts-gate.json

✔ QA-02 MQTT heartbeat: all valid/invalid fixtures, missing meta and type mutation (4.34ms)
✔ QA-02 MQTT telemetry: all valid/invalid fixtures, missing meta and type mutation (1.687959ms)
✔ QA-02 MQTT report: all valid/invalid fixtures, missing meta and type mutation (1.699667ms)
✔ QA-02 MQTT alarm: all valid/invalid fixtures, missing meta and type mutation (1.179917ms)
✔ QA-02 MQTT event: all valid/invalid fixtures, missing meta and type mutation (0.712292ms)
✔ QA-02 MQTT ack: all valid/invalid fixtures, missing meta and type mutation (1.047333ms)
✔ QA-02 MQTT tamper: all valid/invalid fixtures, missing meta and type mutation (1.560958ms)
✔ QA-02 MQTT media: all valid/invalid fixtures, missing meta and type mutation (1.042625ms)
✔ QA-02 MQTT cmd: all valid/invalid fixtures, missing meta and type mutation (1.173542ms)
✔ QA-02 MQTT ota: all valid/invalid fixtures, missing meta and type mutation (1.140667ms)
✔ QA-02 MQTT notification: all valid/invalid fixtures, missing meta and type mutation (0.999375ms)
✔ MQTT semantic hash, discriminator and UTC calendar errors fail closed (0.372875ms)
✔ full REST response: field deletion/type mutation/envelope/date/errors/status/headers are enforced (2.312958ms)
✔ REST request validation: required body/path/query/header, optional Sync, bodyless Deactivate, no type coercion in JSON (2.943292ms)
✔ all device operations and declared response JSON Schemas compile; stable error catalog has no duplicates (16.934583ms)
✔ predecessor MQTT is compatible; known REST break requires exact version and frozen DEC approvals (16.684042ms)
✔ breaking contract mutations fail: removing fields/operations/status, changing type/required/security (34.066125ms)
✔ receipt coverage gate fails closed for missing operations/statuses, no valid request and forged records (0.2645ms)
✔ archived CSR upgrade mapping still verifies original baselines without rewriting history (2.187583ms)
ℹ tests 19
ℹ suites 0
ℹ pass 19
ℹ fail 0
ℹ cancelled 0
ℹ skipped 0
ℹ todo 0
ℹ duration_ms 214.320125

 RUN  v4.1.11 /Users/anray/Documents/project/hiddenjoyacom/food-digester-platform


 Test Files  10 passed (10)
      Tests  98 passed (98)
   Start at  21:26:57
   Duration  3.73s (transform 3.85s, setup 78ms, import 7.82s, tests 14.72s, environment 0ms)

QA-02 PASS: 11 MQTT schemas, 8 device operations, 168 checked Handler responses

> food-digester-platform@0.0.0 test:iot-integration /Users/anray/Documents/project/hiddenjoyacom/food-digester-platform
> node --import tsx scripts/run-iot-integration.mjs /tmp/fdp-iot-integration-gate.json


 RUN  v4.1.11 /Users/anray/Documents/project/hiddenjoyacom/food-digester-platform


 Test Files  1 passed (1)
      Tests  5 passed (5)
   Start at  21:27:02
   Duration  4.51s (transform 203ms, setup 8ms, import 346ms, tests 4.10s, environment 0ms)


> food-digester-platform@0.0.0 test:core-api-integration /Users/anray/Documents/project/hiddenjoyacom/food-digester-platform
> node --import tsx scripts/run-core-api-integration.mjs /tmp/fdp-core-api-integration-gate.json


 RUN  v4.1.11 /Users/anray/Documents/project/hiddenjoyacom/food-digester-platform

 ✓ apps/cloud-api/test/admin-onboarding.test.ts (13 tests) 1960ms
 ✓ apps/cloud-api/test/admin-license.test.ts (11 tests) 2011ms
 ✓ apps/cloud-api/test/admin-contract-device.test.ts (8 tests) 2067ms
 ✓ apps/cloud-api/test/admin-audit.test.ts (7 tests) 2835ms
 ✓ apps/cloud-api/test/admin-device-status.test.ts (8 tests) 2878ms
 ✓ apps/cloud-api/test/admin-device-assignment.test.ts (9 tests) 2911ms
 ✓ apps/cloud-api/test/admin-contract.test.ts (9 tests) 2918ms
 ✓ apps/cloud-api/test/admin-device-retirement.test.ts (7 tests) 2932ms
 ✓ apps/cloud-api/test/admin-alarm.test.ts (10 tests) 2946ms
     ✓ 确认记录操作者/原因/时间 + 审计；重复确认幂等（无新写入/审计/领域事件）  308ms
 ✓ apps/cloud-api/test/admin-consumable-request.test.ts (8 tests) 2950ms
 ✓ apps/cloud-api/test/device-sync.test.ts (13 tests) 3102ms
     ✓ 六域齐备：Assignment/Alias/License+签名/Device Users+验证材料/Configuration/Operational Status  414ms
 ✓ apps/cloud-api/test/admin-command.test.ts (15 tests) 3145ms
     ✓ ACTIVE 设备：22 个命令全部创建成功并进入 AUTHORIZED  375ms
 ✓ apps/cloud-api/test/admin-esg.test.ts (10 tests) 982ms
 ✓ apps/cloud-api/test/qa04-core-api.test.ts (3 tests) 4215ms
   ✓ QA04 five roles, two tenants: read scope, mutation and audit boundaries  2948ms
   ✓ QA04 concurrent If-Match writes have one winner and one success audit  681ms
   ✓ QA04 audit failure rolls back lifecycle/outbox; retry and replay preserve exactly one audit  585ms

 Test Files  14 passed (14)
      Tests  131 passed (131)
   Start at  21:27:06
   Duration  5.23s (transform 6.16s, setup 202ms, import 13.09s, tests 37.85s, environment 1ms)

JSON report written to /var/folders/k8/_4hymb6j59s0c8xntb11ktmc0000gn/T/qa04-core-api-ESVMA7/vitest.json
stderr | apps/cloud-api/test/qa04-core-api.test.ts > QA04 audit failure rolls back lifecycle/outbox; retry and replay preserve exactly one audit
audit FAILURE 记录写入失败 Error [PrismaClientKnownRequestError]: 
Invalid `client.auditLog.create()` invocation in
/Users/anray/Documents/project/hiddenjoyacom/food-digester-platform/packages/database/src/audit.ts:72:25

  69 /** 写一条审计记录。可在事务内（tx）或根 client 上调用。 */
  70 export async function recordAudit(client: DbClient, entry: AuditEntry): Promise<void> {
  71   const ctx = getRequestContext();
→ 72   await client.auditLog.create(
Database error. Code: `P0001`. Message: `QA04 audit unavailable`
    at redactSensitive (/Users/anray/Documents/project/hiddenjoyacom/food-digester-platform/packages/observability/src/redaction.ts:43:19)
    at Array.map (<anonymous>)
    at Object.error (/Users/anray/Documents/project/hiddenjoyacom/food-digester-platform/packages/observability/src/redaction.ts:70:18)
    at audited (/Users/anray/Documents/project/hiddenjoyacom/food-digester-platform/packages/database/src/audit.ts:144:14)
    at processTicksAndRejections (node:internal/process/task_queues:103:5)
    at /Users/anray/Documents/project/hiddenjoyacom/food-digester-platform/apps/cloud-api/src/admin/device-status/handler.ts:79:20
    at /Users/anray/Documents/project/hiddenjoyacom/food-digester-platform/apps/cloud-api/src/admin/device-status/handler.ts:104:16
    at Object.suspend (/Users/anray/Documents/project/hiddenjoyacom/food-digester-platform/apps/cloud-api/test/qa04-observe.ts:18:28)
    at /Users/anray/Documents/project/hiddenjoyacom/food-digester-platform/apps/cloud-api/test/qa04-core-api.test.ts:193:20
    at withFixture (/Users/anray/Documents/project/hiddenjoyacom/food-digester-platform/apps/cloud-api/test/qa04-core-api.test.ts:50:13)


> food-digester-platform@0.0.0 test:admin-e2e-suite /Users/anray/Documents/project/hiddenjoyacom/food-digester-platform
> node scripts/run-admin-e2e.mjs /tmp/fdp-admin-e2e-gate.json

QA05 phase=serial executions=36 workers=1 timeoutMs=660000






Running 36 tests using 1 worker



[1/36] e2e/admin-web.spec.ts:15:1 › H-01 API 拒绝停用会话后清除浏览器会话并返回登录
[2/36] e2e/admin-web.spec.ts:42:1 › M-01 CustomerViewer 从菜单查询设备用户详情，全部写入口隐藏
[3/36] e2e/admin-web.spec.ts:88:1 › 无 Token 安全回登录；五角色菜单和受限路由均由组合根守卫
[4/36] e2e/admin-web.spec.ts:116:1 › 刷新失败清会话，API 403 保留会话并呈现无权
[5/36] e2e/admin-web.spec.ts:138:1 › Customer scope 与 Dashboard 离线/无 entitlement 动作在真实浏览器失败关闭
[6/36] e2e/admin-web.spec.ts:175:1 › Onboarding 审批双击只提交一次，展示录入来源和证书状态
[7/36] e2e/admin-web.spec.ts:220:1 › Customer/Site CRUD 关键路径：创建、非法时区、关联停用提示与 409
[8/36] e2e/admin-web.spec.ts:343:1 › 1440/768/375 响应式布局、横向表格和对话框键盘边界
[9/36] e2e/admin-web.spec.ts:429:1 › FE-06 至 FE-10 六个生产路由可运行，并覆盖成功、空态、分页入口、时区与响应式
[10/36] e2e/admin-web.spec.ts:471:1 › FE-06 至 FE-10 在 403/404、Customer scope、详情焦点与重复提交场景失败关闭
[11/36] e2e/admin-web.spec.ts:547:1 › FE-11 至 FE-15 七个生产路由由真实控制器驱动，并覆盖媒体签发与审计详情
[12/36] e2e/admin-web.spec.ts:611:1 › FE-11 至 FE-15 API 403 与路由角色边界在真实浏览器失败关闭
[13/36] e2e/admin-web.spec.ts:628:1 › FE-17 新建权限与零设备第二阶段在真实浏览器失败关闭
[14/36] e2e/admin-web.spec.ts:699:1 › FE-18 Chromium 覆盖 unknown/stale、联系人按需零预载与申请状态机
[15/36] e2e/admin-web.spec.ts:803:1 › FE-16 Chromium 覆盖邀请、角色、Scope、重置与设置 409 回源
[16/36] e2e/admin-web.spec.ts:927:1 › FE-17 Chromium 覆盖绑定、解绑、续约与终止并保留 License 边界
[17/36] e2e/admin-web.spec.ts:1102:5 › FE-19 Chromium 22 个生产路由：zh-CN / 375px
[18/36] e2e/admin-web.spec.ts:1102:5 › FE-19 Chromium 22 个生产路由：zh-CN / 768px
[19/36] e2e/admin-web.spec.ts:1102:5 › FE-19 Chromium 22 个生产路由：zh-CN / 1440px
[20/36] e2e/admin-web.spec.ts:1102:5 › FE-19 Chromium 22 个生产路由：en / 375px
[21/36] e2e/admin-web.spec.ts:1102:5 › FE-19 Chromium 22 个生产路由：en / 768px
[22/36] e2e/admin-web.spec.ts:1102:5 › FE-19 Chromium 22 个生产路由：en / 1440px
[23/36] e2e/admin-web.spec.ts:1123:1 › FE-19 语言选择在刷新后保持
[24/36] e2e/admin-web.spec.ts:1135:1 › QA-09 设备管理长别名和序列号在375px完整换行且不裁切
[25/36] e2e/qa05-workflows.spec.ts:33:3 › QA05 role route and button matrix PlatformSuperAdmin
[26/36] e2e/qa05-workflows.spec.ts:33:3 › QA05 role route and button matrix PlatformOperator
[27/36] e2e/qa05-workflows.spec.ts:33:3 › QA05 role route and button matrix Auditor
[28/36] e2e/qa05-workflows.spec.ts:33:3 › QA05 role route and button matrix CustomerAdmin
[29/36] e2e/qa05-workflows.spec.ts:33:3 › QA05 role route and button matrix CustomerViewer
[30/36] e2e/qa05-workflows.spec.ts:80:1 › QA05 login SRP MFA error success logout without persisting password
[31/36] e2e/qa05-workflows.spec.ts:146:1 › QA05 ESG cursor totals export snapshot timezone and empty state
[32/36] e2e/qa05-workflows.spec.ts:216:1 › QA05 Command dangerous confirmation terminal result and publish failure
[33/36] e2e/qa05-workflows.spec.ts:271:1 › QA05 Media expiry renew 403 and audit read-only zero writes
[34/36] e2e/ui-redesign.spec.ts:12:3 › UI redesign: all business routes at 1366x768
[35/36] e2e/ui-redesign.spec.ts:12:3 › UI redesign: all business routes at 1440x900
[36/36] e2e/ui-redesign.spec.ts:12:3 › UI redesign: all business routes at 1920x1080
  36 passed (1.4m)
[WebServer] (node:75568) Warning: The 'NO_COLOR' env is ignored due to the 'FORCE_COLOR' env being set.
[WebServer] (Use `node --trace-warnings ...` to show where the warning was created)
[WebServer] (node:75606) Warning: The 'NO_COLOR' env is ignored due to the 'FORCE_COLOR' env being set.
[WebServer] (Use `node --trace-warnings ...` to show where the warning was created)
[WebServer] [plugin builtin:vite-reporter] 
[WebServer] (!) Some chunks are larger than 500 kB after minification. Consider:
[WebServer] - Using dynamic import() to code-split the application
[WebServer] - Use build.rolldownOptions.output.codeSplitting to improve chunking: https://rolldown.rs/reference/OutputOptions.codeSplitting
[WebServer] - Adjust chunk size limit for this warning via build.chunkSizeWarningLimit.
[WebServer] (node:75607) Warning: The 'NO_COLOR' env is ignored due to the 'FORCE_COLOR' env being set.
[WebServer] (Use `node --trace-warnings ...` to show where the warning was created)
[WebServer] (node:75630) Warning: The 'NO_COLOR' env is ignored due to the 'FORCE_COLOR' env being set.
[WebServer] (Use `node --trace-warnings ...` to show where the warning was created)
(node:75643) Warning: The 'NO_COLOR' env is ignored due to the 'FORCE_COLOR' env being set.
(Use `node --trace-warnings ...` to show where the warning was created)
QA05 phase=serial durationMs=84585
QA05 phase=parallel-repeat executions=72 workers=2 timeoutMs=660000






Running 72 tests using 2 workers





[1/72] e2e/admin-web.spec.ts:15:1 › H-01 API 拒绝停用会话后清除浏览器会话并返回登录
[2/72] e2e/admin-web.spec.ts:42:1 › M-01 CustomerViewer 从菜单查询设备用户详情，全部写入口隐藏
[3/72] e2e/admin-web.spec.ts:88:1 › 无 Token 安全回登录；五角色菜单和受限路由均由组合根守卫
[4/72] e2e/admin-web.spec.ts:116:1 › 刷新失败清会话，API 403 保留会话并呈现无权
[5/72] e2e/admin-web.spec.ts:138:1 › Customer scope 与 Dashboard 离线/无 entitlement 动作在真实浏览器失败关闭
[6/72] e2e/admin-web.spec.ts:175:1 › Onboarding 审批双击只提交一次，展示录入来源和证书状态
[7/72] e2e/admin-web.spec.ts:220:1 › Customer/Site CRUD 关键路径：创建、非法时区、关联停用提示与 409
[8/72] e2e/admin-web.spec.ts:343:1 › 1440/768/375 响应式布局、横向表格和对话框键盘边界
[9/72] e2e/admin-web.spec.ts:429:1 › FE-06 至 FE-10 六个生产路由可运行，并覆盖成功、空态、分页入口、时区与响应式
[10/72] e2e/admin-web.spec.ts:471:1 › FE-06 至 FE-10 在 403/404、Customer scope、详情焦点与重复提交场景失败关闭
[11/72] e2e/admin-web.spec.ts:547:1 › FE-11 至 FE-15 七个生产路由由真实控制器驱动，并覆盖媒体签发与审计详情
[12/72] e2e/admin-web.spec.ts:611:1 › FE-11 至 FE-15 API 403 与路由角色边界在真实浏览器失败关闭
[13/72] e2e/admin-web.spec.ts:628:1 › FE-17 新建权限与零设备第二阶段在真实浏览器失败关闭
[14/72] e2e/admin-web.spec.ts:699:1 › FE-18 Chromium 覆盖 unknown/stale、联系人按需零预载与申请状态机
[15/72] e2e/admin-web.spec.ts:803:1 › FE-16 Chromium 覆盖邀请、角色、Scope、重置与设置 409 回源
[16/72] e2e/admin-web.spec.ts:927:1 › FE-17 Chromium 覆盖绑定、解绑、续约与终止并保留 License 边界
[17/72] e2e/admin-web.spec.ts:1102:5 › FE-19 Chromium 22 个生产路由：zh-CN / 375px
[18/72] e2e/admin-web.spec.ts:1102:5 › FE-19 Chromium 22 个生产路由：zh-CN / 768px
[19/72] e2e/admin-web.spec.ts:1102:5 › FE-19 Chromium 22 个生产路由：zh-CN / 1440px
[20/72] e2e/admin-web.spec.ts:1102:5 › FE-19 Chromium 22 个生产路由：en / 375px
[21/72] e2e/admin-web.spec.ts:1102:5 › FE-19 Chromium 22 个生产路由：en / 768px
[22/72] e2e/admin-web.spec.ts:1102:5 › FE-19 Chromium 22 个生产路由：en / 1440px
[23/72] e2e/admin-web.spec.ts:1123:1 › FE-19 语言选择在刷新后保持
[24/72] e2e/admin-web.spec.ts:1135:1 › QA-09 设备管理长别名和序列号在375px完整换行且不裁切
[25/72] e2e/qa05-workflows.spec.ts:33:3 › QA05 role route and button matrix PlatformSuperAdmin
[26/72] e2e/qa05-workflows.spec.ts:33:3 › QA05 role route and button matrix PlatformOperator
[27/72] e2e/qa05-workflows.spec.ts:33:3 › QA05 role route and button matrix Auditor
[28/72] e2e/qa05-workflows.spec.ts:33:3 › QA05 role route and button matrix CustomerAdmin
[29/72] e2e/qa05-workflows.spec.ts:33:3 › QA05 role route and button matrix CustomerViewer
[30/72] e2e/qa05-workflows.spec.ts:80:1 › QA05 login SRP MFA error success logout without persisting password
[31/72] e2e/qa05-workflows.spec.ts:146:1 › QA05 ESG cursor totals export snapshot timezone and empty state
[32/72] e2e/qa05-workflows.spec.ts:216:1 › QA05 Command dangerous confirmation terminal result and publish failure
[33/72] e2e/qa05-workflows.spec.ts:271:1 › QA05 Media expiry renew 403 and audit read-only zero writes
[34/72] e2e/ui-redesign.spec.ts:12:3 › UI redesign: all business routes at 1366x768
[35/72] e2e/ui-redesign.spec.ts:12:3 › UI redesign: all business routes at 1440x900
[36/72] e2e/ui-redesign.spec.ts:12:3 › UI redesign: all business routes at 1920x1080


[37/72] e2e/admin-web.spec.ts:15:1 › H-01 API 拒绝停用会话后清除浏览器会话并返回登录
[38/72] e2e/admin-web.spec.ts:42:1 › M-01 CustomerViewer 从菜单查询设备用户详情，全部写入口隐藏
[39/72] e2e/admin-web.spec.ts:88:1 › 无 Token 安全回登录；五角色菜单和受限路由均由组合根守卫
[40/72] e2e/admin-web.spec.ts:116:1 › 刷新失败清会话，API 403 保留会话并呈现无权
[41/72] e2e/admin-web.spec.ts:138:1 › Customer scope 与 Dashboard 离线/无 entitlement 动作在真实浏览器失败关闭
[42/72] e2e/admin-web.spec.ts:175:1 › Onboarding 审批双击只提交一次，展示录入来源和证书状态
[43/72] e2e/admin-web.spec.ts:220:1 › Customer/Site CRUD 关键路径：创建、非法时区、关联停用提示与 409
[44/72] e2e/admin-web.spec.ts:343:1 › 1440/768/375 响应式布局、横向表格和对话框键盘边界
[45/72] e2e/admin-web.spec.ts:429:1 › FE-06 至 FE-10 六个生产路由可运行，并覆盖成功、空态、分页入口、时区与响应式
[46/72] e2e/admin-web.spec.ts:471:1 › FE-06 至 FE-10 在 403/404、Customer scope、详情焦点与重复提交场景失败关闭
[47/72] e2e/admin-web.spec.ts:547:1 › FE-11 至 FE-15 七个生产路由由真实控制器驱动，并覆盖媒体签发与审计详情
[48/72] e2e/admin-web.spec.ts:611:1 › FE-11 至 FE-15 API 403 与路由角色边界在真实浏览器失败关闭
[49/72] e2e/admin-web.spec.ts:628:1 › FE-17 新建权限与零设备第二阶段在真实浏览器失败关闭
[50/72] e2e/admin-web.spec.ts:699:1 › FE-18 Chromium 覆盖 unknown/stale、联系人按需零预载与申请状态机
[51/72] e2e/admin-web.spec.ts:803:1 › FE-16 Chromium 覆盖邀请、角色、Scope、重置与设置 409 回源
[52/72] e2e/admin-web.spec.ts:927:1 › FE-17 Chromium 覆盖绑定、解绑、续约与终止并保留 License 边界
[53/72] e2e/admin-web.spec.ts:1102:5 › FE-19 Chromium 22 个生产路由：zh-CN / 375px
[54/72] e2e/admin-web.spec.ts:1102:5 › FE-19 Chromium 22 个生产路由：zh-CN / 768px


[55/72] e2e/admin-web.spec.ts:1102:5 › FE-19 Chromium 22 个生产路由：zh-CN / 1440px
[56/72] e2e/admin-web.spec.ts:1102:5 › FE-19 Chromium 22 个生产路由：en / 375px
[57/72] e2e/admin-web.spec.ts:1102:5 › FE-19 Chromium 22 个生产路由：en / 768px
[58/72] e2e/admin-web.spec.ts:1102:5 › FE-19 Chromium 22 个生产路由：en / 1440px
[59/72] e2e/admin-web.spec.ts:1123:1 › FE-19 语言选择在刷新后保持
[60/72] e2e/admin-web.spec.ts:1135:1 › QA-09 设备管理长别名和序列号在375px完整换行且不裁切
[61/72] e2e/qa05-workflows.spec.ts:33:3 › QA05 role route and button matrix PlatformSuperAdmin
[62/72] e2e/qa05-workflows.spec.ts:33:3 › QA05 role route and button matrix PlatformOperator
[63/72] e2e/qa05-workflows.spec.ts:33:3 › QA05 role route and button matrix Auditor
[64/72] e2e/qa05-workflows.spec.ts:33:3 › QA05 role route and button matrix CustomerAdmin
[65/72] e2e/qa05-workflows.spec.ts:33:3 › QA05 role route and button matrix CustomerViewer
[66/72] e2e/qa05-workflows.spec.ts:80:1 › QA05 login SRP MFA error success logout without persisting password
[67/72] e2e/qa05-workflows.spec.ts:146:1 › QA05 ESG cursor totals export snapshot timezone and empty state
[68/72] e2e/qa05-workflows.spec.ts:216:1 › QA05 Command dangerous confirmation terminal result and publish failure
[69/72] e2e/qa05-workflows.spec.ts:271:1 › QA05 Media expiry renew 403 and audit read-only zero writes
[70/72] e2e/ui-redesign.spec.ts:12:3 › UI redesign: all business routes at 1366x768
[71/72] e2e/ui-redesign.spec.ts:12:3 › UI redesign: all business routes at 1440x900
[72/72] e2e/ui-redesign.spec.ts:12:3 › UI redesign: all business routes at 1920x1080
  72 passed (1.5m)
[WebServer] (node:75733) Warning: The 'NO_COLOR' env is ignored due to the 'FORCE_COLOR' env being set.
[WebServer] (Use `node --trace-warnings ...` to show where the warning was created)
[WebServer] (node:75770) Warning: The 'NO_COLOR' env is ignored due to the 'FORCE_COLOR' env being set.
[WebServer] (Use `node --trace-warnings ...` to show where the warning was created)
[WebServer] [plugin builtin:vite-reporter] 
[WebServer] (!) Some chunks are larger than 500 kB after minification. Consider:
[WebServer] - Using dynamic import() to code-split the application
[WebServer] - Use build.rolldownOptions.output.codeSplitting to improve chunking: https://rolldown.rs/reference/OutputOptions.codeSplitting
[WebServer] - Adjust chunk size limit for this warning via build.chunkSizeWarningLimit.
[WebServer] (node:75781) Warning: The 'NO_COLOR' env is ignored due to the 'FORCE_COLOR' env being set.
[WebServer] (Use `node --trace-warnings ...` to show where the warning was created)
[WebServer] (node:75804) Warning: The 'NO_COLOR' env is ignored due to the 'FORCE_COLOR' env being set.
[WebServer] (Use `node --trace-warnings ...` to show where the warning was created)
(node:75807) Warning: The 'NO_COLOR' env is ignored due to the 'FORCE_COLOR' env being set.
(Use `node --trace-warnings ...` to show where the warning was created)
(node:75808) Warning: The 'NO_COLOR' env is ignored due to the 'FORCE_COLOR' env being set.
(Use `node --trace-warnings ...` to show where the warning was created)
(node:75988) Warning: The 'NO_COLOR' env is ignored due to the 'FORCE_COLOR' env being set.
(Use `node --trace-warnings ...` to show where the warning was created)
(node:76028) Warning: The 'NO_COLOR' env is ignored due to the 'FORCE_COLOR' env being set.
(Use `node --trace-warnings ...` to show where the warning was created)
QA05 phase=parallel-repeat durationMs=91260

> food-digester-platform@0.0.0 test:security-suite /Users/anray/Documents/project/hiddenjoyacom/food-digester-platform
> node --import tsx scripts/run-security-suite.mjs /tmp/fdp-security-gate.json


 RUN  v4.1.11 /Users/anray/Documents/project/hiddenjoyacom/food-digester-platform

 ✓ packages/database/test/db03.test.ts (10 tests) 1146ms
 ✓ packages/auth/test/secure-package.test.ts (14 tests) 1370ms
 ✓ packages/auth/test/device-mtls.test.ts (11 tests) 1366ms
 ✓ packages/auth/test/qa06-jwt-security.test.ts (1 test) 120ms
 ✓ packages/auth/test/cognito.test.ts (14 tests) 124ms
 ✓ apps/cloud-api/test/admin-lambda-composition.test.ts (12 tests) 683ms
 ✓ apps/cloud-api/test/device-lambda-composition.test.ts (13 tests) 39ms
 ✓ packages/aws-clients/test/iot-device-policy.test.ts (12 tests) 8ms
 ✓ packages/auth/test/guard.test.ts (10 tests) 3ms
 ✓ packages/observability/test/redaction.test.ts (8 tests) 3ms
 ✓ apps/cloud-api/test/admin-audit.test.ts (7 tests) 1816ms
 ✓ apps/cloud-api/test/ota-dispatch.test.ts (16 tests) 2029ms
 ✓ apps/cloud-api/test/admin-command.test.ts (15 tests) 2070ms
 ✓ apps/cloud-api/test/admin-settings.test.ts (10 tests) 2270ms
 ✓ apps/cloud-api/test/media.test.ts (12 tests) 2382ms
 ✓ apps/cloud-api/test/csr-onboarding.test.ts (1 test) 2429ms
 ✓ apps/cloud-api/test/admin-user.test.ts (31 tests) 2790ms
 ✓ apps/cloud-api/test/admin-device-user.test.ts (8 tests) 2875ms
 ✓ apps/cloud-api/test/certificate-rotate.test.ts (8 tests) 3285ms
 ✓ apps/cloud-api/test/qa06-security.test.ts (4 tests) 3583ms
   ✓ QA06 signed tenant scope and SQL JSON injection cannot cross boundaries or corrupt business state  2264ms
   ✓ QA06 malicious media filenames and metadata reject before signing or persistence  589ms
   ✓ QA06 raw canaries are absent from actual logger trace audit and snapshot artifacts  588ms

 Test Files  20 passed (20)
      Tests  217 passed (217)
   Start at  21:30:08
   Duration  4.90s (transform 7.04s, setup 171ms, import 14.33s, tests 30.39s, environment 1ms)

JSON report written to /var/folders/k8/_4hymb6j59s0c8xntb11ktmc0000gn/T/qa06-security-8Y9IGO/vitest.json

> food-digester-platform@0.0.0 test:reliability-suite /Users/anray/Documents/project/hiddenjoyacom/food-digester-platform
> node --import tsx scripts/run-reliability-suite.mjs /tmp/fdp-reliability-gate.json

JSON report written to /var/folders/k8/_4hymb6j59s0c8xntb11ktmc0000gn/T/qa07-reliability-kRiWvV/vitest.json

> food-digester-platform@0.0.0 test:prototype-regression /Users/anray/Documents/project/hiddenjoyacom/food-digester-platform
> node scripts/run-prototype-regression.mjs /tmp/fdp-prototype-regression-gate.json







Running 24 tests using 1 worker



[1/24] e2e/qa08-prototype.spec.ts:461:5 › QA08 dashboard 375
[2/24] e2e/qa08-prototype.spec.ts:461:5 › QA08 device-view 375
[3/24] e2e/qa08-prototype.spec.ts:461:5 › QA08 device-operate 375
[4/24] e2e/qa08-prototype.spec.ts:461:5 › QA08 device-group 375
[5/24] e2e/qa08-prototype.spec.ts:461:5 › QA08 device-manage 375
[6/24] e2e/qa08-prototype.spec.ts:461:5 › QA08 device-consumable 375
[7/24] e2e/qa08-prototype.spec.ts:461:5 › QA08 contract-modify 375
[8/24] e2e/qa08-prototype.spec.ts:461:5 › QA08 contract-new 375
[9/24] e2e/qa08-prototype.spec.ts:461:5 › QA08 contract-detail 375
[10/24] e2e/qa08-prototype.spec.ts:461:5 › QA08 esg-overview 375
[11/24] e2e/qa08-prototype.spec.ts:461:5 › QA08 esg-device 375
[12/24] e2e/qa08-prototype.spec.ts:461:5 › QA08 settings 375
[13/24] e2e/qa08-prototype.spec.ts:461:5 › QA08 dashboard 1440
[14/24] e2e/qa08-prototype.spec.ts:461:5 › QA08 device-view 1440
[15/24] e2e/qa08-prototype.spec.ts:461:5 › QA08 device-operate 1440
[16/24] e2e/qa08-prototype.spec.ts:461:5 › QA08 device-group 1440
[17/24] e2e/qa08-prototype.spec.ts:461:5 › QA08 device-manage 1440
[18/24] e2e/qa08-prototype.spec.ts:461:5 › QA08 device-consumable 1440
[19/24] e2e/qa08-prototype.spec.ts:461:5 › QA08 contract-modify 1440
[20/24] e2e/qa08-prototype.spec.ts:461:5 › QA08 contract-new 1440
[21/24] e2e/qa08-prototype.spec.ts:461:5 › QA08 contract-detail 1440
[22/24] e2e/qa08-prototype.spec.ts:461:5 › QA08 esg-overview 1440
[23/24] e2e/qa08-prototype.spec.ts:461:5 › QA08 esg-device 1440
[24/24] e2e/qa08-prototype.spec.ts:461:5 › QA08 settings 1440
  24 passed (1.9m)
[WebServer] (node:76387) Warning: The 'NO_COLOR' env is ignored due to the 'FORCE_COLOR' env being set.
[WebServer] (Use `node --trace-warnings ...` to show where the warning was created)
[WebServer] (node:76430) Warning: The 'NO_COLOR' env is ignored due to the 'FORCE_COLOR' env being set.
[WebServer] (Use `node --trace-warnings ...` to show where the warning was created)
[WebServer] [plugin builtin:vite-reporter] 
[WebServer] (!) Some chunks are larger than 500 kB after minification. Consider:
[WebServer] - Using dynamic import() to code-split the application
[WebServer] - Use build.rolldownOptions.output.codeSplitting to improve chunking: https://rolldown.rs/reference/OutputOptions.codeSplitting
[WebServer] - Adjust chunk size limit for this warning via build.chunkSizeWarningLimit.
[WebServer] (node:76435) Warning: The 'NO_COLOR' env is ignored due to the 'FORCE_COLOR' env being set.
[WebServer] (Use `node --trace-warnings ...` to show where the warning was created)
[WebServer] (node:76458) Warning: The 'NO_COLOR' env is ignored due to the 'FORCE_COLOR' env being set.
[WebServer] (Use `node --trace-warnings ...` to show where the warning was created)
(node:76460) Warning: The 'NO_COLOR' env is ignored due to the 'FORCE_COLOR' env being set.
(Use `node --trace-warnings ...` to show where the warning was created)
