verify	Set up job	﻿2026-10-06T10:24:04.8165444Z Current runner version: '2.337.0'
verify	Set up job	2026-10-06T10:24:04.8192056Z ##[group]Runner Image Provisioner
verify	Set up job	2026-10-06T10:24:04.8193007Z Hosted Compute Agent
verify	Set up job	2026-10-06T10:24:04.8193592Z Version: 20260901.588
verify	Set up job	2026-10-06T10:24:04.8194314Z Commit: f88ec8081b781fac6c440065ac7ff9e710ce3d0b
verify	Set up job	2026-10-06T10:24:04.8195053Z Build Date: 2026-09-01T19:56:44Z
verify	Set up job	2026-10-06T10:24:04.8195825Z Worker ID: {aa89f316-5dbb-4c03-8aa3-8eee9488f77e}
verify	Set up job	2026-10-06T10:24:04.8196599Z Azure Region: westus
verify	Set up job	2026-10-06T10:24:04.8197161Z ##[endgroup]
verify	Set up job	2026-10-06T10:24:04.8198817Z ##[group]Operating System
verify	Set up job	2026-10-06T10:24:04.8199865Z Ubuntu
verify	Set up job	2026-10-06T10:24:04.8200481Z 24.04.5
verify	Set up job	2026-10-06T10:24:04.8201013Z LTS
verify	Set up job	2026-10-06T10:24:04.8201522Z ##[endgroup]
verify	Set up job	2026-10-06T10:24:04.8202116Z ##[group]Runner Image
verify	Set up job	2026-10-06T10:24:04.8202727Z Image: ubuntu-24.04
verify	Set up job	2026-10-06T10:24:04.8203307Z Version: 20260927.320.1
verify	Set up job	2026-10-06T10:24:04.8204470Z Included Software: https://github.com/actions/runner-images/blob/ubuntu24/20260927.320/images/ubuntu/Ubuntu2404-Readme.md
verify	Set up job	2026-10-06T10:24:04.8206220Z Image Release: https://github.com/actions/runner-images/releases/tag/ubuntu24%2F20260927.320
verify	Set up job	2026-10-06T10:24:04.8207265Z ##[endgroup]
verify	Set up job	2026-10-06T10:24:04.8208414Z ##[group]GITHUB_TOKEN Permissions
verify	Set up job	2026-10-06T10:24:04.8210703Z Contents: read
verify	Set up job	2026-10-06T10:24:04.8211755Z Metadata: read
verify	Set up job	2026-10-06T10:24:04.8212403Z ##[endgroup]
verify	Set up job	2026-10-06T10:24:04.8214433Z Secret source: Actions
verify	Set up job	2026-10-06T10:24:04.8215473Z Cache mode: write
verify	Set up job	2026-10-06T10:24:04.8216175Z Prepare workflow directory
verify	Set up job	2026-10-06T10:24:04.8550905Z Prepare all required actions
verify	Set up job	2026-10-06T10:24:04.8623442Z Getting action download info
verify	Set up job	2026-10-06T10:24:05.2495857Z Download action repository 'actions/checkout@v7' (SHA:3d3c42e5aac5ba805825da76410c181273ba90b1)
verify	Set up job	2026-10-06T10:24:05.3556479Z Download action repository 'pnpm/action-setup@v6' (SHA:0977fd99725f1db4007ccb2928dbb4e90d06cc86)
verify	Set up job	2026-10-06T10:24:05.6864423Z Download action repository 'actions/setup-node@v5' (SHA:a0853c24544627f65ddf259abe73b1d18a591444)
verify	Set up job	2026-10-06T10:24:05.9524567Z Complete job name: verify
verify	Run actions/checkout@v7	﻿2026-10-06T10:24:06.0300232Z ##[group]Run actions/checkout@v7
verify	Run actions/checkout@v7	2026-10-06T10:24:06.0301193Z with:
verify	Run actions/checkout@v7	2026-10-06T10:24:06.0301663Z   persist-credentials: false
verify	Run actions/checkout@v7	2026-10-06T10:24:06.0302226Z   repository: inrust/food-digester-platform
verify	Run actions/checkout@v7	2026-10-06T10:24:06.0306043Z   token: ***
verify	Run actions/checkout@v7	2026-10-06T10:24:06.0306531Z   ssh-strict: true
verify	Run actions/checkout@v7	2026-10-06T10:24:06.0306981Z   ssh-user: git
verify	Run actions/checkout@v7	2026-10-06T10:24:06.0307404Z   clean: true
verify	Run actions/checkout@v7	2026-10-06T10:24:06.0307849Z   sparse-checkout-cone-mode: true
verify	Run actions/checkout@v7	2026-10-06T10:24:06.0308374Z   fetch-depth: 1
verify	Run actions/checkout@v7	2026-10-06T10:24:06.0308799Z   fetch-tags: false
verify	Run actions/checkout@v7	2026-10-06T10:24:06.0309250Z   show-progress: true
verify	Run actions/checkout@v7	2026-10-06T10:24:06.0309892Z   lfs: false
verify	Run actions/checkout@v7	2026-10-06T10:24:06.0310309Z   submodules: false
verify	Run actions/checkout@v7	2026-10-06T10:24:06.0310752Z   set-safe-directory: true
verify	Run actions/checkout@v7	2026-10-06T10:24:06.0311261Z   allow-unsafe-pr-checkout: false
verify	Run actions/checkout@v7	2026-10-06T10:24:06.0312045Z ##[endgroup]
verify	Run actions/checkout@v7	2026-10-06T10:24:06.1319087Z Syncing repository: inrust/food-digester-platform
verify	Run actions/checkout@v7	2026-10-06T10:24:06.1321503Z ##[group]Getting Git version info
verify	Run actions/checkout@v7	2026-10-06T10:24:06.1322460Z Working directory is '/home/runner/work/food-digester-platform/food-digester-platform'
verify	Run actions/checkout@v7	2026-10-06T10:24:06.1323722Z [command]/usr/bin/git version
verify	Run actions/checkout@v7	2026-10-06T10:24:06.1401511Z git version 2.55.0
verify	Run actions/checkout@v7	2026-10-06T10:24:06.1425871Z ##[endgroup]
verify	Run actions/checkout@v7	2026-10-06T10:24:06.1439073Z Temporarily overriding HOME='/home/runner/work/_temp/b3858e09-a4ad-4f0d-b34f-e0c746d23771' before making global git config changes
verify	Run actions/checkout@v7	2026-10-06T10:24:06.1442365Z Adding repository directory to the temporary git global config as a safe directory
verify	Run actions/checkout@v7	2026-10-06T10:24:06.1446517Z [command]/usr/bin/git config --global --add safe.directory /home/runner/work/food-digester-platform/food-digester-platform
verify	Run actions/checkout@v7	2026-10-06T10:24:06.1496955Z Deleting the contents of '/home/runner/work/food-digester-platform/food-digester-platform'
verify	Run actions/checkout@v7	2026-10-06T10:24:06.1500827Z ##[group]Determining repository object format
verify	Run actions/checkout@v7	2026-10-06T10:24:06.1507630Z ##[endgroup]
verify	Run actions/checkout@v7	2026-10-06T10:24:06.1509156Z ##[group]Initializing the repository
verify	Run actions/checkout@v7	2026-10-06T10:24:06.1511467Z [command]/usr/bin/git init /home/runner/work/food-digester-platform/food-digester-platform
verify	Run actions/checkout@v7	2026-10-06T10:24:06.1616764Z hint: Using 'master' as the name for the initial branch. This default branch name
verify	Run actions/checkout@v7	2026-10-06T10:24:06.1619023Z hint: will change to "main" in Git 3.0. To configure the initial branch name
verify	Run actions/checkout@v7	2026-10-06T10:24:06.1621039Z hint: to use in all of your new repositories, which will suppress this warning,
verify	Run actions/checkout@v7	2026-10-06T10:24:06.1622539Z hint: call:
verify	Run actions/checkout@v7	2026-10-06T10:24:06.1623258Z hint:
verify	Run actions/checkout@v7	2026-10-06T10:24:06.1624143Z hint: 	git config --global init.defaultBranch <name>
verify	Run actions/checkout@v7	2026-10-06T10:24:06.1625072Z hint:
verify	Run actions/checkout@v7	2026-10-06T10:24:06.1626012Z hint: Names commonly chosen instead of 'master' are 'main', 'trunk' and
verify	Run actions/checkout@v7	2026-10-06T10:24:06.1627285Z hint: 'development'. The just-created branch can be renamed via this command:
verify	Run actions/checkout@v7	2026-10-06T10:24:06.1628323Z hint:
verify	Run actions/checkout@v7	2026-10-06T10:24:06.1629103Z hint: 	git branch -m <name>
verify	Run actions/checkout@v7	2026-10-06T10:24:06.1630157Z hint:
verify	Run actions/checkout@v7	2026-10-06T10:24:06.1631202Z hint: Disable this message with "git config set advice.defaultBranchName false"
verify	Run actions/checkout@v7	2026-10-06T10:24:06.1632802Z Initialized empty Git repository in /home/runner/work/food-digester-platform/food-digester-platform/.git/
verify	Run actions/checkout@v7	2026-10-06T10:24:06.1635564Z [command]/usr/bin/git remote add origin https://github.com/inrust/food-digester-platform
verify	Run actions/checkout@v7	2026-10-06T10:24:06.1681884Z ##[endgroup]
verify	Run actions/checkout@v7	2026-10-06T10:24:06.1682682Z ##[group]Disabling automatic garbage collection
verify	Run actions/checkout@v7	2026-10-06T10:24:06.1686143Z [command]/usr/bin/git config --local gc.auto 0
verify	Run actions/checkout@v7	2026-10-06T10:24:06.1727988Z ##[endgroup]
verify	Run actions/checkout@v7	2026-10-06T10:24:06.1729532Z ##[group]Setting up auth
verify	Run actions/checkout@v7	2026-10-06T10:24:06.1730682Z Removing SSH command configuration
verify	Run actions/checkout@v7	2026-10-06T10:24:06.1736301Z [command]/usr/bin/git config --local --name-only --get-regexp core\.sshCommand
verify	Run actions/checkout@v7	2026-10-06T10:24:06.1780375Z [command]/usr/bin/git submodule foreach --recursive sh -c "git config --local --name-only --get-regexp 'core\.sshCommand' && git config --local --unset-all 'core.sshCommand' || :"
verify	Run actions/checkout@v7	2026-10-06T10:24:06.2136999Z Removing HTTP extra header
verify	Run actions/checkout@v7	2026-10-06T10:24:06.2143520Z [command]/usr/bin/git config --local --name-only --get-regexp http\.https\:\/\/github\.com\/\.extraheader
verify	Run actions/checkout@v7	2026-10-06T10:24:06.2183726Z [command]/usr/bin/git submodule foreach --recursive sh -c "git config --local --name-only --get-regexp 'http\.https\:\/\/github\.com\/\.extraheader' && git config --local --unset-all 'http.https://github.com/.extraheader' || :"
verify	Run actions/checkout@v7	2026-10-06T10:24:06.2414199Z Removing includeIf entries pointing to credentials config files
verify	Run actions/checkout@v7	2026-10-06T10:24:06.2418994Z [command]/usr/bin/git config --local --name-only --get-regexp ^includeIf\.gitdir:
verify	Run actions/checkout@v7	2026-10-06T10:24:06.2456695Z [command]/usr/bin/git submodule foreach --recursive git config --local --show-origin --name-only --get-regexp remote.origin.url
verify	Run actions/checkout@v7	2026-10-06T10:24:06.2690329Z [command]/usr/bin/git config --file /home/runner/work/_temp/git-credentials-14b43389-a0c0-454c-b0b1-c5542f5bb29c.config http.https://github.com/.extraheader AUTHORIZATION: basic ***
verify	Run actions/checkout@v7	2026-10-06T10:24:06.2731484Z [command]/usr/bin/git config --local includeIf.gitdir:/home/runner/work/food-digester-platform/food-digester-platform/.git.path /home/runner/work/_temp/git-credentials-14b43389-a0c0-454c-b0b1-c5542f5bb29c.config
verify	Run actions/checkout@v7	2026-10-06T10:24:06.2767482Z [command]/usr/bin/git config --local includeIf.gitdir:/home/runner/work/food-digester-platform/food-digester-platform/.git/worktrees/*.path /home/runner/work/_temp/git-credentials-14b43389-a0c0-454c-b0b1-c5542f5bb29c.config
verify	Run actions/checkout@v7	2026-10-06T10:24:06.2805078Z [command]/usr/bin/git config --local includeIf.gitdir:/github/workspace/.git.path /github/runner_temp/git-credentials-14b43389-a0c0-454c-b0b1-c5542f5bb29c.config
verify	Run actions/checkout@v7	2026-10-06T10:24:06.2841487Z [command]/usr/bin/git config --local includeIf.gitdir:/github/workspace/.git/worktrees/*.path /github/runner_temp/git-credentials-14b43389-a0c0-454c-b0b1-c5542f5bb29c.config
verify	Run actions/checkout@v7	2026-10-06T10:24:06.2874583Z ##[endgroup]
verify	Run actions/checkout@v7	2026-10-06T10:24:06.2875789Z ##[group]Fetching the repository
verify	Run actions/checkout@v7	2026-10-06T10:24:06.2880963Z [command]/usr/bin/git -c protocol.version=2 fetch --no-tags --prune --no-recurse-submodules --depth=1 origin +fb6f3628a176628d3752f04a9fa35f70c54b5009:refs/remotes/origin/main
verify	Run actions/checkout@v7	2026-10-06T10:24:09.2561215Z From https://github.com/inrust/food-digester-platform
verify	Run actions/checkout@v7	2026-10-06T10:24:09.2562626Z  * [new ref]         fb6f3628a176628d3752f04a9fa35f70c54b5009 -> origin/main
verify	Run actions/checkout@v7	2026-10-06T10:24:09.2572032Z [command]/usr/bin/git branch --list --remote origin/main
verify	Run actions/checkout@v7	2026-10-06T10:24:09.2603072Z   origin/main
verify	Run actions/checkout@v7	2026-10-06T10:24:09.2612256Z [command]/usr/bin/git rev-parse refs/remotes/origin/main
verify	Run actions/checkout@v7	2026-10-06T10:24:09.2638620Z fb6f3628a176628d3752f04a9fa35f70c54b5009
verify	Run actions/checkout@v7	2026-10-06T10:24:09.2643098Z ##[endgroup]
verify	Run actions/checkout@v7	2026-10-06T10:24:09.2644058Z ##[group]Determining the checkout info
verify	Run actions/checkout@v7	2026-10-06T10:24:09.2644975Z ##[endgroup]
verify	Run actions/checkout@v7	2026-10-06T10:24:09.2648440Z [command]/usr/bin/git sparse-checkout disable
verify	Run actions/checkout@v7	2026-10-06T10:24:09.2702601Z [command]/usr/bin/git config --local --unset-all extensions.worktreeConfig
verify	Run actions/checkout@v7	2026-10-06T10:24:09.2736894Z ##[group]Checking out the ref
verify	Run actions/checkout@v7	2026-10-06T10:24:09.2741056Z [command]/usr/bin/git checkout --progress --force -B main refs/remotes/origin/main
verify	Run actions/checkout@v7	2026-10-06T10:24:09.7373499Z Switched to a new branch 'main'
verify	Run actions/checkout@v7	2026-10-06T10:24:09.7378340Z branch 'main' set up to track 'origin/main'.
verify	Run actions/checkout@v7	2026-10-06T10:24:09.7418176Z ##[endgroup]
verify	Run actions/checkout@v7	2026-10-06T10:24:09.7478454Z [command]/usr/bin/git log -1 --format=%H
verify	Run actions/checkout@v7	2026-10-06T10:24:09.7512093Z fb6f3628a176628d3752f04a9fa35f70c54b5009
verify	Run actions/checkout@v7	2026-10-06T10:24:09.7528400Z ##[group]Removing auth
verify	Run actions/checkout@v7	2026-10-06T10:24:09.7529015Z Removing SSH command configuration
verify	Run actions/checkout@v7	2026-10-06T10:24:09.7531938Z [command]/usr/bin/git config --local --name-only --get-regexp core\.sshCommand
verify	Run actions/checkout@v7	2026-10-06T10:24:09.7579047Z [command]/usr/bin/git submodule foreach --recursive sh -c "git config --local --name-only --get-regexp 'core\.sshCommand' && git config --local --unset-all 'core.sshCommand' || :"
verify	Run actions/checkout@v7	2026-10-06T10:24:09.7820739Z Removing HTTP extra header
verify	Run actions/checkout@v7	2026-10-06T10:24:09.7824548Z [command]/usr/bin/git config --local --name-only --get-regexp http\.https\:\/\/github\.com\/\.extraheader
verify	Run actions/checkout@v7	2026-10-06T10:24:09.7862133Z [command]/usr/bin/git submodule foreach --recursive sh -c "git config --local --name-only --get-regexp 'http\.https\:\/\/github\.com\/\.extraheader' && git config --local --unset-all 'http.https://github.com/.extraheader' || :"
verify	Run actions/checkout@v7	2026-10-06T10:24:09.8105160Z Removing includeIf entries pointing to credentials config files
verify	Run actions/checkout@v7	2026-10-06T10:24:09.8130369Z [command]/usr/bin/git config --local --name-only --get-regexp ^includeIf\.gitdir:
verify	Run actions/checkout@v7	2026-10-06T10:24:09.8141691Z includeif.gitdir:/home/runner/work/food-digester-platform/food-digester-platform/.git.path
verify	Run actions/checkout@v7	2026-10-06T10:24:09.8143515Z includeif.gitdir:/home/runner/work/food-digester-platform/food-digester-platform/.git/worktrees/*.path
verify	Run actions/checkout@v7	2026-10-06T10:24:09.8144959Z includeif.gitdir:/github/workspace/.git.path
verify	Run actions/checkout@v7	2026-10-06T10:24:09.8146167Z includeif.gitdir:/github/workspace/.git/worktrees/*.path
verify	Run actions/checkout@v7	2026-10-06T10:24:09.8151865Z [command]/usr/bin/git config --local --get-all includeif.gitdir:/home/runner/work/food-digester-platform/food-digester-platform/.git.path
verify	Run actions/checkout@v7	2026-10-06T10:24:09.8180781Z /home/runner/work/_temp/git-credentials-14b43389-a0c0-454c-b0b1-c5542f5bb29c.config
verify	Run actions/checkout@v7	2026-10-06T10:24:09.8193495Z [command]/usr/bin/git config --local --unset includeif.gitdir:/home/runner/work/food-digester-platform/food-digester-platform/.git.path \/home\/runner\/work\/_temp\/git\-credentials\-14b43389\-a0c0\-454c\-b0b1\-c5542f5bb29c\.config
verify	Run actions/checkout@v7	2026-10-06T10:24:09.8233874Z [command]/usr/bin/git config --local --get-all includeif.gitdir:/home/runner/work/food-digester-platform/food-digester-platform/.git/worktrees/*.path
verify	Run actions/checkout@v7	2026-10-06T10:24:09.8270509Z /home/runner/work/_temp/git-credentials-14b43389-a0c0-454c-b0b1-c5542f5bb29c.config
verify	Run actions/checkout@v7	2026-10-06T10:24:09.8278809Z [command]/usr/bin/git config --local --unset includeif.gitdir:/home/runner/work/food-digester-platform/food-digester-platform/.git/worktrees/*.path \/home\/runner\/work\/_temp\/git\-credentials\-14b43389\-a0c0\-454c\-b0b1\-c5542f5bb29c\.config
verify	Run actions/checkout@v7	2026-10-06T10:24:09.8326390Z [command]/usr/bin/git config --local --get-all includeif.gitdir:/github/workspace/.git.path
verify	Run actions/checkout@v7	2026-10-06T10:24:09.8367166Z /github/runner_temp/git-credentials-14b43389-a0c0-454c-b0b1-c5542f5bb29c.config
verify	Run actions/checkout@v7	2026-10-06T10:24:09.8378988Z [command]/usr/bin/git config --local --unset includeif.gitdir:/github/workspace/.git.path \/github\/runner_temp\/git\-credentials\-14b43389\-a0c0\-454c\-b0b1\-c5542f5bb29c\.config
verify	Run actions/checkout@v7	2026-10-06T10:24:09.8421445Z [command]/usr/bin/git config --local --get-all includeif.gitdir:/github/workspace/.git/worktrees/*.path
verify	Run actions/checkout@v7	2026-10-06T10:24:09.8451073Z /github/runner_temp/git-credentials-14b43389-a0c0-454c-b0b1-c5542f5bb29c.config
verify	Run actions/checkout@v7	2026-10-06T10:24:09.8460146Z [command]/usr/bin/git config --local --unset includeif.gitdir:/github/workspace/.git/worktrees/*.path \/github\/runner_temp\/git\-credentials\-14b43389\-a0c0\-454c\-b0b1\-c5542f5bb29c\.config
verify	Run actions/checkout@v7	2026-10-06T10:24:09.8503705Z [command]/usr/bin/git submodule foreach --recursive git config --local --show-origin --name-only --get-regexp remote.origin.url
verify	Run actions/checkout@v7	2026-10-06T10:24:09.8752286Z Removing credentials config '/home/runner/work/_temp/git-credentials-14b43389-a0c0-454c-b0b1-c5542f5bb29c.config'
verify	Run actions/checkout@v7	2026-10-06T10:24:09.8763075Z ##[endgroup]
verify	Run pnpm/action-setup@v6	﻿2026-10-06T10:24:09.9045116Z ##[group]Run pnpm/action-setup@v6
verify	Run pnpm/action-setup@v6	2026-10-06T10:24:09.9045427Z with:
verify	Run pnpm/action-setup@v6	2026-10-06T10:24:09.9045625Z   version: 10.20.0
verify	Run pnpm/action-setup@v6	2026-10-06T10:24:09.9045841Z   dest: ~/setup-pnpm
verify	Run pnpm/action-setup@v6	2026-10-06T10:24:09.9046056Z   run_install: null
verify	Run pnpm/action-setup@v6	2026-10-06T10:24:09.9046258Z   cache: false
verify	Run pnpm/action-setup@v6	2026-10-06T10:24:09.9046495Z   cache_dependency_path: pnpm-lock.yaml
verify	Run pnpm/action-setup@v6	2026-10-06T10:24:09.9046811Z   package_json_file: package.json
verify	Run pnpm/action-setup@v6	2026-10-06T10:24:09.9047072Z   standalone: false
verify	Run pnpm/action-setup@v6	2026-10-06T10:24:09.9047279Z ##[endgroup]
verify	Run pnpm/action-setup@v6	2026-10-06T10:24:10.0550973Z ##[group]Running self-installer...
verify	Run pnpm/action-setup@v6	2026-10-06T10:24:18.1454427Z 
verify	Run pnpm/action-setup@v6	2026-10-06T10:24:18.1455056Z added 1 package, and audited 2 packages in 4s
verify	Run pnpm/action-setup@v6	2026-10-06T10:24:18.1455492Z 
verify	Run pnpm/action-setup@v6	2026-10-06T10:24:18.1455656Z 1 package is looking for funding
verify	Run pnpm/action-setup@v6	2026-10-06T10:24:18.1456146Z   run `npm fund` for details
verify	Run pnpm/action-setup@v6	2026-10-06T10:24:18.1464501Z 
verify	Run pnpm/action-setup@v6	2026-10-06T10:24:18.1465053Z found 0 vulnerabilities
verify	Run pnpm/action-setup@v6	2026-10-06T10:24:18.7593890Z Checking for updates...
verify	Run pnpm/action-setup@v6	2026-10-06T10:24:19.0555737Z Switching pnpm from v11.19.0 to v10.20.0...
verify	Run pnpm/action-setup@v6	2026-10-06T10:24:19.4584564Z .../v11/97d-1a110be256b-2126ea4efdf8fa1e | Progress: resolved 1, reused 0, downloaded 0, added 0
verify	Run pnpm/action-setup@v6	2026-10-06T10:24:19.4605222Z .../v11/97d-1a110be256b-2126ea4efdf8fa1e |   +1 +
verify	Run pnpm/action-setup@v6	2026-10-06T10:24:19.7090893Z .../v11/97d-1a110be256b-2126ea4efdf8fa1e | Progress: resolved 1, reused 0, downloaded 1, added 1, done
verify	Run pnpm/action-setup@v6	2026-10-06T10:24:20.1152827Z [WARN] Detected a pnpm v10 installation layout at PNPM_HOME. The pnpm shims at PNPM_HOME have been refreshed so the new version is active, but pnpm v11 expects bins in PNPM_HOME/bin. Run "pnpm setup" to migrate your PATH to the v11 layout.
verify	Run pnpm/action-setup@v6	2026-10-06T10:24:20.1178515Z Successfully updated pnpm to v10.20.0
verify	Run pnpm/action-setup@v6	2026-10-06T10:24:20.1470174Z ##[endgroup]
verify	Run pnpm/action-setup@v6	2026-10-06T10:24:20.1470631Z Installation Completed!
verify	Run actions/setup-node@v5	﻿2026-10-06T10:24:20.1658182Z ##[group]Run actions/setup-node@v5
verify	Run actions/setup-node@v5	2026-10-06T10:24:20.1658462Z with:
verify	Run actions/setup-node@v5	2026-10-06T10:24:20.1658680Z   node-version-file: .nvmrc
verify	Run actions/setup-node@v5	2026-10-06T10:24:20.1658904Z   cache: pnpm
verify	Run actions/setup-node@v5	2026-10-06T10:24:20.1659098Z   always-auth: false
verify	Run actions/setup-node@v5	2026-10-06T10:24:20.1659653Z   check-latest: false
verify	Run actions/setup-node@v5	2026-10-06T10:24:20.1662417Z   token: ***
verify	Run actions/setup-node@v5	2026-10-06T10:24:20.1662634Z   package-manager-cache: true
verify	Run actions/setup-node@v5	2026-10-06T10:24:20.1662873Z env:
verify	Run actions/setup-node@v5	2026-10-06T10:24:20.1663109Z   PNPM_HOME: /home/runner/setup-pnpm/node_modules/.bin
verify	Run actions/setup-node@v5	2026-10-06T10:24:20.1663410Z ##[endgroup]
verify	Run actions/setup-node@v5	2026-10-06T10:24:20.3033704Z Node version file is not JSON file
verify	Run actions/setup-node@v5	2026-10-06T10:24:20.3035985Z Resolved .nvmrc as 24.12.0
verify	Run actions/setup-node@v5	2026-10-06T10:24:20.3051830Z Attempting to download 24.12.0...
verify	Run actions/setup-node@v5	2026-10-06T10:24:20.3156842Z (node:2459) [DEP0040] DeprecationWarning: The `punycode` module is deprecated. Please use a userland alternative instead.
verify	Run actions/setup-node@v5	2026-10-06T10:24:20.3157582Z (Use `node --trace-deprecation ...` to show where the warning was created)
verify	Run actions/setup-node@v5	2026-10-06T10:24:20.9523022Z Acquiring 24.12.0 - x64 from https://github.com/actions/node-versions/releases/download/24.12.0-20140960970/node-24.12.0-linux-x64.tar.gz
verify	Run actions/setup-node@v5	2026-10-06T10:24:21.4457510Z Extracting ...
verify	Run actions/setup-node@v5	2026-10-06T10:24:21.4582909Z [command]/usr/bin/tar xz --strip 1 --warning=no-unknown-keyword --overwrite -C /home/runner/work/_temp/7ccd0d91-ffa5-4e85-8e4a-644dbe5524b7 -f /home/runner/work/_temp/5f9396c1-41d7-4caa-b61c-26694947bb49
verify	Run actions/setup-node@v5	2026-10-06T10:24:22.6491414Z Adding to the cache ...
verify	Run actions/setup-node@v5	2026-10-06T10:24:24.6424325Z ##[group]Environment details
verify	Run actions/setup-node@v5	2026-10-06T10:24:24.8687422Z node: v24.12.0
verify	Run actions/setup-node@v5	2026-10-06T10:24:24.8687860Z npm: 11.6.2
verify	Run actions/setup-node@v5	2026-10-06T10:24:24.8688169Z yarn: 1.22.22
verify	Run actions/setup-node@v5	2026-10-06T10:24:24.8689066Z ##[endgroup]
verify	Run actions/setup-node@v5	2026-10-06T10:24:24.8719716Z [command]/home/runner/setup-pnpm/node_modules/.bin/bin/pnpm store path --silent
verify	Run actions/setup-node@v5	2026-10-06T10:24:25.2260727Z /home/runner/work/food-digester-platform/food-digester-platform/.pnpm-store/v10
verify	Run actions/setup-node@v5	2026-10-06T10:24:25.4922483Z Cache hit for: node-cache-Linux-x64-pnpm-75c7fc907608ab439a8b09d5d0397666b4d43ed5b2640c9ca959afdd991ed814
verify	Run actions/setup-node@v5	2026-10-06T10:24:25.5033532Z (node:2459) [DEP0169] DeprecationWarning: `url.parse()` behavior is not standardized and prone to errors that have security implications. Use the WHATWG URL API instead. CVEs are not issued for `url.parse()` vulnerabilities.
verify	Run actions/setup-node@v5	2026-10-06T10:24:26.7799190Z Received 4194304 of 267652001 (1.6%), 4.0 MBs/sec
verify	Run actions/setup-node@v5	2026-10-06T10:24:27.7808481Z Received 134217728 of 267652001 (50.1%), 64.0 MBs/sec
verify	Run actions/setup-node@v5	2026-10-06T10:24:28.7482978Z Received 267652001 of 267652001 (100.0%), 86.0 MBs/sec
verify	Run actions/setup-node@v5	2026-10-06T10:24:28.7484211Z Cache Size: ~255 MB (267652001 B)
verify	Run actions/setup-node@v5	2026-10-06T10:24:28.7518931Z [command]/usr/bin/tar -xf /home/runner/work/_temp/47c8441b-0895-4ede-8c50-18dc553c21de/cache.tzst -P -C /home/runner/work/food-digester-platform/food-digester-platform --use-compress-program unzstd
verify	Run actions/setup-node@v5	2026-10-06T10:24:31.3182903Z Cache restored successfully
verify	Run actions/setup-node@v5	2026-10-06T10:24:31.4356924Z Cache restored from key: node-cache-Linux-x64-pnpm-75c7fc907608ab439a8b09d5d0397666b4d43ed5b2640c9ca959afdd991ed814
verify	Run pnpm install --frozen-lockfile	﻿2026-10-06T10:24:31.4873485Z ##[group]Run pnpm install --frozen-lockfile
verify	Run pnpm install --frozen-lockfile	2026-10-06T10:24:31.4873903Z ^[[36;1mpnpm install --frozen-lockfile^[[0m
verify	Run pnpm install --frozen-lockfile	2026-10-06T10:24:31.5465110Z shell: /usr/bin/bash -e {0}
verify	Run pnpm install --frozen-lockfile	2026-10-06T10:24:31.5465426Z env:
verify	Run pnpm install --frozen-lockfile	2026-10-06T10:24:31.5465731Z   PNPM_HOME: /home/runner/setup-pnpm/node_modules/.bin
verify	Run pnpm install --frozen-lockfile	2026-10-06T10:24:31.5466121Z ##[endgroup]
verify	Run pnpm install --frozen-lockfile	2026-10-06T10:24:31.8518478Z Scope: all 14 workspace projects
verify	Run pnpm install --frozen-lockfile	2026-10-06T10:24:31.8966601Z Lockfile is up to date, resolution step is skipped
verify	Run pnpm install --frozen-lockfile	2026-10-06T10:24:32.0280919Z Packages: +535
verify	Run pnpm install --frozen-lockfile	2026-10-06T10:24:32.0297650Z ++++++++++++++++++++++++++++++++++++++++++++++++++++++++++++++++++++++++++++++++
verify	Run pnpm install --frozen-lockfile	2026-10-06T10:24:32.0454171Z Progress: resolved 0, reused 1, downloaded 0, added 0
verify	Run pnpm install --frozen-lockfile	2026-10-06T10:24:33.0458625Z Progress: resolved 0, reused 527, downloaded 0, added 349
verify	Run pnpm install --frozen-lockfile	2026-10-06T10:24:33.4913341Z Progress: resolved 0, reused 527, downloaded 0, added 535, done
verify	Run pnpm install --frozen-lockfile	2026-10-06T10:24:33.6354247Z 
verify	Run pnpm install --frozen-lockfile	2026-10-06T10:24:33.7105423Z Done in 2.1s using pnpm v10.20.0
verify	Run pnpm exec playwright install --with-deps chromium	﻿2026-10-06T10:24:33.7428422Z ##[group]Run pnpm exec playwright install --with-deps chromium
verify	Run pnpm exec playwright install --with-deps chromium	2026-10-06T10:24:33.7428968Z ^[[36;1mpnpm exec playwright install --with-deps chromium^[[0m
verify	Run pnpm exec playwright install --with-deps chromium	2026-10-06T10:24:33.7496649Z shell: /usr/bin/bash -e {0}
verify	Run pnpm exec playwright install --with-deps chromium	2026-10-06T10:24:33.7496915Z env:
verify	Run pnpm exec playwright install --with-deps chromium	2026-10-06T10:24:33.7497174Z   PNPM_HOME: /home/runner/setup-pnpm/node_modules/.bin
verify	Run pnpm exec playwright install --with-deps chromium	2026-10-06T10:24:33.7497499Z ##[endgroup]
verify	Run pnpm exec playwright install --with-deps chromium	2026-10-06T10:24:34.5157688Z Installing dependencies...
verify	Run pnpm exec playwright install --with-deps chromium	2026-10-06T10:24:34.5237986Z Switching to root user to install dependencies...
verify	Run pnpm exec playwright install --with-deps chromium	2026-10-06T10:24:34.6188872Z Get:1 file:/etc/apt/apt-mirrors.txt Mirrorlist [144 B]
verify	Run pnpm exec playwright install --with-deps chromium	2026-10-06T10:24:34.6541636Z Hit:2 http://azure.archive.ubuntu.com/ubuntu noble InRelease
verify	Run pnpm exec playwright install --with-deps chromium	2026-10-06T10:24:34.6543123Z Get:6 https://packages.microsoft.com/ubuntu/24.04/prod noble InRelease [3600 B]
verify	Run pnpm exec playwright install --with-deps chromium	2026-10-06T10:24:34.6568084Z Get:3 http://azure.archive.ubuntu.com/ubuntu noble-updates InRelease [126 kB]
verify	Run pnpm exec playwright install --with-deps chromium	2026-10-06T10:24:34.6597376Z Get:4 http://azure.archive.ubuntu.com/ubuntu noble-backports InRelease [126 kB]
verify	Run pnpm exec playwright install --with-deps chromium	2026-10-06T10:24:34.6619211Z Get:5 http://azure.archive.ubuntu.com/ubuntu noble-security InRelease [126 kB]
verify	Run pnpm exec playwright install --with-deps chromium	2026-10-06T10:24:34.7821557Z Get:7 https://packages.microsoft.com/ubuntu/24.04/prod noble/main armhf Packages [12.6 kB]
verify	Run pnpm exec playwright install --with-deps chromium	2026-10-06T10:24:34.7922296Z Get:8 https://packages.microsoft.com/ubuntu/24.04/prod noble/main amd64 Packages [515 kB]
verify	Run pnpm exec playwright install --with-deps chromium	2026-10-06T10:24:34.7988115Z Get:9 https://packages.microsoft.com/ubuntu/24.04/prod noble/main arm64 Packages [458 kB]
verify	Run pnpm exec playwright install --with-deps chromium	2026-10-06T10:24:34.8306869Z Get:10 http://azure.archive.ubuntu.com/ubuntu noble-updates/main amd64 Packages [1370 kB]
verify	Run pnpm exec playwright install --with-deps chromium	2026-10-06T10:24:34.8392317Z Get:11 http://azure.archive.ubuntu.com/ubuntu noble-updates/main Translation-en [305 kB]
verify	Run pnpm exec playwright install --with-deps chromium	2026-10-06T10:24:34.8407451Z Get:12 http://azure.archive.ubuntu.com/ubuntu noble-updates/main amd64 Components [181 kB]
verify	Run pnpm exec playwright install --with-deps chromium	2026-10-06T10:24:34.8412514Z Get:13 http://azure.archive.ubuntu.com/ubuntu noble-updates/universe amd64 Packages [1701 kB]
verify	Run pnpm exec playwright install --with-deps chromium	2026-10-06T10:24:34.8500542Z Get:14 http://azure.archive.ubuntu.com/ubuntu noble-updates/universe Translation-en [341 kB]
verify	Run pnpm exec playwright install --with-deps chromium	2026-10-06T10:24:34.8523711Z Get:15 http://azure.archive.ubuntu.com/ubuntu noble-updates/universe amd64 Components [388 kB]
verify	Run pnpm exec playwright install --with-deps chromium	2026-10-06T10:24:34.8547966Z Get:16 http://azure.archive.ubuntu.com/ubuntu noble-updates/restricted amd64 Packages [1728 kB]
verify	Run pnpm exec playwright install --with-deps chromium	2026-10-06T10:24:34.8661103Z Get:17 http://azure.archive.ubuntu.com/ubuntu noble-updates/restricted Translation-en [395 kB]
verify	Run pnpm exec playwright install --with-deps chromium	2026-10-06T10:24:34.8662958Z Get:18 http://azure.archive.ubuntu.com/ubuntu noble-updates/multiverse Translation-en [13.3 kB]
verify	Run pnpm exec playwright install --with-deps chromium	2026-10-06T10:24:34.8691129Z Get:19 http://azure.archive.ubuntu.com/ubuntu noble-updates/multiverse amd64 Components [940 B]
verify	Run pnpm exec playwright install --with-deps chromium	2026-10-06T10:24:34.9322531Z Get:20 http://azure.archive.ubuntu.com/ubuntu noble-backports/main amd64 Components [5764 B]
verify	Run pnpm exec playwright install --with-deps chromium	2026-10-06T10:24:34.9331542Z Get:21 http://azure.archive.ubuntu.com/ubuntu noble-backports/universe amd64 Components [12.6 kB]
verify	Run pnpm exec playwright install --with-deps chromium	2026-10-06T10:24:34.9424046Z Get:22 http://azure.archive.ubuntu.com/ubuntu noble-security/main amd64 Packages [1071 kB]
verify	Run pnpm exec playwright install --with-deps chromium	2026-10-06T10:24:34.9474933Z Get:23 http://azure.archive.ubuntu.com/ubuntu noble-security/main Translation-en [222 kB]
verify	Run pnpm exec playwright install --with-deps chromium	2026-10-06T10:24:34.9490389Z Get:24 http://azure.archive.ubuntu.com/ubuntu noble-security/main amd64 Components [46.4 kB]
verify	Run pnpm exec playwright install --with-deps chromium	2026-10-06T10:24:34.9499514Z Get:25 http://azure.archive.ubuntu.com/ubuntu noble-security/universe amd64 Packages [1216 kB]
verify	Run pnpm exec playwright install --with-deps chromium	2026-10-06T10:24:34.9556016Z Get:26 http://azure.archive.ubuntu.com/ubuntu noble-security/universe Translation-en [244 kB]
verify	Run pnpm exec playwright install --with-deps chromium	2026-10-06T10:24:34.9570670Z Get:27 http://azure.archive.ubuntu.com/ubuntu noble-security/universe amd64 Components [76.3 kB]
verify	Run pnpm exec playwright install --with-deps chromium	2026-10-06T10:24:34.9580482Z Get:28 http://azure.archive.ubuntu.com/ubuntu noble-security/restricted amd64 Packages [1566 kB]
verify	Run pnpm exec playwright install --with-deps chromium	2026-10-06T10:24:34.9649036Z Get:29 http://azure.archive.ubuntu.com/ubuntu noble-security/restricted Translation-en [361 kB]
verify	Run pnpm exec playwright install --with-deps chromium	2026-10-06T10:24:40.4184934Z Fetched 12.6 MB in 1s (9374 kB/s)
verify	Run pnpm exec playwright install --with-deps chromium	2026-10-06T10:24:41.2663993Z Reading package lists...
verify	Run pnpm exec playwright install --with-deps chromium	2026-10-06T10:24:41.2906214Z Reading package lists...
verify	Run pnpm exec playwright install --with-deps chromium	2026-10-06T10:24:41.4853673Z Building dependency tree...
verify	Run pnpm exec playwright install --with-deps chromium	2026-10-06T10:24:41.4860811Z Reading state information...
verify	Run pnpm exec playwright install --with-deps chromium	2026-10-06T10:24:41.6325191Z libasound2t64 is already the newest version (1.2.11-1ubuntu0.3).
verify	Run pnpm exec playwright install --with-deps chromium	2026-10-06T10:24:41.6326351Z libasound2t64 set to manually installed.
verify	Run pnpm exec playwright install --with-deps chromium	2026-10-06T10:24:41.6327306Z libatk-bridge2.0-0t64 is already the newest version (2.52.0-1build1).
verify	Run pnpm exec playwright install --with-deps chromium	2026-10-06T10:24:41.6327978Z libatk-bridge2.0-0t64 set to manually installed.
verify	Run pnpm exec playwright install --with-deps chromium	2026-10-06T10:24:41.6329085Z libatk1.0-0t64 is already the newest version (2.52.0-1build1).
verify	Run pnpm exec playwright install --with-deps chromium	2026-10-06T10:24:41.6330224Z libatk1.0-0t64 set to manually installed.
verify	Run pnpm exec playwright install --with-deps chromium	2026-10-06T10:24:41.6330863Z libatspi2.0-0t64 is already the newest version (2.52.0-1build1).
verify	Run pnpm exec playwright install --with-deps chromium	2026-10-06T10:24:41.6331450Z libatspi2.0-0t64 set to manually installed.
verify	Run pnpm exec playwright install --with-deps chromium	2026-10-06T10:24:41.6331928Z libcairo2 is already the newest version (1.18.0-3build1).
verify	Run pnpm exec playwright install --with-deps chromium	2026-10-06T10:24:41.6332369Z libcairo2 set to manually installed.
verify	Run pnpm exec playwright install --with-deps chromium	2026-10-06T10:24:41.6332825Z libcups2t64 is already the newest version (2.4.7-1.2ubuntu7.14).
verify	Run pnpm exec playwright install --with-deps chromium	2026-10-06T10:24:41.6333307Z libcups2t64 set to manually installed.
verify	Run pnpm exec playwright install --with-deps chromium	2026-10-06T10:24:41.6334272Z libdbus-1-3 is already the newest version (1.14.10-4ubuntu4.1).
verify	Run pnpm exec playwright install --with-deps chromium	2026-10-06T10:24:41.6334737Z libdbus-1-3 set to manually installed.
verify	Run pnpm exec playwright install --with-deps chromium	2026-10-06T10:24:41.6335210Z libdrm2 is already the newest version (2.4.125-1ubuntu0.1~24.04.2).
verify	Run pnpm exec playwright install --with-deps chromium	2026-10-06T10:24:41.6336035Z libdrm2 set to manually installed.
verify	Run pnpm exec playwright install --with-deps chromium	2026-10-06T10:24:41.6336533Z libglib2.0-0t64 is already the newest version (2.80.0-6ubuntu3.9).
verify	Run pnpm exec playwright install --with-deps chromium	2026-10-06T10:24:41.6336998Z libglib2.0-0t64 set to manually installed.
verify	Run pnpm exec playwright install --with-deps chromium	2026-10-06T10:24:41.6337455Z libnspr4 is already the newest version (2:4.35-1.1build1).
verify	Run pnpm exec playwright install --with-deps chromium	2026-10-06T10:24:41.6337868Z libnspr4 set to manually installed.
verify	Run pnpm exec playwright install --with-deps chromium	2026-10-06T10:24:41.6338368Z libnss3 is already the newest version (2:3.98-1ubuntu0.2).
verify	Run pnpm exec playwright install --with-deps chromium	2026-10-06T10:24:41.6338768Z libnss3 set to manually installed.
verify	Run pnpm exec playwright install --with-deps chromium	2026-10-06T10:24:41.6339214Z libpango-1.0-0 is already the newest version (1.52.1+ds-1build1).
verify	Run pnpm exec playwright install --with-deps chromium	2026-10-06T10:24:41.6339815Z libpango-1.0-0 set to manually installed.
verify	Run pnpm exec playwright install --with-deps chromium	2026-10-06T10:24:41.6340263Z libx11-6 is already the newest version (2:1.8.7-1build1).
verify	Run pnpm exec playwright install --with-deps chromium	2026-10-06T10:24:41.6340680Z libx11-6 set to manually installed.
verify	Run pnpm exec playwright install --with-deps chromium	2026-10-06T10:24:41.6341078Z libxcb1 is already the newest version (1.15-1ubuntu2).
verify	Run pnpm exec playwright install --with-deps chromium	2026-10-06T10:24:41.6341473Z libxcb1 set to manually installed.
verify	Run pnpm exec playwright install --with-deps chromium	2026-10-06T10:24:41.6341915Z libxcomposite1 is already the newest version (1:0.4.5-1build3).
verify	Run pnpm exec playwright install --with-deps chromium	2026-10-06T10:24:41.6342363Z libxcomposite1 set to manually installed.
verify	Run pnpm exec playwright install --with-deps chromium	2026-10-06T10:24:41.6342786Z libxdamage1 is already the newest version (1:1.1.6-1build1).
verify	Run pnpm exec playwright install --with-deps chromium	2026-10-06T10:24:41.6343177Z libxdamage1 set to manually installed.
verify	Run pnpm exec playwright install --with-deps chromium	2026-10-06T10:24:41.6343568Z libxext6 is already the newest version (2:1.3.4-1build2).
verify	Run pnpm exec playwright install --with-deps chromium	2026-10-06T10:24:41.6343944Z libxext6 set to manually installed.
verify	Run pnpm exec playwright install --with-deps chromium	2026-10-06T10:24:41.6344336Z libxfixes3 is already the newest version (1:6.0.0-2build1).
verify	Run pnpm exec playwright install --with-deps chromium	2026-10-06T10:24:41.6344723Z libxfixes3 set to manually installed.
verify	Run pnpm exec playwright install --with-deps chromium	2026-10-06T10:24:41.6345129Z libxkbcommon0 is already the newest version (1.6.0-1build1).
verify	Run pnpm exec playwright install --with-deps chromium	2026-10-06T10:24:41.6345526Z libxkbcommon0 set to manually installed.
verify	Run pnpm exec playwright install --with-deps chromium	2026-10-06T10:24:41.6345932Z libxrandr2 is already the newest version (2:1.5.2-2build1).
verify	Run pnpm exec playwright install --with-deps chromium	2026-10-06T10:24:41.6346312Z libxrandr2 set to manually installed.
verify	Run pnpm exec playwright install --with-deps chromium	2026-10-06T10:24:41.6346714Z xvfb is already the newest version (2:21.1.12-1ubuntu1.8).
verify	Run pnpm exec playwright install --with-deps chromium	2026-10-06T10:24:41.6347261Z fonts-noto-color-emoji is already the newest version (2.047-0ubuntu0.24.04.1).
verify	Run pnpm exec playwright install --with-deps chromium	2026-10-06T10:24:41.6347837Z libfontconfig1 is already the newest version (2.15.0-1.1ubuntu2).
verify	Run pnpm exec playwright install --with-deps chromium	2026-10-06T10:24:41.6348264Z libfontconfig1 set to manually installed.
verify	Run pnpm exec playwright install --with-deps chromium	2026-10-06T10:24:41.6348710Z libfreetype6 is already the newest version (2.13.2+dfsg-1ubuntu0.1).
verify	Run pnpm exec playwright install --with-deps chromium	2026-10-06T10:24:41.6349135Z libfreetype6 set to manually installed.
verify	Run pnpm exec playwright install --with-deps chromium	2026-10-06T10:24:41.6349697Z fonts-liberation is already the newest version (1:2.1.5-3).
verify	Run pnpm exec playwright install --with-deps chromium	2026-10-06T10:24:41.6350118Z fonts-liberation set to manually installed.
verify	Run pnpm exec playwright install --with-deps chromium	2026-10-06T10:24:41.6350520Z The following additional packages will be installed:
verify	Run pnpm exec playwright install --with-deps chromium	2026-10-06T10:24:41.6351388Z   libgl1-mesa-dri libglx-mesa0 mesa-libgallium xfonts-encodings xfonts-utils
verify	Run pnpm exec playwright install --with-deps chromium	2026-10-06T10:24:41.6351828Z Recommended packages:
verify	Run pnpm exec playwright install --with-deps chromium	2026-10-06T10:24:41.6352113Z   fonts-ipafont-mincho fonts-tlwg-loma
verify	Run pnpm exec playwright install --with-deps chromium	2026-10-06T10:24:41.6551982Z The following NEW packages will be installed:
verify	Run pnpm exec playwright install --with-deps chromium	2026-10-06T10:24:41.6552608Z   fonts-freefont-ttf fonts-ipafont-gothic fonts-tlwg-loma-otf fonts-unifont
verify	Run pnpm exec playwright install --with-deps chromium	2026-10-06T10:24:41.6562906Z   fonts-wqy-zenhei xfonts-cyrillic xfonts-encodings xfonts-scalable
verify	Run pnpm exec playwright install --with-deps chromium	2026-10-06T10:24:41.6563442Z   xfonts-utils
verify	Run pnpm exec playwright install --with-deps chromium	2026-10-06T10:24:41.6569981Z The following packages will be upgraded:
verify	Run pnpm exec playwright install --with-deps chromium	2026-10-06T10:24:41.6576591Z   libgbm1 libgl1-mesa-dri libglx-mesa0 mesa-libgallium
verify	Run pnpm exec playwright install --with-deps chromium	2026-10-06T10:24:41.6743510Z 4 upgraded, 9 newly installed, 0 to remove and 21 not upgraded.
verify	Run pnpm exec playwright install --with-deps chromium	2026-10-06T10:24:41.6744356Z Need to get 32.1 MB of archives.
verify	Run pnpm exec playwright install --with-deps chromium	2026-10-06T10:24:41.6745154Z After this operation, 79.5 MB of additional disk space will be used.
verify	Run pnpm exec playwright install --with-deps chromium	2026-10-06T10:24:41.6746055Z Get:1 file:/etc/apt/apt-mirrors.txt Mirrorlist [144 B]
verify	Run pnpm exec playwright install --with-deps chromium	2026-10-06T10:24:41.7662620Z Get:2 http://azure.archive.ubuntu.com/ubuntu noble/universe amd64 fonts-ipafont-gothic all 00303-21ubuntu1 [3513 kB]
verify	Run pnpm exec playwright install --with-deps chromium	2026-10-06T10:24:41.9195733Z Get:3 http://azure.archive.ubuntu.com/ubuntu noble/main amd64 fonts-freefont-ttf all 20211204+svn4273-2 [5641 kB]
verify	Run pnpm exec playwright install --with-deps chromium	2026-10-06T10:24:42.0842043Z Get:4 http://azure.archive.ubuntu.com/ubuntu noble/universe amd64 fonts-tlwg-loma-otf all 1:0.7.3-1 [107 kB]
verify	Run pnpm exec playwright install --with-deps chromium	2026-10-06T10:24:42.1574503Z Get:5 http://azure.archive.ubuntu.com/ubuntu noble/universe amd64 fonts-unifont all 1:15.1.01-1build1 [2993 kB]
verify	Run pnpm exec playwright install --with-deps chromium	2026-10-06T10:24:42.2540057Z Get:6 http://azure.archive.ubuntu.com/ubuntu noble/universe amd64 fonts-wqy-zenhei all 0.9.45-8 [7472 kB]
verify	Run pnpm exec playwright install --with-deps chromium	2026-10-06T10:24:42.4806323Z Get:7 http://azure.archive.ubuntu.com/ubuntu noble-updates/main amd64 libgl1-mesa-dri amd64 25.2.8-0ubuntu0.24.04.4 [38.0 kB]
verify	Run pnpm exec playwright install --with-deps chromium	2026-10-06T10:24:42.5534668Z Get:8 http://azure.archive.ubuntu.com/ubuntu noble-updates/main amd64 libglx-mesa0 amd64 25.2.8-0ubuntu0.24.04.4 [110 kB]
verify	Run pnpm exec playwright install --with-deps chromium	2026-10-06T10:24:42.6267102Z Get:9 http://azure.archive.ubuntu.com/ubuntu noble-updates/main amd64 libgbm1 amd64 25.2.8-0ubuntu0.24.04.4 [34.2 kB]
verify	Run pnpm exec playwright install --with-deps chromium	2026-10-06T10:24:42.7000206Z Get:10 http://azure.archive.ubuntu.com/ubuntu noble-updates/main amd64 mesa-libgallium amd64 25.2.8-0ubuntu0.24.04.4 [10.8 MB]
verify	Run pnpm exec playwright install --with-deps chromium	2026-10-06T10:24:43.0266440Z Get:11 http://azure.archive.ubuntu.com/ubuntu noble/main amd64 xfonts-encodings all 1:1.0.5-0ubuntu2 [578 kB]
verify	Run pnpm exec playwright install --with-deps chromium	2026-10-06T10:24:43.1120304Z Get:12 http://azure.archive.ubuntu.com/ubuntu noble/main amd64 xfonts-utils amd64 1:7.7+6build3 [94.4 kB]
verify	Run pnpm exec playwright install --with-deps chromium	2026-10-06T10:24:43.1859186Z Get:13 http://azure.archive.ubuntu.com/ubuntu noble/universe amd64 xfonts-cyrillic all 1:1.0.5+nmu1 [384 kB]
verify	Run pnpm exec playwright install --with-deps chromium	2026-10-06T10:24:43.2667048Z Get:14 http://azure.archive.ubuntu.com/ubuntu noble/main amd64 xfonts-scalable all 1:1.0.3-1.3 [304 kB]
verify	Run pnpm exec playwright install --with-deps chromium	2026-10-06T10:24:43.5280401Z Fetched 32.1 MB in 2s (19.9 MB/s)
verify	Run pnpm exec playwright install --with-deps chromium	2026-10-06T10:24:43.6362172Z Selecting previously unselected package fonts-ipafont-gothic.
verify	Run pnpm exec playwright install --with-deps chromium	2026-10-06T10:24:43.6633436Z (Reading database ... 
verify	Run pnpm exec playwright install --with-deps chromium	2026-10-06T10:24:43.6634001Z (Reading database ... 5%
verify	Run pnpm exec playwright install --with-deps chromium	2026-10-06T10:24:43.6634313Z (Reading database ... 10%
verify	Run pnpm exec playwright install --with-deps chromium	2026-10-06T10:24:43.6634581Z (Reading database ... 15%
verify	Run pnpm exec playwright install --with-deps chromium	2026-10-06T10:24:43.6634838Z (Reading database ... 20%
verify	Run pnpm exec playwright install --with-deps chromium	2026-10-06T10:24:43.6635085Z (Reading database ... 25%
verify	Run pnpm exec playwright install --with-deps chromium	2026-10-06T10:24:43.6635348Z (Reading database ... 30%
verify	Run pnpm exec playwright install --with-deps chromium	2026-10-06T10:24:43.6635591Z (Reading database ... 35%
verify	Run pnpm exec playwright install --with-deps chromium	2026-10-06T10:24:43.6635831Z (Reading database ... 40%
verify	Run pnpm exec playwright install --with-deps chromium	2026-10-06T10:24:43.6636079Z (Reading database ... 45%
verify	Run pnpm exec playwright install --with-deps chromium	2026-10-06T10:24:43.6636314Z (Reading database ... 50%
verify	Run pnpm exec playwright install --with-deps chromium	2026-10-06T10:24:43.6678997Z (Reading database ... 55%
verify	Run pnpm exec playwright install --with-deps chromium	2026-10-06T10:24:43.7920278Z (Reading database ... 60%
verify	Run pnpm exec playwright install --with-deps chromium	2026-10-06T10:24:43.9824481Z (Reading database ... 65%
verify	Run pnpm exec playwright install --with-deps chromium	2026-10-06T10:24:44.1883175Z (Reading database ... 70%
verify	Run pnpm exec playwright install --with-deps chromium	2026-10-06T10:24:44.3916769Z (Reading database ... 75%
verify	Run pnpm exec playwright install --with-deps chromium	2026-10-06T10:24:44.5361638Z (Reading database ... 80%
verify	Run pnpm exec playwright install --with-deps chromium	2026-10-06T10:24:44.7404033Z (Reading database ... 85%
verify	Run pnpm exec playwright install --with-deps chromium	2026-10-06T10:24:44.9373038Z (Reading database ... 90%
verify	Run pnpm exec playwright install --with-deps chromium	2026-10-06T10:24:45.0990698Z (Reading database ... 95%
verify	Run pnpm exec playwright install --with-deps chromium	2026-10-06T10:24:45.0991239Z (Reading database ... 100%
verify	Run pnpm exec playwright install --with-deps chromium	2026-10-06T10:24:45.0991969Z (Reading database ... 202296 files and directories currently installed.)
verify	Run pnpm exec playwright install --with-deps chromium	2026-10-06T10:24:45.1033297Z Preparing to unpack .../00-fonts-ipafont-gothic_00303-21ubuntu1_all.deb ...
verify	Run pnpm exec playwright install --with-deps chromium	2026-10-06T10:24:45.1124685Z Unpacking fonts-ipafont-gothic (00303-21ubuntu1) ...
verify	Run pnpm exec playwright install --with-deps chromium	2026-10-06T10:24:45.3410003Z Selecting previously unselected package fonts-freefont-ttf.
verify	Run pnpm exec playwright install --with-deps chromium	2026-10-06T10:24:45.3534453Z Preparing to unpack .../01-fonts-freefont-ttf_20211204+svn4273-2_all.deb ...
verify	Run pnpm exec playwright install --with-deps chromium	2026-10-06T10:24:45.3540427Z Unpacking fonts-freefont-ttf (20211204+svn4273-2) ...
verify	Run pnpm exec playwright install --with-deps chromium	2026-10-06T10:24:45.4291818Z Selecting previously unselected package fonts-tlwg-loma-otf.
verify	Run pnpm exec playwright install --with-deps chromium	2026-10-06T10:24:45.4416209Z Preparing to unpack .../02-fonts-tlwg-loma-otf_1%3a0.7.3-1_all.deb ...
verify	Run pnpm exec playwright install --with-deps chromium	2026-10-06T10:24:45.4422376Z Unpacking fonts-tlwg-loma-otf (1:0.7.3-1) ...
verify	Run pnpm exec playwright install --with-deps chromium	2026-10-06T10:24:45.4633512Z Selecting previously unselected package fonts-unifont.
verify	Run pnpm exec playwright install --with-deps chromium	2026-10-06T10:24:45.4755373Z Preparing to unpack .../03-fonts-unifont_1%3a15.1.01-1build1_all.deb ...
verify	Run pnpm exec playwright install --with-deps chromium	2026-10-06T10:24:45.4761890Z Unpacking fonts-unifont (1:15.1.01-1build1) ...
verify	Run pnpm exec playwright install --with-deps chromium	2026-10-06T10:24:45.5791589Z Selecting previously unselected package fonts-wqy-zenhei.
verify	Run pnpm exec playwright install --with-deps chromium	2026-10-06T10:24:45.5916274Z Preparing to unpack .../04-fonts-wqy-zenhei_0.9.45-8_all.deb ...
verify	Run pnpm exec playwright install --with-deps chromium	2026-10-06T10:24:45.6010686Z Unpacking fonts-wqy-zenhei (0.9.45-8) ...
verify	Run pnpm exec playwright install --with-deps chromium	2026-10-06T10:24:46.0724730Z Preparing to unpack .../05-libgl1-mesa-dri_25.2.8-0ubuntu0.24.04.4_amd64.deb ...
verify	Run pnpm exec playwright install --with-deps chromium	2026-10-06T10:24:46.0862052Z Unpacking libgl1-mesa-dri:amd64 (25.2.8-0ubuntu0.24.04.4) over (25.2.8-0ubuntu0.24.04.2) ...
verify	Run pnpm exec playwright install --with-deps chromium	2026-10-06T10:24:46.1345838Z Preparing to unpack .../06-libglx-mesa0_25.2.8-0ubuntu0.24.04.4_amd64.deb ...
verify	Run pnpm exec playwright install --with-deps chromium	2026-10-06T10:24:46.1377968Z Unpacking libglx-mesa0:amd64 (25.2.8-0ubuntu0.24.04.4) over (25.2.8-0ubuntu0.24.04.2) ...
verify	Run pnpm exec playwright install --with-deps chromium	2026-10-06T10:24:46.1724365Z Preparing to unpack .../07-libgbm1_25.2.8-0ubuntu0.24.04.4_amd64.deb ...
verify	Run pnpm exec playwright install --with-deps chromium	2026-10-06T10:24:46.1748753Z Unpacking libgbm1:amd64 (25.2.8-0ubuntu0.24.04.4) over (25.2.8-0ubuntu0.24.04.2) ...
verify	Run pnpm exec playwright install --with-deps chromium	2026-10-06T10:24:46.2091174Z Preparing to unpack .../08-mesa-libgallium_25.2.8-0ubuntu0.24.04.4_amd64.deb ...
verify	Run pnpm exec playwright install --with-deps chromium	2026-10-06T10:24:46.2112781Z Unpacking mesa-libgallium:amd64 (25.2.8-0ubuntu0.24.04.4) over (25.2.8-0ubuntu0.24.04.2) ...
verify	Run pnpm exec playwright install --with-deps chromium	2026-10-06T10:24:46.3789943Z Selecting previously unselected package xfonts-encodings.
verify	Run pnpm exec playwright install --with-deps chromium	2026-10-06T10:24:46.3913569Z Preparing to unpack .../09-xfonts-encodings_1%3a1.0.5-0ubuntu2_all.deb ...
verify	Run pnpm exec playwright install --with-deps chromium	2026-10-06T10:24:46.3919599Z Unpacking xfonts-encodings (1:1.0.5-0ubuntu2) ...
verify	Run pnpm exec playwright install --with-deps chromium	2026-10-06T10:24:46.4190320Z Selecting previously unselected package xfonts-utils.
verify	Run pnpm exec playwright install --with-deps chromium	2026-10-06T10:24:46.4312854Z Preparing to unpack .../10-xfonts-utils_1%3a7.7+6build3_amd64.deb ...
verify	Run pnpm exec playwright install --with-deps chromium	2026-10-06T10:24:46.4319976Z Unpacking xfonts-utils (1:7.7+6build3) ...
verify	Run pnpm exec playwright install --with-deps chromium	2026-10-06T10:24:46.5248444Z Selecting previously unselected package xfonts-cyrillic.
verify	Run pnpm exec playwright install --with-deps chromium	2026-10-06T10:24:46.5371082Z Preparing to unpack .../11-xfonts-cyrillic_1%3a1.0.5+nmu1_all.deb ...
verify	Run pnpm exec playwright install --with-deps chromium	2026-10-06T10:24:46.5377993Z Unpacking xfonts-cyrillic (1:1.0.5+nmu1) ...
verify	Run pnpm exec playwright install --with-deps chromium	2026-10-06T10:24:46.5702288Z Selecting previously unselected package xfonts-scalable.
verify	Run pnpm exec playwright install --with-deps chromium	2026-10-06T10:24:46.5824513Z Preparing to unpack .../12-xfonts-scalable_1%3a1.0.3-1.3_all.deb ...
verify	Run pnpm exec playwright install --with-deps chromium	2026-10-06T10:24:46.5833214Z Unpacking xfonts-scalable (1:1.0.3-1.3) ...
verify	Run pnpm exec playwright install --with-deps chromium	2026-10-06T10:24:46.6255104Z Setting up mesa-libgallium:amd64 (25.2.8-0ubuntu0.24.04.4) ...
verify	Run pnpm exec playwright install --with-deps chromium	2026-10-06T10:24:46.6274510Z Setting up libgbm1:amd64 (25.2.8-0ubuntu0.24.04.4) ...
verify	Run pnpm exec playwright install --with-deps chromium	2026-10-06T10:24:46.6290625Z Setting up libgl1-mesa-dri:amd64 (25.2.8-0ubuntu0.24.04.4) ...
verify	Run pnpm exec playwright install --with-deps chromium	2026-10-06T10:24:46.6370204Z Setting up fonts-wqy-zenhei (0.9.45-8) ...
verify	Run pnpm exec playwright install --with-deps chromium	2026-10-06T10:24:46.6479742Z Setting up fonts-freefont-ttf (20211204+svn4273-2) ...
verify	Run pnpm exec playwright install --with-deps chromium	2026-10-06T10:24:46.6500395Z Setting up fonts-tlwg-loma-otf (1:0.7.3-1) ...
verify	Run pnpm exec playwright install --with-deps chromium	2026-10-06T10:24:46.6519991Z Setting up xfonts-encodings (1:1.0.5-0ubuntu2) ...
verify	Run pnpm exec playwright install --with-deps chromium	2026-10-06T10:24:46.6537941Z Setting up fonts-ipafont-gothic (00303-21ubuntu1) ...
verify	Run pnpm exec playwright install --with-deps chromium	2026-10-06T10:24:46.6602855Z update-alternatives: using /usr/share/fonts/opentype/ipafont-gothic/ipag.ttf to provide /usr/share/fonts/truetype/fonts-japanese-gothic.ttf (fonts-japanese-gothic.ttf) in auto mode
verify	Run pnpm exec playwright install --with-deps chromium	2026-10-06T10:24:46.6627130Z Setting up fonts-unifont (1:15.1.01-1build1) ...
verify	Run pnpm exec playwright install --with-deps chromium	2026-10-06T10:24:46.6646222Z Setting up libglx-mesa0:amd64 (25.2.8-0ubuntu0.24.04.4) ...
verify	Run pnpm exec playwright install --with-deps chromium	2026-10-06T10:24:46.6665248Z Setting up xfonts-utils (1:7.7+6build3) ...
verify	Run pnpm exec playwright install --with-deps chromium	2026-10-06T10:24:46.6703389Z Setting up xfonts-cyrillic (1:1.0.5+nmu1) ...
verify	Run pnpm exec playwright install --with-deps chromium	2026-10-06T10:24:46.7066346Z Setting up xfonts-scalable (1:1.0.3-1.3) ...
verify	Run pnpm exec playwright install --with-deps chromium	2026-10-06T10:24:46.7336511Z Processing triggers for libc-bin (2.39-0ubuntu8.9) ...
verify	Run pnpm exec playwright install --with-deps chromium	2026-10-06T10:24:46.7656584Z Processing triggers for man-db (2.12.0-4build2) ...
verify	Run pnpm exec playwright install --with-deps chromium	2026-10-06T10:24:46.7678329Z Not building database; man-db/auto-update is not 'true'.
verify	Run pnpm exec playwright install --with-deps chromium	2026-10-06T10:24:46.7690697Z Processing triggers for fontconfig (2.15.0-1.1ubuntu2) ...
verify	Run pnpm exec playwright install --with-deps chromium	2026-10-06T10:24:47.5939836Z 
verify	Run pnpm exec playwright install --with-deps chromium	2026-10-06T10:24:47.5940518Z Running kernel seems to be up-to-date.
verify	Run pnpm exec playwright install --with-deps chromium	2026-10-06T10:24:47.5940918Z 
verify	Run pnpm exec playwright install --with-deps chromium	2026-10-06T10:24:47.5941233Z No services need to be restarted.
verify	Run pnpm exec playwright install --with-deps chromium	2026-10-06T10:24:47.5941563Z 
verify	Run pnpm exec playwright install --with-deps chromium	2026-10-06T10:24:47.5942375Z No containers need to be restarted.
verify	Run pnpm exec playwright install --with-deps chromium	2026-10-06T10:24:47.5942822Z 
verify	Run pnpm exec playwright install --with-deps chromium	2026-10-06T10:24:47.5943372Z No user sessions are running outdated binaries.
verify	Run pnpm exec playwright install --with-deps chromium	2026-10-06T10:24:47.5943769Z 
verify	Run pnpm exec playwright install --with-deps chromium	2026-10-06T10:24:47.5944261Z No VM guests are running outdated hypervisor (qemu) binaries on this host.
verify	Run pnpm exec playwright install --with-deps chromium	2026-10-06T10:24:48.4064703Z Downloading Chrome for Testing 151.0.7922.34 (playwright chromium v1234) from https://cdn.playwright.dev/builds/cft/151.0.7922.34/linux64/chrome-linux64.zip
verify	Run pnpm exec playwright install --with-deps chromium	2026-10-06T10:24:49.4142139Z |                                                                                |   0% of 184.3 MiB
verify	Run pnpm exec playwright install --with-deps chromium	2026-10-06T10:24:49.5917722Z |■■■■■■■■                                                                        |  10% of 184.3 MiB
verify	Run pnpm exec playwright install --with-deps chromium	2026-10-06T10:24:49.6839802Z |■■■■■■■■■■■■■■■■                                                                |  20% of 184.3 MiB
verify	Run pnpm exec playwright install --with-deps chromium	2026-10-06T10:24:49.7798188Z |■■■■■■■■■■■■■■■■■■■■■■■■                                                        |  30% of 184.3 MiB
verify	Run pnpm exec playwright install --with-deps chromium	2026-10-06T10:24:49.8797879Z |■■■■■■■■■■■■■■■■■■■■■■■■■■■■■■■■                                                |  40% of 184.3 MiB
verify	Run pnpm exec playwright install --with-deps chromium	2026-10-06T10:24:49.9842546Z |■■■■■■■■■■■■■■■■■■■■■■■■■■■■■■■■■■■■■■■■                                        |  50% of 184.3 MiB
verify	Run pnpm exec playwright install --with-deps chromium	2026-10-06T10:24:50.0798994Z |■■■■■■■■■■■■■■■■■■■■■■■■■■■■■■■■■■■■■■■■■■■■■■■■                                |  60% of 184.3 MiB
verify	Run pnpm exec playwright install --with-deps chromium	2026-10-06T10:24:50.1741707Z |■■■■■■■■■■■■■■■■■■■■■■■■■■■■■■■■■■■■■■■■■■■■■■■■■■■■■■■■                        |  70% of 184.3 MiB
verify	Run pnpm exec playwright install --with-deps chromium	2026-10-06T10:24:50.2664671Z |■■■■■■■■■■■■■■■■■■■■■■■■■■■■■■■■■■■■■■■■■■■■■■■■■■■■■■■■■■■■■■■■                |  80% of 184.3 MiB
verify	Run pnpm exec playwright install --with-deps chromium	2026-10-06T10:24:50.3764549Z |■■■■■■■■■■■■■■■■■■■■■■■■■■■■■■■■■■■■■■■■■■■■■■■■■■■■■■■■■■■■■■■■■■■■■■■■        |  90% of 184.3 MiB
verify	Run pnpm exec playwright install --with-deps chromium	2026-10-06T10:24:50.4701152Z |■■■■■■■■■■■■■■■■■■■■■■■■■■■■■■■■■■■■■■■■■■■■■■■■■■■■■■■■■■■■■■■■■■■■■■■■■■■■■■■■| 100% of 184.3 MiB
verify	Run pnpm exec playwright install --with-deps chromium	2026-10-06T10:24:53.5893623Z Chrome for Testing 151.0.7922.34 (playwright chromium v1234) downloaded to /home/runner/.cache/ms-playwright/chromium-1234
verify	Run pnpm exec playwright install --with-deps chromium	2026-10-06T10:24:53.5899527Z Downloading FFmpeg (playwright ffmpeg v1011) from https://cdn.playwright.dev/dbazure/download/playwright/builds/ffmpeg/1011/ffmpeg-linux.zip
verify	Run pnpm exec playwright install --with-deps chromium	2026-10-06T10:24:54.5410879Z |                                                                                |   0% of 2.3 MiB
verify	Run pnpm exec playwright install --with-deps chromium	2026-10-06T10:24:54.5447512Z |■■■■■■■■                                                                        |  10% of 2.3 MiB
verify	Run pnpm exec playwright install --with-deps chromium	2026-10-06T10:24:54.5474926Z |■■■■■■■■■■■■■■■■                                                                |  20% of 2.3 MiB
verify	Run pnpm exec playwright install --with-deps chromium	2026-10-06T10:24:54.5503350Z |■■■■■■■■■■■■■■■■■■■■■■■■                                                        |  30% of 2.3 MiB
verify	Run pnpm exec playwright install --with-deps chromium	2026-10-06T10:24:54.5516574Z |■■■■■■■■■■■■■■■■■■■■■■■■■■■■■■■■                                                |  40% of 2.3 MiB
verify	Run pnpm exec playwright install --with-deps chromium	2026-10-06T10:24:54.5530075Z |■■■■■■■■■■■■■■■■■■■■■■■■■■■■■■■■■■■■■■■■                                        |  50% of 2.3 MiB
verify	Run pnpm exec playwright install --with-deps chromium	2026-10-06T10:24:54.5541888Z |■■■■■■■■■■■■■■■■■■■■■■■■■■■■■■■■■■■■■■■■■■■■■■■■                                |  60% of 2.3 MiB
verify	Run pnpm exec playwright install --with-deps chromium	2026-10-06T10:24:54.5557957Z |■■■■■■■■■■■■■■■■■■■■■■■■■■■■■■■■■■■■■■■■■■■■■■■■■■■■■■■■                        |  70% of 2.3 MiB
verify	Run pnpm exec playwright install --with-deps chromium	2026-10-06T10:24:54.5573453Z |■■■■■■■■■■■■■■■■■■■■■■■■■■■■■■■■■■■■■■■■■■■■■■■■■■■■■■■■■■■■■■■■                |  80% of 2.3 MiB
verify	Run pnpm exec playwright install --with-deps chromium	2026-10-06T10:24:54.5586444Z |■■■■■■■■■■■■■■■■■■■■■■■■■■■■■■■■■■■■■■■■■■■■■■■■■■■■■■■■■■■■■■■■■■■■■■■■        |  90% of 2.3 MiB
verify	Run pnpm exec playwright install --with-deps chromium	2026-10-06T10:24:54.5600454Z |■■■■■■■■■■■■■■■■■■■■■■■■■■■■■■■■■■■■■■■■■■■■■■■■■■■■■■■■■■■■■■■■■■■■■■■■■■■■■■■■| 100% of 2.3 MiB
verify	Run pnpm exec playwright install --with-deps chromium	2026-10-06T10:24:54.6216688Z FFmpeg (playwright ffmpeg v1011) downloaded to /home/runner/.cache/ms-playwright/ffmpeg-1011
verify	Run pnpm exec playwright install --with-deps chromium	2026-10-06T10:24:54.6220329Z Downloading Chrome Headless Shell 151.0.7922.34 (playwright chromium-headless-shell v1234) from https://cdn.playwright.dev/builds/cft/151.0.7922.34/linux64/chrome-headless-shell-linux64.zip
verify	Run pnpm exec playwright install --with-deps chromium	2026-10-06T10:24:55.6559145Z |                                                                                |   0% of 114.7 MiB
verify	Run pnpm exec playwright install --with-deps chromium	2026-10-06T10:24:55.8005028Z |■■■■■■■■                                                                        |  10% of 114.7 MiB
verify	Run pnpm exec playwright install --with-deps chromium	2026-10-06T10:24:55.9144569Z |■■■■■■■■■■■■■■■■                                                                |  20% of 114.7 MiB
verify	Run pnpm exec playwright install --with-deps chromium	2026-10-06T10:24:55.9925040Z |■■■■■■■■■■■■■■■■■■■■■■■■                                                        |  30% of 114.7 MiB
verify	Run pnpm exec playwright install --with-deps chromium	2026-10-06T10:24:56.1007393Z |■■■■■■■■■■■■■■■■■■■■■■■■■■■■■■■■                                                |  40% of 114.7 MiB
verify	Run pnpm exec playwright install --with-deps chromium	2026-10-06T10:24:56.2164262Z |■■■■■■■■■■■■■■■■■■■■■■■■■■■■■■■■■■■■■■■■                                        |  50% of 114.7 MiB
verify	Run pnpm exec playwright install --with-deps chromium	2026-10-06T10:24:56.3335685Z |■■■■■■■■■■■■■■■■■■■■■■■■■■■■■■■■■■■■■■■■■■■■■■■■                                |  60% of 114.7 MiB
verify	Run pnpm exec playwright install --with-deps chromium	2026-10-06T10:24:56.3967921Z |■■■■■■■■■■■■■■■■■■■■■■■■■■■■■■■■■■■■■■■■■■■■■■■■■■■■■■■■                        |  70% of 114.7 MiB
verify	Run pnpm exec playwright install --with-deps chromium	2026-10-06T10:24:56.5229204Z |■■■■■■■■■■■■■■■■■■■■■■■■■■■■■■■■■■■■■■■■■■■■■■■■■■■■■■■■■■■■■■■■                |  80% of 114.7 MiB
verify	Run pnpm exec playwright install --with-deps chromium	2026-10-06T10:24:56.6283737Z |■■■■■■■■■■■■■■■■■■■■■■■■■■■■■■■■■■■■■■■■■■■■■■■■■■■■■■■■■■■■■■■■■■■■■■■■        |  90% of 114.7 MiB
verify	Run pnpm exec playwright install --with-deps chromium	2026-10-06T10:24:56.7355487Z |■■■■■■■■■■■■■■■■■■■■■■■■■■■■■■■■■■■■■■■■■■■■■■■■■■■■■■■■■■■■■■■■■■■■■■■■■■■■■■■■| 100% of 114.7 MiB
verify	Run pnpm exec playwright install --with-deps chromium	2026-10-06T10:24:58.9949753Z Chrome Headless Shell 151.0.7922.34 (playwright chromium-headless-shell v1234) downloaded to /home/runner/.cache/ms-playwright/chromium_headless_shell-1234
verify	Run pnpm verify	﻿2026-10-06T10:24:59.0226652Z ##[group]Run pnpm verify
verify	Run pnpm verify	2026-10-06T10:24:59.0227182Z ^[[36;1mpnpm verify^[[0m
verify	Run pnpm verify	2026-10-06T10:24:59.0316168Z shell: /usr/bin/bash -e {0}
verify	Run pnpm verify	2026-10-06T10:24:59.0316434Z env:
verify	Run pnpm verify	2026-10-06T10:24:59.0316692Z   PNPM_HOME: /home/runner/setup-pnpm/node_modules/.bin
verify	Run pnpm verify	2026-10-06T10:24:59.0317011Z ##[endgroup]
verify	Run pnpm verify	2026-10-06T10:24:59.3169780Z 
verify	Run pnpm verify	2026-10-06T10:24:59.3170934Z > food-digester-platform@0.0.0 verify /home/runner/work/food-digester-platform/food-digester-platform
verify	Run pnpm verify	2026-10-06T10:24:59.3175336Z > pnpm lint && pnpm format:check && pnpm typecheck && pnpm openapi:check && pnpm test && pnpm build && pnpm check:boundaries && pnpm check:schemas && pnpm check:migrations && pnpm check:evidence && pnpm check:secrets && pnpm check:sensitive-sinks && pnpm check:admin-web-delivery && pnpm check:admin-web-e2e && pnpm check:cmd-ota-delivery && pnpm test:device-contracts /tmp/fdp-device-contracts-gate.json && pnpm test:iot-integration /tmp/fdp-iot-integration-gate.json && pnpm test:core-api-integration /tmp/fdp-core-api-integration-gate.json && pnpm test:admin-e2e-suite /tmp/fdp-admin-e2e-gate.json && pnpm test:security-suite /tmp/fdp-security-gate.json && pnpm test:reliability-suite /tmp/fdp-reliability-gate.json && pnpm test:prototype-regression /tmp/fdp-prototype-regression-gate.json
verify	Run pnpm verify	2026-10-06T10:24:59.3178848Z 
verify	Run pnpm verify	2026-10-06T10:24:59.6166535Z 
verify	Run pnpm verify	2026-10-06T10:24:59.6167512Z > food-digester-platform@0.0.0 lint /home/runner/work/food-digester-platform/food-digester-platform
verify	Run pnpm verify	2026-10-06T10:24:59.6168084Z > eslint .
verify	Run pnpm verify	2026-10-06T10:24:59.6168210Z 
verify	Run pnpm verify	2026-10-06T10:25:12.6106942Z 
verify	Run pnpm verify	2026-10-06T10:25:12.6107852Z > food-digester-platform@0.0.0 format:check /home/runner/work/food-digester-platform/food-digester-platform
verify	Run pnpm verify	2026-10-06T10:25:12.6108515Z > prettier --check .
verify	Run pnpm verify	2026-10-06T10:25:12.6108670Z 
verify	Run pnpm verify	2026-10-06T10:25:12.6929022Z Checking formatting...
verify	Run pnpm verify	2026-10-06T10:25:26.4301104Z All matched files use Prettier code style!
verify	Run pnpm verify	2026-10-06T10:25:26.7848321Z 
verify	Run pnpm verify	2026-10-06T10:25:26.7849258Z > food-digester-platform@0.0.0 typecheck /home/runner/work/food-digester-platform/food-digester-platform
verify	Run pnpm verify	2026-10-06T10:25:26.7850317Z > turbo run typecheck
verify	Run pnpm verify	2026-10-06T10:25:26.7850496Z 
verify	Run pnpm verify	2026-10-06T10:25:26.8196045Z 
verify	Run pnpm verify	2026-10-06T10:25:26.8200221Z Attention:
verify	Run pnpm verify	2026-10-06T10:25:26.8202683Z Turborepo now collects completely anonymous telemetry regarding usage.
verify	Run pnpm verify	2026-10-06T10:25:26.8240639Z This information is used to shape the Turborepo roadmap and prioritize features.
verify	Run pnpm verify	2026-10-06T10:25:26.8270815Z You can learn more, including how to opt-out if you'd not like to participate in this anonymous program, by visiting the following URL:
verify	Run pnpm verify	2026-10-06T10:25:26.8296106Z https://turborepo.dev/docs/telemetry
verify	Run pnpm verify	2026-10-06T10:25:26.8319920Z 
verify	Run pnpm verify	2026-10-06T10:25:26.8372474Z 
verify	Run pnpm verify	2026-10-06T10:25:26.8374775Z    • Packages in scope: @fdp/admin-web, @fdp/archive-worker, @fdp/auth, @fdp/aws-clients, @fdp/cloud-api, @fdp/contracts, @fdp/database, @fdp/domain, @fdp/infra, @fdp/ingestion-worker, @fdp/media, @fdp/observability, @fdp/summary-worker
verify	Run pnpm verify	2026-10-06T10:25:26.8376308Z    • Running typecheck in 13 packages
verify	Run pnpm verify	2026-10-06T10:25:26.8377177Z    • Remote caching disabled
verify	Run pnpm verify	2026-10-06T10:25:26.8377492Z 
verify	Run pnpm verify	2026-10-06T10:25:28.0790821Z ##[group]@fdp/contracts:build
verify	Run pnpm verify	2026-10-06T10:25:28.0813636Z cache miss, executing badb40bf08f6da73
verify	Run pnpm verify	2026-10-06T10:25:28.0903758Z 
verify	Run pnpm verify	2026-10-06T10:25:28.0960880Z > @fdp/contracts@0.0.0 build /home/runner/work/food-digester-platform/food-digester-platform/contracts
verify	Run pnpm verify	2026-10-06T10:25:28.1031002Z > node -e "console.log('@fdp/contracts 为源码契约包：内部使用 .ts 扩展名互引，不经 tsc 构建；消费方经 tsx/打包器直接使用源码')"
verify	Run pnpm verify	2026-10-06T10:25:28.1069775Z 
verify	Run pnpm verify	2026-10-06T10:25:28.1140950Z @fdp/contracts 为源码契约包：内部使用 .ts 扩展名互引，不经 tsc 构建；消费方经 tsx/打包器直接使用源码
verify	Run pnpm verify	2026-10-06T10:25:28.1250350Z ##[endgroup]
verify	Run pnpm verify	2026-10-06T10:25:31.1370934Z ##[group]@fdp/observability:typecheck
verify	Run pnpm verify	2026-10-06T10:25:31.1440583Z cache miss, executing 283def672b202078
verify	Run pnpm verify	2026-10-06T10:25:31.1527110Z 
verify	Run pnpm verify	2026-10-06T10:25:31.1581473Z > @fdp/observability@0.0.0 typecheck /home/runner/work/food-digester-platform/food-digester-platform/packages/observability
verify	Run pnpm verify	2026-10-06T10:25:31.1642326Z > tsc -p tsconfig.json
verify	Run pnpm verify	2026-10-06T10:25:31.1680734Z 
verify	Run pnpm verify	2026-10-06T10:25:31.1720717Z ##[endgroup]
verify	Run pnpm verify	2026-10-06T10:25:31.9311667Z ##[group]@fdp/observability:build
verify	Run pnpm verify	2026-10-06T10:25:31.9370211Z cache miss, executing d249f452a000393d
verify	Run pnpm verify	2026-10-06T10:25:31.9439679Z 
verify	Run pnpm verify	2026-10-06T10:25:31.9492952Z > @fdp/observability@0.0.0 build /home/runner/work/food-digester-platform/food-digester-platform/packages/observability
verify	Run pnpm verify	2026-10-06T10:25:31.9563211Z > tsc -p tsconfig.build.json
verify	Run pnpm verify	2026-10-06T10:25:31.9609765Z 
verify	Run pnpm verify	2026-10-06T10:25:31.9631753Z ##[endgroup]
verify	Run pnpm verify	2026-10-06T10:25:34.1353869Z ##[group]@fdp/domain:build
verify	Run pnpm verify	2026-10-06T10:25:34.1378267Z cache miss, executing 47ef0249a0b99843
verify	Run pnpm verify	2026-10-06T10:25:34.1406740Z 
verify	Run pnpm verify	2026-10-06T10:25:34.1413983Z > @fdp/domain@0.0.0 build /home/runner/work/food-digester-platform/food-digester-platform/packages/domain
verify	Run pnpm verify	2026-10-06T10:25:34.1457053Z > tsc -p tsconfig.build.json
verify	Run pnpm verify	2026-10-06T10:25:34.1489831Z 
verify	Run pnpm verify	2026-10-06T10:25:34.1502041Z ##[endgroup]
verify	Run pnpm verify	2026-10-06T10:25:35.4981167Z ##[group]@fdp/domain:typecheck
verify	Run pnpm verify	2026-10-06T10:25:35.5020364Z cache miss, executing fd26312a4c0953c8
verify	Run pnpm verify	2026-10-06T10:25:35.5063885Z 
verify	Run pnpm verify	2026-10-06T10:25:35.5147438Z > @fdp/domain@0.0.0 typecheck /home/runner/work/food-digester-platform/food-digester-platform/packages/domain
verify	Run pnpm verify	2026-10-06T10:25:35.5213786Z > tsc -p tsconfig.json
verify	Run pnpm verify	2026-10-06T10:25:35.5302066Z 
verify	Run pnpm verify	2026-10-06T10:25:35.5360627Z ##[endgroup]
verify	Run pnpm verify	2026-10-06T10:25:35.7200851Z ##[group]@fdp/database:generate
verify	Run pnpm verify	2026-10-06T10:25:35.7250413Z cache miss, executing 61cdf4220c661ec1
verify	Run pnpm verify	2026-10-06T10:25:35.7326586Z 
verify	Run pnpm verify	2026-10-06T10:25:35.7351095Z > @fdp/database@0.0.0 generate /home/runner/work/food-digester-platform/food-digester-platform/packages/database
verify	Run pnpm verify	2026-10-06T10:25:35.7410078Z > prisma generate
verify	Run pnpm verify	2026-10-06T10:25:35.7439760Z 
verify	Run pnpm verify	2026-10-06T10:25:35.7512219Z Loaded Prisma config from prisma.config.ts.
verify	Run pnpm verify	2026-10-06T10:25:35.7539895Z 
verify	Run pnpm verify	2026-10-06T10:25:35.7598813Z Prisma schema loaded from prisma/schema.prisma.
verify	Run pnpm verify	2026-10-06T10:25:35.7629867Z 
verify	Run pnpm verify	2026-10-06T10:25:35.7630985Z ✔ Generated Prisma Client (7.9.1) to ./src/generated in 1.68s
verify	Run pnpm verify	2026-10-06T10:25:35.7659762Z 
verify	Run pnpm verify	2026-10-06T10:25:35.7680505Z ##[endgroup]
verify	Run pnpm verify	2026-10-06T10:25:36.3182856Z ##[group]@fdp/contracts:typecheck
verify	Run pnpm verify	2026-10-06T10:25:36.3230643Z cache miss, executing aa15856efcfb63ca
verify	Run pnpm verify	2026-10-06T10:25:36.3259928Z 
verify	Run pnpm verify	2026-10-06T10:25:36.3261075Z > @fdp/contracts@0.0.0 typecheck /home/runner/work/food-digester-platform/food-digester-platform/contracts
verify	Run pnpm verify	2026-10-06T10:25:36.3290140Z > tsc -p tsconfig.json
verify	Run pnpm verify	2026-10-06T10:25:36.3376884Z 
verify	Run pnpm verify	2026-10-06T10:25:36.3420751Z ##[endgroup]
verify	Run pnpm verify	2026-10-06T10:25:36.8976705Z ##[group]@fdp/aws-clients:typecheck
verify	Run pnpm verify	2026-10-06T10:25:36.8989897Z cache miss, executing 767e47322641a244
verify	Run pnpm verify	2026-10-06T10:25:36.8990534Z 
verify	Run pnpm verify	2026-10-06T10:25:36.8991647Z > @fdp/aws-clients@0.0.0 typecheck /home/runner/work/food-digester-platform/food-digester-platform/packages/aws-clients
verify	Run pnpm verify	2026-10-06T10:25:36.8992914Z > tsc -p tsconfig.json
verify	Run pnpm verify	2026-10-06T10:25:36.8993340Z 
verify	Run pnpm verify	2026-10-06T10:25:36.8993946Z ##[endgroup]
verify	Run pnpm verify	2026-10-06T10:25:37.1610996Z ##[group]@fdp/aws-clients:build
verify	Run pnpm verify	2026-10-06T10:25:37.1621383Z cache miss, executing 72b741ff8e28f9c8
verify	Run pnpm verify	2026-10-06T10:25:37.1649913Z 
verify	Run pnpm verify	2026-10-06T10:25:37.1657402Z > @fdp/aws-clients@0.0.0 build /home/runner/work/food-digester-platform/food-digester-platform/packages/aws-clients
verify	Run pnpm verify	2026-10-06T10:25:37.1658899Z > tsc -p tsconfig.build.json
verify	Run pnpm verify	2026-10-06T10:25:37.1659720Z 
verify	Run pnpm verify	2026-10-06T10:25:37.1660431Z ##[endgroup]
verify	Run pnpm verify	2026-10-06T10:25:40.9814688Z ##[group]@fdp/infra:typecheck
verify	Run pnpm verify	2026-10-06T10:25:40.9815874Z cache miss, executing 4222ae3dde92f349
verify	Run pnpm verify	2026-10-06T10:25:40.9816221Z 
verify	Run pnpm verify	2026-10-06T10:25:40.9816939Z > @fdp/infra@0.0.0 typecheck /home/runner/work/food-digester-platform/food-digester-platform/infra
verify	Run pnpm verify	2026-10-06T10:25:40.9817840Z > tsc -p tsconfig.json
verify	Run pnpm verify	2026-10-06T10:25:40.9818087Z 
verify	Run pnpm verify	2026-10-06T10:25:40.9818488Z ##[endgroup]
verify	Run pnpm verify	2026-10-06T10:25:41.0038091Z ##[group]@fdp/database:typecheck
verify	Run pnpm verify	2026-10-06T10:25:41.0038592Z cache miss, executing d3785034c80b83eb
verify	Run pnpm verify	2026-10-06T10:25:41.0038825Z 
verify	Run pnpm verify	2026-10-06T10:25:41.0039726Z > @fdp/database@0.0.0 typecheck /home/runner/work/food-digester-platform/food-digester-platform/packages/database
verify	Run pnpm verify	2026-10-06T10:25:41.0041534Z > tsc -p tsconfig.json
verify	Run pnpm verify	2026-10-06T10:25:41.0041799Z 
verify	Run pnpm verify	2026-10-06T10:25:41.0042229Z ##[endgroup]
verify	Run pnpm verify	2026-10-06T10:25:41.6165392Z ##[group]@fdp/database:build
verify	Run pnpm verify	2026-10-06T10:25:41.6166169Z cache miss, executing b9b68e8e6789afaa
verify	Run pnpm verify	2026-10-06T10:25:41.6166532Z 
verify	Run pnpm verify	2026-10-06T10:25:41.6167426Z > @fdp/database@0.0.0 build /home/runner/work/food-digester-platform/food-digester-platform/packages/database
verify	Run pnpm verify	2026-10-06T10:25:41.6168486Z > tsc -p tsconfig.build.json
verify	Run pnpm verify	2026-10-06T10:25:41.6168805Z 
verify	Run pnpm verify	2026-10-06T10:25:41.6169794Z ##[endgroup]
verify	Run pnpm verify	2026-10-06T10:25:47.0680885Z ##[group]@fdp/media:build
verify	Run pnpm verify	2026-10-06T10:25:47.0820408Z cache miss, executing f260157a77d3a580
verify	Run pnpm verify	2026-10-06T10:25:47.0869764Z 
verify	Run pnpm verify	2026-10-06T10:25:47.0931018Z > @fdp/media@0.0.0 build /home/runner/work/food-digester-platform/food-digester-platform/packages/media
verify	Run pnpm verify	2026-10-06T10:25:47.0961379Z > tsc -p tsconfig.build.json
verify	Run pnpm verify	2026-10-06T10:25:47.0989674Z 
verify	Run pnpm verify	2026-10-06T10:25:47.0990447Z ##[endgroup]
verify	Run pnpm verify	2026-10-06T10:25:47.1020345Z ##[group]@fdp/media:typecheck
verify	Run pnpm verify	2026-10-06T10:25:47.1058882Z cache miss, executing 4b1a24824c05a509
verify	Run pnpm verify	2026-10-06T10:25:47.1069807Z 
verify	Run pnpm verify	2026-10-06T10:25:47.1100651Z > @fdp/media@0.0.0 typecheck /home/runner/work/food-digester-platform/food-digester-platform/packages/media
verify	Run pnpm verify	2026-10-06T10:25:47.1160220Z > tsc -p tsconfig.json
verify	Run pnpm verify	2026-10-06T10:25:47.1210099Z 
verify	Run pnpm verify	2026-10-06T10:25:47.1273451Z ##[endgroup]
verify	Run pnpm verify	2026-10-06T10:25:48.6911600Z ##[group]@fdp/archive-worker:typecheck
verify	Run pnpm verify	2026-10-06T10:25:48.6914602Z cache miss, executing 25eb3ece863c22ae
verify	Run pnpm verify	2026-10-06T10:25:48.6915243Z 
verify	Run pnpm verify	2026-10-06T10:25:48.6916369Z > @fdp/archive-worker@0.0.0 typecheck /home/runner/work/food-digester-platform/food-digester-platform/apps/archive-worker
verify	Run pnpm verify	2026-10-06T10:25:48.6917633Z > tsc -p tsconfig.json
verify	Run pnpm verify	2026-10-06T10:25:48.6918070Z 
verify	Run pnpm verify	2026-10-06T10:25:48.6918670Z ##[endgroup]
verify	Run pnpm verify	2026-10-06T10:25:48.8652367Z ##[group]@fdp/summary-worker:typecheck
verify	Run pnpm verify	2026-10-06T10:25:48.8655475Z cache miss, executing 40d2088b697253fa
verify	Run pnpm verify	2026-10-06T10:25:48.8656102Z 
verify	Run pnpm verify	2026-10-06T10:25:48.8657302Z > @fdp/summary-worker@0.0.0 typecheck /home/runner/work/food-digester-platform/food-digester-platform/apps/summary-worker
verify	Run pnpm verify	2026-10-06T10:25:48.8658571Z > tsc -p tsconfig.json
verify	Run pnpm verify	2026-10-06T10:25:48.8659032Z 
verify	Run pnpm verify	2026-10-06T10:25:48.8659893Z ##[endgroup]
verify	Run pnpm verify	2026-10-06T10:25:49.0510862Z ##[group]@fdp/auth:build
verify	Run pnpm verify	2026-10-06T10:25:49.0522220Z cache miss, executing 9daf5667ecdf99bc
verify	Run pnpm verify	2026-10-06T10:25:49.0522842Z 
verify	Run pnpm verify	2026-10-06T10:25:49.0523825Z > @fdp/auth@0.0.0 build /home/runner/work/food-digester-platform/food-digester-platform/packages/auth
verify	Run pnpm verify	2026-10-06T10:25:49.0525065Z > tsc -p tsconfig.build.json
verify	Run pnpm verify	2026-10-06T10:25:49.0525575Z 
verify	Run pnpm verify	2026-10-06T10:25:49.0526197Z ##[endgroup]
verify	Run pnpm verify	2026-10-06T10:25:49.3580822Z ##[group]@fdp/auth:typecheck
verify	Run pnpm verify	2026-10-06T10:25:49.3581618Z cache miss, executing fc8c6eaaeb193b08
verify	Run pnpm verify	2026-10-06T10:25:49.3595652Z 
verify	Run pnpm verify	2026-10-06T10:25:49.3620839Z > @fdp/auth@0.0.0 typecheck /home/runner/work/food-digester-platform/food-digester-platform/packages/auth
verify	Run pnpm verify	2026-10-06T10:25:49.3621945Z > tsc -p tsconfig.json
verify	Run pnpm verify	2026-10-06T10:25:49.3622249Z 
verify	Run pnpm verify	2026-10-06T10:25:49.3622788Z ##[endgroup]
verify	Run pnpm verify	2026-10-06T10:25:58.3915547Z ##[group]@fdp/ingestion-worker:typecheck
verify	Run pnpm verify	2026-10-06T10:25:58.3916313Z cache miss, executing 2cf1931f72b09634
verify	Run pnpm verify	2026-10-06T10:25:58.3916808Z 
verify	Run pnpm verify	2026-10-06T10:25:58.3918141Z > @fdp/ingestion-worker@0.0.0 typecheck /home/runner/work/food-digester-platform/food-digester-platform/apps/ingestion-worker
verify	Run pnpm verify	2026-10-06T10:25:58.3918986Z > tsc -p tsconfig.json
verify	Run pnpm verify	2026-10-06T10:25:58.3919692Z 
verify	Run pnpm verify	2026-10-06T10:25:58.3920653Z ##[endgroup]
verify	Run pnpm verify	2026-10-06T10:26:03.4596679Z ##[group]@fdp/admin-web:typecheck
verify	Run pnpm verify	2026-10-06T10:26:03.4597490Z cache miss, executing 208e073684ed007e
verify	Run pnpm verify	2026-10-06T10:26:03.4597848Z 
verify	Run pnpm verify	2026-10-06T10:26:03.4598709Z > @fdp/admin-web@0.0.0 typecheck /home/runner/work/food-digester-platform/food-digester-platform/apps/admin-web
verify	Run pnpm verify	2026-10-06T10:26:03.4600159Z > tsc -p tsconfig.json && tsc -p tsconfig.e2e.json
verify	Run pnpm verify	2026-10-06T10:26:03.4600591Z 
verify	Run pnpm verify	2026-10-06T10:26:03.4601064Z ##[endgroup]
verify	Run pnpm verify	2026-10-06T10:26:03.5412515Z ##[group]@fdp/cloud-api:typecheck
verify	Run pnpm verify	2026-10-06T10:26:03.5413139Z cache miss, executing ee10d9ddde2fb247
verify	Run pnpm verify	2026-10-06T10:26:03.5413734Z 
verify	Run pnpm verify	2026-10-06T10:26:03.5414388Z > @fdp/cloud-api@0.0.0 typecheck /home/runner/work/food-digester-platform/food-digester-platform/apps/cloud-api
verify	Run pnpm verify	2026-10-06T10:26:03.5415153Z > tsc -p tsconfig.json
verify	Run pnpm verify	2026-10-06T10:26:03.5415348Z 
verify	Run pnpm verify	2026-10-06T10:26:03.5415689Z ##[endgroup]
verify	Run pnpm verify	2026-10-06T10:26:03.5421741Z 
verify	Run pnpm verify	2026-10-06T10:26:03.5422039Z  Tasks:    21 successful, 21 total
verify	Run pnpm verify	2026-10-06T10:26:03.5422459Z Cached:    0 cached, 21 total
verify	Run pnpm verify	2026-10-06T10:26:03.5422796Z   Time:    36.723s 
verify	Run pnpm verify	2026-10-06T10:26:03.5423240Z 
verify	Run pnpm verify	2026-10-06T10:26:03.8426156Z 
verify	Run pnpm verify	2026-10-06T10:26:03.8427048Z > food-digester-platform@0.0.0 openapi:check /home/runner/work/food-digester-platform/food-digester-platform
verify	Run pnpm verify	2026-10-06T10:26:03.8428324Z > node scripts/build-openapi.mjs --check && redocly lint contracts/rest/openapi-base.json "contracts/rest/*-api.json" contracts/rest/openapi.bundle.json --extends spec
verify	Run pnpm verify	2026-10-06T10:26:03.8428956Z 
verify	Run pnpm verify	2026-10-06T10:26:03.9128448Z OpenAPI bundle 新鲜：contracts/rest/openapi.bundle.json
verify	Run pnpm verify	2026-10-06T10:26:04.1806379Z ^[[90mvalidating contracts/rest/openapi-base.json...
verify	Run pnpm verify	2026-10-06T10:26:04.2041170Z ^[[39m^[[90mcontracts/rest/openapi-base.json: validated in 24ms
verify	Run pnpm verify	2026-10-06T10:26:04.2050257Z 
verify	Run pnpm verify	2026-10-06T10:26:04.2051168Z ^[[39m^[[90mvalidating contracts/rest/prototype-planned-api.json...
verify	Run pnpm verify	2026-10-06T10:26:04.2268725Z ^[[39m^[[90mcontracts/rest/prototype-planned-api.json: validated in 24ms
verify	Run pnpm verify	2026-10-06T10:26:04.2269808Z 
verify	Run pnpm verify	2026-10-06T10:26:04.2270600Z ^[[39m^[[90mvalidating contracts/rest/device-sync-api.json...
verify	Run pnpm verify	2026-10-06T10:26:04.2425043Z ^[[39m^[[90mcontracts/rest/device-sync-api.json: validated in 16ms
verify	Run pnpm verify	2026-10-06T10:26:04.2425629Z 
verify	Run pnpm verify	2026-10-06T10:26:04.2426125Z ^[[39m^[[90mvalidating contracts/rest/device-ota-api.json...
verify	Run pnpm verify	2026-10-06T10:26:04.2504132Z ^[[39m^[[90mcontracts/rest/device-ota-api.json: validated in 9ms
verify	Run pnpm verify	2026-10-06T10:26:04.2504657Z 
verify	Run pnpm verify	2026-10-06T10:26:04.2505264Z ^[[39m^[[90mvalidating contracts/rest/device-onboarding-api.json...
verify	Run pnpm verify	2026-10-06T10:26:04.2596940Z ^[[39m^[[90mcontracts/rest/device-onboarding-api.json: validated in 10ms
verify	Run pnpm verify	2026-10-06T10:26:04.2598236Z 
verify	Run pnpm verify	2026-10-06T10:26:04.2599290Z ^[[39m^[[90mvalidating contracts/rest/device-media-api.json...
verify	Run pnpm verify	2026-10-06T10:26:04.2668932Z ^[[39m^[[90mcontracts/rest/device-media-api.json: validated in 8ms
verify	Run pnpm verify	2026-10-06T10:26:04.2669960Z 
verify	Run pnpm verify	2026-10-06T10:26:04.2671152Z ^[[39m^[[90mvalidating contracts/rest/device-deactivate-api.json...
verify	Run pnpm verify	2026-10-06T10:26:04.2784706Z ^[[39m^[[90mcontracts/rest/device-deactivate-api.json: validated in 12ms
verify	Run pnpm verify	2026-10-06T10:26:04.2785304Z 
verify	Run pnpm verify	2026-10-06T10:26:04.2785710Z ^[[39m^[[90mvalidating contracts/rest/device-certificate-api.json...
verify	Run pnpm verify	2026-10-06T10:26:04.2845868Z ^[[39m^[[90mcontracts/rest/device-certificate-api.json: validated in 7ms
verify	Run pnpm verify	2026-10-06T10:26:04.2846432Z 
verify	Run pnpm verify	2026-10-06T10:26:04.2846898Z ^[[39m^[[90mvalidating contracts/rest/admin-user-api.json...
verify	Run pnpm verify	2026-10-06T10:26:04.2951574Z ^[[39m^[[90mcontracts/rest/admin-user-api.json: validated in 11ms
verify	Run pnpm verify	2026-10-06T10:26:04.2952153Z 
verify	Run pnpm verify	2026-10-06T10:26:04.2960817Z ^[[39m^[[90mvalidating contracts/rest/admin-site-api.json...
verify	Run pnpm verify	2026-10-06T10:26:04.3076430Z ^[[39m^[[90mcontracts/rest/admin-site-api.json: validated in 13ms
verify	Run pnpm verify	2026-10-06T10:26:04.3077266Z 
verify	Run pnpm verify	2026-10-06T10:26:04.3078133Z ^[[39m^[[90mvalidating contracts/rest/admin-settings-api.json...
verify	Run pnpm verify	2026-10-06T10:26:04.3132786Z ^[[39m^[[90mcontracts/rest/admin-settings-api.json: validated in 6ms
verify	Run pnpm verify	2026-10-06T10:26:04.3133492Z 
verify	Run pnpm verify	2026-10-06T10:26:04.3134219Z ^[[39m^[[90mvalidating contracts/rest/admin-replay-api.json...
verify	Run pnpm verify	2026-10-06T10:26:04.3180475Z ^[[39m^[[90mcontracts/rest/admin-replay-api.json: validated in 5ms
verify	Run pnpm verify	2026-10-06T10:26:04.3181056Z 
verify	Run pnpm verify	2026-10-06T10:26:04.3181453Z ^[[39m^[[90mvalidating contracts/rest/admin-ota-package-api.json...
verify	Run pnpm verify	2026-10-06T10:26:04.3262077Z ^[[39m^[[90mcontracts/rest/admin-ota-package-api.json: validated in 9ms
verify	Run pnpm verify	2026-10-06T10:26:04.3262703Z 
verify	Run pnpm verify	2026-10-06T10:26:04.3263427Z ^[[39m^[[90mvalidating contracts/rest/admin-ota-campaign-api.json...
verify	Run pnpm verify	2026-10-06T10:26:04.3370467Z ^[[39m^[[90mcontracts/rest/admin-ota-campaign-api.json: validated in 11ms
verify	Run pnpm verify	2026-10-06T10:26:04.3371028Z 
verify	Run pnpm verify	2026-10-06T10:26:04.3372087Z ^[[39m^[[90mvalidating contracts/rest/admin-onboarding-api.json...
verify	Run pnpm verify	2026-10-06T10:26:04.3498733Z ^[[39m^[[90mcontracts/rest/admin-onboarding-api.json: validated in 13ms
verify	Run pnpm verify	2026-10-06T10:26:04.3499758Z 
verify	Run pnpm verify	2026-10-06T10:26:04.3500462Z ^[[39m^[[90mvalidating contracts/rest/admin-media-api.json...
verify	Run pnpm verify	2026-10-06T10:26:04.3560759Z ^[[39m^[[90mcontracts/rest/admin-media-api.json: validated in 7ms
verify	Run pnpm verify	2026-10-06T10:26:04.3561342Z 
verify	Run pnpm verify	2026-10-06T10:26:04.3561866Z ^[[39m^[[90mvalidating contracts/rest/admin-license-api.json...
verify	Run pnpm verify	2026-10-06T10:26:04.3624892Z ^[[39m^[[90mcontracts/rest/admin-license-api.json: validated in 7ms
verify	Run pnpm verify	2026-10-06T10:26:04.3625479Z 
verify	Run pnpm verify	2026-10-06T10:26:04.3626056Z ^[[39m^[[90mvalidating contracts/rest/admin-esg-api.json...
verify	Run pnpm verify	2026-10-06T10:26:04.3728737Z ^[[39m^[[90mcontracts/rest/admin-esg-api.json: validated in 11ms
verify	Run pnpm verify	2026-10-06T10:26:04.3729488Z 
verify	Run pnpm verify	2026-10-06T10:26:04.3730109Z ^[[39m^[[90mvalidating contracts/rest/admin-device-user-api.json...
verify	Run pnpm verify	2026-10-06T10:26:04.3799866Z ^[[39m^[[90mcontracts/rest/admin-device-user-api.json: validated in 8ms
verify	Run pnpm verify	2026-10-06T10:26:04.3800506Z 
verify	Run pnpm verify	2026-10-06T10:26:04.3801172Z ^[[39m^[[90mvalidating contracts/rest/admin-device-status-api.json...
verify	Run pnpm verify	2026-10-06T10:26:04.3837802Z ^[[39m^[[90mcontracts/rest/admin-device-status-api.json: validated in 4ms
verify	Run pnpm verify	2026-10-06T10:26:04.3838517Z 
verify	Run pnpm verify	2026-10-06T10:26:04.3839552Z ^[[39m^[[90mvalidating contracts/rest/admin-device-retirement-api.json...
verify	Run pnpm verify	2026-10-06T10:26:04.3875188Z ^[[39m^[[90mcontracts/rest/admin-device-retirement-api.json: validated in 4ms
verify	Run pnpm verify	2026-10-06T10:26:04.3875926Z 
verify	Run pnpm verify	2026-10-06T10:26:04.3876698Z ^[[39m^[[90mvalidating contracts/rest/admin-device-console-api.json...
verify	Run pnpm verify	2026-10-06T10:26:04.3938219Z ^[[39m^[[90mcontracts/rest/admin-device-console-api.json: validated in 7ms
verify	Run pnpm verify	2026-10-06T10:26:04.3938958Z 
verify	Run pnpm verify	2026-10-06T10:26:04.3940151Z ^[[39m^[[90mvalidating contracts/rest/admin-device-assignment-api.json...
verify	Run pnpm verify	2026-10-06T10:26:04.3981104Z ^[[39m^[[90mcontracts/rest/admin-device-assignment-api.json: validated in 5ms
verify	Run pnpm verify	2026-10-06T10:26:04.3981513Z 
verify	Run pnpm verify	2026-10-06T10:26:04.3981880Z ^[[39m^[[90mvalidating contracts/rest/admin-device-api.json...
verify	Run pnpm verify	2026-10-06T10:26:04.4050526Z ^[[39m^[[90mcontracts/rest/admin-device-api.json: validated in 7ms
verify	Run pnpm verify	2026-10-06T10:26:04.4051220Z 
verify	Run pnpm verify	2026-10-06T10:26:04.4055540Z ^[[39m^[[90mvalidating contracts/rest/admin-dashboard-api.json...
verify	Run pnpm verify	2026-10-06T10:26:04.4097876Z ^[[39m^[[90mcontracts/rest/admin-dashboard-api.json: validated in 5ms
verify	Run pnpm verify	2026-10-06T10:26:04.4098467Z 
verify	Run pnpm verify	2026-10-06T10:26:04.4098970Z ^[[39m^[[90mvalidating contracts/rest/admin-customer-api.json...
verify	Run pnpm verify	2026-10-06T10:26:04.4149153Z ^[[39m^[[90mcontracts/rest/admin-customer-api.json: validated in 6ms
verify	Run pnpm verify	2026-10-06T10:26:04.4150058Z 
verify	Run pnpm verify	2026-10-06T10:26:04.4150606Z ^[[39m^[[90mvalidating contracts/rest/admin-contract-device-api.json...
verify	Run pnpm verify	2026-10-06T10:26:04.4202849Z ^[[39m^[[90mcontracts/rest/admin-contract-device-api.json: validated in 6ms
verify	Run pnpm verify	2026-10-06T10:26:04.4203452Z 
verify	Run pnpm verify	2026-10-06T10:26:04.4203932Z ^[[39m^[[90mvalidating contracts/rest/admin-contract-api.json...
verify	Run pnpm verify	2026-10-06T10:26:04.4257190Z ^[[39m^[[90mcontracts/rest/admin-contract-api.json: validated in 6ms
verify	Run pnpm verify	2026-10-06T10:26:04.4257874Z 
verify	Run pnpm verify	2026-10-06T10:26:04.4258456Z ^[[39m^[[90mvalidating contracts/rest/admin-consumable-request-api.json...
verify	Run pnpm verify	2026-10-06T10:26:04.4305440Z ^[[39m^[[90mcontracts/rest/admin-consumable-request-api.json: validated in 5ms
verify	Run pnpm verify	2026-10-06T10:26:04.4306464Z 
verify	Run pnpm verify	2026-10-06T10:26:04.4307379Z ^[[39m^[[90mvalidating contracts/rest/admin-consumable-api.json...
verify	Run pnpm verify	2026-10-06T10:26:04.4345656Z ^[[39m^[[90mcontracts/rest/admin-consumable-api.json: validated in 5ms
verify	Run pnpm verify	2026-10-06T10:26:04.4346217Z 
verify	Run pnpm verify	2026-10-06T10:26:04.4346745Z ^[[39m^[[90mvalidating contracts/rest/admin-configuration-api.json...
verify	Run pnpm verify	2026-10-06T10:26:04.4413935Z ^[[39m^[[90mcontracts/rest/admin-configuration-api.json: validated in 7ms
verify	Run pnpm verify	2026-10-06T10:26:04.4414322Z 
verify	Run pnpm verify	2026-10-06T10:26:04.4414664Z ^[[39m^[[90mvalidating contracts/rest/admin-command-api.json...
verify	Run pnpm verify	2026-10-06T10:26:04.4466028Z ^[[39m^[[90mcontracts/rest/admin-command-api.json: validated in 6ms
verify	Run pnpm verify	2026-10-06T10:26:04.4466610Z 
verify	Run pnpm verify	2026-10-06T10:26:04.4467367Z ^[[39m^[[90mvalidating contracts/rest/admin-certificate-rotation-api.json...
verify	Run pnpm verify	2026-10-06T10:26:04.4497376Z ^[[39m^[[90mcontracts/rest/admin-certificate-rotation-api.json: validated in 4ms
verify	Run pnpm verify	2026-10-06T10:26:04.4497897Z 
verify	Run pnpm verify	2026-10-06T10:26:04.4498219Z ^[[39m^[[90mvalidating contracts/rest/admin-audit-api.json...
verify	Run pnpm verify	2026-10-06T10:26:04.4546203Z ^[[39m^[[90mcontracts/rest/admin-audit-api.json: validated in 5ms
verify	Run pnpm verify	2026-10-06T10:26:04.4546786Z 
verify	Run pnpm verify	2026-10-06T10:26:04.4547606Z ^[[39m^[[90mvalidating contracts/rest/admin-alarm-api.json...
verify	Run pnpm verify	2026-10-06T10:26:04.4624549Z ^[[39m^[[90mcontracts/rest/admin-alarm-api.json: validated in 8ms
verify	Run pnpm verify	2026-10-06T10:26:04.4625245Z 
verify	Run pnpm verify	2026-10-06T10:26:04.4625851Z ^[[39m^[[90mvalidating contracts/rest/openapi.bundle.json...
verify	Run pnpm verify	2026-10-06T10:26:04.5493726Z ^[[39m^[[90mcontracts/rest/openapi.bundle.json: validated in 87ms
verify	Run pnpm verify	2026-10-06T10:26:04.5494323Z 
verify	Run pnpm verify	2026-10-06T10:26:04.5505514Z ^[[39m^[[32mWoohoo! Your API descriptions are valid. 🎉
verify	Run pnpm verify	2026-10-06T10:26:04.5506232Z ^[[39m
verify	Run pnpm verify	2026-10-06T10:26:05.4331087Z 
verify	Run pnpm verify	2026-10-06T10:26:05.4331937Z > food-digester-platform@0.0.0 test /home/runner/work/food-digester-platform/food-digester-platform
verify	Run pnpm verify	2026-10-06T10:26:05.4332732Z > vitest run && pnpm test:contracts && pnpm test:scripts
verify	Run pnpm verify	2026-10-06T10:26:05.4333009Z 
verify	Run pnpm verify	2026-10-06T10:26:05.7290004Z 
verify	Run pnpm verify	2026-10-06T10:26:05.7291839Z ^[[1m^[[30m^[[46m RUN ^[[49m^[[39m^[[22m ^[[36mv4.1.11 ^[[39m^[[90m/home/runner/work/food-digester-platform/food-digester-platform^[[39m
verify	Run pnpm verify	2026-10-06T10:26:05.7292719Z 
verify	Run pnpm verify	2026-10-06T10:26:07.3038792Z Bundling asset TestStack/IngestionFn/Code/Stage...
verify	Run pnpm verify	2026-10-06T10:26:08.3070850Z Bundling asset TestStack/ArchiveFn/Code/Stage...
verify	Run pnpm verify	2026-10-06T10:26:09.0431098Z Bundling asset TestStack/OutboxPublisherFn/Code/Stage...
verify	Run pnpm verify	2026-10-06T10:26:10.4895121Z Bundling asset TestStack/NotificationPublisherFn/Code/Stage...
verify	Run pnpm verify	2026-10-06T10:26:11.4436954Z Bundling asset TestStack/SummaryFn/Code/Stage...
verify	Run pnpm verify	2026-10-06T10:26:12.6924728Z Bundling asset TestStack/ReplayTriggerPublisherFn/Code/Stage...
verify	Run pnpm verify	2026-10-06T10:26:13.6397729Z Bundling asset TestStack/ReplayFn/Code/Stage...
verify	Run pnpm verify	2026-10-06T10:26:13.8932554Z  ^[[32m✓^[[39m apps/cloud-api/test/ota-dispatch.test.ts ^[[2m(^[[22m^[[2m16 tests^[[22m^[[2m)^[[22m^[[33m 5927^[[2mms^[[22m^[[39m
verify	Run pnpm verify	2026-10-06T10:26:13.8934969Z      ^[[33m^[[2m✓^[[22m^[[39m 成功下发：OTA Topic + CT-03 载荷（schema 校验）+ 15 分钟 URL + NOTIFIED + 历史 + OTA_AVAILABLE + PUBLICATION 归档 ^[[33m 464^[[2mms^[[22m^[[39m
verify	Run pnpm verify	2026-10-06T10:26:14.2651588Z  ^[[32m✓^[[39m apps/cloud-api/test/admin-user.test.ts ^[[2m(^[[22m^[[2m31 tests^[[22m^[[2m)^[[22m^[[33m 6262^[[2mms^[[22m^[[39m
verify	Run pnpm verify	2026-10-06T10:26:14.2673681Z      ^[[33m^[[2m✓^[[22m^[[39m PlatformSuperAdmin 停用后旧 id Token 不再进入读写路由 ^[[33m 497^[[2mms^[[22m^[[39m
verify	Run pnpm verify	2026-10-06T10:26:14.6029975Z Bundling asset TestStack/CertPackageSweeperFn/Code/Stage...
verify	Run pnpm verify	2026-10-06T10:26:14.9738864Z  ^[[32m✓^[[39m apps/admin-web/test/contract-parity.test.ts ^[[2m(^[[22m^[[2m23 tests^[[22m^[[2m)^[[22m^[[32m 26^[[2mms^[[22m^[[39m
verify	Run pnpm verify	2026-10-06T10:26:15.5886535Z Bundling asset TestStack/OnboardingDeadlineFn/Code/Stage...
verify	Run pnpm verify	2026-10-06T10:26:16.6390639Z Bundling asset TestStack/RetirementTimeoutFn/Code/Stage...
verify	Run pnpm verify	2026-10-06T10:26:17.9786382Z Bundling asset TestStack/ActivityExportFn/Code/Stage...
verify	Run pnpm verify	2026-10-06T10:26:19.2270547Z Bundling asset TestStack/EsgExportFn/Code/Stage...
verify	Run pnpm verify	2026-10-06T10:26:19.9321666Z  ^[[32m✓^[[39m apps/cloud-api/test/admin-device-console.test.ts ^[[2m(^[[22m^[[2m11 tests^[[22m^[[2m)^[[22m^[[33m 4683^[[2mms^[[22m^[[39m
verify	Run pnpm verify	2026-10-06T10:26:20.3976784Z Bundling asset TestStack/CommandPublisherFn/Code/Stage...
verify	Run pnpm verify	2026-10-06T10:26:21.3525042Z Bundling asset TestStack/CommandTimeoutFn/Code/Stage...
verify	Run pnpm verify	2026-10-06T10:26:21.7274979Z  ^[[32m✓^[[39m apps/cloud-api/test/admin-ota-campaign.test.ts ^[[2m(^[[22m^[[2m14 tests^[[22m^[[2m)^[[22m^[[33m 5699^[[2mms^[[22m^[[39m
verify	Run pnpm verify	2026-10-06T10:26:22.2934406Z Bundling asset TestStack/OtaDispatcherFn/Code/Stage...
verify	Run pnpm verify	2026-10-06T10:26:23.1115088Z Bundling asset TestStack/OnboardingApiFn/Code/Stage...
verify	Run pnpm verify	2026-10-06T10:26:24.2129278Z Bundling asset TestStack/OnboardingProvisioningFn/Code/Stage...
verify	Run pnpm verify	2026-10-06T10:26:25.2280764Z Bundling asset TestStack/DeviceApiFn/Code/Stage...
verify	Run pnpm verify	2026-10-06T10:26:26.2382365Z Bundling asset TestStack/ApiFn/Code/Stage...
verify	Run pnpm verify	2026-10-06T10:26:31.4604060Z Bundling asset TestStack/IngestionFn/Code/Stage...
verify	Run pnpm verify	2026-10-06T10:26:32.2152449Z Bundling asset TestStack/ArchiveFn/Code/Stage...
verify	Run pnpm verify	2026-10-06T10:26:32.7497496Z Bundling asset TestStack/OutboxPublisherFn/Code/Stage...
verify	Run pnpm verify	2026-10-06T10:26:32.9544081Z  ^[[32m✓^[[39m apps/admin-web/test/device-manage.test.tsx ^[[2m(^[[22m^[[2m28 tests^[[22m^[[2m)^[[22m^[[33m 10050^[[2mms^[[22m^[[39m
verify	Run pnpm verify	2026-10-06T10:26:32.9548351Z    ^[[33m^[[2m✓^[[22m^[[39m 状态矩阵：Active 设备（SuperAdmin）可挂起/退役/改名/轮换，不可分配/恢复 ^[[33m 411^[[2mms^[[22m^[[39m
verify	Run pnpm verify	2026-10-06T10:26:32.9570498Z    ^[[33m^[[2m✓^[[22m^[[39m 挂起：原因必填；确认后提交原因并回源刷新（操作后历史刷新） ^[[33m 537^[[2mms^[[22m^[[39m
verify	Run pnpm verify	2026-10-06T10:26:32.9597818Z    ^[[33m^[[2m✓^[[22m^[[39m 恢复：确认文案含“问题已解决”语义；提交后回源刷新 ^[[33m 470^[[2mms^[[22m^[[39m
verify	Run pnpm verify	2026-10-06T10:26:32.9600325Z    ^[[33m^[[2m✓^[[22m^[[39m 退役：不可恢复警告 + 原因必填；成功后提示等待设备确认 ^[[33m 428^[[2mms^[[22m^[[39m
verify	Run pnpm verify	2026-10-06T10:26:32.9601663Z    ^[[33m^[[2m✓^[[22m^[[39m 退役等待状态：PENDING_CONFIRMATION 展示 72 小时窗口语义；SuperAdmin 可强制完成 ^[[33m 308^[[2mms^[[22m^[[39m
verify	Run pnpm verify	2026-10-06T10:26:32.9603114Z    ^[[33m^[[2m✓^[[22m^[[39m 后端 409 拒绝（DEVICE_STATE_NOT_ALLOWED）正确呈现错误码；403 呈现无权 ^[[33m 311^[[2mms^[[22m^[[39m
verify	Run pnpm verify	2026-10-06T10:26:32.9604337Z    ^[[33m^[[2m✓^[[22m^[[39m 别名：编辑/保存/清除；超长禁用保存；提交后回源刷新 ^[[33m 620^[[2mms^[[22m^[[39m
verify	Run pnpm verify	2026-10-06T10:26:32.9605302Z    ^[[33m^[[2m✓^[[22m^[[39m 别名：空输入保存禁用；超过 64 字符保存禁用 ^[[33m 1176^[[2mms^[[22m^[[39m
verify	Run pnpm verify	2026-10-06T10:26:32.9606327Z    ^[[33m^[[2m✓^[[22m^[[39m 别名按 Unicode 码点计数并在提交前执行 NFC 规范化 ^[[33m 2855^[[2mms^[[22m^[[39m
verify	Run pnpm verify	2026-10-06T10:26:32.9607603Z    ^[[33m^[[2m✓^[[22m^[[39m 别名 If-Match 冲突（VERSION_CONFLICT）提示刷新 ^[[33m 355^[[2mms^[[22m^[[39m
verify	Run pnpm verify	2026-10-06T10:26:32.9630491Z    ^[[33m^[[2m✓^[[22m^[[39m 分配：站点选项随客户过滤；未选齐禁用提交；成功后回源刷新历史 ^[[33m 799^[[2mms^[[22m^[[39m
verify	Run pnpm verify	2026-10-06T10:26:32.9633617Z    ^[[33m^[[2m✓^[[22m^[[39m 分配原因为空时不携带 reason 字段 ^[[33m 650^[[2mms^[[22m^[[39m
verify	Run pnpm verify	2026-10-06T10:26:33.5832064Z Bundling asset TestStack/NotificationPublisherFn/Code/Stage...
verify	Run pnpm verify	2026-10-06T10:26:34.4500818Z Bundling asset TestStack/SummaryFn/Code/Stage...
verify	Run pnpm verify	2026-10-06T10:26:35.4476951Z Bundling asset TestStack/ReplayTriggerPublisherFn/Code/Stage...
verify	Run pnpm verify	2026-10-06T10:26:36.5540554Z Bundling asset TestStack/ReplayFn/Code/Stage...
verify	Run pnpm verify	2026-10-06T10:26:37.6677214Z Bundling asset TestStack/CertPackageSweeperFn/Code/Stage...
verify	Run pnpm verify	2026-10-06T10:26:38.6171281Z  ^[[32m✓^[[39m apps/cloud-api/test/media.test.ts ^[[2m(^[[22m^[[2m12 tests^[[22m^[[2m)^[[22m^[[33m 4347^[[2mms^[[22m^[[39m
verify	Run pnpm verify	2026-10-06T10:26:38.6177837Z      ^[[33m^[[2m✓^[[22m^[[39m 认证与生命周期：无证书/未知证书 → 401；Suspended/Retired/未分配 Customer → 403 ^[[33m 359^[[2mms^[[22m^[[39m
verify	Run pnpm verify	2026-10-06T10:26:38.6612539Z Bundling asset TestStack/OnboardingDeadlineFn/Code/Stage...
verify	Run pnpm verify	2026-10-06T10:26:39.6996712Z Bundling asset TestStack/RetirementTimeoutFn/Code/Stage...
verify	Run pnpm verify	2026-10-06T10:26:40.7321932Z Bundling asset TestStack/ActivityExportFn/Code/Stage...
verify	Run pnpm verify	2026-10-06T10:26:41.8122549Z Bundling asset TestStack/EsgExportFn/Code/Stage...
verify	Run pnpm verify	2026-10-06T10:26:42.7388728Z Bundling asset TestStack/CommandPublisherFn/Code/Stage...
verify	Run pnpm verify	2026-10-06T10:26:43.8210967Z Bundling asset TestStack/CommandTimeoutFn/Code/Stage...
verify	Run pnpm verify	2026-10-06T10:26:43.9521354Z  ^[[32m✓^[[39m apps/cloud-api/test/admin-license.test.ts ^[[2m(^[[22m^[[2m11 tests^[[22m^[[2m)^[[22m^[[33m 4320^[[2mms^[[22m^[[39m
verify	Run pnpm verify	2026-10-06T10:26:43.9580433Z      ^[[33m^[[2m✓^[[22m^[[39m 完整链路：每步状态/签名/历史/审计/通知各一次 ^[[33m 401^[[2mms^[[22m^[[39m
verify	Run pnpm verify	2026-10-06T10:26:44.6746056Z  ^[[32m✓^[[39m apps/admin-web/test/ota.test.tsx ^[[2m(^[[22m^[[2m19 tests^[[22m^[[2m)^[[22m^[[33m 20340^[[2mms^[[22m^[[39m
verify	Run pnpm verify	2026-10-06T10:26:44.6748152Z    ^[[33m^[[2m✓^[[22m^[[39m 包列表：VERIFIED 显示“可发布”徽标；UPLOADED 不可发布；筛选回调 ^[[33m 1345^[[2mms^[[22m^[[39m
verify	Run pnpm verify	2026-10-06T10:26:44.6750442Z    ^[[33m^[[2m✓^[[22m^[[39m 上传会话：字段级校验阻止非法元数据（sha256 非 hex64 → 提交禁用） ^[[33m 2194^[[2mms^[[22m^[[39m
verify	Run pnpm verify	2026-10-06T10:26:44.6752036Z    ^[[33m^[[2m✓^[[22m^[[39m 上传 E2E：创建会话 → 直传 + complete 校验 → VERIFIED 可发布并回源刷新 ^[[33m 4397^[[2mms^[[22m^[[39m
verify	Run pnpm verify	2026-10-06T10:26:44.6753745Z    ^[[33m^[[2m✓^[[22m^[[39m 坏包不可建 Campaign：包下拉仅 VERIFIED 可发布包；校验函数拒绝非 VERIFIED 包 ^[[33m 423^[[2mms^[[22m^[[39m
verify	Run pnpm verify	2026-10-06T10:26:44.6755961Z    ^[[33m^[[2m✓^[[22m^[[39m 创建 Campaign E2E：VERIFIED 包 + 首批 1 台 → RUNNING/CANARY 提示并回源刷新 ^[[33m 1187^[[2mms^[[22m^[[39m
verify	Run pnpm verify	2026-10-06T10:26:44.6757811Z    ^[[33m^[[2m✓^[[22m^[[39m 目标状态看板：total 与 8 状态计数渲染；目标列表批次/状态展示 ^[[33m 510^[[2mms^[[22m^[[39m
verify	Run pnpm verify	2026-10-06T10:26:44.6760308Z    ^[[33m^[[2m✓^[[22m^[[39m 暂停/恢复/取消：RUNNING→已暂停（不再产生新下发）；PAUSED→恢复；取消需明确确认 ^[[33m 1952^[[2mms^[[22m^[[39m
verify	Run pnpm verify	2026-10-06T10:26:44.6762334Z    ^[[33m^[[2m✓^[[22m^[[39m 动作矩阵：终态（COMPLETED/CANCELLED）全部动作禁用；Auditor 无 ota:write 禁用 ^[[33m 536^[[2mms^[[22m^[[39m
verify	Run pnpm verify	2026-10-06T10:26:44.6764235Z    ^[[33m^[[2m✓^[[22m^[[39m 扩大批次：普通角色不能审批最终全量；部分选择仍可提交 ^[[33m 1609^[[2mms^[[22m^[[39m
verify	Run pnpm verify	2026-10-06T10:26:44.6765845Z    ^[[33m^[[2m✓^[[22m^[[39m 扩大批次：最终全量须既有 targets 全部成功并精确确认 ^[[33m 2822^[[2mms^[[22m^[[39m
verify	Run pnpm verify	2026-10-06T10:26:44.6767677Z    ^[[33m^[[2m✓^[[22m^[[39m 失败重试：缺省重试全部 FAILED；勾选子集携 targetIds ^[[33m 2084^[[2mms^[[22m^[[39m
verify	Run pnpm verify	2026-10-06T10:26:44.6769042Z    ^[[33m^[[2m✓^[[22m^[[39m 目标筛选：状态/批次号经 onApplyTargetFilter 应用 ^[[33m 784^[[2mms^[[22m^[[39m
verify	Run pnpm verify	2026-10-06T10:26:44.7528539Z Bundling asset TestStack/OtaDispatcherFn/Code/Stage...
verify	Run pnpm verify	2026-10-06T10:26:45.8220950Z Bundling asset TestStack/OnboardingApiFn/Code/Stage...
verify	Run pnpm verify	2026-10-06T10:26:47.3841092Z Bundling asset TestStack/OnboardingProvisioningFn/Code/Stage...
verify	Run pnpm verify	2026-10-06T10:26:48.7293129Z Bundling asset TestStack/DeviceApiFn/Code/Stage...
verify	Run pnpm verify	2026-10-06T10:26:49.0968127Z ^[[90mstderr^[[2m | apps/ingestion-worker/test/ingest-pipeline.test.ts^[[2m > ^[[22m^[[2mcreateIngestionHandler（BE-IOT-02 校验管线）^[[2m > ^[[22m^[[2m单条坏消息不导致整批重复：坏消息进 Quarantine，其余照常处理
verify	Run pnpm verify	2026-10-06T10:26:49.1050967Z ^[[22m^[[39mingestion message quarantined {
verify	Run pnpm verify	2026-10-06T10:26:49.1080969Z   event: ^[[32m'ingestion.quarantined'^[[39m,
verify	Run pnpm verify	2026-10-06T10:26:49.1116532Z   messageId: ^[[32m'sqs-bad'^[[39m,
verify	Run pnpm verify	2026-10-06T10:26:49.1140376Z   errorType: ^[[32m'INVALID_JSON'^[[39m,
verify	Run pnpm verify	2026-10-06T10:26:49.1141168Z   errorPath: ^[[32m'(root)'^[[39m,
verify	Run pnpm verify	2026-10-06T10:26:49.1141897Z   reason: ^[[32m'message body is not valid JSON'^[[39m
verify	Run pnpm verify	2026-10-06T10:26:49.1142452Z }
verify	Run pnpm verify	2026-10-06T10:26:49.1142650Z 
verify	Run pnpm verify	2026-10-06T10:26:49.1175213Z ^[[90mstderr^[[2m | apps/ingestion-worker/test/ingest-pipeline.test.ts^[[2m > ^[[22m^[[2mcreateIngestionHandler（BE-IOT-02 校验管线）^[[2m > ^[[22m^[[2mQuarantine 投递失败只重试当前记录，批次后续记录继续隔离
verify	Run pnpm verify	2026-10-06T10:26:49.1200114Z ^[[22m^[[39mingestion message quarantined {
verify	Run pnpm verify	2026-10-06T10:26:49.1200897Z   event: ^[[32m'ingestion.quarantined'^[[39m,
verify	Run pnpm verify	2026-10-06T10:26:49.1230214Z   messageId: ^[[32m'sqs-quarantine-down'^[[39m,
verify	Run pnpm verify	2026-10-06T10:26:49.1230960Z   errorType: ^[[32m'INVALID_JSON'^[[39m,
verify	Run pnpm verify	2026-10-06T10:26:49.1231593Z   errorPath: ^[[32m'(root)'^[[39m,
verify	Run pnpm verify	2026-10-06T10:26:49.1232365Z   reason: ^[[32m'message body is not valid JSON'^[[39m
verify	Run pnpm verify	2026-10-06T10:26:49.1232919Z }
verify	Run pnpm verify	2026-10-06T10:26:49.1233105Z 
verify	Run pnpm verify	2026-10-06T10:26:49.1234800Z ^[[90mstderr^[[2m | apps/ingestion-worker/test/ingest-pipeline.test.ts^[[2m > ^[[22m^[[2mcreateIngestionHandler（BE-IOT-02 校验管线）^[[2m > ^[[22m^[[2mQuarantine 投递失败只重试当前记录，批次后续记录继续隔离
verify	Run pnpm verify	2026-10-06T10:26:49.1236902Z ^[[22m^[[39mingestion message quarantined {
verify	Run pnpm verify	2026-10-06T10:26:49.1237611Z   event: ^[[32m'ingestion.quarantined'^[[39m,
verify	Run pnpm verify	2026-10-06T10:26:49.1238344Z   messageId: ^[[32m'sqs-quarantine-next'^[[39m,
verify	Run pnpm verify	2026-10-06T10:26:49.1239035Z   errorType: ^[[32m'INVALID_JSON'^[[39m,
verify	Run pnpm verify	2026-10-06T10:26:49.1239876Z   errorPath: ^[[32m'(root)'^[[39m,
verify	Run pnpm verify	2026-10-06T10:26:49.1240586Z   reason: ^[[32m'message body is not valid JSON'^[[39m
verify	Run pnpm verify	2026-10-06T10:26:49.1241427Z }
verify	Run pnpm verify	2026-10-06T10:26:49.1241618Z 
verify	Run pnpm verify	2026-10-06T10:26:49.1414168Z ^[[90mstderr^[[2m | apps/ingestion-worker/test/ingest-pipeline.test.ts^[[2m > ^[[22m^[[2mcreateIngestionHandler（BE-IOT-02 校验管线）^[[2m > ^[[22m^[[2mSchema 违规进 Quarantine（含错误路径）；字段范围由 Schema 覆盖
verify	Run pnpm verify	2026-10-06T10:26:49.1450729Z ^[[22m^[[39mingestion message quarantined {
verify	Run pnpm verify	2026-10-06T10:26:49.1482394Z   event: ^[[32m'ingestion.quarantined'^[[39m,
verify	Run pnpm verify	2026-10-06T10:26:49.1492240Z   messageId: ^[[32m'sqs-1'^[[39m,
verify	Run pnpm verify	2026-10-06T10:26:49.1493144Z   errorType: ^[[32m'SCHEMA_VIOLATION'^[[39m,
verify	Run pnpm verify	2026-10-06T10:26:49.1494076Z   errorPath: ^[[32m'data.deviceStatus'^[[39m,
verify	Run pnpm verify	2026-10-06T10:26:49.1495501Z   reason: ^[[32m'payload violates heartbeat.schema.json: 非法枚举值 "BROKEN"，允许值: ONLINE, DEGRADED, OFFLINE'^[[39m,
verify	Run pnpm verify	2026-10-06T10:26:49.1496844Z   iotTopic: ^[[32m'bnx/device/dev-ing-5/heartbeat'^[[39m,
verify	Run pnpm verify	2026-10-06T10:26:49.1497746Z   iotDeviceId: ^[[32m'dev-ing-5'^[[39m
verify	Run pnpm verify	2026-10-06T10:26:49.1498390Z }
verify	Run pnpm verify	2026-10-06T10:26:49.1498749Z 
verify	Run pnpm verify	2026-10-06T10:26:49.2422513Z ^[[90mstderr^[[2m | apps/ingestion-worker/test/ingest-pipeline.test.ts^[[2m > ^[[22m^[[2mcreateIngestionHandler（BE-IOT-02 校验管线）^[[2m > ^[[22m^[[2mDEC-013：兼容截止边界起旧格式进入 Quarantine
verify	Run pnpm verify	2026-10-06T10:26:49.2483577Z ^[[22m^[[39mingestion message quarantined {
verify	Run pnpm verify	2026-10-06T10:26:49.2510665Z   event: ^[[32m'ingestion.quarantined'^[[39m,
verify	Run pnpm verify	2026-10-06T10:26:49.2520237Z   messageId: ^[[32m'sqs-expired'^[[39m,
verify	Run pnpm verify	2026-10-06T10:26:49.2540973Z   errorType: ^[[32m'SCHEMA_VIOLATION'^[[39m,
verify	Run pnpm verify	2026-10-06T10:26:49.2541990Z   errorPath: ^[[32m'data'^[[39m,
verify	Run pnpm verify	2026-10-06T10:26:49.2543358Z   reason: ^[[32m'LEGACY_FORMAT_EXPIRED: DEC-013 legacy compatibility expired at 2026-12-03T09:46:26Z'^[[39m,
verify	Run pnpm verify	2026-10-06T10:26:49.2544851Z   iotTopic: ^[[32m'bnx/device/dev-ing-8/heartbeat'^[[39m,
verify	Run pnpm verify	2026-10-06T10:26:49.2545777Z   iotDeviceId: ^[[32m'dev-ing-8'^[[39m
verify	Run pnpm verify	2026-10-06T10:26:49.2546453Z }
verify	Run pnpm verify	2026-10-06T10:26:49.2546821Z 
verify	Run pnpm verify	2026-10-06T10:26:49.2660078Z ^[[90mstderr^[[2m | apps/ingestion-worker/test/ingest-pipeline.test.ts^[[2m > ^[[22m^[[2mcreateIngestionHandler（BE-IOT-02 校验管线）^[[2m > ^[[22m^[[2mDEC-013：Audited Topic 验证 RFC 8785 audit.hash，不匹配时隔离
verify	Run pnpm verify	2026-10-06T10:26:49.2662564Z ^[[22m^[[39mingestion message quarantined {
verify	Run pnpm verify	2026-10-06T10:26:49.2663562Z   event: ^[[32m'ingestion.quarantined'^[[39m,
verify	Run pnpm verify	2026-10-06T10:26:49.2664439Z   messageId: ^[[32m'sqs-audit-bad'^[[39m,
verify	Run pnpm verify	2026-10-06T10:26:49.2665449Z   errorType: ^[[32m'AUDIT_HASH_MISMATCH'^[[39m,
verify	Run pnpm verify	2026-10-06T10:26:49.2666317Z   errorPath: ^[[32m'audit.hash'^[[39m,
verify	Run pnpm verify	2026-10-06T10:26:49.2667448Z   reason: ^[[32m'audit.hash must equal SHA-256(RFC8785({meta,data}))'^[[39m,
verify	Run pnpm verify	2026-10-06T10:26:49.2668672Z   iotTopic: ^[[32m'bnx/device/dev-ing-9/telemetry'^[[39m,
verify	Run pnpm verify	2026-10-06T10:26:49.2669933Z   iotDeviceId: ^[[32m'dev-ing-9'^[[39m
verify	Run pnpm verify	2026-10-06T10:26:49.2670614Z }
verify	Run pnpm verify	2026-10-06T10:26:49.2671029Z 
verify	Run pnpm verify	2026-10-06T10:26:49.2874732Z ^[[90mstderr^[[2m | apps/ingestion-worker/test/ingest-pipeline.test.ts^[[2m > ^[[22m^[[2mcreateIngestionHandler（BE-IOT-02 校验管线）^[[2m > ^[[22m^[[2m身份违规进 Quarantine：未知/撤销证书、非审批态 PENDING_CLAIM、Topic 绑定不一致
verify	Run pnpm verify	2026-10-06T10:26:49.2877837Z ^[[22m^[[39mingestion message quarantined {
verify	Run pnpm verify	2026-10-06T10:26:49.2878802Z   event: ^[[32m'ingestion.quarantined'^[[39m,
verify	Run pnpm verify	2026-10-06T10:26:49.2879994Z   messageId: ^[[32m'sqs-unknown'^[[39m,
verify	Run pnpm verify	2026-10-06T10:26:49.2880799Z   errorType: ^[[32m'UNKNOWN_DEVICE'^[[39m,
verify	Run pnpm verify	2026-10-06T10:26:49.2881638Z   errorPath: ^[[32m'iotPrincipal'^[[39m,
verify	Run pnpm verify	2026-10-06T10:26:49.2882605Z   reason: ^[[32m'certificate not registered in device ledger'^[[39m,
verify	Run pnpm verify	2026-10-06T10:26:49.2883667Z   iotTopic: ^[[32m'bnx/device/dev-ing-10/heartbeat'^[[39m,
verify	Run pnpm verify	2026-10-06T10:26:49.2884550Z   iotDeviceId: ^[[32m'dev-ing-10'^[[39m
verify	Run pnpm verify	2026-10-06T10:26:49.2902578Z }
verify	Run pnpm verify	2026-10-06T10:26:49.2902782Z 
verify	Run pnpm verify	2026-10-06T10:26:49.2932188Z ^[[90mstderr^[[2m | apps/ingestion-worker/test/ingest-pipeline.test.ts^[[2m > ^[[22m^[[2mcreateIngestionHandler（BE-IOT-02 校验管线）^[[2m > ^[[22m^[[2m身份违规进 Quarantine：未知/撤销证书、非审批态 PENDING_CLAIM、Topic 绑定不一致
verify	Run pnpm verify	2026-10-06T10:26:49.2934623Z ^[[22m^[[39mingestion message quarantined {
verify	Run pnpm verify	2026-10-06T10:26:49.2935704Z   event: ^[[32m'ingestion.quarantined'^[[39m,
verify	Run pnpm verify	2026-10-06T10:26:49.2936775Z   messageId: ^[[32m'sqs-revoked'^[[39m,
verify	Run pnpm verify	2026-10-06T10:26:49.2937799Z   errorType: ^[[32m'IDENTITY_VIOLATION'^[[39m,
verify	Run pnpm verify	2026-10-06T10:26:49.2939226Z   errorPath: ^[[32m'iotPrincipal'^[[39m,
verify	Run pnpm verify	2026-10-06T10:26:49.2940903Z   reason: ^[[32m'certificate is neither ACTIVE nor an approved onboarding certificate'^[[39m,
verify	Run pnpm verify	2026-10-06T10:26:49.2942363Z   iotTopic: ^[[32m'bnx/device/dev-ing-12/heartbeat'^[[39m,
verify	Run pnpm verify	2026-10-06T10:26:49.2943539Z   iotDeviceId: ^[[32m'dev-ing-12'^[[39m
verify	Run pnpm verify	2026-10-06T10:26:49.2944349Z }
verify	Run pnpm verify	2026-10-06T10:26:49.2944795Z 
verify	Run pnpm verify	2026-10-06T10:26:49.2950724Z ^[[90mstderr^[[2m | apps/ingestion-worker/test/ingest-pipeline.test.ts^[[2m > ^[[22m^[[2mcreateIngestionHandler（BE-IOT-02 校验管线）^[[2m > ^[[22m^[[2m身份违规进 Quarantine：未知/撤销证书、非审批态 PENDING_CLAIM、Topic 绑定不一致
verify	Run pnpm verify	2026-10-06T10:26:49.2952671Z ^[[22m^[[39mingestion message quarantined {
verify	Run pnpm verify	2026-10-06T10:26:49.2953632Z   event: ^[[32m'ingestion.quarantined'^[[39m,
verify	Run pnpm verify	2026-10-06T10:26:49.2954630Z   messageId: ^[[32m'sqs-unapproved-pending'^[[39m,
verify	Run pnpm verify	2026-10-06T10:26:49.2955647Z   errorType: ^[[32m'IDENTITY_VIOLATION'^[[39m,
verify	Run pnpm verify	2026-10-06T10:26:49.2956663Z   errorPath: ^[[32m'iotPrincipal'^[[39m,
verify	Run pnpm verify	2026-10-06T10:26:49.2958099Z   reason: ^[[32m'certificate is neither ACTIVE nor an approved onboarding certificate'^[[39m,
verify	Run pnpm verify	2026-10-06T10:26:49.2959801Z   iotTopic: ^[[32m'bnx/device/dev-ing-13/heartbeat'^[[39m,
verify	Run pnpm verify	2026-10-06T10:26:49.2960894Z   iotDeviceId: ^[[32m'dev-ing-13'^[[39m
verify	Run pnpm verify	2026-10-06T10:26:49.2961663Z }
verify	Run pnpm verify	2026-10-06T10:26:49.2962138Z 
verify	Run pnpm verify	2026-10-06T10:26:49.2985014Z ^[[90mstderr^[[2m | apps/ingestion-worker/test/ingest-pipeline.test.ts^[[2m > ^[[22m^[[2mcreateIngestionHandler（BE-IOT-02 校验管线）^[[2m > ^[[22m^[[2m身份违规进 Quarantine：未知/撤销证书、非审批态 PENDING_CLAIM、Topic 绑定不一致
verify	Run pnpm verify	2026-10-06T10:26:49.2987062Z ^[[22m^[[39mingestion message quarantined {
verify	Run pnpm verify	2026-10-06T10:26:49.2988063Z   event: ^[[32m'ingestion.quarantined'^[[39m,
verify	Run pnpm verify	2026-10-06T10:26:49.2989048Z   messageId: ^[[32m'sqs-mismatch'^[[39m,
verify	Run pnpm verify	2026-10-06T10:26:49.2990269Z   errorType: ^[[32m'IDENTITY_VIOLATION'^[[39m,
verify	Run pnpm verify	2026-10-06T10:26:49.2991234Z   errorPath: ^[[32m'iotDeviceId'^[[39m,
verify	Run pnpm verify	2026-10-06T10:26:49.2992340Z   reason: ^[[32m'topic device does not match certificate binding'^[[39m,
verify	Run pnpm verify	2026-10-06T10:26:49.2993578Z   iotTopic: ^[[32m'bnx/device/dev-ing-11/heartbeat'^[[39m,
verify	Run pnpm verify	2026-10-06T10:26:49.2994543Z   iotDeviceId: ^[[32m'dev-ing-11'^[[39m
verify	Run pnpm verify	2026-10-06T10:26:49.2995274Z }
verify	Run pnpm verify	2026-10-06T10:26:49.2995628Z 
verify	Run pnpm verify	2026-10-06T10:26:49.3073309Z ^[[90mstderr^[[2m | apps/ingestion-worker/test/ingest-pipeline.test.ts^[[2m > ^[[22m^[[2mcreateIngestionHandler（BE-IOT-02 校验管线）^[[2m > ^[[22m^[[2mRetired 设备即使证书仍 ACTIVE，八类业务 MQTT 也全部失败关闭
verify	Run pnpm verify	2026-10-06T10:26:49.3075304Z ^[[22m^[[39mingestion message quarantined {
verify	Run pnpm verify	2026-10-06T10:26:49.3076322Z   event: ^[[32m'ingestion.quarantined'^[[39m,
verify	Run pnpm verify	2026-10-06T10:26:49.3077409Z   messageId: ^[[32m'sqs-retired-heartbeat'^[[39m,
verify	Run pnpm verify	2026-10-06T10:26:49.3078497Z   errorType: ^[[32m'IDENTITY_VIOLATION'^[[39m,
verify	Run pnpm verify	2026-10-06T10:26:49.3079721Z   errorPath: ^[[32m'iotDeviceId'^[[39m,
verify	Run pnpm verify	2026-10-06T10:26:49.3080854Z   reason: ^[[32m'retired device business MQTT is disabled'^[[39m,
verify	Run pnpm verify	2026-10-06T10:26:49.3082046Z   iotTopic: ^[[32m'bnx/device/dev-ing-14/heartbeat'^[[39m,
verify	Run pnpm verify	2026-10-06T10:26:49.3083081Z   iotDeviceId: ^[[32m'dev-ing-14'^[[39m
verify	Run pnpm verify	2026-10-06T10:26:49.3083807Z }
verify	Run pnpm verify	2026-10-06T10:26:49.3084202Z 
verify	Run pnpm verify	2026-10-06T10:26:49.3103270Z ^[[90mstderr^[[2m | apps/ingestion-worker/test/ingest-pipeline.test.ts^[[2m > ^[[22m^[[2mcreateIngestionHandler（BE-IOT-02 校验管线）^[[2m > ^[[22m^[[2mRetired 设备即使证书仍 ACTIVE，八类业务 MQTT 也全部失败关闭
verify	Run pnpm verify	2026-10-06T10:26:49.3105311Z ^[[22m^[[39mingestion message quarantined {
verify	Run pnpm verify	2026-10-06T10:26:49.3106308Z   event: ^[[32m'ingestion.quarantined'^[[39m,
verify	Run pnpm verify	2026-10-06T10:26:49.3107340Z   messageId: ^[[32m'sqs-retired-telemetry'^[[39m,
verify	Run pnpm verify	2026-10-06T10:26:49.3108342Z   errorType: ^[[32m'IDENTITY_VIOLATION'^[[39m,
verify	Run pnpm verify	2026-10-06T10:26:49.3110101Z   errorPath: ^[[32m'iotDeviceId'^[[39m,
verify	Run pnpm verify	2026-10-06T10:26:49.3111192Z   reason: ^[[32m'retired device business MQTT is disabled'^[[39m,
verify	Run pnpm verify	2026-10-06T10:26:49.3112358Z   iotTopic: ^[[32m'bnx/device/dev-ing-14/telemetry'^[[39m,
verify	Run pnpm verify	2026-10-06T10:26:49.3113371Z   iotDeviceId: ^[[32m'dev-ing-14'^[[39m
verify	Run pnpm verify	2026-10-06T10:26:49.3114132Z }
verify	Run pnpm verify	2026-10-06T10:26:49.3114511Z 
verify	Run pnpm verify	2026-10-06T10:26:49.3133020Z ^[[90mstderr^[[2m | apps/ingestion-worker/test/ingest-pipeline.test.ts^[[2m > ^[[22m^[[2mcreateIngestionHandler（BE-IOT-02 校验管线）^[[2m > ^[[22m^[[2mRetired 设备即使证书仍 ACTIVE，八类业务 MQTT 也全部失败关闭
verify	Run pnpm verify	2026-10-06T10:26:49.3136162Z ^[[22m^[[39mingestion message quarantined {
verify	Run pnpm verify	2026-10-06T10:26:49.3137165Z   event: ^[[32m'ingestion.quarantined'^[[39m,
verify	Run pnpm verify	2026-10-06T10:26:49.3138152Z   messageId: ^[[32m'sqs-retired-report'^[[39m,
verify	Run pnpm verify	2026-10-06T10:26:49.3139162Z   errorType: ^[[32m'IDENTITY_VIOLATION'^[[39m,
verify	Run pnpm verify	2026-10-06T10:26:49.3140389Z   errorPath: ^[[32m'iotDeviceId'^[[39m,
verify	Run pnpm verify	2026-10-06T10:26:49.3143310Z   reason: ^[[32m'retired device business MQTT is disabled'^[[39m,
verify	Run pnpm verify	2026-10-06T10:26:49.3144526Z   iotTopic: ^[[32m'bnx/device/dev-ing-14/report'^[[39m,
verify	Run pnpm verify	2026-10-06T10:26:49.3145496Z   iotDeviceId: ^[[32m'dev-ing-14'^[[39m
verify	Run pnpm verify	2026-10-06T10:26:49.3146240Z }
verify	Run pnpm verify	2026-10-06T10:26:49.3146667Z 
verify	Run pnpm verify	2026-10-06T10:26:49.3158254Z ^[[90mstderr^[[2m | apps/ingestion-worker/test/ingest-pipeline.test.ts^[[2m > ^[[22m^[[2mcreateIngestionHandler（BE-IOT-02 校验管线）^[[2m > ^[[22m^[[2mRetired 设备即使证书仍 ACTIVE，八类业务 MQTT 也全部失败关闭
verify	Run pnpm verify	2026-10-06T10:26:49.3160556Z ^[[22m^[[39mingestion message quarantined {
verify	Run pnpm verify	2026-10-06T10:26:49.3161604Z   event: ^[[32m'ingestion.quarantined'^[[39m,
verify	Run pnpm verify	2026-10-06T10:26:49.3162571Z   messageId: ^[[32m'sqs-retired-alarm'^[[39m,
verify	Run pnpm verify	2026-10-06T10:26:49.3163554Z   errorType: ^[[32m'IDENTITY_VIOLATION'^[[39m,
verify	Run pnpm verify	2026-10-06T10:26:49.3164503Z   errorPath: ^[[32m'iotDeviceId'^[[39m,
verify	Run pnpm verify	2026-10-06T10:26:49.3165776Z   reason: ^[[32m'retired device business MQTT is disabled'^[[39m,
verify	Run pnpm verify	2026-10-06T10:26:49.3166923Z   iotTopic: ^[[32m'bnx/device/dev-ing-14/alarm'^[[39m,
verify	Run pnpm verify	2026-10-06T10:26:49.3167941Z   iotDeviceId: ^[[32m'dev-ing-14'^[[39m
verify	Run pnpm verify	2026-10-06T10:26:49.3168636Z }
verify	Run pnpm verify	2026-10-06T10:26:49.3169067Z 
verify	Run pnpm verify	2026-10-06T10:26:49.3199646Z ^[[90mstderr^[[2m | apps/ingestion-worker/test/ingest-pipeline.test.ts^[[2m > ^[[22m^[[2mcreateIngestionHandler（BE-IOT-02 校验管线）^[[2m > ^[[22m^[[2mRetired 设备即使证书仍 ACTIVE，八类业务 MQTT 也全部失败关闭
verify	Run pnpm verify	2026-10-06T10:26:49.3202688Z ^[[22m^[[39mingestion message quarantined {
verify	Run pnpm verify	2026-10-06T10:26:49.3203675Z   event: ^[[32m'ingestion.quarantined'^[[39m,
verify	Run pnpm verify	2026-10-06T10:26:49.3204680Z   messageId: ^[[32m'sqs-retired-event'^[[39m,
verify	Run pnpm verify	2026-10-06T10:26:49.3205702Z   errorType: ^[[32m'IDENTITY_VIOLATION'^[[39m,
verify	Run pnpm verify	2026-10-06T10:26:49.3206656Z   errorPath: ^[[32m'iotDeviceId'^[[39m,
verify	Run pnpm verify	2026-10-06T10:26:49.3207745Z   reason: ^[[32m'retired device business MQTT is disabled'^[[39m,
verify	Run pnpm verify	2026-10-06T10:26:49.3208893Z   iotTopic: ^[[32m'bnx/device/dev-ing-14/event'^[[39m,
verify	Run pnpm verify	2026-10-06T10:26:49.3210290Z   iotDeviceId: ^[[32m'dev-ing-14'^[[39m
verify	Run pnpm verify	2026-10-06T10:26:49.3211015Z }
verify	Run pnpm verify	2026-10-06T10:26:49.3211424Z 
verify	Run pnpm verify	2026-10-06T10:26:49.3231436Z ^[[90mstderr^[[2m | apps/ingestion-worker/test/ingest-pipeline.test.ts^[[2m > ^[[22m^[[2mcreateIngestionHandler（BE-IOT-02 校验管线）^[[2m > ^[[22m^[[2mRetired 设备即使证书仍 ACTIVE，八类业务 MQTT 也全部失败关闭
verify	Run pnpm verify	2026-10-06T10:26:49.3234132Z ^[[22m^[[39mingestion message quarantined {
verify	Run pnpm verify	2026-10-06T10:26:49.3235123Z   event: ^[[32m'ingestion.quarantined'^[[39m,
verify	Run pnpm verify	2026-10-06T10:26:49.3236141Z   messageId: ^[[32m'sqs-retired-ack'^[[39m,
verify	Run pnpm verify	2026-10-06T10:26:49.3237154Z   errorType: ^[[32m'IDENTITY_VIOLATION'^[[39m,
verify	Run pnpm verify	2026-10-06T10:26:49.3238076Z   errorPath: ^[[32m'iotDeviceId'^[[39m,
verify	Run pnpm verify	2026-10-06T10:26:49.3239896Z   reason: ^[[32m'retired device business MQTT is disabled'^[[39m,
verify	Run pnpm verify	2026-10-06T10:26:49.3241087Z   iotTopic: ^[[32m'bnx/device/dev-ing-14/ack'^[[39m,
verify	Run pnpm verify	2026-10-06T10:26:49.3242081Z   iotDeviceId: ^[[32m'dev-ing-14'^[[39m
verify	Run pnpm verify	2026-10-06T10:26:49.3242807Z }
verify	Run pnpm verify	2026-10-06T10:26:49.3243233Z 
verify	Run pnpm verify	2026-10-06T10:26:49.3262482Z ^[[90mstderr^[[2m | apps/ingestion-worker/test/ingest-pipeline.test.ts^[[2m > ^[[22m^[[2mcreateIngestionHandler（BE-IOT-02 校验管线）^[[2m > ^[[22m^[[2mRetired 设备即使证书仍 ACTIVE，八类业务 MQTT 也全部失败关闭
verify	Run pnpm verify	2026-10-06T10:26:49.3265500Z ^[[22m^[[39mingestion message quarantined {
verify	Run pnpm verify	2026-10-06T10:26:49.3266524Z   event: ^[[32m'ingestion.quarantined'^[[39m,
verify	Run pnpm verify	2026-10-06T10:26:49.3267518Z   messageId: ^[[32m'sqs-retired-tamper'^[[39m,
verify	Run pnpm verify	2026-10-06T10:26:49.3268573Z   errorType: ^[[32m'IDENTITY_VIOLATION'^[[39m,
verify	Run pnpm verify	2026-10-06T10:26:49.3269733Z   errorPath: ^[[32m'iotDeviceId'^[[39m,
verify	Run pnpm verify	2026-10-06T10:26:49.3270841Z   reason: ^[[32m'retired device business MQTT is disabled'^[[39m,
verify	Run pnpm verify	2026-10-06T10:26:49.3271999Z   iotTopic: ^[[32m'bnx/device/dev-ing-14/tamper'^[[39m,
verify	Run pnpm verify	2026-10-06T10:26:49.3273005Z   iotDeviceId: ^[[32m'dev-ing-14'^[[39m
verify	Run pnpm verify	2026-10-06T10:26:49.3273725Z }
verify	Run pnpm verify	2026-10-06T10:26:49.3274150Z 
verify	Run pnpm verify	2026-10-06T10:26:49.3294901Z ^[[90mstderr^[[2m | apps/ingestion-worker/test/ingest-pipeline.test.ts^[[2m > ^[[22m^[[2mcreateIngestionHandler（BE-IOT-02 校验管线）^[[2m > ^[[22m^[[2mRetired 设备即使证书仍 ACTIVE，八类业务 MQTT 也全部失败关闭
verify	Run pnpm verify	2026-10-06T10:26:49.3297649Z ^[[22m^[[39mingestion message quarantined {
verify	Run pnpm verify	2026-10-06T10:26:49.3298681Z   event: ^[[32m'ingestion.quarantined'^[[39m,
verify	Run pnpm verify	2026-10-06T10:26:49.3299956Z   messageId: ^[[32m'sqs-retired-media'^[[39m,
verify	Run pnpm verify	2026-10-06T10:26:49.3300953Z   errorType: ^[[32m'IDENTITY_VIOLATION'^[[39m,
verify	Run pnpm verify	2026-10-06T10:26:49.3301914Z   errorPath: ^[[32m'iotDeviceId'^[[39m,
verify	Run pnpm verify	2026-10-06T10:26:49.3302991Z   reason: ^[[32m'retired device business MQTT is disabled'^[[39m,
verify	Run pnpm verify	2026-10-06T10:26:49.3304144Z   iotTopic: ^[[32m'bnx/device/dev-ing-14/media'^[[39m,
verify	Run pnpm verify	2026-10-06T10:26:49.3305132Z   iotDeviceId: ^[[32m'dev-ing-14'^[[39m
verify	Run pnpm verify	2026-10-06T10:26:49.3305827Z }
verify	Run pnpm verify	2026-10-06T10:26:49.3306257Z 
verify	Run pnpm verify	2026-10-06T10:26:49.3380216Z ^[[90mstderr^[[2m | apps/ingestion-worker/test/ingest-pipeline.test.ts^[[2m > ^[[22m^[[2mcreateIngestionHandler（BE-IOT-02 校验管线）^[[2m > ^[[22m^[[2m时钟偏差超阈值进 Quarantine（CLOCK_SKEW，路径 meta.ts）
verify	Run pnpm verify	2026-10-06T10:26:49.3383437Z ^[[22m^[[39mingestion message quarantined {
verify	Run pnpm verify	2026-10-06T10:26:49.3384520Z   event: ^[[32m'ingestion.quarantined'^[[39m,
verify	Run pnpm verify	2026-10-06T10:26:49.3385481Z   messageId: ^[[32m'sqs-1'^[[39m,
verify	Run pnpm verify	2026-10-06T10:26:49.3386446Z   errorType: ^[[32m'CLOCK_SKEW'^[[39m,
verify	Run pnpm verify	2026-10-06T10:26:49.3387364Z   errorPath: ^[[32m'meta.ts'^[[39m,
verify	Run pnpm verify	2026-10-06T10:26:49.3388794Z   reason: ^[[32m'device timestamp outside allowed window: skew 3600s, past 300s, future 300s'^[[39m,
verify	Run pnpm verify	2026-10-06T10:26:49.3390506Z   iotTopic: ^[[32m'bnx/device/dev-ing-15/heartbeat'^[[39m,
verify	Run pnpm verify	2026-10-06T10:26:49.3391603Z   iotDeviceId: ^[[32m'dev-ing-15'^[[39m
verify	Run pnpm verify	2026-10-06T10:26:49.3392397Z }
verify	Run pnpm verify	2026-10-06T10:26:49.3392858Z 
verify	Run pnpm verify	2026-10-06T10:26:49.3610541Z ^[[90mstderr^[[2m | apps/ingestion-worker/test/ingest-pipeline.test.ts^[[2m > ^[[22m^[[2mcreateIngestionHandler（BE-IOT-02 校验管线）^[[2m > ^[[22m^[[2mEnvelope 失败关闭：字段缺失、Topic 上下文不一致及额外 iot* 字段均隔离
verify	Run pnpm verify	2026-10-06T10:26:49.3618253Z ^[[22m^[[39mingestion message quarantined {
verify	Run pnpm verify	2026-10-06T10:26:49.3619571Z   event: ^[[32m'ingestion.quarantined'^[[39m,
verify	Run pnpm verify	2026-10-06T10:26:49.3620595Z   messageId: ^[[32m'sqs-missing'^[[39m,
verify	Run pnpm verify	2026-10-06T10:26:49.3621513Z   errorType: ^[[32m'INVALID_ENVELOPE'^[[39m,
verify	Run pnpm verify	2026-10-06T10:26:49.3622713Z   errorPath: ^[[32m'iotPrincipal'^[[39m,
verify	Run pnpm verify	2026-10-06T10:26:49.3623696Z   reason: ^[[32m'iotPrincipal missing'^[[39m
verify	Run pnpm verify	2026-10-06T10:26:49.3624467Z }
verify	Run pnpm verify	2026-10-06T10:26:49.3624884Z 
verify	Run pnpm verify	2026-10-06T10:26:49.3626931Z ^[[90mstderr^[[2m | apps/ingestion-worker/test/ingest-pipeline.test.ts^[[2m > ^[[22m^[[2mcreateIngestionHandler（BE-IOT-02 校验管线）^[[2m > ^[[22m^[[2mEnvelope 失败关闭：字段缺失、Topic 上下文不一致及额外 iot* 字段均隔离
verify	Run pnpm verify	2026-10-06T10:26:49.3640343Z ^[[22m^[[39mingestion message quarantined {
verify	Run pnpm verify	2026-10-06T10:26:49.3641227Z   event: ^[[32m'ingestion.quarantined'^[[39m,
verify	Run pnpm verify	2026-10-06T10:26:49.3642058Z   messageId: ^[[32m'sqs-mismatch'^[[39m,
verify	Run pnpm verify	2026-10-06T10:26:49.3642971Z   errorType: ^[[32m'INVALID_ENVELOPE'^[[39m,
verify	Run pnpm verify	2026-10-06T10:26:49.3644466Z   errorPath: ^[[32m'iotType'^[[39m,
verify	Run pnpm verify	2026-10-06T10:26:49.3645564Z   reason: ^[[32m'iotType missing or inconsistent with iotTopic'^[[39m
verify	Run pnpm verify	2026-10-06T10:26:49.3646440Z }
verify	Run pnpm verify	2026-10-06T10:26:49.3654332Z 
verify	Run pnpm verify	2026-10-06T10:26:49.3656411Z ^[[90mstderr^[[2m | apps/ingestion-worker/test/ingest-pipeline.test.ts^[[2m > ^[[22m^[[2mcreateIngestionHandler（BE-IOT-02 校验管线）^[[2m > ^[[22m^[[2mEnvelope 失败关闭：字段缺失、Topic 上下文不一致及额外 iot* 字段均隔离
verify	Run pnpm verify	2026-10-06T10:26:49.3658353Z ^[[22m^[[39mingestion message quarantined {
verify	Run pnpm verify	2026-10-06T10:26:49.3659948Z   event: ^[[32m'ingestion.quarantined'^[[39m,
verify	Run pnpm verify	2026-10-06T10:26:49.3660953Z   messageId: ^[[32m'sqs-device-mismatch'^[[39m,
verify	Run pnpm verify	2026-10-06T10:26:49.3661925Z   errorType: ^[[32m'INVALID_ENVELOPE'^[[39m,
verify	Run pnpm verify	2026-10-06T10:26:49.3662879Z   errorPath: ^[[32m'iotDeviceId'^[[39m,
verify	Run pnpm verify	2026-10-06T10:26:49.3663931Z   reason: ^[[32m'iotDeviceId is inconsistent with iotTopic'^[[39m
verify	Run pnpm verify	2026-10-06T10:26:49.3664802Z }
verify	Run pnpm verify	2026-10-06T10:26:49.3665179Z 
verify	Run pnpm verify	2026-10-06T10:26:49.3667208Z ^[[90mstderr^[[2m | apps/ingestion-worker/test/ingest-pipeline.test.ts^[[2m > ^[[22m^[[2mcreateIngestionHandler（BE-IOT-02 校验管线）^[[2m > ^[[22m^[[2mEnvelope 失败关闭：字段缺失、Topic 上下文不一致及额外 iot* 字段均隔离
verify	Run pnpm verify	2026-10-06T10:26:49.3669152Z ^[[22m^[[39mingestion message quarantined {
verify	Run pnpm verify	2026-10-06T10:26:49.3670400Z   event: ^[[32m'ingestion.quarantined'^[[39m,
verify	Run pnpm verify	2026-10-06T10:26:49.3671326Z   messageId: ^[[32m'sqs-extra-iot'^[[39m,
verify	Run pnpm verify	2026-10-06T10:26:49.3672269Z   errorType: ^[[32m'SCHEMA_VIOLATION'^[[39m,
verify	Run pnpm verify	2026-10-06T10:26:49.3673151Z   errorPath: ^[[32m'(root)'^[[39m,
verify	Run pnpm verify	2026-10-06T10:26:49.3674463Z   reason: ^[[32m'payload violates heartbeat.schema.json: 不允许的额外字段 iotSpoofedContext'^[[39m,
verify	Run pnpm verify	2026-10-06T10:26:49.3675867Z   iotTopic: ^[[32m'bnx/device/dev-ing-17/heartbeat'^[[39m,
verify	Run pnpm verify	2026-10-06T10:26:49.3676892Z   iotDeviceId: ^[[32m'dev-ing-17'^[[39m
verify	Run pnpm verify	2026-10-06T10:26:49.3677586Z }
verify	Run pnpm verify	2026-10-06T10:26:49.3678060Z 
verify	Run pnpm verify	2026-10-06T10:26:49.3827792Z  ^[[32m✓^[[39m apps/ingestion-worker/test/ingest-pipeline.test.ts ^[[2m(^[[22m^[[2m15 tests^[[22m^[[2m)^[[22m^[[33m 4630^[[2mms^[[22m^[[39m
verify	Run pnpm verify	2026-10-06T10:26:49.3921762Z      ^[[33m^[[2m✓^[[22m^[[39m 生产组合根闭环：SQS → 身份/Schema 校验 → Heartbeat → Onboarded ^[[33m 436^[[2mms^[[22m^[[39m
verify	Run pnpm verify	2026-10-06T10:26:49.9301043Z Bundling asset TestStack/ApiFn/Code/Stage...
verify	Run pnpm verify	2026-10-06T10:26:51.0498233Z  ^[[32m✓^[[39m apps/cloud-api/test/device-sync.test.ts ^[[2m(^[[22m^[[2m13 tests^[[22m^[[2m)^[[22m^[[33m 5064^[[2mms^[[22m^[[39m
verify	Run pnpm verify	2026-10-06T10:26:51.0501712Z      ^[[33m^[[2m✓^[[22m^[[39m 六域齐备：Assignment/Alias/License+签名/Device Users+验证材料/Configuration/Operational Status ^[[33m 364^[[2mms^[[22m^[[39m
verify	Run pnpm verify	2026-10-06T10:26:52.9644526Z Bundling asset TestStack/IngestionFn/Code/Stage...
verify	Run pnpm verify	2026-10-06T10:26:54.1690603Z Bundling asset TestStack/ArchiveFn/Code/Stage...
verify	Run pnpm verify	2026-10-06T10:26:54.8620678Z Bundling asset TestStack/OutboxPublisherFn/Code/Stage...
verify	Run pnpm verify	2026-10-06T10:26:55.8910706Z Bundling asset TestStack/NotificationPublisherFn/Code/Stage...
verify	Run pnpm verify	2026-10-06T10:26:56.1073325Z  ^[[32m✓^[[39m apps/cloud-api/test/admin-ota-package.test.ts ^[[2m(^[[22m^[[2m13 tests^[[22m^[[2m)^[[22m^[[33m 3948^[[2mms^[[22m^[[39m
verify	Run pnpm verify	2026-10-06T10:26:56.9563218Z Bundling asset TestStack/SummaryFn/Code/Stage...
verify	Run pnpm verify	2026-10-06T10:26:57.9413558Z Bundling asset TestStack/ReplayTriggerPublisherFn/Code/Stage...
verify	Run pnpm verify	2026-10-06T10:26:59.2710720Z Bundling asset TestStack/ReplayFn/Code/Stage...
verify	Run pnpm verify	2026-10-06T10:27:00.2125525Z Bundling asset TestStack/CertPackageSweeperFn/Code/Stage...
verify	Run pnpm verify	2026-10-06T10:27:01.2367590Z Bundling asset TestStack/OnboardingDeadlineFn/Code/Stage...
verify	Run pnpm verify	2026-10-06T10:27:01.9658019Z  ^[[32m✓^[[39m apps/admin-web/test/contracts.test.tsx ^[[2m(^[[22m^[[2m11 tests^[[22m^[[2m)^[[22m^[[33m 9848^[[2mms^[[22m^[[39m
verify	Run pnpm verify	2026-10-06T10:27:01.9660574Z    ^[[33m^[[2m✓^[[22m^[[39m 列表：客户名解析、设备计数、服务期限、派生状态标签、筛选回调 ^[[33m 1643^[[2mms^[[22m^[[39m
verify	Run pnpm verify	2026-10-06T10:27:01.9661991Z    ^[[33m^[[2m✓^[[22m^[[39m 列表：新建按钮按 contract:write 门控（Operator 禁用） ^[[33m 485^[[2mms^[[22m^[[39m
verify	Run pnpm verify	2026-10-06T10:27:01.9663513Z    ^[[33m^[[2m✓^[[22m^[[39m 新建：创建 DRAFT（不自动激活 License）→ eligible 设备两步关联 ^[[33m 1164^[[2mms^[[22m^[[39m
verify	Run pnpm verify	2026-10-06T10:27:01.9664814Z    ^[[33m^[[2m✓^[[22m^[[39m 新建：编号重复 409 → 明确错误呈现 ^[[33m 627^[[2mms^[[22m^[[39m
verify	Run pnpm verify	2026-10-06T10:27:01.9666090Z    ^[[33m^[[2m✓^[[22m^[[39m 详情：编辑携带 version（If-Match）+ 强制原因；EFFECTIVE 不可改有效期 ^[[33m 880^[[2mms^[[22m^[[39m
verify	Run pnpm verify	2026-10-06T10:27:01.9667662Z    ^[[33m^[[2m✓^[[22m^[[39m 详情：续约校验（newEndAt 须晚于当前）+ 提交；激活/终止强制原因确认 ^[[33m 2398^[[2mms^[[22m^[[39m
verify	Run pnpm verify	2026-10-06T10:27:01.9668953Z    ^[[33m^[[2m✓^[[22m^[[39m 详情：绑定 eligible 设备（重叠租期 409 呈现）；解绑不撤销 License（License 展示不变） ^[[33m 2337^[[2mms^[[22m^[[39m
verify	Run pnpm verify	2026-10-06T10:27:02.1581790Z Bundling asset TestStack/RetirementTimeoutFn/Code/Stage...
verify	Run pnpm verify	2026-10-06T10:27:02.3020573Z  ^[[32m✓^[[39m apps/cloud-api/test/admin-device-user.test.ts ^[[2m(^[[22m^[[2m8 tests^[[22m^[[2m)^[[22m^[[33m 5078^[[2mms^[[22m^[[39m
verify	Run pnpm verify	2026-10-06T10:27:02.3022319Z      ^[[33m^[[2m✓^[[22m^[[39m 仅匹配具有目标设备 ACTIVE 分配的设备操作员 ^[[33m 605^[[2mms^[[22m^[[39m
verify	Run pnpm verify	2026-10-06T10:27:03.1803302Z Bundling asset TestStack/ActivityExportFn/Code/Stage...
verify	Run pnpm verify	2026-10-06T10:27:04.2906302Z Bundling asset TestStack/EsgExportFn/Code/Stage...
verify	Run pnpm verify	2026-10-06T10:27:05.7401221Z Bundling asset TestStack/CommandPublisherFn/Code/Stage...
verify	Run pnpm verify	2026-10-06T10:27:06.9725163Z Bundling asset TestStack/CommandTimeoutFn/Code/Stage...
verify	Run pnpm verify	2026-10-06T10:27:07.4762326Z  ^[[32m✓^[[39m apps/cloud-api/test/admin-dashboard.test.ts ^[[2m(^[[22m^[[2m8 tests^[[22m^[[2m)^[[22m^[[33m 4540^[[2mms^[[22m^[[39m
verify	Run pnpm verify	2026-10-06T10:27:08.0392026Z Bundling asset TestStack/OtaDispatcherFn/Code/Stage...
verify	Run pnpm verify	2026-10-06T10:27:08.6521174Z  ^[[32m✓^[[39m apps/cloud-api/test/admin-configuration.test.ts ^[[2m(^[[22m^[[2m9 tests^[[22m^[[2m)^[[22m^[[33m 4999^[[2mms^[[22m^[[39m
verify	Run pnpm verify	2026-10-06T10:27:08.6546257Z      ^[[33m^[[2m✓^[[22m^[[39m 创建配置（按设备/按型号）与不可变版本；版本号递增；二选一与目标校验 ^[[33m 366^[[2mms^[[22m^[[39m
verify	Run pnpm verify	2026-10-06T10:27:09.1162729Z Bundling asset TestStack/OnboardingApiFn/Code/Stage...
verify	Run pnpm verify	2026-10-06T10:27:10.4610588Z Bundling asset TestStack/OnboardingProvisioningFn/Code/Stage...
verify	Run pnpm verify	2026-10-06T10:27:11.8900833Z Bundling asset TestStack/DeviceApiFn/Code/Stage...
verify	Run pnpm verify	2026-10-06T10:27:13.0810709Z Bundling asset TestStack/ApiFn/Code/Stage...
verify	Run pnpm verify	2026-10-06T10:27:13.3760829Z  ^[[32m✓^[[39m apps/cloud-api/test/admin-site.test.ts ^[[2m(^[[22m^[[2m13 tests^[[22m^[[2m)^[[22m^[[33m 4603^[[2mms^[[22m^[[39m
verify	Run pnpm verify	2026-10-06T10:27:15.3561295Z  ^[[32m✓^[[39m apps/cloud-api/test/admin-command.test.ts ^[[2m(^[[22m^[[2m15 tests^[[22m^[[2m)^[[22m^[[33m 5547^[[2mms^[[22m^[[39m
verify	Run pnpm verify	2026-10-06T10:27:15.3590345Z      ^[[33m^[[2m✓^[[22m^[[39m ACTIVE 设备：22 个命令全部创建成功并进入 AUTHORIZED ^[[33m 557^[[2mms^[[22m^[[39m
verify	Run pnpm verify	2026-10-06T10:27:16.7508364Z Bundling asset TestStack/IngestionFn/Code/Stage...
verify	Run pnpm verify	2026-10-06T10:27:17.9454506Z Bundling asset TestStack/ArchiveFn/Code/Stage...
verify	Run pnpm verify	2026-10-06T10:27:18.7898359Z Bundling asset TestStack/OutboxPublisherFn/Code/Stage...
verify	Run pnpm verify	2026-10-06T10:27:19.6752789Z  ^[[32m✓^[[39m apps/cloud-api/test/admin-device.test.ts ^[[2m(^[[22m^[[2m10 tests^[[22m^[[2m)^[[22m^[[33m 4936^[[2mms^[[22m^[[39m
verify	Run pnpm verify	2026-10-06T10:27:19.6754960Z      ^[[33m^[[2m✓^[[22m^[[39m 原型设备群表格字段均有来源；证书仅摘要（不泄露 PEM/私钥/证书包） ^[[33m 410^[[2mms^[[22m^[[39m
verify	Run pnpm verify	2026-10-06T10:27:19.8930841Z Bundling asset TestStack/NotificationPublisherFn/Code/Stage...
verify	Run pnpm verify	2026-10-06T10:27:20.8143767Z Bundling asset TestStack/SummaryFn/Code/Stage...
verify	Run pnpm verify	2026-10-06T10:27:21.1917683Z  ^[[32m✓^[[39m apps/cloud-api/test/admin-alarm.test.ts ^[[2m(^[[22m^[[2m10 tests^[[22m^[[2m)^[[22m^[[33m 4495^[[2mms^[[22m^[[39m
verify	Run pnpm verify	2026-10-06T10:27:21.1920144Z      ^[[33m^[[2m✓^[[22m^[[39m 确认记录操作者/原因/时间 + 审计；重复确认幂等（无新写入/审计/领域事件） ^[[33m 363^[[2mms^[[22m^[[39m
verify	Run pnpm verify	2026-10-06T10:27:21.8312702Z Bundling asset TestStack/ReplayTriggerPublisherFn/Code/Stage...
verify	Run pnpm verify	2026-10-06T10:27:22.2825893Z  ^[[32m✓^[[39m apps/cloud-api/test/admin-lambda-composition.test.ts ^[[2m(^[[22m^[[2m12 tests^[[22m^[[2m)^[[22m^[[33m 605^[[2mms^[[22m^[[39m
verify	Run pnpm verify	2026-10-06T10:27:22.7426604Z Bundling asset TestStack/ReplayFn/Code/Stage...
verify	Run pnpm verify	2026-10-06T10:27:23.7930692Z Bundling asset TestStack/CertPackageSweeperFn/Code/Stage...
verify	Run pnpm verify	2026-10-06T10:27:24.8160721Z Bundling asset TestStack/OnboardingDeadlineFn/Code/Stage...
verify	Run pnpm verify	2026-10-06T10:27:25.9770127Z Bundling asset TestStack/RetirementTimeoutFn/Code/Stage...
verify	Run pnpm verify	2026-10-06T10:27:26.8982307Z Bundling asset TestStack/ActivityExportFn/Code/Stage...
verify	Run pnpm verify	2026-10-06T10:27:27.7101535Z  ^[[32m✓^[[39m apps/cloud-api/test/admin-esg.test.ts ^[[2m(^[[22m^[[2m10 tests^[[22m^[[2m)^[[22m^[[33m 4194^[[2mms^[[22m^[[39m
verify	Run pnpm verify	2026-10-06T10:27:27.9831634Z Bundling asset TestStack/EsgExportFn/Code/Stage...
verify	Run pnpm verify	2026-10-06T10:27:28.9561557Z Bundling asset TestStack/CommandPublisherFn/Code/Stage...
verify	Run pnpm verify	2026-10-06T10:27:30.0381416Z Bundling asset TestStack/CommandTimeoutFn/Code/Stage...
verify	Run pnpm verify	2026-10-06T10:27:31.1860798Z Bundling asset TestStack/OtaDispatcherFn/Code/Stage...
verify	Run pnpm verify	2026-10-06T10:27:32.2450774Z Bundling asset TestStack/OnboardingApiFn/Code/Stage...
verify	Run pnpm verify	2026-10-06T10:27:32.5431489Z  ^[[32m✓^[[39m apps/cloud-api/test/admin-contract.test.ts ^[[2m(^[[22m^[[2m9 tests^[[22m^[[2m)^[[22m^[[33m 3838^[[2mms^[[22m^[[39m
verify	Run pnpm verify	2026-10-06T10:27:32.5440885Z      ^[[33m^[[2m✓^[[22m^[[39m 创建→详情→编辑→激活→续约→终止；每步审计一次、version 递增 ^[[33m 323^[[2mms^[[22m^[[39m
verify	Run pnpm verify	2026-10-06T10:27:33.2643387Z Bundling asset TestStack/OnboardingProvisioningFn/Code/Stage...
verify	Run pnpm verify	2026-10-06T10:27:34.3102547Z Bundling asset TestStack/DeviceApiFn/Code/Stage...
verify	Run pnpm verify	2026-10-06T10:27:34.4273307Z  ^[[32m✓^[[39m apps/admin-web/test/device-operate.test.tsx ^[[2m(^[[22m^[[2m13 tests^[[22m^[[2m)^[[22m^[[33m 12084^[[2mms^[[22m^[[39m
verify	Run pnpm verify	2026-10-06T10:27:34.4275037Z    ^[[33m^[[2m✓^[[22m^[[39m PUBLISH_FAILED 可筛选展示；温度命令仅保留协议 parity、不可由后台提交 ^[[33m 1006^[[2mms^[[22m^[[39m
verify	Run pnpm verify	2026-10-06T10:27:34.4277445Z    ^[[33m^[[2m✓^[[22m^[[39m 无协议 command code 禁止提交：未知 code 抛错；模式切换表单只能选组内真实命令 ^[[33m 800^[[2mms^[[22m^[[39m
verify	Run pnpm verify	2026-10-06T10:27:34.4298243Z    ^[[33m^[[2m✓^[[22m^[[39m 高风险命令：confirmText 必须与命令名完全一致；客户端不提交确认时间 ^[[33m 3045^[[2mms^[[22m^[[39m
verify	Run pnpm verify	2026-10-06T10:27:34.4310081Z    ^[[33m^[[2m✓^[[22m^[[39m 低风险命令无需确认凭证；timeoutSec 越界禁止提交 ^[[33m 1985^[[2mms^[[22m^[[39m
verify	Run pnpm verify	2026-10-06T10:27:34.4311288Z    ^[[33m^[[2m✓^[[22m^[[39m DEC-018 排除 M/N 入口；温度阈值跳转 Configuration 且不产生命令提交 ^[[33m 523^[[2mms^[[22m^[[39m
verify	Run pnpm verify	2026-10-06T10:27:34.4312359Z    ^[[33m^[[2m✓^[[22m^[[39m 门控：Suspended/Retired/离线/无 Entitlement/无 command:send 均禁用且原因展示 ^[[33m 1989^[[2mms^[[22m^[[39m
verify	Run pnpm verify	2026-10-06T10:27:34.4313307Z    ^[[33m^[[2m✓^[[22m^[[39m 状态 E2E：提交受理（AUTHORIZED，requestedBy 身份上下文）→ 下发 → ACK → 成功；表单无 requestedBy 输入 ^[[33m 738^[[2mms^[[22m^[[39m
verify	Run pnpm verify	2026-10-06T10:27:34.4314042Z    ^[[33m^[[2m✓^[[22m^[[39m TIMED_OUT 展示；超时后收到的 ACK 标注“迟到 ACK” ^[[33m 335^[[2mms^[[22m^[[39m
verify	Run pnpm verify	2026-10-06T10:27:34.4314671Z    ^[[33m^[[2m✓^[[22m^[[39m 媒体面板：仅最新 Media + 手动刷新；无播放/停止按钮（DEC-009） ^[[33m 402^[[2mms^[[22m^[[39m
verify	Run pnpm verify	2026-10-06T10:27:34.4315308Z    ^[[33m^[[2m✓^[[22m^[[39m 活动日志：级别/类型筛选应用；导出快照与当前筛选一致；表格渲染 ^[[33m 969^[[2mms^[[22m^[[39m
verify	Run pnpm verify	2026-10-06T10:27:35.5976449Z Bundling asset TestStack/ApiFn/Code/Stage...
verify	Run pnpm verify	2026-10-06T10:27:38.9897608Z Bundling asset TestStack/IngestionFn/Code/Stage...
verify	Run pnpm verify	2026-10-06T10:27:39.2889733Z  ^[[32m✓^[[39m apps/cloud-api/test/provisioning.test.ts ^[[2m(^[[22m^[[2m8 tests^[[22m^[[2m)^[[22m^[[33m 5514^[[2mms^[[22m^[[39m
verify	Run pnpm verify	2026-10-06T10:27:39.2905580Z      ^[[33m^[[2m✓^[[22m^[[39m 正向：Thing/Policy/attach 全链调用；证书 PENDING_CLAIM；私钥仅以信封密文落库 ^[[33m 422^[[2mms^[[22m^[[39m
verify	Run pnpm verify	2026-10-06T10:27:39.9672852Z  ^[[32m✓^[[39m apps/cloud-api/test/admin-consumable.test.ts ^[[2m(^[[22m^[[2m9 tests^[[22m^[[2m)^[[22m^[[33m 4256^[[2mms^[[22m^[[39m
verify	Run pnpm verify	2026-10-06T10:27:39.9674865Z      ^[[33m^[[2m✓^[[22m^[[39m 两种耗材列稳定映射；查询返回百分比/来源消息/observedAt/stale；联系人授权摘要 ^[[33m 329^[[2mms^[[22m^[[39m
verify	Run pnpm verify	2026-10-06T10:27:40.1038427Z Bundling asset TestStack/ArchiveFn/Code/Stage...
verify	Run pnpm verify	2026-10-06T10:27:40.7875846Z Bundling asset TestStack/OutboxPublisherFn/Code/Stage...
verify	Run pnpm verify	2026-10-06T10:27:41.7930533Z Bundling asset TestStack/NotificationPublisherFn/Code/Stage...
verify	Run pnpm verify	2026-10-06T10:27:42.9830551Z Bundling asset TestStack/SummaryFn/Code/Stage...
verify	Run pnpm verify	2026-10-06T10:27:44.2353971Z Bundling asset TestStack/ReplayTriggerPublisherFn/Code/Stage...
verify	Run pnpm verify	2026-10-06T10:27:45.3820392Z Bundling asset TestStack/ReplayFn/Code/Stage...
verify	Run pnpm verify	2026-10-06T10:27:45.4605898Z  ^[[32m✓^[[39m apps/cloud-api/test/command-publisher.test.ts ^[[2m(^[[22m^[[2m15 tests^[[22m^[[2m)^[[22m^[[33m 4975^[[2mms^[[22m^[[39m
verify	Run pnpm verify	2026-10-06T10:27:45.4691392Z      ^[[33m^[[2m✓^[[22m^[[39m AUTHORIZED 命令发布成功：正确 Topic、QoS 1、Payload 符合 cmd.schema.json，状态 PUBLISHED + attempts 落行 ^[[33m 361^[[2mms^[[22m^[[39m
verify	Run pnpm verify	2026-10-06T10:27:46.0718269Z  ^[[32m✓^[[39m apps/cloud-api/test/admin-contract-device.test.ts ^[[2m(^[[22m^[[2m8 tests^[[22m^[[2m)^[[22m^[[33m 4918^[[2mms^[[22m^[[39m
verify	Run pnpm verify	2026-10-06T10:27:46.0760789Z      ^[[33m^[[2m✓^[[22m^[[39m 批量关联全成：ACTIVE 关联 + 审计一次；Contract 设备视图含四轴/固件/Region/别名/租期 ^[[33m 417^[[2mms^[[22m^[[39m
verify	Run pnpm verify	2026-10-06T10:27:46.4100658Z Bundling asset TestStack/CertPackageSweeperFn/Code/Stage...
verify	Run pnpm verify	2026-10-06T10:27:47.5622921Z Bundling asset TestStack/OnboardingDeadlineFn/Code/Stage...
verify	Run pnpm verify	2026-10-06T10:27:48.8710465Z Bundling asset TestStack/RetirementTimeoutFn/Code/Stage...
verify	Run pnpm verify	2026-10-06T10:27:50.1131681Z Bundling asset TestStack/ActivityExportFn/Code/Stage...
verify	Run pnpm verify	2026-10-06T10:27:51.1918071Z Bundling asset TestStack/EsgExportFn/Code/Stage...
verify	Run pnpm verify	2026-10-06T10:27:51.7602225Z ^[[90mstderr^[[2m | apps/cloud-api/test/admin-customer.test.ts^[[2m > ^[[22m^[[2mPATCH /admin/customers/{customerId}（更新：If-Match 乐观锁）^[[2m > ^[[22m^[[2m更新成功 version 自增 + 审计；If-Match 缺失 400；版本不符 409
verify	Run pnpm verify	2026-10-06T10:27:51.7630435Z ^[[22m^[[39maudit FAILURE 记录写入失败 Error [PrismaClientKnownRequestError]: 
verify	Run pnpm verify	2026-10-06T10:27:51.7631778Z Invalid `client.auditLog.create()` invocation in
verify	Run pnpm verify	2026-10-06T10:27:51.7660632Z /home/runner/work/food-digester-platform/food-digester-platform/packages/database/src/audit.ts:72:25
verify	Run pnpm verify	2026-10-06T10:27:51.7689605Z 
verify	Run pnpm verify	2026-10-06T10:27:51.7720253Z   69 /** 写一条审计记录。可在事务内（tx）或根 client 上调用。 */
verify	Run pnpm verify	2026-10-06T10:27:51.7721484Z   70 export async function recordAudit(client: DbClient, entry: AuditEntry): Promise<void> {
verify	Run pnpm verify	2026-10-06T10:27:51.7749943Z   71   const ctx = getRequestContext();
verify	Run pnpm verify	2026-10-06T10:27:51.7780313Z → 72   await client.auditLog.create(
verify	Run pnpm verify	2026-10-06T10:27:51.7810279Z Foreign key constraint violated on the constraint: `audit_logs_customer_id_fkey`
verify	Run pnpm verify	2026-10-06T10:27:51.7812440Z     at redactSensitive ^[[90m(/home/runner/work/food-digester-platform/food-digester-platform/^[[39mpackages/observability/src/redaction.ts:43:19^[[90m)^[[39m
verify	Run pnpm verify	2026-10-06T10:27:51.7839763Z     at Array.map (<anonymous>)
verify	Run pnpm verify	2026-10-06T10:27:51.7858334Z     at Object.error ^[[90m(/home/runner/work/food-digester-platform/food-digester-platform/^[[39mpackages/observability/src/redaction.ts:70:18^[[90m)^[[39m
verify	Run pnpm verify	2026-10-06T10:27:51.7896964Z     at audited ^[[90m(/home/runner/work/food-digester-platform/food-digester-platform/^[[39mpackages/database/src/audit.ts:144:14^[[90m)^[[39m
verify	Run pnpm verify	2026-10-06T10:27:51.7910675Z ^[[90m    at processTicksAndRejections (node:internal/process/task_queues:103:5)^[[39m
verify	Run pnpm verify	2026-10-06T10:27:51.7915354Z     at ^[[90m/home/runner/work/food-digester-platform/food-digester-platform/^[[39mapps/cloud-api/src/admin/customer/handler.ts:127:23
verify	Run pnpm verify	2026-10-06T10:27:51.7917987Z     at Object.update ^[[90m(/home/runner/work/food-digester-platform/food-digester-platform/^[[39mapps/cloud-api/src/admin/customer/handler.ts:165:16^[[90m)^[[39m
verify	Run pnpm verify	2026-10-06T10:27:51.7920622Z     at ^[[90m/home/runner/work/food-digester-platform/food-digester-platform/^[[39mapps/cloud-api/test/admin-customer.test.ts:247:21
verify	Run pnpm verify	2026-10-06T10:27:51.7923490Z     at ^[[90mfile:///home/runner/work/food-digester-platform/food-digester-platform/^[[39mnode_modules/^[[4m@vitest/runner^[[24m/dist/chunk-artifact.js:1903:20
verify	Run pnpm verify	2026-10-06T10:27:51.7924683Z 
verify	Run pnpm verify	2026-10-06T10:27:51.9527355Z  ^[[32m✓^[[39m apps/cloud-api/test/admin-customer.test.ts ^[[2m(^[[22m^[[2m14 tests^[[22m^[[2m)^[[22m^[[33m 4599^[[2mms^[[22m^[[39m
verify	Run pnpm verify	2026-10-06T10:27:52.3320666Z Bundling asset TestStack/CommandPublisherFn/Code/Stage...
verify	Run pnpm verify	2026-10-06T10:27:53.2800788Z Bundling asset TestStack/CommandTimeoutFn/Code/Stage...
verify	Run pnpm verify	2026-10-06T10:27:54.4428456Z Bundling asset TestStack/OtaDispatcherFn/Code/Stage...
verify	Run pnpm verify	2026-10-06T10:27:55.5060823Z Bundling asset TestStack/OnboardingApiFn/Code/Stage...
verify	Run pnpm verify	2026-10-06T10:27:56.5078691Z Bundling asset TestStack/OnboardingProvisioningFn/Code/Stage...
verify	Run pnpm verify	2026-10-06T10:27:56.6189667Z  ^[[32m✓^[[39m apps/cloud-api/test/admin-device-retirement.test.ts ^[[2m(^[[22m^[[2m7 tests^[[22m^[[2m)^[[22m^[[33m 3612^[[2mms^[[22m^[[39m
verify	Run pnpm verify	2026-10-06T10:27:56.6202505Z      ^[[33m^[[2m✓^[[22m^[[39m Active→Retired：撤销 Assignment/License/Entitlement + 待确认记录 + DEVICE_RETIRED + 审计；证书保持 ACTIVE ^[[33m 340^[[2mms^[[22m^[[39m
verify	Run pnpm verify	2026-10-06T10:27:57.2623012Z Bundling asset TestStack/DeviceApiFn/Code/Stage...
verify	Run pnpm verify	2026-10-06T10:27:58.0180950Z Bundling asset TestStack/ApiFn/Code/Stage...
verify	Run pnpm verify	2026-10-06T10:28:00.3040758Z Bundling asset TestStack/IngestionFn/Code/Stage...
verify	Run pnpm verify	2026-10-06T10:28:01.1355718Z Bundling asset TestStack/ArchiveFn/Code/Stage...
verify	Run pnpm verify	2026-10-06T10:28:01.6101449Z Bundling asset TestStack/OutboxPublisherFn/Code/Stage...
verify	Run pnpm verify	2026-10-06T10:28:02.3373090Z Bundling asset TestStack/NotificationPublisherFn/Code/Stage...
verify	Run pnpm verify	2026-10-06T10:28:03.0732233Z Bundling asset TestStack/SummaryFn/Code/Stage...
verify	Run pnpm verify	2026-10-06T10:28:03.7715592Z Bundling asset TestStack/ReplayTriggerPublisherFn/Code/Stage...
verify	Run pnpm verify	2026-10-06T10:28:04.4975701Z Bundling asset TestStack/ReplayFn/Code/Stage...
verify	Run pnpm verify	2026-10-06T10:28:05.2105090Z Bundling asset TestStack/CertPackageSweeperFn/Code/Stage...
verify	Run pnpm verify	2026-10-06T10:28:05.8943119Z Bundling asset TestStack/OnboardingDeadlineFn/Code/Stage...
verify	Run pnpm verify	2026-10-06T10:28:06.5934208Z Bundling asset TestStack/RetirementTimeoutFn/Code/Stage...
verify	Run pnpm verify	2026-10-06T10:28:07.3701182Z Bundling asset TestStack/ActivityExportFn/Code/Stage...
verify	Run pnpm verify	2026-10-06T10:28:08.1334659Z Bundling asset TestStack/EsgExportFn/Code/Stage...
verify	Run pnpm verify	2026-10-06T10:28:08.7901456Z Bundling asset TestStack/CommandPublisherFn/Code/Stage...
verify	Run pnpm verify	2026-10-06T10:28:09.5500685Z Bundling asset TestStack/CommandTimeoutFn/Code/Stage...
verify	Run pnpm verify	2026-10-06T10:28:09.9895531Z  ^[[32m✓^[[39m apps/admin-web/test/settings.test.tsx ^[[2m(^[[22m^[[2m14 tests^[[22m^[[2m)^[[22m^[[33m 11033^[[2mms^[[22m^[[39m
verify	Run pnpm verify	2026-10-06T10:28:09.9903605Z    ^[[33m^[[2m✓^[[22m^[[39m 标签页按权限可见：SuperAdmin 三个；CustomerAdmin 仅设备用户 ^[[33m 873^[[2mms^[[22m^[[39m
verify	Run pnpm verify	2026-10-06T10:28:09.9940339Z    ^[[33m^[[2m✓^[[22m^[[39m 设备用户标签页嵌入 FE-09 页面（含筛选重置锚点） ^[[33m 360^[[2mms^[[22m^[[39m
verify	Run pnpm verify	2026-10-06T10:28:09.9941818Z    ^[[33m^[[2m✓^[[22m^[[39m 邀请：表单无永久密码字段；提交体不含 password；提示 Cognito 临时凭证 ^[[33m 1849^[[2mms^[[22m^[[39m
verify	Run pnpm verify	2026-10-06T10:28:09.9970457Z    ^[[33m^[[2m✓^[[22m^[[39m 邀请校验：平台/Customer 混绑拒绝；Customer 角色缺 customerId 拒绝 ^[[33m 1448^[[2mms^[[22m^[[39m
verify	Run pnpm verify	2026-10-06T10:28:09.9990288Z    ^[[33m^[[2m✓^[[22m^[[39m 角色变更：高风险明确确认后整体替换；混绑禁用提交 ^[[33m 1397^[[2mms^[[22m^[[39m
verify	Run pnpm verify	2026-10-06T10:28:09.9991335Z    ^[[33m^[[2m✓^[[22m^[[39m 停用与重置：明确确认；重置提示不接触密码 ^[[33m 1133^[[2mms^[[22m^[[39m
verify	Run pnpm verify	2026-10-06T10:28:09.9992261Z    ^[[33m^[[2m✓^[[22m^[[39m 自我提权/越权：403 经 ErrorNotice 正确呈现 ^[[33m 1007^[[2mms^[[22m^[[39m
verify	Run pnpm verify	2026-10-06T10:28:09.9993330Z    ^[[33m^[[2m✓^[[22m^[[39m 用户列表筛选回调（roleType/status/customerId/q） ^[[33m 1048^[[2mms^[[22m^[[39m
verify	Run pnpm verify	2026-10-06T10:28:09.9995088Z    ^[[33m^[[2m✓^[[22m^[[39m 设置编辑：非法 JSON 禁用提交；合法提交携 version 乐观锁 ^[[33m 770^[[2mms^[[22m^[[39m
verify	Run pnpm verify	2026-10-06T10:28:09.9996013Z    ^[[33m^[[2m✓^[[22m^[[39m 并发冲突可恢复：409 VERSION_CONFLICT → 提示刷新并回调 onRefresh ^[[33m 630^[[2mms^[[22m^[[39m
verify	Run pnpm verify	2026-10-06T10:28:10.2798730Z Bundling asset TestStack/OtaDispatcherFn/Code/Stage...
verify	Run pnpm verify	2026-10-06T10:28:11.1603185Z Bundling asset TestStack/OnboardingApiFn/Code/Stage...
verify	Run pnpm verify	2026-10-06T10:28:12.2888540Z Bundling asset TestStack/OnboardingProvisioningFn/Code/Stage...
verify	Run pnpm verify	2026-10-06T10:28:13.1170779Z Bundling asset TestStack/DeviceApiFn/Code/Stage...
verify	Run pnpm verify	2026-10-06T10:28:13.6557371Z ^[[90mstderr^[[2m | apps/ingestion-worker/test/ack-dispatch.test.ts^[[2m > ^[[22m^[[2mBE-IOT-08 端到端分发：SQS → 管线 → 分发器 → ACK Handler^[[2m > ^[[22m^[[2mMedia 生产链路：SQS → 校验 → receipt → BE-MED-01 核心 → MediaObject；过期会话稳定隔离
verify	Run pnpm verify	2026-10-06T10:28:13.6582640Z ^[[22m^[[39mingestion message quarantined {
verify	Run pnpm verify	2026-10-06T10:28:13.6630641Z   event: ^[[32m'ingestion.quarantined'^[[39m,
verify	Run pnpm verify	2026-10-06T10:28:13.6641276Z   messageId: ^[[32m'sqs-media-expired'^[[39m,
verify	Run pnpm verify	2026-10-06T10:28:13.6643874Z   errorType: ^[[32m'MEDIA_SESSION_EXPIRED'^[[39m,
verify	Run pnpm verify	2026-10-06T10:28:13.6644809Z   errorPath: ^[[32m'data.objectPath'^[[39m,
verify	Run pnpm verify	2026-10-06T10:28:13.6646052Z   reason: ^[[32m'media metadata rejected: SESSION_EXPIRED'^[[39m,
verify	Run pnpm verify	2026-10-06T10:28:13.6647559Z   iotTopic: ^[[32m'bnx/device/dev-ackd-2/media'^[[39m,
verify	Run pnpm verify	2026-10-06T10:28:13.6648544Z   iotDeviceId: ^[[32m'dev-ackd-2'^[[39m
verify	Run pnpm verify	2026-10-06T10:28:13.6649247Z }
verify	Run pnpm verify	2026-10-06T10:28:13.6649914Z 
verify	Run pnpm verify	2026-10-06T10:28:13.7603614Z ^[[90mstderr^[[2m | apps/ingestion-worker/test/ack-dispatch.test.ts^[[2m > ^[[22m^[[2mBE-IOT-08 端到端分发：SQS → 管线 → 分发器 → ACK Handler^[[2m > ^[[22m^[[2m未知/冲突 ACK → 确定异常路径（Quarantine），不误更新其他命令
verify	Run pnpm verify	2026-10-06T10:28:13.7606581Z ^[[22m^[[39mingestion message quarantined {
verify	Run pnpm verify	2026-10-06T10:28:13.7607599Z   event: ^[[32m'ingestion.quarantined'^[[39m,
verify	Run pnpm verify	2026-10-06T10:28:13.7608573Z   messageId: ^[[32m'sqs-unk'^[[39m,
verify	Run pnpm verify	2026-10-06T10:28:13.7609662Z   errorType: ^[[32m'UNKNOWN_COMMAND'^[[39m,
verify	Run pnpm verify	2026-10-06T10:28:13.7610631Z   errorPath: ^[[32m'data.commandId'^[[39m,
verify	Run pnpm verify	2026-10-06T10:28:13.7611796Z   reason: ^[[32m'ack references unknown command CMD-GHOST'^[[39m,
verify	Run pnpm verify	2026-10-06T10:28:13.7612920Z   iotTopic: ^[[32m'bnx/device/dev-ackd-4/ack'^[[39m,
verify	Run pnpm verify	2026-10-06T10:28:13.7613797Z   iotDeviceId: ^[[32m'dev-ackd-4'^[[39m
verify	Run pnpm verify	2026-10-06T10:28:13.7614461Z }
verify	Run pnpm verify	2026-10-06T10:28:13.7621238Z 
verify	Run pnpm verify	2026-10-06T10:28:13.7697332Z ^[[90mstderr^[[2m | apps/ingestion-worker/test/ack-dispatch.test.ts^[[2m > ^[[22m^[[2mBE-IOT-08 端到端分发：SQS → 管线 → 分发器 → ACK Handler^[[2m > ^[[22m^[[2m未知/冲突 ACK → 确定异常路径（Quarantine），不误更新其他命令
verify	Run pnpm verify	2026-10-06T10:28:13.7699012Z ^[[22m^[[39mingestion message quarantined {
verify	Run pnpm verify	2026-10-06T10:28:13.7700043Z   event: ^[[32m'ingestion.quarantined'^[[39m,
verify	Run pnpm verify	2026-10-06T10:28:13.7700743Z   messageId: ^[[32m'sqs-mis'^[[39m,
verify	Run pnpm verify	2026-10-06T10:28:13.7701427Z   errorType: ^[[32m'COMMAND_MISMATCH'^[[39m,
verify	Run pnpm verify	2026-10-06T10:28:13.7702163Z   errorPath: ^[[32m'data.command'^[[39m,
verify	Run pnpm verify	2026-10-06T10:28:13.7703089Z   reason: ^[[32m'ack command START does not match original STOP'^[[39m,
verify	Run pnpm verify	2026-10-06T10:28:13.7704058Z   iotTopic: ^[[32m'bnx/device/dev-ackd-4/ack'^[[39m,
verify	Run pnpm verify	2026-10-06T10:28:13.7704835Z   iotDeviceId: ^[[32m'dev-ackd-4'^[[39m
verify	Run pnpm verify	2026-10-06T10:28:13.7705338Z }
verify	Run pnpm verify	2026-10-06T10:28:13.7705533Z 
verify	Run pnpm verify	2026-10-06T10:28:13.8326567Z ^[[90mstderr^[[2m | apps/ingestion-worker/test/ack-dispatch.test.ts^[[2m > ^[[22m^[[2mBE-IOT-08 端到端分发：SQS → 管线 → 分发器 → ACK Handler^[[2m > ^[[22m^[[2mDEC-015 隔离：OTA_TARGET ACK 只更新 OTA 状态与历史，不回改 Command；COMMAND 混入 OTA 字段 → 隔离
verify	Run pnpm verify	2026-10-06T10:28:13.8328807Z ^[[22m^[[39mingestion message quarantined {
verify	Run pnpm verify	2026-10-06T10:28:13.8330175Z   event: ^[[32m'ingestion.quarantined'^[[39m,
verify	Run pnpm verify	2026-10-06T10:28:13.8331678Z   messageId: ^[[32m'sqs-mixed'^[[39m,
verify	Run pnpm verify	2026-10-06T10:28:13.8332600Z   errorType: ^[[32m'INVALID_ENVELOPE'^[[39m,
verify	Run pnpm verify	2026-10-06T10:28:13.8333534Z   errorPath: ^[[32m'data.objectType'^[[39m,
verify	Run pnpm verify	2026-10-06T10:28:13.8334652Z   reason: ^[[32m'COMMAND ack cannot contain OTA target fields'^[[39m,
verify	Run pnpm verify	2026-10-06T10:28:13.8335715Z   iotTopic: ^[[32m'bnx/device/dev-ackd-6/ack'^[[39m,
verify	Run pnpm verify	2026-10-06T10:28:13.8336565Z   iotDeviceId: ^[[32m'dev-ackd-6'^[[39m
verify	Run pnpm verify	2026-10-06T10:28:13.8337246Z }
verify	Run pnpm verify	2026-10-06T10:28:13.8337629Z 
verify	Run pnpm verify	2026-10-06T10:28:13.8951774Z  ^[[32m✓^[[39m apps/ingestion-worker/test/ack-dispatch.test.ts ^[[2m(^[[22m^[[2m6 tests^[[22m^[[2m)^[[22m^[[33m 3474^[[2mms^[[22m^[[39m
verify	Run pnpm verify	2026-10-06T10:28:14.0525617Z Bundling asset TestStack/ApiFn/Code/Stage...
verify	Run pnpm verify	2026-10-06T10:28:16.1749743Z Bundling asset TestStack/IngestionFn/Code/Stage...
verify	Run pnpm verify	2026-10-06T10:28:17.0341964Z Bundling asset TestStack/ArchiveFn/Code/Stage...
verify	Run pnpm verify	2026-10-06T10:28:17.5848488Z Bundling asset TestStack/OutboxPublisherFn/Code/Stage...
verify	Run pnpm verify	2026-10-06T10:28:18.3366053Z Bundling asset TestStack/NotificationPublisherFn/Code/Stage...
verify	Run pnpm verify	2026-10-06T10:28:19.0630989Z Bundling asset TestStack/SummaryFn/Code/Stage...
verify	Run pnpm verify	2026-10-06T10:28:19.8237067Z Bundling asset TestStack/ReplayTriggerPublisherFn/Code/Stage...
verify	Run pnpm verify	2026-10-06T10:28:20.5356675Z Bundling asset TestStack/ReplayFn/Code/Stage...
verify	Run pnpm verify	2026-10-06T10:28:21.1911192Z  ^[[32m✓^[[39m apps/admin-web/test/device-users.test.tsx ^[[2m(^[[22m^[[2m11 tests^[[22m^[[2m)^[[22m^[[33m 5318^[[2mms^[[22m^[[39m
verify	Run pnpm verify	2026-10-06T10:28:21.1913444Z    ^[[33m^[[2m✓^[[22m^[[39m 敏感字段快照为 0：任何响应与 DOM 不显示 passwordHash；密码输入不回显 ^[[33m 1410^[[2mms^[[22m^[[39m
verify	Run pnpm verify	2026-10-06T10:28:21.1940759Z    ^[[33m^[[2m✓^[[22m^[[39m 重置密码：仅一次受控提交 + 必填原因；提交后清空不回显 ^[[33m 541^[[2mms^[[22m^[[39m
verify	Run pnpm verify	2026-10-06T10:28:21.1947460Z    ^[[33m^[[2m✓^[[22m^[[39m 创建：username/password 必填校验；platform 角色需选客户 ^[[33m 600^[[2mms^[[22m^[[39m
verify	Run pnpm verify	2026-10-06T10:28:21.1949965Z    ^[[33m^[[2m✓^[[22m^[[39m 筛选：Customer/Region/Subregion/Device/status/keyword 使用权威拓扑并可重置 ^[[33m 916^[[2mms^[[22m^[[39m
verify	Run pnpm verify	2026-10-06T10:28:21.1952199Z    ^[[33m^[[2m✓^[[22m^[[39m 停用：强制原因 + If-Match 语义；停用后停用/分配按钮禁用 ^[[33m 392^[[2mms^[[22m^[[39m
verify	Run pnpm verify	2026-10-06T10:28:21.1953556Z    ^[[33m^[[2m✓^[[22m^[[39m 分配：批量勾选 + 强制原因；撤销仅列 ACTIVE 分配 ^[[33m 934^[[2mms^[[22m^[[39m
verify	Run pnpm verify	2026-10-06T10:28:21.1954402Z    ^[[33m^[[2m✓^[[22m^[[39m 修改资料：原因必填；空显示名提交 null；详情含同步版本与分配历史 ^[[33m 410^[[2mms^[[22m^[[39m
verify	Run pnpm verify	2026-10-06T10:28:21.2286409Z Bundling asset TestStack/CertPackageSweeperFn/Code/Stage...
verify	Run pnpm verify	2026-10-06T10:28:22.1337511Z Bundling asset TestStack/OnboardingDeadlineFn/Code/Stage...
verify	Run pnpm verify	2026-10-06T10:28:23.1199748Z Bundling asset TestStack/RetirementTimeoutFn/Code/Stage...
verify	Run pnpm verify	2026-10-06T10:28:23.8900900Z Bundling asset TestStack/ActivityExportFn/Code/Stage...
verify	Run pnpm verify	2026-10-06T10:28:24.9503039Z Bundling asset TestStack/EsgExportFn/Code/Stage...
verify	Run pnpm verify	2026-10-06T10:28:25.9313239Z Bundling asset TestStack/CommandPublisherFn/Code/Stage...
verify	Run pnpm verify	2026-10-06T10:28:25.9646405Z  ^[[32m✓^[[39m apps/admin-web/test/esg.test.tsx ^[[2m(^[[22m^[[2m10 tests^[[22m^[[2m)^[[22m^[[33m 2316^[[2mms^[[22m^[[39m
verify	Run pnpm verify	2026-10-06T10:28:25.9650694Z    ^[[33m^[[2m✓^[[22m^[[39m 概览：指标单位（kg/kWh/%）、计算版本、完整率、估算 CO2e 列头正确；核证声明固定展示 ^[[33m 500^[[2mms^[[22m^[[39m
verify	Run pnpm verify	2026-10-06T10:28:25.9652353Z    ^[[33m^[[2m✓^[[22m^[[39m 日期按用户时区转 UTC：Asia/Shanghai 日历日 → UTC 区间并展示换算结果 ^[[33m 595^[[2mms^[[22m^[[39m
verify	Run pnpm verify	2026-10-06T10:28:25.9669626Z    ^[[33m^[[2m✓^[[22m^[[39m 设备页：九项指标 + 完整率 + 计算版本；ScopeFilter 联动；CT-06 锚点齐全 ^[[33m 683^[[2mms^[[22m^[[39m
verify	Run pnpm verify	2026-10-06T10:28:26.9960274Z Bundling asset TestStack/CommandTimeoutFn/Code/Stage...
verify	Run pnpm verify	2026-10-06T10:28:27.7288741Z Bundling asset TestStack/OtaDispatcherFn/Code/Stage...
verify	Run pnpm verify	2026-10-06T10:28:28.7057274Z Bundling asset TestStack/OnboardingApiFn/Code/Stage...
verify	Run pnpm verify	2026-10-06T10:28:29.8571428Z Bundling asset TestStack/OnboardingProvisioningFn/Code/Stage...
verify	Run pnpm verify	2026-10-06T10:28:30.8811858Z Bundling asset TestStack/DeviceApiFn/Code/Stage...
verify	Run pnpm verify	2026-10-06T10:28:31.9262161Z ^[[90mstderr^[[2m | apps/ingestion-worker/test/qa07-reliability.test.ts^[[2m > ^[[22m^[[2mQA07 production timestamp boundaries quarantine old or future Telemetry without weakening other topics
verify	Run pnpm verify	2026-10-06T10:28:31.9270344Z ^[[22m^[[39mingestion message quarantined {
verify	Run pnpm verify	2026-10-06T10:28:31.9328185Z   event: ^[[32m'ingestion.quarantined'^[[39m,
verify	Run pnpm verify	2026-10-06T10:28:31.9360431Z   messageId: ^[[32m'SQS-f5b34e02-e3d5-4d3a-9c1c-e48ab0d1cb07'^[[39m,
verify	Run pnpm verify	2026-10-06T10:28:31.9373156Z   errorType: ^[[32m'CLOCK_SKEW'^[[39m,
verify	Run pnpm verify	2026-10-06T10:28:31.9400814Z   errorPath: ^[[32m'meta.ts'^[[39m,
verify	Run pnpm verify	2026-10-06T10:28:31.9431001Z   reason: ^[[32m'device timestamp outside allowed window: skew 86400s, past 86400s, future 300s'^[[39m,
verify	Run pnpm verify	2026-10-06T10:28:31.9432625Z   iotTopic: ^[[32m'bnx/device/QA07-3FB7AB29045D-DEV0/telemetry'^[[39m,
verify	Run pnpm verify	2026-10-06T10:28:31.9468483Z   iotDeviceId: ^[[32m'QA07-3FB7AB29045D-DEV0'^[[39m
verify	Run pnpm verify	2026-10-06T10:28:31.9489857Z }
verify	Run pnpm verify	2026-10-06T10:28:31.9493410Z 
verify	Run pnpm verify	2026-10-06T10:28:31.9495399Z ^[[90mstderr^[[2m | apps/ingestion-worker/test/qa07-reliability.test.ts^[[2m > ^[[22m^[[2mQA07 production timestamp boundaries quarantine old or future Telemetry without weakening other topics
verify	Run pnpm verify	2026-10-06T10:28:31.9497288Z ^[[22m^[[39mingestion message quarantined {
verify	Run pnpm verify	2026-10-06T10:28:31.9498241Z   event: ^[[32m'ingestion.quarantined'^[[39m,
verify	Run pnpm verify	2026-10-06T10:28:31.9499669Z   messageId: ^[[32m'SQS-7db96f9c-3eb0-4bd9-8c72-6daa8af91a14'^[[39m,
verify	Run pnpm verify	2026-10-06T10:28:31.9500740Z   errorType: ^[[32m'CLOCK_SKEW'^[[39m,
verify	Run pnpm verify	2026-10-06T10:28:31.9501611Z   errorPath: ^[[32m'meta.ts'^[[39m,
verify	Run pnpm verify	2026-10-06T10:28:31.9502911Z   reason: ^[[32m'device timestamp outside allowed window: skew 300s, past 86400s, future 300s'^[[39m,
verify	Run pnpm verify	2026-10-06T10:28:31.9504350Z   iotTopic: ^[[32m'bnx/device/QA07-3FB7AB29045D-DEV0/telemetry'^[[39m,
verify	Run pnpm verify	2026-10-06T10:28:31.9505571Z   iotDeviceId: ^[[32m'QA07-3FB7AB29045D-DEV0'^[[39m
verify	Run pnpm verify	2026-10-06T10:28:31.9506399Z }
verify	Run pnpm verify	2026-10-06T10:28:31.9506601Z 
verify	Run pnpm verify	2026-10-06T10:28:31.9508167Z ^[[90mstderr^[[2m | apps/ingestion-worker/test/qa07-reliability.test.ts^[[2m > ^[[22m^[[2mQA07 production timestamp boundaries quarantine old or future Telemetry without weakening other topics
verify	Run pnpm verify	2026-10-06T10:28:31.9509992Z ^[[22m^[[39mingestion message quarantined {
verify	Run pnpm verify	2026-10-06T10:28:31.9510736Z   event: ^[[32m'ingestion.quarantined'^[[39m,
verify	Run pnpm verify	2026-10-06T10:28:31.9511635Z   messageId: ^[[32m'SQS-ae57e325-e10c-4efc-a6f9-70f9d425e068'^[[39m,
verify	Run pnpm verify	2026-10-06T10:28:31.9512477Z   errorType: ^[[32m'CLOCK_SKEW'^[[39m,
verify	Run pnpm verify	2026-10-06T10:28:31.9513104Z   errorPath: ^[[32m'meta.ts'^[[39m,
verify	Run pnpm verify	2026-10-06T10:28:31.9514176Z   reason: ^[[32m'device timestamp outside allowed window: skew 300s, past 300s, future 300s'^[[39m,
verify	Run pnpm verify	2026-10-06T10:28:31.9515359Z   iotTopic: ^[[32m'bnx/device/QA07-3FB7AB29045D-DEV0/heartbeat'^[[39m,
verify	Run pnpm verify	2026-10-06T10:28:31.9516205Z   iotDeviceId: ^[[32m'QA07-3FB7AB29045D-DEV0'^[[39m
verify	Run pnpm verify	2026-10-06T10:28:31.9516725Z }
verify	Run pnpm verify	2026-10-06T10:28:31.9516905Z 
verify	Run pnpm verify	2026-10-06T10:28:31.9518596Z ^[[90mstderr^[[2m | apps/ingestion-worker/test/qa07-reliability.test.ts^[[2m > ^[[22m^[[2mQA07 production timestamp boundaries quarantine old or future Telemetry without weakening other topics
verify	Run pnpm verify	2026-10-06T10:28:31.9520451Z ^[[22m^[[39mingestion message quarantined {
verify	Run pnpm verify	2026-10-06T10:28:31.9521174Z   event: ^[[32m'ingestion.quarantined'^[[39m,
verify	Run pnpm verify	2026-10-06T10:28:31.9521854Z   messageId: ^[[32m'QA07-bad-hash'^[[39m,
verify	Run pnpm verify	2026-10-06T10:28:31.9522523Z   errorType: ^[[32m'AUDIT_HASH_MISMATCH'^[[39m,
verify	Run pnpm verify	2026-10-06T10:28:31.9523177Z   errorPath: ^[[32m'audit.hash'^[[39m,
verify	Run pnpm verify	2026-10-06T10:28:31.9523971Z   reason: ^[[32m'audit.hash must equal SHA-256(RFC8785({meta,data}))'^[[39m,
verify	Run pnpm verify	2026-10-06T10:28:31.9524979Z   iotTopic: ^[[32m'bnx/device/QA07-3FB7AB29045D-DEV0/telemetry'^[[39m,
verify	Run pnpm verify	2026-10-06T10:28:31.9525836Z   iotDeviceId: ^[[32m'QA07-3FB7AB29045D-DEV0'^[[39m
verify	Run pnpm verify	2026-10-06T10:28:31.9526361Z }
verify	Run pnpm verify	2026-10-06T10:28:31.9526525Z 
verify	Run pnpm verify	2026-10-06T10:28:31.9526805Z Bundling asset TestStack/ApiFn/Code/Stage...
verify	Run pnpm verify	2026-10-06T10:28:31.9643603Z  ^[[32m✓^[[39m apps/ingestion-worker/test/qa07-reliability.test.ts ^[[2m(^[[22m^[[2m2 tests^[[22m^[[2m)^[[22m^[[33m 45465^[[2mms^[[22m^[[39m
verify	Run pnpm verify	2026-10-06T10:28:31.9719823Z    ^[[33m^[[2m✓^[[22m^[[39m QA07 paced load, historical backfill, burst, pause recovery, scoped replay and command reliability ^[[33m 42778^[[2mms^[[22m^[[39m
verify	Run pnpm verify	2026-10-06T10:28:31.9722717Z    ^[[33m^[[2m✓^[[22m^[[39m QA07 production timestamp boundaries quarantine old or future Telemetry without weakening other topics ^[[33m 2683^[[2mms^[[22m^[[39m
verify	Run pnpm verify	2026-10-06T10:28:34.5620715Z Bundling asset Named/IngestionFn/Code/Stage...
verify	Run pnpm verify	2026-10-06T10:28:35.6180656Z Bundling asset Named/ArchiveFn/Code/Stage...
verify	Run pnpm verify	2026-10-06T10:28:36.2780415Z Bundling asset Named/OutboxPublisherFn/Code/Stage...
verify	Run pnpm verify	2026-10-06T10:28:37.1810606Z Bundling asset Named/NotificationPublisherFn/Code/Stage...
verify	Run pnpm verify	2026-10-06T10:28:38.1873319Z Bundling asset Named/SummaryFn/Code/Stage...
verify	Run pnpm verify	2026-10-06T10:28:39.0153597Z Bundling asset Named/ReplayTriggerPublisherFn/Code/Stage...
verify	Run pnpm verify	2026-10-06T10:28:39.7700206Z Bundling asset Named/ReplayFn/Code/Stage...
verify	Run pnpm verify	2026-10-06T10:28:40.1996799Z  ^[[32m✓^[[39m apps/admin-web/test/consumables.test.tsx ^[[2m(^[[22m^[[2m10 tests^[[22m^[[2m)^[[22m^[[33m 11848^[[2mms^[[22m^[[39m
verify	Run pnpm verify	2026-10-06T10:28:40.1998956Z    ^[[33m^[[2m✓^[[22m^[[39m 列表：列与筛选覆盖（Region/Subregion/Site/连接/关键字/阈值/类型） ^[[33m 3140^[[2mms^[[22m^[[39m
verify	Run pnpm verify	2026-10-06T10:28:40.2001156Z    ^[[33m^[[2m✓^[[22m^[[39m unknown 不画正常进度条；stale 徽标清晰；阈值分级（暂定阈值 prop 驱动） ^[[33m 373^[[2mms^[[22m^[[39m
verify	Run pnpm verify	2026-10-06T10:28:40.2002685Z    ^[[33m^[[2m✓^[[22m^[[39m 联系方式：列表零 PII，点击后才请求独立端点；403 不显示号码 ^[[33m 1296^[[2mms^[[22m^[[39m
verify	Run pnpm verify	2026-10-06T10:28:40.2003961Z    ^[[33m^[[2m✓^[[22m^[[39m 阈值来源显示设置版本或明确回退原因 ^[[33m 698^[[2mms^[[22m^[[39m
verify	Run pnpm verify	2026-10-06T10:28:40.2005115Z    ^[[33m^[[2m✓^[[22m^[[39m 申请列表：申请时间/状态列；三段状态流程动作按矩阵渲染（终态无按钮） ^[[33m 363^[[2mms^[[22m^[[39m
verify	Run pnpm verify	2026-10-06T10:28:40.2006301Z    ^[[33m^[[2m✓^[[22m^[[39m 处理→完成全流程：操作携带 version + 备注（complete 强制备注） ^[[33m 2285^[[2mms^[[22m^[[39m
verify	Run pnpm verify	2026-10-06T10:28:40.2007515Z    ^[[33m^[[2m✓^[[22m^[[39m 创建申请：成功提示；开放申请重复创建幂等（replayed 提示） ^[[33m 2174^[[2mms^[[22m^[[39m
verify	Run pnpm verify	2026-10-06T10:28:40.2008581Z    ^[[33m^[[2m✓^[[22m^[[39m 非法跳级/漂移：409 错误呈现；写权限门控（Viewer 按钮禁用） ^[[33m 1515^[[2mms^[[22m^[[39m
verify	Run pnpm verify	2026-10-06T10:28:40.5660789Z Bundling asset Named/CertPackageSweeperFn/Code/Stage...
verify	Run pnpm verify	2026-10-06T10:28:41.4313122Z Bundling asset Named/OnboardingDeadlineFn/Code/Stage...
verify	Run pnpm verify	2026-10-06T10:28:42.5350285Z Bundling asset Named/RetirementTimeoutFn/Code/Stage...
verify	Run pnpm verify	2026-10-06T10:28:43.0594949Z  ^[[32m✓^[[39m apps/admin-web/test/licenses.test.tsx ^[[2m(^[[22m^[[2m11 tests^[[22m^[[2m)^[[22m^[[33m 8491^[[2mms^[[22m^[[39m
verify	Run pnpm verify	2026-10-06T10:28:43.0632262Z    ^[[33m^[[2m✓^[[22m^[[39m 列表：正式 License 实体包含有效与终态历史记录 ^[[33m 871^[[2mms^[[22m^[[39m
verify	Run pnpm verify	2026-10-06T10:28:43.0633843Z    ^[[33m^[[2m✓^[[22m^[[39m 筛选：草稿筛选经搜索应用；重置清空 ^[[33m 730^[[2mms^[[22m^[[39m
verify	Run pnpm verify	2026-10-06T10:28:43.0635579Z    ^[[33m^[[2m✓^[[22m^[[39m 状态矩阵：Draft 仅签发；Issued 仅激活；Active 仅撤销；ExpiringSoon 仅续期；Renewed/Revoked 无动作 ^[[33m 997^[[2mms^[[22m^[[39m
verify	Run pnpm verify	2026-10-06T10:28:43.0637491Z    ^[[33m^[[2m✓^[[22m^[[39m E2E：创建 Draft（Entitlement 配置）→ 签发 → 激活，逐步推进且每步回源刷新 ^[[33m 2103^[[2mms^[[22m^[[39m
verify	Run pnpm verify	2026-10-06T10:28:43.0639149Z    ^[[33m^[[2m✓^[[22m^[[39m 续期：ExpiringSoon → 新到期日期校验（须晚于当前）→ Renewed ^[[33m 1005^[[2mms^[[22m^[[39m
verify	Run pnpm verify	2026-10-06T10:28:43.0640939Z    ^[[33m^[[2m✓^[[22m^[[39m 撤销：强制原因（空原因禁止确认）→ Revoked；操作后回源 ^[[33m 625^[[2mms^[[22m^[[39m
verify	Run pnpm verify	2026-10-06T10:28:43.0642299Z    ^[[33m^[[2m✓^[[22m^[[39m 两个有效 License：创建遇 409 CONFLICT 错误可读（后端 message 原样呈现） ^[[33m 1514^[[2mms^[[22m^[[39m
verify	Run pnpm verify	2026-10-06T10:28:43.0643525Z    ^[[33m^[[2m✓^[[22m^[[39m 详情加载 403 呈现无权；历史时间线渲染 from→to/操作人/原因 ^[[33m 516^[[2mms^[[22m^[[39m
verify	Run pnpm verify	2026-10-06T10:28:43.7720631Z Bundling asset Named/ActivityExportFn/Code/Stage...
verify	Run pnpm verify	2026-10-06T10:28:44.9119852Z Bundling asset Named/EsgExportFn/Code/Stage...
verify	Run pnpm verify	2026-10-06T10:28:45.2581609Z  ^[[32m✓^[[39m apps/cloud-api/test/admin-onboarding.test.ts ^[[2m(^[[22m^[[2m13 tests^[[22m^[[2m)^[[22m^[[33m 4035^[[2mms^[[22m^[[39m
verify	Run pnpm verify	2026-10-06T10:28:46.0842939Z Bundling asset Named/CommandPublisherFn/Code/Stage...
verify	Run pnpm verify	2026-10-06T10:28:47.1270495Z Bundling asset Named/CommandTimeoutFn/Code/Stage...
verify	Run pnpm verify	2026-10-06T10:28:48.4660659Z Bundling asset Named/OtaDispatcherFn/Code/Stage...
verify	Run pnpm verify	2026-10-06T10:28:48.5791301Z  ^[[32m✓^[[39m apps/cloud-api/test/admin-audit.test.ts ^[[2m(^[[22m^[[2m7 tests^[[22m^[[2m)^[[22m^[[33m 4474^[[2mms^[[22m^[[39m
verify	Run pnpm verify	2026-10-06T10:28:49.5471241Z Bundling asset Named/OnboardingApiFn/Code/Stage...
verify	Run pnpm verify	2026-10-06T10:28:50.5204224Z  ^[[32m✓^[[39m apps/ingestion-worker/test/outbox-publisher.test.ts ^[[2m(^[[22m^[[2m10 tests^[[22m^[[2m)^[[22m^[[33m 4315^[[2mms^[[22m^[[39m
verify	Run pnpm verify	2026-10-06T10:28:50.7697411Z Bundling asset Named/OnboardingProvisioningFn/Code/Stage...
verify	Run pnpm verify	2026-10-06T10:28:52.0872921Z Bundling asset Named/DeviceApiFn/Code/Stage...
verify	Run pnpm verify	2026-10-06T10:28:53.5210390Z Bundling asset Named/ApiFn/Code/Stage...
verify	Run pnpm verify	2026-10-06T10:28:54.3663428Z  ^[[32m✓^[[39m apps/cloud-api/test/business-notifier.test.ts ^[[2m(^[[22m^[[2m10 tests^[[22m^[[2m)^[[22m^[[33m 4761^[[2mms^[[22m^[[39m
verify	Run pnpm verify	2026-10-06T10:28:54.9791682Z Bundling asset TestStack/IngestionFn/Code/Stage...
verify	Run pnpm verify	2026-10-06T10:28:56.1130362Z  ^[[32m✓^[[39m apps/ingestion-worker/test/heartbeat-handler.test.ts ^[[2m(^[[22m^[[2m6 tests^[[22m^[[2m)^[[22m^[[33m 4880^[[2mms^[[22m^[[39m
verify	Run pnpm verify	2026-10-06T10:28:56.1192336Z      ^[[33m^[[2m✓^[[22m^[[39m 首次 Heartbeat：latest state 全字段落库（在线/uptime/固件/运行模式/License/网络/资源/传感器/证书/Tamper） ^[[33m 334^[[2mms^[[22m^[[39m
verify	Run pnpm verify	2026-10-06T10:28:56.1913732Z Bundling asset TestStack/ArchiveFn/Code/Stage...
verify	Run pnpm verify	2026-10-06T10:28:56.8880800Z Bundling asset TestStack/OutboxPublisherFn/Code/Stage...
verify	Run pnpm verify	2026-10-06T10:28:58.1690607Z Bundling asset TestStack/NotificationPublisherFn/Code/Stage...
verify	Run pnpm verify	2026-10-06T10:28:59.4070509Z Bundling asset TestStack/SummaryFn/Code/Stage...
verify	Run pnpm verify	2026-10-06T10:29:00.1666898Z  ^[[32m✓^[[39m apps/cloud-api/test/admin-consumable-request.test.ts ^[[2m(^[[22m^[[2m8 tests^[[22m^[[2m)^[[22m^[[33m 4519^[[2mms^[[22m^[[39m
verify	Run pnpm verify	2026-10-06T10:29:00.1705527Z      ^[[33m^[[2m✓^[[22m^[[39m 创建→处理→完成；每步状态/处理人/备注/完成时间/审计 ^[[33m 350^[[2mms^[[22m^[[39m
verify	Run pnpm verify	2026-10-06T10:29:00.6280845Z Bundling asset TestStack/ReplayTriggerPublisherFn/Code/Stage...
verify	Run pnpm verify	2026-10-06T10:29:01.8240570Z Bundling asset TestStack/ReplayFn/Code/Stage...
verify	Run pnpm verify	2026-10-06T10:29:01.9541485Z  ^[[32m✓^[[39m apps/cloud-api/test/admin-device-assignment.test.ts ^[[2m(^[[22m^[[2m9 tests^[[22m^[[2m)^[[22m^[[33m 4304^[[2mms^[[22m^[[39m
verify	Run pnpm verify	2026-10-06T10:29:01.9550815Z      ^[[33m^[[2m✓^[[22m^[[39m Onboarded → Assigned：归属更新 + 状态历史 + 授权窗口 + 恰好一次通知 + 审计 ^[[33m 310^[[2mms^[[22m^[[39m
verify	Run pnpm verify	2026-10-06T10:29:03.1712120Z Bundling asset TestStack/CertPackageSweeperFn/Code/Stage...
verify	Run pnpm verify	2026-10-06T10:29:04.1962477Z Bundling asset TestStack/OnboardingDeadlineFn/Code/Stage...
verify	Run pnpm verify	2026-10-06T10:29:04.9441813Z  ^[[32m✓^[[39m apps/ingestion-worker/test/onboarding-completion.test.ts ^[[2m(^[[22m^[[2m8 tests^[[22m^[[2m)^[[22m^[[33m 4194^[[2mms^[[22m^[[39m
verify	Run pnpm verify	2026-10-06T10:29:05.4510867Z Bundling asset TestStack/RetirementTimeoutFn/Code/Stage...
verify	Run pnpm verify	2026-10-06T10:29:06.5280920Z Bundling asset TestStack/ActivityExportFn/Code/Stage...
verify	Run pnpm verify	2026-10-06T10:29:07.7670507Z Bundling asset TestStack/EsgExportFn/Code/Stage...
verify	Run pnpm verify	2026-10-06T10:29:08.1879706Z  ^[[32m✓^[[39m apps/admin-web/test/components.test.tsx ^[[2m(^[[22m^[[2m18 tests^[[22m^[[2m)^[[22m^[[33m 3473^[[2mms^[[22m^[[39m
verify	Run pnpm verify	2026-10-06T10:29:08.1883916Z    ^[[33m^[[2m✓^[[22m^[[39m CursorTable：加载态（role=status） ^[[33m 428^[[2mms^[[22m^[[39m
verify	Run pnpm verify	2026-10-06T10:29:08.1896610Z    ^[[33m^[[2m✓^[[22m^[[39m CursorTable：数据行渲染与游标分页（下一页携 nextCursor，无下一页时禁用） ^[[33m 593^[[2mms^[[22m^[[39m
verify	Run pnpm verify	2026-10-06T10:29:08.1898859Z    ^[[33m^[[2m✓^[[22m^[[39m CursorTable：stale 徽标 + 数据时间 + 刷新 ^[[33m 301^[[2mms^[[22m^[[39m
verify	Run pnpm verify	2026-10-06T10:29:08.1901923Z    ^[[33m^[[2m✓^[[22m^[[39m ConfirmDialog：原因必填（标签关联 + 确认门控）+ 确认回传原因 ^[[33m 439^[[2mms^[[22m^[[39m
verify	Run pnpm verify	2026-10-06T10:29:08.1903667Z    ^[[33m^[[2m✓^[[22m^[[39m ConfirmDialog：背景 inert，Tab/Shift+Tab 焦点在对话框内循环 ^[[33m 324^[[2mms^[[22m^[[39m
verify	Run pnpm verify	2026-10-06T10:29:08.1904643Z    ^[[33m^[[2m✓^[[22m^[[39m ScopeFilter：三级联动（上游变更清空下游），标签均可用 ^[[33m 635^[[2mms^[[22m^[[39m
verify	Run pnpm verify	2026-10-06T10:29:08.7872145Z Bundling asset TestStack/CommandPublisherFn/Code/Stage...
verify	Run pnpm verify	2026-10-06T10:29:09.8852417Z Bundling asset TestStack/CommandTimeoutFn/Code/Stage...
verify	Run pnpm verify	2026-10-06T10:29:10.2555568Z  ^[[32m✓^[[39m apps/ingestion-worker/test/signals-ack.test.ts ^[[2m(^[[22m^[[2m13 tests^[[22m^[[2m)^[[22m^[[33m 4094^[[2mms^[[22m^[[39m
verify	Run pnpm verify	2026-10-06T10:29:10.2568995Z      ^[[33m^[[2m✓^[[22m^[[39m PUBLISHED + SUCCESS → SUCCEEDED；ack 落行；审计与归档齐备 ^[[33m 302^[[2mms^[[22m^[[39m
verify	Run pnpm verify	2026-10-06T10:29:10.9831612Z  ^[[32m✓^[[39m apps/ingestion-worker/test/archive-worker.test.ts ^[[2m(^[[22m^[[2m11 tests^[[22m^[[2m)^[[22m^[[32m 25^[[2mms^[[22m^[[39m
verify	Run pnpm verify	2026-10-06T10:29:11.1290797Z Bundling asset TestStack/OtaDispatcherFn/Code/Stage...
verify	Run pnpm verify	2026-10-06T10:29:12.2810864Z Bundling asset TestStack/OnboardingApiFn/Code/Stage...
verify	Run pnpm verify	2026-10-06T10:29:13.4872476Z Bundling asset TestStack/OnboardingProvisioningFn/Code/Stage...
verify	Run pnpm verify	2026-10-06T10:29:14.2050757Z  ^[[32m✓^[[39m apps/summary-worker/test/aggregation-worker.test.ts ^[[2m(^[[22m^[[2m6 tests^[[22m^[[2m)^[[22m^[[33m 5183^[[2mms^[[22m^[[39m
verify	Run pnpm verify	2026-10-06T10:29:14.2120753Z      ^[[33m^[[2m✓^[[22m^[[39m 固定输入产生确定输出：hourly 完整率（缺失序号）、daily 加权 rollup、ESG 日汇总 + 计算版本 ^[[33m 386^[[2mms^[[22m^[[39m
verify	Run pnpm verify	2026-10-06T10:29:14.6109972Z Bundling asset TestStack/DeviceApiFn/Code/Stage...
verify	Run pnpm verify	2026-10-06T10:29:15.0803020Z  ^[[32m✓^[[39m packages/database/test/db01.test.ts ^[[2m(^[[22m^[[2m21 tests^[[22m^[[2m)^[[22m^[[33m 3825^[[2mms^[[22m^[[39m
verify	Run pnpm verify	2026-10-06T10:29:15.6450703Z Bundling asset TestStack/ApiFn/Code/Stage...
verify	Run pnpm verify	2026-10-06T10:29:18.8030548Z  ^[[32m✓^[[39m infra/test/app-stack.test.ts ^[[2m(^[[22m^[[2m39 tests^[[22m^[[2m)^[[22m^[[33m 44307^[[2mms^[[22m^[[39m
verify	Run pnpm verify	2026-10-06T10:29:18.8032224Z      ^[[33m^[[2m✓^[[22m^[[39m Stack 物理名带环境前缀 ^[[33m 20363^[[2mms^[[22m^[[39m
verify	Run pnpm verify	2026-10-06T10:29:18.8033509Z      ^[[33m^[[2m✓^[[22m^[[39m 仅显式 local/test 模式可保留无 mTLS 的默认入口 ^[[33m 23735^[[2mms^[[22m^[[39m
verify	Run pnpm verify	2026-10-06T10:29:22.6227362Z  ^[[32m✓^[[39m apps/ingestion-worker/test/ingest-receipt.test.ts ^[[2m(^[[22m^[[2m9 tests^[[22m^[[2m)^[[22m^[[33m 6990^[[2mms^[[22m^[[39m
verify	Run pnpm verify	2026-10-06T10:29:22.6229796Z      ^[[33m^[[2m✓^[[22m^[[39m 5% 重复 + 2% 乱序模拟：无重复业务记录，全部到达后无未解除缺口 ^[[33m 2606^[[2mms^[[22m^[[39m
verify	Run pnpm verify	2026-10-06T10:29:22.8371825Z  ^[[32m✓^[[39m apps/admin-web/test/configuration.test.tsx ^[[2m(^[[22m^[[2m9 tests^[[22m^[[2m)^[[22m^[[33m 6010^[[2mms^[[22m^[[39m
verify	Run pnpm verify	2026-10-06T10:29:22.8390942Z    ^[[33m^[[2m✓^[[22m^[[39m 版本表单只渲染 V1 四字段且单位正确；候选扩展字段不存在于 DOM ^[[33m 1208^[[2mms^[[22m^[[39m
verify	Run pnpm verify	2026-10-06T10:29:22.8392567Z    ^[[33m^[[2m✓^[[22m^[[39m 非法范围/非整数有字段级错误且禁止提交；合法后提交四字段快照 ^[[33m 2332^[[2mms^[[22m^[[39m
verify	Run pnpm verify	2026-10-06T10:29:22.8394026Z    ^[[33m^[[2m✓^[[22m^[[39m 发布：生效时间可选且需合法；成功后提示 CONFIG_CHANGED 通知 ^[[33m 1328^[[2mms^[[22m^[[39m
verify	Run pnpm verify	2026-10-06T10:29:22.8395530Z    ^[[33m^[[2m✓^[[22m^[[39m 列表与筛选：行渲染；筛选应用与重置；新建配置目标二选一 ^[[33m 855^[[2mms^[[22m^[[39m
verify	Run pnpm verify	2026-10-06T10:29:23.5185483Z  ^[[32m✓^[[39m apps/ingestion-worker/test/signals-handlers.test.ts ^[[2m(^[[22m^[[2m8 tests^[[22m^[[2m)^[[22m^[[33m 4177^[[2mms^[[22m^[[39m
verify	Run pnpm verify	2026-10-06T10:29:23.5187778Z      ^[[33m^[[2m✓^[[22m^[[39m ACTIVE 建行（字段映射）→ CLEARED 正确闭合；重复 CLEAR 幂等；各生成归档事件 ^[[33m 435^[[2mms^[[22m^[[39m
verify	Run pnpm verify	2026-10-06T10:29:27.7901556Z  ^[[32m✓^[[39m apps/ingestion-worker/test/replay-worker.test.ts ^[[2m(^[[22m^[[2m6 tests^[[22m^[[2m)^[[22m^[[33m 4536^[[2mms^[[22m^[[39m
verify	Run pnpm verify	2026-10-06T10:29:32.2583160Z  ^[[32m✓^[[39m apps/cloud-api/test/certificate-rotate.test.ts ^[[2m(^[[22m^[[2m8 tests^[[22m^[[2m)^[[22m^[[33m 7142^[[2mms^[[22m^[[39m
verify	Run pnpm verify	2026-10-06T10:29:32.2600633Z      ^[[33m^[[2m✓^[[22m^[[39m 缺失 CSR 不签发；AWS attach 失败保留可重试停用记录并保留旧证 ^[[33m 728^[[2mms^[[22m^[[39m
verify	Run pnpm verify	2026-10-06T10:29:32.2610647Z      ^[[33m^[[2m✓^[[22m^[[39m 正向：返回五字段证书包；双证书窗口（旧证仍可用）；私钥不落库/审计 ^[[33m 441^[[2mms^[[22m^[[39m
verify	Run pnpm verify	2026-10-06T10:29:32.2617933Z      ^[[33m^[[2m✓^[[22m^[[39m 旧证书错误/跨设备拒绝：缺字段 400；与身份不符 403（含他设备证书） ^[[33m 720^[[2mms^[[22m^[[39m
verify	Run pnpm verify	2026-10-06T10:29:32.2620394Z      ^[[33m^[[2m✓^[[22m^[[39m 响应不确定重试：撤销未确认证书并重签，不重复下发同一私钥 ^[[33m 478^[[2mms^[[22m^[[39m
verify	Run pnpm verify	2026-10-06T10:29:32.2622115Z      ^[[33m^[[2m✓^[[22m^[[39m 部分失败（发证后 attach 失败）可重试：不建孤儿业务记录，重试成功 ^[[33m 351^[[2mms^[[22m^[[39m
verify	Run pnpm verify	2026-10-06T10:29:32.2771105Z  ^[[32m✓^[[39m apps/admin-web/test/alarms.test.tsx ^[[2m(^[[22m^[[2m10 tests^[[22m^[[2m)^[[22m^[[33m 6519^[[2mms^[[22m^[[39m
verify	Run pnpm verify	2026-10-06T10:29:32.2811013Z    ^[[33m^[[2m✓^[[22m^[[39m 状态更新：ACTIVE 可确认/清除 → ACKNOWLEDGED 仅清除 → CLEARED 无动作；每步原因必填 ^[[33m 3043^[[2mms^[[22m^[[39m
verify	Run pnpm verify	2026-10-06T10:29:32.2842753Z    ^[[33m^[[2m✓^[[22m^[[39m 重复操作幂等：replayed=true 提示已幂等忽略且不重复写入语义 ^[[33m 628^[[2mms^[[22m^[[39m
verify	Run pnpm verify	2026-10-06T10:29:32.2850491Z    ^[[33m^[[2m✓^[[22m^[[39m 后端拒绝呈现：CLEARED 终态确认 → 409 CONFLICT；无 alarm:write → 403/按钮禁用 ^[[33m 785^[[2mms^[[22m^[[39m
verify	Run pnpm verify	2026-10-06T10:29:32.2890455Z    ^[[33m^[[2m✓^[[22m^[[39m 筛选参数与 URL 同步：应用后 replaceState；urlStateFromSearch 可回读 ^[[33m 798^[[2mms^[[22m^[[39m
verify	Run pnpm verify	2026-10-06T10:29:32.2892197Z    ^[[33m^[[2m✓^[[22m^[[39m 三个 Tab 切换；Event/Tamper 只读（无操作列）；Tamper details 原样 JSON 透传 ^[[33m 541^[[2mms^[[22m^[[39m
verify	Run pnpm verify	2026-10-06T10:29:32.2893881Z    ^[[33m^[[2m✓^[[22m^[[39m 跨 Customer 不可见：详情 404 呈现 NOT_FOUND；Customer 角色无客户筛选 ^[[33m 369^[[2mms^[[22m^[[39m
verify	Run pnpm verify	2026-10-06T10:29:33.0731854Z  ^[[32m✓^[[39m apps/cloud-api/test/admin-device-status.test.ts ^[[2m(^[[22m^[[2m8 tests^[[22m^[[2m)^[[22m^[[33m 3951^[[2mms^[[22m^[[39m
verify	Run pnpm verify	2026-10-06T10:29:33.0771241Z      ^[[33m^[[2m✓^[[22m^[[39m Active→Suspended：状态历史（含 operational 镜像）+ DEVICE_SUSPENDED 通知 + 原因入审计 ^[[33m 330^[[2mms^[[22m^[[39m
verify	Run pnpm verify	2026-10-06T10:29:37.8771462Z  ^[[32m✓^[[39m apps/cloud-api/test/admin-settings.test.ts ^[[2m(^[[22m^[[2m10 tests^[[22m^[[2m)^[[22m^[[33m 4423^[[2mms^[[22m^[[39m
verify	Run pnpm verify	2026-10-06T10:29:39.3580021Z  ^[[32m✓^[[39m apps/cloud-api/test/license-sync-lifecycle.test.ts ^[[2m(^[[22m^[[2m10 tests^[[22m^[[2m)^[[22m^[[33m 6144^[[2mms^[[22m^[[39m
verify	Run pnpm verify	2026-10-06T10:29:39.3611081Z    ^[[33m^[[2m✓^[[22m^[[39m real PostgreSQL: served snapshot and signed local verification drive Assigned→Licensed→Active once ^[[33m 871^[[2mms^[[22m^[[39m
verify	Run pnpm verify	2026-10-06T10:29:39.3670731Z    ^[[33m^[[2m✓^[[22m^[[39m expired/revoked licenses and changed assignment cannot activate a device ^[[33m 391^[[2mms^[[22m^[[39m
verify	Run pnpm verify	2026-10-06T10:29:43.5966836Z  ^[[32m✓^[[39m apps/cloud-api/test/admin-device-metadata.test.ts ^[[2m(^[[22m^[[2m10 tests^[[22m^[[2m)^[[22m^[[33m 4555^[[2mms^[[22m^[[39m
verify	Run pnpm verify	2026-10-06T10:29:44.3091311Z  ^[[32m✓^[[39m packages/auth/test/secure-package.test.ts ^[[2m(^[[22m^[[2m14 tests^[[22m^[[2m)^[[22m^[[33m 4369^[[2mms^[[22m^[[39m
verify	Run pnpm verify	2026-10-06T10:29:45.7006591Z  ^[[32m✓^[[39m apps/admin-web/test/media.test.tsx ^[[2m(^[[22m^[[2m13 tests^[[22m^[[2m)^[[22m^[[33m 9400^[[2mms^[[22m^[[39m
verify	Run pnpm verify	2026-10-06T10:29:45.7008428Z    ^[[33m^[[2m✓^[[22m^[[39m 列表渲染元数据；类型/设备/状态/时间筛选经回调应用（时间转 UTC ISO） ^[[33m 2325^[[2mms^[[22m^[[39m
verify	Run pnpm verify	2026-10-06T10:29:45.7010173Z    ^[[33m^[[2m✓^[[22m^[[39m Customer 角色不暴露 customerId 筛选（服务端强制租户隔离） ^[[33m 502^[[2mms^[[22m^[[39m
verify	Run pnpm verify	2026-10-06T10:29:45.7015769Z    ^[[33m^[[2m✓^[[22m^[[39m 时间范围倒置时失败关闭且不发起筛选 ^[[33m 379^[[2mms^[[22m^[[39m
verify	Run pnpm verify	2026-10-06T10:29:45.7017306Z    ^[[33m^[[2m✓^[[22m^[[39m 图片查看：实时签发短期 URL → img 渲染 + 下载链接 + 有效期提示 ^[[33m 660^[[2mms^[[22m^[[39m
verify	Run pnpm verify	2026-10-06T10:29:45.7018698Z    ^[[33m^[[2m✓^[[22m^[[39m 视频查看：录制文件受控查看（video 元素）；页面无实时流语义 ^[[33m 1198^[[2mms^[[22m^[[39m
verify	Run pnpm verify	2026-10-06T10:29:45.7020966Z    ^[[33m^[[2m✓^[[22m^[[39m DELETED：不提供查看/下载，仅元数据保留 ^[[33m 483^[[2mms^[[22m^[[39m
verify	Run pnpm verify	2026-10-06T10:29:45.7022193Z    ^[[33m^[[2m✓^[[22m^[[39m 链接过期后重新申请：注入时钟判定过期 → 重新申请实时重签 ^[[33m 1010^[[2mms^[[22m^[[39m
verify	Run pnpm verify	2026-10-06T10:29:45.7023478Z    ^[[33m^[[2m✓^[[22m^[[39m 关闭预览即弃用授权 URL（不持久缓存）：重开重新申请 ^[[33m 1054^[[2mms^[[22m^[[39m
verify	Run pnpm verify	2026-10-06T10:29:45.7024709Z    ^[[33m^[[2m✓^[[22m^[[39m 未知媒体类型安全降级：不渲染 img/video、不提供下载，仅元数据 ^[[33m 469^[[2mms^[[22m^[[39m
verify	Run pnpm verify	2026-10-06T10:29:45.7026372Z    ^[[33m^[[2m✓^[[22m^[[39m 跨 Customer 资源不可访问：列表 403 → 无权界面；下载 404 → 错误可读并可重试 ^[[33m 1081^[[2mms^[[22m^[[39m
verify	Run pnpm verify	2026-10-06T10:29:49.6033023Z  ^[[32m✓^[[39m apps/ingestion-worker/test/report-handler.test.ts ^[[2m(^[[22m^[[2m7 tests^[[22m^[[2m)^[[22m^[[33m 4778^[[2mms^[[22m^[[39m
verify	Run pnpm verify	2026-10-06T10:29:49.6065513Z      ^[[33m^[[2m✓^[[22m^[[39m 合法 CYCLE 报告：RDS 全字段映射 + 恰好一个归档事件（字段与 RDS 完整一致，保留方法版本与 audit.hash） ^[[33m 476^[[2mms^[[22m^[[39m
verify	Run pnpm verify	2026-10-06T10:29:51.6369688Z ^[[90mstderr^[[2m | apps/ingestion-worker/test/telemetry-handler.test.ts^[[2m > ^[[22m^[[2mcreateTelemetryHandler（BE-IOT-05）^[[2m > ^[[22m^[[2m字段范围错误被隔离（端到端）：humidityPct>100 进 Quarantine，无聚合/归档；同批合法消息照常处理
verify	Run pnpm verify	2026-10-06T10:29:51.6380803Z ^[[22m^[[39mingestion message quarantined {
verify	Run pnpm verify	2026-10-06T10:29:51.6381798Z   event: ^[[32m'ingestion.quarantined'^[[39m,
verify	Run pnpm verify	2026-10-06T10:29:51.6382971Z   messageId: ^[[32m'sqs-bad'^[[39m,
verify	Run pnpm verify	2026-10-06T10:29:51.6383981Z   errorType: ^[[32m'SCHEMA_VIOLATION'^[[39m,
verify	Run pnpm verify	2026-10-06T10:29:51.6384943Z   errorPath: ^[[32m'data.humidityPct'^[[39m,
verify	Run pnpm verify	2026-10-06T10:29:51.6386056Z   reason: ^[[32m'payload violates telemetry.schema.json: 150 > 100'^[[39m,
verify	Run pnpm verify	2026-10-06T10:29:51.6387211Z   iotTopic: ^[[32m'bnx/device/dev-tel-5/telemetry'^[[39m,
verify	Run pnpm verify	2026-10-06T10:29:51.6388114Z   iotDeviceId: ^[[32m'dev-tel-5'^[[39m
verify	Run pnpm verify	2026-10-06T10:29:51.6388728Z }
verify	Run pnpm verify	2026-10-06T10:29:51.6389110Z 
verify	Run pnpm verify	2026-10-06T10:29:51.7291986Z  ^[[32m✓^[[39m apps/ingestion-worker/test/telemetry-handler.test.ts ^[[2m(^[[22m^[[2m6 tests^[[22m^[[2m)^[[22m^[[33m 5196^[[2mms^[[22m^[[39m
verify	Run pnpm verify	2026-10-06T10:29:51.7294158Z      ^[[33m^[[2m✓^[[22m^[[39m 同设备同窗口并发 20 条：sampleCount 与 metrics 原子累计不丢增量 ^[[33m 459^[[2mms^[[22m^[[39m
verify	Run pnpm verify	2026-10-06T10:29:52.0982442Z  ^[[32m✓^[[39m packages/domain/test/device-lifecycle.test.ts ^[[2m(^[[22m^[[2m98 tests^[[22m^[[2m)^[[22m^[[32m 60^[[2mms^[[22m^[[39m
verify	Run pnpm verify	2026-10-06T10:29:54.9731138Z  ^[[32m✓^[[39m apps/cloud-api/test/device-deactivate.test.ts ^[[2m(^[[22m^[[2m11 tests^[[22m^[[2m)^[[22m^[[33m 3944^[[2mms^[[22m^[[39m
verify	Run pnpm verify	2026-10-06T10:29:54.9735823Z      ^[[33m^[[2m✓^[[22m^[[39m 确认在先断证在后：CONFIRMED + 证书撤销 + 审计（仅摘要）+ 通用校验此前 403 而本端点可达 ^[[33m 344^[[2mms^[[22m^[[39m
verify	Run pnpm verify	2026-10-06T10:29:55.5205730Z  ^[[32m✓^[[39m apps/cloud-api/test/qa06-security.test.ts ^[[2m(^[[22m^[[2m4 tests^[[22m^[[2m)^[[22m^[[33m 10862^[[2mms^[[22m^[[39m
verify	Run pnpm verify	2026-10-06T10:29:55.5222341Z    ^[[33m^[[2m✓^[[22m^[[39m QA06 signed tenant scope and SQL JSON injection cannot cross boundaries or corrupt business state ^[[33m 4877^[[2mms^[[22m^[[39m
verify	Run pnpm verify	2026-10-06T10:29:55.5224804Z    ^[[33m^[[2m✓^[[22m^[[39m QA06 malicious media filenames and metadata reject before signing or persistence ^[[33m 2705^[[2mms^[[22m^[[39m
verify	Run pnpm verify	2026-10-06T10:29:55.5227599Z    ^[[33m^[[2m✓^[[22m^[[39m QA06 raw canaries are absent from actual logger trace audit and snapshot artifacts ^[[33m 3090^[[2mms^[[22m^[[39m
verify	Run pnpm verify	2026-10-06T10:29:58.7695396Z  ^[[32m✓^[[39m apps/admin-web/test/dashboard.test.tsx ^[[2m(^[[22m^[[2m12 tests^[[22m^[[2m)^[[22m^[[33m 3614^[[2mms^[[22m^[[39m
verify	Run pnpm verify	2026-10-06T10:29:58.7698567Z    ^[[33m^[[2m✓^[[22m^[[39m 10 设备 Fixture：全部指标与卡片值一致 ^[[33m 740^[[2mms^[[22m^[[39m
verify	Run pnpm verify	2026-10-06T10:29:58.7700150Z    ^[[33m^[[2m✓^[[22m^[[39m 命令提交：确认后调用提交器并显示 Pending（非“成功”） ^[[33m 1677^[[2mms^[[22m^[[39m
verify	Run pnpm verify	2026-10-06T10:29:58.7701865Z    ^[[33m^[[2m✓^[[22m^[[39m OTA 升级入口跳转 /ota/campaigns（不直接推送单设备） ^[[33m 359^[[2mms^[[22m^[[39m
verify	Run pnpm verify	2026-10-06T10:29:58.7703275Z    ^[[33m^[[2m✓^[[22m^[[39m 区块部分失败独立降级，不遮蔽仍可用告警与设备卡片 ^[[33m 327^[[2mms^[[22m^[[39m
verify	Run pnpm verify	2026-10-06T10:29:59.8901265Z  ^[[32m✓^[[39m packages/database/test/db02.test.ts ^[[2m(^[[22m^[[2m13 tests^[[22m^[[2m)^[[22m^[[33m 4356^[[2mms^[[22m^[[39m
verify	Run pnpm verify	2026-10-06T10:30:01.1315552Z  ^[[32m✓^[[39m apps/cloud-api/test/admin-command-query.test.ts ^[[2m(^[[22m^[[2m4 tests^[[22m^[[2m)^[[22m^[[33m 4528^[[2mms^[[22m^[[39m
verify	Run pnpm verify	2026-10-06T10:30:01.1318426Z      ^[[33m^[[2m✓^[[22m^[[39m status/command/deviceId 筛选 + Customer 租户强制 scope ^[[33m 309^[[2mms^[[22m^[[39m
verify	Run pnpm verify	2026-10-06T10:30:01.7750428Z Bundling asset DeployTest/IngestionFn/Code/Stage...
verify	Run pnpm verify	2026-10-06T10:30:02.9943505Z Bundling asset DeployTest/ArchiveFn/Code/Stage...
verify	Run pnpm verify	2026-10-06T10:30:03.7220963Z Bundling asset DeployTest/OutboxPublisherFn/Code/Stage...
verify	Run pnpm verify	2026-10-06T10:30:05.1679181Z Bundling asset DeployTest/NotificationPublisherFn/Code/Stage...
verify	Run pnpm verify	2026-10-06T10:30:06.2370572Z Bundling asset DeployTest/SummaryFn/Code/Stage...
verify	Run pnpm verify	2026-10-06T10:30:07.2459158Z Bundling asset DeployTest/ReplayTriggerPublisherFn/Code/Stage...
verify	Run pnpm verify	2026-10-06T10:30:08.3061262Z Bundling asset DeployTest/ReplayFn/Code/Stage...
verify	Run pnpm verify	2026-10-06T10:30:09.2659075Z Bundling asset DeployTest/CertPackageSweeperFn/Code/Stage...
verify	Run pnpm verify	2026-10-06T10:30:09.9649191Z ^[[90mstderr^[[2m | apps/ingestion-worker/test/qa03-data-path.test.ts^[[2m > ^[[22m^[[2mQA03 partial failure, quarantine retry, payload conflict and gap recovery
verify	Run pnpm verify	2026-10-06T10:30:09.9670357Z ^[[22m^[[39mingestion message quarantined {
verify	Run pnpm verify	2026-10-06T10:30:09.9700454Z   event: ^[[32m'ingestion.quarantined'^[[39m,
verify	Run pnpm verify	2026-10-06T10:30:09.9730427Z   messageId: ^[[32m'QA03-invalid-json'^[[39m,
verify	Run pnpm verify	2026-10-06T10:30:09.9760440Z   errorType: ^[[32m'INVALID_JSON'^[[39m,
verify	Run pnpm verify	2026-10-06T10:30:09.9790517Z   errorPath: ^[[32m'(root)'^[[39m,
verify	Run pnpm verify	2026-10-06T10:30:09.9830180Z   reason: ^[[32m'message body is not valid JSON'^[[39m
verify	Run pnpm verify	2026-10-06T10:30:09.9860049Z }
verify	Run pnpm verify	2026-10-06T10:30:09.9913177Z 
verify	Run pnpm verify	2026-10-06T10:30:10.0181573Z ^[[90mstderr^[[2m | apps/ingestion-worker/test/qa03-data-path.test.ts^[[2m > ^[[22m^[[2mQA03 partial failure, quarantine retry, payload conflict and gap recovery
verify	Run pnpm verify	2026-10-06T10:30:10.0210118Z ^[[22m^[[39mingestion message quarantined {
verify	Run pnpm verify	2026-10-06T10:30:10.0220327Z   event: ^[[32m'ingestion.quarantined'^[[39m,
verify	Run pnpm verify	2026-10-06T10:30:10.0221213Z   messageId: ^[[32m'QA03-invalid-json'^[[39m,
verify	Run pnpm verify	2026-10-06T10:30:10.0222052Z   errorType: ^[[32m'INVALID_JSON'^[[39m,
verify	Run pnpm verify	2026-10-06T10:30:10.0222777Z   errorPath: ^[[32m'(root)'^[[39m,
verify	Run pnpm verify	2026-10-06T10:30:10.0223553Z   reason: ^[[32m'message body is not valid JSON'^[[39m
verify	Run pnpm verify	2026-10-06T10:30:10.0224226Z }
verify	Run pnpm verify	2026-10-06T10:30:10.0224537Z 
verify	Run pnpm verify	2026-10-06T10:30:10.0343201Z ^[[90mstderr^[[2m | apps/ingestion-worker/test/qa03-data-path.test.ts^[[2m > ^[[22m^[[2mQA03 partial failure, quarantine retry, payload conflict and gap recovery
verify	Run pnpm verify	2026-10-06T10:30:10.0370315Z ^[[22m^[[39mingestion message quarantined {
verify	Run pnpm verify	2026-10-06T10:30:10.0390305Z   event: ^[[32m'ingestion.quarantined'^[[39m,
verify	Run pnpm verify	2026-10-06T10:30:10.0410011Z   messageId: ^[[32m'conflict'^[[39m,
verify	Run pnpm verify	2026-10-06T10:30:10.0440052Z   errorType: ^[[32m'PAYLOAD_CONFLICT'^[[39m,
verify	Run pnpm verify	2026-10-06T10:30:10.0470051Z   errorPath: ^[[32m'meta.seq'^[[39m,
verify	Run pnpm verify	2026-10-06T10:30:10.0521649Z   reason: ^[[32m'receipt key QA03-415DA18D49D7-DEV0:telemetry:1 already recorded with different payload hash (security anomaly)'^[[39m,
verify	Run pnpm verify	2026-10-06T10:30:10.0522868Z   iotTopic: ^[[32m'bnx/device/QA03-415DA18D49D7-DEV0/telemetry'^[[39m,
verify	Run pnpm verify	2026-10-06T10:30:10.0523687Z   iotDeviceId: ^[[32m'QA03-415DA18D49D7-DEV0'^[[39m
verify	Run pnpm verify	2026-10-06T10:30:10.0524228Z }
verify	Run pnpm verify	2026-10-06T10:30:10.0524932Z 
verify	Run pnpm verify	2026-10-06T10:30:10.0550981Z ^[[90mstderr^[[2m | apps/ingestion-worker/test/qa03-data-path.test.ts^[[2m > ^[[22m^[[2mQA03 partial failure, quarantine retry, payload conflict and gap recovery
verify	Run pnpm verify	2026-10-06T10:30:10.0570272Z ^[[22m^[[39mingestion message quarantined {
verify	Run pnpm verify	2026-10-06T10:30:10.0575709Z   event: ^[[32m'ingestion.quarantined'^[[39m,
verify	Run pnpm verify	2026-10-06T10:30:10.0576556Z   messageId: ^[[32m'schema'^[[39m,
verify	Run pnpm verify	2026-10-06T10:30:10.0577162Z   errorType: ^[[32m'SCHEMA_VIOLATION'^[[39m,
verify	Run pnpm verify	2026-10-06T10:30:10.0577633Z   errorPath: ^[[32m'data.deviceStatus'^[[39m,
verify	Run pnpm verify	2026-10-06T10:30:10.0578623Z   reason: ^[[32m'payload violates heartbeat.schema.json: 非法枚举值 "BROKEN"，允许值: ONLINE, DEGRADED, OFFLINE'^[[39m,
verify	Run pnpm verify	2026-10-06T10:30:10.0579786Z   iotTopic: ^[[32m'bnx/device/QA03-415DA18D49D7-DEV0/heartbeat'^[[39m,
verify	Run pnpm verify	2026-10-06T10:30:10.0580327Z   iotDeviceId: ^[[32m'QA03-415DA18D49D7-DEV0'^[[39m
verify	Run pnpm verify	2026-10-06T10:30:10.0580627Z }
verify	Run pnpm verify	2026-10-06T10:30:10.0580734Z 
verify	Run pnpm verify	2026-10-06T10:30:10.0581479Z ^[[90mstderr^[[2m | apps/ingestion-worker/test/qa03-data-path.test.ts^[[2m > ^[[22m^[[2mQA03 partial failure, quarantine retry, payload conflict and gap recovery
verify	Run pnpm verify	2026-10-06T10:30:10.0582270Z ^[[22m^[[39mingestion message quarantined {
verify	Run pnpm verify	2026-10-06T10:30:10.0582656Z   event: ^[[32m'ingestion.quarantined'^[[39m,
verify	Run pnpm verify	2026-10-06T10:30:10.0583015Z   messageId: ^[[32m'identity'^[[39m,
verify	Run pnpm verify	2026-10-06T10:30:10.0583375Z   errorType: ^[[32m'IDENTITY_VIOLATION'^[[39m,
verify	Run pnpm verify	2026-10-06T10:30:10.0583734Z   errorPath: ^[[32m'iotDeviceId'^[[39m,
verify	Run pnpm verify	2026-10-06T10:30:10.0584189Z   reason: ^[[32m'topic device does not match certificate binding'^[[39m,
verify	Run pnpm verify	2026-10-06T10:30:10.0584734Z   iotTopic: ^[[32m'bnx/device/QA03-415DA18D49D7-DEV0/event'^[[39m,
verify	Run pnpm verify	2026-10-06T10:30:10.0585182Z   iotDeviceId: ^[[32m'QA03-415DA18D49D7-DEV0'^[[39m
verify	Run pnpm verify	2026-10-06T10:30:10.0585468Z }
verify	Run pnpm verify	2026-10-06T10:30:10.0585573Z 
verify	Run pnpm verify	2026-10-06T10:30:10.3213335Z Bundling asset DeployTest/OnboardingDeadlineFn/Code/Stage...
verify	Run pnpm verify	2026-10-06T10:30:11.2434666Z Bundling asset DeployTest/RetirementTimeoutFn/Code/Stage...
verify	Run pnpm verify	2026-10-06T10:30:11.6459596Z ^[[90mstderr^[[2m | apps/cloud-api/test/qa04-core-api.test.ts^[[2m > ^[[22m^[[2mQA04 audit failure rolls back lifecycle/outbox; retry and replay preserve exactly one audit
verify	Run pnpm verify	2026-10-06T10:30:11.6461747Z ^[[22m^[[39maudit FAILURE 记录写入失败 Error [PrismaClientKnownRequestError]: 
verify	Run pnpm verify	2026-10-06T10:30:11.6480144Z Invalid `client.auditLog.create()` invocation in
verify	Run pnpm verify	2026-10-06T10:30:11.6530780Z /home/runner/work/food-digester-platform/food-digester-platform/packages/database/src/audit.ts:72:25
verify	Run pnpm verify	2026-10-06T10:30:11.6555085Z 
verify	Run pnpm verify	2026-10-06T10:30:11.6580308Z   69 /** 写一条审计记录。可在事务内（tx）或根 client 上调用。 */
verify	Run pnpm verify	2026-10-06T10:30:11.6608862Z   70 export async function recordAudit(client: DbClient, entry: AuditEntry): Promise<void> {
verify	Run pnpm verify	2026-10-06T10:30:11.6613599Z   71   const ctx = getRequestContext();
verify	Run pnpm verify	2026-10-06T10:30:11.6614438Z → 72   await client.auditLog.create(
verify	Run pnpm verify	2026-10-06T10:30:11.6615367Z Database error. Code: `P0001`. Message: `QA04 audit unavailable`
verify	Run pnpm verify	2026-10-06T10:30:11.6617458Z     at redactSensitive ^[[90m(/home/runner/work/food-digester-platform/food-digester-platform/^[[39mpackages/observability/src/redaction.ts:43:19^[[90m)^[[39m
verify	Run pnpm verify	2026-10-06T10:30:11.6619081Z     at Array.map (<anonymous>)
verify	Run pnpm verify	2026-10-06T10:30:11.6621042Z     at Object.error ^[[90m(/home/runner/work/food-digester-platform/food-digester-platform/^[[39mpackages/observability/src/redaction.ts:70:18^[[90m)^[[39m
verify	Run pnpm verify	2026-10-06T10:30:11.6623556Z     at audited ^[[90m(/home/runner/work/food-digester-platform/food-digester-platform/^[[39mpackages/database/src/audit.ts:144:14^[[90m)^[[39m
verify	Run pnpm verify	2026-10-06T10:30:11.6625549Z ^[[90m    at processTicksAndRejections (node:internal/process/task_queues:103:5)^[[39m
verify	Run pnpm verify	2026-10-06T10:30:11.6627602Z     at ^[[90m/home/runner/work/food-digester-platform/food-digester-platform/^[[39mapps/cloud-api/src/admin/device-status/handler.ts:79:20
verify	Run pnpm verify	2026-10-06T10:30:11.6630486Z     at Object.suspend ^[[90m(/home/runner/work/food-digester-platform/food-digester-platform/^[[39mapps/cloud-api/src/admin/device-status/handler.ts:104:16^[[90m)^[[39m
verify	Run pnpm verify	2026-10-06T10:30:11.6632936Z     at ^[[90m/home/runner/work/food-digester-platform/food-digester-platform/^[[39mapps/cloud-api/test/qa04-core-api.test.ts:193:20
verify	Run pnpm verify	2026-10-06T10:30:11.6635920Z     at withFixture ^[[90m(/home/runner/work/food-digester-platform/food-digester-platform/^[[39mapps/cloud-api/test/qa04-core-api.test.ts:50:13^[[90m)^[[39m
verify	Run pnpm verify	2026-10-06T10:30:11.6638233Z     at ^[[90m/home/runner/work/food-digester-platform/food-digester-platform/^[[39mapps/cloud-api/test/qa04-core-api.test.ts:184:3
verify	Run pnpm verify	2026-10-06T10:30:11.6639778Z 
verify	Run pnpm verify	2026-10-06T10:30:11.6938502Z  ^[[32m✓^[[39m apps/cloud-api/test/qa04-core-api.test.ts ^[[2m(^[[22m^[[2m3 tests^[[22m^[[2m)^[[22m^[[33m 9321^[[2mms^[[22m^[[39m
verify	Run pnpm verify	2026-10-06T10:30:11.6941648Z    ^[[33m^[[2m✓^[[22m^[[39m QA04 five roles, two tenants: read scope, mutation and audit boundaries ^[[33m 4101^[[2mms^[[22m^[[39m
verify	Run pnpm verify	2026-10-06T10:30:11.6943548Z    ^[[33m^[[2m✓^[[22m^[[39m QA04 concurrent If-Match writes have one winner and one success audit ^[[33m 2460^[[2mms^[[22m^[[39m
verify	Run pnpm verify	2026-10-06T10:30:11.6945526Z    ^[[33m^[[2m✓^[[22m^[[39m QA04 audit failure rolls back lifecycle/outbox; retry and replay preserve exactly one audit ^[[33m 2756^[[2mms^[[22m^[[39m
verify	Run pnpm verify	2026-10-06T10:30:12.3940962Z Bundling asset DeployTest/ActivityExportFn/Code/Stage...
verify	Run pnpm verify	2026-10-06T10:30:12.6442065Z ^[[90mstderr^[[2m | apps/ingestion-worker/test/qa03-data-path.test.ts^[[2m > ^[[22m^[[2mQA03 archive queue outage and manifest failure converge with stable objects
verify	Run pnpm verify	2026-10-06T10:30:12.6470041Z ^[[22m^[[39marchive validation rejected {
verify	Run pnpm verify	2026-10-06T10:30:12.6471676Z   kind: ^[[32m'archive.validation_rejected'^[[39m,
verify	Run pnpm verify	2026-10-06T10:30:12.6472773Z   messageId: ^[[32m'invalid-archive'^[[39m,
verify	Run pnpm verify	2026-10-06T10:30:12.6473690Z   eventId: ^[[1mnull^[[22m,
verify	Run pnpm verify	2026-10-06T10:30:12.6474429Z   errorPath: ^[[32m'$'^[[39m,
verify	Run pnpm verify	2026-10-06T10:30:12.6475680Z   reason: ^[[32m"Expected property name or '}' in JSON at position 1 (line 1 column 2)"^[[39m,
verify	Run pnpm verify	2026-10-06T10:30:12.6476986Z   rawBody: ^[[32m'{bad'^[[39m
verify	Run pnpm verify	2026-10-06T10:30:12.6477665Z }
verify	Run pnpm verify	2026-10-06T10:30:12.6478036Z 
verify	Run pnpm verify	2026-10-06T10:30:13.5735628Z Bundling asset DeployTest/EsgExportFn/Code/Stage...
verify	Run pnpm verify	2026-10-06T10:30:14.7439593Z Bundling asset DeployTest/CommandPublisherFn/Code/Stage...
verify	Run pnpm verify	2026-10-06T10:30:15.8192000Z Bundling asset DeployTest/CommandTimeoutFn/Code/Stage...
verify	Run pnpm verify	2026-10-06T10:30:16.1681615Z  ^[[32m✓^[[39m packages/auth/test/device-mtls.test.ts ^[[2m(^[[22m^[[2m11 tests^[[22m^[[2m)^[[22m^[[33m 3908^[[2mms^[[22m^[[39m
verify	Run pnpm verify	2026-10-06T10:30:16.8777244Z Bundling asset DeployTest/OtaDispatcherFn/Code/Stage...
verify	Run pnpm verify	2026-10-06T10:30:17.8391447Z Bundling asset DeployTest/OnboardingApiFn/Code/Stage...
verify	Run pnpm verify	2026-10-06T10:30:18.9072958Z Bundling asset DeployTest/OnboardingProvisioningFn/Code/Stage...
verify	Run pnpm verify	2026-10-06T10:30:20.0207824Z Bundling asset DeployTest/DeviceApiFn/Code/Stage...
verify	Run pnpm verify	2026-10-06T10:30:20.5836674Z  ^[[32m✓^[[39m apps/ingestion-worker/test/qa03-data-path.test.ts ^[[2m(^[[22m^[[2m5 tests^[[22m^[[2m)^[[22m^[[33m 20751^[[2mms^[[22m^[[39m
verify	Run pnpm verify	2026-10-06T10:30:20.5838869Z    ^[[33m^[[2m✓^[[22m^[[39m QA03 eight routes: business + receipts + outbox + raw archive, duplicate redelivery ^[[33m 7628^[[2mms^[[22m^[[39m
verify	Run pnpm verify	2026-10-06T10:30:20.5841152Z    ^[[33m^[[2m✓^[[22m^[[39m QA03 partial failure, quarantine retry, payload conflict and gap recovery ^[[33m 2599^[[2mms^[[22m^[[39m
verify	Run pnpm verify	2026-10-06T10:30:20.5843201Z    ^[[33m^[[2m✓^[[22m^[[39m QA03 archive queue outage and manifest failure converge with stable objects ^[[33m 2584^[[2mms^[[22m^[[39m
verify	Run pnpm verify	2026-10-06T10:30:20.5844549Z    ^[[33m^[[2m✓^[[22m^[[39m QA03 business/receipt/outbox transaction rollback then retry ^[[33m 2865^[[2mms^[[22m^[[39m
verify	Run pnpm verify	2026-10-06T10:30:20.5845457Z    ^[[33m^[[2m✓^[[22m^[[39m QA03 isolated resources are cleaned even when the scenario throws ^[[33m 5070^[[2mms^[[22m^[[39m
verify	Run pnpm verify	2026-10-06T10:30:20.8714161Z Bundling asset DeployTest/ApiFn/Code/Stage...
verify	Run pnpm verify	2026-10-06T10:30:24.6101420Z  ^[[32m✓^[[39m apps/admin-web/test/audit-logs.test.tsx ^[[2m(^[[22m^[[2m9 tests^[[22m^[[2m)^[[22m^[[33m 5868^[[2mms^[[22m^[[39m
verify	Run pnpm verify	2026-10-06T10:30:24.6160928Z    ^[[33m^[[2m✓^[[22m^[[39m 筛选：actor/Customer/对象/动作/结果/时间全字段回调（时间转 UTC ISO） ^[[33m 2868^[[2mms^[[22m^[[39m
verify	Run pnpm verify	2026-10-06T10:30:24.6170387Z    ^[[33m^[[2m✓^[[22m^[[39m 时间范围倒置时失败关闭且不发起筛选 ^[[33m 314^[[2mms^[[22m^[[39m
verify	Run pnpm verify	2026-10-06T10:30:24.6200345Z    ^[[33m^[[2m✓^[[22m^[[39m 分页正确：下一页携带 nextCursor ^[[33m 714^[[2mms^[[22m^[[39m
verify	Run pnpm verify	2026-10-06T10:30:24.6230319Z    ^[[33m^[[2m✓^[[22m^[[39m 详情：显示脱敏前后值、requestId、原因与 IP/UA ^[[33m 478^[[2mms^[[22m^[[39m
verify	Run pnpm verify	2026-10-06T10:30:24.6231854Z    ^[[33m^[[2m✓^[[22m^[[39m 敏感字段不可见：明文 password/privateKey/token 前端兜底脱敏为 [REDACTED] ^[[33m 476^[[2mms^[[22m^[[39m
verify	Run pnpm verify	2026-10-06T10:30:24.6260547Z    ^[[33m^[[2m✓^[[22m^[[39m 只读性：页面无编辑/删除/修改入口；API 装配仅 GET ^[[33m 485^[[2mms^[[22m^[[39m
verify	Run pnpm verify	2026-10-06T10:30:24.6290437Z    ^[[33m^[[2m✓^[[22m^[[39m Customer 角色无 customerId 筛选；列表 403 → 无权界面 ^[[33m 531^[[2mms^[[22m^[[39m
verify	Run pnpm verify	2026-10-06T10:30:25.0111602Z  ^[[32m✓^[[39m packages/domain/test/command.test.ts ^[[2m(^[[22m^[[2m16 tests^[[22m^[[2m)^[[22m^[[32m 17^[[2mms^[[22m^[[39m
verify	Run pnpm verify	2026-10-06T10:30:26.5141151Z  ^[[32m✓^[[39m apps/admin-web/test/auth-flow.test.ts ^[[2m(^[[22m^[[2m18 tests^[[22m^[[2m)^[[22m^[[33m 1108^[[2mms^[[22m^[[39m
verify	Run pnpm verify	2026-10-06T10:30:26.8561334Z  ^[[32m✓^[[39m apps/cloud-api/test/csr-onboarding.test.ts ^[[2m(^[[22m^[[2m1 test^[[22m^[[2m)^[[22m^[[33m 4931^[[2mms^[[22m^[[39m
verify	Run pnpm verify	2026-10-06T10:30:26.8650866Z      ^[[33m^[[2m✓^[[22m^[[39m 匿名申请、相同公钥幂等、换钥冲突；签名轮询拒绝重放 ^[[33m 535^[[2mms^[[22m^[[39m
verify	Run pnpm verify	2026-10-06T10:30:27.2256650Z  ^[[32m✓^[[39m packages/domain/test/license.test.ts ^[[2m(^[[22m^[[2m17 tests^[[22m^[[2m)^[[22m^[[32m 23^[[2mms^[[22m^[[39m
verify	Run pnpm verify	2026-10-06T10:30:27.3308887Z  ^[[32m✓^[[39m infra/test/deployment-config.test.ts ^[[2m(^[[22m^[[2m2 tests^[[22m^[[2m)^[[22m^[[33m 26013^[[2mms^[[22m^[[39m
verify	Run pnpm verify	2026-10-06T10:30:27.3331300Z    ^[[33m^[[2m✓^[[22m^[[39m deployment template: unauthed OPTIONS only, fixed origin errors, pinned truststore and private one-shot migration ^[[33m 25986^[[2mms^[[22m^[[39m
verify	Run pnpm verify	2026-10-06T10:30:31.3411457Z  ^[[32m✓^[[39m packages/database/test/db03.test.ts ^[[2m(^[[22m^[[2m10 tests^[[22m^[[2m)^[[22m^[[33m 4228^[[2mms^[[22m^[[39m
verify	Run pnpm verify	2026-10-06T10:30:31.9686811Z  ^[[32m✓^[[39m apps/admin-web/test/device-view.test.tsx ^[[2m(^[[22m^[[2m6 tests^[[22m^[[2m)^[[22m^[[33m 1657^[[2mms^[[22m^[[39m
verify	Run pnpm verify	2026-10-06T10:30:31.9698635Z    ^[[33m^[[2m✓^[[22m^[[39m 选择设备并应用：四级联动；未选设备禁用应用 ^[[33m 1039^[[2mms^[[22m^[[39m
verify	Run pnpm verify	2026-10-06T10:30:32.7620105Z  ^[[32m✓^[[39m apps/cloud-api/test/certificate-status.test.ts ^[[2m(^[[22m^[[2m8 tests^[[22m^[[2m)^[[22m^[[33m 3963^[[2mms^[[22m^[[39m
verify	Run pnpm verify	2026-10-06T10:30:37.2691399Z  ^[[32m✓^[[39m apps/cloud-api/test/admin-replay.test.ts ^[[2m(^[[22m^[[2m5 tests^[[22m^[[2m)^[[22m^[[33m 4293^[[2mms^[[22m^[[39m
verify	Run pnpm verify	2026-10-06T10:30:38.2481499Z  ^[[32m✓^[[39m apps/ingestion-worker/test/rotation-confirmation.test.ts ^[[2m(^[[22m^[[2m8 tests^[[22m^[[2m)^[[22m^[[33m 4899^[[2mms^[[22m^[[39m
verify	Run pnpm verify	2026-10-06T10:30:38.2511088Z      ^[[33m^[[2m✓^[[22m^[[39m MQTT first: old certificate remains valid until REST, then durable AWS intent and admin completion ^[[33m 338^[[2mms^[[22m^[[39m
verify	Run pnpm verify	2026-10-06T10:30:39.5371534Z  ^[[32m✓^[[39m apps/admin-web/test/onboarding.test.tsx ^[[2m(^[[22m^[[2m11 tests^[[22m^[[2m)^[[22m^[[33m 5349^[[2mms^[[22m^[[39m
verify	Run pnpm verify	2026-10-06T10:30:39.5391495Z    ^[[33m^[[2m✓^[[22m^[[39m 列表与状态筛选：PENDING/APPROVED/REJECTED/TIMED_OUT 标签与状态列 ^[[33m 1247^[[2mms^[[22m^[[39m
verify	Run pnpm verify	2026-10-06T10:30:39.5392962Z    ^[[33m^[[2m✓^[[22m^[[39m 权限门控：仅 canReview（SuperAdmin）且 PENDING 显示审批操作 ^[[33m 316^[[2mms^[[22m^[[39m
verify	Run pnpm verify	2026-10-06T10:30:39.5394156Z    ^[[33m^[[2m✓^[[22m^[[39m 批准：确认后提交并跳转设备详情（携带序列号，不伪造设备记录） ^[[33m 661^[[2mms^[[22m^[[39m
verify	Run pnpm verify	2026-10-06T10:30:39.5395165Z    ^[[33m^[[2m✓^[[22m^[[39m 拒绝：原因必填；提交后刷新列表 ^[[33m 1177^[[2mms^[[22m^[[39m
verify	Run pnpm verify	2026-10-06T10:30:39.5396320Z    ^[[33m^[[2m✓^[[22m^[[39m 重复点击不会重复审批：在途期间后续提交被忽略 ^[[33m 612^[[2mms^[[22m^[[39m
verify	Run pnpm verify	2026-10-06T10:30:39.5397466Z    ^[[33m^[[2m✓^[[22m^[[39m 并发审批冲突：409 VERSION_CONFLICT 显示刷新提示 ^[[33m 556^[[2mms^[[22m^[[39m
verify	Run pnpm verify	2026-10-06T10:30:40.3866856Z  ^[[32m✓^[[39m packages/database/test/client-preparation.test.ts ^[[2m(^[[22m^[[2m4 tests^[[22m^[[2m)^[[22m^[[33m 386^[[2mms^[[22m^[[39m
verify	Run pnpm verify	2026-10-06T10:30:40.3900753Z    ^[[33m^[[2m✓^[[22m^[[39m public ORM extension preserves lazy batch/interactive transactions, disconnect ownership and query failure ^[[33m 377^[[2mms^[[22m^[[39m
verify	Run pnpm verify	2026-10-06T10:30:43.1551439Z  ^[[32m✓^[[39m apps/cloud-api/test/admin-certificate-rotation.test.ts ^[[2m(^[[22m^[[2m4 tests^[[22m^[[2m)^[[22m^[[33m 3815^[[2mms^[[22m^[[39m
verify	Run pnpm verify	2026-10-06T10:30:43.4997577Z  ^[[32m✓^[[39m apps/admin-web/test/i18n.test.tsx ^[[2m(^[[22m^[[2m7 tests^[[22m^[[2m)^[[22m^[[33m 3596^[[2mms^[[22m^[[39m
verify	Run pnpm verify	2026-10-06T10:30:43.5005155Z    ^[[33m^[[2m✓^[[22m^[[39m 切换语言：菜单/面包屑/共享组件文案即时完整更新；localStorage 与 <html lang> 同步 ^[[33m 2402^[[2mms^[[22m^[[39m
verify	Run pnpm verify	2026-10-06T10:30:43.5007080Z    ^[[33m^[[2m✓^[[22m^[[39m 刷新/重新登录后语言保持：重新挂载读取持久化值 ^[[33m 1085^[[2mms^[[22m^[[39m
verify	Run pnpm verify	2026-10-06T10:30:44.0844271Z  ^[[32m✓^[[39m infra/test/deployment-governance.test.ts ^[[2m(^[[22m^[[2m2 tests^[[22m^[[2m)^[[22m^[[32m 10^[[2mms^[[22m^[[39m
verify	Run pnpm verify	2026-10-06T10:30:49.1408305Z  ^[[32m✓^[[39m apps/cloud-api/test/device-retirement-timeout.test.ts ^[[2m(^[[22m^[[2m5 tests^[[22m^[[2m)^[[22m^[[33m 4051^[[2mms^[[22m^[[39m
verify	Run pnpm verify	2026-10-06T10:30:49.1410479Z      ^[[33m^[[2m✓^[[22m^[[39m 72 小时前不处理；精确边界完成、撤证并记录稳定审计 ^[[33m 311^[[2mms^[[22m^[[39m
verify	Run pnpm verify	2026-10-06T10:30:49.3548235Z  ^[[32m✓^[[39m apps/admin-web/test/shell.test.tsx ^[[2m(^[[22m^[[2m8 tests^[[22m^[[2m)^[[22m^[[33m 3640^[[2mms^[[22m^[[39m
verify	Run pnpm verify	2026-10-06T10:30:49.3550543Z    ^[[33m^[[2m✓^[[22m^[[39m 菜单按角色过滤：PlatformSuperAdmin 见全部 17 项；CustomerViewer 不见受限项 ^[[33m 2333^[[2mms^[[22m^[[39m
verify	Run pnpm verify	2026-10-06T10:30:49.3552223Z    ^[[33m^[[2m✓^[[22m^[[39m 菜单展开/路由/面包屑一致：当前页 aria-current，面包屑含分组与页面 ^[[33m 521^[[2mms^[[22m^[[39m
verify	Run pnpm verify	2026-10-06T10:30:49.3941554Z  ^[[32m✓^[[39m packages/domain/test/contract.test.ts ^[[2m(^[[22m^[[2m9 tests^[[22m^[[2m)^[[22m^[[32m 12^[[2mms^[[22m^[[39m
verify	Run pnpm verify	2026-10-06T10:30:49.5842842Z  ^[[32m✓^[[39m apps/admin-web/test/session-manager.test.ts ^[[2m(^[[22m^[[2m10 tests^[[22m^[[2m)^[[22m^[[32m 12^[[2mms^[[22m^[[39m
verify	Run pnpm verify	2026-10-06T10:30:49.9625646Z  ^[[32m✓^[[39m apps/cloud-api/test/device-lambda-composition.test.ts ^[[2m(^[[22m^[[2m13 tests^[[22m^[[2m)^[[22m^[[32m 16^[[2mms^[[22m^[[39m
verify	Run pnpm verify	2026-10-06T10:30:50.4397682Z  ^[[32m✓^[[39m apps/cloud-api/test/admin-p1-strict-request.test.ts ^[[2m(^[[22m^[[2m2 tests^[[22m^[[2m)^[[22m^[[32m 33^[[2mms^[[22m^[[39m
verify	Run pnpm verify	2026-10-06T10:30:51.5502488Z  ^[[32m✓^[[39m apps/admin-web/test/sites.test.tsx ^[[2m(^[[22m^[[2m7 tests^[[22m^[[2m)^[[22m^[[33m 8229^[[2mms^[[22m^[[39m
verify	Run pnpm verify	2026-10-06T10:30:51.5505099Z    ^[[33m^[[2m✓^[[22m^[[39m 列表：Region/Subregion/时区/联系人/设备数/状态列完整；筛选可变更 ^[[33m 1103^[[2mms^[[22m^[[39m
verify	Run pnpm verify	2026-10-06T10:30:51.5506560Z    ^[[33m^[[2m✓^[[22m^[[39m 详情：地址/时区/联系人/设备数完整展示 ^[[33m 317^[[2mms^[[22m^[[39m
verify	Run pnpm verify	2026-10-06T10:30:51.5507879Z    ^[[33m^[[2m✓^[[22m^[[39m 创建：非法时区客户端拦截不提交；合法输入提交成功 ^[[33m 2549^[[2mms^[[22m^[[39m
verify	Run pnpm verify	2026-10-06T10:30:51.5524325Z    ^[[33m^[[2m✓^[[22m^[[39m 编辑：customerId 不可变（只读展示）；提交携带当前 version ^[[33m 1589^[[2mms^[[22m^[[39m
verify	Run pnpm verify	2026-10-06T10:30:51.5525620Z    ^[[33m^[[2m✓^[[22m^[[39m 停用：展示关联设备数提示；原因必填；409 版本冲突提示刷新 ^[[33m 2454^[[2mms^[[22m^[[39m
verify	Run pnpm verify	2026-10-06T10:30:51.7227840Z Bundling asset Qa09Perf/IngestionFn/Code/Stage...
verify	Run pnpm verify	2026-10-06T10:30:51.9687114Z  ^[[32m✓^[[39m apps/admin-web/test/guard-menu.test.ts ^[[2m(^[[22m^[[2m13 tests^[[22m^[[2m)^[[22m^[[32m 10^[[2mms^[[22m^[[39m
verify	Run pnpm verify	2026-10-06T10:30:52.6342032Z  ^[[32m✓^[[39m packages/database/test/observed-pg.test.ts ^[[2m(^[[22m^[[2m4 tests^[[22m^[[2m)^[[22m^[[32m 250^[[2mms^[[22m^[[39m
verify	Run pnpm verify	2026-10-06T10:30:52.8997541Z  ^[[32m✓^[[39m packages/aws-clients/test/iot-device-policy.test.ts ^[[2m(^[[22m^[[2m12 tests^[[22m^[[2m)^[[22m^[[32m 13^[[2mms^[[22m^[[39m
verify	Run pnpm verify	2026-10-06T10:30:52.9690650Z Bundling asset Qa09Perf/ArchiveFn/Code/Stage...
verify	Run pnpm verify	2026-10-06T10:30:53.1411616Z  ^[[32m✓^[[39m apps/admin-web/test/http-client.test.ts ^[[2m(^[[22m^[[2m7 tests^[[22m^[[2m)^[[22m^[[32m 9^[[2mms^[[22m^[[39m
verify	Run pnpm verify	2026-10-06T10:30:53.5735097Z Bundling asset Qa09Perf/OutboxPublisherFn/Code/Stage...
verify	Run pnpm verify	2026-10-06T10:30:54.6982235Z Bundling asset Qa09Perf/NotificationPublisherFn/Code/Stage...
verify	Run pnpm verify	2026-10-06T10:30:55.9320890Z Bundling asset Qa09Perf/SummaryFn/Code/Stage...
verify	Run pnpm verify	2026-10-06T10:30:56.7543690Z  ^[[32m✓^[[39m apps/admin-web/test/device-groups.test.tsx ^[[2m(^[[22m^[[2m6 tests^[[22m^[[2m)^[[22m^[[33m 4548^[[2mms^[[22m^[[39m
verify	Run pnpm verify	2026-10-06T10:30:56.7551043Z    ^[[33m^[[2m✓^[[22m^[[39m 列表字段覆盖矩阵：序号/区域/子区域/ID/别名/合约/租期/固件/四轴/操作 ^[[33m 1445^[[2mms^[[22m^[[39m
verify	Run pnpm verify	2026-10-06T10:30:56.7552399Z    ^[[33m^[[2m✓^[[22m^[[39m 缺失值显示“—”（无合约/无别名/无固件/无站点） ^[[33m 376^[[2mms^[[22m^[[39m
verify	Run pnpm verify	2026-10-06T10:30:56.7554351Z    ^[[33m^[[2m✓^[[22m^[[39m 筛选：搜索应用草稿（关键字+四轴+授权），重置清空 ^[[33m 1059^[[2mms^[[22m^[[39m
verify	Run pnpm verify	2026-10-06T10:30:56.7555663Z    ^[[33m^[[2m✓^[[22m^[[39m Region/Subregion/Site 联动筛选进入查询条件 ^[[33m 989^[[2mms^[[22m^[[39m
verify	Run pnpm verify	2026-10-06T10:30:56.7606790Z    ^[[33m^[[2m✓^[[22m^[[39m 操作列“管理”跳转设备管理详情（状态操作由 FE-07 提供） ^[[33m 331^[[2mms^[[22m^[[39m
verify	Run pnpm verify	2026-10-06T10:30:56.7679154Z    ^[[33m^[[2m✓^[[22m^[[39m 嵌入 FE-04 新增设备请求面板；403 显示无权 ^[[33m 346^[[2mms^[[22m^[[39m
verify	Run pnpm verify	2026-10-06T10:30:56.9472619Z Bundling asset Qa09Perf/ReplayTriggerPublisherFn/Code/Stage...
verify	Run pnpm verify	2026-10-06T10:30:57.7702842Z  ^[[32m✓^[[39m apps/ingestion-worker/test/ota-status-ack.test.ts ^[[2m(^[[22m^[[2m3 tests^[[22m^[[2m)^[[22m^[[33m 4053^[[2mms^[[22m^[[39m
verify	Run pnpm verify	2026-10-06T10:30:57.7735480Z      ^[[33m^[[2m✓^[[22m^[[39m 按冻结状态机完成下载、安装、成功；历史和审计同事务落库 ^[[33m 440^[[2mms^[[22m^[[39m
verify	Run pnpm verify	2026-10-06T10:30:58.0249795Z Bundling asset Qa09Perf/ReplayFn/Code/Stage...
verify	Run pnpm verify	2026-10-06T10:30:59.1440944Z Bundling asset Qa09Perf/CertPackageSweeperFn/Code/Stage...
verify	Run pnpm verify	2026-10-06T10:31:00.3840594Z Bundling asset Qa09Perf/OnboardingDeadlineFn/Code/Stage...
verify	Run pnpm verify	2026-10-06T10:31:01.2818642Z Bundling asset Qa09Perf/RetirementTimeoutFn/Code/Stage...
verify	Run pnpm verify	2026-10-06T10:31:01.7552318Z  ^[[32m✓^[[39m apps/cloud-api/test/provisioning-worker.test.ts ^[[2m(^[[22m^[[2m4 tests^[[22m^[[2m)^[[22m^[[33m 3886^[[2mms^[[22m^[[39m
verify	Run pnpm verify	2026-10-06T10:31:02.3537477Z Bundling asset Qa09Perf/ActivityExportFn/Code/Stage...
verify	Run pnpm verify	2026-10-06T10:31:03.3294689Z Bundling asset Qa09Perf/EsgExportFn/Code/Stage...
verify	Run pnpm verify	2026-10-06T10:31:04.1902687Z Bundling asset Qa09Perf/CommandPublisherFn/Code/Stage...
verify	Run pnpm verify	2026-10-06T10:31:05.2130771Z Bundling asset Qa09Perf/CommandTimeoutFn/Code/Stage...
verify	Run pnpm verify	2026-10-06T10:31:06.0064853Z Bundling asset Qa09Perf/OtaDispatcherFn/Code/Stage...
verify	Run pnpm verify	2026-10-06T10:31:06.9590794Z Bundling asset Qa09Perf/OnboardingApiFn/Code/Stage...
verify	Run pnpm verify	2026-10-06T10:31:07.3866851Z  ^[[32m✓^[[39m apps/admin-web/test/app-smoke.test.tsx ^[[2m(^[[22m^[[2m10 tests^[[22m^[[2m)^[[22m^[[33m 2751^[[2mms^[[22m^[[39m
verify	Run pnpm verify	2026-10-06T10:31:07.3868479Z      ^[[33m^[[2m✓^[[22m^[[39m 未登录访问根路径会进入登录页，并在登录后返回 dashboard ^[[33m 560^[[2mms^[[22m^[[39m
verify	Run pnpm verify	2026-10-06T10:31:07.3890707Z      ^[[33m^[[2m✓^[[22m^[[39m 已登录会话通过正式组合根渲染 /settings ^[[33m 318^[[2mms^[[22m^[[39m
verify	Run pnpm verify	2026-10-06T10:31:07.3902480Z      ^[[33m^[[2m✓^[[22m^[[39m 正式组合根读取持久化语言并将 FE-16 页面切换为英文 ^[[33m 329^[[2mms^[[22m^[[39m
verify	Run pnpm verify	2026-10-06T10:31:07.3903850Z      ^[[33m^[[2m✓^[[22m^[[39m 当前业务页面和打开的表单即时切换语言，同时保留未保存输入且不重新请求 ^[[33m 1003^[[2mms^[[22m^[[39m
verify	Run pnpm verify	2026-10-06T10:31:07.9487709Z Bundling asset Qa09Perf/OnboardingProvisioningFn/Code/Stage...
verify	Run pnpm verify	2026-10-06T10:31:08.6461447Z  ^[[32m✓^[[39m packages/aws-clients/test/project-ca-certificate-issuer.test.ts ^[[2m(^[[22m^[[2m3 tests^[[22m^[[2m)^[[22m^[[33m 906^[[2mms^[[22m^[[39m
verify	Run pnpm verify	2026-10-06T10:31:08.6462919Z      ^[[33m^[[2m✓^[[22m^[[39m 拒绝不匹配 CA 私钥及弱 CSR 签名 ^[[33m 446^[[2mms^[[22m^[[39m
verify	Run pnpm verify	2026-10-06T10:31:08.8471987Z Bundling asset Qa09Perf/DeviceApiFn/Code/Stage...
verify	Run pnpm verify	2026-10-06T10:31:08.8656085Z  ^[[32m✓^[[39m packages/observability/test/data-path.test.ts ^[[2m(^[[22m^[[2m6 tests^[[22m^[[2m)^[[22m^[[32m 15^[[2mms^[[22m^[[39m
verify	Run pnpm verify	2026-10-06T10:31:09.0252693Z  ^[[32m✓^[[39m apps/admin-web/test/customers.test.tsx ^[[2m(^[[22m^[[2m6 tests^[[22m^[[2m)^[[22m^[[33m 8114^[[2mms^[[22m^[[39m
verify	Run pnpm verify	2026-10-06T10:31:09.0256517Z    ^[[33m^[[2m✓^[[22m^[[39m 列表与状态筛选；详情展示版本相关字段 ^[[33m 1273^[[2mms^[[22m^[[39m
verify	Run pnpm verify	2026-10-06T10:31:09.0257847Z    ^[[33m^[[2m✓^[[22m^[[39m 创建：名称为空禁用；提交成功后刷新 ^[[33m 1001^[[2mms^[[22m^[[39m
verify	Run pnpm verify	2026-10-06T10:31:09.0259195Z    ^[[33m^[[2m✓^[[22m^[[39m 编辑：携带当前 version（If-Match 乐观锁） ^[[33m 1364^[[2mms^[[22m^[[39m
verify	Run pnpm verify	2026-10-06T10:31:09.0291609Z    ^[[33m^[[2m✓^[[22m^[[39m 停用：原因必填（写审计）；成功后刷新 ^[[33m 1775^[[2mms^[[22m^[[39m
verify	Run pnpm verify	2026-10-06T10:31:09.0303975Z    ^[[33m^[[2m✓^[[22m^[[39m 并发冲突：409 VERSION_CONFLICT 提示刷新；409 CONFLICT 展示后端原因 ^[[33m 2494^[[2mms^[[22m^[[39m
verify	Run pnpm verify	2026-10-06T10:31:09.1017159Z  ^[[32m✓^[[39m packages/domain/test/consumable.test.ts ^[[2m(^[[22m^[[2m9 tests^[[22m^[[2m)^[[22m^[[32m 12^[[2mms^[[22m^[[39m
verify	Run pnpm verify	2026-10-06T10:31:09.6264978Z  ^[[32m✓^[[39m apps/admin-web/test/srp.test.ts ^[[2m(^[[22m^[[2m7 tests^[[22m^[[2m)^[[22m^[[32m 291^[[2mms^[[22m^[[39m
verify	Run pnpm verify	2026-10-06T10:31:09.7260676Z Bundling asset Qa09Perf/ApiFn/Code/Stage...
verify	Run pnpm verify	2026-10-06T10:31:09.8134273Z  ^[[32m✓^[[39m packages/auth/test/cognito.test.ts ^[[2m(^[[22m^[[2m14 tests^[[22m^[[2m)^[[22m^[[32m 263^[[2mms^[[22m^[[39m
verify	Run pnpm verify	2026-10-06T10:31:09.8342158Z  ^[[32m✓^[[39m packages/domain/test/configuration.test.ts ^[[2m(^[[22m^[[2m8 tests^[[22m^[[2m)^[[22m^[[32m 14^[[2mms^[[22m^[[39m
verify	Run pnpm verify	2026-10-06T10:31:10.3401043Z  ^[[32m✓^[[39m packages/auth/test/guard.test.ts ^[[2m(^[[22m^[[2m10 tests^[[22m^[[2m)^[[22m^[[32m 13^[[2mms^[[22m^[[39m
verify	Run pnpm verify	2026-10-06T10:31:10.6011455Z  ^[[32m✓^[[39m apps/ingestion-worker/test/replay-runtime.test.ts ^[[2m(^[[22m^[[2m4 tests^[[22m^[[2m)^[[22m^[[32m 11^[[2mms^[[22m^[[39m
verify	Run pnpm verify	2026-10-06T10:31:11.6331524Z  ^[[32m✓^[[39m apps/cloud-api/test/admin-cus-dev-strict-contract.test.ts ^[[2m(^[[22m^[[2m2 tests^[[22m^[[2m)^[[22m^[[32m 62^[[2mms^[[22m^[[39m
verify	Run pnpm verify	2026-10-06T10:31:11.7885396Z ^[[90mstdout^[[2m | apps/cloud-api/test/admin-cors.test.ts^[[2m > ^[[22m^[[2mactual Lambda entry returns preflight without DB Secret or Cognito configuration
verify	Run pnpm verify	2026-10-06T10:31:11.7887490Z ^[[22m^[[39m{"event":"admin.request.completed","gatewayRequestId":"unknown","gatewayExtendedRequestId":"unknown","lambdaRequestId":"unknown","operationId":"unknown","status":204,"elapsedMs":1}
verify	Run pnpm verify	2026-10-06T10:31:11.7888356Z 
verify	Run pnpm verify	2026-10-06T10:31:11.8010997Z  ^[[32m✓^[[39m apps/cloud-api/test/admin-cors.test.ts ^[[2m(^[[22m^[[2m6 tests^[[22m^[[2m)^[[22m^[[33m 980^[[2mms^[[22m^[[39m
verify	Run pnpm verify	2026-10-06T10:31:11.8047557Z    ^[[33m^[[2m✓^[[22m^[[39m actual Lambda entry returns preflight without DB Secret or Cognito configuration ^[[33m 969^[[2mms^[[22m^[[39m
verify	Run pnpm verify	2026-10-06T10:31:12.0861438Z  ^[[32m✓^[[39m packages/aws-clients/test/cognito-admin.test.ts ^[[2m(^[[22m^[[2m3 tests^[[22m^[[2m)^[[22m^[[32m 31^[[2mms^[[22m^[[39m
verify	Run pnpm verify	2026-10-06T10:31:12.2837690Z  ^[[32m✓^[[39m packages/auth/test/permission-matrix.test.ts ^[[2m(^[[22m^[[2m8 tests^[[22m^[[2m)^[[22m^[[32m 11^[[2mms^[[22m^[[39m
verify	Run pnpm verify	2026-10-06T10:31:12.5274658Z  ^[[32m✓^[[39m packages/observability/test/redaction.test.ts ^[[2m(^[[22m^[[2m8 tests^[[22m^[[2m)^[[22m^[[32m 9^[[2mms^[[22m^[[39m
verify	Run pnpm verify	2026-10-06T10:31:13.9050510Z Bundling asset TestStack/IngestionFn/Code/Stage...
verify	Run pnpm verify	2026-10-06T10:31:14.3331523Z  ^[[32m✓^[[39m apps/cloud-api/test/qa02-device-errors.test.ts ^[[2m(^[[22m^[[2m6 tests^[[22m^[[2m)^[[22m^[[32m 206^[[2mms^[[22m^[[39m
verify	Run pnpm verify	2026-10-06T10:31:14.6317544Z  ^[[32m✓^[[39m apps/cloud-api/test/device-onboarding-lambda.test.ts ^[[2m(^[[22m^[[2m4 tests^[[22m^[[2m)^[[22m^[[32m 9^[[2mms^[[22m^[[39m
verify	Run pnpm verify	2026-10-06T10:31:15.1451156Z  ^[[32m✓^[[39m packages/aws-clients/test/ota-firmware.test.ts ^[[2m(^[[22m^[[2m2 tests^[[22m^[[2m)^[[22m^[[32m 14^[[2mms^[[22m^[[39m
verify	Run pnpm verify	2026-10-06T10:31:15.2086704Z Bundling asset TestStack/ArchiveFn/Code/Stage...
verify	Run pnpm verify	2026-10-06T10:31:15.5669695Z  ^[[32m✓^[[39m packages/aws-clients/test/iot-provisioning-client.test.ts ^[[2m(^[[22m^[[2m2 tests^[[22m^[[2m)^[[22m^[[32m 12^[[2mms^[[22m^[[39m
verify	Run pnpm verify	2026-10-06T10:31:15.5734693Z  ^[[32m✓^[[39m infra/test/qa09-performance.test.ts ^[[2m(^[[22m^[[2m3 tests^[[22m^[[2m)^[[22m^[[33m 23991^[[2mms^[[22m^[[39m
verify	Run pnpm verify	2026-10-06T10:31:15.5738324Z    ^[[33m^[[2m✓^[[22m^[[39m observability and immediate queue synth retain narrow logs and hard DB budgets ^[[33m 23984^[[2mms^[[22m^[[39m
verify	Run pnpm verify	2026-10-06T10:31:15.7938444Z Bundling asset TestStack/OutboxPublisherFn/Code/Stage...
verify	Run pnpm verify	2026-10-06T10:31:16.0751842Z  ^[[32m✓^[[39m apps/ingestion-worker/test/certificate-package-sweeper.test.ts ^[[2m(^[[22m^[[2m4 tests^[[22m^[[2m)^[[22m^[[32m 11^[[2mms^[[22m^[[39m
verify	Run pnpm verify	2026-10-06T10:31:16.7230619Z Bundling asset TestStack/NotificationPublisherFn/Code/Stage...
verify	Run pnpm verify	2026-10-06T10:31:16.8227738Z  ^[[32m✓^[[39m apps/cloud-api/test/device-user-verifier.test.ts ^[[2m(^[[22m^[[2m7 tests^[[22m^[[2m)^[[22m^[[33m 308^[[2mms^[[22m^[[39m
verify	Run pnpm verify	2026-10-06T10:31:16.9553539Z  ^[[32m✓^[[39m apps/cloud-api/test/onboarding-contract-parity.test.ts ^[[2m(^[[22m^[[2m3 tests^[[22m^[[2m)^[[22m^[[32m 7^[[2mms^[[22m^[[39m
verify	Run pnpm verify	2026-10-06T10:31:17.5367463Z  ^[[32m✓^[[39m packages/auth/test/qa06-jwt-security.test.ts ^[[2m(^[[22m^[[2m1 test^[[22m^[[2m)^[[22m^[[32m 118^[[2mms^[[22m^[[39m
verify	Run pnpm verify	2026-10-06T10:31:17.6230629Z Bundling asset TestStack/SummaryFn/Code/Stage...
verify	Run pnpm verify	2026-10-06T10:31:17.9181922Z  ^[[32m✓^[[39m packages/aws-clients/test/kms-data-key-provider.test.ts ^[[2m(^[[22m^[[2m3 tests^[[22m^[[2m)^[[22m^[[32m 10^[[2mms^[[22m^[[39m
verify	Run pnpm verify	2026-10-06T10:31:18.3216342Z  ^[[32m✓^[[39m packages/aws-clients/test/s3-media-url-signer.test.ts ^[[2m(^[[22m^[[2m2 tests^[[22m^[[2m)^[[22m^[[32m 9^[[2mms^[[22m^[[39m
verify	Run pnpm verify	2026-10-06T10:31:18.4950752Z Bundling asset TestStack/ReplayTriggerPublisherFn/Code/Stage...
verify	Run pnpm verify	2026-10-06T10:31:18.5531681Z  ^[[32m✓^[[39m packages/database/test/transaction-observation.test.ts ^[[2m(^[[22m^[[2m5 tests^[[22m^[[2m)^[[22m^[[32m 7^[[2mms^[[22m^[[39m
verify	Run pnpm verify	2026-10-06T10:31:19.4253644Z  ^[[32m✓^[[39m apps/cloud-api/test/admin-onboarding-parity.test.ts ^[[2m(^[[22m^[[2m3 tests^[[22m^[[2m)^[[22m^[[32m 7^[[2mms^[[22m^[[39m
verify	Run pnpm verify	2026-10-06T10:31:19.5160993Z Bundling asset TestStack/ReplayFn/Code/Stage...
verify	Run pnpm verify	2026-10-06T10:31:19.7298907Z  ^[[32m✓^[[39m apps/admin-web/test/onboarding-network-security.test.ts ^[[2m(^[[22m^[[2m2 tests^[[22m^[[2m)^[[22m^[[32m 11^[[2mms^[[22m^[[39m
verify	Run pnpm verify	2026-10-06T10:31:20.5052224Z Bundling asset TestStack/CertPackageSweeperFn/Code/Stage...
verify	Run pnpm verify	2026-10-06T10:31:20.7211814Z  ^[[32m✓^[[39m apps/admin-web/test/app-foundation.test.ts ^[[2m(^[[22m^[[2m3 tests^[[22m^[[2m)^[[22m^[[32m 9^[[2mms^[[22m^[[39m
verify	Run pnpm verify	2026-10-06T10:31:21.3880238Z  ^[[32m✓^[[39m apps/admin-web/test/login-page.test.tsx ^[[2m(^[[22m^[[2m2 tests^[[22m^[[2m)^[[22m^[[33m 2130^[[2mms^[[22m^[[39m
verify	Run pnpm verify	2026-10-06T10:31:21.3899644Z    ^[[33m^[[2m✓^[[22m^[[39m 临时密码登录后突出显示首次登录改密说明与明确提交动作 ^[[33m 1230^[[2mms^[[22m^[[39m
verify	Run pnpm verify	2026-10-06T10:31:21.3901123Z    ^[[33m^[[2m✓^[[22m^[[39m 设置新密码失败时显示具体规则且不暴露身份服务英文错误 ^[[33m 899^[[2mms^[[22m^[[39m
verify	Run pnpm verify	2026-10-06T10:31:21.4570908Z Bundling asset TestStack/OnboardingDeadlineFn/Code/Stage...
verify	Run pnpm verify	2026-10-06T10:31:21.6211620Z  ^[[32m✓^[[39m apps/ingestion-worker/test/archive-drain.test.ts ^[[2m(^[[22m^[[2m3 tests^[[22m^[[2m)^[[22m^[[32m 7^[[2mms^[[22m^[[39m
verify	Run pnpm verify	2026-10-06T10:31:22.0961002Z  ^[[32m✓^[[39m apps/cloud-api/test/retirement-timeout-lambda.test.ts ^[[2m(^[[22m^[[2m2 tests^[[22m^[[2m)^[[22m^[[32m 5^[[2mms^[[22m^[[39m
verify	Run pnpm verify	2026-10-06T10:31:22.3514436Z Bundling asset TestStack/RetirementTimeoutFn/Code/Stage...
verify	Run pnpm verify	2026-10-06T10:31:23.4490862Z Bundling asset TestStack/ActivityExportFn/Code/Stage...
verify	Run pnpm verify	2026-10-06T10:31:24.7080644Z Bundling asset TestStack/EsgExportFn/Code/Stage...
verify	Run pnpm verify	2026-10-06T10:31:24.7472855Z  ^[[32m✓^[[39m apps/admin-web/test/ui-controls.test.tsx ^[[2m(^[[22m^[[2m2 tests^[[22m^[[2m)^[[22m^[[33m 1483^[[2mms^[[22m^[[39m
verify	Run pnpm verify	2026-10-06T10:31:24.7490765Z    ^[[33m^[[2m✓^[[22m^[[39m Library controls preserve native form submission and required validation ^[[33m 1383^[[2mms^[[22m^[[39m
verify	Run pnpm verify	2026-10-06T10:31:25.2026173Z  ^[[32m✓^[[39m infra/test/admin-bootstrap-execution-stack.test.ts ^[[2m(^[[22m^[[2m2 tests^[[22m^[[2m)^[[22m^[[33m 2569^[[2mms^[[22m^[[39m
verify	Run pnpm verify	2026-10-06T10:31:25.2028704Z    ^[[33m^[[2m✓^[[22m^[[39m admin bootstrap execution binds exact source, email and confirmation to one project ^[[33m 2560^[[2mms^[[22m^[[39m
verify	Run pnpm verify	2026-10-06T10:31:25.4177550Z ^[[90mstderr^[[2m | apps/ingestion-worker/test/archive-runtime.test.ts^[[2m > ^[[22m^[[2mArchive SQS runtime^[[2m > ^[[22m^[[2m非法记录与业务拒绝记录进入 partial batch failure，合法记录仍处理
verify	Run pnpm verify	2026-10-06T10:31:25.4200100Z ^[[22m^[[39marchive validation rejected {
verify	Run pnpm verify	2026-10-06T10:31:25.4230447Z   kind: ^[[32m'archive.validation_rejected'^[[39m,
verify	Run pnpm verify	2026-10-06T10:31:25.4250825Z  ^[[32m✓^[[39m apps/ingestion-worker/test/archive-runtime.test.ts ^[[2m(^[[22m^[[2m2 tests^[[22m^[[2m)^[[22m^[[32m 9^[[2mms^[[22m^[[39m
verify	Run pnpm verify	2026-10-06T10:31:25.4300162Z   messageId: ^[[32m'sqs-invalid'^[[39m,
verify	Run pnpm verify	2026-10-06T10:31:25.4340680Z   eventId: ^[[1mnull^[[22m,
verify	Run pnpm verify	2026-10-06T10:31:25.4400767Z   errorPath: ^[[32m'$'^[[39m,
verify	Run pnpm verify	2026-10-06T10:31:25.4449106Z   reason: ^[[32m"Expected property name or '}' in JSON at position 1 (line 1 column 2)"^[[39m,
verify	Run pnpm verify	2026-10-06T10:31:25.4470055Z   rawBody: ^[[32m'{bad-json'^[[39m
verify	Run pnpm verify	2026-10-06T10:31:25.4479952Z }
verify	Run pnpm verify	2026-10-06T10:31:25.4509782Z 
verify	Run pnpm verify	2026-10-06T10:31:25.6813267Z  ^[[32m✓^[[39m packages/auth/test/rate-limit.test.ts ^[[2m(^[[22m^[[2m3 tests^[[22m^[[2m)^[[22m^[[32m 6^[[2mms^[[22m^[[39m
verify	Run pnpm verify	2026-10-06T10:31:25.7391238Z Bundling asset TestStack/CommandPublisherFn/Code/Stage...
verify	Run pnpm verify	2026-10-06T10:31:25.8832738Z  ^[[32m✓^[[39m packages/observability/test/request-correlation.test.ts ^[[2m(^[[22m^[[2m2 tests^[[22m^[[2m)^[[22m^[[32m 7^[[2mms^[[22m^[[39m
verify	Run pnpm verify	2026-10-06T10:31:26.2434929Z  ^[[32m✓^[[39m packages/aws-clients/test/s3-activity-export.test.ts ^[[2m(^[[22m^[[2m1 test^[[22m^[[2m)^[[22m^[[32m 7^[[2mms^[[22m^[[39m
verify	Run pnpm verify	2026-10-06T10:31:26.5170981Z  ^[[32m✓^[[39m apps/admin-web/test/locale-value.test.tsx ^[[2m(^[[22m^[[2m2 tests^[[22m^[[2m)^[[22m^[[32m 64^[[2mms^[[22m^[[39m
verify	Run pnpm verify	2026-10-06T10:31:26.7096148Z Bundling asset TestStack/CommandTimeoutFn/Code/Stage...
verify	Run pnpm verify	2026-10-06T10:31:26.8030914Z  ^[[32m✓^[[39m packages/aws-clients/test/s3-media-object-storage.test.ts ^[[2m(^[[22m^[[2m2 tests^[[22m^[[2m)^[[22m^[[32m 14^[[2mms^[[22m^[[39m
verify	Run pnpm verify	2026-10-06T10:31:27.2632658Z  ^[[32m✓^[[39m packages/auth/test/contract-parity.test.ts ^[[2m(^[[22m^[[2m2 tests^[[22m^[[2m)^[[22m^[[32m 8^[[2mms^[[22m^[[39m
verify	Run pnpm verify	2026-10-06T10:31:27.7370846Z Bundling asset TestStack/OtaDispatcherFn/Code/Stage...
verify	Run pnpm verify	2026-10-06T10:31:27.7737853Z  ^[[32m✓^[[39m packages/aws-clients/test/s3-archive-store.test.ts ^[[2m(^[[22m^[[2m1 test^[[22m^[[2m)^[[22m^[[32m 13^[[2mms^[[22m^[[39m
verify	Run pnpm verify	2026-10-06T10:31:28.1782176Z  ^[[32m✓^[[39m packages/aws-clients/test/database-secret.test.ts ^[[2m(^[[22m^[[2m2 tests^[[22m^[[2m)^[[22m^[[32m 25^[[2mms^[[22m^[[39m
verify	Run pnpm verify	2026-10-06T10:31:28.4893787Z  ^[[32m✓^[[39m infra/test/template-security.test.ts ^[[2m(^[[22m^[[2m4 tests^[[22m^[[2m)^[[22m^[[32m 19^[[2mms^[[22m^[[39m
verify	Run pnpm verify	2026-10-06T10:31:28.9401316Z  ^[[32m✓^[[39m packages/aws-clients/test/topic-parity.test.ts ^[[2m(^[[22m^[[2m1 test^[[22m^[[2m)^[[22m^[[32m 5^[[2mms^[[22m^[[39m
verify	Run pnpm verify	2026-10-06T10:31:29.2025473Z Bundling asset TestStack/OnboardingApiFn/Code/Stage...
verify	Run pnpm verify	2026-10-06T10:31:29.2320758Z  ^[[32m✓^[[39m infra/test/topic-catalog-parity.test.ts ^[[2m(^[[22m^[[2m1 test^[[22m^[[2m)^[[22m^[[32m 5^[[2mms^[[22m^[[39m
verify	Run pnpm verify	2026-10-06T10:31:29.2882500Z  ^[[32m✓^[[39m infra/test/migration-execution-stack.test.ts ^[[2m(^[[22m^[[2m2 tests^[[22m^[[2m)^[[22m^[[33m 2130^[[2mms^[[22m^[[39m
verify	Run pnpm verify	2026-10-06T10:31:29.2887896Z    ^[[33m^[[2m✓^[[22m^[[39m migration execution is exact-version, exact-commit, and project-scoped ^[[33m 2123^[[2mms^[[22m^[[39m
verify	Run pnpm verify	2026-10-06T10:31:29.4812841Z  ^[[32m✓^[[39m apps/cloud-api/test/command-phase-observer.test.ts ^[[2m(^[[22m^[[2m1 test^[[22m^[[2m)^[[22m^[[32m 6^[[2mms^[[22m^[[39m
verify	Run pnpm verify	2026-10-06T10:31:29.5459589Z  ^[[32m✓^[[39m packages/aws-clients/test/iot-data-publisher.test.ts ^[[2m(^[[22m^[[2m1 test^[[22m^[[2m)^[[22m^[[32m 5^[[2mms^[[22m^[[39m
verify	Run pnpm verify	2026-10-06T10:31:29.8616850Z  ^[[32m✓^[[39m packages/aws-clients/test/sqs-archive-sender.test.ts ^[[2m(^[[22m^[[2m1 test^[[22m^[[2m)^[[22m^[[32m 8^[[2mms^[[22m^[[39m
verify	Run pnpm verify	2026-10-06T10:31:29.8778518Z  ^[[32m✓^[[39m apps/cloud-api/test/openapi-response.test.ts ^[[2m(^[[22m^[[2m2 tests^[[22m^[[2m)^[[22m^[[32m 13^[[2mms^[[22m^[[39m
verify	Run pnpm verify	2026-10-06T10:31:30.0793152Z  ^[[32m✓^[[39m apps/admin-web/test/jwt.test.ts ^[[2m(^[[22m^[[2m2 tests^[[22m^[[2m)^[[22m^[[32m 7^[[2mms^[[22m^[[39m
verify	Run pnpm verify	2026-10-06T10:31:30.2589577Z  ^[[32m✓^[[39m packages/database/test/index.test.ts ^[[2m(^[[22m^[[2m4 tests^[[22m^[[2m)^[[22m^[[32m 7^[[2mms^[[22m^[[39m
verify	Run pnpm verify	2026-10-06T10:31:30.3072745Z Bundling asset TestStack/OnboardingProvisioningFn/Code/Stage...
verify	Run pnpm verify	2026-10-06T10:31:30.3751805Z  ^[[32m✓^[[39m packages/aws-clients/test/sqs-json-sender.test.ts ^[[2m(^[[22m^[[2m1 test^[[22m^[[2m)^[[22m^[[32m 11^[[2mms^[[22m^[[39m
verify	Run pnpm verify	2026-10-06T10:31:30.9518888Z  ^[[32m✓^[[39m apps/summary-worker/test/summary-runtime.test.ts ^[[2m(^[[22m^[[2m3 tests^[[22m^[[2m)^[[22m^[[32m 7^[[2mms^[[22m^[[39m
verify	Run pnpm verify	2026-10-06T10:31:31.2951076Z Bundling asset TestStack/DeviceApiFn/Code/Stage...
verify	Run pnpm verify	2026-10-06T10:31:31.3316110Z  ^[[32m✓^[[39m apps/cloud-api/test/index.test.ts ^[[2m(^[[22m^[[2m2 tests^[[22m^[[2m)^[[22m^[[32m 4^[[2mms^[[22m^[[39m
verify	Run pnpm verify	2026-10-06T10:31:31.6101162Z  ^[[32m✓^[[39m apps/summary-worker/test/index.test.ts ^[[2m(^[[22m^[[2m1 test^[[22m^[[2m)^[[22m^[[32m 5^[[2mms^[[22m^[[39m
verify	Run pnpm verify	2026-10-06T10:31:31.7861477Z  ^[[32m✓^[[39m apps/ingestion-worker/test/index.test.ts ^[[2m(^[[22m^[[2m1 test^[[22m^[[2m)^[[22m^[[32m 5^[[2mms^[[22m^[[39m
verify	Run pnpm verify	2026-10-06T10:31:32.2651024Z Bundling asset TestStack/ApiFn/Code/Stage...
verify	Run pnpm verify	2026-10-06T10:31:32.3149834Z  ^[[32m✓^[[39m apps/archive-worker/test/index.test.ts ^[[2m(^[[22m^[[2m1 test^[[22m^[[2m)^[[22m^[[32m 5^[[2mms^[[22m^[[39m
verify	Run pnpm verify	2026-10-06T10:31:32.4964090Z  ^[[32m✓^[[39m packages/observability/test/index.test.ts ^[[2m(^[[22m^[[2m1 test^[[22m^[[2m)^[[22m^[[32m 3^[[2mms^[[22m^[[39m
verify	Run pnpm verify	2026-10-06T10:31:32.9782470Z  ^[[32m✓^[[39m infra/test/index.test.ts ^[[2m(^[[22m^[[2m1 test^[[22m^[[2m)^[[22m^[[32m 3^[[2mms^[[22m^[[39m
verify	Run pnpm verify	2026-10-06T10:31:33.0793325Z  ^[[32m✓^[[39m packages/aws-clients/test/index.test.ts ^[[2m(^[[22m^[[2m1 test^[[22m^[[2m)^[[22m^[[32m 7^[[2mms^[[22m^[[39m
verify	Run pnpm verify	2026-10-06T10:31:33.2066550Z  ^[[32m✓^[[39m packages/domain/test/index.test.ts ^[[2m(^[[22m^[[2m1 test^[[22m^[[2m)^[[22m^[[32m 3^[[2mms^[[22m^[[39m
verify	Run pnpm verify	2026-10-06T10:31:34.8131256Z  ^[[32m✓^[[39m apps/admin-web/test/index.test.ts ^[[2m(^[[22m^[[2m1 test^[[22m^[[2m)^[[22m^[[32m 13^[[2mms^[[22m^[[39m
verify	Run pnpm verify	2026-10-06T10:31:36.2887118Z  ^[[32m✓^[[39m infra/test/iot-rule-envelope.test.ts ^[[2m(^[[22m^[[2m3 tests^[[22m^[[2m)^[[22m^[[32m 7^[[2mms^[[22m^[[39m
verify	Run pnpm verify	2026-10-06T10:31:36.2947997Z 
verify	Run pnpm verify	2026-10-06T10:31:36.2955375Z ^[[2m Test Files ^[[22m ^[[1m^[[32m170 passed^[[39m^[[22m^[[90m (170)^[[39m
verify	Run pnpm verify	2026-10-06T10:31:36.2965281Z ^[[2m      Tests ^[[22m ^[[1m^[[32m1376 passed^[[39m^[[22m^[[90m (1376)^[[39m
verify	Run pnpm verify	2026-10-06T10:31:36.2966407Z ^[[2m   Start at ^[[22m 10:26:05
verify	Run pnpm verify	2026-10-06T10:31:36.2978749Z ^[[2m   Duration ^[[22m 330.55s^[[2m (transform 7.60s, setup 1.31s, import 291.34s, tests 637.55s, environment 21.08s)^[[22m
verify	Run pnpm verify	2026-10-06T10:31:36.2989953Z 
verify	Run pnpm verify	2026-10-06T10:31:36.6626346Z 
verify	Run pnpm verify	2026-10-06T10:31:36.6627715Z > food-digester-platform@0.0.0 test:contracts /home/runner/work/food-digester-platform/food-digester-platform
verify	Run pnpm verify	2026-10-06T10:31:36.6629063Z > pnpm --filter @fdp/contracts test
verify	Run pnpm verify	2026-10-06T10:31:36.6629746Z 
verify	Run pnpm verify	2026-10-06T10:31:36.9656265Z 
verify	Run pnpm verify	2026-10-06T10:31:36.9657559Z > @fdp/contracts@0.0.0 test /home/runner/work/food-digester-platform/food-digester-platform/contracts
verify	Run pnpm verify	2026-10-06T10:31:36.9660358Z > node --import tsx --test mqtt/*.test.ts mqtt/*.test.mjs domain/*.test.ts lifecycle/*.test.ts media/*.test.ts security/*.test.ts rest/*.test.ts iot/*.test.mjs archive/*.test.mjs configuration/*.test.ts settings/*.test.ts
verify	Run pnpm verify	2026-10-06T10:31:37.2313593Z 
verify	Run pnpm verify	2026-10-06T10:31:37.2314830Z ✔ 合法 Manifest fixtures 通过校验 (3.081191ms)
verify	Run pnpm verify	2026-10-06T10:31:37.2345123Z ✔ 非法 Manifest fixtures 被拒绝 (0.85145ms)
verify	Run pnpm verify	2026-10-06T10:31:37.2521190Z ✔ DEC-016 已冻结且策略覆盖全部阻塞任务 (2.011966ms)
verify	Run pnpm verify	2026-10-06T10:31:37.2538327Z ✔ 三类来源使用独立 Envelope 与互斥前缀 (0.388826ms)
verify	Run pnpm verify	2026-10-06T10:31:37.2589090Z ✔ License/OTA 禁止伪装为 MQTT 原文，OTA 记录类型封闭 (0.349022ms)
verify	Run pnpm verify	2026-10-06T10:31:37.2610871Z ✔ 归档 Envelope 判别字段和版本固定 (0.207578ms)
verify	Run pnpm verify	2026-10-06T10:31:37.3241009Z ✔ DEC-018 策略结构有效、已冻结且覆盖全部阻塞任务 (4.811743ms)
verify	Run pnpm verify	2026-10-06T10:31:37.3272436Z ✔ V1 只允许四字段，范围、单位、默认值与冻结值一致 (3.312153ms)
verify	Run pnpm verify	2026-10-06T10:31:37.3300399Z ✔ Admin Configuration 与 Device Sync OpenAPI 逐字段匹配统一策略 (0.58926ms)
verify	Run pnpm verify	2026-10-06T10:31:37.3330550Z ✔ TS 常量与 JSON 策略一致 (0.232334ms)
verify	Run pnpm verify	2026-10-06T10:31:37.4905047Z ✔ 策略 JSON 通过自身 JSON Schema 结构校验 (2.237588ms)
verify	Run pnpm verify	2026-10-06T10:31:37.4943758Z ✔ 负向结构：实时流启用、非法范围/刷新模式与缺失字段被 Schema 拒绝 (0.69107ms)
verify	Run pnpm verify	2026-10-06T10:31:37.4945271Z ✔ x-decision-versions 引用 DEC-009 且版本与决策登记一致；prototype-traceability.yaml 同步 (0.157825ms)
verify	Run pnpm verify	2026-10-06T10:31:37.5019944Z ✔ 冻结值定性规则可执行：仅最新授权 Media、手动刷新、禁实时流 (0.168795ms)
verify	Run pnpm verify	2026-10-06T10:31:37.5021347Z ✔ 策略消费者均为合法任务 ID 且覆盖 DEC-009 阻塞任务 (0.346106ms)
verify	Run pnpm verify	2026-10-06T10:31:37.5036189Z ✔ TS 常量与 camera-interaction-policy.json 完全一致 (0.254606ms)
verify	Run pnpm verify	2026-10-06T10:31:37.5715532Z ✔ 策略 JSON 通过自身 JSON Schema 结构校验 (2.627404ms)
verify	Run pnpm verify	2026-10-06T10:31:37.5726393Z ✔ 负向结构：数据来源篡改与缺失字段被 Schema 拒绝 (0.93768ms)
verify	Run pnpm verify	2026-10-06T10:31:37.5738578Z ✔ x-decision-versions 引用 DEC-008 且版本与决策登记一致；prototype-traceability.yaml 同步 (0.163815ms)
verify	Run pnpm verify	2026-10-06T10:31:37.5778756Z ✔ 冻结值定性规则可执行：封闭类型集合、仅设备上报、禁云端臆测 (0.359912ms)
verify	Run pnpm verify	2026-10-06T10:31:37.5782252Z ✔ 冻结参数可执行：正式名称、阈值和 24 小时过期规则 (0.848224ms)
verify	Run pnpm verify	2026-10-06T10:31:37.5783354Z ✔ 策略消费者均为合法任务 ID 且覆盖 DEC-008 阻塞任务 (0.38008ms)
verify	Run pnpm verify	2026-10-06T10:31:37.5784383Z ✔ TS 常量与 consumables-policy.json 完全一致 (1.059768ms)
verify	Run pnpm verify	2026-10-06T10:31:37.6516236Z ✔ 策略 JSON 通过自身 JSON Schema 结构校验 (2.532387ms)
verify	Run pnpm verify	2026-10-06T10:31:37.6517322Z ✔ 负向结构：联动规则反转与缺失字段被 Schema 拒绝 (1.013142ms)
verify	Run pnpm verify	2026-10-06T10:31:37.6563939Z ✔ x-decision-versions 引用 DEC-007 且版本与决策登记一致；prototype-traceability.yaml 同步 (0.214711ms)
verify	Run pnpm verify	2026-10-06T10:31:37.6581246Z ✔ 冻结值定性规则可执行：职责划分、联动与展示 (0.437597ms)
verify	Run pnpm verify	2026-10-06T10:31:37.6582575Z ✔ 策略消费者均为合法任务 ID 且覆盖 DEC-007 阻塞任务与关联任务 (0.443488ms)
verify	Run pnpm verify	2026-10-06T10:31:37.6583845Z ✔ TS 常量与 contract-license-relation.json 完全一致 (0.337199ms)
verify	Run pnpm verify	2026-10-06T10:31:37.7792067Z ✔ DEC-019 alias 策略已冻结且无待定参数 (1.85856ms)
verify	Run pnpm verify	2026-10-06T10:31:37.7823408Z ✔ TS、JSON 与 Admin Device OpenAPI 使用同一 alias 规则 (0.330287ms)
verify	Run pnpm verify	2026-10-06T10:31:37.8914690Z ✔ 策略 JSON 通过自身 JSON Schema 结构校验 (1.752251ms)
verify	Run pnpm verify	2026-10-06T10:31:37.8940476Z ✔ 负向结构：单字段混用、独立存储"启用"与缺失字段被 Schema 拒绝 (0.952428ms)
verify	Run pnpm verify	2026-10-06T10:31:37.8965000Z ✔ x-decision-versions 引用 DEC-010 且版本与决策登记一致；prototype-traceability.yaml 同步 (0.232484ms)
verify	Run pnpm verify	2026-10-06T10:31:37.8965762Z ✔ 冻结值定性规则可执行：四轴分离、禁单字段混用、派生原则 (0.34813ms)
verify	Run pnpm verify	2026-10-06T10:31:37.8966235Z ✔ 冻结参数可执行：启用由 Active 生命周期和有效 License 派生 (0.201105ms)
verify	Run pnpm verify	2026-10-06T10:31:37.8966708Z ✔ 策略消费者均为合法任务 ID 且覆盖 DEC-010 阻塞任务与关联任务 (0.492198ms)
verify	Run pnpm verify	2026-10-06T10:31:37.8973969Z ✔ TS 常量与 device-status-axes-policy.json 完全一致 (0.269744ms)
verify	Run pnpm verify	2026-10-06T10:31:37.9937390Z ✔ 策略 JSON 通过自身 JSON Schema 结构校验 (2.599463ms)
verify	Run pnpm verify	2026-10-06T10:31:37.9954931Z ✔ 负向结构：设备地域真值与缺失字段被 Schema 拒绝 (0.732889ms)
verify	Run pnpm verify	2026-10-06T10:31:37.9956535Z ✔ x-decision-versions 引用 DEC-011 且版本与决策登记一致；prototype-traceability.yaml 同步 (0.234678ms)
verify	Run pnpm verify	2026-10-06T10:31:37.9967068Z ✔ 冻结值定性规则可执行：层级链、Site 属性、设备仅关联 Site (0.389176ms)
verify	Run pnpm verify	2026-10-06T10:31:37.9971466Z ✔ 策略消费者均为合法任务 ID 且覆盖 DEC-011 阻塞任务 (0.474516ms)
verify	Run pnpm verify	2026-10-06T10:31:37.9981758Z ✔ TS 常量与 geo-model-policy.json 完全一致 (0.400077ms)
verify	Run pnpm verify	2026-10-06T10:31:38.1191086Z ✔ 策略 JSON 通过自身 JSON Schema 结构校验 (4.042046ms)
verify	Run pnpm verify	2026-10-06T10:31:38.1232464Z ✔ 负向结构：AWS 授权、矩阵可编辑与缺失字段被 Schema 拒绝 (0.912533ms)
verify	Run pnpm verify	2026-10-06T10:31:38.1234269Z ✔ x-decision-versions 引用 DEC-012 且版本与决策登记一致；prototype-traceability.yaml 同步 (0.431035ms)
verify	Run pnpm verify	2026-10-06T10:31:38.1260394Z ✔ 冻结值定性规则可执行：封闭映射、界面名、AWS 权限与矩阵规则 (0.572399ms)
verify	Run pnpm verify	2026-10-06T10:31:38.1320527Z ✔ 策略消费者均为合法任务 ID 且覆盖 DEC-012 阻塞任务 (0.394817ms)
verify	Run pnpm verify	2026-10-06T10:31:38.1351512Z ✔ TS 常量与 role-mapping-policy.json 完全一致 (0.296203ms)
verify	Run pnpm verify	2026-10-06T10:31:38.1651022Z ✔ Envelope 必填五个 iot* 上下文字段，Payload 平铺透传 (1.81588ms)
verify	Run pnpm verify	2026-10-06T10:31:38.1660454Z ✔ iotType 枚举与 topic-catalog 上行类型严格一致（8 个） (0.352638ms)
verify	Run pnpm verify	2026-10-06T10:31:38.1663061Z ✔ 所有合法 Fixture 通过校验（含 Payload 内不可信身份字段的样本） (0.860486ms)
verify	Run pnpm verify	2026-10-06T10:31:38.1664041Z ✔ 所有非法 Fixture 被稳定拒绝且错误路径正确 (0.500344ms)
verify	Run pnpm verify	2026-10-06T10:31:38.3470358Z ✔ 矩阵 JSON 通过自身 JSON Schema 结构校验 (3.211796ms)
verify	Run pnpm verify	2026-10-06T10:31:38.3484335Z ✔ 负向结构：缺失必填字段、非法枚举与额外行为键被 Schema 拒绝 (1.716094ms)
verify	Run pnpm verify	2026-10-06T10:31:38.3512791Z ✔ x-decision-versions 引用 DEC-001 且版本与决策登记一致 (0.224649ms)
verify	Run pnpm verify	2026-10-06T10:31:38.3515353Z ✔ 冻结值：独立状态；允许维护、同步、遥测、告警和 OTA (0.320318ms)
verify	Run pnpm verify	2026-10-06T10:31:38.3535339Z ✔ Maintenance Sync 节奏为 15 分钟（Suspended 节奏） (0.328453ms)
verify	Run pnpm verify	2026-10-06T10:31:38.3536378Z ✔ 失败关闭：未知行为拒绝并抛出稳定错误 (0.658689ms)
verify	Run pnpm verify	2026-10-06T10:31:38.3537752Z ✔ 命令策略与 command-catalog 一致：Maintenance 允许集合 == Suspended 允许集合 (0.612183ms)
verify	Run pnpm verify	2026-10-06T10:31:38.3539053Z ✔ 行为条目消费者均为合法任务 ID 且覆盖 DEC-001 阻塞任务 (0.377916ms)
verify	Run pnpm verify	2026-10-06T10:31:38.3540456Z ✔ TS 常量与 maintenance-behavior-matrix.json 完全一致 (0.872188ms)
verify	Run pnpm verify	2026-10-06T10:31:38.4313702Z ✔ DEC-017 策略结构有效、已冻结且覆盖全部阻塞任务 (2.795378ms)
verify	Run pnpm verify	2026-10-06T10:31:38.4356213Z ✔ 24 小时截止从证书包存储开始，截止边界包含在超时内 (0.427278ms)
verify	Run pnpm verify	2026-10-06T10:31:38.4370949Z ✔ 超时处置、迟到 Heartbeat 与重新申请规则失败关闭 (0.210563ms)
verify	Run pnpm verify	2026-10-06T10:31:38.4396446Z ✔ TS 常量与 JSON 策略一致 (0.205213ms)
verify	Run pnpm verify	2026-10-06T10:31:38.4628096Z ✔ 策略 JSON 通过自身 JSON Schema 结构校验 (2.813212ms)
verify	Run pnpm verify	2026-10-06T10:31:38.4641440Z ✔ 负向结构：存储位置篡改、非法处置行为与缺失字段被 Schema 拒绝 (1.228965ms)
verify	Run pnpm verify	2026-10-06T10:31:38.4658123Z ✔ x-decision-versions 引用 DEC-005 且版本与决策登记一致 (0.250828ms)
verify	Run pnpm verify	2026-10-06T10:31:38.4665742Z ✔ 冻结值定性规则可执行：RDS 元数据 / S3 文件分离 (0.341768ms)
verify	Run pnpm verify	2026-10-06T10:31:38.4673488Z ✔ 冻结参数可执行：元数据 365 天、文件 90 天且删除文件保留元数据 (0.281546ms)
verify	Run pnpm verify	2026-10-06T10:31:38.4700581Z ✔ 策略消费者均为合法任务 ID 且覆盖 DEC-005 阻塞任务与关联任务 (0.429441ms)
verify	Run pnpm verify	2026-10-06T10:31:38.4710635Z ✔ TS 常量与 media-retention-policy.json 完全一致 (1.07532ms)
verify	Run pnpm verify	2026-10-06T10:31:38.6831413Z ✔ 策略 JSON 通过自身 JSON Schema 结构校验 (2.844461ms)
verify	Run pnpm verify	2026-10-06T10:31:38.6842694Z ✔ 负向结构：客户端指定 Key、篡改冻结 TTL/配额与缺失字段被 Schema 拒绝 (1.161118ms)
verify	Run pnpm verify	2026-10-06T10:31:38.6856879Z ✔ 锁定规则：mediaTypes 与 CT-03 media.schema.json 枚举一致；客户端不得指定 Key (0.507367ms)
verify	Run pnpm verify	2026-10-06T10:31:38.6859244Z ✔ DEC-024 冻结值可执行且无待定参数 (0.31066ms)
verify	Run pnpm verify	2026-10-06T10:31:38.6895233Z ✔ TS 常量与 media-upload-policy.json 完全一致 (0.483022ms)
verify	Run pnpm verify	2026-10-06T10:31:38.7429564Z ✔ 22 个 Command 全部唯一且覆盖六大分类 (2.506119ms)
verify	Run pnpm verify	2026-10-06T10:31:38.7454228Z ✔ 13 个 Notification 全部唯一且有设备动作映射 (0.465349ms)
verify	Run pnpm verify	2026-10-06T10:31:38.7468874Z ✔ 高风险标记与文档一致（EMERGENCY_STOP/FACTORY_RESET/SHUTDOWN/全部加热、排料、电机控制） (0.396561ms)
verify	Run pnpm verify	2026-10-06T10:31:38.7500553Z ✔ 允许状态矩阵无遗漏：22 命令 × 4 状态 (0.550829ms)
verify	Run pnpm verify	2026-10-06T10:31:38.7518607Z ✔ Suspended 仅允许安全停止、诊断、同步和维护/恢复类命令 (0.269352ms)
verify	Run pnpm verify	2026-10-06T10:31:38.7568775Z ✔ MAINTENANCE 按 Suspended 限制（DEC-001 冻结值） (0.441655ms)
verify	Run pnpm verify	2026-10-06T10:31:38.7578359Z ✔ 未知命令/通知在运行时被拒绝 (0.809622ms)
verify	Run pnpm verify	2026-10-06T10:31:38.7581681Z ✔ denyReason 稳定且允许时返回 null (0.200194ms)
verify	Run pnpm verify	2026-10-06T10:31:38.7583072Z ✔ TS 常量与 command-catalog.json / notification-catalog.json 完全一致 (0.607645ms)
verify	Run pnpm verify	2026-10-06T10:31:38.7584593Z ✔ Schema 枚举与目录一致（cmd/ack command、notification type） (0.660704ms)
verify	Run pnpm verify	2026-10-06T10:31:38.8361083Z ✔ 策略 JSON 通过自身 JSON Schema 结构校验 (3.219891ms)
verify	Run pnpm verify	2026-10-06T10:31:38.8386871Z ✔ 负向结构：非法取值与缺失字段被 Schema 拒绝 (0.97009ms)
verify	Run pnpm verify	2026-10-06T10:31:38.8394843Z ✔ x-decision-versions 引用 DEC-006 且版本与决策登记一致 (0.222786ms)
verify	Run pnpm verify	2026-10-06T10:31:38.8420902Z ✔ 冻结值可执行：V1 下行 seq 可选、上行必填、Command 以 meta.id 幂等 (0.275896ms)
verify	Run pnpm verify	2026-10-06T10:31:38.8450649Z ✔ 策略与 common.schema.json 一致：下行 metaBase 不要求 seq、id 必填；上行 metaSeq 要求 seq (0.343071ms)
verify	Run pnpm verify	2026-10-06T10:31:38.8468735Z ✔ 下行/上行 Schema 的 meta 引用与策略一致 (1.043608ms)
verify	Run pnpm verify	2026-10-06T10:31:38.8470241Z ✔ 策略消费者均为合法任务 ID 且覆盖 DEC-006 阻塞任务 (0.691971ms)
verify	Run pnpm verify	2026-10-06T10:31:38.8471440Z ✔ TS 常量与 downlink-policy.json 完全一致 (0.608566ms)
verify	Run pnpm verify	2026-10-06T10:31:38.9920838Z ✔ DEC-015 策略冻结、可追溯且覆盖全部阻塞任务 (2.170962ms)
verify	Run pnpm verify	2026-10-06T10:31:38.9950344Z ✔ 唯一通道为既有 ACK；Topic 总数和 IoT 权限面不扩大 (0.371333ms)
verify	Run pnpm verify	2026-10-06T10:31:38.9990512Z ✔ ACK 判别字段、关联键和 OTA 状态与冻结策略一致 (0.191607ms)
verify	Run pnpm verify	2026-10-06T10:31:39.0010833Z ✔ 状态机只允许冻结的单向迁移；相同状态幂等 (0.242402ms)
verify	Run pnpm verify	2026-10-06T10:31:39.0040231Z ✔ TS 常量与 JSON 策略完全一致 (0.285813ms)
verify	Run pnpm verify	2026-10-06T10:31:39.0805371Z ✔ DEC-013 策略 JSON 通过自身 Schema 且覆盖登记阻塞任务 (2.871461ms)
verify	Run pnpm verify	2026-10-06T10:31:39.0817836Z ✔ DEC-013 策略关键值被 Schema 锁定，篡改时失败关闭 (0.556599ms)
verify	Run pnpm verify	2026-10-06T10:31:39.0840735Z ✔ DEC-013 策略冻结且无待定参数 (0.291965ms)
verify	Run pnpm verify	2026-10-06T10:31:39.0864159Z ✔ Heartbeat 旧嵌套结构在兼容期转换为正式扁平结构且不修改原对象 (0.81979ms)
verify	Run pnpm verify	2026-10-06T10:31:39.0907333Z ✔ Telemetry motorCurrentAmp 在兼容期转换为 currentAmp；同值并存允许、冲突失败关闭 (1.045822ms)
verify	Run pnpm verify	2026-10-06T10:31:39.0909547Z ✔ 兼容截止边界起拒绝嵌套结构、motorCurrentAmp 与 DISCHARING (0.38621ms)
verify	Run pnpm verify	2026-10-06T10:31:39.0910914Z ✔ RFC 8785 固定向量与 audit.hash 覆盖 {meta,data} (0.781339ms)
verify	Run pnpm verify	2026-10-06T10:31:39.2141267Z ✔ 11 类消息均有 Schema 和 Fixture，且每类 >=1 合法 + >=3 非法 (2.495077ms)
verify	Run pnpm verify	2026-10-06T10:31:39.2170175Z ✔ 所有合法 Fixture 通过校验 (4.800802ms)
verify	Run pnpm verify	2026-10-06T10:31:39.2171356Z ✔ 所有非法 Fixture 被稳定拒绝并返回明确错误路径 (3.623221ms)
verify	Run pnpm verify	2026-10-06T10:31:39.2200309Z ✔ 非法枚举被稳定拒绝且路径明确 (0.301813ms)
verify	Run pnpm verify	2026-10-06T10:31:39.2230396Z ✔ 单位/类型错误被拒绝（integer 不接受小数与字符串） (0.680259ms)
verify	Run pnpm verify	2026-10-06T10:31:39.2260499Z ✔ 缺少必填字段被拒绝（meta.id、上行 seq、Heartbeat 必填 data 字段） (0.700567ms)
verify	Run pnpm verify	2026-10-06T10:31:39.2262486Z ✔ 额外身份字段（customerId/tenantId/deviceId）在各层均被拒绝 (0.665182ms)
verify	Run pnpm verify	2026-10-06T10:31:39.2287730Z ✔ 下行消息 meta.seq 可选（DEC-006），上行强制 (0.363107ms)
verify	Run pnpm verify	2026-10-06T10:31:39.2310646Z ✔ Telemetry/Report/Tamper 强制 audit.hash；Command 禁止 audit（DEC-002） (0.720756ms)
verify	Run pnpm verify	2026-10-06T10:31:39.2322426Z ✔ DEC-013：Audited 合法 Fixture 携带可复算的 RFC 8785 audit.hash (1.670228ms)
verify	Run pnpm verify	2026-10-06T10:31:39.2323734Z ✔ schemaVer 缺省按 1.0 归一化；非法 schemaVer 被拒绝 (0.527334ms)
verify	Run pnpm verify	2026-10-06T10:31:39.2324759Z ✔ meta.id 字符集与长度固定 (0.323924ms)
verify	Run pnpm verify	2026-10-06T10:31:39.2325784Z ✔ payloads.ts 与 Schema 保持一致（生成器新鲜度） (2.11612ms)
verify	Run pnpm verify	2026-10-06T10:31:39.2327492Z ✔ 全部 Schema 的 x-decision-versions 可追溯到决策登记 (3.931021ms)
verify	Run pnpm verify	2026-10-06T10:31:39.3032271Z ✔ Telemetry current (2.283173ms)
verify	Run pnpm verify	2026-10-06T10:31:39.3051134Z ✔ Telemetry past 300s (0.116307ms)
verify	Run pnpm verify	2026-10-06T10:31:39.3056449Z ✔ Telemetry past 301s (0.093945ms)
verify	Run pnpm verify	2026-10-06T10:31:39.3057530Z ✔ Telemetry past 24h inclusive (0.075971ms)
verify	Run pnpm verify	2026-10-06T10:31:39.3058795Z ✔ Telemetry past 24h plus 1ms (0.121737ms)
verify	Run pnpm verify	2026-10-06T10:31:39.3060191Z ✔ Telemetry future 300s inclusive (0.118261ms)
verify	Run pnpm verify	2026-10-06T10:31:39.3061419Z ✔ Telemetry future 300s plus 1ms (0.225331ms)
verify	Run pnpm verify	2026-10-06T10:31:39.3064094Z ✔ other topics retain symmetric 300-second tolerance (0.160079ms)
verify	Run pnpm verify	2026-10-06T10:31:39.3083922Z ✔ configured tolerance affects future bound but cannot enlarge Telemetry history (0.263131ms)
verify	Run pnpm verify	2026-10-06T10:31:39.3099857Z ✔ invalid numeric policy inputs fail closed (0.447145ms)
verify	Run pnpm verify	2026-10-06T10:31:39.4049047Z ✔ Tier 登记 JSON 通过自身 JSON Schema 结构校验 (3.323674ms)
verify	Run pnpm verify	2026-10-06T10:31:39.4121059Z ✔ 负向结构：非法 Tier、未知 Topic 键与缺失字段被 Schema 拒绝 (1.836007ms)
verify	Run pnpm verify	2026-10-06T10:31:39.4150444Z ✔ x-decision-versions 引用 DEC-002 且版本与决策登记一致 (0.226543ms)
verify	Run pnpm verify	2026-10-06T10:31:39.4151644Z ✔ 冻结值：Telemetry/Report/Tamper 为 AUDITED，Command 及其余为 STANDARD (0.532193ms)
verify	Run pnpm verify	2026-10-06T10:31:39.4152762Z ✔ Tier 与 topic-catalog.json 的 payloadEnvelope 完全一致 (0.374019ms)
verify	Run pnpm verify	2026-10-06T10:31:39.4153657Z ✔ Tier 与 11 个 MQTT Schema 的 audit 强制完全一致 (1.002692ms)
verify	Run pnpm verify	2026-10-06T10:31:39.4154403Z ✔ 失败关闭：未知 Topic 拒绝并抛出稳定错误 (0.949503ms)
verify	Run pnpm verify	2026-10-06T10:31:39.4155220Z ✔ Tier 条目消费者均为合法任务 ID 且覆盖 DEC-002 阻塞任务 (0.446043ms)
verify	Run pnpm verify	2026-10-06T10:31:39.4160595Z ✔ 登记覆盖全部 11 个 Topic 且 TS 常量与 topic-tier.json 完全一致 (0.360523ms)
verify	Run pnpm verify	2026-10-06T10:31:39.5898089Z ✔ catalog 恰好包含 8 个上行和 3 个下行 Topic (4.479489ms)
verify	Run pnpm verify	2026-10-06T10:31:39.5913256Z ✔ 11 个 Topic 的方向与 QoS 矩阵全部符合契约 (0.377264ms)
verify	Run pnpm verify	2026-10-06T10:31:39.5917502Z ✔ TS 常量与 topic-catalog.json 完全一致 (1.704122ms)
verify	Run pnpm verify	2026-10-06T10:31:39.5929269Z ✔ 合法 Topic 可解析出 deviceId/type/direction (0.427007ms)
verify	Run pnpm verify	2026-10-06T10:31:39.5941728Z ✔ buildTopic 与 parseTopic 往返一致 (0.488682ms)
verify	Run pnpm verify	2026-10-06T10:31:39.5950228Z ✔ 未知层级和空 deviceId 被拒绝 (1.282684ms)
verify	Run pnpm verify	2026-10-06T10:31:39.5960425Z ✔ buildTopic 拒绝空和非法 deviceId (1.469643ms)
verify	Run pnpm verify	2026-10-06T10:31:39.5975523Z ✔ 权限模板：设备只能发布自身上行、只能订阅自身下行 (0.448227ms)
verify	Run pnpm verify	2026-10-06T10:31:39.6001793Z ✔ 权限模板拒绝非法 deviceId (0.299529ms)
verify	Run pnpm verify	2026-10-06T10:31:39.6302959Z ✔ 六个端点齐备且 CognitoJwt 认证；响应码齐备 (2.484719ms)
verify	Run pnpm verify	2026-10-06T10:31:39.6320553Z ✔ 筛选参数齐备：severity/status/device/site/时间范围 + 游标分页 (0.342891ms)
verify	Run pnpm verify	2026-10-06T10:31:39.6346145Z ✔ Schema 封闭：Alarm 处理字段（操作者/原因/时间）与 replayed 齐备；确认/清除强制 reason (0.298388ms)
verify	Run pnpm verify	2026-10-06T10:31:39.6361810Z ✔ 所有 $ref 可解析（内部引用 + 同目录相对引用 openapi-base.json） (1.443966ms)
verify	Run pnpm verify	2026-10-06T10:31:39.6823368Z ✔ 端点齐备且 CognitoJwt 认证：列表 + 详情 (2.172295ms)
verify	Run pnpm verify	2026-10-06T10:31:39.6824460Z ✔ 只读 API：不存在任何写路由（post/put/patch/delete） (0.285533ms)
verify	Run pnpm verify	2026-10-06T10:31:39.6854215Z ✔ 筛选参数齐备（actor/Customer/对象/动作/结果/时间 + 游标分页）；响应不暴露敏感字段 (0.39098ms)
verify	Run pnpm verify	2026-10-06T10:31:39.6855282Z ✔ 所有 $ref 可解析（内部引用 + openapi-base.json） (0.827184ms)
verify	Run pnpm verify	2026-10-06T10:31:39.8784042Z ✔ 端点存在且 Cognito 认证；轮换请求视图为七字段且不含密钥材料 (2.133523ms)
verify	Run pnpm verify	2026-10-06T10:31:39.8797188Z ✔ 所有 $ref 可解析（内部引用 + 同目录相对引用 openapi-base.json） (0.77187ms)
verify	Run pnpm verify	2026-10-06T10:31:39.9131558Z ✔ 端点齐备且 CognitoJwt 认证；201 创建 + 200 幂等重放 + 409 冲突/状态门 (1.738545ms)
verify	Run pnpm verify	2026-10-06T10:31:39.9149751Z ✔ 命令枚举与 CT-04 目录 22 个白名单一致；确认凭证与 timeoutSec 边界齐备 (0.359682ms)
verify	Run pnpm verify	2026-10-06T10:31:39.9151280Z ✔ 响应 Schema 封闭且含 requestedBy/expiresAt/replayed/confirmedBy (0.156232ms)
verify	Run pnpm verify	2026-10-06T10:31:39.9152765Z ✔ BE-CMD-03 查询端点齐备：列表/详情 + 状态枚举 + attempts/acks 时间线 (0.388947ms)
verify	Run pnpm verify	2026-10-06T10:31:39.9153949Z ✔ 所有 $ref 可解析（内部引用 + 同目录相对引用 openapi-base.json） (1.072522ms)
verify	Run pnpm verify	2026-10-06T10:31:40.0103282Z ✔ 七个端点齐备且 Cognito 认证；operationId 与响应码齐备 (2.026342ms)
verify	Run pnpm verify	2026-10-06T10:31:40.0129924Z ✔ Schema 封闭：DEC-018 冻结 V1 四字段、单位、范围与默认值 (0.541811ms)
verify	Run pnpm verify	2026-10-06T10:31:40.0170339Z ✔ 所有 $ref 可解析（内部引用 + 同目录相对引用 openapi-base.json） (1.291531ms)
verify	Run pnpm verify	2026-10-06T10:31:40.1362646Z ✔ 列表与按需联系人端点齐备且 Cognito 认证；筛选参数齐备 (2.178838ms)
verify	Run pnpm verify	2026-10-06T10:31:40.1381535Z ✔ Schema 封闭：两种耗材列恒在；列表零联系人 PII；按需联系人独立；百分比 0~100 (0.536381ms)
verify	Run pnpm verify	2026-10-06T10:31:40.1431112Z ✔ 所有 $ref 可解析（内部引用 + 同目录相对引用 openapi-base.json） (1.027428ms)
verify	Run pnpm verify	2026-10-06T10:31:40.1903220Z ✔ 六个端点齐备且 Cognito 认证；状态迁移强制 If-Match (2.397926ms)
verify	Run pnpm verify	2026-10-06T10:31:40.1914217Z ✔ Schema 封闭：四态枚举/source 固定 ADMIN/幂等 replayed/完整历史字段 (0.318124ms)
verify	Run pnpm verify	2026-10-06T10:31:40.1951065Z ✔ 所有 $ref 可解析（内部引用 + 同目录相对引用 openapi-base.json） (2.552626ms)
verify	Run pnpm verify	2026-10-06T10:31:40.3219046Z ✔ 八个端点齐备且 Cognito 认证；写操作强制 If-Match (2.684231ms)
verify	Run pnpm verify	2026-10-06T10:31:40.3250735Z ✔ Schema 封闭：五态枚举/唯一编号/强制原因/派生状态/最小权限 contact (0.35385ms)
verify	Run pnpm verify	2026-10-06T10:31:40.3280596Z ✔ 所有 $ref 可解析（内部引用 + 同目录相对引用 openapi-base.json） (2.755824ms)
verify	Run pnpm verify	2026-10-06T10:31:40.4526296Z ✔ 五个端点齐备且 Cognito 认证；operationId 与响应码齐备 (2.240573ms)
verify	Run pnpm verify	2026-10-06T10:31:40.4527237Z ✔ Schema 封闭：设备视图字段齐备/关联窗口/强制原因/批量语义 (0.325788ms)
verify	Run pnpm verify	2026-10-06T10:31:40.4528167Z ✔ 所有 $ref 可解析（内部引用 + 同目录相对引用 openapi-base.json） (3.250087ms)
verify	Run pnpm verify	2026-10-06T10:31:40.5057760Z ✔ 六端点齐备且 Cognito 认证；写操作声明 If-Match；响应码齐备 (5.722833ms)
verify	Run pnpm verify	2026-10-06T10:31:40.5075820Z ✔ Customer 视图六字段封闭；status 枚举 ACTIVE|SUSPENDED；请求体封闭 (1.608783ms)
verify	Run pnpm verify	2026-10-06T10:31:40.5091736Z ✔ 所有 $ref 可解析（内部引用 + 同目录相对引用 openapi-base.json） (6.622633ms)
verify	Run pnpm verify	2026-10-06T10:31:40.6185826Z ✔ 端点齐备且 CognitoJwt 认证：仅 GET 总览（只读，无写路由） (1.965128ms)
verify	Run pnpm verify	2026-10-06T10:31:40.6206847Z ✔ 总览 DTO 齐备：Contract/设备分布/在线率/今日 ESG/最新告警/设备卡片；四轴分离不合并 (0.63245ms)
verify	Run pnpm verify	2026-10-06T10:31:40.6208199Z ✔ 所有 $ref 可解析（内部引用 + openapi-base.json） (2.253998ms)
verify	Run pnpm verify	2026-10-06T10:31:40.7521072Z ✔ 列表/详情端点存在且 Cognito 认证；筛选参数齐备；响应码齐备 (2.066839ms)
verify	Run pnpm verify	2026-10-06T10:31:40.7550655Z ✔ Device 视图字段封闭（原型设备群表格字段均有来源）；证书仅摘要 (0.441855ms)
verify	Run pnpm verify	2026-10-06T10:31:40.7555212Z ✔ BE-DEV-06 元数据 PATCH 端点：白名单仅 alias + If-Match 乐观锁 + 409 冲突语义 (0.308486ms)
verify	Run pnpm verify	2026-10-06T10:31:40.7581641Z ✔ 所有 $ref 可解析（内部引用 + 同目录相对引用 openapi-base.json） (1.033309ms)
verify	Run pnpm verify	2026-10-06T10:31:40.8057798Z ✔ 分配/历史端点齐备且 Cognito 认证；响应码齐备 (2.159331ms)
verify	Run pnpm verify	2026-10-06T10:31:40.8074656Z ✔ DeviceAssignment 视图封闭：授权窗口（assignedAt/endedAt）+ 幂等/通知字段齐备 (0.509891ms)
verify	Run pnpm verify	2026-10-06T10:31:40.8111097Z ✔ 所有 $ref 可解析（内部引用 + 同目录相对引用 openapi-base.json） (1.090626ms)
verify	Run pnpm verify	2026-10-06T10:31:40.9245521Z ✔ 端点齐备且 CognitoJwt 认证：console/activities/export/导出详情 (2.219974ms)
verify	Run pnpm verify	2026-10-06T10:31:40.9317058Z ✔ 四轴分离 + 数据块 observedAt/stale/单位；最新 Media 可选块稳定可空 (0.346667ms)
verify	Run pnpm verify	2026-10-06T10:31:40.9341329Z ✔ 不透传 MQTT 原始消息、不含实时流/运维字段；所有 $ref 可解析 (1.318852ms)
verify	Run pnpm verify	2026-10-06T10:31:41.0714661Z ✔ retire/force-complete 端点齐备且 Cognito 认证；响应码齐备 (2.952051ms)
verify	Run pnpm verify	2026-10-06T10:31:41.0741883Z ✔ 请求体封闭：retire 强制原因 + confirm 恒 true；视图封闭且通知枚举正确 (0.389497ms)
verify	Run pnpm verify	2026-10-06T10:31:41.0787957Z ✔ 所有 $ref 可解析（内部引用 + 同目录相对引用 openapi-base.json） (2.220745ms)
verify	Run pnpm verify	2026-10-06T10:31:41.1035788Z ✔ suspend/reactivate 端点齐备且 Cognito 认证；响应码齐备 (3.34793ms)
verify	Run pnpm verify	2026-10-06T10:31:41.1047833Z ✔ 请求体封闭：挂起强制原因；恢复强制原因 + issueResolved 恒 true；通知枚举正确 (0.252772ms)
verify	Run pnpm verify	2026-10-06T10:31:41.1062700Z ✔ 所有 $ref 可解析（内部引用 + 同目录相对引用 openapi-base.json） (0.687844ms)
verify	Run pnpm verify	2026-10-06T10:31:41.2322434Z ✔ 七个端点齐备且 Cognito 认证；写操作强制 If-Match (3.646507ms)
verify	Run pnpm verify	2026-10-06T10:31:41.2360500Z ✔ Schema 封闭：管理 DTO 无 PHC；写接口只受控接收 writeOnly password (0.428831ms)
verify	Run pnpm verify	2026-10-06T10:31:41.2428522Z ✔ 所有 $ref 可解析（内部引用 + 同目录相对引用 openapi-base.json） (3.18609ms)
verify	Run pnpm verify	2026-10-06T10:31:41.3371742Z ✔ 八个端点齐备且 CognitoJwt 认证；导出创建返回 202 (1.668054ms)
verify	Run pnpm verify	2026-10-06T10:31:41.3380793Z ✔ 查询筛选参数齐备（customerId/siteId/deviceId/时间范围 + 游标）；reports 含 reportType (0.263562ms)
verify	Run pnpm verify	2026-10-06T10:31:41.3392666Z ✔ Schema 封闭：导出数据集枚举、短期 URL 过期字段、CSV 一致性字段 (0.263412ms)
verify	Run pnpm verify	2026-10-06T10:31:41.3400215Z ✔ 所有 $ref 可解析（内部引用 + 同目录相对引用 openapi-base.json） (1.300418ms)
verify	Run pnpm verify	2026-10-06T10:31:41.4011010Z ✔ 八个端点齐备且 Cognito 认证；operationId 与响应码齐备 (2.704919ms)
verify	Run pnpm verify	2026-10-06T10:31:41.4036303Z ✔ Schema 封闭：七态枚举/Entitlement 三码/签名字段/强制原因/幂等与派生字段 (0.376072ms)
verify	Run pnpm verify	2026-10-06T10:31:41.4062008Z ✔ 所有 $ref 可解析（内部引用 + 同目录相对引用 openapi-base.json） (2.775852ms)
verify	Run pnpm verify	2026-10-06T10:31:41.5657461Z ✔ 四个审批端点存在且使用 Cognito JWT 认证 (2.039027ms)
verify	Run pnpm verify	2026-10-06T10:31:41.5684191Z ✔ approve/reject 强制 If-Match；reject 强制 reason (0.654873ms)
verify	Run pnpm verify	2026-10-06T10:31:41.5700581Z ✔ 申请 DTO 不含 CSR 原文 (0.204151ms)
verify	Run pnpm verify	2026-10-06T10:31:41.5701995Z ✔ 管理端明确暴露内部 TIMED_OUT，列表状态过滤为封闭枚举 (0.267239ms)
verify	Run pnpm verify	2026-10-06T10:31:41.5703168Z ✔ 所有 $ref 可解析（内部引用 + 同目录相对引用 openapi-base.json） (1.07664ms)
verify	Run pnpm verify	2026-10-06T10:31:41.6355182Z ✔ 端点齐备且 CognitoJwt 认证：创建/列表/详情/targets/扩大批次/pause/resume/cancel/retry (3.570195ms)
verify	Run pnpm verify	2026-10-06T10:31:41.6393831Z ✔ 首批强制恰好 1 台；最终全量审批契约封闭；状态机枚举封闭 (0.277188ms)
verify	Run pnpm verify	2026-10-06T10:31:41.6395837Z ✔ 视图封闭且不泄露内部字段；批次/重试结果结构稳定 (0.228316ms)
verify	Run pnpm verify	2026-10-06T10:31:41.6423690Z ✔ 所有 $ref 可解析（内部引用 + 同目录相对引用 openapi-base.json） (2.620431ms)
verify	Run pnpm verify	2026-10-06T10:31:41.6851151Z ✔ 端点齐备且 CognitoJwt 认证：上传会话/complete/列表/详情 (2.138051ms)
verify	Run pnpm verify	2026-10-06T10:31:41.6880558Z ✔ packageType/sha256 与 CT-03 OTA Schema 一致；创建字段封闭且签名必填 (0.221203ms)
verify	Run pnpm verify	2026-10-06T10:31:41.6913012Z ✔ 状态机封闭：UPLOADED/VERIFIED/RETIRED；可发布=VERIFIED；视图不泄露信任根 (0.512767ms)
verify	Run pnpm verify	2026-10-06T10:31:41.6914676Z ✔ 所有 $ref 可解析（内部引用 + 同目录相对引用 openapi-base.json） (1.066361ms)
verify	Run pnpm verify	2026-10-06T10:31:41.8743819Z ✔ 端点存在且 Cognito 认证；三端点（create/list/detail）响应码齐备 (2.210447ms)
verify	Run pnpm verify	2026-10-06T10:31:41.8751965Z ✔ ReplayJob 视图七字段封闭；状态枚举与统计字段齐备；scope 封闭 (0.321881ms)
verify	Run pnpm verify	2026-10-06T10:31:41.8765132Z ✔ 所有 $ref 可解析（内部引用 + 同目录相对引用 openapi-base.json） (0.974349ms)
verify	Run pnpm verify	2026-10-06T10:31:41.9210269Z ✔ 端点齐备且 CognitoJwt 认证：列表/读取/更新（无删除与新建路由） (2.079943ms)
verify	Run pnpm verify	2026-10-06T10:31:41.9228798Z ✔ 封闭 key 集与乐观锁版本控制；固定枚举不可经 API 改写 (0.341207ms)
verify	Run pnpm verify	2026-10-06T10:31:41.9273265Z ✔ 所有 $ref 可解析（内部引用 + openapi-base.json） (0.844035ms)
verify	Run pnpm verify	2026-10-06T10:31:41.9883318Z ✔ 六端点齐备且 Cognito 认证；写操作声明 If-Match；响应码齐备 (2.231506ms)
verify	Run pnpm verify	2026-10-06T10:31:41.9900944Z ✔ Site 视图字段封闭（含 deviceCount/version）；status 枚举；请求体封闭且更新体不含 customerId (0.286905ms)
verify	Run pnpm verify	2026-10-06T10:31:41.9930528Z ✔ 所有 $ref 可解析（内部引用 + 同目录相对引用 openapi-base.json） (1.113749ms)
verify	Run pnpm verify	2026-10-06T10:31:42.1456369Z ✔ 端点齐备且 CognitoJwt 认证：列表/邀请/角色/scope/停用/密码重置 (2.156315ms)
verify	Run pnpm verify	2026-10-06T10:31:42.1485359Z ✔ 角色封闭集与 DEC-012 映射；输入不含密码字段；响应不含凭证材料 (0.351115ms)
verify	Run pnpm verify	2026-10-06T10:31:42.1486961Z ✔ 所有 $ref 可解析（内部引用 + openapi-base.json） (1.151019ms)
verify	Run pnpm verify	2026-10-06T10:31:42.2400356Z ✔ 端点存在且使用 Device mTLS 认证 (1.463602ms)
verify	Run pnpm verify	2026-10-06T10:31:42.2440654Z ✔ 轮换契约：请求强制 currentCertificateId；响应五字段；409/403/400/401 齐整 (0.240439ms)
verify	Run pnpm verify	2026-10-06T10:31:42.2470112Z ✔ 状态契约为四态枚举且响应不含 PEM/私钥字段 (0.167323ms)
verify	Run pnpm verify	2026-10-06T10:31:42.2471001Z ✔ 状态查询由 mTLS 身份定位证书，不增加源稿未定义的 deviceId Query (0.124853ms)
verify	Run pnpm verify	2026-10-06T10:31:42.2499563Z ✔ 所有 $ref 可解析（内部引用 + 同目录相对引用 openapi-base.json） (0.643822ms)
verify	Run pnpm verify	2026-10-06T10:31:42.3088233Z ✔ deactivate 端点齐备且 DeviceMtls 认证；响应码齐备 (1.609948ms)
verify	Run pnpm verify	2026-10-06T10:31:42.3110558Z ✔ 响应视图封闭：退役记录 + 证书摘要（无证书材料字段）；幂等字段齐备 (0.409635ms)
verify	Run pnpm verify	2026-10-06T10:31:42.3120272Z ✔ 所有 $ref 可解析（内部引用 + 同目录相对引用 openapi-base.json） (0.665041ms)
verify	Run pnpm verify	2026-10-06T10:31:42.4400906Z ✔ BE-ONB-01 端点存在且 CSR 首次申请无需预置 Token (2.029158ms)
verify	Run pnpm verify	2026-10-06T10:31:42.4432188Z ✔ 请求体包含设备资料和必填 CSR (0.29987ms)
verify	Run pnpm verify	2026-10-06T10:31:42.4433585Z ✔ 成功响应含 requestId 与 PENDING 状态（200 幂等重放 / 201 新建） (0.242573ms)
verify	Run pnpm verify	2026-10-06T10:31:42.4460471Z ✔ 匿名申请负向响应覆盖稳定错误码语义：400/404/409/429/500 (0.240128ms)
verify	Run pnpm verify	2026-10-06T10:31:42.4491292Z ✔ 所有 $ref 可解析（内部引用 + 同目录相对引用 openapi-base.json） (0.860577ms)
verify	Run pnpm verify	2026-10-06T10:31:42.4503160Z ✔ BE-ONB-03 status 端点：requestId 与 CSR 私钥签名，三态响应不含设备私钥 (0.329214ms)
verify	Run pnpm verify	2026-10-06T10:31:42.5534045Z ✔ BE-OTA-03 下载兑换必须使用 Device mTLS 且绑定 target/token (1.699423ms)
verify	Run pnpm verify	2026-10-06T10:31:42.5551714Z ✔ 一次性兑换响应禁止缓存，并封闭安全失败状态 (0.335626ms)
verify	Run pnpm verify	2026-10-06T10:31:42.6303668Z ✔ 六个设备 Endpoint 的 Method、Path 完整且认证方式符合 DEC-025 (2.381596ms)
verify	Run pnpm verify	2026-10-06T10:31:42.6321833Z ✔ Onboarding 按 DEC-026 增加 chain 与 REST，保留顶层结构，不使用 data/meta 包裹 (0.336037ms)
verify	Run pnpm verify	2026-10-06T10:31:42.6343289Z ✔ Certificate 与 Sync 关键字段遵循源稿日期、枚举、用户和配置结构 (0.308385ms)
verify	Run pnpm verify	2026-10-06T10:31:42.6344704Z ✔ 管理端 License/Device 投影不把源稿 OTA entitlement 改名为 OTA_UPDATE (0.202869ms)
verify	Run pnpm verify	2026-10-06T10:31:42.6346098Z ✔ 所有 REST OpenAPI 使用当前正式决策登记版本且无非法 SEC 决策引用 (25.015602ms)
verify	Run pnpm verify	2026-10-06T10:31:42.7474253Z ✔ sync 端点齐备且 DeviceMtls 认证；响应码齐备 (2.161696ms)
verify	Run pnpm verify	2026-10-06T10:31:42.7492344Z ✔ 请求体封闭：lastSyncTime 与可选许可证确认 (0.197869ms)
verify	Run pnpm verify	2026-10-06T10:31:42.7510547Z ✔ 快照顶层与源稿六域同形，兼容元数据不成为必填线协议 (0.539908ms)
verify	Run pnpm verify	2026-10-06T10:31:42.7525115Z ✔ Retired 退役确认待处理设备仍可 Sync，契约不在认证层全局拒绝 (0.277258ms)
verify	Run pnpm verify	2026-10-06T10:31:42.7526343Z ✔ 所有 $ref 可解析（内部引用 + 同目录相对引用 openapi-base.json） (0.896584ms)
verify	Run pnpm verify	2026-10-06T10:31:42.7527515Z ✔ 许可证确认绑定版本与快照，规范验签输入保留完整UTC时间 (0.277959ms)
verify	Run pnpm verify	2026-10-06T10:31:42.8682317Z ✔ 基座 SuccessResponse 结构：data + meta(requestId, UTC timestamp) (2.691574ms)
verify	Run pnpm verify	2026-10-06T10:31:42.8722445Z ✔ 游标分页响应与往返解析 (0.444479ms)
verify	Run pnpm verify	2026-10-06T10:31:42.8765888Z ✔ 非法游标返回 CURSOR_INVALID（400） (0.686141ms)
verify	Run pnpm verify	2026-10-06T10:31:42.8811179Z ✔ limit 归一化：默认 50，范围 1~100 (0.317162ms)
verify	Run pnpm verify	2026-10-06T10:31:42.8820562Z ✔ Idempotency-Key：缺失/非法被拒绝，合法值透传 (0.351807ms)
verify	Run pnpm verify	2026-10-06T10:31:42.8850389Z ✔ If-Match 并发版本冲突返回确定的 409 (1.035804ms)
verify	Run pnpm verify	2026-10-06T10:31:42.8903037Z ✔ 验证失败有确定响应（400 + VALIDATION_FAILED） (0.281365ms)
verify	Run pnpm verify	2026-10-06T10:31:42.8911439Z ✔ 异常映射器不泄露堆栈、SQL 或 AWS 内部错误 (0.241771ms)
verify	Run pnpm verify	2026-10-06T10:31:42.8912792Z ✔ 错误码目录、HTTP 状态映射与 OpenAPI ErrorCode 枚举三者一致 (0.354972ms)
verify	Run pnpm verify	2026-10-06T10:31:42.8914346Z ✔ OpenAPI 基座结构有效：四个 API 分组与安全方案 (0.350134ms)
verify	Run pnpm verify	2026-10-06T10:31:42.8915498Z ✔ OpenAPI 基座所有内部 $ref 均可解析（无悬空引用） (0.555618ms)
verify	Run pnpm verify	2026-10-06T10:31:42.9431355Z ✔ 设备端：上传会话端点齐备且 DeviceMtls 认证；输入封闭；objectPath 由服务端签发 (2.07831ms)
verify	Run pnpm verify	2026-10-06T10:31:42.9456244Z ✔ 管理端：列表/下载端点齐备且 CognitoJwt 认证；视图不泄露内部存储信息 (0.45553ms)
verify	Run pnpm verify	2026-10-06T10:31:42.9459857Z ✔ Media 状态枚举封闭（AVAILABLE/DELETED）；配额/大小/TTL 引用 DEC-024 冻结值 (0.32716ms)
verify	Run pnpm verify	2026-10-06T10:31:42.9490758Z ✔ 所有 $ref 可解析（内部引用 + openapi-base.json） (1.061432ms)
verify	Run pnpm verify	2026-10-06T10:31:43.1104661Z ✔ 策略 JSON 通过自身 JSON Schema 结构校验 (1.865984ms)
verify	Run pnpm verify	2026-10-06T10:31:43.1131168Z ✔ 负向结构：非法枚举、非空待冻结参数与缺失字段被 Schema 拒绝 (1.473461ms)
verify	Run pnpm verify	2026-10-06T10:31:43.1136779Z ✔ x-decision-versions 引用 DEC-003 且版本与决策登记一致 (0.205965ms)
verify	Run pnpm verify	2026-10-06T10:31:43.1137889Z ✔ 暂定值定性规则可执行：KMS 信封、一次性领取、成功即销毁、丢失重签 (0.244396ms)
verify	Run pnpm verify	2026-10-06T10:31:43.1138908Z ✔ 冻结参数可直接执行：24 小时、一次成功领取、无待定参数 (0.28383ms)
verify	Run pnpm verify	2026-10-06T10:31:43.1140257Z ✔ 策略消费者均为合法任务 ID 且覆盖 DEC-003 阻塞任务与 SEC-01 (0.348842ms)
verify	Run pnpm verify	2026-10-06T10:31:43.1141441Z ✔ TS 常量与 certificate-package-policy.json 完全一致 (0.433449ms)
verify	Run pnpm verify	2026-10-06T10:31:43.2181343Z ✔ 策略 JSON 通过自身 JSON Schema 结构校验 (2.434595ms)
verify	Run pnpm verify	2026-10-06T10:31:43.2210490Z ✔ 负向结构：复用云端 Hash、非独立 salt 与非法字段被 Schema 拒绝 (1.28568ms)
verify	Run pnpm verify	2026-10-06T10:31:43.2236961Z ✔ x-decision-versions 引用 DEC-004 且版本与决策登记一致 (0.261678ms)
verify	Run pnpm verify	2026-10-06T10:31:43.2263789Z ✔ 暂定值定性规则可执行：设备本地专用、禁复用云端 Hash、每用户 salt、仅 Sync 下发 (0.368007ms)
verify	Run pnpm verify	2026-10-06T10:31:43.2285396Z ✔ 冻结参数可直接执行：Argon2id PHC、固定参数与长度 (0.427297ms)
verify	Run pnpm verify	2026-10-06T10:31:43.2297243Z ✔ 策略消费者均为合法任务 ID 且覆盖 DEC-004 阻塞任务 (0.358249ms)
verify	Run pnpm verify	2026-10-06T10:31:43.2299054Z ✔ TS 常量与 device-user-verifier-policy.json 完全一致 (0.510994ms)
verify	Run pnpm verify	2026-10-06T10:31:43.2548956Z ✔ 策略 JSON 通过自身 JSON Schema 结构校验 (2.589224ms)
verify	Run pnpm verify	2026-10-06T10:31:43.2550443Z ✔ 负向结构：跳过服务端验签、非失败关闭与内嵌信任根被 Schema 拒绝 (1.443766ms)
verify	Run pnpm verify	2026-10-06T10:31:43.2551396Z ✔ 暂定值定性规则可执行：服务端验签强制、失败关闭、载荷字段锁定、信任根带外分发 (0.373407ms)
verify	Run pnpm verify	2026-10-06T10:31:43.2552198Z ✔ DEC-022 冻结算法、信任根类型、编码且无待定参数 (0.261569ms)
verify	Run pnpm verify	2026-10-06T10:31:43.2552961Z ✔ DEC-022 固定 RSA/SHA-256 测试向量可复验 (1.840436ms)
verify	Run pnpm verify	2026-10-06T10:31:43.2554251Z ✔ 策略消费者均为合法任务 ID 且覆盖 BE-OTA-01 (0.332812ms)
verify	Run pnpm verify	2026-10-06T10:31:43.2555283Z ✔ TS 常量与 ota-package-signature-policy.json 完全一致 (0.389858ms)
verify	Run pnpm verify	2026-10-06T10:31:43.4982495Z ✔ 四类业务设置共享版本化 JSON Schema 与运行时校验器 (79.689816ms)
verify	Run pnpm verify	2026-10-06T10:31:43.5251356Z ℹ tests 302
verify	Run pnpm verify	2026-10-06T10:31:43.5252273Z ℹ suites 0
verify	Run pnpm verify	2026-10-06T10:31:43.5252826Z ℹ pass 302
verify	Run pnpm verify	2026-10-06T10:31:43.5253195Z ℹ fail 0
verify	Run pnpm verify	2026-10-06T10:31:43.5253548Z ℹ cancelled 0
verify	Run pnpm verify	2026-10-06T10:31:43.5253833Z ℹ skipped 0
verify	Run pnpm verify	2026-10-06T10:31:43.5254050Z ℹ todo 0
verify	Run pnpm verify	2026-10-06T10:31:43.5254351Z ℹ duration_ms 6530.348473
verify	Run pnpm verify	2026-10-06T10:31:43.8349258Z 
verify	Run pnpm verify	2026-10-06T10:31:43.8351036Z > food-digester-platform@0.0.0 test:scripts /home/runner/work/food-digester-platform/food-digester-platform
verify	Run pnpm verify	2026-10-06T10:31:43.8352470Z > node --import tsx --test scripts/*.test.mjs
verify	Run pnpm verify	2026-10-06T10:31:43.8353047Z 
verify	Run pnpm verify	2026-10-06T10:31:48.9297641Z ✔ bootstrap input is bound to the normalized email and never accepts a password (2.719717ms)
verify	Run pnpm verify	2026-10-06T10:31:48.9327217Z ✔ successful bootstrap creates Cognito identity before committing linked database user (0.861749ms)
verify	Run pnpm verify	2026-10-06T10:31:48.9331285Z ✔ non-pristine Cognito or database fails before any mutation (0.811174ms)
verify	Run pnpm verify	2026-10-06T10:31:48.9332880Z ✔ database failure deletes Cognito identity and records compensated failure (0.780838ms)
verify	Run pnpm verify	2026-10-06T10:31:48.9334461Z ✔ failed Cognito compensation keeps reconciliation required (0.661575ms)
verify	Run pnpm verify	2026-10-06T10:31:48.9336048Z ✔ source approval requires exact SHA and packager embeds committed SHA (4838.198222ms)
verify	Run pnpm verify	2026-10-06T10:31:48.9337731Z ✔ runner without approved source fails closed without leaking configuration (35.758545ms)
verify	Run pnpm verify	2026-10-06T10:31:48.9661893Z ✔ serial and parallel repeated browser receipts are validated (8.628578ms)
verify	Run pnpm verify	2026-10-06T10:31:48.9690566Z ✔ fail closed: missing required flow (0.609708ms)
verify	Run pnpm verify	2026-10-06T10:31:48.9691690Z ✔ fail closed: skipped execution (1.546807ms)
verify	Run pnpm verify	2026-10-06T10:31:48.9712433Z ✔ fail closed: flaky execution (0.338272ms)
verify	Run pnpm verify	2026-10-06T10:31:48.9715111Z ✔ fail closed: retry hides failure (0.406298ms)
verify	Run pnpm verify	2026-10-06T10:31:48.9716224Z ✔ fail closed: unexpected error (0.367987ms)
verify	Run pnpm verify	2026-10-06T10:31:48.9717218Z ✔ fail closed: missing isolated trace (0.372244ms)
verify	Run pnpm verify	2026-10-06T10:31:48.9718205Z ✔ fail closed: data prefix reused (1.998961ms)
verify	Run pnpm verify	2026-10-06T10:31:48.9719169Z ✔ fail closed: context cleanup failed (0.45514ms)
verify	Run pnpm verify	2026-10-06T10:31:48.9720611Z ✔ fail closed: unmocked network request (0.539958ms)
verify	Run pnpm verify	2026-10-06T10:31:48.9721604Z ✔ fail closed: missing role proof (0.719363ms)
verify	Run pnpm verify	2026-10-06T10:31:48.9722496Z ✔ fail closed: wrong route permission (0.718352ms)
verify	Run pnpm verify	2026-10-06T10:31:48.9723451Z ✔ fail closed: Auditor OTA write enabled (0.67489ms)
verify	Run pnpm verify	2026-10-06T10:31:48.9724346Z ✔ fail closed: missing MFA assertion (2.594213ms)
verify	Run pnpm verify	2026-10-06T10:31:48.9725255Z ✔ fail closed: missing conflict response (0.62689ms)
verify	Run pnpm verify	2026-10-06T10:31:48.9726219Z ✔ fail closed: missing forbidden response (1.574699ms)
verify	Run pnpm verify	2026-10-06T10:31:48.9727103Z ✔ fail closed: missing repeat (0.343131ms)
verify	Run pnpm verify	2026-10-06T10:31:48.9728108Z ✔ repeat traces cannot duplicate the first execution (0.724325ms)
verify	Run pnpm verify	2026-10-06T10:31:48.9730200Z ✔ manifest exactly matches independent Playwright discovery (1528.399817ms)
verify	Run pnpm verify	2026-10-06T10:31:48.9731327Z ✔ discovery fails closed: missing case (0.772582ms)
verify	Run pnpm verify	2026-10-06T10:31:48.9732241Z ✔ discovery fails closed: extra case (0.373066ms)
verify	Run pnpm verify	2026-10-06T10:31:48.9733357Z ✔ discovery fails closed: duplicate replacing required case (0.371573ms)
verify	Run pnpm verify	2026-10-06T10:31:48.9788559Z ✔ old Viewer permission cannot pass the updated matrix (0.81432ms)
verify	Run pnpm verify	2026-10-06T10:31:48.9790458Z ✔ required behavioral proof cannot be missing: QA-09 设备管理长别名和序列号在375px完整换行且不裁切 (2.732602ms)
verify	Run pnpm verify	2026-10-06T10:31:48.9792430Z ✔ required behavioral proof cannot be missing: H-01 API 拒绝停用会话后清除浏览器会话并返回登录 (0.62158ms)
verify	Run pnpm verify	2026-10-06T10:31:48.9794091Z ✔ required behavioral proof cannot be missing: M-01 CustomerViewer 从菜单查询设备用户详情，全部写入口隐藏 (1.304786ms)
verify	Run pnpm verify	2026-10-06T10:31:48.9795871Z ✔ required behavioral proof cannot be missing: UI redesign: all business routes at 1366x768 (0.605741ms)
verify	Run pnpm verify	2026-10-06T10:31:48.9797598Z ✔ required behavioral proof cannot be missing: UI redesign: all business routes at 1440x900 (1.520939ms)
verify	Run pnpm verify	2026-10-06T10:31:48.9799551Z ✔ required behavioral proof cannot be missing: UI redesign: all business routes at 1920x1080 (0.541351ms)
verify	Run pnpm verify	2026-10-06T10:31:48.9831063Z ✔ required behavioral proof cannot be missing: QA05 login SRP MFA error success logout without persisting password (0.512377ms)
verify	Run pnpm verify	2026-10-06T10:31:48.9833093Z ✔ required behavioral proof cannot be missing: QA05 ESG cursor totals export snapshot timezone and empty state (0.386662ms)
verify	Run pnpm verify	2026-10-06T10:31:48.9861455Z ✔ required behavioral proof cannot be missing: QA05 Command dangerous confirmation terminal result and publish failure (0.355734ms)
verify	Run pnpm verify	2026-10-06T10:31:48.9889729Z ✔ required behavioral proof cannot be missing: QA05 Media expiry renew 403 and audit read-only zero writes (0.370252ms)
verify	Run pnpm verify	2026-10-06T10:31:48.9906720Z ✔ serial and repeated phases require all 108 independent prefixes (1.132083ms)
verify	Run pnpm verify	2026-10-06T10:31:48.9922755Z ✔ phase budget accounts for startup, executions and worker slots, with a finite ceiling (0.328443ms)
verify	Run pnpm verify	2026-10-06T10:31:48.9950047Z ✔ invalid phase budget rejected: repeat=0 workers=1 (0.1609ms)
verify	Run pnpm verify	2026-10-06T10:31:48.9951266Z ✔ invalid phase budget rejected: repeat=1 workers=0 (0.0964ms)
verify	Run pnpm verify	2026-10-06T10:31:48.9960597Z ✔ invalid phase budget rejected: repeat=0.5 workers=1 (0.108803ms)
verify	Run pnpm verify	2026-10-06T10:31:48.9962083Z ✔ invalid phase budget rejected: repeat=1 workers=0.5 (0.079639ms)
verify	Run pnpm verify	2026-10-06T10:31:48.9963469Z ✔ invalid phase budget rejected: repeat=Infinity workers=1 (0.074309ms)
verify	Run pnpm verify	2026-10-06T10:31:48.9965060Z ✔ invalid phase budget rejected: repeat=1 workers=NaN (0.072355ms)
verify	Run pnpm verify	2026-10-06T10:31:48.9970490Z ✔ real child-process timeout is classified and cannot create a successful phase (54.148546ms)
verify	Run pnpm verify	2026-10-06T10:31:48.9972109Z ✔ failed/killed process cannot pass: status=1 (0.178904ms)
verify	Run pnpm verify	2026-10-06T10:31:48.9973550Z ✔ failed/killed process cannot pass: status=null (0.106799ms)
verify	Run pnpm verify	2026-10-06T10:31:48.9978546Z ✔ spawn errors reject without disclosing raw process error details (0.57858ms)
verify	Run pnpm verify	2026-10-06T10:31:48.9986503Z ✔ successful process may proceed to the strict report and trace validator (0.27833ms)
verify	Run pnpm verify	2026-10-06T10:31:48.9987945Z ✔ 真实 OpenAPI 片段可确定性打包且无外部引用 (83.172365ms)
verify	Run pnpm verify	2026-10-06T10:31:48.9989017Z ✔ bundle 新鲜度检查拒绝缺失或过期产物 (141.496891ms)
verify	Run pnpm verify	2026-10-06T10:31:48.9990541Z ✔ 失败示例：非法 OpenAPI 版本与缺少 responses 被拒绝 (0.41801ms)
verify	Run pnpm verify	2026-10-06T10:31:48.9991657Z ✔ 失败示例：全局重复 operationId 被拒绝 (0.275885ms)
verify	Run pnpm verify	2026-10-06T10:31:48.9992745Z ✔ 失败示例：非法 parameter 与 Schema 被拒绝 (0.452665ms)
verify	Run pnpm verify	2026-10-06T10:31:48.9995329Z ✔ 仓库提交的统一 bundle 与当前片段一致 (38.733949ms)
verify	Run pnpm verify	2026-10-06T10:31:48.9996947Z ✔ scoped Gate accepts the archived real-target receipt, without promoting full acceptance (16.209981ms)
verify	Run pnpm verify	2026-10-06T10:31:49.0001586Z ✔ scoped Gate rejects missing role (26.500171ms)
verify	Run pnpm verify	2026-10-06T10:31:49.0002789Z ✔ scoped Gate rejects wrong SHA (20.716544ms)
verify	Run pnpm verify	2026-10-06T10:31:49.0004023Z ✔ scoped Gate rejects unverified Lambda (21.235833ms)
verify	Run pnpm verify	2026-10-06T10:31:49.0005222Z ✔ scoped Gate rejects runtime drift (18.627794ms)
verify	Run pnpm verify	2026-10-06T10:31:49.0006767Z ✔ scoped Gate rejects mocked API (18.809153ms)
verify	Run pnpm verify	2026-10-06T10:31:49.0007963Z ✔ scoped Gate rejects empty tenant (14.803966ms)
verify	Run pnpm verify	2026-10-06T10:31:49.0009275Z ✔ scoped Gate rejects cross-Customer list leak (13.930566ms)
verify	Run pnpm verify	2026-10-06T10:31:49.0010947Z ✔ scoped Gate rejects Viewer mutation accepted (9.880465ms)
verify	Run pnpm verify	2026-10-06T10:31:49.0012293Z ✔ scoped Gate rejects expired old Token (10.016279ms)
verify	Run pnpm verify	2026-10-06T10:31:49.0013719Z ✔ scoped Gate rejects two duplicate successes (10.86346ms)
verify	Run pnpm verify	2026-10-06T10:31:49.0015126Z ✔ scoped Gate rejects two optimistic successes (10.849765ms)
verify	Run pnpm verify	2026-10-06T10:31:49.0023800Z ✔ scoped Gate rejects bundled Firefox (11.874868ms)
verify	Run pnpm verify	2026-10-06T10:31:49.0025132Z ✔ scoped Gate rejects missing browser-role case (14.281491ms)
verify	Run pnpm verify	2026-10-06T10:31:49.0028941Z ✔ scoped Gate rejects persisted edit belongs to another record (15.714566ms)
verify	Run pnpm verify	2026-10-06T10:31:49.0030614Z ✔ scoped Gate rejects forbidden page rendered as business page (35.871976ms)
verify	Run pnpm verify	2026-10-06T10:31:49.0032065Z ✔ scoped Gate rejects missing screenshot (7.280321ms)
verify	Run pnpm verify	2026-10-06T10:31:49.0033507Z ✔ scoped Gate rejects cleanup duplicate hides missing ID (10.478161ms)
verify	Run pnpm verify	2026-10-06T10:31:49.0034912Z ✔ scoped Gate rejects cleanup incomplete (12.396952ms)
verify	Run pnpm verify	2026-10-06T10:31:49.0036267Z ✔ scoped Gate rejects private credentials retained (13.071952ms)
verify	Run pnpm verify	2026-10-06T10:31:49.0043102Z ✔ scoped Gate rejects scope promoted (13.32734ms)
verify	Run pnpm verify	2026-10-06T10:31:49.0044319Z ✔ 当前管理后台源代码满足入口与组合根交付约束 (19.146623ms)
verify	Run pnpm verify	2026-10-06T10:31:49.0045290Z ✔ 缺少入口和构建产物时失败关闭 (0.599218ms)
verify	Run pnpm verify	2026-10-06T10:31:49.0046386Z ✔ FE-06 至 FE-19 任一任务或路由从事实源缺失时失败关闭 (16.771129ms)
verify	Run pnpm verify	2026-10-06T10:31:49.0047551Z ✔ FE-11 至 FE-15 任一任务、路由或页面标识缺失时失败关闭 (12.048933ms)
verify	Run pnpm verify	2026-10-06T10:31:49.0048752Z ✔ FE-06 至 FE-15 任一控制器或 operationId 缺失时失败关闭 (8.386226ms)
verify	Run pnpm verify	2026-10-06T10:31:49.0053449Z ✔ FE-11 至 FE-15 控制器或 operationId 缺失时失败关闭 (9.685281ms)
verify	Run pnpm verify	2026-10-06T10:31:49.0054584Z ✔ FE-16 至 FE-19 任一任务、路由、控制器、页面标识或 operationId 缺失时失败关闭 (9.484125ms)
verify	Run pnpm verify	2026-10-06T10:31:49.0056908Z ✔ App 移除显式页面分支时失败关闭 (8.720159ms)
verify	Run pnpm verify	2026-10-06T10:31:49.0058081Z ✔ 完整目标回执覆盖双提交、隔离环境、五角色、七路由、五闭环与清理 (96.733775ms)
verify	Run pnpm verify	2026-10-06T10:31:49.0059137Z ✔ 缺路由、角色、闭环或审计拒绝角色时失败关闭 (59.662742ms)
verify	Run pnpm verify	2026-10-06T10:31:49.0060495Z ✔ mock、泄露、短链持久化、危险操作与只读写请求均失败关闭 (55.536968ms)
verify	Run pnpm verify	2026-10-06T10:31:49.0061632Z ✔ 缺失回执、双部署提交漂移、HEAD 不一致与未清理均失败关闭 (55.435265ms)
verify	Run pnpm verify	2026-10-06T10:31:49.0062722Z ✔ 目标 Gate 是显式发布步骤且不进入普通 verify (0.496207ms)
verify	Run pnpm verify	2026-10-06T10:31:49.0063888Z ✔ 完整回执覆盖双提交、隔离环境、五角色、五路由、四闭环、隐私、双语布局与清理 (111.864217ms)
verify	Run pnpm verify	2026-10-06T10:31:49.0065096Z ✔ 缺路由、角色、闭环、locale 或 viewport 时失败关闭 (65.632394ms)
verify	Run pnpm verify	2026-10-06T10:31:49.0066236Z ✔ mock、权限、并发、泄露或布局不合格时失败关闭 (32.325108ms)
verify	Run pnpm verify	2026-10-06T10:31:49.0067289Z ✔ 缺失回执、双部署提交漂移、HEAD 不一致与未清理均失败关闭 (56.546252ms)
verify	Run pnpm verify	2026-10-06T10:31:49.0069068Z ✔ 目标 Gate 是显式发布步骤且不进入普通 verify (0.514731ms)
verify	Run pnpm verify	2026-10-06T10:31:49.0070430Z ✔ 完整路由、五角色、五业务闭环、租户、并发、敏感字段与清理回执通过 (2.671046ms)
verify	Run pnpm verify	2026-10-06T10:31:49.0071381Z ✔ 缺路由、角色或业务闭环时失败关闭 (0.460049ms)
verify	Run pnpm verify	2026-10-06T10:31:49.0072467Z ✔ Cognito、部署 API、跨租户、并发与敏感字段证据不满足约束时失败关闭 (0.515863ms)
verify	Run pnpm verify	2026-10-06T10:31:49.0075820Z ✔ 缺失回执、部署提交或 sourceCommit 不一致时失败关闭 (0.776019ms)
verify	Run pnpm verify	2026-10-06T10:31:49.0077263Z ✔ 完整的 58 API、五角色、并发、ESG 与清理目标 AWS 回执通过 (2.604282ms)
verify	Run pnpm verify	2026-10-06T10:31:49.0078411Z ✔ 58 个回执 operationId 与九份正式业务 OpenAPI 精确一致 (5.665877ms)
verify	Run pnpm verify	2026-10-06T10:31:49.0079733Z ✔ API 缺项、角色缺项与跨 Customer 放行均失败关闭 (0.882457ms)
verify	Run pnpm verify	2026-10-06T10:31:49.0080748Z ✔ 并发或 ESG 证据不满足生产约束时失败关闭 (0.582367ms)
verify	Run pnpm verify	2026-10-06T10:31:49.0081688Z ✔ 缺失回执与 sourceCommit 不匹配均失败关闭 (1.53223ms)
verify	Run pnpm verify	2026-10-06T10:31:49.0082731Z ✔ 完整覆盖 25 API、五角色、竞态、退役与导出的隔离 AWS 回执通过 (2.852225ms)
verify	Run pnpm verify	2026-10-06T10:31:49.0083918Z ✔ 缺 operation、跨租户放行、竞态双成功、证书未失活与 MQTT/S3 缺口均失败关闭 (0.566718ms)
verify	Run pnpm verify	2026-10-06T10:31:49.0085350Z ✔ operation 成功状态与负向状态集合不完整时失败关闭 (0.382725ms)
verify	Run pnpm verify	2026-10-06T10:31:49.0086464Z ✔ 回执缺失、非法 JSON 或 sourceCommit 不一致时独立发布 Gate 失败 (1.192797ms)
verify	Run pnpm verify	2026-10-06T10:31:49.0087639Z ✔ 完整 Archive、Replay、Summary 目标 AWS 回执通过 (2.402064ms)
verify	Run pnpm verify	2026-10-06T10:31:49.0089177Z ✔ 缺探针、重复归档、Replay 复制业务行和空 Summary 均失败关闭 (0.644814ms)
verify	Run pnpm verify	2026-10-06T10:31:49.0090459Z ✔ 缺少回执或提交不一致时独立 Gate 失败 (0.838846ms)
verify	Run pnpm verify	2026-10-06T10:31:49.0091528Z ✔ 完整隔离 AWS 回执覆盖 8 Topic、负向路径、QA-03 与清理时通过 (2.681316ms)
verify	Run pnpm verify	2026-10-06T10:31:49.0092755Z ✔ 缺 Topic、未知 Topic 命中、Error Action 未恢复和原文漂移均失败关闭 (0.490796ms)
verify	Run pnpm verify	2026-10-06T10:31:49.0095663Z ✔ 未提供目标 AWS 回执时独立发布 Gate 明确失败 (0.657197ms)
verify	Run pnpm verify	2026-10-06T10:31:49.0098352Z ✔ 回执必须对应待发布的精确 Git 提交 (0.562681ms)
verify	Run pnpm verify	2026-10-06T10:31:49.0099761Z ✔ 完整的 15 API、角色、Cognito、并发、S3、Dashboard、审计与清理回执通过 (2.945198ms)
verify	Run pnpm verify	2026-10-06T10:31:49.0101918Z ✔ 15 个 operationId 与六份正式 OpenAPI 精确一致 (2.241605ms)
verify	Run pnpm verify	2026-10-06T10:31:49.0102955Z ✔ API、角色、租户或安全/并发探针缺口均失败关闭 (0.819831ms)
verify	Run pnpm verify	2026-10-06T10:31:49.0103852Z ✔ 缺失回执与 sourceCommit 不匹配均失败关闭 (0.893388ms)
verify	Run pnpm verify	2026-10-06T10:31:49.0104749Z ✔ 干净的依赖图通过检查 (2.842957ms)
verify	Run pnpm verify	2026-10-06T10:31:49.0105531Z ✔ 共享包反向依赖 apps 被识别为边界违规 (1.031536ms)
verify	Run pnpm verify	2026-10-06T10:31:49.0106449Z ✔ contracts 反向依赖 apps 被识别为边界违规 (0.848334ms)
verify	Run pnpm verify	2026-10-06T10:31:49.0107354Z ✔ apps 之间互相依赖被识别为边界违规 (0.737687ms)
verify	Run pnpm verify	2026-10-06T10:31:49.0108129Z ✔ 工作区循环依赖被检出 (1.144487ms)
verify	Run pnpm verify	2026-10-06T10:31:49.0108924Z ✔ 非工作区依赖（外部 npm 包）不参与检查 (0.548514ms)
verify	Run pnpm verify	2026-10-06T10:31:49.0110138Z ✔ 当前仓库通过边界与循环依赖检查 (1.272356ms)
verify	Run pnpm verify	2026-10-06T10:31:49.0111099Z ✔ CDK WARNING 与规则校验编号会触发 Gate (1.420442ms)
verify	Run pnpm verify	2026-10-06T10:31:49.0112151Z ✔ 正常 synth 输出不会误报 (0.975211ms)
verify	Run pnpm verify	2026-10-06T10:31:49.0113227Z ✔ 已交付 Lambda 缺失或回退到内联 501 占位时 Gate 失败 (0.515432ms)
verify	Run pnpm verify	2026-10-06T10:31:49.0114449Z ✔ 已交付 Lambda 使用 S3 asset 时 Gate 通过 (0.207427ms)
verify	Run pnpm verify	2026-10-06T10:31:49.0115635Z ✔ CMD/OTA 生产接线 Gate 对 Worker/调度任一缺失均失败关闭 (0.64846ms)
verify	Run pnpm verify	2026-10-06T10:31:49.0118556Z ✔ CMD/OTA 生产接线 Gate 对 IoT/S3/KMS 权限缺失失败关闭 (0.844196ms)
verify	Run pnpm verify	2026-10-06T10:31:49.0134546Z ✔ 真实登记文件：结构校验通过，并准确识别当前未决 DEC (9.367037ms)
verify	Run pnpm verify	2026-10-06T10:31:49.0135749Z ✔ 真实契约版本文件：decisionRegisterVersion 与登记一致 (1.990305ms)
verify	Run pnpm verify	2026-10-06T10:31:49.0137143Z ✔ 契约版本不一致被拒绝 (1.156318ms)
verify	Run pnpm verify	2026-10-06T10:31:49.0138073Z ✔ 重复决策 ID 被拒绝（已知冲突必须有唯一决策 ID） (0.635937ms)
verify	Run pnpm verify	2026-10-06T10:31:49.0139045Z ✔ 原则与决策之间 ID 也全局唯一 (0.379399ms)
verify	Run pnpm verify	2026-10-06T10:31:49.0140305Z ✔ pending 决策携带批准人被拒绝 (0.304589ms)
verify	Run pnpm verify	2026-10-06T10:31:49.0141350Z ✔ frozen 决策必须有批准人、批准时间和 >=1.0.0 版本 (0.534237ms)
verify	Run pnpm verify	2026-10-06T10:31:49.0143878Z ✔ blockingTasks 为空或格式非法被拒绝 (0.448217ms)
verify	Run pnpm verify	2026-10-06T10:31:49.0144948Z ✔ history 必须非空且末条版本与条目版本一致 (0.379439ms)
verify	Run pnpm verify	2026-10-06T10:31:49.0147614Z ✔ 非 UTC 时间戳被拒绝 (0.659682ms)
verify	Run pnpm verify	2026-10-06T10:31:49.0153885Z ✔ CLI validate 模式：真实文件退出码 0 且输出实际未决数；--fail-on-pending 按实际未决数返回 (2.342823ms)
verify	Run pnpm verify	2026-10-06T10:31:49.0156946Z ✔ CLI：结构错误退出码 1 (0.633242ms)
verify	Run pnpm verify	2026-10-06T10:31:49.0159679Z ✔ 追溯校验：合法 x-decision-versions 引用通过（Schema 可追溯到决策版本） (2.297859ms)
verify	Run pnpm verify	2026-10-06T10:31:49.0160865Z ✔ 追溯校验：不存在的决策 ID 被拒绝 (0.888418ms)
verify	Run pnpm verify	2026-10-06T10:31:49.0163631Z ✔ 追溯校验：引用版本与登记版本不一致被拒绝 (0.946737ms)
verify	Run pnpm verify	2026-10-06T10:31:49.0164746Z ✔ 追溯校验：缺少 x-decision-versions 或格式非法被拒绝 (1.130821ms)
verify	Run pnpm verify	2026-10-06T10:31:49.0166124Z ✔ 追溯校验：嵌套在 OpenAPI info 下的 x-decision-versions 可被递归发现 (0.971043ms)
verify	Run pnpm verify	2026-10-06T10:31:49.0167560Z ✔ 已交付 API（含管理后台 P1）的 129 个 OpenAPI operation 与生产路由双向一致 (16.574422ms)
verify	Run pnpm verify	2026-10-06T10:31:49.0168779Z ✔ 版本化已交付清单缺失、重复或引用不存在文件时失败关闭 (1.183229ms)
verify	Run pnpm verify	2026-10-06T10:31:49.0187353Z ✔ 缺失、额外、重复及 method/path 漂移均失败关闭 (0.467012ms)
verify	Run pnpm verify	2026-10-06T10:31:49.0190367Z ✔ CMD/OTA 治理 Gate 校验四份 REST 契约及 DEC-022/023 冻结状态 (9.5029ms)
verify	Run pnpm verify	2026-10-06T10:31:49.0191476Z ✔ 有效链接、无易漂移计数且工具链配对正确时通过 (3.576166ms)
verify	Run pnpm verify	2026-10-06T10:31:49.0192464Z ✔ 损坏的仓库内 Markdown 链接被拒绝 (1.054579ms)
verify	Run pnpm verify	2026-10-06T10:31:49.0193384Z ✔ 陈旧测试计数或不兼容工具链声明被拒绝 (0.882437ms)
verify	Run pnpm verify	2026-10-06T10:31:49.0195758Z ✔ 当前仓库 ENG/DB/DOM 与 IAC/AUTH/SEC 任务文档证据一致 (22.329015ms)
verify	Run pnpm verify	2026-10-06T10:31:49.0196842Z ✔ BE-IOT-01～08 文档全部纳入默认链接与证据门禁 (0.29454ms)
verify	Run pnpm verify	2026-10-06T10:31:49.0197907Z ✔ BE-ARC/RPL/ESG 四份文档及 P2 回归纳入默认证据门禁 (0.220202ms)
verify	Run pnpm verify	2026-10-06T10:31:49.0198938Z ✔ 11 份管理后台业务文档全部纳入默认链接与证据门禁 (0.247552ms)
verify	Run pnpm verify	2026-10-06T10:31:49.0200291Z ✔ BE-MED/RBAC/AUD/DASH/SET 五份文档纳入状态与 AWS 证据门禁 (0.19796ms)
verify	Run pnpm verify	2026-10-06T10:31:49.0201437Z ✔ FE-06～FE-10 五份前端文档纳入四层状态与目标回执门禁 (0.733059ms)
verify	Run pnpm verify	2026-10-06T10:31:49.0202677Z ✔ FE-11～FE-15 五份前端文档纳入四层状态与独立目标回执门禁 (0.622813ms)
verify	Run pnpm verify	2026-10-06T10:31:49.0203760Z ✔ 前端任务文档拒绝缺层级、问题责任字段、目标 Gate 和 P1 陈旧描述 (0.403974ms)
verify	Run pnpm verify	2026-10-06T10:31:49.0204811Z ✔ FE-11～FE-15 文档拒绝旧缺陷、任务级勾选及旧目标 Gate (0.278189ms)
verify	Run pnpm verify	2026-10-06T10:31:49.0205944Z ✔ BE-MED/RBAC/AUD/DASH/SET 文档拒绝缺状态层、陈旧参数和设置生效误述 (0.244647ms)
verify	Run pnpm verify	2026-10-06T10:31:49.0206969Z ✔ 管理后台业务文档拒绝缺证据引用和陈旧决策或部署说法 (0.23548ms)
verify	Run pnpm verify	2026-10-06T10:31:49.0207979Z ✔ BE-ARC/RPL/ESG 文档拒绝缺审计快照和生产接线边界外旧说法 (0.248383ms)
verify	Run pnpm verify	2026-10-06T10:31:49.0209136Z ✔ BE-IOT 文档拒绝缺少审计快照、Report P2002 与 Media 另路由旧说法 (0.24059ms)
verify	Run pnpm verify	2026-10-06T10:31:49.0211855Z ✔ BE-IOT 严格负向探针必须保留为可定位的永久回归 (0.772693ms)
verify	Run pnpm verify	2026-10-06T10:31:49.0213005Z ✔ 安全任务文档拒绝历史计数、缺少 verify 命令与陈旧 DEC-012 状态 (0.234577ms)
verify	Run pnpm verify	2026-10-06T10:31:49.0214114Z ✔ 安全任务文档接受当前命令、审计快照引用与 frozen 决策 (0.170538ms)
verify	Run pnpm verify	2026-10-06T10:31:49.0215114Z ✔ 当前仓库（DB-01 已落地）Migration 结构通过 (20.081146ms)
verify	Run pnpm verify	2026-10-06T10:31:49.0216125Z ✔ schema.prisma 未落地时跳过并通过（骨架期行为） (0.430333ms)
verify	Run pnpm verify	2026-10-06T10:31:49.0217621Z ✔ 失败示例：Schema 已存在但无任何 Migration（未提交 Migration） (0.694056ms)
verify	Run pnpm verify	2026-10-06T10:31:49.0218782Z ✔ 失败示例：migrations/ 为空且缺少 migration_lock.toml (0.738939ms)
verify	Run pnpm verify	2026-10-06T10:31:49.0220208Z ✔ 失败示例：Migration 目录名非法与空 migration.sql (0.760339ms)
verify	Run pnpm verify	2026-10-06T10:31:49.0221250Z ✔ 合法 Migration 结构通过 (0.736715ms)
verify	Run pnpm verify	2026-10-06T10:31:49.0222226Z ✔ 失败示例：已有旧 Migration 但 Schema 已变化且未登记快照 (0.7498ms)
verify	Run pnpm verify	2026-10-06T10:31:49.0223108Z ✔ 真实矩阵通过完整性检查 (6.455491ms)
verify	Run pnpm verify	2026-10-06T10:31:49.0224038Z ✔ 真实引用集合：41 个矩阵 API 与 13 个 routeId 全部可解析 (1.067863ms)
verify	Run pnpm verify	2026-10-06T10:31:49.0225434Z ✔ index19.html 源清单：9 个菜单、12 个页面、128 个元素与矩阵双向覆盖 (1.006969ms)
verify	Run pnpm verify	2026-10-06T10:31:49.0226463Z ✔ 真实矩阵：9 菜单、12 页面、每项均有处置结论 (0.81409ms)
verify	Run pnpm verify	2026-10-06T10:31:49.0227372Z ✔ 被拒绝的实时流、明文密码、状态混用不携带实现任务 (1.095244ms)
verify	Run pnpm verify	2026-10-06T10:31:49.0228429Z ✔ 矩阵的 x-decision-versions 可追溯到决策登记（DEC-007~012） (3.864735ms)
verify	Run pnpm verify	2026-10-06T10:31:49.0229677Z ✔ 缺少菜单或页面被拒绝 (0.921039ms)
verify	Run pnpm verify	2026-10-06T10:31:49.0230475Z ✔ 重复元素 ID 被拒绝 (0.321941ms)
verify	Run pnpm verify	2026-10-06T10:31:49.0231357Z ✔ Adapt/Reject 缺少依据被拒绝 (0.389207ms)
verify	Run pnpm verify	2026-10-06T10:31:49.0232362Z ✔ Adopt/Adapt 生产字段缺少 API 来源被拒绝 (0.436465ms)
verify	Run pnpm verify	2026-10-06T10:31:49.0233384Z ✔ rejectCategory 项非 Reject 或携带实现任务被拒绝 (0.359712ms)
verify	Run pnpm verify	2026-10-06T10:31:49.0234265Z ✔ 未知角色被拒绝（R7） (0.963639ms)
verify	Run pnpm verify	2026-10-06T10:31:49.0235211Z ✔ 格式合法但不存在的 operationId、routeId 与响应字段被拒绝 (3.025729ms)
verify	Run pnpm verify	2026-10-06T10:31:49.0236068Z ✔ planned operation 的任务归属漂移被拒绝 (1.054137ms)
verify	Run pnpm verify	2026-10-06T10:31:49.0236840Z ✔ 源清单与矩阵任一侧删除元素均被双向覆盖检查拒绝 (4.7567ms)
verify	Run pnpm verify	2026-10-06T10:31:49.0237634Z ✔ index19.html 内容变化但未重新盘点源清单时失败关闭 (4.460347ms)
verify	Run pnpm verify	2026-10-06T10:31:49.0238500Z ✔ 重复 operationId 与 routeId 被引用索引拒绝 (1.050501ms)
verify	Run pnpm verify	2026-10-06T10:31:49.0239536Z ✔ CLI：真实矩阵退出码 0，违规矩阵退出码 1 (41.717982ms)
verify	Run pnpm verify	2026-10-06T10:31:49.0240740Z ✔ remaining scope cannot replace full core, Active acceptance or failed cleanups (1.659709ms)
verify	Run pnpm verify	2026-10-06T10:31:49.0242156Z ✔ 当前仓库全部 Schema、OpenAPI 片段与统一 bundle 通过引用校验 (176.900621ms)
verify	Run pnpm verify	2026-10-06T10:31:49.0243146Z ✔ 失败示例：悬空内部 $ref 被拒绝 (1.001359ms)
verify	Run pnpm verify	2026-10-06T10:31:49.0244055Z ✔ 失败示例：同目录相对 $ref 目标文件不存在被拒绝 (0.548855ms)
verify	Run pnpm verify	2026-10-06T10:31:49.0245092Z ✔ 失败示例：JSON 语法损坏的 Schema 被拒绝 (0.457283ms)
verify	Run pnpm verify	2026-10-06T10:31:49.0246225Z ✔ 失败示例：JSON Schema 2020-12 非法 type 被元 Schema 拒绝 (1.348197ms)
verify	Run pnpm verify	2026-10-06T10:31:49.0247372Z ✔ 失败示例：OpenAPI 基座缺少 paths 被拒绝 (0.714554ms)
verify	Run pnpm verify	2026-10-06T10:31:49.0248316Z ✔ 同目录相对 $ref 可解析时通过 (0.860967ms)
verify	Run pnpm verify	2026-10-06T10:31:49.2647485Z ✔ 失败示例：PEM 私钥块被检出 (1.544744ms)
verify	Run pnpm verify	2026-10-06T10:31:49.2676233Z ✔ 失败示例：AWS Access Key ID 被检出 (0.213449ms)
verify	Run pnpm verify	2026-10-06T10:31:49.2700296Z ✔ 失败示例：GitHub 令牌被检出 (0.233115ms)
verify	Run pnpm verify	2026-10-06T10:31:49.2720400Z ✔ 失败示例：Slack 令牌被检出 (0.204272ms)
verify	Run pnpm verify	2026-10-06T10:31:49.2740188Z ✔ 正常内容不误报 (0.938572ms)
verify	Run pnpm verify	2026-10-06T10:31:49.2790379Z ✔ 失败示例：未跟踪且未忽略文件中的私钥也被扫描 (13.269612ms)
verify	Run pnpm verify	2026-10-06T10:31:49.2815470Z ✔ 当前仓库通过敏感信息扫描 (1014.72827ms)
verify	Run pnpm verify	2026-10-06T10:31:49.3124425Z ✔ 生产源码直接 console 与 raw trace API 均被拒绝 (2.674113ms)
verify	Run pnpm verify	2026-10-06T10:31:49.3151294Z ✔ 测试目录可使用 console，生产统一 logger 允许 (0.812858ms)
verify	Run pnpm verify	2026-10-06T10:31:49.3155138Z ✔ 当前仓库生产源码通过 sink 门禁 (62.282841ms)
verify	Run pnpm verify	2026-10-06T10:31:49.5996796Z ✔ QA-02 MQTT heartbeat: all valid/invalid fixtures, missing meta and type mutation (16.970053ms)
verify	Run pnpm verify	2026-10-06T10:31:49.6027362Z ✔ QA-02 MQTT telemetry: all valid/invalid fixtures, missing meta and type mutation (6.269934ms)
verify	Run pnpm verify	2026-10-06T10:31:49.6029634Z ✔ QA-02 MQTT report: all valid/invalid fixtures, missing meta and type mutation (8.43176ms)
verify	Run pnpm verify	2026-10-06T10:31:49.6031456Z ✔ QA-02 MQTT alarm: all valid/invalid fixtures, missing meta and type mutation (7.942998ms)
verify	Run pnpm verify	2026-10-06T10:31:49.6033259Z ✔ QA-02 MQTT event: all valid/invalid fixtures, missing meta and type mutation (2.472595ms)
verify	Run pnpm verify	2026-10-06T10:31:49.6035090Z ✔ QA-02 MQTT ack: all valid/invalid fixtures, missing meta and type mutation (4.38741ms)
verify	Run pnpm verify	2026-10-06T10:31:49.6036866Z ✔ QA-02 MQTT tamper: all valid/invalid fixtures, missing meta and type mutation (6.715917ms)
verify	Run pnpm verify	2026-10-06T10:31:49.6038614Z ✔ QA-02 MQTT media: all valid/invalid fixtures, missing meta and type mutation (4.96597ms)
verify	Run pnpm verify	2026-10-06T10:31:49.6040603Z ✔ QA-02 MQTT cmd: all valid/invalid fixtures, missing meta and type mutation (5.077038ms)
verify	Run pnpm verify	2026-10-06T10:31:49.6055526Z ✔ QA-02 MQTT ota: all valid/invalid fixtures, missing meta and type mutation (4.979275ms)
verify	Run pnpm verify	2026-10-06T10:31:49.6057443Z ✔ QA-02 MQTT notification: all valid/invalid fixtures, missing meta and type mutation (4.993672ms)
verify	Run pnpm verify	2026-10-06T10:31:49.6060344Z ✔ MQTT semantic hash, discriminator and UTC calendar errors fail closed (1.422916ms)
verify	Run pnpm verify	2026-10-06T10:31:49.6066668Z ✔ full REST response: field deletion/type mutation/envelope/date/errors/status/headers are enforced (15.614579ms)
verify	Run pnpm verify	2026-10-06T10:31:49.6069145Z ✔ REST request validation: required body/path/query/header, optional Sync, bodyless Deactivate, no type coercion in JSON (13.23606ms)
verify	Run pnpm verify	2026-10-06T10:31:49.6071963Z ✔ all device operations and declared response JSON Schemas compile; stable error catalog has no duplicates (107.384444ms)
verify	Run pnpm verify	2026-10-06T10:31:49.6074275Z ✔ predecessor MQTT is compatible; known REST break requires exact version and frozen DEC approvals (64.617229ms)
verify	Run pnpm verify	2026-10-06T10:31:49.6110863Z ✔ breaking contract mutations fail: removing fields/operations/status, changing type/required/security (177.128537ms)
verify	Run pnpm verify	2026-10-06T10:31:49.6151068Z ✔ receipt coverage gate fails closed for missing operations/statuses, no valid request and forged records (0.97454ms)
verify	Run pnpm verify	2026-10-06T10:31:49.6160980Z ✔ archived CSR upgrade mapping still verifies original baselines without rewriting history (11.147751ms)
verify	Run pnpm verify	2026-10-06T10:31:49.6550441Z ✔ QA04 coverage Gate accepts complete matrix and proofs (3.339153ms)
verify	Run pnpm verify	2026-10-06T10:31:49.6560391Z ✔ QA04 coverage Gate rejects missing domain (0.798862ms)
verify	Run pnpm verify	2026-10-06T10:31:49.6581219Z ✔ QA04 coverage Gate rejects no negative path (0.526252ms)
verify	Run pnpm verify	2026-10-06T10:31:49.6600334Z ✔ QA04 coverage Gate rejects untrusted handler (0.418ms)
verify	Run pnpm verify	2026-10-06T10:31:49.6620990Z ✔ QA04 coverage Gate rejects missing role (0.683276ms)
verify	Run pnpm verify	2026-10-06T10:31:49.6622072Z ✔ QA04 coverage Gate rejects cross-tenant leak (0.566418ms)
verify	Run pnpm verify	2026-10-06T10:31:49.6623084Z ✔ QA04 coverage Gate rejects two write winners (0.61053ms)
verify	Run pnpm verify	2026-10-06T10:31:49.6632951Z ✔ QA04 coverage Gate rejects duplicate audit (0.498681ms)
verify	Run pnpm verify	2026-10-06T10:31:49.6660373Z ✔ QA04 coverage Gate rejects rollback missing (0.566017ms)
verify	Run pnpm verify	2026-10-06T10:31:49.6690844Z ✔ QA04 coverage Gate rejects unclean resource (0.604398ms)
verify	Run pnpm verify	2026-10-06T10:31:49.6720298Z ✔ QA04 coverage Gate rejects reused isolation (0.483753ms)
verify	Run pnpm verify	2026-10-06T10:31:49.6750172Z ✔ QA04 coverage Gate rejects no observed replay (0.537613ms)
verify	Run pnpm verify	2026-10-06T10:31:49.6751314Z ✔ QA04 required acceptance cases are enforced (2.193265ms)
verify	Run pnpm verify	2026-10-06T10:31:49.6761084Z ✔ QA04 skipped assertion fails execution Gate (0.221222ms)
verify	Run pnpm verify	2026-10-06T10:31:49.6762888Z ✔ QA04 removed state-machine assertion fails coverage Gate (3.226583ms)
verify	Run pnpm verify	2026-10-06T10:31:54.5431096Z ✔ migration source requires exact approved commit (1.472228ms)
verify	Run pnpm verify	2026-10-06T10:31:54.5530415Z ✔ migration connection requires complete secret and verified TLS; special credentials are encoded (0.683316ms)
verify	Run pnpm verify	2026-10-06T10:31:54.5560453Z ✔ database verification derives every mapped Prisma table (1.240837ms)
verify	Run pnpm verify	2026-10-06T10:31:54.5614132Z ✔ runner without approved source fails without reporting credentials or driver details (34.262982ms)
verify	Run pnpm verify	2026-10-06T10:31:54.5650991Z ✔ source packager archives committed tree, includes exact SHA and refuses overwriting ZIP (5156.337162ms)
verify	Run pnpm verify	2026-10-06T10:31:54.5848441Z ✔ local TLS broker: 10 independent certificate sessions, QoS1, downlinks, reconnect and broker ACL rejection (862.23281ms)
verify	Run pnpm verify	2026-10-06T10:31:54.5850884Z ✔ 10 concurrent sessions: all topics, exact 5% duplicates / 2% delayed telemetry, replay and isolated bad Schema (307.614139ms)
verify	Run pnpm verify	2026-10-06T10:31:54.5852592Z ✔ cross-device publish, subscribe, receive and wildcard denied (1.306058ms)
verify	Run pnpm verify	2026-10-06T10:31:54.5854006Z ✔ invalid configuration, OTA transitions and test credential gate fail closed (1.415092ms)
verify	Run pnpm verify	2026-10-06T10:31:54.5855659Z ✔ scripted failed command, missing target mapping and illegal downlink do not generate mixed ACK (0.7766ms)
verify	Run pnpm verify	2026-10-06T10:31:54.5857145Z ✔ all sessions close when one transport fails; no successful receipt (238.254899ms)
verify	Run pnpm verify	2026-10-06T10:31:54.5858462Z ✔ MQTT adapter rejects SUBACK denial and connection failures (0.834979ms)
verify	Run pnpm verify	2026-10-06T10:31:54.5860173Z ✔ CLI creates offline receipt and refuses ungated mqtts before reading credential paths (805.225136ms)
verify	Run pnpm verify	2026-10-06T10:31:54.5861712Z ✔ CDK wrapper accepts synth/diff and requires explicit deploy stack (2.022716ms)
verify	Run pnpm verify	2026-10-06T10:31:54.5863100Z ✔ CDK wrapper builds the whole workspace and fails closed on build errors (0.395749ms)
verify	Run pnpm verify	2026-10-06T10:31:54.5864504Z ✔ CDK wrapper uses local SSO but requires OIDC credentials in GitHub Actions (0.233085ms)
verify	Run pnpm verify	2026-10-06T10:31:54.5865778Z ✔ QA03 Gate accepts complete local integration receipt (2.051209ms)
verify	Run pnpm verify	2026-10-06T10:31:54.5866738Z ✔ QA03 Gate rejects missing scenario (0.581445ms)
verify	Run pnpm verify	2026-10-06T10:31:54.5867592Z ✔ QA03 Gate rejects unclean resources (0.384017ms)
verify	Run pnpm verify	2026-10-06T10:31:54.5880305Z ✔ QA03 Gate rejects reused isolation prefix (0.385941ms)
verify	Run pnpm verify	2026-10-06T10:31:54.5881446Z ✔ QA03 Gate rejects lost message (0.455651ms)
verify	Run pnpm verify	2026-10-06T10:31:54.5882505Z ✔ QA03 Gate rejects duplicate business record (0.520592ms)
verify	Run pnpm verify	2026-10-06T10:31:54.5883528Z ✔ QA03 Gate rejects missing raw proof (0.628102ms)
verify	Run pnpm verify	2026-10-06T10:31:54.5884503Z ✔ QA03 Gate rejects missing fault probe (1.815229ms)
verify	Run pnpm verify	2026-10-06T10:31:54.5885553Z ✔ receipt covers all 128 decisions in two viewports (9.481049ms)
verify	Run pnpm verify	2026-10-06T10:31:54.5886565Z ✔ fail closed: missing page (1.259621ms)
verify	Run pnpm verify	2026-10-06T10:31:54.5887428Z ✔ fail closed: skipped case (2.220365ms)
verify	Run pnpm verify	2026-10-06T10:31:54.5888295Z ✔ fail closed: flaky success (1.190823ms)
verify	Run pnpm verify	2026-10-06T10:31:54.5889132Z ✔ fail closed: retry (0.89505ms)
verify	Run pnpm verify	2026-10-06T10:31:54.5890322Z ✔ fail closed: unexpected external network (0.750281ms)
verify	Run pnpm verify	2026-10-06T10:31:54.5891301Z ✔ fail closed: fixture collision (0.898167ms)
verify	Run pnpm verify	2026-10-06T10:31:54.5892226Z ✔ fail closed: missing cleanup (0.731516ms)
verify	Run pnpm verify	2026-10-06T10:31:54.5893347Z ✔ fail closed: updated baseline masquerades as regression (0.785015ms)
verify	Run pnpm verify	2026-10-06T10:31:54.5894377Z ✔ fail closed: missing group (1.097409ms)
verify	Run pnpm verify	2026-10-06T10:31:54.5895225Z ✔ fail closed: duplicate group (0.78766ms)
verify	Run pnpm verify	2026-10-06T10:31:54.5896535Z ✔ fail closed: missing rejection assertion (0.929805ms)
verify	Run pnpm verify	2026-10-06T10:31:54.5897461Z ✔ fail closed: missing menu (0.827645ms)
verify	Run pnpm verify	2026-10-06T10:31:54.5898340Z ✔ fail closed: missing behavior guard (1.635574ms)
verify	Run pnpm verify	2026-10-06T10:31:54.5899275Z ✔ fail closed: wrong viewport (0.897425ms)
verify	Run pnpm verify	2026-10-06T10:31:54.5900501Z ✔ fail closed: snapshot hash mismatch (0.963448ms)
verify	Run pnpm verify	2026-10-06T10:31:54.5901764Z ✔ binding omission, duplication and reject implementation fail closed (1.050471ms)
verify	Run pnpm verify	2026-10-06T10:31:54.5903713Z ✔ real gzip bytes bind exact own devices, raw outbox hash and canonical published hash (13.829997ms)
verify	Run pnpm verify	2026-10-06T10:31:54.5905487Z ✔ scope expansion, unknown customer/device, modified bytes and missing archive fail closed (7.9443ms)
verify	Run pnpm verify	2026-10-06T10:31:54.5907345Z ✔ IoT normalized raw body binds outbox bytes while original publication binds canonical payload (5.574526ms)
verify	Run pnpm verify	2026-10-06T10:31:54.5909242Z ✔ quick MQTT profile requires exact additional telemetry ledger and cannot waive missing archives (8.729466ms)
verify	Run pnpm verify	2026-10-06T10:31:54.5911360Z ✔ archive deadline uses actual S3 modification times and cannot green an eventual late archive (4.219397ms)
verify	Run pnpm verify	2026-10-06T10:31:54.5913481Z ✔ redelivery rejects foreign archives, unbounded inventories and unbound certificates before AWS operations (2.427321ms)
verify	Run pnpm verify	2026-10-06T10:31:54.5915210Z ✔ nominal 30x profile cannot conceal a slower real publish window (9.209071ms)
verify	Run pnpm verify	2026-10-06T10:31:54.5916910Z ✔ version proof requires CI deploy Amplify exact commit and 19 distinct verified artifact bytes (1.374956ms)
verify	Run pnpm verify	2026-10-06T10:31:54.5918895Z ✔ own-fixture fault grant rejects shared changes and unknown faults while retaining deployment boundary (0.774556ms)
verify	Run pnpm verify	2026-10-06T10:31:54.5921153Z ✔ database proof rejects foreign build, source, role and nonzero cleanup instead of trusting child PASS (1.351333ms)
verify	Run pnpm verify	2026-10-06T10:31:55.9605508Z ✔ target gates reject missing finish cleanup required case and foreign device before live calls (1.826059ms)
verify	Run pnpm verify	2026-10-06T10:31:55.9631868Z ✔ business cleanup preserves outside rows, rejects baseline drift and deletes own dependent rows atomically (3456.800071ms)
verify	Run pnpm verify	2026-10-06T10:31:55.9636100Z ✔ fault injection rejects missing authorization and foreign export identity without mutation (1.695915ms)
verify	Run pnpm verify	2026-10-06T10:31:55.9637698Z ✔ assertion-only validation cannot stand in for cleanup or whole target acceptance (0.505134ms)
verify	Run pnpm verify	2026-10-06T10:31:55.9661030Z ✔ nonActive scope cannot enter the full wave that contains Active dependent probes (3.125765ms)
verify	Run pnpm verify	2026-10-06T10:31:55.9690565Z ✔ foundation mode cannot be mistaken for full core or browser acceptance (0.531532ms)
verify	Run pnpm verify	2026-10-06T10:31:56.0316846Z ✔ complete intermediate/root chain matches truststore and private key (4.397749ms)
verify	Run pnpm verify	2026-10-06T10:31:56.0347199Z ✔ missing root is distinguished from valid signing certificate and key (1.036004ms)
verify	Run pnpm verify	2026-10-06T10:31:56.0360779Z ✔ wrong parent, expired chain and wrong private key fail independently (2.255801ms)
verify	Run pnpm verify	2026-10-06T10:31:56.0390675Z ✔ oversized worker chain, malformed values and arbitrary canaries never leak (3.255377ms)
verify	Run pnpm verify	2026-10-06T10:31:56.0394798Z ✔ receipt gate accepts completed diagnostic with invalid chain, rejects data leak and missing cleanup (4.258389ms)
verify	Run pnpm verify	2026-10-06T10:31:56.0396500Z ✔ approved exact Worker, Secret, KMS and original expiry scope is accepted (2.439144ms)
verify	Run pnpm verify	2026-10-06T10:31:56.0397918Z ✔ removing role condition, wildcard Secret or extended expiry is rejected (3.083326ms)
verify	Run pnpm verify	2026-10-06T10:31:56.0399842Z ✔ unrestricted KMS, different context or extra secret permissions are rejected (2.813762ms)
verify	Run pnpm verify	2026-10-06T10:31:56.0401481Z ✔ repair gate requires retained versions, exact output binding and all cleanup (3.073257ms)
verify	Run pnpm verify	2026-10-06T10:31:56.0402992Z ✔ only root field changes, original version remains immutable and AWSPREVIOUS (17.817942ms)
verify	Run pnpm verify	2026-10-06T10:31:56.0404146Z ✔ baseline drift prevents all writes (0.624986ms)
verify	Run pnpm verify	2026-10-06T10:31:56.0405040Z ✔ wrong fixed root prevents all writes (4.088272ms)
verify	Run pnpm verify	2026-10-06T10:31:56.0406203Z ✔ unknown put outcome recovers immutable token without a second put (7.924382ms)
verify	Run pnpm verify	2026-10-06T10:31:56.0407800Z ✔ candidate mutation fails before promotion (4.90679ms)
verify	Run pnpm verify	2026-10-06T10:31:56.0408935Z ✔ concurrent current movement after candidate write is preserved (9.1009ms)
verify	Run pnpm verify	2026-10-06T10:31:56.0410661Z ✔ unknown promotion response is recovered from current stages (3.361695ms)
verify	Run pnpm verify	2026-10-06T10:31:56.0412109Z ✔ post-promotion failed readback rolls back only the known current candidate (5.645611ms)
verify	Run pnpm verify	2026-10-06T10:31:56.0413418Z ✔ invalid version token rejects before accessing any secret (3.990389ms)
verify	Run pnpm verify	2026-10-06T10:31:56.0414976Z ✔ rollback refuses to overwrite a concurrent foreign current version (5.783065ms)
verify	Run pnpm verify	2026-10-06T10:31:56.0416336Z ✔ unknown AWS errors are returned as fixed codes without secret exception text (0.437807ms)
verify	Run pnpm verify	2026-10-06T10:31:56.0417802Z ✔ successful promotion waits for metadata visibility without repeating stage writes (6.501747ms)
verify	Run pnpm verify	2026-10-06T10:31:56.0424262Z ✔ existing current candidate is verified using read-only store without new versions or stage writes (6.100107ms)
verify	Run pnpm verify	2026-10-06T10:31:56.0426097Z ✔ read-only recovery rejects changed fields without rolling back an existing current version (1.132054ms)
verify	Run pnpm verify	2026-10-06T10:31:56.0427905Z ✔ capacity planning includes operational and rotation idle overlap and rejects naive concurrency increase (1.671571ms)
verify	Run pnpm verify	2026-10-06T10:31:56.0429723Z ✔ range reads keep the original default and permit bounded slow-link retry (1.335482ms)
verify	Run pnpm verify	2026-10-06T10:31:56.0431104Z ✔ range reads reject unbounded, ambiguous and below-default timeouts (0.620758ms)
verify	Run pnpm verify	2026-10-06T10:31:56.0432542Z ✔ read-only asset concurrency stays bounded independently of DB/API capacity (0.429803ms)
verify	Run pnpm verify	2026-10-06T10:31:56.0434043Z ✔ cold sampler collector binds exact own REPORT and safe client metrics: patch (64.960872ms)
verify	Run pnpm verify	2026-10-06T10:31:56.0457690Z ✔ cold sampler collector binds exact own REPORT and safe client metrics: audit (70.146097ms)
verify	Run pnpm verify	2026-10-06T10:31:56.0459984Z ✔ two batches preserve six own contracts, six winners/conflicts and audits with a hard concurrency/request bound (42.523347ms)
verify	Run pnpm verify	2026-10-06T10:31:56.0462455Z ✔ unknown write drains siblings and waits for Lambda quiescence without retry or false PASS (10.420142ms)
verify	Run pnpm verify	2026-10-06T10:31:56.0464140Z ✔ audit drift fails closed: audit-id (9.040156ms)
verify	Run pnpm verify	2026-10-06T10:31:56.0465453Z ✔ audit drift fails closed: foreign-list (10.316879ms)
verify	Run pnpm verify	2026-10-06T10:31:56.0467408Z ✔ foreign context, missing baseline or excess batches fail before any dispatch/receipt (1.407508ms)
verify	Run pnpm verify	2026-10-06T10:31:56.0469835Z ✔ sampling correlation ledger rejects foreign or missing HTTP rows even with a valid business result (25.15076ms)
verify	Run pnpm verify	2026-10-06T10:31:56.0472078Z ✔ DLQ scope requires closed ledger, 20 exact IDs and fresh empty database proof (2.104789ms)
verify	Run pnpm verify	2026-10-06T10:31:56.0474819Z ✔ one-shot worker deletes only exact retired pointers, restores unknown visibility, and exports no bodies or handles (5.670545ms)
verify	Run pnpm verify	2026-10-06T10:31:56.0767143Z ✔ six exact request/time/status/extended/Lambda links pass without saving unrelated fields or requests (85.263564ms)
verify	Run pnpm verify	2026-10-06T10:31:56.0793147Z ✔ correlation refuses complete proof for time (68.855528ms)
verify	Run pnpm verify	2026-10-06T10:31:56.0802818Z ✔ correlation refuses complete proof for lambda-id (73.41663ms)
verify	Run pnpm verify	2026-10-06T10:31:56.0804202Z ✔ correlation refuses complete proof for duplicate (70.894742ms)
verify	Run pnpm verify	2026-10-06T10:31:56.0808355Z ✔ correlation refuses complete proof for missing-http (59.600869ms)
verify	Run pnpm verify	2026-10-06T10:31:56.0830835Z ✔ audit GET binds list/detail operation and timeout UUID without claiming client success (134.748239ms)
verify	Run pnpm verify	2026-10-06T10:31:56.0986718Z ✔ phase proof covers success, conditional conflict and all audit reads without declaring latency/cleanup acceptance (2.999309ms)
verify	Run pnpm verify	2026-10-06T10:31:56.1010988Z ✔ cold 409 gate requires matching cold phase flags and successful runtime initialization (4.865923ms)
verify	Run pnpm verify	2026-10-06T10:31:56.1041026Z ✔ new account gate requires nested hook, Prisma query, first driver query and checkout on every request (0.734611ms)
verify	Run pnpm verify	2026-10-06T10:31:56.1053097Z ✔ account gate rejects missing (0.738669ms)
verify	Run pnpm verify	2026-10-06T10:31:56.1054653Z ✔ account gate rejects duplicate (0.834676ms)
verify	Run pnpm verify	2026-10-06T10:31:56.1055573Z ✔ account gate rejects failure (0.619597ms)
verify	Run pnpm verify	2026-10-06T10:31:56.1056497Z ✔ account gate rejects wait-boundary (0.602034ms)
verify	Run pnpm verify	2026-10-06T10:31:56.1057409Z ✔ account gate rejects timestamp (0.574492ms)
verify	Run pnpm verify	2026-10-06T10:31:56.1058308Z ✔ account gate rejects outside-hook (0.613345ms)
verify	Run pnpm verify	2026-10-06T10:31:56.1059699Z ✔ phase proof rejects foreign-invocation (0.442927ms)
verify	Run pnpm verify	2026-10-06T10:31:56.1060865Z ✔ phase proof rejects missing-transaction (0.327862ms)
verify	Run pnpm verify	2026-10-06T10:31:56.1062295Z ✔ phase proof rejects conflict-code (0.322762ms)
verify	Run pnpm verify	2026-10-06T10:31:56.1063239Z ✔ phase proof rejects missing-http (0.168345ms)
verify	Run pnpm verify	2026-10-06T10:31:56.1064150Z ✔ phase proof rejects other-run (1.415244ms)
verify	Run pnpm verify	2026-10-06T10:31:56.1065774Z ✔ bounded sampler requires physical Init Duration as well as application cold phases and retains client metrics (2.130988ms)
verify	Run pnpm verify	2026-10-06T10:31:56.1067304Z ✔ bounded sampler rejects foreign-report (0.905089ms)
verify	Run pnpm verify	2026-10-06T10:31:56.1068358Z ✔ bounded sampler rejects duplicate-report (0.51956ms)
verify	Run pnpm verify	2026-10-06T10:31:56.1069641Z ✔ bounded sampler rejects no-socket-metrics (0.537673ms)
verify	Run pnpm verify	2026-10-06T10:31:56.1070670Z ✔ bounded sampler rejects missing-body (0.417118ms)
verify	Run pnpm verify	2026-10-06T10:31:56.1071619Z ✔ bounded sampler rejects over-budget (0.411408ms)
verify	Run pnpm verify	2026-10-06T10:31:56.1072609Z ✔ bounded sampler rejects missing-audit (0.41813ms)
verify	Run pnpm verify	2026-10-06T10:31:56.1074204Z ✔ client preparation requires actual dispatch, cold adapter suffix and leaves warm adapter timings absent (2.34616ms)
verify	Run pnpm verify	2026-10-06T10:31:56.1111640Z ✔ client preparation rejects missing prepare (0.74469ms)
verify	Run pnpm verify	2026-10-06T10:31:56.1140338Z ✔ client preparation rejects settlement is not driver dispatch (0.658239ms)
verify	Run pnpm verify	2026-10-06T10:31:56.1170527Z ✔ client preparation rejects preparation after driver start (0.548704ms)
verify	Run pnpm verify	2026-10-06T10:31:56.1200372Z ✔ client preparation rejects cold missing suffix (1.757611ms)
verify	Run pnpm verify	2026-10-06T10:31:56.1201715Z ✔ client preparation rejects suffix outside preparation (0.498912ms)
verify	Run pnpm verify	2026-10-06T10:31:56.1230346Z ✔ client preparation rejects wrong invocation (0.329716ms)
verify	Run pnpm verify	2026-10-06T10:31:56.1260431Z ✔ client preparation cannot bypass account phase checks (0.309047ms)
verify	Run pnpm verify	2026-10-06T10:31:57.0463302Z ✔ success audits bind precisely and conflicts never have a success audit (1.373033ms)
verify	Run pnpm verify	2026-10-06T10:31:57.0475884Z ✔ audit proof rejects duplicate (0.643511ms)
verify	Run pnpm verify	2026-10-06T10:31:57.0477074Z ✔ audit proof rejects wrong-version (0.238435ms)
verify	Run pnpm verify	2026-10-06T10:31:57.0500722Z ✔ audit proof rejects conflict-success (0.69658ms)
verify	Run pnpm verify	2026-10-06T10:31:57.0502226Z ✔ Gateway overlap cannot conceal serialized Lambda executions (1.344679ms)
verify	Run pnpm verify	2026-10-06T10:31:57.0848734Z ✔ three races accept either winner, bind every successful write to audit and advance once per version (17.122593ms)
verify	Run pnpm verify	2026-10-06T10:31:57.0865947Z ✔ early failure still drains the late sibling before readback and never retries or reports PASS (3.256889ms)
verify	Run pnpm verify	2026-10-06T10:31:57.0867548Z ✔ race fails closed for double-winner (5.381046ms)
verify	Run pnpm verify	2026-10-06T10:31:57.0909239Z ✔ race fails closed for gateway-id (4.208095ms)
verify	Run pnpm verify	2026-10-06T10:31:57.1160844Z ✔ race fails closed for audit-id (14.842958ms)
verify	Run pnpm verify	2026-10-06T10:31:57.1197154Z ✔ foreign context fails before dispatch or receipt writes (1.104091ms)
verify	Run pnpm verify	2026-10-06T10:31:57.1199690Z ✔ historical read scope rejects any resource outside the exact sealed old contract before live calls (0.358249ms)
verify	Run pnpm verify	2026-10-06T10:31:57.2866673Z ✔ read-only completion accepts only all six settled exact successful PATCH receipts (2.668612ms)
verify	Run pnpm verify	2026-10-06T10:31:57.2891993Z ✔ cleanup/completion guard rejects unknown-write (1.054088ms)
verify	Run pnpm verify	2026-10-06T10:31:57.2920399Z ✔ cleanup/completion guard rejects foreign-site (0.413642ms)
verify	Run pnpm verify	2026-10-06T10:31:57.2944177Z ✔ cleanup/completion guard rejects wrong-account (0.318244ms)
verify	Run pnpm verify	2026-10-06T10:31:57.2958826Z ✔ cleanup/completion guard rejects unfinished (0.386331ms)
verify	Run pnpm verify	2026-10-06T10:31:57.2960367Z ✔ cleanup/completion guard rejects gateway-id (0.389277ms)
verify	Run pnpm verify	2026-10-06T10:31:57.3501494Z ✔ log projection redacts payload/error details and rejects unrecognized events (1.871945ms)
verify	Run pnpm verify	2026-10-06T10:31:57.3542149Z ✔ serialized AWS log projection preserves closed event names through the 20-sequence Gate (7.808215ms)
verify	Run pnpm verify	2026-10-06T10:31:57.3543997Z ✔ specific redelivery needs matching SQS ID, final disposition and durable duplicate receipt (0.470939ms)
verify	Run pnpm verify	2026-10-06T10:31:57.3594609Z ✔ 20 sequence stage Gate rejects incomplete coverage and unrelated device evidence (1.615496ms)
verify	Run pnpm verify	2026-10-06T10:31:57.3596972Z ✔ completed Build result tolerates delayed/truncated CloudWatch visibility and transient read failure without rerunning SQL (2.403434ms)
verify	Run pnpm verify	2026-10-06T10:31:57.3599990Z ✔ wrong/multiple/failed frames and AccessDenied reject immediately, absent result fails closed after bounded reads (1.480984ms)
verify	Run pnpm verify	2026-10-06T10:31:57.3630933Z ✔ expired SSO is a terminal authentication condition, never a transient log retry (0.331158ms)
verify	Run pnpm verify	2026-10-06T10:31:57.6824350Z ✔ CloudWatch 250000-character fragments reassemble exact source-bound metadata without accepting truncation or another frame (19.628243ms)
verify	Run pnpm verify	2026-10-06T10:31:57.6851016Z ✔ large fixture observations round-trip through bounded gzip without losing metadata (33.300162ms)
verify	Run pnpm verify	2026-10-06T10:31:57.6882035Z ✔ compressed fixture frames reject corruption, noncanonical data and decompression bombs (114.630753ms)
verify	Run pnpm verify	2026-10-06T10:31:57.6910585Z ✔ compressed metadata still requires the exact expected source/build/action binding (3.822545ms)
verify	Run pnpm verify	2026-10-06T10:31:57.7421308Z ✔ fixed manifest rejects unsafe SQL identifiers, missing hash and duplicates (2.214945ms)
verify	Run pnpm verify	2026-10-06T10:31:57.7450994Z ✔ migration comparison distinguishes missing, tampered, unfinished and rolled-back migrations (0.534297ms)
verify	Run pnpm verify	2026-10-06T10:31:57.7459730Z ✔ snapshot uses repeatable read/read only, timeouts, fixed SELECTs and always rolls back (1.209558ms)
verify	Run pnpm verify	2026-10-06T10:31:57.7462521Z ✔ writable transaction rejected before business queries and rolled back (0.746954ms)
verify	Run pnpm verify	2026-10-06T10:31:57.7464112Z ✔ query failure rolls back instead of yielding partial PASS (0.830951ms)
verify	Run pnpm verify	2026-10-06T10:31:57.7465852Z ✔ dedicated query project never changes migration project or passes StartBuild overrides (28.819208ms)
verify	Run pnpm verify	2026-10-06T10:31:57.7467711Z ✔ legacy onboarding rows without CSR columns require reconciliation before migration (0.394747ms)
verify	Run pnpm verify	2026-10-06T10:31:57.7470583Z ✔ query success preserves real migration BLOCKED instead of promoting readiness (2.626734ms)
verify	Run pnpm verify	2026-10-06T10:31:57.7472408Z ✔ wrong build, writable transaction, unbound hash and fabricated migration PASS rejected (1.087641ms)
verify	Run pnpm verify	2026-10-06T10:31:57.7473985Z ✔ missing table count cannot become complete SQL evidence (1.198157ms)
verify	Run pnpm verify	2026-10-06T10:31:58.5976195Z ✔ entity merge requires actual decisions on both viewports, scoped devices, versions and cleanup (2.240743ms)
verify	Run pnpm verify	2026-10-06T10:31:58.6186770Z ✔ certificate merge cannot use review-only parent to claim real dual-channel certificate entity (0.39091ms)
verify	Run pnpm verify	2026-10-06T10:31:58.6721293Z ✔ request UUID is durable before a single dispatch and credentials never enter receipts (38.15582ms)
verify	Run pnpm verify	2026-10-06T10:31:58.6752402Z ✔ failed AWAIT_HEADERS preserves correlation without retry (0.895823ms)
verify	Run pnpm verify	2026-10-06T10:31:58.6753916Z ✔ failed READ_BODY preserves correlation without retry (0.389777ms)
verify	Run pnpm verify	2026-10-06T10:31:58.6755202Z ✔ malformed JSON cannot become a successful HTTP receipt (0.540869ms)
verify	Run pnpm verify	2026-10-06T10:31:58.6756749Z ✔ socket events split DNS/TCP/TLS; receipts contain no URL, authorization or socket details (4.101967ms)
verify	Run pnpm verify	2026-10-06T10:31:58.6758683Z ✔ real delayed body is measured separately; a reused connection has absent DNS/TCP/TLS, not invented zeros (162.199484ms)
verify	Run pnpm verify	2026-10-06T10:31:58.6760962Z ✔ total deadline aborts an unfinished response body; no complete-body receipt or retry (19.78327ms)
verify	Run pnpm verify	2026-10-06T10:31:58.6762676Z ✔ injected fetch cannot masquerade as detailed socket observation (1.003484ms)
verify	Run pnpm verify	2026-10-06T10:31:58.6764461Z ✔ layout diagnostic fails closed before AWS calls for foreign, finished or unbound fixtures (3.402251ms)
verify	Run pnpm verify	2026-10-06T10:31:58.6766095Z ✔ diagnostic cleanup retains all actions and fails closed: absent (1.603804ms)
verify	Run pnpm verify	2026-10-06T10:31:58.6767990Z ✔ diagnostic cleanup retains all actions and fails closed: still-present (0.182821ms)
verify	Run pnpm verify	2026-10-06T10:31:58.6769737Z ✔ diagnostic cleanup retains all actions and fails closed: read-denied (0.207447ms)
verify	Run pnpm verify	2026-10-06T10:31:58.6771277Z ✔ diagnostic cleanup retains all actions and fails closed: signout-failed (0.245478ms)
verify	Run pnpm verify	2026-10-06T10:31:58.6772802Z ✔ diagnostic cleanup retains all actions and fails closed: delete-failed (0.432277ms)
verify	Run pnpm verify	2026-10-06T10:31:58.7207465Z ✔ snapshot must be available encrypted manual and exact whitelist cannot expand (1.476636ms)
verify	Run pnpm verify	2026-10-06T10:32:02.3023285Z ✔ real local SQL retires exactly two jobs/requests and preserves every other table (3582.706452ms)
verify	Run pnpm verify	2026-10-06T10:32:04.5848364Z ✔ live status drift aborts with original rows intact (2277.166152ms)
verify	Run pnpm verify	2026-10-06T10:32:06.7201463Z ✔ unexpected cascade/trigger changing a preserved table rolls back all deletes (2141.809183ms)
verify	Run pnpm verify	2026-10-06T10:32:06.7851556Z ✔ valid HTTP writes cannot be inflated by malformed, wrong role, wrong method or failed requests (3.088125ms)
verify	Run pnpm verify	2026-10-06T10:32:06.7881286Z ✔ target License wire sequence proves ExpiringSoon renewal and Renewed activation using real handlers and PostgreSQL (4607.769398ms)
verify	Run pnpm verify	2026-10-06T10:32:06.7938725Z ✔ recovery sub-gate checks all preserved tables without accepting full QA09 (2.164671ms)
verify	Run pnpm verify	2026-10-06T10:32:06.7940970Z ✔ version mismatch, missing migration and changed certificate/other business data fail closed (1.872856ms)
verify	Run pnpm verify	2026-10-06T10:32:06.7970629Z ✔ retirement evidence cannot hide wrong deleted IDs or lose preservation proof (0.844857ms)
verify	Run pnpm verify	2026-10-06T10:32:06.8000936Z ✔ retirement project has fixed source and never modifies readonly/migration runner (27.305223ms)
verify	Run pnpm verify	2026-10-06T10:32:06.8018785Z ✔ real Sync observation redacts secret domains and cannot treat delivery as firmware verification (1.818775ms)
verify	Run pnpm verify	2026-10-06T10:32:06.8055914Z ✔ receipt runner sends only RECEIVED and redacts complete snapshots even with device password hashes (1.4729ms)
verify	Run pnpm verify	2026-10-06T10:32:06.8069651Z ✔ receipt runner fails closed for mismatched snapshots and refused confirmation (0.580664ms)
verify	Run pnpm verify	2026-10-06T10:32:06.8080595Z ✔ 117 elements require both real viewport receipts (19.03851ms)
verify	Run pnpm verify	2026-10-06T10:32:06.8081900Z ✔ one failure fails all elements in the affected behavior group (3.089928ms)
verify	Run pnpm verify	2026-10-06T10:32:06.8083574Z ✔ Active dependent operations are explicit NOT_RUN, not successful disabled checks (5.384833ms)
verify	Run pnpm verify	2026-10-06T10:32:06.8085206Z ✔ duplicate, foreign and invalid viewport receipts fail closed (5.388169ms)
verify	Run pnpm verify	2026-10-06T10:32:06.8086573Z ✔ Defer and Reject failures also block the browser Gate (4.950782ms)
verify	Run pnpm verify	2026-10-06T10:32:06.8088052Z ✔ CSV proof rejects empty, foreign and malformed downloads while parsing quoted data (3.902005ms)
verify	Run pnpm verify	2026-10-06T10:32:06.8089963Z ✔ reopens own TLS session after same-clientId negative probe and closes on failure (2.385523ms)
verify	Run pnpm verify	2026-10-06T10:32:06.8091396Z ✔ foreign MQTT scope is rejected before connection (0.353339ms)
verify	Run pnpm verify	2026-10-06T10:32:06.8093045Z ✔ S3 fallback accepts exact owned version cleanup and rejects bucket, customer and pagination expansion (1.958126ms)
verify	Run pnpm verify	2026-10-06T10:32:06.8094831Z ✔ export scope rejects a foreign device before API, AWS or output writes (1.737063ms)
verify	Run pnpm verify	2026-10-06T10:32:06.8096662Z ✔ domain cleanup refuses live run, foreign customer name, missing DB cleanup and out-of-scope objects (2.022916ms)
verify	Run pnpm verify	2026-10-06T10:32:06.8098800Z ✔ unseeded identity cleanup rejects unfinished, foreign, seeded and pre-existing admin ledgers (1.875412ms)
verify	Run pnpm verify	2026-10-06T10:32:06.8100985Z ✔ Cognito canonical UUID is allowed only with exact own email and creation within this failed run (0.817386ms)
verify	Run pnpm verify	2026-10-06T10:32:06.8102701Z ✔ P95 uses all actual samples and rejects empty or invalid measurements (1.925635ms)
verify	Run pnpm verify	2026-10-06T10:32:06.8104429Z ✔ complete P95 excludes censored timeouts and refuses partial sample acceptance (0.53054ms)
verify	Run pnpm verify	2026-10-06T10:32:06.8106315Z ✔ performance summary refuses to report P95 PASS for missing or incomplete actual samples (76.764901ms)
verify	Run pnpm verify	2026-10-06T10:32:06.8108901Z ✔ read-only pool probe distinguishes one connection, recovery and incomplete capacity acceptance (5.900705ms)
verify	Run pnpm verify	2026-10-06T10:32:06.8110978Z ✔ observed connection-budget violation refuses a pool PASS receipt (1.340984ms)
verify	Run pnpm verify	2026-10-06T10:32:06.8112635Z ✔ foreign probe application name is rejected before database access (0.173584ms)
verify	Run pnpm verify	2026-10-06T10:32:06.8114595Z ✔ scheduled publishing overlaps slow PUBACK and drains failures without abandoning in-flight writes (22.985388ms)
verify	Run pnpm verify	2026-10-06T10:32:06.8116643Z ✔ only exact test account and readonly role accepted (1.480964ms)
verify	Run pnpm verify	2026-10-06T10:32:06.8118056Z ✔ stack identity, region, project and test tag fail closed (0.349152ms)
verify	Run pnpm verify	2026-10-06T10:32:06.8119839Z ✔ permission denial is unverified, never classified as absent (0.393154ms)
verify	Run pnpm verify	2026-10-06T10:32:06.8121442Z ✔ metadata health never promotes missing business evidence to AWS PASS (0.813189ms)
verify	Run pnpm verify	2026-10-06T10:32:06.8123198Z ✔ five groups with unconfirmed or disabled users do not prove usable identities (0.310339ms)
verify	Run pnpm verify	2026-10-06T10:32:06.8124912Z ✔ missing target receipts and version mismatch remain blockers (0.281185ms)
verify	Run pnpm verify	2026-10-06T10:32:06.8134035Z ✔ existing test environment requires neither new account nor stack and retains real-response/cleanup boundaries (0.800825ms)
verify	Run pnpm verify	2026-10-06T10:32:06.8135848Z ✔ real sub-scope acceptance cannot claim whole QA09 (2.277932ms)
verify	Run pnpm verify	2026-10-06T10:32:06.8137490Z ✔ unfinished execution, missing role probe and failed assertion rejected (0.463505ms)
verify	Run pnpm verify	2026-10-06T10:32:06.8139280Z ✔ missing cleanup, wrong target, secrets and source tampering rejected (1.795592ms)
verify	Run pnpm verify	2026-10-06T10:32:06.8141285Z ✔ identity cleanup only accepts this run and the five known role identities (1.643949ms)
verify	Run pnpm verify	2026-10-06T10:32:06.8142994Z ✔ record cleanup requires exact run namespace, not merely a partial prefix (0.359851ms)
verify	Run pnpm verify	2026-10-06T10:32:06.8145026Z ✔ recovery excludes explicitly later own SLO records without waiving original bytes or deadlines (21.257112ms)
verify	Run pnpm verify	2026-10-06T10:32:06.8146880Z ✔ later record exemption never includes other devices or customers (11.01396ms)
verify	Run pnpm verify	2026-10-06T10:32:06.8148610Z ✔ site compensation rejects foreign-route before any AWS command (457.235627ms)
verify	Run pnpm verify	2026-10-06T10:32:06.8150535Z ✔ site compensation rejects failed-cleanup before any AWS command (414.1133ms)
verify	Run pnpm verify	2026-10-06T10:32:06.8152418Z ✔ site compensation rejects unbound-parent before any AWS command (444.456402ms)
verify	Run pnpm verify	2026-10-06T10:32:06.8154118Z ✔ remaining target rejects foreign fixture before an API or database call (2.09994ms)
verify	Run pnpm verify	2026-10-06T10:32:06.8156273Z ✔ unproved license activation fails legal stage and independent stage failures remain explicit without credentials (1.009625ms)
verify	Run pnpm verify	2026-10-06T10:32:06.8158580Z ✔ per-request service throttling requires both unique IDs and bound access-row time/status, never minute metrics (1.391218ms)
verify	Run pnpm verify	2026-10-06T10:32:06.8161026Z ✔ QA09 rollout separates logging, budget and event publication and rejects silent phase mistakes (3.234038ms)
verify	Run pnpm verify	2026-10-06T10:32:07.7267029Z ✔ security retest rejects foreign fixture before any credential or live API access (1.696036ms)
verify	Run pnpm verify	2026-10-06T10:32:07.7311487Z ✔ six tampered tokens require HTTP rejection and keep credentials out of receipt (1.976429ms)
verify	Run pnpm verify	2026-10-06T10:32:07.7614768Z ✔ unknown seed outcome requires observed complete own set or proven empty set, never a blind retry (1.613412ms)
verify	Run pnpm verify	2026-10-06T10:32:13.9734176Z ✔ semantic SQL creates two scoped read models without lifecycle or authentication claims and refuses reuse (3923.933468ms)
verify	Run pnpm verify	2026-10-06T10:32:13.9737584Z ✔ semantic SQL refuses scope/state drift: lifecycle_status='Active' (553.617953ms)
verify	Run pnpm verify	2026-10-06T10:32:13.9739559Z ✔ semantic SQL refuses scope/state drift: site_id=NULL (496.429943ms)
verify	Run pnpm verify	2026-10-06T10:32:13.9801152Z ✔ semantic SQL refuses scope/state drift: customer_id='22222222-2222-2222-2222-222222222222' WHERE customer_id='11111111-1111-1111-1111-111111111111' (441.863781ms)
verify	Run pnpm verify	2026-10-06T10:32:13.9828519Z ✔ semantic SQL refuses scope/state drift: name='outside' (487.839434ms)
verify	Run pnpm verify	2026-10-06T10:32:13.9830665Z ✔ platform exports require the exact ledger and own frozen filters; foreign jobs remain unchanged (652.847724ms)
verify	Run pnpm verify	2026-10-06T10:32:14.0365589Z ✔ business session cleanup never accepts a foreign email id role scope or lifecycle (1.806803ms)
verify	Run pnpm verify	2026-10-06T10:32:14.0367192Z ✔ session fixtures require exact own customer and site binding before cleanup (0.53565ms)
verify	Run pnpm verify	2026-10-06T10:32:14.0368134Z ✔ complete narrow real-environment scope never accepts full QA09 (6.119043ms)
verify	Run pnpm verify	2026-10-06T10:32:14.0368982Z ✔ missing mTLS, shared keys, different ingress/archive bytes and missing cleanup fail closed (3.302395ms)
verify	Run pnpm verify	2026-10-06T10:32:14.5011891Z ✔ CodeBuild inline source fits service limit and decompresses to exact reviewed bytes (54.553113ms)
verify	Run pnpm verify	2026-10-06T10:32:14.5017018Z ✔ exact own-ten plan rejects expansion, historical identity and wrong customer namespace (12.84622ms)
verify	Run pnpm verify	2026-10-06T10:32:14.5019014Z ✔ real SQL creates exact fixtures and cleanup preserves original devices/certificates (2796.052808ms)
verify	Run pnpm verify	2026-10-06T10:32:14.5021095Z ✔ unexpected original-data trigger mutation rolls back fixture creation (1370.340333ms)
verify	Run pnpm verify	2026-10-06T10:32:14.5022904Z ✔ processing provisioning job prevents cleanup without deleting any own devices (1367.00297ms)
verify	Run pnpm verify	2026-10-06T10:32:14.5024657Z ✔ CSR proofs bind method, path, request ID, timestamp, nonce and independent key (162.228183ms)
verify	Run pnpm verify	2026-10-06T10:32:15.7254544Z ✔ closed-fixture audit and request outbox cleanup require ledger and preserve unrelated events (1230.408768ms)
verify	Run pnpm verify	2026-10-06T10:32:16.8962564Z ✔ closed-fixture access rejects missing approval audit and live customer (1166.149883ms)
verify	Run pnpm verify	2026-10-06T10:32:18.0701579Z ✔ unseeded capacity attempt has read-only empty audit with deleted customers and fixed original baseline (1176.461934ms)
verify	Run pnpm verify	2026-10-06T10:32:19.2301833Z ✔ business-only Onboarded fixtures preserve original rows, refuse reuse and make no certificate/authentication claim (1160.60401ms)
verify	Run pnpm verify	2026-10-06T10:32:20.4327584Z ✔ unseeded timeout audit reads only exact prefix and cannot mutate original or retry customer creation (1202.571113ms)
verify	Run pnpm verify	2026-10-06T10:32:21.6244715Z ✔ active lifecycle fixture changes exactly two own states and never claims a natural path (1190.381584ms)
verify	Run pnpm verify	2026-10-06T10:32:22.7819732Z ✔ capacity probe executes a read-only transaction and leaves fixture and original rows unchanged (1158.470241ms)
verify	Run pnpm verify	2026-10-06T10:32:22.7826167Z ✔ review-only mode cannot run without an explicit review hook or with unknown options (1.046203ms)
verify	Run pnpm verify	2026-10-06T10:32:22.7829118Z ✔ fixture CLI distinguishes expired SSO from authorization rejection and transport timeouts (0.317012ms)
verify	Run pnpm verify	2026-10-06T10:32:22.8383898Z ✔ TLS diagnostic bounds independent reads to 12 and six concurrent; fake observations cannot claim real target source (43.098122ms)
verify	Run pnpm verify	2026-10-06T10:32:22.8385085Z ✔ TLS diagnostic retains settled siblings, missing samples and unexpected HTTP/authentication as PARTIAL (11.524853ms)
verify	Run pnpm verify	2026-10-06T10:32:22.8385948Z ✔ version binding preserves prior defaults and accepts exact new target (1.639641ms)
verify	Run pnpm verify	2026-10-06T10:32:22.8386623Z ✔ invalid version input is rejected before any AWS operation (0.46576ms)
verify	Run pnpm verify	2026-10-06T10:32:22.8387389Z ✔ all delivered writes have an explicit permission and own or absent object path (2.014741ms)
verify	Run pnpm verify	2026-10-06T10:32:22.8388252Z ✔ identical claims still change signed payload bytes rather than unused base64 signature bits (0.449619ms)
verify	Run pnpm verify	2026-10-06T10:32:22.8389046Z ✔ Gateway 403 rejects tampered signatures while protected 2xx must fail (16.177458ms)
verify	Run pnpm verify	2026-10-06T10:32:22.8390153Z ✔ quick has exact cadence, 24 historical hours, 30x burst, 5% duplicates and 2% delayed delivery (12.723804ms)
verify	Run pnpm verify	2026-10-06T10:32:22.8391077Z ✔ full plan contains 86400 historical Telemetry samples for 10 devices at 10-second cadence (735.991942ms)
verify	Run pnpm verify	2026-10-06T10:32:22.8391680Z ✔ unknown profile fails closed (0.480797ms)
verify	Run pnpm verify	2026-10-06T10:32:22.8392155Z ✔ P95 uses nearest rank and does not mutate input (0.425023ms)
verify	Run pnpm verify	2026-10-06T10:32:22.8392593Z ✔ invalid latency  rejected (0.240909ms)
verify	Run pnpm verify	2026-10-06T10:32:22.8392970Z ✔ invalid latency NaN rejected (0.142446ms)
verify	Run pnpm verify	2026-10-06T10:32:22.8393781Z ✔ invalid latency Infinity rejected (0.13359ms)
verify	Run pnpm verify	2026-10-06T10:32:22.8394191Z ✔ invalid latency -1 rejected (0.198591ms)
verify	Run pnpm verify	2026-10-06T10:32:22.8394771Z ✔ independent checker verifies count average min max and UTC buckets (4.795559ms)
verify	Run pnpm verify	2026-10-06T10:32:22.8395325Z ✔ complete reliability proof passes (2.677999ms)
verify	Run pnpm verify	2026-10-06T10:32:22.8395731Z ✔ Gate rejects missing trace (3.197268ms)
verify	Run pnpm verify	2026-10-06T10:32:22.8396160Z ✔ Gate rejects duplicate trace (1.662754ms)
verify	Run pnpm verify	2026-10-06T10:32:22.8396570Z ✔ Gate rejects failed cleanup (1.648086ms)
verify	Run pnpm verify	2026-10-06T10:32:22.8397233Z ✔ Gate rejects wrong profile (1.786154ms)
verify	Run pnpm verify	2026-10-06T10:32:22.8397608Z ✔ Gate rejects wrong cadence (1.84802ms)
verify	Run pnpm verify	2026-10-06T10:32:22.8397991Z ✔ Gate rejects untracked loss (1.81579ms)
verify	Run pnpm verify	2026-10-06T10:32:22.8398465Z ✔ Gate rejects duplicate business row (1.127845ms)
verify	Run pnpm verify	2026-10-06T10:32:22.8398914Z ✔ Gate rejects missing archive (1.014393ms)
verify	Run pnpm verify	2026-10-06T10:32:22.8399604Z ✔ Gate rejects missing reorder (1.041605ms)
verify	Run pnpm verify	2026-10-06T10:32:22.8400064Z ✔ Gate rejects missing retry (1.016517ms)
verify	Run pnpm verify	2026-10-06T10:32:22.8400510Z ✔ Gate rejects unresolved gap (1.030384ms)
verify	Run pnpm verify	2026-10-06T10:32:22.8400946Z ✔ Gate rejects worker not paused (1.23692ms)
verify	Run pnpm verify	2026-10-06T10:32:22.8401387Z ✔ Gate rejects no backlog (1.066872ms)
verify	Run pnpm verify	2026-10-06T10:32:22.8401881Z ✔ Gate rejects unscoped replay (1.025223ms)
verify	Run pnpm verify	2026-10-06T10:32:22.8402345Z ✔ Gate rejects duplicate MQTT publish (1.023781ms)
verify	Run pnpm verify	2026-10-06T10:32:22.8402890Z ✔ Gate rejects late ACK changed terminal state (1.01274ms)
verify	Run pnpm verify	2026-10-06T10:32:22.8403369Z ✔ Gate rejects telemetry P95 failed (1.059317ms)
verify	Run pnpm verify	2026-10-06T10:32:22.8403852Z ✔ Gate rejects command P95 failed (1.589668ms)
verify	Run pnpm verify	2026-10-06T10:32:22.8404246Z ✔ Gate rejects NaN P95 (1.16766ms)
verify	Run pnpm verify	2026-10-06T10:32:22.8404697Z ✔ Gate rejects missing latency samples (5.781525ms)
verify	Run pnpm verify	2026-10-06T10:32:22.8405390Z ✔ security receipt accepts complete execution and all observed acceptance proofs (6.660843ms)
verify	Run pnpm verify	2026-10-06T10:32:22.8406100Z ✔ execution fails closed: deleted required test (2.667148ms)
verify	Run pnpm verify	2026-10-06T10:32:22.8406610Z ✔ execution fails closed: missing file (0.292015ms)
verify	Run pnpm verify	2026-10-06T10:32:22.8407096Z ✔ execution fails closed: pending test (0.298216ms)
verify	Run pnpm verify	2026-10-06T10:32:22.8407579Z ✔ execution fails closed: failed test (2.256322ms)
verify	Run pnpm verify	2026-10-06T10:32:22.8408087Z ✔ proof fails closed: missing proof (0.379538ms)
verify	Run pnpm verify	2026-10-06T10:32:22.8408553Z ✔ proof fails closed: reused prefix (0.328614ms)
verify	Run pnpm verify	2026-10-06T10:32:22.8409014Z ✔ proof fails closed: cleanup incomplete (0.361145ms)
verify	Run pnpm verify	2026-10-06T10:32:22.8409939Z ✔ proof fails closed: expired JWT accepted (0.30561ms)
verify	Run pnpm verify	2026-10-06T10:32:22.8410549Z ✔ proof fails closed: missing write operation (0.436204ms)
verify	Run pnpm verify	2026-10-06T10:32:22.8411116Z ✔ proof fails closed: forged identity accepted (0.325968ms)
verify	Run pnpm verify	2026-10-06T10:32:22.8411676Z ✔ proof fails closed: route resolved before auth (0.254455ms)
verify	Run pnpm verify	2026-10-06T10:32:22.8412202Z ✔ proof fails closed: cross tenant allowed (0.577218ms)
verify	Run pnpm verify	2026-10-06T10:32:22.8412730Z ✔ proof fails closed: unauthorized side effect (0.288709ms)
verify	Run pnpm verify	2026-10-06T10:32:22.8413238Z ✔ proof fails closed: prototype pollution (0.345045ms)
verify	Run pnpm verify	2026-10-06T10:32:22.8413786Z ✔ proof fails closed: malicious media signed (0.260627ms)
verify	Run pnpm verify	2026-10-06T10:32:22.8414311Z ✔ proof fails closed: malicious media persisted (0.27832ms)
verify	Run pnpm verify	2026-10-06T10:32:22.8414752Z ✔ proof fails closed: leak ignored (0.344383ms)
verify	Run pnpm verify	2026-10-06T10:32:22.8415183Z ✔ proof fails closed: unscanned audit (0.393294ms)
verify	Run pnpm verify	2026-10-06T10:32:22.8415677Z ✔ proof fails closed: unscanned snapshot (0.85155ms)
verify	Run pnpm verify	2026-10-06T10:32:22.8416160Z ✔ proof fails closed: partial response scan (0.296394ms)
verify	Run pnpm verify	2026-10-06T10:32:22.8417192Z ✔ independent scanner rejects nested secrets raw JWT Error private key and signed URL without echoing values (2.113455ms)
verify	Run pnpm verify	2026-10-06T10:32:22.8419073Z ✔ scanner detects opaque canary leakage and permits null redacted values and public certificate (0.203389ms)
verify	Run pnpm verify	2026-10-06T10:32:22.8420332Z ℹ tests 578
verify	Run pnpm verify	2026-10-06T10:32:22.8420720Z ℹ suites 0
verify	Run pnpm verify	2026-10-06T10:32:22.8421116Z ℹ pass 578
verify	Run pnpm verify	2026-10-06T10:32:22.8421499Z ℹ fail 0
verify	Run pnpm verify	2026-10-06T10:32:22.8421727Z ℹ cancelled 0
verify	Run pnpm verify	2026-10-06T10:32:22.8422334Z ℹ skipped 0
verify	Run pnpm verify	2026-10-06T10:32:22.8422545Z ℹ todo 0
verify	Run pnpm verify	2026-10-06T10:32:22.8422788Z ℹ duration_ms 38975.007244
verify	Run pnpm verify	2026-10-06T10:32:23.1542550Z 
verify	Run pnpm verify	2026-10-06T10:32:23.1543799Z > food-digester-platform@0.0.0 build /home/runner/work/food-digester-platform/food-digester-platform
verify	Run pnpm verify	2026-10-06T10:32:23.1544799Z > turbo run build
verify	Run pnpm verify	2026-10-06T10:32:23.1545047Z 
verify	Run pnpm verify	2026-10-06T10:32:23.2125034Z 
verify	Run pnpm verify	2026-10-06T10:32:23.2142874Z    • Packages in scope: @fdp/admin-web, @fdp/archive-worker, @fdp/auth, @fdp/aws-clients, @fdp/cloud-api, @fdp/contracts, @fdp/database, @fdp/domain, @fdp/infra, @fdp/ingestion-worker, @fdp/media, @fdp/observability, @fdp/summary-worker
verify	Run pnpm verify	2026-10-06T10:32:23.2145296Z    • Running build in 13 packages
verify	Run pnpm verify	2026-10-06T10:32:23.2146037Z    • Remote caching disabled
verify	Run pnpm verify	2026-10-06T10:32:23.2146371Z 
verify	Run pnpm verify	2026-10-06T10:32:23.2252989Z ##[group]@fdp/contracts:build
verify	Run pnpm verify	2026-10-06T10:32:23.2253710Z cache hit, replaying logs badb40bf08f6da73
verify	Run pnpm verify	2026-10-06T10:32:23.2254090Z 
verify	Run pnpm verify	2026-10-06T10:32:23.2254811Z > @fdp/contracts@0.0.0 build /home/runner/work/food-digester-platform/food-digester-platform/contracts
verify	Run pnpm verify	2026-10-06T10:32:23.2256053Z > node -e "console.log('@fdp/contracts 为源码契约包：内部使用 .ts 扩展名互引，不经 tsc 构建；消费方经 tsx/打包器直接使用源码')"
verify	Run pnpm verify	2026-10-06T10:32:23.2256416Z 
verify	Run pnpm verify	2026-10-06T10:32:23.2256738Z @fdp/contracts 为源码契约包：内部使用 .ts 扩展名互引，不经 tsc 构建；消费方经 tsx/打包器直接使用源码
verify	Run pnpm verify	2026-10-06T10:32:23.2257263Z ##[endgroup]
verify	Run pnpm verify	2026-10-06T10:32:23.2257612Z ##[group]@fdp/database:generate
verify	Run pnpm verify	2026-10-06T10:32:23.2257940Z cache hit, replaying logs 61cdf4220c661ec1
verify	Run pnpm verify	2026-10-06T10:32:23.2258160Z 
verify	Run pnpm verify	2026-10-06T10:32:23.2258634Z > @fdp/database@0.0.0 generate /home/runner/work/food-digester-platform/food-digester-platform/packages/database
verify	Run pnpm verify	2026-10-06T10:32:23.2259167Z > prisma generate
verify	Run pnpm verify	2026-10-06T10:32:23.2259551Z 
verify	Run pnpm verify	2026-10-06T10:32:23.2261606Z Loaded Prisma config from prisma.config.ts.
verify	Run pnpm verify	2026-10-06T10:32:23.2262029Z 
verify	Run pnpm verify	2026-10-06T10:32:23.2262380Z Prisma schema loaded from prisma/schema.prisma.
verify	Run pnpm verify	2026-10-06T10:32:23.2262795Z 
verify	Run pnpm verify	2026-10-06T10:32:23.2263387Z ✔ Generated Prisma Client (7.9.1) to ./src/generated in 1.68s
verify	Run pnpm verify	2026-10-06T10:32:23.2263882Z 
verify	Run pnpm verify	2026-10-06T10:32:23.2264303Z ##[endgroup]
verify	Run pnpm verify	2026-10-06T10:32:23.2264767Z ##[group]@fdp/aws-clients:build
verify	Run pnpm verify	2026-10-06T10:32:23.2265099Z cache hit, replaying logs 72b741ff8e28f9c8
verify	Run pnpm verify	2026-10-06T10:32:23.2265312Z 
verify	Run pnpm verify	2026-10-06T10:32:23.2265803Z > @fdp/aws-clients@0.0.0 build /home/runner/work/food-digester-platform/food-digester-platform/packages/aws-clients
verify	Run pnpm verify	2026-10-06T10:32:23.2266369Z > tsc -p tsconfig.build.json
verify	Run pnpm verify	2026-10-06T10:32:23.2266541Z 
verify	Run pnpm verify	2026-10-06T10:32:23.2266780Z ##[endgroup]
verify	Run pnpm verify	2026-10-06T10:32:23.2267115Z ##[group]@fdp/domain:build
verify	Run pnpm verify	2026-10-06T10:32:23.2267421Z cache hit, replaying logs 47ef0249a0b99843
verify	Run pnpm verify	2026-10-06T10:32:23.2267616Z 
verify	Run pnpm verify	2026-10-06T10:32:23.2268036Z > @fdp/domain@0.0.0 build /home/runner/work/food-digester-platform/food-digester-platform/packages/domain
verify	Run pnpm verify	2026-10-06T10:32:23.2268573Z > tsc -p tsconfig.build.json
verify	Run pnpm verify	2026-10-06T10:32:23.2268741Z 
verify	Run pnpm verify	2026-10-06T10:32:23.2272842Z ##[endgroup]
verify	Run pnpm verify	2026-10-06T10:32:23.2273506Z ##[group]@fdp/observability:build
verify	Run pnpm verify	2026-10-06T10:32:23.2274205Z cache hit, replaying logs d249f452a000393d
verify	Run pnpm verify	2026-10-06T10:32:23.2274570Z 
verify	Run pnpm verify	2026-10-06T10:32:23.2275624Z > @fdp/observability@0.0.0 build /home/runner/work/food-digester-platform/food-digester-platform/packages/observability
verify	Run pnpm verify	2026-10-06T10:32:23.2276723Z > tsc -p tsconfig.build.json
verify	Run pnpm verify	2026-10-06T10:32:23.2277647Z 
verify	Run pnpm verify	2026-10-06T10:32:23.2278102Z ##[endgroup]
verify	Run pnpm verify	2026-10-06T10:32:23.2278740Z ##[group]@fdp/database:build
verify	Run pnpm verify	2026-10-06T10:32:23.2289998Z cache hit, replaying logs b9b68e8e6789afaa
verify	Run pnpm verify	2026-10-06T10:32:23.2290933Z 
verify	Run pnpm verify	2026-10-06T10:32:23.2291924Z > @fdp/database@0.0.0 build /home/runner/work/food-digester-platform/food-digester-platform/packages/database
verify	Run pnpm verify	2026-10-06T10:32:23.2293266Z > tsc -p tsconfig.build.json
verify	Run pnpm verify	2026-10-06T10:32:23.2293717Z 
verify	Run pnpm verify	2026-10-06T10:32:23.2294265Z ##[endgroup]
verify	Run pnpm verify	2026-10-06T10:32:23.2295003Z ##[group]@fdp/media:build
verify	Run pnpm verify	2026-10-06T10:32:23.2295688Z cache hit, replaying logs f260157a77d3a580
verify	Run pnpm verify	2026-10-06T10:32:23.2296197Z 
verify	Run pnpm verify	2026-10-06T10:32:23.2297103Z > @fdp/media@0.0.0 build /home/runner/work/food-digester-platform/food-digester-platform/packages/media
verify	Run pnpm verify	2026-10-06T10:32:23.2298518Z > tsc -p tsconfig.build.json
verify	Run pnpm verify	2026-10-06T10:32:23.2298954Z 
verify	Run pnpm verify	2026-10-06T10:32:23.2299740Z ##[endgroup]
verify	Run pnpm verify	2026-10-06T10:32:23.2320488Z ##[group]@fdp/auth:build
verify	Run pnpm verify	2026-10-06T10:32:23.2321311Z cache hit, replaying logs 9daf5667ecdf99bc
verify	Run pnpm verify	2026-10-06T10:32:23.2321880Z 
verify	Run pnpm verify	2026-10-06T10:32:23.2322834Z > @fdp/auth@0.0.0 build /home/runner/work/food-digester-platform/food-digester-platform/packages/auth
verify	Run pnpm verify	2026-10-06T10:32:23.2324060Z > tsc -p tsconfig.build.json
verify	Run pnpm verify	2026-10-06T10:32:23.2324580Z 
verify	Run pnpm verify	2026-10-06T10:32:23.2325187Z ##[endgroup]
verify	Run pnpm verify	2026-10-06T10:32:30.4310847Z ##[group]@fdp/summary-worker:build
verify	Run pnpm verify	2026-10-06T10:32:30.4337022Z cache miss, executing a6c4e7485f911124
verify	Run pnpm verify	2026-10-06T10:32:30.4337570Z 
verify	Run pnpm verify	2026-10-06T10:32:30.4382136Z > @fdp/summary-worker@0.0.0 build /home/runner/work/food-digester-platform/food-digester-platform/apps/summary-worker
verify	Run pnpm verify	2026-10-06T10:32:30.4500511Z > tsc -p tsconfig.build.json
verify	Run pnpm verify	2026-10-06T10:32:30.4553327Z 
verify	Run pnpm verify	2026-10-06T10:32:30.4580624Z ##[endgroup]
verify	Run pnpm verify	2026-10-06T10:32:31.4157828Z ##[group]@fdp/archive-worker:build
verify	Run pnpm verify	2026-10-06T10:32:31.4163498Z cache miss, executing bb8c414c06d22476
verify	Run pnpm verify	2026-10-06T10:32:31.4164121Z 
verify	Run pnpm verify	2026-10-06T10:32:31.4165396Z > @fdp/archive-worker@0.0.0 build /home/runner/work/food-digester-platform/food-digester-platform/apps/archive-worker
verify	Run pnpm verify	2026-10-06T10:32:31.4205003Z > tsc -p tsconfig.build.json
verify	Run pnpm verify	2026-10-06T10:32:31.4205511Z 
verify	Run pnpm verify	2026-10-06T10:32:31.4206152Z ##[endgroup]
verify	Run pnpm verify	2026-10-06T10:32:33.1580792Z ##[group]@fdp/ingestion-worker:build
verify	Run pnpm verify	2026-10-06T10:32:33.1609648Z cache miss, executing 17724648ad1fd6e3
verify	Run pnpm verify	2026-10-06T10:32:33.1640009Z 
verify	Run pnpm verify	2026-10-06T10:32:33.1670878Z > @fdp/ingestion-worker@0.0.0 build /home/runner/work/food-digester-platform/food-digester-platform/apps/ingestion-worker
verify	Run pnpm verify	2026-10-06T10:32:33.1720273Z > tsc -p tsconfig.build.json
verify	Run pnpm verify	2026-10-06T10:32:33.1750076Z 
verify	Run pnpm verify	2026-10-06T10:32:33.1750886Z ##[endgroup]
verify	Run pnpm verify	2026-10-06T10:32:35.4111007Z ##[group]@fdp/infra:build
verify	Run pnpm verify	2026-10-06T10:32:35.4111902Z cache miss, executing ae15db771adc85e4
verify	Run pnpm verify	2026-10-06T10:32:35.4112506Z 
verify	Run pnpm verify	2026-10-06T10:32:35.4113517Z > @fdp/infra@0.0.0 build /home/runner/work/food-digester-platform/food-digester-platform/infra
verify	Run pnpm verify	2026-10-06T10:32:35.4114703Z > tsc -p tsconfig.build.json
verify	Run pnpm verify	2026-10-06T10:32:35.4115237Z 
verify	Run pnpm verify	2026-10-06T10:32:35.4115870Z ##[endgroup]
verify	Run pnpm verify	2026-10-06T10:32:35.8215596Z ##[group]@fdp/cloud-api:build
verify	Run pnpm verify	2026-10-06T10:32:35.8216093Z cache miss, executing bc29f07f8a7a980b
verify	Run pnpm verify	2026-10-06T10:32:35.8216314Z 
verify	Run pnpm verify	2026-10-06T10:32:35.8216800Z > @fdp/cloud-api@0.0.0 build /home/runner/work/food-digester-platform/food-digester-platform/apps/cloud-api
verify	Run pnpm verify	2026-10-06T10:32:35.8217686Z > tsc -p tsconfig.build.json
verify	Run pnpm verify	2026-10-06T10:32:35.8218003Z 
verify	Run pnpm verify	2026-10-06T10:32:35.8218419Z ##[endgroup]
verify	Run pnpm verify	2026-10-06T10:32:39.0900488Z ##[group]@fdp/admin-web:build
verify	Run pnpm verify	2026-10-06T10:32:39.0901168Z cache miss, executing 67a2779321d7ff3e
verify	Run pnpm verify	2026-10-06T10:32:39.0901499Z 
verify	Run pnpm verify	2026-10-06T10:32:39.0902249Z > @fdp/admin-web@0.0.0 build /home/runner/work/food-digester-platform/food-digester-platform/apps/admin-web
verify	Run pnpm verify	2026-10-06T10:32:39.0902930Z > tsc -p tsconfig.build.json && vite build
verify	Run pnpm verify	2026-10-06T10:32:39.0903162Z 
verify	Run pnpm verify	2026-10-06T10:32:39.0903719Z ^[[36mvite v8.2.2 ^[[32mbuilding client environment for production...^[[36m^[[39m
verify	Run pnpm verify	2026-10-06T10:32:39.0904135Z transforming...
verify	Run pnpm verify	2026-10-06T10:32:39.0904445Z ✓ 1609 modules transformed.
verify	Run pnpm verify	2026-10-06T10:32:39.0904745Z rendering chunks...
verify	Run pnpm verify	2026-10-06T10:32:39.0904972Z computing gzip size...
verify	Run pnpm verify	2026-10-06T10:32:39.0905440Z dist/web/index.html                     0.46 kB │ gzip:   0.32 kB
verify	Run pnpm verify	2026-10-06T10:32:39.0906330Z dist/web/assets/index-CecZB0A0.css     19.08 kB │ gzip:   5.07 kB
verify	Run pnpm verify	2026-10-06T10:32:39.0906903Z dist/web/assets/index-D1EpTElP.js   1,357.74 kB │ gzip: 417.92 kB
verify	Run pnpm verify	2026-10-06T10:32:39.0907164Z 
verify	Run pnpm verify	2026-10-06T10:32:39.0907314Z ^[[32m✓ built in 533ms^[[39m
verify	Run pnpm verify	2026-10-06T10:32:39.0907675Z ^[[33m[plugin builtin:vite-reporter] 
verify	Run pnpm verify	2026-10-06T10:32:39.0908127Z (!) Some chunks are larger than 500 kB after minification. Consider:
verify	Run pnpm verify	2026-10-06T10:32:39.0908606Z - Using dynamic import() to code-split the application
verify	Run pnpm verify	2026-10-06T10:32:39.0909928Z - Use build.rolldownOptions.output.codeSplitting to improve chunking: https://rolldown.rs/reference/OutputOptions.codeSplitting
verify	Run pnpm verify	2026-10-06T10:32:39.0910891Z - Adjust chunk size limit for this warning via build.chunkSizeWarningLimit.^[[39m
verify	Run pnpm verify	2026-10-06T10:32:39.0911506Z ##[endgroup]
verify	Run pnpm verify	2026-10-06T10:32:39.0945126Z 
verify	Run pnpm verify	2026-10-06T10:32:39.0945418Z  Tasks:    14 successful, 14 total
verify	Run pnpm verify	2026-10-06T10:32:39.0945915Z Cached:    8 cached, 14 total
verify	Run pnpm verify	2026-10-06T10:32:39.0946315Z   Time:    15.906s 
verify	Run pnpm verify	2026-10-06T10:32:39.0946541Z 
verify	Run pnpm verify	2026-10-06T10:32:39.4339968Z 
verify	Run pnpm verify	2026-10-06T10:32:39.4341298Z > food-digester-platform@0.0.0 check:boundaries /home/runner/work/food-digester-platform/food-digester-platform
verify	Run pnpm verify	2026-10-06T10:32:39.4342506Z > node scripts/check-boundaries.mjs
verify	Run pnpm verify	2026-10-06T10:32:39.4342873Z 
verify	Run pnpm verify	2026-10-06T10:32:39.4628095Z 检查 13 个工作区包
verify	Run pnpm verify	2026-10-06T10:32:39.4630776Z 模块边界与循环依赖检查通过
verify	Run pnpm verify	2026-10-06T10:32:39.7566737Z 
verify	Run pnpm verify	2026-10-06T10:32:39.7567540Z > food-digester-platform@0.0.0 check:schemas /home/runner/work/food-digester-platform/food-digester-platform
verify	Run pnpm verify	2026-10-06T10:32:39.7568222Z > node scripts/check-schemas.mjs
verify	Run pnpm verify	2026-10-06T10:32:39.7568402Z 
verify	Run pnpm verify	2026-10-06T10:32:39.9330989Z OpenAPI / JSON Schema 校验通过
verify	Run pnpm verify	2026-10-06T10:32:40.2270619Z 
verify	Run pnpm verify	2026-10-06T10:32:40.2271820Z > food-digester-platform@0.0.0 check:migrations /home/runner/work/food-digester-platform/food-digester-platform
verify	Run pnpm verify	2026-10-06T10:32:40.2272490Z > node scripts/check-migrations.mjs
verify	Run pnpm verify	2026-10-06T10:32:40.2272690Z 
verify	Run pnpm verify	2026-10-06T10:32:44.8103601Z Migration 结构与 Prisma Schema 漂移检查通过
verify	Run pnpm verify	2026-10-06T10:32:45.1125544Z 
verify	Run pnpm verify	2026-10-06T10:32:45.1126467Z > food-digester-platform@0.0.0 check:evidence /home/runner/work/food-digester-platform/food-digester-platform
verify	Run pnpm verify	2026-10-06T10:32:45.1127233Z > node scripts/check-eng-db-dom-evidence.mjs
verify	Run pnpm verify	2026-10-06T10:32:45.1127482Z 
verify	Run pnpm verify	2026-10-06T10:32:45.1529232Z ENG/DB/DOM/IAC/AUTH/SEC/BE-IOT/BE-ARC/RPL/ESG/管理后台业务与前端 证据与开发文档检查通过
verify	Run pnpm verify	2026-10-06T10:32:45.4498011Z 
verify	Run pnpm verify	2026-10-06T10:32:45.4499536Z > food-digester-platform@0.0.0 check:secrets /home/runner/work/food-digester-platform/food-digester-platform
verify	Run pnpm verify	2026-10-06T10:32:45.4500718Z > node scripts/check-secrets.mjs
verify	Run pnpm verify	2026-10-06T10:32:45.4501064Z 
verify	Run pnpm verify	2026-10-06T10:32:46.0171111Z 敏感信息扫描通过
verify	Run pnpm verify	2026-10-06T10:32:46.3214099Z 
verify	Run pnpm verify	2026-10-06T10:32:46.3215598Z > food-digester-platform@0.0.0 check:sensitive-sinks /home/runner/work/food-digester-platform/food-digester-platform
verify	Run pnpm verify	2026-10-06T10:32:46.3216778Z > node scripts/check-sensitive-sinks.mjs
verify	Run pnpm verify	2026-10-06T10:32:46.3217131Z 
verify	Run pnpm verify	2026-10-06T10:32:46.3895608Z 生产日志与 Trace sink 脱敏门禁通过
verify	Run pnpm verify	2026-10-06T10:32:46.6908533Z 
verify	Run pnpm verify	2026-10-06T10:32:46.6909768Z > food-digester-platform@0.0.0 check:admin-web-delivery /home/runner/work/food-digester-platform/food-digester-platform
verify	Run pnpm verify	2026-10-06T10:32:46.6910527Z > node scripts/check-admin-web-delivery.mjs
verify	Run pnpm verify	2026-10-06T10:32:46.6910761Z 
verify	Run pnpm verify	2026-10-06T10:32:46.7534404Z 管理后台交付检查通过：入口、组合根、路由页面、OpenAPI operationId、CSS 与浏览器构建产物均已就绪
verify	Run pnpm verify	2026-10-06T10:32:47.0574488Z 
verify	Run pnpm verify	2026-10-06T10:32:47.0575962Z > food-digester-platform@0.0.0 check:admin-web-e2e /home/runner/work/food-digester-platform/food-digester-platform
verify	Run pnpm verify	2026-10-06T10:32:47.0577399Z > pnpm --filter @fdp/admin-web test:e2e
verify	Run pnpm verify	2026-10-06T10:32:47.0577839Z 
verify	Run pnpm verify	2026-10-06T10:32:47.3641375Z 
verify	Run pnpm verify	2026-10-06T10:32:47.3642363Z > @fdp/admin-web@0.0.0 test:e2e /home/runner/work/food-digester-platform/food-digester-platform/apps/admin-web
verify	Run pnpm verify	2026-10-06T10:32:47.3643084Z > playwright test
verify	Run pnpm verify	2026-10-06T10:32:47.3643253Z 
verify	Run pnpm verify	2026-10-06T10:32:55.4149241Z [WebServer] [plugin builtin:vite-reporter] 
verify	Run pnpm verify	2026-10-06T10:32:55.4166818Z [WebServer] (!) Some chunks are larger than 500 kB after minification. Consider:
verify	Run pnpm verify	2026-10-06T10:32:55.4167806Z 
verify	Run pnpm verify	2026-10-06T10:32:55.4168522Z [WebServer] - Using dynamic import() to code-split the application
verify	Run pnpm verify	2026-10-06T10:32:55.4170461Z [WebServer] - Use build.rolldownOptions.output.codeSplitting to improve chunking: https://rolldown.rs/reference/OutputOptions.codeSplitting
verify	Run pnpm verify	2026-10-06T10:32:55.4172143Z [WebServer] - Adjust chunk size limit for this warning via build.chunkSizeWarningLimit.
verify	Run pnpm verify	2026-10-06T10:32:56.8486554Z 
verify	Run pnpm verify	2026-10-06T10:32:56.8487271Z Running 36 tests using 1 worker
verify	Run pnpm verify	2026-10-06T10:32:56.8487955Z 
verify	Run pnpm verify	2026-10-06T10:32:57.2720986Z [1/36] e2e/admin-web.spec.ts:15:1 › H-01 API 拒绝停用会话后清除浏览器会话并返回登录
verify	Run pnpm verify	2026-10-06T10:32:59.4813884Z [2/36] e2e/admin-web.spec.ts:42:1 › M-01 CustomerViewer 从菜单查询设备用户详情，全部写入口隐藏
verify	Run pnpm verify	2026-10-06T10:33:00.1109087Z [3/36] e2e/admin-web.spec.ts:88:1 › 无 Token 安全回登录；五角色菜单和受限路由均由组合根守卫
verify	Run pnpm verify	2026-10-06T10:33:04.1018727Z [4/36] e2e/admin-web.spec.ts:116:1 › 刷新失败清会话，API 403 保留会话并呈现无权
verify	Run pnpm verify	2026-10-06T10:33:04.9717480Z [5/36] e2e/admin-web.spec.ts:138:1 › Customer scope 与 Dashboard 离线/无 entitlement 动作在真实浏览器失败关闭
verify	Run pnpm verify	2026-10-06T10:33:05.7200223Z [6/36] e2e/admin-web.spec.ts:175:1 › Onboarding 审批双击只提交一次，展示录入来源和证书状态
verify	Run pnpm verify	2026-10-06T10:33:06.4402048Z [7/36] e2e/admin-web.spec.ts:220:1 › Customer/Site CRUD 关键路径：创建、非法时区、关联停用提示与 409
verify	Run pnpm verify	2026-10-06T10:33:08.6929606Z [8/36] e2e/admin-web.spec.ts:343:1 › 1440/768/375 响应式布局、横向表格和对话框键盘边界
verify	Run pnpm verify	2026-10-06T10:33:10.7452937Z [9/36] e2e/admin-web.spec.ts:429:1 › FE-06 至 FE-10 六个生产路由可运行，并覆盖成功、空态、分页入口、时区与响应式
verify	Run pnpm verify	2026-10-06T10:33:12.7533382Z [10/36] e2e/admin-web.spec.ts:471:1 › FE-06 至 FE-10 在 403/404、Customer scope、详情焦点与重复提交场景失败关闭
verify	Run pnpm verify	2026-10-06T10:33:15.2914426Z [11/36] e2e/admin-web.spec.ts:547:1 › FE-11 至 FE-15 七个生产路由由真实控制器驱动，并覆盖媒体签发与审计详情
verify	Run pnpm verify	2026-10-06T10:33:20.5858818Z [12/36] e2e/admin-web.spec.ts:611:1 › FE-11 至 FE-15 API 403 与路由角色边界在真实浏览器失败关闭
verify	Run pnpm verify	2026-10-06T10:33:21.4229970Z [13/36] e2e/admin-web.spec.ts:628:1 › FE-17 新建权限与零设备第二阶段在真实浏览器失败关闭
verify	Run pnpm verify	2026-10-06T10:33:22.5035852Z [14/36] e2e/admin-web.spec.ts:699:1 › FE-18 Chromium 覆盖 unknown/stale、联系人按需零预载与申请状态机
verify	Run pnpm verify	2026-10-06T10:33:23.6809158Z [15/36] e2e/admin-web.spec.ts:803:1 › FE-16 Chromium 覆盖邀请、角色、Scope、重置与设置 409 回源
verify	Run pnpm verify	2026-10-06T10:33:25.5829874Z [16/36] e2e/admin-web.spec.ts:927:1 › FE-17 Chromium 覆盖绑定、解绑、续约与终止并保留 License 边界
verify	Run pnpm verify	2026-10-06T10:33:27.2201074Z [17/36] e2e/admin-web.spec.ts:1102:5 › FE-19 Chromium 22 个生产路由：zh-CN / 375px
verify	Run pnpm verify	2026-10-06T10:33:33.8407356Z [18/36] e2e/admin-web.spec.ts:1102:5 › FE-19 Chromium 22 个生产路由：zh-CN / 768px
verify	Run pnpm verify	2026-10-06T10:33:40.6572308Z [19/36] e2e/admin-web.spec.ts:1102:5 › FE-19 Chromium 22 个生产路由：zh-CN / 1440px
verify	Run pnpm verify	2026-10-06T10:33:47.2525526Z [20/36] e2e/admin-web.spec.ts:1102:5 › FE-19 Chromium 22 个生产路由：en / 375px
verify	Run pnpm verify	2026-10-06T10:33:53.5055854Z [21/36] e2e/admin-web.spec.ts:1102:5 › FE-19 Chromium 22 个生产路由：en / 768px
verify	Run pnpm verify	2026-10-06T10:34:00.0120601Z [22/36] e2e/admin-web.spec.ts:1102:5 › FE-19 Chromium 22 个生产路由：en / 1440px
verify	Run pnpm verify	2026-10-06T10:34:06.6746758Z [23/36] e2e/admin-web.spec.ts:1123:1 › FE-19 语言选择在刷新后保持
verify	Run pnpm verify	2026-10-06T10:34:07.3627625Z [24/36] e2e/admin-web.spec.ts:1135:1 › QA-09 设备管理长别名和序列号在375px完整换行且不裁切
verify	Run pnpm verify	2026-10-06T10:34:09.1702080Z [25/36] e2e/qa05-workflows.spec.ts:33:3 › QA05 role route and button matrix PlatformSuperAdmin
verify	Run pnpm verify	2026-10-06T10:34:19.1436077Z [26/36] e2e/qa05-workflows.spec.ts:33:3 › QA05 role route and button matrix PlatformOperator
verify	Run pnpm verify	2026-10-06T10:34:28.3159474Z [27/36] e2e/qa05-workflows.spec.ts:33:3 › QA05 role route and button matrix Auditor
verify	Run pnpm verify	2026-10-06T10:34:37.3538723Z [28/36] e2e/qa05-workflows.spec.ts:33:3 › QA05 role route and button matrix CustomerAdmin
verify	Run pnpm verify	2026-10-06T10:34:45.0105259Z [29/36] e2e/qa05-workflows.spec.ts:33:3 › QA05 role route and button matrix CustomerViewer
verify	Run pnpm verify	2026-10-06T10:34:52.3039000Z [30/36] e2e/qa05-workflows.spec.ts:80:1 › QA05 login SRP MFA error success logout without persisting password
verify	Run pnpm verify	2026-10-06T10:34:53.2353022Z [31/36] e2e/qa05-workflows.spec.ts:146:1 › QA05 ESG cursor totals export snapshot timezone and empty state
verify	Run pnpm verify	2026-10-06T10:34:54.4561610Z [32/36] e2e/qa05-workflows.spec.ts:216:1 › QA05 Command dangerous confirmation terminal result and publish failure
verify	Run pnpm verify	2026-10-06T10:34:55.9012326Z [33/36] e2e/qa05-workflows.spec.ts:271:1 › QA05 Media expiry renew 403 and audit read-only zero writes
verify	Run pnpm verify	2026-10-06T10:34:57.0857868Z [34/36] e2e/ui-redesign.spec.ts:12:3 › UI redesign: all business routes at 1366x768
verify	Run pnpm verify	2026-10-06T10:35:15.5326266Z [35/36] e2e/ui-redesign.spec.ts:12:3 › UI redesign: all business routes at 1440x900
verify	Run pnpm verify	2026-10-06T10:35:33.8358613Z [36/36] e2e/ui-redesign.spec.ts:12:3 › UI redesign: all business routes at 1920x1080
verify	Run pnpm verify	2026-10-06T10:35:52.5033374Z   36 passed (3.1m)
verify	Run pnpm verify	2026-10-06T10:35:52.8409726Z 
verify	Run pnpm verify	2026-10-06T10:35:52.8411299Z > food-digester-platform@0.0.0 check:cmd-ota-delivery /home/runner/work/food-digester-platform/food-digester-platform
verify	Run pnpm verify	2026-10-06T10:35:52.8412888Z > pnpm check:runtime && pnpm check:cdk
verify	Run pnpm verify	2026-10-06T10:35:52.8413484Z 
verify	Run pnpm verify	2026-10-06T10:35:53.1420665Z 
verify	Run pnpm verify	2026-10-06T10:35:53.1421918Z > food-digester-platform@0.0.0 check:runtime /home/runner/work/food-digester-platform/food-digester-platform
verify	Run pnpm verify	2026-10-06T10:35:53.1423272Z > node --import tsx scripts/check-delivered-runtime.mjs
verify	Run pnpm verify	2026-10-06T10:35:53.1423760Z 
verify	Run pnpm verify	2026-10-06T10:35:53.2442440Z 已交付 REST 生产路由与 OpenAPI 双向一致（129 operations）
verify	Run pnpm verify	2026-10-06T10:35:53.5504422Z 
verify	Run pnpm verify	2026-10-06T10:35:53.5505652Z > food-digester-platform@0.0.0 check:cdk /home/runner/work/food-digester-platform/food-digester-platform
verify	Run pnpm verify	2026-10-06T10:35:53.5506740Z > node scripts/check-cdk-synth.mjs
verify	Run pnpm verify	2026-10-06T10:35:53.5507078Z 
verify	Run pnpm verify	2026-10-06T10:36:09.2872699Z CDK synth 无 warning；已交付 Lambda asset 与 CMD/OTA 生产接线 Gate 通过
verify	Run pnpm verify	2026-10-06T10:36:09.5956652Z 
verify	Run pnpm verify	2026-10-06T10:36:09.5957842Z > food-digester-platform@0.0.0 test:device-contracts /home/runner/work/food-digester-platform/food-digester-platform
verify	Run pnpm verify	2026-10-06T10:36:09.5959119Z > node --import tsx scripts/run-contract-suite.mjs /tmp/fdp-device-contracts-gate.json
verify	Run pnpm verify	2026-10-06T10:36:09.5959809Z 
verify	Run pnpm verify	2026-10-06T10:36:10.5280097Z ✔ QA-02 MQTT heartbeat: all valid/invalid fixtures, missing meta and type mutation (9.53236ms)
verify	Run pnpm verify	2026-10-06T10:36:10.5288411Z ✔ QA-02 MQTT telemetry: all valid/invalid fixtures, missing meta and type mutation (4.708242ms)
verify	Run pnpm verify	2026-10-06T10:36:10.5290921Z ✔ QA-02 MQTT report: all valid/invalid fixtures, missing meta and type mutation (4.773884ms)
verify	Run pnpm verify	2026-10-06T10:36:10.5293477Z ✔ QA-02 MQTT alarm: all valid/invalid fixtures, missing meta and type mutation (3.396405ms)
verify	Run pnpm verify	2026-10-06T10:36:10.5295531Z ✔ QA-02 MQTT event: all valid/invalid fixtures, missing meta and type mutation (2.716817ms)
verify	Run pnpm verify	2026-10-06T10:36:10.5297013Z ✔ QA-02 MQTT ack: all valid/invalid fixtures, missing meta and type mutation (3.071138ms)
verify	Run pnpm verify	2026-10-06T10:36:10.5298673Z ✔ QA-02 MQTT tamper: all valid/invalid fixtures, missing meta and type mutation (3.490921ms)
verify	Run pnpm verify	2026-10-06T10:36:10.5300513Z ✔ QA-02 MQTT media: all valid/invalid fixtures, missing meta and type mutation (3.024512ms)
verify	Run pnpm verify	2026-10-06T10:36:10.5302217Z ✔ QA-02 MQTT cmd: all valid/invalid fixtures, missing meta and type mutation (3.352774ms)
verify	Run pnpm verify	2026-10-06T10:36:10.5317512Z ✔ QA-02 MQTT ota: all valid/invalid fixtures, missing meta and type mutation (3.562575ms)
verify	Run pnpm verify	2026-10-06T10:36:10.5319088Z ✔ QA-02 MQTT notification: all valid/invalid fixtures, missing meta and type mutation (2.928683ms)
verify	Run pnpm verify	2026-10-06T10:36:10.5322782Z ✔ MQTT semantic hash, discriminator and UTC calendar errors fail closed (0.995327ms)
verify	Run pnpm verify	2026-10-06T10:36:10.5324537Z ✔ full REST response: field deletion/type mutation/envelope/date/errors/status/headers are enforced (7.385926ms)
verify	Run pnpm verify	2026-10-06T10:36:10.5338765Z ✔ REST request validation: required body/path/query/header, optional Sync, bodyless Deactivate, no type coercion in JSON (9.692979ms)
verify	Run pnpm verify	2026-10-06T10:36:10.5341811Z ✔ all device operations and declared response JSON Schemas compile; stable error catalog has no duplicates (62.250147ms)
verify	Run pnpm verify	2026-10-06T10:36:10.5343658Z ✔ predecessor MQTT is compatible; known REST break requires exact version and frozen DEC approvals (36.009244ms)
verify	Run pnpm verify	2026-10-06T10:36:10.5345611Z ✔ breaking contract mutations fail: removing fields/operations/status, changing type/required/security (105.577039ms)
verify	Run pnpm verify	2026-10-06T10:36:10.5347461Z ✔ receipt coverage gate fails closed for missing operations/statuses, no valid request and forged records (0.686681ms)
verify	Run pnpm verify	2026-10-06T10:36:10.5362930Z ✔ archived CSR upgrade mapping still verifies original baselines without rewriting history (4.506475ms)
verify	Run pnpm verify	2026-10-06T10:36:10.5364061Z ℹ tests 19
verify	Run pnpm verify	2026-10-06T10:36:10.5364439Z ℹ suites 0
verify	Run pnpm verify	2026-10-06T10:36:10.5364784Z ℹ pass 19
verify	Run pnpm verify	2026-10-06T10:36:10.5365134Z ℹ fail 0
verify	Run pnpm verify	2026-10-06T10:36:10.5365475Z ℹ cancelled 0
verify	Run pnpm verify	2026-10-06T10:36:10.5365712Z ℹ skipped 0
verify	Run pnpm verify	2026-10-06T10:36:10.5365933Z ℹ todo 0
verify	Run pnpm verify	2026-10-06T10:36:10.5366178Z ℹ duration_ms 609.753584
verify	Run pnpm verify	2026-10-06T10:36:31.9050205Z 
verify	Run pnpm verify	2026-10-06T10:36:31.9051500Z ^[[1m^[[30m^[[46m RUN ^[[49m^[[39m^[[22m ^[[36mv4.1.11 ^[[39m^[[90m/home/runner/work/food-digester-platform/food-digester-platform^[[39m
verify	Run pnpm verify	2026-10-06T10:36:31.9052390Z 
verify	Run pnpm verify	2026-10-06T10:36:31.9053432Z  ^[[32m✓^[[39m apps/cloud-api/test/license-sync-lifecycle.test.ts ^[[2m(^[[22m^[[2m10 tests^[[22m^[[2m)^[[22m^[[33m 6090^[[2mms^[[22m^[[39m
verify	Run pnpm verify	2026-10-06T10:36:31.9055488Z    ^[[33m^[[2m✓^[[22m^[[39m real PostgreSQL: served snapshot and signed local verification drive Assigned→Licensed→Active once ^[[33m 859^[[2mms^[[22m^[[39m
verify	Run pnpm verify	2026-10-06T10:36:31.9057225Z    ^[[33m^[[2m✓^[[22m^[[39m expired/revoked licenses and changed assignment cannot activate a device ^[[33m 372^[[2mms^[[22m^[[39m
verify	Run pnpm verify	2026-10-06T10:36:31.9058147Z  ^[[32m✓^[[39m apps/cloud-api/test/ota-dispatch.test.ts ^[[2m(^[[22m^[[2m16 tests^[[22m^[[2m)^[[22m^[[33m 6170^[[2mms^[[22m^[[39m
verify	Run pnpm verify	2026-10-06T10:36:31.9062275Z      ^[[33m^[[2m✓^[[22m^[[39m 成功下发：OTA Topic + CT-03 载荷（schema 校验）+ 15 分钟 URL + NOTIFIED + 历史 + OTA_AVAILABLE + PUBLICATION 归档 ^[[33m 493^[[2mms^[[22m^[[39m
verify	Run pnpm verify	2026-10-06T10:36:31.9064099Z  ^[[32m✓^[[39m apps/cloud-api/test/certificate-rotate.test.ts ^[[2m(^[[22m^[[2m8 tests^[[22m^[[2m)^[[22m^[[33m 8167^[[2mms^[[22m^[[39m
verify	Run pnpm verify	2026-10-06T10:36:31.9065444Z      ^[[33m^[[2m✓^[[22m^[[39m 缺失 CSR 不签发；AWS attach 失败保留可重试停用记录并保留旧证 ^[[33m 757^[[2mms^[[22m^[[39m
verify	Run pnpm verify	2026-10-06T10:36:31.9066393Z      ^[[33m^[[2m✓^[[22m^[[39m 正向：返回五字段证书包；双证书窗口（旧证仍可用）；私钥不落库/审计 ^[[33m 380^[[2mms^[[22m^[[39m
verify	Run pnpm verify	2026-10-06T10:36:31.9067354Z      ^[[33m^[[2m✓^[[22m^[[39m 旧证书错误/跨设备拒绝：缺字段 400；与身份不符 403（含他设备证书） ^[[33m 696^[[2mms^[[22m^[[39m
verify	Run pnpm verify	2026-10-06T10:36:31.9068287Z      ^[[33m^[[2m✓^[[22m^[[39m 旧证书撤销/过期 → 401（认证层先行拒绝） ^[[33m 326^[[2mms^[[22m^[[39m
verify	Run pnpm verify	2026-10-06T10:36:31.9069179Z      ^[[33m^[[2m✓^[[22m^[[39m 响应不确定重试：撤销未确认证书并重签，不重复下发同一私钥 ^[[33m 548^[[2mms^[[22m^[[39m
verify	Run pnpm verify	2026-10-06T10:36:31.9070389Z      ^[[33m^[[2m✓^[[22m^[[39m 成功提交后、首个新证 Heartbeat 前重复请求稳定冲突且不撤证重签 ^[[33m 513^[[2mms^[[22m^[[39m
verify	Run pnpm verify	2026-10-06T10:36:31.9071389Z      ^[[33m^[[2m✓^[[22m^[[39m 部分失败（发证后 attach 失败）可重试：不建孤儿业务记录，重试成功 ^[[33m 334^[[2mms^[[22m^[[39m
verify	Run pnpm verify	2026-10-06T10:36:31.9072369Z  ^[[32m✓^[[39m apps/cloud-api/test/device-sync.test.ts ^[[2m(^[[22m^[[2m13 tests^[[22m^[[2m)^[[22m^[[33m 5082^[[2mms^[[22m^[[39m
verify	Run pnpm verify	2026-10-06T10:36:31.9074248Z      ^[[33m^[[2m✓^[[22m^[[39m 六域齐备：Assignment/Alias/License+签名/Device Users+验证材料/Configuration/Operational Status ^[[33m 546^[[2mms^[[22m^[[39m
verify	Run pnpm verify	2026-10-06T10:36:31.9075254Z  ^[[32m✓^[[39m apps/cloud-api/test/csr-onboarding.test.ts ^[[2m(^[[22m^[[2m1 test^[[22m^[[2m)^[[22m^[[33m 4844^[[2mms^[[22m^[[39m
verify	Run pnpm verify	2026-10-06T10:36:31.9075979Z      ^[[33m^[[2m✓^[[22m^[[39m 匿名申请、相同公钥幂等、换钥冲突；签名轮询拒绝重放 ^[[33m 606^[[2mms^[[22m^[[39m
verify	Run pnpm verify	2026-10-06T10:36:31.9076926Z  ^[[32m✓^[[39m apps/cloud-api/test/media.test.ts ^[[2m(^[[22m^[[2m12 tests^[[22m^[[2m)^[[22m^[[33m 5213^[[2mms^[[22m^[[39m
verify	Run pnpm verify	2026-10-06T10:36:31.9077787Z      ^[[33m^[[2m✓^[[22m^[[39m 认证与生命周期：无证书/未知证书 → 401；Suspended/Retired/未分配 Customer → 403 ^[[33m 477^[[2mms^[[22m^[[39m
verify	Run pnpm verify	2026-10-06T10:36:31.9078634Z  ^[[32m✓^[[39m apps/cloud-api/test/qa02-device-errors.test.ts ^[[2m(^[[22m^[[2m6 tests^[[22m^[[2m)^[[22m^[[32m 126^[[2mms^[[22m^[[39m
verify	Run pnpm verify	2026-10-06T10:36:31.9080851Z  ^[[32m✓^[[39m apps/cloud-api/test/certificate-status.test.ts ^[[2m(^[[22m^[[2m8 tests^[[22m^[[2m)^[[22m^[[33m 4677^[[2mms^[[22m^[[39m
verify	Run pnpm verify	2026-10-06T10:36:31.9081794Z      ^[[33m^[[2m✓^[[22m^[[39m ACTIVE：剩余 45 天 → ACTIVE，daysRemaining/expiryDate 按 UTC ^[[33m 339^[[2mms^[[22m^[[39m
verify	Run pnpm verify	2026-10-06T10:36:31.9082694Z  ^[[32m✓^[[39m apps/cloud-api/test/device-lambda-composition.test.ts ^[[2m(^[[22m^[[2m13 tests^[[22m^[[2m)^[[22m^[[32m 20^[[2mms^[[22m^[[39m
verify	Run pnpm verify	2026-10-06T10:36:31.9083623Z  ^[[32m✓^[[39m apps/cloud-api/test/device-deactivate.test.ts ^[[2m(^[[22m^[[2m11 tests^[[22m^[[2m)^[[22m^[[33m 4317^[[2mms^[[22m^[[39m
verify	Run pnpm verify	2026-10-06T10:36:31.9084070Z 
verify	Run pnpm verify	2026-10-06T10:36:31.9084382Z ^[[2m Test Files ^[[22m ^[[1m^[[32m10 passed^[[39m^[[22m^[[90m (10)^[[39m
verify	Run pnpm verify	2026-10-06T10:36:31.9084910Z ^[[2m      Tests ^[[22m ^[[1m^[[32m98 passed^[[39m^[[22m^[[90m (98)^[[39m
verify	Run pnpm verify	2026-10-06T10:36:31.9085318Z ^[[2m   Start at ^[[22m 10:36:10
verify	Run pnpm verify	2026-10-06T10:36:31.9085998Z ^[[2m   Duration ^[[22m 20.99s^[[2m (transform 3.17s, setup 138ms, import 14.26s, tests 44.71s, environment 2ms)^[[22m
verify	Run pnpm verify	2026-10-06T10:36:31.9086403Z 
verify	Run pnpm verify	2026-10-06T10:36:31.9111237Z QA-02 PASS: 11 MQTT schemas, 8 device operations, 168 checked Handler responses
verify	Run pnpm verify	2026-10-06T10:36:32.2206332Z 
verify	Run pnpm verify	2026-10-06T10:36:32.2207775Z > food-digester-platform@0.0.0 test:iot-integration /home/runner/work/food-digester-platform/food-digester-platform
verify	Run pnpm verify	2026-10-06T10:36:32.2209840Z > node --import tsx scripts/run-iot-integration.mjs /tmp/fdp-iot-integration-gate.json
verify	Run pnpm verify	2026-10-06T10:36:32.2210639Z 
verify	Run pnpm verify	2026-10-06T10:36:45.4739797Z 
verify	Run pnpm verify	2026-10-06T10:36:45.4741177Z ^[[1m^[[30m^[[46m RUN ^[[49m^[[39m^[[22m ^[[36mv4.1.11 ^[[39m^[[90m/home/runner/work/food-digester-platform/food-digester-platform^[[39m
verify	Run pnpm verify	2026-10-06T10:36:45.4741981Z 
verify	Run pnpm verify	2026-10-06T10:36:45.4742846Z  ^[[32m✓^[[39m apps/ingestion-worker/test/qa03-data-path.test.ts ^[[2m(^[[22m^[[2m5 tests^[[22m^[[2m)^[[22m^[[33m 11737^[[2mms^[[22m^[[39m
verify	Run pnpm verify	2026-10-06T10:36:45.4743941Z    ^[[33m^[[2m✓^[[22m^[[39m QA03 eight routes: business + receipts + outbox + raw archive, duplicate redelivery ^[[33m 4135^[[2mms^[[22m^[[39m
verify	Run pnpm verify	2026-10-06T10:36:45.4744977Z    ^[[33m^[[2m✓^[[22m^[[39m QA03 partial failure, quarantine retry, payload conflict and gap recovery ^[[33m 1616^[[2mms^[[22m^[[39m
verify	Run pnpm verify	2026-10-06T10:36:45.4745976Z    ^[[33m^[[2m✓^[[22m^[[39m QA03 archive queue outage and manifest failure converge with stable objects ^[[33m 1541^[[2mms^[[22m^[[39m
verify	Run pnpm verify	2026-10-06T10:36:45.4746914Z    ^[[33m^[[2m✓^[[22m^[[39m QA03 business/receipt/outbox transaction rollback then retry ^[[33m 1527^[[2mms^[[22m^[[39m
verify	Run pnpm verify	2026-10-06T10:36:45.4747791Z    ^[[33m^[[2m✓^[[22m^[[39m QA03 isolated resources are cleaned even when the scenario throws ^[[33m 2914^[[2mms^[[22m^[[39m
verify	Run pnpm verify	2026-10-06T10:36:45.4748238Z 
verify	Run pnpm verify	2026-10-06T10:36:45.4748541Z ^[[2m Test Files ^[[22m ^[[1m^[[32m1 passed^[[39m^[[22m^[[90m (1)^[[39m
verify	Run pnpm verify	2026-10-06T10:36:45.4749066Z ^[[2m      Tests ^[[22m ^[[1m^[[32m5 passed^[[39m^[[22m^[[90m (5)^[[39m
verify	Run pnpm verify	2026-10-06T10:36:45.4749865Z ^[[2m   Start at ^[[22m 10:36:32
verify	Run pnpm verify	2026-10-06T10:36:45.4750578Z ^[[2m   Duration ^[[22m 12.77s^[[2m (transform 514ms, setup 22ms, import 880ms, tests 11.74s, environment 0ms)^[[22m
verify	Run pnpm verify	2026-10-06T10:36:45.4750998Z 
verify	Run pnpm verify	2026-10-06T10:36:45.4752107Z ^[[90mstderr^[[2m | apps/ingestion-worker/test/qa03-data-path.test.ts^[[2m > ^[[22m^[[2mQA03 partial failure, quarantine retry, payload conflict and gap recovery
verify	Run pnpm verify	2026-10-06T10:36:45.4753887Z ^[[22m^[[39mingestion message quarantined {
verify	Run pnpm verify	2026-10-06T10:36:45.4754568Z   event: ^[[32m'ingestion.quarantined'^[[39m,
verify	Run pnpm verify	2026-10-06T10:36:45.4755110Z   messageId: ^[[32m'QA03-invalid-json'^[[39m,
verify	Run pnpm verify	2026-10-06T10:36:45.4755477Z   errorType: ^[[32m'INVALID_JSON'^[[39m,
verify	Run pnpm verify	2026-10-06T10:36:45.4755815Z   errorPath: ^[[32m'(root)'^[[39m,
verify	Run pnpm verify	2026-10-06T10:36:45.4756199Z   reason: ^[[32m'message body is not valid JSON'^[[39m
verify	Run pnpm verify	2026-10-06T10:36:45.4756705Z }
verify	Run pnpm verify	2026-10-06T10:36:45.4756805Z 
verify	Run pnpm verify	2026-10-06T10:36:45.4757578Z ^[[90mstderr^[[2m | apps/ingestion-worker/test/qa03-data-path.test.ts^[[2m > ^[[22m^[[2mQA03 partial failure, quarantine retry, payload conflict and gap recovery
verify	Run pnpm verify	2026-10-06T10:36:45.4758367Z ^[[22m^[[39mingestion message quarantined {
verify	Run pnpm verify	2026-10-06T10:36:45.4758753Z   event: ^[[32m'ingestion.quarantined'^[[39m,
verify	Run pnpm verify	2026-10-06T10:36:45.4759144Z   messageId: ^[[32m'QA03-invalid-json'^[[39m,
verify	Run pnpm verify	2026-10-06T10:36:45.4759879Z   errorType: ^[[32m'INVALID_JSON'^[[39m,
verify	Run pnpm verify	2026-10-06T10:36:45.4760231Z   errorPath: ^[[32m'(root)'^[[39m,
verify	Run pnpm verify	2026-10-06T10:36:45.4760609Z   reason: ^[[32m'message body is not valid JSON'^[[39m
verify	Run pnpm verify	2026-10-06T10:36:45.4760914Z }
verify	Run pnpm verify	2026-10-06T10:36:45.4761014Z 
verify	Run pnpm verify	2026-10-06T10:36:45.4762418Z ^[[90mstderr^[[2m | apps/ingestion-worker/test/qa03-data-path.test.ts^[[2m > ^[[22m^[[2mQA03 partial failure, quarantine retry, payload conflict and gap recovery
verify	Run pnpm verify	2026-10-06T10:36:45.4763308Z ^[[22m^[[39mingestion message quarantined {
verify	Run pnpm verify	2026-10-06T10:36:45.4763704Z   event: ^[[32m'ingestion.quarantined'^[[39m,
verify	Run pnpm verify	2026-10-06T10:36:45.4764077Z   messageId: ^[[32m'conflict'^[[39m,
verify	Run pnpm verify	2026-10-06T10:36:45.4764427Z   errorType: ^[[32m'PAYLOAD_CONFLICT'^[[39m,
verify	Run pnpm verify	2026-10-06T10:36:45.4764777Z   errorPath: ^[[32m'meta.seq'^[[39m,
verify	Run pnpm verify	2026-10-06T10:36:45.4765550Z   reason: ^[[32m'receipt key QA03-8C3E1A8B3291-DEV0:telemetry:1 already recorded with different payload hash (security anomaly)'^[[39m,
verify	Run pnpm verify	2026-10-06T10:36:45.4766524Z   iotTopic: ^[[32m'bnx/device/QA03-8C3E1A8B3291-DEV0/telemetry'^[[39m,
verify	Run pnpm verify	2026-10-06T10:36:45.4767058Z   iotDeviceId: ^[[32m'QA03-8C3E1A8B3291-DEV0'^[[39m
verify	Run pnpm verify	2026-10-06T10:36:45.4767363Z }
verify	Run pnpm verify	2026-10-06T10:36:45.4767459Z 
verify	Run pnpm verify	2026-10-06T10:36:45.4768228Z ^[[90mstderr^[[2m | apps/ingestion-worker/test/qa03-data-path.test.ts^[[2m > ^[[22m^[[2mQA03 partial failure, quarantine retry, payload conflict and gap recovery
verify	Run pnpm verify	2026-10-06T10:36:45.4769023Z ^[[22m^[[39mingestion message quarantined {
verify	Run pnpm verify	2026-10-06T10:36:45.4769762Z   event: ^[[32m'ingestion.quarantined'^[[39m,
verify	Run pnpm verify	2026-10-06T10:36:45.4770155Z   messageId: ^[[32m'schema'^[[39m,
verify	Run pnpm verify	2026-10-06T10:36:45.4770495Z   errorType: ^[[32m'SCHEMA_VIOLATION'^[[39m,
verify	Run pnpm verify	2026-10-06T10:36:45.4770871Z   errorPath: ^[[32m'data.deviceStatus'^[[39m,
verify	Run pnpm verify	2026-10-06T10:36:45.4771593Z   reason: ^[[32m'payload violates heartbeat.schema.json: 非法枚举值 "BROKEN"，允许值: ONLINE, DEGRADED, OFFLINE'^[[39m,
verify	Run pnpm verify	2026-10-06T10:36:45.4772321Z   iotTopic: ^[[32m'bnx/device/QA03-8C3E1A8B3291-DEV0/heartbeat'^[[39m,
verify	Run pnpm verify	2026-10-06T10:36:45.4772813Z   iotDeviceId: ^[[32m'QA03-8C3E1A8B3291-DEV0'^[[39m
verify	Run pnpm verify	2026-10-06T10:36:45.4773124Z }
verify	Run pnpm verify	2026-10-06T10:36:45.4773230Z 
verify	Run pnpm verify	2026-10-06T10:36:45.4773993Z ^[[90mstderr^[[2m | apps/ingestion-worker/test/qa03-data-path.test.ts^[[2m > ^[[22m^[[2mQA03 partial failure, quarantine retry, payload conflict and gap recovery
verify	Run pnpm verify	2026-10-06T10:36:45.4774797Z ^[[22m^[[39mingestion message quarantined {
verify	Run pnpm verify	2026-10-06T10:36:45.4775175Z   event: ^[[32m'ingestion.quarantined'^[[39m,
verify	Run pnpm verify	2026-10-06T10:36:45.4775531Z   messageId: ^[[32m'identity'^[[39m,
verify	Run pnpm verify	2026-10-06T10:36:45.4775895Z   errorType: ^[[32m'IDENTITY_VIOLATION'^[[39m,
verify	Run pnpm verify	2026-10-06T10:36:45.4776270Z   errorPath: ^[[32m'iotDeviceId'^[[39m,
verify	Run pnpm verify	2026-10-06T10:36:45.4776733Z   reason: ^[[32m'topic device does not match certificate binding'^[[39m,
verify	Run pnpm verify	2026-10-06T10:36:45.4777286Z   iotTopic: ^[[32m'bnx/device/QA03-8C3E1A8B3291-DEV0/event'^[[39m,
verify	Run pnpm verify	2026-10-06T10:36:45.4777754Z   iotDeviceId: ^[[32m'QA03-8C3E1A8B3291-DEV0'^[[39m
verify	Run pnpm verify	2026-10-06T10:36:45.4778053Z }
verify	Run pnpm verify	2026-10-06T10:36:45.4778154Z 
verify	Run pnpm verify	2026-10-06T10:36:45.4778921Z ^[[90mstderr^[[2m | apps/ingestion-worker/test/qa03-data-path.test.ts^[[2m > ^[[22m^[[2mQA03 archive queue outage and manifest failure converge with stable objects
verify	Run pnpm verify	2026-10-06T10:36:45.4780511Z ^[[22m^[[39marchive validation rejected {
verify	Run pnpm verify	2026-10-06T10:36:45.4780936Z   kind: ^[[32m'archive.validation_rejected'^[[39m,
verify	Run pnpm verify	2026-10-06T10:36:45.4781339Z   messageId: ^[[32m'invalid-archive'^[[39m,
verify	Run pnpm verify	2026-10-06T10:36:45.4781662Z   eventId: ^[[1mnull^[[22m,
verify	Run pnpm verify	2026-10-06T10:36:45.4781935Z   errorPath: ^[[32m'$'^[[39m,
verify	Run pnpm verify	2026-10-06T10:36:45.4782476Z   reason: ^[[32m"Expected property name or '}' in JSON at position 1 (line 1 column 2)"^[[39m,
verify	Run pnpm verify	2026-10-06T10:36:45.4783143Z   rawBody: ^[[32m'{bad'^[[39m
verify	Run pnpm verify	2026-10-06T10:36:45.4783375Z }
verify	Run pnpm verify	2026-10-06T10:36:45.4783475Z 
verify	Run pnpm verify	2026-10-06T10:36:45.7942515Z 
verify	Run pnpm verify	2026-10-06T10:36:45.7943856Z > food-digester-platform@0.0.0 test:core-api-integration /home/runner/work/food-digester-platform/food-digester-platform
verify	Run pnpm verify	2026-10-06T10:36:45.7945555Z > node --import tsx scripts/run-core-api-integration.mjs /tmp/fdp-core-api-integration-gate.json
verify	Run pnpm verify	2026-10-06T10:36:45.7946332Z 
verify	Run pnpm verify	2026-10-06T10:37:20.1199657Z 
verify	Run pnpm verify	2026-10-06T10:37:20.1201315Z ^[[1m^[[30m^[[46m RUN ^[[49m^[[39m^[[22m ^[[36mv4.1.11 ^[[39m^[[90m/home/runner/work/food-digester-platform/food-digester-platform^[[39m
verify	Run pnpm verify	2026-10-06T10:37:20.1202146Z 
verify	Run pnpm verify	2026-10-06T10:37:20.1202983Z  ^[[32m✓^[[39m apps/cloud-api/test/device-sync.test.ts ^[[2m(^[[22m^[[2m13 tests^[[22m^[[2m)^[[22m^[[33m 5759^[[2mms^[[22m^[[39m
verify	Run pnpm verify	2026-10-06T10:37:20.1204072Z      ^[[33m^[[2m✓^[[22m^[[39m 六域齐备：Assignment/Alias/License+签名/Device Users+验证材料/Configuration/Operational Status ^[[33m 697^[[2mms^[[22m^[[39m
verify	Run pnpm verify	2026-10-06T10:37:20.1205068Z  ^[[32m✓^[[39m apps/cloud-api/test/admin-command.test.ts ^[[2m(^[[22m^[[2m15 tests^[[22m^[[2m)^[[22m^[[33m 6322^[[2mms^[[22m^[[39m
verify	Run pnpm verify	2026-10-06T10:37:20.1205836Z      ^[[33m^[[2m✓^[[22m^[[39m ACTIVE 设备：22 个命令全部创建成功并进入 AUTHORIZED ^[[33m 842^[[2mms^[[22m^[[39m
verify	Run pnpm verify	2026-10-06T10:37:20.1206603Z  ^[[32m✓^[[39m apps/cloud-api/test/qa04-core-api.test.ts ^[[2m(^[[22m^[[2m3 tests^[[22m^[[2m)^[[22m^[[33m 11222^[[2mms^[[22m^[[39m
verify	Run pnpm verify	2026-10-06T10:37:20.1207495Z    ^[[33m^[[2m✓^[[22m^[[39m QA04 five roles, two tenants: read scope, mutation and audit boundaries ^[[33m 5149^[[2mms^[[22m^[[39m
verify	Run pnpm verify	2026-10-06T10:37:20.1208398Z    ^[[33m^[[2m✓^[[22m^[[39m QA04 concurrent If-Match writes have one winner and one success audit ^[[33m 2707^[[2mms^[[22m^[[39m
verify	Run pnpm verify	2026-10-06T10:37:20.1209831Z    ^[[33m^[[2m✓^[[22m^[[39m QA04 audit failure rolls back lifecycle/outbox; retry and replay preserve exactly one audit ^[[33m 3362^[[2mms^[[22m^[[39m
verify	Run pnpm verify	2026-10-06T10:37:20.1211194Z  ^[[32m✓^[[39m apps/cloud-api/test/admin-contract-device.test.ts ^[[2m(^[[22m^[[2m8 tests^[[22m^[[2m)^[[22m^[[33m 4698^[[2mms^[[22m^[[39m
verify	Run pnpm verify	2026-10-06T10:37:20.1212111Z      ^[[33m^[[2m✓^[[22m^[[39m 批量关联全成：ACTIVE 关联 + 审计一次；Contract 设备视图含四轴/固件/Region/别名/租期 ^[[33m 331^[[2mms^[[22m^[[39m
verify	Run pnpm verify	2026-10-06T10:37:20.1212978Z  ^[[32m✓^[[39m apps/cloud-api/test/admin-consumable-request.test.ts ^[[2m(^[[22m^[[2m8 tests^[[22m^[[2m)^[[22m^[[33m 4943^[[2mms^[[22m^[[39m
verify	Run pnpm verify	2026-10-06T10:37:20.1213739Z      ^[[33m^[[2m✓^[[22m^[[39m 创建→处理→完成；每步状态/处理人/备注/完成时间/审计 ^[[33m 354^[[2mms^[[22m^[[39m
verify	Run pnpm verify	2026-10-06T10:37:20.1214442Z  ^[[32m✓^[[39m apps/cloud-api/test/admin-alarm.test.ts ^[[2m(^[[22m^[[2m10 tests^[[22m^[[2m)^[[22m^[[33m 5058^[[2mms^[[22m^[[39m
verify	Run pnpm verify	2026-10-06T10:37:20.1215290Z  ^[[32m✓^[[39m apps/cloud-api/test/admin-audit.test.ts ^[[2m(^[[22m^[[2m7 tests^[[22m^[[2m)^[[22m^[[33m 4892^[[2mms^[[22m^[[39m
verify	Run pnpm verify	2026-10-06T10:37:20.1216184Z      ^[[33m^[[2m✓^[[22m^[[39m Auditor/SuperAdmin 可跨 Customer 只读；Operator/Customer 角色 → 403；无 actor → 401 ^[[33m 341^[[2mms^[[22m^[[39m
verify	Run pnpm verify	2026-10-06T10:37:20.1217056Z  ^[[32m✓^[[39m apps/cloud-api/test/admin-license.test.ts ^[[2m(^[[22m^[[2m11 tests^[[22m^[[2m)^[[22m^[[33m 5633^[[2mms^[[22m^[[39m
verify	Run pnpm verify	2026-10-06T10:37:20.1218083Z      ^[[33m^[[2m✓^[[22m^[[39m 完整链路：每步状态/签名/历史/审计/通知各一次 ^[[33m 490^[[2mms^[[22m^[[39m
verify	Run pnpm verify	2026-10-06T10:37:20.1218840Z  ^[[32m✓^[[39m apps/cloud-api/test/admin-device-assignment.test.ts ^[[2m(^[[22m^[[2m9 tests^[[22m^[[2m)^[[22m^[[33m 5198^[[2mms^[[22m^[[39m
verify	Run pnpm verify	2026-10-06T10:37:20.1220440Z      ^[[33m^[[2m✓^[[22m^[[39m Onboarded → Assigned：归属更新 + 状态历史 + 授权窗口 + 恰好一次通知 + 审计 ^[[33m 333^[[2mms^[[22m^[[39m
verify	Run pnpm verify	2026-10-06T10:37:20.1221456Z  ^[[32m✓^[[39m apps/cloud-api/test/admin-esg.test.ts ^[[2m(^[[22m^[[2m10 tests^[[22m^[[2m)^[[22m^[[33m 5412^[[2mms^[[22m^[[39m
verify	Run pnpm verify	2026-10-06T10:37:20.1222928Z      ^[[33m^[[2m✓^[[22m^[[39m overview：最近聚合窗口 + ACTIVE 计算版本 ^[[33m 393^[[2mms^[[22m^[[39m
verify	Run pnpm verify	2026-10-06T10:37:20.1224229Z  ^[[32m✓^[[39m apps/cloud-api/test/admin-onboarding.test.ts ^[[2m(^[[22m^[[2m13 tests^[[22m^[[2m)^[[22m^[[33m 5011^[[2mms^[[22m^[[39m
verify	Run pnpm verify	2026-10-06T10:37:20.1225505Z  ^[[32m✓^[[39m apps/cloud-api/test/admin-device-status.test.ts ^[[2m(^[[22m^[[2m8 tests^[[22m^[[2m)^[[22m^[[33m 5086^[[2mms^[[22m^[[39m
verify	Run pnpm verify	2026-10-06T10:37:20.1226444Z      ^[[33m^[[2m✓^[[22m^[[39m Active→Suspended：状态历史（含 operational 镜像）+ DEVICE_SUSPENDED 通知 + 原因入审计 ^[[33m 416^[[2mms^[[22m^[[39m
verify	Run pnpm verify	2026-10-06T10:37:20.1227338Z  ^[[32m✓^[[39m apps/cloud-api/test/admin-contract.test.ts ^[[2m(^[[22m^[[2m9 tests^[[22m^[[2m)^[[22m^[[33m 5115^[[2mms^[[22m^[[39m
verify	Run pnpm verify	2026-10-06T10:37:20.1228069Z      ^[[33m^[[2m✓^[[22m^[[39m 创建→详情→编辑→激活→续约→终止；每步审计一次、version 递增 ^[[33m 405^[[2mms^[[22m^[[39m
verify	Run pnpm verify	2026-10-06T10:37:20.1228836Z  ^[[32m✓^[[39m apps/cloud-api/test/admin-device-retirement.test.ts ^[[2m(^[[22m^[[2m7 tests^[[22m^[[2m)^[[22m^[[33m 4497^[[2mms^[[22m^[[39m
verify	Run pnpm verify	2026-10-06T10:37:20.1229550Z 
verify	Run pnpm verify	2026-10-06T10:37:20.1230877Z ^[[90mstderr^[[2m | apps/cloud-api/test/qa04-core-api.test.ts^[[2m > ^[[22m^[[2mQA04 audit failure rolls back lifecycle/outbox; retry and replay preserve exactly one audit
verify	Run pnpm verify	2026-10-06T10:37:20.1231851Z ^[[22m^[[39maudit FAILURE 记录写入失败 Error [PrismaClientKnownRequestError]: 
verify	Run pnpm verify	2026-10-06T10:37:20.1232353Z Invalid `client.auditLog.create()` invocation in
verify	Run pnpm verify	2026-10-06T10:37:20.1233021Z /home/runner/work/food-digester-platform/food-digester-platform/packages/database/src/audit.ts:72:25
verify	Run pnpm verify	2026-10-06T10:37:20.1233467Z 
verify	Run pnpm verify	2026-10-06T10:37:20.1233673Z   69 /** 写一条审计记录。可在事务内（tx）或根 client 上调用。 */
verify	Run pnpm verify	2026-10-06T10:37:20.1234191Z   70 export async function recordAudit(client: DbClient, entry: AuditEntry): Promise<void> {
verify	Run pnpm verify	2026-10-06T10:37:20.1234676Z   71   const ctx = getRequestContext();
verify	Run pnpm verify	2026-10-06T10:37:20.1235051Z → 72   await client.auditLog.create(
verify	Run pnpm verify	2026-10-06T10:37:20.1235528Z Database error. Code: `P0001`. Message: `QA04 audit unavailable`
verify	Run pnpm verify	2026-10-06T10:37:20.1237068Z     at redactSensitive ^[[90m(/home/runner/work/food-digester-platform/food-digester-platform/^[[39mpackages/observability/src/redaction.ts:43:19^[[90m)^[[39m
verify	Run pnpm verify	2026-10-06T10:37:20.1237834Z     at Array.map (<anonymous>)
verify	Run pnpm verify	2026-10-06T10:37:20.1238685Z     at Object.error ^[[90m(/home/runner/work/food-digester-platform/food-digester-platform/^[[39mpackages/observability/src/redaction.ts:70:18^[[90m)^[[39m
verify	Run pnpm verify	2026-10-06T10:37:20.1240241Z     at audited ^[[90m(/home/runner/work/food-digester-platform/food-digester-platform/^[[39mpackages/database/src/audit.ts:144:14^[[90m)^[[39m
verify	Run pnpm verify	2026-10-06T10:37:20.1241174Z ^[[90m    at processTicksAndRejections (node:internal/process/task_queues:103:5)^[[39m
verify	Run pnpm verify	2026-10-06T10:37:20.1242486Z     at ^[[90m/home/runner/work/food-digester-platform/food-digester-platform/^[[39mapps/cloud-api/src/admin/device-status/handler.ts:79:20
verify	Run pnpm verify	2026-10-06T10:37:20.1244633Z     at ^[[90m/home/runner/work/food-digester-platform/food-digester-platform/^[[39mapps/cloud-api/src/admin/device-status/handler.ts:104:16
verify	Run pnpm verify	2026-10-06T10:37:20.1247032Z     at Object.suspend ^[[90m(/home/runner/work/food-digester-platform/food-digester-platform/^[[39mapps/cloud-api/test/qa04-observe.ts:18:28^[[90m)^[[39m
verify	Run pnpm verify	2026-10-06T10:37:20.1248678Z     at ^[[90m/home/runner/work/food-digester-platform/food-digester-platform/^[[39mapps/cloud-api/test/qa04-core-api.test.ts:193:20
verify	Run pnpm verify	2026-10-06T10:37:20.1250271Z     at withFixture ^[[90m(/home/runner/work/food-digester-platform/food-digester-platform/^[[39mapps/cloud-api/test/qa04-core-api.test.ts:50:13^[[90m)^[[39m
verify	Run pnpm verify	2026-10-06T10:37:20.1251403Z 
verify	Run pnpm verify	2026-10-06T10:37:20.1252307Z ^[[2m Test Files ^[[22m ^[[1m^[[32m14 passed^[[39m^[[22m^[[90m (14)^[[39m
verify	Run pnpm verify	2026-10-06T10:37:20.1253158Z ^[[2m      Tests ^[[22m ^[[1m^[[32m131 passed^[[39m^[[22m^[[90m (131)^[[39m
verify	Run pnpm verify	2026-10-06T10:37:20.1253595Z ^[[2m   Start at ^[[22m 10:36:46
verify	Run pnpm verify	2026-10-06T10:37:20.1254292Z ^[[2m   Duration ^[[22m 33.84s^[[2m (transform 3.04s, setup 341ms, import 17.10s, tests 78.85s, environment 2ms)^[[22m
verify	Run pnpm verify	2026-10-06T10:37:20.1254688Z 
verify	Run pnpm verify	2026-10-06T10:37:20.1254935Z JSON report written to /tmp/qa04-core-api-AnJZbo/vitest.json
verify	Run pnpm verify	2026-10-06T10:37:20.4500103Z 
verify	Run pnpm verify	2026-10-06T10:37:20.4501528Z > food-digester-platform@0.0.0 test:admin-e2e-suite /home/runner/work/food-digester-platform/food-digester-platform
verify	Run pnpm verify	2026-10-06T10:37:20.4502920Z > node scripts/run-admin-e2e.mjs /tmp/fdp-admin-e2e-gate.json
verify	Run pnpm verify	2026-10-06T10:37:20.4503438Z 
verify	Run pnpm verify	2026-10-06T10:37:21.0950183Z QA05 phase=serial executions=36 workers=1 timeoutMs=660000
verify	Run pnpm verify	2026-10-06T10:40:24.4162389Z 
verify	Run pnpm verify	2026-10-06T10:40:24.4162743Z 
verify	Run pnpm verify	2026-10-06T10:40:24.4163452Z Running 36 tests using 1 worker
verify	Run pnpm verify	2026-10-06T10:40:24.4163877Z 
verify	Run pnpm verify	2026-10-06T10:40:24.4164798Z [1/36] e2e/admin-web.spec.ts:15:1 › H-01 API 拒绝停用会话后清除浏览器会话并返回登录
verify	Run pnpm verify	2026-10-06T10:40:24.4166088Z [2/36] e2e/admin-web.spec.ts:42:1 › M-01 CustomerViewer 从菜单查询设备用户详情，全部写入口隐藏
verify	Run pnpm verify	2026-10-06T10:40:24.4167235Z [3/36] e2e/admin-web.spec.ts:88:1 › 无 Token 安全回登录；五角色菜单和受限路由均由组合根守卫
verify	Run pnpm verify	2026-10-06T10:40:24.4168261Z [4/36] e2e/admin-web.spec.ts:116:1 › 刷新失败清会话，API 403 保留会话并呈现无权
verify	Run pnpm verify	2026-10-06T10:40:24.4169852Z [5/36] e2e/admin-web.spec.ts:138:1 › Customer scope 与 Dashboard 离线/无 entitlement 动作在真实浏览器失败关闭
verify	Run pnpm verify	2026-10-06T10:40:24.4170802Z [6/36] e2e/admin-web.spec.ts:175:1 › Onboarding 审批双击只提交一次，展示录入来源和证书状态
verify	Run pnpm verify	2026-10-06T10:40:24.4171515Z [7/36] e2e/admin-web.spec.ts:220:1 › Customer/Site CRUD 关键路径：创建、非法时区、关联停用提示与 409
verify	Run pnpm verify	2026-10-06T10:40:24.4172175Z [8/36] e2e/admin-web.spec.ts:343:1 › 1440/768/375 响应式布局、横向表格和对话框键盘边界
verify	Run pnpm verify	2026-10-06T10:40:24.4172844Z [9/36] e2e/admin-web.spec.ts:429:1 › FE-06 至 FE-10 六个生产路由可运行，并覆盖成功、空态、分页入口、时区与响应式
verify	Run pnpm verify	2026-10-06T10:40:24.4173599Z [10/36] e2e/admin-web.spec.ts:471:1 › FE-06 至 FE-10 在 403/404、Customer scope、详情焦点与重复提交场景失败关闭
verify	Run pnpm verify	2026-10-06T10:40:24.4174360Z [11/36] e2e/admin-web.spec.ts:547:1 › FE-11 至 FE-15 七个生产路由由真实控制器驱动，并覆盖媒体签发与审计详情
verify	Run pnpm verify	2026-10-06T10:40:24.4174882Z [WebServer] [plugin builtin:vite-reporter] 
verify	Run pnpm verify	2026-10-06T10:40:24.4175466Z [WebServer] (!) Some chunks are larger than 500 kB after minification. Consider:
verify	Run pnpm verify	2026-10-06T10:40:24.4176086Z [WebServer] - Using dynamic import() to code-split the application
verify	Run pnpm verify	2026-10-06T10:40:24.4177071Z [WebServer] - Use build.rolldownOptions.output.codeSplitting to improve chunking: https://rolldown.rs/reference/OutputOptions.codeSplitting
verify	Run pnpm verify	2026-10-06T10:40:24.4178084Z [WebServer] - Adjust chunk size limit for this warning via build.chunkSizeWarningLimit.
verify	Run pnpm verify	2026-10-06T10:40:24.4178863Z [12/36] e2e/admin-web.spec.ts:611:1 › FE-11 至 FE-15 API 403 与路由角色边界在真实浏览器失败关闭
verify	Run pnpm verify	2026-10-06T10:40:24.4180055Z [13/36] e2e/admin-web.spec.ts:628:1 › FE-17 新建权限与零设备第二阶段在真实浏览器失败关闭
verify	Run pnpm verify	2026-10-06T10:40:24.4180833Z [14/36] e2e/admin-web.spec.ts:699:1 › FE-18 Chromium 覆盖 unknown/stale、联系人按需零预载与申请状态机
verify	Run pnpm verify	2026-10-06T10:40:24.4181589Z [15/36] e2e/admin-web.spec.ts:803:1 › FE-16 Chromium 覆盖邀请、角色、Scope、重置与设置 409 回源
verify	Run pnpm verify	2026-10-06T10:40:24.4182251Z [16/36] e2e/admin-web.spec.ts:927:1 › FE-17 Chromium 覆盖绑定、解绑、续约与终止并保留 License 边界
verify	Run pnpm verify	2026-10-06T10:40:24.4182919Z [17/36] e2e/admin-web.spec.ts:1102:5 › FE-19 Chromium 22 个生产路由：zh-CN / 375px
verify	Run pnpm verify	2026-10-06T10:40:24.4183543Z [18/36] e2e/admin-web.spec.ts:1102:5 › FE-19 Chromium 22 个生产路由：zh-CN / 768px
verify	Run pnpm verify	2026-10-06T10:40:24.4184157Z [19/36] e2e/admin-web.spec.ts:1102:5 › FE-19 Chromium 22 个生产路由：zh-CN / 1440px
verify	Run pnpm verify	2026-10-06T10:40:24.4185134Z [20/36] e2e/admin-web.spec.ts:1102:5 › FE-19 Chromium 22 个生产路由：en / 375px
verify	Run pnpm verify	2026-10-06T10:40:24.4185795Z [21/36] e2e/admin-web.spec.ts:1102:5 › FE-19 Chromium 22 个生产路由：en / 768px
verify	Run pnpm verify	2026-10-06T10:40:24.4186389Z [22/36] e2e/admin-web.spec.ts:1102:5 › FE-19 Chromium 22 个生产路由：en / 1440px
verify	Run pnpm verify	2026-10-06T10:40:24.4186919Z [23/36] e2e/admin-web.spec.ts:1123:1 › FE-19 语言选择在刷新后保持
verify	Run pnpm verify	2026-10-06T10:40:24.4187477Z [24/36] e2e/admin-web.spec.ts:1135:1 › QA-09 设备管理长别名和序列号在375px完整换行且不裁切
verify	Run pnpm verify	2026-10-06T10:40:24.4188383Z [25/36] e2e/qa05-workflows.spec.ts:33:3 › QA05 role route and button matrix PlatformSuperAdmin
verify	Run pnpm verify	2026-10-06T10:40:24.4189189Z [26/36] e2e/qa05-workflows.spec.ts:33:3 › QA05 role route and button matrix PlatformOperator
verify	Run pnpm verify	2026-10-06T10:40:24.4190242Z [27/36] e2e/qa05-workflows.spec.ts:33:3 › QA05 role route and button matrix Auditor
verify	Run pnpm verify	2026-10-06T10:40:24.4190956Z [28/36] e2e/qa05-workflows.spec.ts:33:3 › QA05 role route and button matrix CustomerAdmin
verify	Run pnpm verify	2026-10-06T10:40:24.4191723Z [29/36] e2e/qa05-workflows.spec.ts:33:3 › QA05 role route and button matrix CustomerViewer
verify	Run pnpm verify	2026-10-06T10:40:24.4192553Z [30/36] e2e/qa05-workflows.spec.ts:80:1 › QA05 login SRP MFA error success logout without persisting password
verify	Run pnpm verify	2026-10-06T10:40:24.4193421Z [31/36] e2e/qa05-workflows.spec.ts:146:1 › QA05 ESG cursor totals export snapshot timezone and empty state
verify	Run pnpm verify	2026-10-06T10:40:24.4194327Z [32/36] e2e/qa05-workflows.spec.ts:216:1 › QA05 Command dangerous confirmation terminal result and publish failure
verify	Run pnpm verify	2026-10-06T10:40:24.4195211Z [33/36] e2e/qa05-workflows.spec.ts:271:1 › QA05 Media expiry renew 403 and audit read-only zero writes
verify	Run pnpm verify	2026-10-06T10:40:24.4195948Z [34/36] e2e/ui-redesign.spec.ts:12:3 › UI redesign: all business routes at 1366x768
verify	Run pnpm verify	2026-10-06T10:40:24.4196621Z [35/36] e2e/ui-redesign.spec.ts:12:3 › UI redesign: all business routes at 1440x900
verify	Run pnpm verify	2026-10-06T10:40:24.4197288Z [36/36] e2e/ui-redesign.spec.ts:12:3 › UI redesign: all business routes at 1920x1080
verify	Run pnpm verify	2026-10-06T10:40:24.4197687Z   36 passed (3.0m)
verify	Run pnpm verify	2026-10-06T10:40:24.4197984Z QA05 phase=serial durationMs=183320
verify	Run pnpm verify	2026-10-06T10:40:24.4222925Z QA05 phase=parallel-repeat executions=72 workers=2 timeoutMs=660000
verify	Run pnpm verify	2026-10-06T10:44:22.2836698Z [WebServer] [plugin builtin:vite-reporter] 
verify	Run pnpm verify	2026-10-06T10:44:22.2837320Z 
verify	Run pnpm verify	2026-10-06T10:44:22.2837343Z 
verify	Run pnpm verify	2026-10-06T10:44:22.2837648Z Running 72 tests using 2 workers
verify	Run pnpm verify	2026-10-06T10:44:22.2837951Z 
verify	Run pnpm verify	2026-10-06T10:44:22.2838951Z [1/72] e2e/admin-web.spec.ts:42:1 › M-01 CustomerViewer 从菜单查询设备用户详情，全部写入口隐藏
verify	Run pnpm verify	2026-10-06T10:44:22.2840463Z [2/72] e2e/admin-web.spec.ts:15:1 › H-01 API 拒绝停用会话后清除浏览器会话并返回登录
verify	Run pnpm verify	2026-10-06T10:44:22.2841485Z [3/72] e2e/admin-web.spec.ts:88:1 › 无 Token 安全回登录；五角色菜单和受限路由均由组合根守卫
verify	Run pnpm verify	2026-10-06T10:44:22.2842381Z [4/72] e2e/admin-web.spec.ts:116:1 › 刷新失败清会话，API 403 保留会话并呈现无权
verify	Run pnpm verify	2026-10-06T10:44:22.2843128Z [5/72] e2e/admin-web.spec.ts:138:1 › Customer scope 与 Dashboard 离线/无 entitlement 动作在真实浏览器失败关闭
verify	Run pnpm verify	2026-10-06T10:44:22.2843839Z [6/72] e2e/admin-web.spec.ts:175:1 › Onboarding 审批双击只提交一次，展示录入来源和证书状态
verify	Run pnpm verify	2026-10-06T10:44:22.2844903Z [7/72] e2e/admin-web.spec.ts:220:1 › Customer/Site CRUD 关键路径：创建、非法时区、关联停用提示与 409
verify	Run pnpm verify	2026-10-06T10:44:22.2845561Z [8/72] e2e/admin-web.spec.ts:343:1 › 1440/768/375 响应式布局、横向表格和对话框键盘边界
verify	Run pnpm verify	2026-10-06T10:44:22.2846215Z [9/72] e2e/admin-web.spec.ts:429:1 › FE-06 至 FE-10 六个生产路由可运行，并覆盖成功、空态、分页入口、时区与响应式
verify	Run pnpm verify	2026-10-06T10:44:22.2846934Z [10/72] e2e/admin-web.spec.ts:471:1 › FE-06 至 FE-10 在 403/404、Customer scope、详情焦点与重复提交场景失败关闭
verify	Run pnpm verify	2026-10-06T10:44:22.2847635Z [11/72] e2e/admin-web.spec.ts:547:1 › FE-11 至 FE-15 七个生产路由由真实控制器驱动，并覆盖媒体签发与审计详情
verify	Run pnpm verify	2026-10-06T10:44:22.2848497Z [12/72] e2e/admin-web.spec.ts:611:1 › FE-11 至 FE-15 API 403 与路由角色边界在真实浏览器失败关闭
verify	Run pnpm verify	2026-10-06T10:44:22.2849101Z [13/72] e2e/admin-web.spec.ts:628:1 › FE-17 新建权限与零设备第二阶段在真实浏览器失败关闭
verify	Run pnpm verify	2026-10-06T10:44:22.2850471Z [14/72] e2e/admin-web.spec.ts:699:1 › FE-18 Chromium 覆盖 unknown/stale、联系人按需零预载与申请状态机
verify	Run pnpm verify	2026-10-06T10:44:22.2851209Z [15/72] e2e/admin-web.spec.ts:803:1 › FE-16 Chromium 覆盖邀请、角色、Scope、重置与设置 409 回源
verify	Run pnpm verify	2026-10-06T10:44:22.2851886Z [16/72] e2e/admin-web.spec.ts:927:1 › FE-17 Chromium 覆盖绑定、解绑、续约与终止并保留 License 边界
verify	Run pnpm verify	2026-10-06T10:44:22.2852591Z [17/72] e2e/admin-web.spec.ts:1102:5 › FE-19 Chromium 22 个生产路由：zh-CN / 375px
verify	Run pnpm verify	2026-10-06T10:44:22.2853214Z [18/72] e2e/admin-web.spec.ts:1102:5 › FE-19 Chromium 22 个生产路由：zh-CN / 768px
verify	Run pnpm verify	2026-10-06T10:44:22.2853827Z [19/72] e2e/admin-web.spec.ts:1102:5 › FE-19 Chromium 22 个生产路由：zh-CN / 1440px
verify	Run pnpm verify	2026-10-06T10:44:22.2854456Z [20/72] e2e/admin-web.spec.ts:1102:5 › FE-19 Chromium 22 个生产路由：en / 375px
verify	Run pnpm verify	2026-10-06T10:44:22.2855062Z [21/72] e2e/admin-web.spec.ts:1102:5 › FE-19 Chromium 22 个生产路由：en / 768px
verify	Run pnpm verify	2026-10-06T10:44:22.2855678Z [22/72] e2e/admin-web.spec.ts:1102:5 › FE-19 Chromium 22 个生产路由：en / 1440px
verify	Run pnpm verify	2026-10-06T10:44:22.2856220Z [23/72] e2e/admin-web.spec.ts:1123:1 › FE-19 语言选择在刷新后保持
verify	Run pnpm verify	2026-10-06T10:44:22.2856779Z [24/72] e2e/admin-web.spec.ts:1135:1 › QA-09 设备管理长别名和序列号在375px完整换行且不裁切
verify	Run pnpm verify	2026-10-06T10:44:22.2857468Z [25/72] e2e/qa05-workflows.spec.ts:33:3 › QA05 role route and button matrix PlatformSuperAdmin
verify	Run pnpm verify	2026-10-06T10:44:22.2858226Z [26/72] e2e/qa05-workflows.spec.ts:33:3 › QA05 role route and button matrix PlatformOperator
verify	Run pnpm verify	2026-10-06T10:44:22.2858952Z [27/72] e2e/qa05-workflows.spec.ts:33:3 › QA05 role route and button matrix Auditor
verify	Run pnpm verify	2026-10-06T10:44:22.2859989Z [28/72] e2e/qa05-workflows.spec.ts:33:3 › QA05 role route and button matrix CustomerAdmin
verify	Run pnpm verify	2026-10-06T10:44:22.2860727Z [29/72] e2e/qa05-workflows.spec.ts:33:3 › QA05 role route and button matrix CustomerViewer
verify	Run pnpm verify	2026-10-06T10:44:22.2861555Z [30/72] e2e/qa05-workflows.spec.ts:80:1 › QA05 login SRP MFA error success logout without persisting password
verify	Run pnpm verify	2026-10-06T10:44:22.2862473Z [31/72] e2e/qa05-workflows.spec.ts:146:1 › QA05 ESG cursor totals export snapshot timezone and empty state
verify	Run pnpm verify	2026-10-06T10:44:22.2863377Z [32/72] e2e/qa05-workflows.spec.ts:216:1 › QA05 Command dangerous confirmation terminal result and publish failure
verify	Run pnpm verify	2026-10-06T10:44:22.2864255Z [33/72] e2e/qa05-workflows.spec.ts:271:1 › QA05 Media expiry renew 403 and audit read-only zero writes
verify	Run pnpm verify	2026-10-06T10:44:22.2864992Z [34/72] e2e/ui-redesign.spec.ts:12:3 › UI redesign: all business routes at 1366x768
verify	Run pnpm verify	2026-10-06T10:44:22.2865862Z [35/72] e2e/ui-redesign.spec.ts:12:3 › UI redesign: all business routes at 1440x900
verify	Run pnpm verify	2026-10-06T10:44:22.2867032Z [36/72] e2e/ui-redesign.spec.ts:12:3 › UI redesign: all business routes at 1920x1080
verify	Run pnpm verify	2026-10-06T10:44:22.2867701Z [37/72] e2e/admin-web.spec.ts:15:1 › H-01 API 拒绝停用会话后清除浏览器会话并返回登录
verify	Run pnpm verify	2026-10-06T10:44:22.2868368Z [38/72] e2e/admin-web.spec.ts:42:1 › M-01 CustomerViewer 从菜单查询设备用户详情，全部写入口隐藏
verify	Run pnpm verify	2026-10-06T10:44:22.2869608Z [39/72] e2e/admin-web.spec.ts:88:1 › 无 Token 安全回登录；五角色菜单和受限路由均由组合根守卫
verify	Run pnpm verify	2026-10-06T10:44:22.2870277Z [WebServer] (!) Some chunks are larger than 500 kB after minification. Consider:
verify	Run pnpm verify	2026-10-06T10:44:22.2870858Z [WebServer] - Using dynamic import() to code-split the application
verify	Run pnpm verify	2026-10-06T10:44:22.2871763Z [WebServer] - Use build.rolldownOptions.output.codeSplitting to improve chunking: https://rolldown.rs/reference/OutputOptions.codeSplitting
verify	Run pnpm verify	2026-10-06T10:44:22.2872666Z [WebServer] - Adjust chunk size limit for this warning via build.chunkSizeWarningLimit.
verify	Run pnpm verify	2026-10-06T10:44:22.2873585Z [40/72] e2e/admin-web.spec.ts:116:1 › 刷新失败清会话，API 403 保留会话并呈现无权
verify	Run pnpm verify	2026-10-06T10:44:22.2874286Z [41/72] e2e/admin-web.spec.ts:138:1 › Customer scope 与 Dashboard 离线/无 entitlement 动作在真实浏览器失败关闭
verify	Run pnpm verify	2026-10-06T10:44:22.2874970Z [42/72] e2e/admin-web.spec.ts:175:1 › Onboarding 审批双击只提交一次，展示录入来源和证书状态
verify	Run pnpm verify	2026-10-06T10:44:22.2875611Z [43/72] e2e/admin-web.spec.ts:220:1 › Customer/Site CRUD 关键路径：创建、非法时区、关联停用提示与 409
verify	Run pnpm verify	2026-10-06T10:44:22.2876238Z [44/72] e2e/admin-web.spec.ts:343:1 › 1440/768/375 响应式布局、横向表格和对话框键盘边界
verify	Run pnpm verify	2026-10-06T10:44:22.2876864Z [45/72] e2e/admin-web.spec.ts:429:1 › FE-06 至 FE-10 六个生产路由可运行，并覆盖成功、空态、分页入口、时区与响应式
verify	Run pnpm verify	2026-10-06T10:44:22.2877601Z [46/72] e2e/admin-web.spec.ts:471:1 › FE-06 至 FE-10 在 403/404、Customer scope、详情焦点与重复提交场景失败关闭
verify	Run pnpm verify	2026-10-06T10:44:22.2878310Z [47/72] e2e/admin-web.spec.ts:547:1 › FE-11 至 FE-15 七个生产路由由真实控制器驱动，并覆盖媒体签发与审计详情
verify	Run pnpm verify	2026-10-06T10:44:22.2878947Z [48/72] e2e/admin-web.spec.ts:611:1 › FE-11 至 FE-15 API 403 与路由角色边界在真实浏览器失败关闭
verify	Run pnpm verify	2026-10-06T10:44:22.2879970Z [49/72] e2e/admin-web.spec.ts:628:1 › FE-17 新建权限与零设备第二阶段在真实浏览器失败关闭
verify	Run pnpm verify	2026-10-06T10:44:22.2880663Z [50/72] e2e/admin-web.spec.ts:699:1 › FE-18 Chromium 覆盖 unknown/stale、联系人按需零预载与申请状态机
verify	Run pnpm verify	2026-10-06T10:44:22.2881344Z [51/72] e2e/admin-web.spec.ts:803:1 › FE-16 Chromium 覆盖邀请、角色、Scope、重置与设置 409 回源
verify	Run pnpm verify	2026-10-06T10:44:22.2881995Z [52/72] e2e/admin-web.spec.ts:927:1 › FE-17 Chromium 覆盖绑定、解绑、续约与终止并保留 License 边界
verify	Run pnpm verify	2026-10-06T10:44:22.2882620Z [53/72] e2e/admin-web.spec.ts:1102:5 › FE-19 Chromium 22 个生产路由：zh-CN / 375px
verify	Run pnpm verify	2026-10-06T10:44:22.2883251Z [54/72] e2e/admin-web.spec.ts:1102:5 › FE-19 Chromium 22 个生产路由：zh-CN / 768px
verify	Run pnpm verify	2026-10-06T10:44:22.2883863Z [55/72] e2e/admin-web.spec.ts:1102:5 › FE-19 Chromium 22 个生产路由：zh-CN / 1440px
verify	Run pnpm verify	2026-10-06T10:44:22.2884460Z [56/72] e2e/admin-web.spec.ts:1102:5 › FE-19 Chromium 22 个生产路由：en / 375px
verify	Run pnpm verify	2026-10-06T10:44:22.2885048Z [57/72] e2e/admin-web.spec.ts:1102:5 › FE-19 Chromium 22 个生产路由：en / 768px
verify	Run pnpm verify	2026-10-06T10:44:22.2885640Z [58/72] e2e/admin-web.spec.ts:1102:5 › FE-19 Chromium 22 个生产路由：en / 1440px
verify	Run pnpm verify	2026-10-06T10:44:22.2886186Z [59/72] e2e/admin-web.spec.ts:1123:1 › FE-19 语言选择在刷新后保持
verify	Run pnpm verify	2026-10-06T10:44:22.2886733Z [60/72] e2e/admin-web.spec.ts:1135:1 › QA-09 设备管理长别名和序列号在375px完整换行且不裁切
verify	Run pnpm verify	2026-10-06T10:44:22.2887425Z [61/72] e2e/qa05-workflows.spec.ts:33:3 › QA05 role route and button matrix PlatformSuperAdmin
verify	Run pnpm verify	2026-10-06T10:44:22.2888181Z [62/72] e2e/qa05-workflows.spec.ts:33:3 › QA05 role route and button matrix PlatformOperator
verify	Run pnpm verify	2026-10-06T10:44:22.2888896Z [63/72] e2e/qa05-workflows.spec.ts:33:3 › QA05 role route and button matrix Auditor
verify	Run pnpm verify	2026-10-06T10:44:22.2890068Z [64/72] e2e/qa05-workflows.spec.ts:33:3 › QA05 role route and button matrix CustomerAdmin
verify	Run pnpm verify	2026-10-06T10:44:22.2891325Z [65/72] e2e/qa05-workflows.spec.ts:33:3 › QA05 role route and button matrix CustomerViewer
verify	Run pnpm verify	2026-10-06T10:44:22.2892629Z [66/72] e2e/qa05-workflows.spec.ts:80:1 › QA05 login SRP MFA error success logout without persisting password
verify	Run pnpm verify	2026-10-06T10:44:22.2893527Z [67/72] e2e/qa05-workflows.spec.ts:146:1 › QA05 ESG cursor totals export snapshot timezone and empty state
verify	Run pnpm verify	2026-10-06T10:44:22.2894656Z [68/72] e2e/qa05-workflows.spec.ts:216:1 › QA05 Command dangerous confirmation terminal result and publish failure
verify	Run pnpm verify	2026-10-06T10:44:22.2895521Z [69/72] e2e/qa05-workflows.spec.ts:271:1 › QA05 Media expiry renew 403 and audit read-only zero writes
verify	Run pnpm verify	2026-10-06T10:44:22.2896264Z [70/72] e2e/ui-redesign.spec.ts:12:3 › UI redesign: all business routes at 1366x768
verify	Run pnpm verify	2026-10-06T10:44:22.2896930Z [71/72] e2e/ui-redesign.spec.ts:12:3 › UI redesign: all business routes at 1440x900
verify	Run pnpm verify	2026-10-06T10:44:22.2897757Z [72/72] e2e/ui-redesign.spec.ts:12:3 › UI redesign: all business routes at 1920x1080
verify	Run pnpm verify	2026-10-06T10:44:22.2898176Z   72 passed (4.0m)
verify	Run pnpm verify	2026-10-06T10:44:22.2898484Z QA05 phase=parallel-repeat durationMs=237861
verify	Run pnpm verify	2026-10-06T10:44:22.6174098Z 
verify	Run pnpm verify	2026-10-06T10:44:22.6175423Z > food-digester-platform@0.0.0 test:security-suite /home/runner/work/food-digester-platform/food-digester-platform
verify	Run pnpm verify	2026-10-06T10:44:22.6177021Z > node --import tsx scripts/run-security-suite.mjs /tmp/fdp-security-gate.json
verify	Run pnpm verify	2026-10-06T10:44:22.6177614Z 
verify	Run pnpm verify	2026-10-06T10:44:56.8432828Z 
verify	Run pnpm verify	2026-10-06T10:44:56.8434355Z ^[[1m^[[30m^[[46m RUN ^[[49m^[[39m^[[22m ^[[36mv4.1.11 ^[[39m^[[90m/home/runner/work/food-digester-platform/food-digester-platform^[[39m
verify	Run pnpm verify	2026-10-06T10:44:56.8435134Z 
verify	Run pnpm verify	2026-10-06T10:44:56.8436071Z  ^[[32m✓^[[39m apps/cloud-api/test/admin-command.test.ts ^[[2m(^[[22m^[[2m15 tests^[[22m^[[2m)^[[22m^[[33m 6300^[[2mms^[[22m^[[39m
verify	Run pnpm verify	2026-10-06T10:44:56.8437477Z      ^[[33m^[[2m✓^[[22m^[[39m ACTIVE 设备：22 个命令全部创建成功并进入 AUTHORIZED ^[[33m 811^[[2mms^[[22m^[[39m
verify	Run pnpm verify	2026-10-06T10:44:56.8438418Z      ^[[33m^[[2m✓^[[22m^[[39m SUSPENDED（云端 lifecycle）：仅 allowedStatuses 子集放行；启动处理类 DEVICE_STATE_NOT_ALLOWED ^[[33m 309^[[2mms^[[22m^[[39m
verify	Run pnpm verify	2026-10-06T10:44:56.8439702Z  ^[[32m✓^[[39m apps/cloud-api/test/certificate-rotate.test.ts ^[[2m(^[[22m^[[2m8 tests^[[22m^[[2m)^[[22m^[[33m 8104^[[2mms^[[22m^[[39m
verify	Run pnpm verify	2026-10-06T10:44:56.8440861Z      ^[[33m^[[2m✓^[[22m^[[39m 缺失 CSR 不签发；AWS attach 失败保留可重试停用记录并保留旧证 ^[[33m 695^[[2mms^[[22m^[[39m
verify	Run pnpm verify	2026-10-06T10:44:56.8441541Z      ^[[33m^[[2m✓^[[22m^[[39m 正向：返回五字段证书包；双证书窗口（旧证仍可用）；私钥不落库/审计 ^[[33m 449^[[2mms^[[22m^[[39m
verify	Run pnpm verify	2026-10-06T10:44:56.8442144Z      ^[[33m^[[2m✓^[[22m^[[39m 旧证书错误/跨设备拒绝：缺字段 400；与身份不符 403（含他设备证书） ^[[33m 701^[[2mms^[[22m^[[39m
verify	Run pnpm verify	2026-10-06T10:44:56.8442715Z      ^[[33m^[[2m✓^[[22m^[[39m 请求体未知字段失败关闭为 400，且不创建证书 ^[[33m 340^[[2mms^[[22m^[[39m
verify	Run pnpm verify	2026-10-06T10:44:56.8443585Z      ^[[33m^[[2m✓^[[22m^[[39m 响应不确定重试：撤销未确认证书并重签，不重复下发同一私钥 ^[[33m 456^[[2mms^[[22m^[[39m
verify	Run pnpm verify	2026-10-06T10:44:56.8444654Z      ^[[33m^[[2m✓^[[22m^[[39m 成功提交后、首个新证 Heartbeat 前重复请求稳定冲突且不撤证重签 ^[[33m 366^[[2mms^[[22m^[[39m
verify	Run pnpm verify	2026-10-06T10:44:56.8445323Z      ^[[33m^[[2m✓^[[22m^[[39m 部分失败（发证后 attach 失败）可重试：不建孤儿业务记录，重试成功 ^[[33m 387^[[2mms^[[22m^[[39m
verify	Run pnpm verify	2026-10-06T10:44:56.8446069Z  ^[[32m✓^[[39m apps/cloud-api/test/qa06-security.test.ts ^[[2m(^[[22m^[[2m4 tests^[[22m^[[2m)^[[22m^[[33m 10945^[[2mms^[[22m^[[39m
verify	Run pnpm verify	2026-10-06T10:44:56.8447076Z    ^[[33m^[[2m✓^[[22m^[[39m QA06 all admin write routes reject forged actor and missing expired tampered JWT before resolution ^[[33m 325^[[2mms^[[22m^[[39m
verify	Run pnpm verify	2026-10-06T10:44:56.8448550Z    ^[[33m^[[2m✓^[[22m^[[39m QA06 signed tenant scope and SQL JSON injection cannot cross boundaries or corrupt business state ^[[33m 5187^[[2mms^[[22m^[[39m
verify	Run pnpm verify	2026-10-06T10:44:56.8450750Z    ^[[33m^[[2m✓^[[22m^[[39m QA06 malicious media filenames and metadata reject before signing or persistence ^[[33m 2503^[[2mms^[[22m^[[39m
verify	Run pnpm verify	2026-10-06T10:44:56.8452286Z    ^[[33m^[[2m✓^[[22m^[[39m QA06 raw canaries are absent from actual logger trace audit and snapshot artifacts ^[[33m 2925^[[2mms^[[22m^[[39m
verify	Run pnpm verify	2026-10-06T10:44:56.8454300Z  ^[[32m✓^[[39m apps/cloud-api/test/admin-user.test.ts ^[[2m(^[[22m^[[2m31 tests^[[22m^[[2m)^[[22m^[[33m 6370^[[2mms^[[22m^[[39m
verify	Run pnpm verify	2026-10-06T10:44:56.8455687Z      ^[[33m^[[2m✓^[[22m^[[39m PlatformSuperAdmin 停用后旧 id Token 不再进入读写路由 ^[[33m 674^[[2mms^[[22m^[[39m
verify	Run pnpm verify	2026-10-06T10:44:56.8456746Z  ^[[32m✓^[[39m apps/cloud-api/test/ota-dispatch.test.ts ^[[2m(^[[22m^[[2m16 tests^[[22m^[[2m)^[[22m^[[33m 6330^[[2mms^[[22m^[[39m
verify	Run pnpm verify	2026-10-06T10:44:56.8457734Z      ^[[33m^[[2m✓^[[22m^[[39m 成功下发：OTA Topic + CT-03 载荷（schema 校验）+ 15 分钟 URL + NOTIFIED + 历史 + OTA_AVAILABLE + PUBLICATION 归档 ^[[33m 564^[[2mms^[[22m^[[39m
verify	Run pnpm verify	2026-10-06T10:44:56.8458768Z      ^[[33m^[[2m✓^[[22m^[[39m 暂停/取消/包非 VERIFIED/Retired 设备/未到期 → 不产生新下发 ^[[33m 443^[[2mms^[[22m^[[39m
verify	Run pnpm verify	2026-10-06T10:44:56.8460003Z  ^[[32m✓^[[39m apps/cloud-api/test/media.test.ts ^[[2m(^[[22m^[[2m12 tests^[[22m^[[2m)^[[22m^[[33m 5119^[[2mms^[[22m^[[39m
verify	Run pnpm verify	2026-10-06T10:44:56.8460888Z      ^[[33m^[[2m✓^[[22m^[[39m 认证与生命周期：无证书/未知证书 → 401；Suspended/Retired/未分配 Customer → 403 ^[[33m 495^[[2mms^[[22m^[[39m
verify	Run pnpm verify	2026-10-06T10:44:56.8461742Z  ^[[32m✓^[[39m apps/cloud-api/test/admin-device-user.test.ts ^[[2m(^[[22m^[[2m8 tests^[[22m^[[2m)^[[22m^[[33m 6402^[[2mms^[[22m^[[39m
verify	Run pnpm verify	2026-10-06T10:44:56.8462482Z      ^[[33m^[[2m✓^[[22m^[[39m 仅匹配具有目标设备 ACTIVE 分配的设备操作员 ^[[33m 689^[[2mms^[[22m^[[39m
verify	Run pnpm verify	2026-10-06T10:44:56.8463079Z      ^[[33m^[[2m✓^[[22m^[[39m 每步 version+1、审计各一次、USERS_CHANGED 每设备一条 ^[[33m 321^[[2mms^[[22m^[[39m
verify	Run pnpm verify	2026-10-06T10:44:56.8463778Z      ^[[33m^[[2m✓^[[22m^[[39m 受控 password 可用；预计算 Hash/冻结前四组件被拒；空密码 400；用户名唯一 409 ^[[33m 316^[[2mms^[[22m^[[39m
verify	Run pnpm verify	2026-10-06T10:44:56.8464560Z      ^[[33m^[[2m✓^[[22m^[[39m CustomerAdmin 只能管理自身 Customer；跨 Customer 404；未认证 401；Viewer 写 403 ^[[33m 385^[[2mms^[[22m^[[39m
verify	Run pnpm verify	2026-10-06T10:44:56.8465405Z  ^[[32m✓^[[39m apps/cloud-api/test/admin-audit.test.ts ^[[2m(^[[22m^[[2m7 tests^[[22m^[[2m)^[[22m^[[33m 4343^[[2mms^[[22m^[[39m
verify	Run pnpm verify	2026-10-06T10:44:56.8466325Z      ^[[33m^[[2m✓^[[22m^[[39m Auditor/SuperAdmin 可跨 Customer 只读；Operator/Customer 角色 → 403；无 actor → 401 ^[[33m 429^[[2mms^[[22m^[[39m
verify	Run pnpm verify	2026-10-06T10:44:56.8467264Z  ^[[32m✓^[[39m apps/cloud-api/test/csr-onboarding.test.ts ^[[2m(^[[22m^[[2m1 test^[[22m^[[2m)^[[22m^[[33m 5080^[[2mms^[[22m^[[39m
verify	Run pnpm verify	2026-10-06T10:44:56.8467981Z      ^[[33m^[[2m✓^[[22m^[[39m 匿名申请、相同公钥幂等、换钥冲突；签名轮询拒绝重放 ^[[33m 821^[[2mms^[[22m^[[39m
verify	Run pnpm verify	2026-10-06T10:44:56.8468698Z  ^[[32m✓^[[39m packages/auth/test/secure-package.test.ts ^[[2m(^[[22m^[[2m14 tests^[[22m^[[2m)^[[22m^[[33m 5239^[[2mms^[[22m^[[39m
verify	Run pnpm verify	2026-10-06T10:44:56.8469674Z      ^[[33m^[[2m✓^[[22m^[[39m 存储即加密：库中无明文，有效期按 retentionSeconds 推导 ^[[33m 442^[[2mms^[[22m^[[39m
verify	Run pnpm verify	2026-10-06T10:44:56.8470593Z  ^[[32m✓^[[39m apps/cloud-api/test/admin-settings.test.ts ^[[2m(^[[22m^[[2m10 tests^[[22m^[[2m)^[[22m^[[33m 4984^[[2mms^[[22m^[[39m
verify	Run pnpm verify	2026-10-06T10:44:56.8471405Z      ^[[33m^[[2m✓^[[22m^[[39m 列表返回封闭 key 集种子；单项读取；未知 key → 404；Auditor 可读 ^[[33m 464^[[2mms^[[22m^[[39m
verify	Run pnpm verify	2026-10-06T10:44:56.8472220Z  ^[[32m✓^[[39m apps/cloud-api/test/admin-lambda-composition.test.ts ^[[2m(^[[22m^[[2m12 tests^[[22m^[[2m)^[[22m^[[33m 884^[[2mms^[[22m^[[39m
verify	Run pnpm verify	2026-10-06T10:44:56.8473108Z  ^[[32m✓^[[39m packages/database/test/db03.test.ts ^[[2m(^[[22m^[[2m10 tests^[[22m^[[2m)^[[22m^[[33m 4279^[[2mms^[[22m^[[39m
verify	Run pnpm verify	2026-10-06T10:44:56.8474017Z  ^[[32m✓^[[39m packages/auth/test/cognito.test.ts ^[[2m(^[[22m^[[2m14 tests^[[22m^[[2m)^[[22m^[[33m 421^[[2mms^[[22m^[[39m
verify	Run pnpm verify	2026-10-06T10:44:56.8474956Z  ^[[32m✓^[[39m packages/auth/test/qa06-jwt-security.test.ts ^[[2m(^[[22m^[[2m1 test^[[22m^[[2m)^[[22m^[[32m 120^[[2mms^[[22m^[[39m
verify	Run pnpm verify	2026-10-06T10:44:56.8475866Z  ^[[32m✓^[[39m packages/aws-clients/test/iot-device-policy.test.ts ^[[2m(^[[22m^[[2m12 tests^[[22m^[[2m)^[[22m^[[32m 11^[[2mms^[[22m^[[39m
verify	Run pnpm verify	2026-10-06T10:44:56.8487065Z  ^[[32m✓^[[39m apps/cloud-api/test/device-lambda-composition.test.ts ^[[2m(^[[22m^[[2m13 tests^[[22m^[[2m)^[[22m^[[32m 27^[[2mms^[[22m^[[39m
verify	Run pnpm verify	2026-10-06T10:44:56.8488339Z  ^[[32m✓^[[39m packages/observability/test/redaction.test.ts ^[[2m(^[[22m^[[2m8 tests^[[22m^[[2m)^[[22m^[[32m 10^[[2mms^[[22m^[[39m
verify	Run pnpm verify	2026-10-06T10:44:56.8489199Z  ^[[32m✓^[[39m packages/auth/test/guard.test.ts ^[[2m(^[[22m^[[2m10 tests^[[22m^[[2m)^[[22m^[[32m 9^[[2mms^[[22m^[[39m
verify	Run pnpm verify	2026-10-06T10:44:56.8490719Z  ^[[32m✓^[[39m packages/auth/test/device-mtls.test.ts ^[[2m(^[[22m^[[2m11 tests^[[22m^[[2m)^[[22m^[[33m 3382^[[2mms^[[22m^[[39m
verify	Run pnpm verify	2026-10-06T10:44:56.8491153Z 
verify	Run pnpm verify	2026-10-06T10:44:56.8491670Z ^[[2m Test Files ^[[22m ^[[1m^[[32m20 passed^[[39m^[[22m^[[90m (20)^[[39m
verify	Run pnpm verify	2026-10-06T10:44:56.8492201Z ^[[2m      Tests ^[[22m ^[[1m^[[32m217 passed^[[39m^[[22m^[[90m (217)^[[39m
verify	Run pnpm verify	2026-10-06T10:44:56.8492827Z ^[[2m   Start at ^[[22m 10:44:23
verify	Run pnpm verify	2026-10-06T10:44:56.8494081Z ^[[2m   Duration ^[[22m 33.70s^[[2m (transform 3.39s, setup 195ms, import 16.46s, tests 78.36s, environment 4ms)^[[22m
verify	Run pnpm verify	2026-10-06T10:44:56.8494817Z 
verify	Run pnpm verify	2026-10-06T10:44:56.8495262Z JSON report written to /tmp/qa06-security-DX1t2D/vitest.json
verify	Run pnpm verify	2026-10-06T10:44:57.1847632Z 
verify	Run pnpm verify	2026-10-06T10:44:57.1849084Z > food-digester-platform@0.0.0 test:reliability-suite /home/runner/work/food-digester-platform/food-digester-platform
verify	Run pnpm verify	2026-10-06T10:44:57.1850539Z > node --import tsx scripts/run-reliability-suite.mjs /tmp/fdp-reliability-gate.json
verify	Run pnpm verify	2026-10-06T10:44:57.1850951Z 
verify	Run pnpm verify	2026-10-06T10:45:38.3401990Z JSON report written to /tmp/qa07-reliability-ydUF9n/vitest.json
verify	Run pnpm verify	2026-10-06T10:45:38.6699559Z 
verify	Run pnpm verify	2026-10-06T10:45:38.6701352Z > food-digester-platform@0.0.0 test:prototype-regression /home/runner/work/food-digester-platform/food-digester-platform
verify	Run pnpm verify	2026-10-06T10:45:38.6703007Z > node scripts/run-prototype-regression.mjs /tmp/fdp-prototype-regression-gate.json
verify	Run pnpm verify	2026-10-06T10:45:38.6703828Z 
verify	Run pnpm verify	2026-10-06T10:48:25.4728991Z 
verify	Run pnpm verify	2026-10-06T10:48:25.4729113Z 
verify	Run pnpm verify	2026-10-06T10:48:25.4729980Z Running 24 tests using 1 worker
verify	Run pnpm verify	2026-10-06T10:48:25.4730399Z 
verify	Run pnpm verify	2026-10-06T10:48:25.4731223Z [1/24] e2e/qa08-prototype.spec.ts:461:5 › QA08 dashboard 375
verify	Run pnpm verify	2026-10-06T10:48:25.4732338Z [2/24] e2e/qa08-prototype.spec.ts:461:5 › QA08 device-view 375
verify	Run pnpm verify	2026-10-06T10:48:25.4733402Z [3/24] e2e/qa08-prototype.spec.ts:461:5 › QA08 device-operate 375
verify	Run pnpm verify	2026-10-06T10:48:25.4734432Z [4/24] e2e/qa08-prototype.spec.ts:461:5 › QA08 device-group 375
verify	Run pnpm verify	2026-10-06T10:48:25.4735458Z [5/24] e2e/qa08-prototype.spec.ts:461:5 › QA08 device-manage 375
verify	Run pnpm verify	2026-10-06T10:48:25.4736531Z [6/24] e2e/qa08-prototype.spec.ts:461:5 › QA08 device-consumable 375
verify	Run pnpm verify	2026-10-06T10:48:25.4737627Z [7/24] e2e/qa08-prototype.spec.ts:461:5 › QA08 contract-modify 375
verify	Run pnpm verify	2026-10-06T10:48:25.4738666Z [8/24] e2e/qa08-prototype.spec.ts:461:5 › QA08 contract-new 375
verify	Run pnpm verify	2026-10-06T10:48:25.4739942Z [9/24] e2e/qa08-prototype.spec.ts:461:5 › QA08 contract-detail 375
verify	Run pnpm verify	2026-10-06T10:48:25.4740795Z [WebServer] [plugin builtin:vite-reporter] 
verify	Run pnpm verify	2026-10-06T10:48:25.4741748Z [WebServer] (!) Some chunks are larger than 500 kB after minification. Consider:
verify	Run pnpm verify	2026-10-06T10:48:25.4742802Z [WebServer] - Using dynamic import() to code-split the application
verify	Run pnpm verify	2026-10-06T10:48:25.4744508Z [WebServer] - Use build.rolldownOptions.output.codeSplitting to improve chunking: https://rolldown.rs/reference/OutputOptions.codeSplitting
verify	Run pnpm verify	2026-10-06T10:48:25.4746239Z [WebServer] - Adjust chunk size limit for this warning via build.chunkSizeWarningLimit.
verify	Run pnpm verify	2026-10-06T10:48:25.4747535Z [10/24] e2e/qa08-prototype.spec.ts:461:5 › QA08 esg-overview 375
verify	Run pnpm verify	2026-10-06T10:48:25.4748609Z [11/24] e2e/qa08-prototype.spec.ts:461:5 › QA08 esg-device 375
verify	Run pnpm verify	2026-10-06T10:48:25.4750182Z [12/24] e2e/qa08-prototype.spec.ts:461:5 › QA08 settings 375
verify	Run pnpm verify	2026-10-06T10:48:25.4751262Z [13/24] e2e/qa08-prototype.spec.ts:461:5 › QA08 dashboard 1440
verify	Run pnpm verify	2026-10-06T10:48:25.4752329Z [14/24] e2e/qa08-prototype.spec.ts:461:5 › QA08 device-view 1440
verify	Run pnpm verify	2026-10-06T10:48:25.4753359Z [15/24] e2e/qa08-prototype.spec.ts:461:5 › QA08 device-operate 1440
verify	Run pnpm verify	2026-10-06T10:48:25.4754380Z [16/24] e2e/qa08-prototype.spec.ts:461:5 › QA08 device-group 1440
verify	Run pnpm verify	2026-10-06T10:48:25.4755499Z [17/24] e2e/qa08-prototype.spec.ts:461:5 › QA08 device-manage 1440
verify	Run pnpm verify	2026-10-06T10:48:25.4757052Z [18/24] e2e/qa08-prototype.spec.ts:461:5 › QA08 device-consumable 1440
verify	Run pnpm verify	2026-10-06T10:48:25.4758255Z [19/24] e2e/qa08-prototype.spec.ts:461:5 › QA08 contract-modify 1440
verify	Run pnpm verify	2026-10-06T10:48:25.4759676Z [20/24] e2e/qa08-prototype.spec.ts:461:5 › QA08 contract-new 1440
verify	Run pnpm verify	2026-10-06T10:48:25.4760790Z [21/24] e2e/qa08-prototype.spec.ts:461:5 › QA08 contract-detail 1440
verify	Run pnpm verify	2026-10-06T10:48:25.4761917Z [22/24] e2e/qa08-prototype.spec.ts:461:5 › QA08 esg-overview 1440
verify	Run pnpm verify	2026-10-06T10:48:25.4763008Z [23/24] e2e/qa08-prototype.spec.ts:461:5 › QA08 esg-device 1440
verify	Run pnpm verify	2026-10-06T10:48:25.4764408Z [24/24] e2e/qa08-prototype.spec.ts:461:5 › QA08 settings 1440
verify	Run pnpm verify	2026-10-06T10:48:25.4765026Z   24 passed (2.8m)
verify	Post Run actions/setup-node@v5	﻿2026-10-06T10:48:25.5254601Z Post job cleanup.
verify	Post Run actions/setup-node@v5	2026-10-06T10:48:25.6481951Z (node:19436) [DEP0040] DeprecationWarning: The `punycode` module is deprecated. Please use a userland alternative instead.
verify	Post Run actions/setup-node@v5	2026-10-06T10:48:25.6482947Z (Use `node --trace-deprecation ...` to show where the warning was created)
verify	Post Run actions/setup-node@v5	2026-10-06T10:48:25.6486601Z Cache hit occurred on the primary key node-cache-Linux-x64-pnpm-75c7fc907608ab439a8b09d5d0397666b4d43ed5b2640c9ca959afdd991ed814, not saving cache.
verify	Post Run pnpm/action-setup@v6	﻿2026-10-06T10:48:25.6594018Z Post job cleanup.
verify	Post Run pnpm/action-setup@v6	2026-10-06T10:48:25.8002217Z Pruning is unnecessary.
verify	Post Run actions/checkout@v7	﻿2026-10-06T10:48:25.8182952Z Post job cleanup.
verify	Post Run actions/checkout@v7	2026-10-06T10:48:25.9046258Z [command]/usr/bin/git version
verify	Post Run actions/checkout@v7	2026-10-06T10:48:25.9092541Z git version 2.55.0
verify	Post Run actions/checkout@v7	2026-10-06T10:48:25.9143620Z Temporarily overriding HOME='/home/runner/work/_temp/6410de41-4fdd-47fb-8c6c-7501f3b1062e' before making global git config changes
verify	Post Run actions/checkout@v7	2026-10-06T10:48:25.9145564Z Adding repository directory to the temporary git global config as a safe directory
verify	Post Run actions/checkout@v7	2026-10-06T10:48:25.9150582Z [command]/usr/bin/git config --global --add safe.directory /home/runner/work/food-digester-platform/food-digester-platform
verify	Post Run actions/checkout@v7	2026-10-06T10:48:25.9184120Z Removing SSH command configuration
verify	Post Run actions/checkout@v7	2026-10-06T10:48:25.9190446Z [command]/usr/bin/git config --local --name-only --get-regexp core\.sshCommand
verify	Post Run actions/checkout@v7	2026-10-06T10:48:25.9230848Z [command]/usr/bin/git submodule foreach --recursive sh -c "git config --local --name-only --get-regexp 'core\.sshCommand' && git config --local --unset-all 'core.sshCommand' || :"
verify	Post Run actions/checkout@v7	2026-10-06T10:48:25.9482202Z Removing HTTP extra header
verify	Post Run actions/checkout@v7	2026-10-06T10:48:25.9487522Z [command]/usr/bin/git config --local --name-only --get-regexp http\.https\:\/\/github\.com\/\.extraheader
verify	Post Run actions/checkout@v7	2026-10-06T10:48:25.9527873Z [command]/usr/bin/git submodule foreach --recursive sh -c "git config --local --name-only --get-regexp 'http\.https\:\/\/github\.com\/\.extraheader' && git config --local --unset-all 'http.https://github.com/.extraheader' || :"
verify	Post Run actions/checkout@v7	2026-10-06T10:48:25.9808181Z Removing includeIf entries pointing to credentials config files
verify	Post Run actions/checkout@v7	2026-10-06T10:48:25.9810027Z [command]/usr/bin/git config --local --name-only --get-regexp ^includeIf\.gitdir:
verify	Post Run actions/checkout@v7	2026-10-06T10:48:25.9848643Z [command]/usr/bin/git submodule foreach --recursive git config --local --show-origin --name-only --get-regexp remote.origin.url
verify	Complete job	﻿2026-10-06T10:48:26.0312830Z Cleaning up orphan processes
