deploy-test	Set up job	﻿2026-10-06T10:24:03.9042420Z Current runner version: '2.337.0'
deploy-test	Set up job	2026-10-06T10:24:03.9058934Z ##[group]Runner Image Provisioner
deploy-test	Set up job	2026-10-06T10:24:03.9059604Z Hosted Compute Agent
deploy-test	Set up job	2026-10-06T10:24:03.9060013Z Version: 20260901.588
deploy-test	Set up job	2026-10-06T10:24:03.9060403Z Commit: f88ec8081b781fac6c440065ac7ff9e710ce3d0b
deploy-test	Set up job	2026-10-06T10:24:03.9060854Z Build Date: 2026-09-01T19:56:44Z
deploy-test	Set up job	2026-10-06T10:24:03.9061338Z Worker ID: {6974fb57-b4e2-4c1e-9b2f-6ed95ec0ff2d}
deploy-test	Set up job	2026-10-06T10:24:03.9061761Z Azure Region: westus3
deploy-test	Set up job	2026-10-06T10:24:03.9062133Z ##[endgroup]
deploy-test	Set up job	2026-10-06T10:24:03.9062949Z ##[group]Operating System
deploy-test	Set up job	2026-10-06T10:24:03.9063364Z Ubuntu
deploy-test	Set up job	2026-10-06T10:24:03.9063965Z 24.04.5
deploy-test	Set up job	2026-10-06T10:24:03.9064275Z LTS
deploy-test	Set up job	2026-10-06T10:24:03.9064577Z ##[endgroup]
deploy-test	Set up job	2026-10-06T10:24:03.9064951Z ##[group]Runner Image
deploy-test	Set up job	2026-10-06T10:24:03.9065363Z Image: ubuntu-24.04
deploy-test	Set up job	2026-10-06T10:24:03.9065740Z Version: 20260927.320.1
deploy-test	Set up job	2026-10-06T10:24:03.9066347Z Included Software: https://github.com/actions/runner-images/blob/ubuntu24/20260927.320/images/ubuntu/Ubuntu2404-Readme.md
deploy-test	Set up job	2026-10-06T10:24:03.9067379Z Image Release: https://github.com/actions/runner-images/releases/tag/ubuntu24%2F20260927.320
deploy-test	Set up job	2026-10-06T10:24:03.9067966Z ##[endgroup]
deploy-test	Set up job	2026-10-06T10:24:03.9068632Z ##[group]GITHUB_TOKEN Permissions
deploy-test	Set up job	2026-10-06T10:24:03.9070049Z Contents: read
deploy-test	Set up job	2026-10-06T10:24:03.9070451Z Metadata: read
deploy-test	Set up job	2026-10-06T10:24:03.9070788Z ##[endgroup]
deploy-test	Set up job	2026-10-06T10:24:03.9072038Z Secret source: Actions
deploy-test	Set up job	2026-10-06T10:24:03.9072653Z Cache mode: write
deploy-test	Set up job	2026-10-06T10:24:03.9073042Z Prepare workflow directory
deploy-test	Set up job	2026-10-06T10:24:03.9491656Z Prepare all required actions
deploy-test	Set up job	2026-10-06T10:24:03.9529498Z Getting action download info
deploy-test	Set up job	2026-10-06T10:24:04.2765619Z Download action repository 'actions/checkout@v7' (SHA:3d3c42e5aac5ba805825da76410c181273ba90b1)
deploy-test	Set up job	2026-10-06T10:24:04.6245740Z Download action repository 'pnpm/action-setup@v6' (SHA:0977fd99725f1db4007ccb2928dbb4e90d06cc86)
deploy-test	Set up job	2026-10-06T10:24:05.2883348Z Download action repository 'actions/setup-node@v5' (SHA:a0853c24544627f65ddf259abe73b1d18a591444)
deploy-test	Set up job	2026-10-06T10:24:05.8149948Z Download action repository 'aws-actions/configure-aws-credentials@v6.3.0' (SHA:e1253824e5c10ff9df46874f81ed3ec929e19cfd)
deploy-test	Set up job	2026-10-06T10:24:06.6431012Z Complete job name: deploy-test
deploy-test	Run actions/checkout@v7	﻿2026-10-06T10:24:06.6847398Z ##[group]Run actions/checkout@v7
deploy-test	Run actions/checkout@v7	2026-10-06T10:24:06.6847737Z with:
deploy-test	Run actions/checkout@v7	2026-10-06T10:24:06.6847900Z   persist-credentials: false
deploy-test	Run actions/checkout@v7	2026-10-06T10:24:06.6848094Z   repository: inrust/food-digester-platform
deploy-test	Run actions/checkout@v7	2026-10-06T10:24:06.6849966Z   token: ***
deploy-test	Run actions/checkout@v7	2026-10-06T10:24:06.6850114Z   ssh-strict: true
deploy-test	Run actions/checkout@v7	2026-10-06T10:24:06.6850265Z   ssh-user: git
deploy-test	Run actions/checkout@v7	2026-10-06T10:24:06.6850412Z   clean: true
deploy-test	Run actions/checkout@v7	2026-10-06T10:24:06.6850569Z   sparse-checkout-cone-mode: true
deploy-test	Run actions/checkout@v7	2026-10-06T10:24:06.6850752Z   fetch-depth: 1
deploy-test	Run actions/checkout@v7	2026-10-06T10:24:06.6850901Z   fetch-tags: false
deploy-test	Run actions/checkout@v7	2026-10-06T10:24:06.6851057Z   show-progress: true
deploy-test	Run actions/checkout@v7	2026-10-06T10:24:06.6851223Z   lfs: false
deploy-test	Run actions/checkout@v7	2026-10-06T10:24:06.6851365Z   submodules: false
deploy-test	Run actions/checkout@v7	2026-10-06T10:24:06.6851527Z   set-safe-directory: true
deploy-test	Run actions/checkout@v7	2026-10-06T10:24:06.6851703Z   allow-unsafe-pr-checkout: false
deploy-test	Run actions/checkout@v7	2026-10-06T10:24:06.6851992Z env:
deploy-test	Run actions/checkout@v7	2026-10-06T10:24:06.6852285Z   FDP_DEVICE_API_CERTIFICATE_ARN: arn:aws:acm:ap-southeast-1:065986019555:certificate/db3daf4f-de27-4cb3-8813-5f1f068478e0
deploy-test	Run actions/checkout@v7	2026-10-06T10:24:06.6852751Z   FDP_PUBLIC_API_CERTIFICATE_ARN: arn:aws:acm:ap-southeast-1:065986019555:certificate/2777e55f-df6e-4e7d-8ce8-22cd3cf2babb
deploy-test	Run actions/checkout@v7	2026-10-06T10:24:06.6853149Z   FDP_TRUSTSTORE_BUCKET_NAME: fdp-test-mtls-truststore-065986019555
deploy-test	Run actions/checkout@v7	2026-10-06T10:24:06.6853419Z   FDP_TRUSTSTORE_VERSION: FtN.3H5AydTqt6cgxf0wzeOcNQHFxCOx
deploy-test	Run actions/checkout@v7	2026-10-06T10:24:06.6853640Z   FDP_QA09_ROLLOUT_PHASE: immediate
deploy-test	Run actions/checkout@v7	2026-10-06T10:24:06.6853817Z ##[endgroup]
deploy-test	Run actions/checkout@v7	2026-10-06T10:24:06.7531685Z Syncing repository: inrust/food-digester-platform
deploy-test	Run actions/checkout@v7	2026-10-06T10:24:06.7532688Z ##[group]Getting Git version info
deploy-test	Run actions/checkout@v7	2026-10-06T10:24:06.7532997Z Working directory is '/home/runner/work/food-digester-platform/food-digester-platform'
deploy-test	Run actions/checkout@v7	2026-10-06T10:24:06.7533480Z [command]/usr/bin/git version
deploy-test	Run actions/checkout@v7	2026-10-06T10:24:06.7727247Z git version 2.55.0
deploy-test	Run actions/checkout@v7	2026-10-06T10:24:06.7751124Z ##[endgroup]
deploy-test	Run actions/checkout@v7	2026-10-06T10:24:06.7757209Z Temporarily overriding HOME='/home/runner/work/_temp/15b3faf2-ca75-4b44-8ffb-fddad8a8717a' before making global git config changes
deploy-test	Run actions/checkout@v7	2026-10-06T10:24:06.7757695Z Adding repository directory to the temporary git global config as a safe directory
deploy-test	Run actions/checkout@v7	2026-10-06T10:24:06.7758265Z [command]/usr/bin/git config --global --add safe.directory /home/runner/work/food-digester-platform/food-digester-platform
deploy-test	Run actions/checkout@v7	2026-10-06T10:24:06.7802922Z Deleting the contents of '/home/runner/work/food-digester-platform/food-digester-platform'
deploy-test	Run actions/checkout@v7	2026-10-06T10:24:06.7805367Z ##[group]Determining repository object format
deploy-test	Run actions/checkout@v7	2026-10-06T10:24:06.7806449Z ##[endgroup]
deploy-test	Run actions/checkout@v7	2026-10-06T10:24:06.7806841Z ##[group]Initializing the repository
deploy-test	Run actions/checkout@v7	2026-10-06T10:24:06.7809574Z [command]/usr/bin/git init /home/runner/work/food-digester-platform/food-digester-platform
deploy-test	Run actions/checkout@v7	2026-10-06T10:24:06.8147255Z hint: Using 'master' as the name for the initial branch. This default branch name
deploy-test	Run actions/checkout@v7	2026-10-06T10:24:06.8147973Z hint: will change to "main" in Git 3.0. To configure the initial branch name
deploy-test	Run actions/checkout@v7	2026-10-06T10:24:06.8148457Z hint: to use in all of your new repositories, which will suppress this warning,
deploy-test	Run actions/checkout@v7	2026-10-06T10:24:06.8148734Z hint: call:
deploy-test	Run actions/checkout@v7	2026-10-06T10:24:06.8148963Z hint:
deploy-test	Run actions/checkout@v7	2026-10-06T10:24:06.8149448Z hint: 	git config --global init.defaultBranch <name>
deploy-test	Run actions/checkout@v7	2026-10-06T10:24:06.8149782Z hint:
deploy-test	Run actions/checkout@v7	2026-10-06T10:24:06.8150091Z hint: Names commonly chosen instead of 'master' are 'main', 'trunk' and
deploy-test	Run actions/checkout@v7	2026-10-06T10:24:06.8150575Z hint: 'development'. The just-created branch can be renamed via this command:
deploy-test	Run actions/checkout@v7	2026-10-06T10:24:06.8150965Z hint:
deploy-test	Run actions/checkout@v7	2026-10-06T10:24:06.8151193Z hint: 	git branch -m <name>
deploy-test	Run actions/checkout@v7	2026-10-06T10:24:06.8151439Z hint:
deploy-test	Run actions/checkout@v7	2026-10-06T10:24:06.8151768Z hint: Disable this message with "git config set advice.defaultBranchName false"
deploy-test	Run actions/checkout@v7	2026-10-06T10:24:06.8152369Z Initialized empty Git repository in /home/runner/work/food-digester-platform/food-digester-platform/.git/
deploy-test	Run actions/checkout@v7	2026-10-06T10:24:06.8158716Z [command]/usr/bin/git remote add origin https://github.com/inrust/food-digester-platform
deploy-test	Run actions/checkout@v7	2026-10-06T10:24:06.8208621Z ##[endgroup]
deploy-test	Run actions/checkout@v7	2026-10-06T10:24:06.8209097Z ##[group]Disabling automatic garbage collection
deploy-test	Run actions/checkout@v7	2026-10-06T10:24:06.8211971Z [command]/usr/bin/git config --local gc.auto 0
deploy-test	Run actions/checkout@v7	2026-10-06T10:24:06.8241558Z ##[endgroup]
deploy-test	Run actions/checkout@v7	2026-10-06T10:24:06.8242307Z ##[group]Setting up auth
deploy-test	Run actions/checkout@v7	2026-10-06T10:24:06.8242522Z Removing SSH command configuration
deploy-test	Run actions/checkout@v7	2026-10-06T10:24:06.8246007Z [command]/usr/bin/git config --local --name-only --get-regexp core\.sshCommand
deploy-test	Run actions/checkout@v7	2026-10-06T10:24:06.8275000Z [command]/usr/bin/git submodule foreach --recursive sh -c "git config --local --name-only --get-regexp 'core\.sshCommand' && git config --local --unset-all 'core.sshCommand' || :"
deploy-test	Run actions/checkout@v7	2026-10-06T10:24:06.8586583Z Removing HTTP extra header
deploy-test	Run actions/checkout@v7	2026-10-06T10:24:06.8591369Z [command]/usr/bin/git config --local --name-only --get-regexp http\.https\:\/\/github\.com\/\.extraheader
deploy-test	Run actions/checkout@v7	2026-10-06T10:24:06.8621838Z [command]/usr/bin/git submodule foreach --recursive sh -c "git config --local --name-only --get-regexp 'http\.https\:\/\/github\.com\/\.extraheader' && git config --local --unset-all 'http.https://github.com/.extraheader' || :"
deploy-test	Run actions/checkout@v7	2026-10-06T10:24:06.8795684Z Removing includeIf entries pointing to credentials config files
deploy-test	Run actions/checkout@v7	2026-10-06T10:24:06.8799980Z [command]/usr/bin/git config --local --name-only --get-regexp ^includeIf\.gitdir:
deploy-test	Run actions/checkout@v7	2026-10-06T10:24:06.8828889Z [command]/usr/bin/git submodule foreach --recursive git config --local --show-origin --name-only --get-regexp remote.origin.url
deploy-test	Run actions/checkout@v7	2026-10-06T10:24:06.9019788Z [command]/usr/bin/git config --file /home/runner/work/_temp/git-credentials-8466f231-8127-4376-9bac-79abfdb37aa7.config http.https://github.com/.extraheader AUTHORIZATION: basic ***
deploy-test	Run actions/checkout@v7	2026-10-06T10:24:06.9051510Z [command]/usr/bin/git config --local includeIf.gitdir:/home/runner/work/food-digester-platform/food-digester-platform/.git.path /home/runner/work/_temp/git-credentials-8466f231-8127-4376-9bac-79abfdb37aa7.config
deploy-test	Run actions/checkout@v7	2026-10-06T10:24:06.9078943Z [command]/usr/bin/git config --local includeIf.gitdir:/home/runner/work/food-digester-platform/food-digester-platform/.git/worktrees/*.path /home/runner/work/_temp/git-credentials-8466f231-8127-4376-9bac-79abfdb37aa7.config
deploy-test	Run actions/checkout@v7	2026-10-06T10:24:06.9110420Z [command]/usr/bin/git config --local includeIf.gitdir:/github/workspace/.git.path /github/runner_temp/git-credentials-8466f231-8127-4376-9bac-79abfdb37aa7.config
deploy-test	Run actions/checkout@v7	2026-10-06T10:24:06.9138821Z [command]/usr/bin/git config --local includeIf.gitdir:/github/workspace/.git/worktrees/*.path /github/runner_temp/git-credentials-8466f231-8127-4376-9bac-79abfdb37aa7.config
deploy-test	Run actions/checkout@v7	2026-10-06T10:24:06.9222917Z ##[endgroup]
deploy-test	Run actions/checkout@v7	2026-10-06T10:24:06.9223486Z ##[group]Fetching the repository
deploy-test	Run actions/checkout@v7	2026-10-06T10:24:06.9224406Z [command]/usr/bin/git -c protocol.version=2 fetch --no-tags --prune --no-recurse-submodules --depth=1 origin +fb6f3628a176628d3752f04a9fa35f70c54b5009:refs/remotes/origin/main
deploy-test	Run actions/checkout@v7	2026-10-06T10:24:10.4820447Z From https://github.com/inrust/food-digester-platform
deploy-test	Run actions/checkout@v7	2026-10-06T10:24:10.4821054Z  * [new ref]         fb6f3628a176628d3752f04a9fa35f70c54b5009 -> origin/main
deploy-test	Run actions/checkout@v7	2026-10-06T10:24:10.4830785Z [command]/usr/bin/git branch --list --remote origin/main
deploy-test	Run actions/checkout@v7	2026-10-06T10:24:10.4855890Z   origin/main
deploy-test	Run actions/checkout@v7	2026-10-06T10:24:10.4862036Z [command]/usr/bin/git rev-parse refs/remotes/origin/main
deploy-test	Run actions/checkout@v7	2026-10-06T10:24:10.4884766Z fb6f3628a176628d3752f04a9fa35f70c54b5009
deploy-test	Run actions/checkout@v7	2026-10-06T10:24:10.4888231Z ##[endgroup]
deploy-test	Run actions/checkout@v7	2026-10-06T10:24:10.4888567Z ##[group]Determining the checkout info
deploy-test	Run actions/checkout@v7	2026-10-06T10:24:10.4888937Z ##[endgroup]
deploy-test	Run actions/checkout@v7	2026-10-06T10:24:10.4909702Z [command]/usr/bin/git sparse-checkout disable
deploy-test	Run actions/checkout@v7	2026-10-06T10:24:10.5023427Z [command]/usr/bin/git config --local --unset-all extensions.worktreeConfig
deploy-test	Run actions/checkout@v7	2026-10-06T10:24:10.5051340Z ##[group]Checking out the ref
deploy-test	Run actions/checkout@v7	2026-10-06T10:24:10.5054304Z [command]/usr/bin/git checkout --progress --force -B main refs/remotes/origin/main
deploy-test	Run actions/checkout@v7	2026-10-06T10:24:10.8524732Z Switched to a new branch 'main'
deploy-test	Run actions/checkout@v7	2026-10-06T10:24:10.8528382Z branch 'main' set up to track 'origin/main'.
deploy-test	Run actions/checkout@v7	2026-10-06T10:24:10.8566626Z ##[endgroup]
deploy-test	Run actions/checkout@v7	2026-10-06T10:24:10.8612084Z [command]/usr/bin/git log -1 --format=%H
deploy-test	Run actions/checkout@v7	2026-10-06T10:24:10.8638608Z fb6f3628a176628d3752f04a9fa35f70c54b5009
deploy-test	Run actions/checkout@v7	2026-10-06T10:24:10.8646333Z ##[group]Removing auth
deploy-test	Run actions/checkout@v7	2026-10-06T10:24:10.8646583Z Removing SSH command configuration
deploy-test	Run actions/checkout@v7	2026-10-06T10:24:10.8649900Z [command]/usr/bin/git config --local --name-only --get-regexp core\.sshCommand
deploy-test	Run actions/checkout@v7	2026-10-06T10:24:10.8687356Z [command]/usr/bin/git submodule foreach --recursive sh -c "git config --local --name-only --get-regexp 'core\.sshCommand' && git config --local --unset-all 'core.sshCommand' || :"
deploy-test	Run actions/checkout@v7	2026-10-06T10:24:10.8888523Z Removing HTTP extra header
deploy-test	Run actions/checkout@v7	2026-10-06T10:24:10.8891784Z [command]/usr/bin/git config --local --name-only --get-regexp http\.https\:\/\/github\.com\/\.extraheader
deploy-test	Run actions/checkout@v7	2026-10-06T10:24:10.8921163Z [command]/usr/bin/git submodule foreach --recursive sh -c "git config --local --name-only --get-regexp 'http\.https\:\/\/github\.com\/\.extraheader' && git config --local --unset-all 'http.https://github.com/.extraheader' || :"
deploy-test	Run actions/checkout@v7	2026-10-06T10:24:10.9098202Z Removing includeIf entries pointing to credentials config files
deploy-test	Run actions/checkout@v7	2026-10-06T10:24:10.9101090Z [command]/usr/bin/git config --local --name-only --get-regexp ^includeIf\.gitdir:
deploy-test	Run actions/checkout@v7	2026-10-06T10:24:10.9131735Z includeif.gitdir:/home/runner/work/food-digester-platform/food-digester-platform/.git.path
deploy-test	Run actions/checkout@v7	2026-10-06T10:24:10.9132405Z includeif.gitdir:/home/runner/work/food-digester-platform/food-digester-platform/.git/worktrees/*.path
deploy-test	Run actions/checkout@v7	2026-10-06T10:24:10.9132740Z includeif.gitdir:/github/workspace/.git.path
deploy-test	Run actions/checkout@v7	2026-10-06T10:24:10.9132989Z includeif.gitdir:/github/workspace/.git/worktrees/*.path
deploy-test	Run actions/checkout@v7	2026-10-06T10:24:10.9137523Z [command]/usr/bin/git config --local --get-all includeif.gitdir:/home/runner/work/food-digester-platform/food-digester-platform/.git.path
deploy-test	Run actions/checkout@v7	2026-10-06T10:24:10.9158499Z /home/runner/work/_temp/git-credentials-8466f231-8127-4376-9bac-79abfdb37aa7.config
deploy-test	Run actions/checkout@v7	2026-10-06T10:24:10.9164701Z [command]/usr/bin/git config --local --unset includeif.gitdir:/home/runner/work/food-digester-platform/food-digester-platform/.git.path \/home\/runner\/work\/_temp\/git\-credentials\-8466f231\-8127\-4376\-9bac\-79abfdb37aa7\.config
deploy-test	Run actions/checkout@v7	2026-10-06T10:24:10.9198722Z [command]/usr/bin/git config --local --get-all includeif.gitdir:/home/runner/work/food-digester-platform/food-digester-platform/.git/worktrees/*.path
deploy-test	Run actions/checkout@v7	2026-10-06T10:24:10.9220645Z /home/runner/work/_temp/git-credentials-8466f231-8127-4376-9bac-79abfdb37aa7.config
deploy-test	Run actions/checkout@v7	2026-10-06T10:24:10.9226230Z [command]/usr/bin/git config --local --unset includeif.gitdir:/home/runner/work/food-digester-platform/food-digester-platform/.git/worktrees/*.path \/home\/runner\/work\/_temp\/git\-credentials\-8466f231\-8127\-4376\-9bac\-79abfdb37aa7\.config
deploy-test	Run actions/checkout@v7	2026-10-06T10:24:10.9255642Z [command]/usr/bin/git config --local --get-all includeif.gitdir:/github/workspace/.git.path
deploy-test	Run actions/checkout@v7	2026-10-06T10:24:10.9277937Z /github/runner_temp/git-credentials-8466f231-8127-4376-9bac-79abfdb37aa7.config
deploy-test	Run actions/checkout@v7	2026-10-06T10:24:10.9289797Z [command]/usr/bin/git config --local --unset includeif.gitdir:/github/workspace/.git.path \/github\/runner_temp\/git\-credentials\-8466f231\-8127\-4376\-9bac\-79abfdb37aa7\.config
deploy-test	Run actions/checkout@v7	2026-10-06T10:24:10.9313386Z [command]/usr/bin/git config --local --get-all includeif.gitdir:/github/workspace/.git/worktrees/*.path
deploy-test	Run actions/checkout@v7	2026-10-06T10:24:10.9334697Z /github/runner_temp/git-credentials-8466f231-8127-4376-9bac-79abfdb37aa7.config
deploy-test	Run actions/checkout@v7	2026-10-06T10:24:10.9339879Z [command]/usr/bin/git config --local --unset includeif.gitdir:/github/workspace/.git/worktrees/*.path \/github\/runner_temp\/git\-credentials\-8466f231\-8127\-4376\-9bac\-79abfdb37aa7\.config
deploy-test	Run actions/checkout@v7	2026-10-06T10:24:10.9369368Z [command]/usr/bin/git submodule foreach --recursive git config --local --show-origin --name-only --get-regexp remote.origin.url
deploy-test	Run actions/checkout@v7	2026-10-06T10:24:10.9552145Z Removing credentials config '/home/runner/work/_temp/git-credentials-8466f231-8127-4376-9bac-79abfdb37aa7.config'
deploy-test	Run actions/checkout@v7	2026-10-06T10:24:10.9555395Z ##[endgroup]
deploy-test	Run pnpm/action-setup@v6	﻿2026-10-06T10:24:10.9707449Z ##[group]Run pnpm/action-setup@v6
deploy-test	Run pnpm/action-setup@v6	2026-10-06T10:24:10.9707610Z with:
deploy-test	Run pnpm/action-setup@v6	2026-10-06T10:24:10.9707721Z   version: 10.20.0
deploy-test	Run pnpm/action-setup@v6	2026-10-06T10:24:10.9707852Z   dest: ~/setup-pnpm
deploy-test	Run pnpm/action-setup@v6	2026-10-06T10:24:10.9707970Z   run_install: null
deploy-test	Run pnpm/action-setup@v6	2026-10-06T10:24:10.9708085Z   cache: false
deploy-test	Run pnpm/action-setup@v6	2026-10-06T10:24:10.9708210Z   cache_dependency_path: pnpm-lock.yaml
deploy-test	Run pnpm/action-setup@v6	2026-10-06T10:24:10.9708368Z   package_json_file: package.json
deploy-test	Run pnpm/action-setup@v6	2026-10-06T10:24:10.9708508Z   standalone: false
deploy-test	Run pnpm/action-setup@v6	2026-10-06T10:24:10.9708619Z env:
deploy-test	Run pnpm/action-setup@v6	2026-10-06T10:24:10.9708870Z   FDP_DEVICE_API_CERTIFICATE_ARN: arn:aws:acm:ap-southeast-1:065986019555:certificate/db3daf4f-de27-4cb3-8813-5f1f068478e0
deploy-test	Run pnpm/action-setup@v6	2026-10-06T10:24:10.9709537Z   FDP_PUBLIC_API_CERTIFICATE_ARN: arn:aws:acm:ap-southeast-1:065986019555:certificate/2777e55f-df6e-4e7d-8ce8-22cd3cf2babb
deploy-test	Run pnpm/action-setup@v6	2026-10-06T10:24:10.9709872Z   FDP_TRUSTSTORE_BUCKET_NAME: fdp-test-mtls-truststore-065986019555
deploy-test	Run pnpm/action-setup@v6	2026-10-06T10:24:10.9710108Z   FDP_TRUSTSTORE_VERSION: FtN.3H5AydTqt6cgxf0wzeOcNQHFxCOx
deploy-test	Run pnpm/action-setup@v6	2026-10-06T10:24:10.9710302Z   FDP_QA09_ROLLOUT_PHASE: immediate
deploy-test	Run pnpm/action-setup@v6	2026-10-06T10:24:10.9710466Z ##[endgroup]
deploy-test	Run pnpm/action-setup@v6	2026-10-06T10:24:11.0611190Z ##[group]Running self-installer...
deploy-test	Run pnpm/action-setup@v6	2026-10-06T10:24:12.3778871Z 
deploy-test	Run pnpm/action-setup@v6	2026-10-06T10:24:12.3779613Z added 1 package, and audited 2 packages in 1s
deploy-test	Run pnpm/action-setup@v6	2026-10-06T10:24:12.3779875Z 
deploy-test	Run pnpm/action-setup@v6	2026-10-06T10:24:12.3779975Z 1 package is looking for funding
deploy-test	Run pnpm/action-setup@v6	2026-10-06T10:24:12.3780239Z   run `npm fund` for details
deploy-test	Run pnpm/action-setup@v6	2026-10-06T10:24:12.3784007Z 
deploy-test	Run pnpm/action-setup@v6	2026-10-06T10:24:12.3784403Z found 0 vulnerabilities
deploy-test	Run pnpm/action-setup@v6	2026-10-06T10:24:12.7515150Z Checking for updates...
deploy-test	Run pnpm/action-setup@v6	2026-10-06T10:24:13.0650045Z Switching pnpm from v11.19.0 to v10.20.0...
deploy-test	Run pnpm/action-setup@v6	2026-10-06T10:24:13.4844578Z .../v11/89d-1a110be0e13-ca068b1c5acba24d | Progress: resolved 1, reused 0, downloaded 0, added 0
deploy-test	Run pnpm/action-setup@v6	2026-10-06T10:24:13.4858940Z .../v11/89d-1a110be0e13-ca068b1c5acba24d |   +1 +
deploy-test	Run pnpm/action-setup@v6	2026-10-06T10:24:13.6789375Z .../v11/89d-1a110be0e13-ca068b1c5acba24d | Progress: resolved 1, reused 0, downloaded 1, added 1, done
deploy-test	Run pnpm/action-setup@v6	2026-10-06T10:24:13.9252050Z [WARN] Detected a pnpm v10 installation layout at PNPM_HOME. The pnpm shims at PNPM_HOME have been refreshed so the new version is active, but pnpm v11 expects bins in PNPM_HOME/bin. Run "pnpm setup" to migrate your PATH to the v11 layout.
deploy-test	Run pnpm/action-setup@v6	2026-10-06T10:24:13.9276768Z Successfully updated pnpm to v10.20.0
deploy-test	Run pnpm/action-setup@v6	2026-10-06T10:24:13.9538758Z ##[endgroup]
deploy-test	Run pnpm/action-setup@v6	2026-10-06T10:24:13.9538954Z Installation Completed!
deploy-test	Run actions/setup-node@v5	﻿2026-10-06T10:24:13.9672353Z ##[group]Run actions/setup-node@v5
deploy-test	Run actions/setup-node@v5	2026-10-06T10:24:13.9672518Z with:
deploy-test	Run actions/setup-node@v5	2026-10-06T10:24:13.9672637Z   node-version-file: .nvmrc
deploy-test	Run actions/setup-node@v5	2026-10-06T10:24:13.9672772Z   cache: pnpm
deploy-test	Run actions/setup-node@v5	2026-10-06T10:24:13.9672886Z   always-auth: false
deploy-test	Run actions/setup-node@v5	2026-10-06T10:24:13.9673010Z   check-latest: false
deploy-test	Run actions/setup-node@v5	2026-10-06T10:24:13.9674456Z   token: ***
deploy-test	Run actions/setup-node@v5	2026-10-06T10:24:13.9674582Z   package-manager-cache: true
deploy-test	Run actions/setup-node@v5	2026-10-06T10:24:13.9674720Z env:
deploy-test	Run actions/setup-node@v5	2026-10-06T10:24:13.9674977Z   FDP_DEVICE_API_CERTIFICATE_ARN: arn:aws:acm:ap-southeast-1:065986019555:certificate/db3daf4f-de27-4cb3-8813-5f1f068478e0
deploy-test	Run actions/setup-node@v5	2026-10-06T10:24:13.9675406Z   FDP_PUBLIC_API_CERTIFICATE_ARN: arn:aws:acm:ap-southeast-1:065986019555:certificate/2777e55f-df6e-4e7d-8ce8-22cd3cf2babb
deploy-test	Run actions/setup-node@v5	2026-10-06T10:24:13.9675745Z   FDP_TRUSTSTORE_BUCKET_NAME: fdp-test-mtls-truststore-065986019555
deploy-test	Run actions/setup-node@v5	2026-10-06T10:24:13.9675995Z   FDP_TRUSTSTORE_VERSION: FtN.3H5AydTqt6cgxf0wzeOcNQHFxCOx
deploy-test	Run actions/setup-node@v5	2026-10-06T10:24:13.9676188Z   FDP_QA09_ROLLOUT_PHASE: immediate
deploy-test	Run actions/setup-node@v5	2026-10-06T10:24:13.9676362Z   PNPM_HOME: /home/runner/setup-pnpm/node_modules/.bin
deploy-test	Run actions/setup-node@v5	2026-10-06T10:24:13.9676560Z ##[endgroup]
deploy-test	Run actions/setup-node@v5	2026-10-06T10:24:14.0625248Z Node version file is not JSON file
deploy-test	Run actions/setup-node@v5	2026-10-06T10:24:14.0625937Z Resolved .nvmrc as 24.12.0
deploy-test	Run actions/setup-node@v5	2026-10-06T10:24:14.0636445Z Attempting to download 24.12.0...
deploy-test	Run actions/setup-node@v5	2026-10-06T10:24:14.0708390Z (node:2235) [DEP0040] DeprecationWarning: The `punycode` module is deprecated. Please use a userland alternative instead.
deploy-test	Run actions/setup-node@v5	2026-10-06T10:24:14.0709043Z (Use `node --trace-deprecation ...` to show where the warning was created)
deploy-test	Run actions/setup-node@v5	2026-10-06T10:24:15.0960885Z Acquiring 24.12.0 - x64 from https://github.com/actions/node-versions/releases/download/24.12.0-20140960970/node-24.12.0-linux-x64.tar.gz
deploy-test	Run actions/setup-node@v5	2026-10-06T10:24:15.6100456Z Extracting ...
deploy-test	Run actions/setup-node@v5	2026-10-06T10:24:15.6182842Z [command]/usr/bin/tar xz --strip 1 --warning=no-unknown-keyword --overwrite -C /home/runner/work/_temp/a0ed2036-76f5-4a67-9353-ba598d32816c -f /home/runner/work/_temp/6866fbd2-8344-492e-9641-2f1ab214ec13
deploy-test	Run actions/setup-node@v5	2026-10-06T10:24:16.5252803Z Adding to the cache ...
deploy-test	Run actions/setup-node@v5	2026-10-06T10:24:19.1226159Z ##[group]Environment details
deploy-test	Run actions/setup-node@v5	2026-10-06T10:24:19.2706209Z node: v24.12.0
deploy-test	Run actions/setup-node@v5	2026-10-06T10:24:19.2706432Z npm: 11.6.2
deploy-test	Run actions/setup-node@v5	2026-10-06T10:24:19.2706538Z yarn: 1.22.22
deploy-test	Run actions/setup-node@v5	2026-10-06T10:24:19.2706883Z ##[endgroup]
deploy-test	Run actions/setup-node@v5	2026-10-06T10:24:19.2723103Z [command]/home/runner/setup-pnpm/node_modules/.bin/bin/pnpm store path --silent
deploy-test	Run actions/setup-node@v5	2026-10-06T10:24:19.4768635Z /home/runner/work/food-digester-platform/food-digester-platform/.pnpm-store/v10
deploy-test	Run actions/setup-node@v5	2026-10-06T10:24:19.7018813Z Cache hit for: node-cache-Linux-x64-pnpm-75c7fc907608ab439a8b09d5d0397666b4d43ed5b2640c9ca959afdd991ed814
deploy-test	Run actions/setup-node@v5	2026-10-06T10:24:19.7091951Z (node:2235) [DEP0169] DeprecationWarning: `url.parse()` behavior is not standardized and prone to errors that have security implications. Use the WHATWG URL API instead. CVEs are not issued for `url.parse()` vulnerabilities.
deploy-test	Run actions/setup-node@v5	2026-10-06T10:24:20.9290497Z Received 41943040 of 267652001 (15.7%), 40.0 MBs/sec
deploy-test	Run actions/setup-node@v5	2026-10-06T10:24:21.9311512Z Received 226492416 of 267652001 (84.6%), 107.9 MBs/sec
deploy-test	Run actions/setup-node@v5	2026-10-06T10:24:22.2185403Z Received 267652001 of 267652001 (100.0%), 111.5 MBs/sec
deploy-test	Run actions/setup-node@v5	2026-10-06T10:24:22.2185850Z Cache Size: ~255 MB (267652001 B)
deploy-test	Run actions/setup-node@v5	2026-10-06T10:24:22.2284790Z [command]/usr/bin/tar -xf /home/runner/work/_temp/1e7a1b45-9368-4fbc-aaed-0cd17c21f309/cache.tzst -P -C /home/runner/work/food-digester-platform/food-digester-platform --use-compress-program unzstd
deploy-test	Run actions/setup-node@v5	2026-10-06T10:24:24.2903982Z Cache restored successfully
deploy-test	Run actions/setup-node@v5	2026-10-06T10:24:24.3018062Z Cache restored from key: node-cache-Linux-x64-pnpm-75c7fc907608ab439a8b09d5d0397666b4d43ed5b2640c9ca959afdd991ed814
deploy-test	Run pnpm install --frozen-lockfile	﻿2026-10-06T10:24:24.3178077Z ##[group]Run pnpm install --frozen-lockfile
deploy-test	Run pnpm install --frozen-lockfile	2026-10-06T10:24:24.3178342Z ^[[36;1mpnpm install --frozen-lockfile^[[0m
deploy-test	Run pnpm install --frozen-lockfile	2026-10-06T10:24:24.4647471Z shell: /usr/bin/bash -e {0}
deploy-test	Run pnpm install --frozen-lockfile	2026-10-06T10:24:24.4647663Z env:
deploy-test	Run pnpm install --frozen-lockfile	2026-10-06T10:24:24.4647952Z   FDP_DEVICE_API_CERTIFICATE_ARN: arn:aws:acm:ap-southeast-1:065986019555:certificate/db3daf4f-de27-4cb3-8813-5f1f068478e0
deploy-test	Run pnpm install --frozen-lockfile	2026-10-06T10:24:24.4648585Z   FDP_PUBLIC_API_CERTIFICATE_ARN: arn:aws:acm:ap-southeast-1:065986019555:certificate/2777e55f-df6e-4e7d-8ce8-22cd3cf2babb
deploy-test	Run pnpm install --frozen-lockfile	2026-10-06T10:24:24.4648927Z   FDP_TRUSTSTORE_BUCKET_NAME: fdp-test-mtls-truststore-065986019555
deploy-test	Run pnpm install --frozen-lockfile	2026-10-06T10:24:24.4649287Z   FDP_TRUSTSTORE_VERSION: FtN.3H5AydTqt6cgxf0wzeOcNQHFxCOx
deploy-test	Run pnpm install --frozen-lockfile	2026-10-06T10:24:24.4649484Z   FDP_QA09_ROLLOUT_PHASE: immediate
deploy-test	Run pnpm install --frozen-lockfile	2026-10-06T10:24:24.4649669Z   PNPM_HOME: /home/runner/setup-pnpm/node_modules/.bin
deploy-test	Run pnpm install --frozen-lockfile	2026-10-06T10:24:24.4649847Z ##[endgroup]
deploy-test	Run pnpm install --frozen-lockfile	2026-10-06T10:24:24.6614417Z Scope: all 14 workspace projects
deploy-test	Run pnpm install --frozen-lockfile	2026-10-06T10:24:24.6886639Z Lockfile is up to date, resolution step is skipped
deploy-test	Run pnpm install --frozen-lockfile	2026-10-06T10:24:24.7710604Z Packages: +535
deploy-test	Run pnpm install --frozen-lockfile	2026-10-06T10:24:24.7711402Z ++++++++++++++++++++++++++++++++++++++++++++++++++++++++++++++++++++++++++++++++
deploy-test	Run pnpm install --frozen-lockfile	2026-10-06T10:24:24.7790254Z Progress: resolved 0, reused 1, downloaded 0, added 0
deploy-test	Run pnpm install --frozen-lockfile	2026-10-06T10:24:25.7766965Z Progress: resolved 0, reused 527, downloaded 0, added 293
deploy-test	Run pnpm install --frozen-lockfile	2026-10-06T10:24:26.8000696Z Progress: resolved 0, reused 527, downloaded 0, added 535
deploy-test	Run pnpm install --frozen-lockfile	2026-10-06T10:24:26.8117665Z Progress: resolved 0, reused 527, downloaded 0, added 535, done
deploy-test	Run pnpm install --frozen-lockfile	2026-10-06T10:24:27.2180245Z 
deploy-test	Run pnpm install --frozen-lockfile	2026-10-06T10:24:27.2575872Z Done in 2.7s using pnpm v10.20.0
deploy-test	Run pnpm exec playwright install --with-deps chromium	﻿2026-10-06T10:24:27.2853617Z ##[group]Run pnpm exec playwright install --with-deps chromium
deploy-test	Run pnpm exec playwright install --with-deps chromium	2026-10-06T10:24:27.2853914Z ^[[36;1mpnpm exec playwright install --with-deps chromium^[[0m
deploy-test	Run pnpm exec playwright install --with-deps chromium	2026-10-06T10:24:27.2908581Z shell: /usr/bin/bash -e {0}
deploy-test	Run pnpm exec playwright install --with-deps chromium	2026-10-06T10:24:27.2908730Z env:
deploy-test	Run pnpm exec playwright install --with-deps chromium	2026-10-06T10:24:27.2909000Z   FDP_DEVICE_API_CERTIFICATE_ARN: arn:aws:acm:ap-southeast-1:065986019555:certificate/db3daf4f-de27-4cb3-8813-5f1f068478e0
deploy-test	Run pnpm exec playwright install --with-deps chromium	2026-10-06T10:24:27.2909546Z   FDP_PUBLIC_API_CERTIFICATE_ARN: arn:aws:acm:ap-southeast-1:065986019555:certificate/2777e55f-df6e-4e7d-8ce8-22cd3cf2babb
deploy-test	Run pnpm exec playwright install --with-deps chromium	2026-10-06T10:24:27.2909886Z   FDP_TRUSTSTORE_BUCKET_NAME: fdp-test-mtls-truststore-065986019555
deploy-test	Run pnpm exec playwright install --with-deps chromium	2026-10-06T10:24:27.2910137Z   FDP_TRUSTSTORE_VERSION: FtN.3H5AydTqt6cgxf0wzeOcNQHFxCOx
deploy-test	Run pnpm exec playwright install --with-deps chromium	2026-10-06T10:24:27.2910325Z   FDP_QA09_ROLLOUT_PHASE: immediate
deploy-test	Run pnpm exec playwright install --with-deps chromium	2026-10-06T10:24:27.2910499Z   PNPM_HOME: /home/runner/setup-pnpm/node_modules/.bin
deploy-test	Run pnpm exec playwright install --with-deps chromium	2026-10-06T10:24:27.2910674Z ##[endgroup]
deploy-test	Run pnpm exec playwright install --with-deps chromium	2026-10-06T10:24:27.8062195Z Installing dependencies...
deploy-test	Run pnpm exec playwright install --with-deps chromium	2026-10-06T10:24:27.8114644Z Switching to root user to install dependencies...
deploy-test	Run pnpm exec playwright install --with-deps chromium	2026-10-06T10:24:27.9331593Z Get:1 file:/etc/apt/apt-mirrors.txt Mirrorlist [144 B]
deploy-test	Run pnpm exec playwright install --with-deps chromium	2026-10-06T10:24:27.9590631Z Hit:2 http://azure.archive.ubuntu.com/ubuntu noble InRelease
deploy-test	Run pnpm exec playwright install --with-deps chromium	2026-10-06T10:24:27.9662242Z Get:3 http://azure.archive.ubuntu.com/ubuntu noble-updates InRelease [126 kB]
deploy-test	Run pnpm exec playwright install --with-deps chromium	2026-10-06T10:24:27.9697931Z Get:6 https://packages.microsoft.com/ubuntu/24.04/prod noble InRelease [3600 B]
deploy-test	Run pnpm exec playwright install --with-deps chromium	2026-10-06T10:24:28.0158948Z Get:4 http://azure.archive.ubuntu.com/ubuntu noble-backports InRelease [126 kB]
deploy-test	Run pnpm exec playwright install --with-deps chromium	2026-10-06T10:24:28.0589952Z Get:5 http://azure.archive.ubuntu.com/ubuntu noble-security InRelease [126 kB]
deploy-test	Run pnpm exec playwright install --with-deps chromium	2026-10-06T10:24:28.1043763Z Get:17 https://packages.microsoft.com/ubuntu/24.04/prod noble/main arm64 Packages [458 kB]
deploy-test	Run pnpm exec playwright install --with-deps chromium	2026-10-06T10:24:28.1761018Z Get:7 http://azure.archive.ubuntu.com/ubuntu noble-updates/main amd64 Packages [1370 kB]
deploy-test	Run pnpm exec playwright install --with-deps chromium	2026-10-06T10:24:28.1817303Z Get:20 https://packages.microsoft.com/ubuntu/24.04/prod noble/main amd64 Packages [515 kB]
deploy-test	Run pnpm exec playwright install --with-deps chromium	2026-10-06T10:24:28.2342915Z Get:8 http://azure.archive.ubuntu.com/ubuntu noble-updates/main Translation-en [305 kB]
deploy-test	Run pnpm exec playwright install --with-deps chromium	2026-10-06T10:24:28.2361387Z Get:29 https://packages.microsoft.com/ubuntu/24.04/prod noble/main armhf Packages [12.6 kB]
deploy-test	Run pnpm exec playwright install --with-deps chromium	2026-10-06T10:24:28.2848801Z Get:9 http://azure.archive.ubuntu.com/ubuntu noble-updates/main amd64 Components [181 kB]
deploy-test	Run pnpm exec playwright install --with-deps chromium	2026-10-06T10:24:28.2943603Z Get:10 http://azure.archive.ubuntu.com/ubuntu noble-updates/universe amd64 Packages [1701 kB]
deploy-test	Run pnpm exec playwright install --with-deps chromium	2026-10-06T10:24:28.3445719Z Get:11 http://azure.archive.ubuntu.com/ubuntu noble-updates/universe Translation-en [341 kB]
deploy-test	Run pnpm exec playwright install --with-deps chromium	2026-10-06T10:24:28.3547692Z Get:12 http://azure.archive.ubuntu.com/ubuntu noble-updates/universe amd64 Components [388 kB]
deploy-test	Run pnpm exec playwright install --with-deps chromium	2026-10-06T10:24:28.3743318Z Get:13 http://azure.archive.ubuntu.com/ubuntu noble-updates/restricted amd64 Packages [1728 kB]
deploy-test	Run pnpm exec playwright install --with-deps chromium	2026-10-06T10:24:28.4348186Z Get:14 http://azure.archive.ubuntu.com/ubuntu noble-updates/restricted Translation-en [395 kB]
deploy-test	Run pnpm exec playwright install --with-deps chromium	2026-10-06T10:24:28.4543910Z Get:15 http://azure.archive.ubuntu.com/ubuntu noble-updates/multiverse Translation-en [13.3 kB]
deploy-test	Run pnpm exec playwright install --with-deps chromium	2026-10-06T10:24:28.4744556Z Get:16 http://azure.archive.ubuntu.com/ubuntu noble-updates/multiverse amd64 Components [940 B]
deploy-test	Run pnpm exec playwright install --with-deps chromium	2026-10-06T10:24:28.5256116Z Get:18 http://azure.archive.ubuntu.com/ubuntu noble-backports/main amd64 Components [5764 B]
deploy-test	Run pnpm exec playwright install --with-deps chromium	2026-10-06T10:24:28.5327167Z Get:19 http://azure.archive.ubuntu.com/ubuntu noble-backports/universe amd64 Components [12.6 kB]
deploy-test	Run pnpm exec playwright install --with-deps chromium	2026-10-06T10:24:28.5461391Z Get:21 http://azure.archive.ubuntu.com/ubuntu noble-security/main amd64 Packages [1071 kB]
deploy-test	Run pnpm exec playwright install --with-deps chromium	2026-10-06T10:24:28.5642935Z Get:22 http://azure.archive.ubuntu.com/ubuntu noble-security/main Translation-en [222 kB]
deploy-test	Run pnpm exec playwright install --with-deps chromium	2026-10-06T10:24:28.5840885Z Get:23 http://azure.archive.ubuntu.com/ubuntu noble-security/main amd64 Components [46.4 kB]
deploy-test	Run pnpm exec playwright install --with-deps chromium	2026-10-06T10:24:28.5868275Z Get:24 http://azure.archive.ubuntu.com/ubuntu noble-security/universe amd64 Packages [1216 kB]
deploy-test	Run pnpm exec playwright install --with-deps chromium	2026-10-06T10:24:28.6257403Z Get:25 http://azure.archive.ubuntu.com/ubuntu noble-security/universe Translation-en [244 kB]
deploy-test	Run pnpm exec playwright install --with-deps chromium	2026-10-06T10:24:28.6647082Z Get:26 http://azure.archive.ubuntu.com/ubuntu noble-security/universe amd64 Components [76.3 kB]
deploy-test	Run pnpm exec playwright install --with-deps chromium	2026-10-06T10:24:28.6907390Z Get:27 http://azure.archive.ubuntu.com/ubuntu noble-security/restricted amd64 Packages [1566 kB]
deploy-test	Run pnpm exec playwright install --with-deps chromium	2026-10-06T10:24:28.7226867Z Get:28 http://azure.archive.ubuntu.com/ubuntu noble-security/restricted Translation-en [361 kB]
deploy-test	Run pnpm exec playwright install --with-deps chromium	2026-10-06T10:24:34.4832862Z Fetched 12.6 MB in 1s (10.8 MB/s)
deploy-test	Run pnpm exec playwright install --with-deps chromium	2026-10-06T10:24:34.9722492Z Reading package lists...
deploy-test	Run pnpm exec playwright install --with-deps chromium	2026-10-06T10:24:34.9910163Z Reading package lists...
deploy-test	Run pnpm exec playwright install --with-deps chromium	2026-10-06T10:24:35.1293643Z Building dependency tree...
deploy-test	Run pnpm exec playwright install --with-deps chromium	2026-10-06T10:24:35.1298785Z Reading state information...
deploy-test	Run pnpm exec playwright install --with-deps chromium	2026-10-06T10:24:35.2343191Z libasound2t64 is already the newest version (1.2.11-1ubuntu0.3).
deploy-test	Run pnpm exec playwright install --with-deps chromium	2026-10-06T10:24:35.2343875Z libasound2t64 set to manually installed.
deploy-test	Run pnpm exec playwright install --with-deps chromium	2026-10-06T10:24:35.2344458Z libatk-bridge2.0-0t64 is already the newest version (2.52.0-1build1).
deploy-test	Run pnpm exec playwright install --with-deps chromium	2026-10-06T10:24:35.2345015Z libatk-bridge2.0-0t64 set to manually installed.
deploy-test	Run pnpm exec playwright install --with-deps chromium	2026-10-06T10:24:35.2345552Z libatk1.0-0t64 is already the newest version (2.52.0-1build1).
deploy-test	Run pnpm exec playwright install --with-deps chromium	2026-10-06T10:24:35.2346036Z libatk1.0-0t64 set to manually installed.
deploy-test	Run pnpm exec playwright install --with-deps chromium	2026-10-06T10:24:35.2346544Z libatspi2.0-0t64 is already the newest version (2.52.0-1build1).
deploy-test	Run pnpm exec playwright install --with-deps chromium	2026-10-06T10:24:35.2347048Z libatspi2.0-0t64 set to manually installed.
deploy-test	Run pnpm exec playwright install --with-deps chromium	2026-10-06T10:24:35.2347530Z libcairo2 is already the newest version (1.18.0-3build1).
deploy-test	Run pnpm exec playwright install --with-deps chromium	2026-10-06T10:24:35.2347984Z libcairo2 set to manually installed.
deploy-test	Run pnpm exec playwright install --with-deps chromium	2026-10-06T10:24:35.2348445Z libcups2t64 is already the newest version (2.4.7-1.2ubuntu7.14).
deploy-test	Run pnpm exec playwright install --with-deps chromium	2026-10-06T10:24:35.2348850Z libcups2t64 set to manually installed.
deploy-test	Run pnpm exec playwright install --with-deps chromium	2026-10-06T10:24:35.2349344Z libdbus-1-3 is already the newest version (1.14.10-4ubuntu4.1).
deploy-test	Run pnpm exec playwright install --with-deps chromium	2026-10-06T10:24:35.2349667Z libdbus-1-3 set to manually installed.
deploy-test	Run pnpm exec playwright install --with-deps chromium	2026-10-06T10:24:35.2349936Z libdrm2 is already the newest version (2.4.125-1ubuntu0.1~24.04.2).
deploy-test	Run pnpm exec playwright install --with-deps chromium	2026-10-06T10:24:35.2350164Z libdrm2 set to manually installed.
deploy-test	Run pnpm exec playwright install --with-deps chromium	2026-10-06T10:24:35.2350393Z libglib2.0-0t64 is already the newest version (2.80.0-6ubuntu3.9).
deploy-test	Run pnpm exec playwright install --with-deps chromium	2026-10-06T10:24:35.2350630Z libglib2.0-0t64 set to manually installed.
deploy-test	Run pnpm exec playwright install --with-deps chromium	2026-10-06T10:24:35.2350870Z libnspr4 is already the newest version (2:4.35-1.1build1).
deploy-test	Run pnpm exec playwright install --with-deps chromium	2026-10-06T10:24:35.2351168Z libnspr4 set to manually installed.
deploy-test	Run pnpm exec playwright install --with-deps chromium	2026-10-06T10:24:35.2351387Z libnss3 is already the newest version (2:3.98-1ubuntu0.2).
deploy-test	Run pnpm exec playwright install --with-deps chromium	2026-10-06T10:24:35.2351593Z libnss3 set to manually installed.
deploy-test	Run pnpm exec playwright install --with-deps chromium	2026-10-06T10:24:35.2351823Z libpango-1.0-0 is already the newest version (1.52.1+ds-1build1).
deploy-test	Run pnpm exec playwright install --with-deps chromium	2026-10-06T10:24:35.2352054Z libpango-1.0-0 set to manually installed.
deploy-test	Run pnpm exec playwright install --with-deps chromium	2026-10-06T10:24:35.2352275Z libx11-6 is already the newest version (2:1.8.7-1build1).
deploy-test	Run pnpm exec playwright install --with-deps chromium	2026-10-06T10:24:35.2352932Z libx11-6 set to manually installed.
deploy-test	Run pnpm exec playwright install --with-deps chromium	2026-10-06T10:24:35.2353204Z libxcb1 is already the newest version (1.15-1ubuntu2).
deploy-test	Run pnpm exec playwright install --with-deps chromium	2026-10-06T10:24:35.2353405Z libxcb1 set to manually installed.
deploy-test	Run pnpm exec playwright install --with-deps chromium	2026-10-06T10:24:35.2353629Z libxcomposite1 is already the newest version (1:0.4.5-1build3).
deploy-test	Run pnpm exec playwright install --with-deps chromium	2026-10-06T10:24:35.2353856Z libxcomposite1 set to manually installed.
deploy-test	Run pnpm exec playwright install --with-deps chromium	2026-10-06T10:24:35.2354092Z libxdamage1 is already the newest version (1:1.1.6-1build1).
deploy-test	Run pnpm exec playwright install --with-deps chromium	2026-10-06T10:24:35.2354307Z libxdamage1 set to manually installed.
deploy-test	Run pnpm exec playwright install --with-deps chromium	2026-10-06T10:24:35.2354522Z libxext6 is already the newest version (2:1.3.4-1build2).
deploy-test	Run pnpm exec playwright install --with-deps chromium	2026-10-06T10:24:35.2354727Z libxext6 set to manually installed.
deploy-test	Run pnpm exec playwright install --with-deps chromium	2026-10-06T10:24:35.2354940Z libxfixes3 is already the newest version (1:6.0.0-2build1).
deploy-test	Run pnpm exec playwright install --with-deps chromium	2026-10-06T10:24:35.2355153Z libxfixes3 set to manually installed.
deploy-test	Run pnpm exec playwright install --with-deps chromium	2026-10-06T10:24:35.2355379Z libxkbcommon0 is already the newest version (1.6.0-1build1).
deploy-test	Run pnpm exec playwright install --with-deps chromium	2026-10-06T10:24:35.2355597Z libxkbcommon0 set to manually installed.
deploy-test	Run pnpm exec playwright install --with-deps chromium	2026-10-06T10:24:35.2355824Z libxrandr2 is already the newest version (2:1.5.2-2build1).
deploy-test	Run pnpm exec playwright install --with-deps chromium	2026-10-06T10:24:35.2356036Z libxrandr2 set to manually installed.
deploy-test	Run pnpm exec playwright install --with-deps chromium	2026-10-06T10:24:35.2356251Z xvfb is already the newest version (2:21.1.12-1ubuntu1.8).
deploy-test	Run pnpm exec playwright install --with-deps chromium	2026-10-06T10:24:35.2356643Z fonts-noto-color-emoji is already the newest version (2.047-0ubuntu0.24.04.1).
deploy-test	Run pnpm exec playwright install --with-deps chromium	2026-10-06T10:24:35.2356956Z libfontconfig1 is already the newest version (2.15.0-1.1ubuntu2).
deploy-test	Run pnpm exec playwright install --with-deps chromium	2026-10-06T10:24:35.2357312Z libfontconfig1 set to manually installed.
deploy-test	Run pnpm exec playwright install --with-deps chromium	2026-10-06T10:24:35.2357555Z libfreetype6 is already the newest version (2.13.2+dfsg-1ubuntu0.1).
deploy-test	Run pnpm exec playwright install --with-deps chromium	2026-10-06T10:24:35.2357793Z libfreetype6 set to manually installed.
deploy-test	Run pnpm exec playwright install --with-deps chromium	2026-10-06T10:24:35.2358024Z fonts-liberation is already the newest version (1:2.1.5-3).
deploy-test	Run pnpm exec playwright install --with-deps chromium	2026-10-06T10:24:35.2358247Z fonts-liberation set to manually installed.
deploy-test	Run pnpm exec playwright install --with-deps chromium	2026-10-06T10:24:35.2358468Z The following additional packages will be installed:
deploy-test	Run pnpm exec playwright install --with-deps chromium	2026-10-06T10:24:35.2358750Z   libgl1-mesa-dri libglx-mesa0 mesa-libgallium xfonts-encodings xfonts-utils
deploy-test	Run pnpm exec playwright install --with-deps chromium	2026-10-06T10:24:35.2358989Z Recommended packages:
deploy-test	Run pnpm exec playwright install --with-deps chromium	2026-10-06T10:24:35.2359308Z   fonts-ipafont-mincho fonts-tlwg-loma
deploy-test	Run pnpm exec playwright install --with-deps chromium	2026-10-06T10:24:35.2493732Z The following NEW packages will be installed:
deploy-test	Run pnpm exec playwright install --with-deps chromium	2026-10-06T10:24:35.2494205Z   fonts-freefont-ttf fonts-ipafont-gothic fonts-tlwg-loma-otf fonts-unifont
deploy-test	Run pnpm exec playwright install --with-deps chromium	2026-10-06T10:24:35.2495850Z   fonts-wqy-zenhei xfonts-cyrillic xfonts-encodings xfonts-scalable
deploy-test	Run pnpm exec playwright install --with-deps chromium	2026-10-06T10:24:35.2496199Z   xfonts-utils
deploy-test	Run pnpm exec playwright install --with-deps chromium	2026-10-06T10:24:35.2497877Z The following packages will be upgraded:
deploy-test	Run pnpm exec playwright install --with-deps chromium	2026-10-06T10:24:35.2500178Z   libgbm1 libgl1-mesa-dri libglx-mesa0 mesa-libgallium
deploy-test	Run pnpm exec playwright install --with-deps chromium	2026-10-06T10:24:35.2630226Z 4 upgraded, 9 newly installed, 0 to remove and 21 not upgraded.
deploy-test	Run pnpm exec playwright install --with-deps chromium	2026-10-06T10:24:35.2630600Z Need to get 32.1 MB of archives.
deploy-test	Run pnpm exec playwright install --with-deps chromium	2026-10-06T10:24:35.2630845Z After this operation, 79.5 MB of additional disk space will be used.
deploy-test	Run pnpm exec playwright install --with-deps chromium	2026-10-06T10:24:35.2631154Z Get:1 file:/etc/apt/apt-mirrors.txt Mirrorlist [144 B]
deploy-test	Run pnpm exec playwright install --with-deps chromium	2026-10-06T10:24:35.4763417Z Get:2 http://azure.archive.ubuntu.com/ubuntu noble/universe amd64 fonts-ipafont-gothic all 00303-21ubuntu1 [3513 kB]
deploy-test	Run pnpm exec playwright install --with-deps chromium	2026-10-06T10:24:35.6096872Z Get:3 http://azure.archive.ubuntu.com/ubuntu noble/main amd64 fonts-freefont-ttf all 20211204+svn4273-2 [5641 kB]
deploy-test	Run pnpm exec playwright install --with-deps chromium	2026-10-06T10:24:35.7845956Z Get:4 http://azure.archive.ubuntu.com/ubuntu noble/universe amd64 fonts-tlwg-loma-otf all 1:0.7.3-1 [107 kB]
deploy-test	Run pnpm exec playwright install --with-deps chromium	2026-10-06T10:24:35.8482087Z Get:5 http://azure.archive.ubuntu.com/ubuntu noble/universe amd64 fonts-unifont all 1:15.1.01-1build1 [2993 kB]
deploy-test	Run pnpm exec playwright install --with-deps chromium	2026-10-06T10:24:35.9703164Z Get:6 http://azure.archive.ubuntu.com/ubuntu noble/universe amd64 fonts-wqy-zenhei all 0.9.45-8 [7472 kB]
deploy-test	Run pnpm exec playwright install --with-deps chromium	2026-10-06T10:24:36.1822612Z Get:7 http://azure.archive.ubuntu.com/ubuntu noble-updates/main amd64 libgl1-mesa-dri amd64 25.2.8-0ubuntu0.24.04.4 [38.0 kB]
deploy-test	Run pnpm exec playwright install --with-deps chromium	2026-10-06T10:24:36.2455627Z Get:8 http://azure.archive.ubuntu.com/ubuntu noble-updates/main amd64 libglx-mesa0 amd64 25.2.8-0ubuntu0.24.04.4 [110 kB]
deploy-test	Run pnpm exec playwright install --with-deps chromium	2026-10-06T10:24:36.3105878Z Get:9 http://azure.archive.ubuntu.com/ubuntu noble-updates/main amd64 libgbm1 amd64 25.2.8-0ubuntu0.24.04.4 [34.2 kB]
deploy-test	Run pnpm exec playwright install --with-deps chromium	2026-10-06T10:24:36.3737677Z Get:10 http://azure.archive.ubuntu.com/ubuntu noble-updates/main amd64 mesa-libgallium amd64 25.2.8-0ubuntu0.24.04.4 [10.8 MB]
deploy-test	Run pnpm exec playwright install --with-deps chromium	2026-10-06T10:24:36.6533192Z Get:11 http://azure.archive.ubuntu.com/ubuntu noble/main amd64 xfonts-encodings all 1:1.0.5-0ubuntu2 [578 kB]
deploy-test	Run pnpm exec playwright install --with-deps chromium	2026-10-06T10:24:36.7283562Z Get:12 http://azure.archive.ubuntu.com/ubuntu noble/main amd64 xfonts-utils amd64 1:7.7+6build3 [94.4 kB]
deploy-test	Run pnpm exec playwright install --with-deps chromium	2026-10-06T10:24:36.8050549Z Get:13 http://azure.archive.ubuntu.com/ubuntu noble/universe amd64 xfonts-cyrillic all 1:1.0.5+nmu1 [384 kB]
deploy-test	Run pnpm exec playwright install --with-deps chromium	2026-10-06T10:24:36.9050414Z Get:14 http://azure.archive.ubuntu.com/ubuntu noble/main amd64 xfonts-scalable all 1:1.0.3-1.3 [304 kB]
deploy-test	Run pnpm exec playwright install --with-deps chromium	2026-10-06T10:24:37.1022023Z Fetched 32.1 MB in 2s (19.3 MB/s)
deploy-test	Run pnpm exec playwright install --with-deps chromium	2026-10-06T10:24:37.1510710Z Selecting previously unselected package fonts-ipafont-gothic.
deploy-test	Run pnpm exec playwright install --with-deps chromium	2026-10-06T10:24:37.1771353Z (Reading database ... 
deploy-test	Run pnpm exec playwright install --with-deps chromium	2026-10-06T10:24:37.1771601Z (Reading database ... 5%
deploy-test	Run pnpm exec playwright install --with-deps chromium	2026-10-06T10:24:37.1771866Z (Reading database ... 10%
deploy-test	Run pnpm exec playwright install --with-deps chromium	2026-10-06T10:24:37.1772012Z (Reading database ... 15%
deploy-test	Run pnpm exec playwright install --with-deps chromium	2026-10-06T10:24:37.1772156Z (Reading database ... 20%
deploy-test	Run pnpm exec playwright install --with-deps chromium	2026-10-06T10:24:37.1772295Z (Reading database ... 25%
deploy-test	Run pnpm exec playwright install --with-deps chromium	2026-10-06T10:24:37.1772434Z (Reading database ... 30%
deploy-test	Run pnpm exec playwright install --with-deps chromium	2026-10-06T10:24:37.1772572Z (Reading database ... 35%
deploy-test	Run pnpm exec playwright install --with-deps chromium	2026-10-06T10:24:37.1772707Z (Reading database ... 40%
deploy-test	Run pnpm exec playwright install --with-deps chromium	2026-10-06T10:24:37.1773038Z (Reading database ... 45%
deploy-test	Run pnpm exec playwright install --with-deps chromium	2026-10-06T10:24:37.1773176Z (Reading database ... 50%
deploy-test	Run pnpm exec playwright install --with-deps chromium	2026-10-06T10:24:37.2136034Z (Reading database ... 55%
deploy-test	Run pnpm exec playwright install --with-deps chromium	2026-10-06T10:24:37.2824666Z (Reading database ... 60%
deploy-test	Run pnpm exec playwright install --with-deps chromium	2026-10-06T10:24:37.4886252Z (Reading database ... 65%
deploy-test	Run pnpm exec playwright install --with-deps chromium	2026-10-06T10:24:37.7500189Z (Reading database ... 70%
deploy-test	Run pnpm exec playwright install --with-deps chromium	2026-10-06T10:24:37.8970057Z (Reading database ... 75%
deploy-test	Run pnpm exec playwright install --with-deps chromium	2026-10-06T10:24:38.0366758Z (Reading database ... 80%
deploy-test	Run pnpm exec playwright install --with-deps chromium	2026-10-06T10:24:38.1773400Z (Reading database ... 85%
deploy-test	Run pnpm exec playwright install --with-deps chromium	2026-10-06T10:24:38.3184676Z (Reading database ... 90%
deploy-test	Run pnpm exec playwright install --with-deps chromium	2026-10-06T10:24:38.5027832Z (Reading database ... 95%
deploy-test	Run pnpm exec playwright install --with-deps chromium	2026-10-06T10:24:38.5028192Z (Reading database ... 100%
deploy-test	Run pnpm exec playwright install --with-deps chromium	2026-10-06T10:24:38.5028632Z (Reading database ... 202296 files and directories currently installed.)
deploy-test	Run pnpm exec playwright install --with-deps chromium	2026-10-06T10:24:38.5073212Z Preparing to unpack .../00-fonts-ipafont-gothic_00303-21ubuntu1_all.deb ...
deploy-test	Run pnpm exec playwright install --with-deps chromium	2026-10-06T10:24:38.5424209Z Unpacking fonts-ipafont-gothic (00303-21ubuntu1) ...
deploy-test	Run pnpm exec playwright install --with-deps chromium	2026-10-06T10:24:38.8457854Z Selecting previously unselected package fonts-freefont-ttf.
deploy-test	Run pnpm exec playwright install --with-deps chromium	2026-10-06T10:24:38.8552002Z Preparing to unpack .../01-fonts-freefont-ttf_20211204+svn4273-2_all.deb ...
deploy-test	Run pnpm exec playwright install --with-deps chromium	2026-10-06T10:24:38.9059903Z Unpacking fonts-freefont-ttf (20211204+svn4273-2) ...
deploy-test	Run pnpm exec playwright install --with-deps chromium	2026-10-06T10:24:39.2436661Z Selecting previously unselected package fonts-tlwg-loma-otf.
deploy-test	Run pnpm exec playwright install --with-deps chromium	2026-10-06T10:24:39.2540226Z Preparing to unpack .../02-fonts-tlwg-loma-otf_1%3a0.7.3-1_all.deb ...
deploy-test	Run pnpm exec playwright install --with-deps chromium	2026-10-06T10:24:39.2630031Z Unpacking fonts-tlwg-loma-otf (1:0.7.3-1) ...
deploy-test	Run pnpm exec playwright install --with-deps chromium	2026-10-06T10:24:39.3856788Z Selecting previously unselected package fonts-unifont.
deploy-test	Run pnpm exec playwright install --with-deps chromium	2026-10-06T10:24:39.3954956Z Preparing to unpack .../03-fonts-unifont_1%3a15.1.01-1build1_all.deb ...
deploy-test	Run pnpm exec playwright install --with-deps chromium	2026-10-06T10:24:39.4049895Z Unpacking fonts-unifont (1:15.1.01-1build1) ...
deploy-test	Run pnpm exec playwright install --with-deps chromium	2026-10-06T10:24:39.8112255Z Selecting previously unselected package fonts-wqy-zenhei.
deploy-test	Run pnpm exec playwright install --with-deps chromium	2026-10-06T10:24:39.8219998Z Preparing to unpack .../04-fonts-wqy-zenhei_0.9.45-8_all.deb ...
deploy-test	Run pnpm exec playwright install --with-deps chromium	2026-10-06T10:24:39.8426825Z Unpacking fonts-wqy-zenhei (0.9.45-8) ...
deploy-test	Run pnpm exec playwright install --with-deps chromium	2026-10-06T10:24:40.4418809Z Preparing to unpack .../05-libgl1-mesa-dri_25.2.8-0ubuntu0.24.04.4_amd64.deb ...
deploy-test	Run pnpm exec playwright install --with-deps chromium	2026-10-06T10:24:40.5067408Z Unpacking libgl1-mesa-dri:amd64 (25.2.8-0ubuntu0.24.04.4) over (25.2.8-0ubuntu0.24.04.2) ...
deploy-test	Run pnpm exec playwright install --with-deps chromium	2026-10-06T10:24:40.9882290Z Preparing to unpack .../06-libglx-mesa0_25.2.8-0ubuntu0.24.04.4_amd64.deb ...
deploy-test	Run pnpm exec playwright install --with-deps chromium	2026-10-06T10:24:41.0798037Z Unpacking libglx-mesa0:amd64 (25.2.8-0ubuntu0.24.04.4) over (25.2.8-0ubuntu0.24.04.2) ...
deploy-test	Run pnpm exec playwright install --with-deps chromium	2026-10-06T10:24:41.1104337Z Preparing to unpack .../07-libgbm1_25.2.8-0ubuntu0.24.04.4_amd64.deb ...
deploy-test	Run pnpm exec playwright install --with-deps chromium	2026-10-06T10:24:41.1123139Z Unpacking libgbm1:amd64 (25.2.8-0ubuntu0.24.04.4) over (25.2.8-0ubuntu0.24.04.2) ...
deploy-test	Run pnpm exec playwright install --with-deps chromium	2026-10-06T10:24:41.1436008Z Preparing to unpack .../08-mesa-libgallium_25.2.8-0ubuntu0.24.04.4_amd64.deb ...
deploy-test	Run pnpm exec playwright install --with-deps chromium	2026-10-06T10:24:41.1500644Z Unpacking mesa-libgallium:amd64 (25.2.8-0ubuntu0.24.04.4) over (25.2.8-0ubuntu0.24.04.2) ...
deploy-test	Run pnpm exec playwright install --with-deps chromium	2026-10-06T10:24:41.4867071Z Selecting previously unselected package xfonts-encodings.
deploy-test	Run pnpm exec playwright install --with-deps chromium	2026-10-06T10:24:41.4965226Z Preparing to unpack .../09-xfonts-encodings_1%3a1.0.5-0ubuntu2_all.deb ...
deploy-test	Run pnpm exec playwright install --with-deps chromium	2026-10-06T10:24:41.4971514Z Unpacking xfonts-encodings (1:1.0.5-0ubuntu2) ...
deploy-test	Run pnpm exec playwright install --with-deps chromium	2026-10-06T10:24:41.5194959Z Selecting previously unselected package xfonts-utils.
deploy-test	Run pnpm exec playwright install --with-deps chromium	2026-10-06T10:24:41.5291616Z Preparing to unpack .../10-xfonts-utils_1%3a7.7+6build3_amd64.deb ...
deploy-test	Run pnpm exec playwright install --with-deps chromium	2026-10-06T10:24:41.5297187Z Unpacking xfonts-utils (1:7.7+6build3) ...
deploy-test	Run pnpm exec playwright install --with-deps chromium	2026-10-06T10:24:41.5582558Z Selecting previously unselected package xfonts-cyrillic.
deploy-test	Run pnpm exec playwright install --with-deps chromium	2026-10-06T10:24:41.5676523Z Preparing to unpack .../11-xfonts-cyrillic_1%3a1.0.5+nmu1_all.deb ...
deploy-test	Run pnpm exec playwright install --with-deps chromium	2026-10-06T10:24:41.5682603Z Unpacking xfonts-cyrillic (1:1.0.5+nmu1) ...
deploy-test	Run pnpm exec playwright install --with-deps chromium	2026-10-06T10:24:41.5930387Z Selecting previously unselected package xfonts-scalable.
deploy-test	Run pnpm exec playwright install --with-deps chromium	2026-10-06T10:24:41.6022872Z Preparing to unpack .../12-xfonts-scalable_1%3a1.0.3-1.3_all.deb ...
deploy-test	Run pnpm exec playwright install --with-deps chromium	2026-10-06T10:24:41.6087362Z Unpacking xfonts-scalable (1:1.0.3-1.3) ...
deploy-test	Run pnpm exec playwright install --with-deps chromium	2026-10-06T10:24:41.6457344Z Setting up mesa-libgallium:amd64 (25.2.8-0ubuntu0.24.04.4) ...
deploy-test	Run pnpm exec playwright install --with-deps chromium	2026-10-06T10:24:41.6475697Z Setting up libgbm1:amd64 (25.2.8-0ubuntu0.24.04.4) ...
deploy-test	Run pnpm exec playwright install --with-deps chromium	2026-10-06T10:24:41.6490746Z Setting up libgl1-mesa-dri:amd64 (25.2.8-0ubuntu0.24.04.4) ...
deploy-test	Run pnpm exec playwright install --with-deps chromium	2026-10-06T10:24:41.6546480Z Setting up fonts-wqy-zenhei (0.9.45-8) ...
deploy-test	Run pnpm exec playwright install --with-deps chromium	2026-10-06T10:24:41.6632472Z Setting up fonts-freefont-ttf (20211204+svn4273-2) ...
deploy-test	Run pnpm exec playwright install --with-deps chromium	2026-10-06T10:24:41.6647427Z Setting up fonts-tlwg-loma-otf (1:0.7.3-1) ...
deploy-test	Run pnpm exec playwright install --with-deps chromium	2026-10-06T10:24:41.6663701Z Setting up xfonts-encodings (1:1.0.5-0ubuntu2) ...
deploy-test	Run pnpm exec playwright install --with-deps chromium	2026-10-06T10:24:41.6678688Z Setting up fonts-ipafont-gothic (00303-21ubuntu1) ...
deploy-test	Run pnpm exec playwright install --with-deps chromium	2026-10-06T10:24:41.6727949Z update-alternatives: using /usr/share/fonts/opentype/ipafont-gothic/ipag.ttf to provide /usr/share/fonts/truetype/fonts-japanese-gothic.ttf (fonts-japanese-gothic.ttf) in auto mode
deploy-test	Run pnpm exec playwright install --with-deps chromium	2026-10-06T10:24:41.6740642Z Setting up fonts-unifont (1:15.1.01-1build1) ...
deploy-test	Run pnpm exec playwright install --with-deps chromium	2026-10-06T10:24:41.6754937Z Setting up libglx-mesa0:amd64 (25.2.8-0ubuntu0.24.04.4) ...
deploy-test	Run pnpm exec playwright install --with-deps chromium	2026-10-06T10:24:41.6768999Z Setting up xfonts-utils (1:7.7+6build3) ...
deploy-test	Run pnpm exec playwright install --with-deps chromium	2026-10-06T10:24:41.6802055Z Setting up xfonts-cyrillic (1:1.0.5+nmu1) ...
deploy-test	Run pnpm exec playwright install --with-deps chromium	2026-10-06T10:24:41.7031476Z Setting up xfonts-scalable (1:1.0.3-1.3) ...
deploy-test	Run pnpm exec playwright install --with-deps chromium	2026-10-06T10:24:41.7239239Z Processing triggers for libc-bin (2.39-0ubuntu8.9) ...
deploy-test	Run pnpm exec playwright install --with-deps chromium	2026-10-06T10:24:41.9227459Z Processing triggers for man-db (2.12.0-4build2) ...
deploy-test	Run pnpm exec playwright install --with-deps chromium	2026-10-06T10:24:41.9244995Z Not building database; man-db/auto-update is not 'true'.
deploy-test	Run pnpm exec playwright install --with-deps chromium	2026-10-06T10:24:41.9253319Z Processing triggers for fontconfig (2.15.0-1.1ubuntu2) ...
deploy-test	Run pnpm exec playwright install --with-deps chromium	2026-10-06T10:24:42.4368696Z 
deploy-test	Run pnpm exec playwright install --with-deps chromium	2026-10-06T10:24:42.4369399Z Running kernel seems to be up-to-date.
deploy-test	Run pnpm exec playwright install --with-deps chromium	2026-10-06T10:24:42.4369657Z 
deploy-test	Run pnpm exec playwright install --with-deps chromium	2026-10-06T10:24:42.4369798Z No services need to be restarted.
deploy-test	Run pnpm exec playwright install --with-deps chromium	2026-10-06T10:24:42.4369992Z 
deploy-test	Run pnpm exec playwright install --with-deps chromium	2026-10-06T10:24:42.4370116Z No containers need to be restarted.
deploy-test	Run pnpm exec playwright install --with-deps chromium	2026-10-06T10:24:42.4370274Z 
deploy-test	Run pnpm exec playwright install --with-deps chromium	2026-10-06T10:24:42.4370698Z No user sessions are running outdated binaries.
deploy-test	Run pnpm exec playwright install --with-deps chromium	2026-10-06T10:24:42.4370891Z 
deploy-test	Run pnpm exec playwright install --with-deps chromium	2026-10-06T10:24:42.4371135Z No VM guests are running outdated hypervisor (qemu) binaries on this host.
deploy-test	Run pnpm exec playwright install --with-deps chromium	2026-10-06T10:24:43.0247948Z Downloading Chrome for Testing 151.0.7922.34 (playwright chromium v1234) from https://cdn.playwright.dev/builds/cft/151.0.7922.34/linux64/chrome-linux64.zip
deploy-test	Run pnpm exec playwright install --with-deps chromium	2026-10-06T10:24:43.9011358Z |                                                                                |   0% of 184.3 MiB
deploy-test	Run pnpm exec playwright install --with-deps chromium	2026-10-06T10:24:44.1985944Z |■■■■■■■■                                                                        |  10% of 184.3 MiB
deploy-test	Run pnpm exec playwright install --with-deps chromium	2026-10-06T10:24:44.2922872Z |■■■■■■■■■■■■■■■■                                                                |  20% of 184.3 MiB
deploy-test	Run pnpm exec playwright install --with-deps chromium	2026-10-06T10:24:44.3528522Z |■■■■■■■■■■■■■■■■■■■■■■■■                                                        |  30% of 184.3 MiB
deploy-test	Run pnpm exec playwright install --with-deps chromium	2026-10-06T10:24:44.3855465Z |■■■■■■■■■■■■■■■■■■■■■■■■■■■■■■■■                                                |  40% of 184.3 MiB
deploy-test	Run pnpm exec playwright install --with-deps chromium	2026-10-06T10:24:44.4361040Z |■■■■■■■■■■■■■■■■■■■■■■■■■■■■■■■■■■■■■■■■                                        |  50% of 184.3 MiB
deploy-test	Run pnpm exec playwright install --with-deps chromium	2026-10-06T10:24:44.4741177Z |■■■■■■■■■■■■■■■■■■■■■■■■■■■■■■■■■■■■■■■■■■■■■■■■                                |  60% of 184.3 MiB
deploy-test	Run pnpm exec playwright install --with-deps chromium	2026-10-06T10:24:44.5270845Z |■■■■■■■■■■■■■■■■■■■■■■■■■■■■■■■■■■■■■■■■■■■■■■■■■■■■■■■■                        |  70% of 184.3 MiB
deploy-test	Run pnpm exec playwright install --with-deps chromium	2026-10-06T10:24:44.5578526Z |■■■■■■■■■■■■■■■■■■■■■■■■■■■■■■■■■■■■■■■■■■■■■■■■■■■■■■■■■■■■■■■■                |  80% of 184.3 MiB
deploy-test	Run pnpm exec playwright install --with-deps chromium	2026-10-06T10:24:44.6064758Z |■■■■■■■■■■■■■■■■■■■■■■■■■■■■■■■■■■■■■■■■■■■■■■■■■■■■■■■■■■■■■■■■■■■■■■■■        |  90% of 184.3 MiB
deploy-test	Run pnpm exec playwright install --with-deps chromium	2026-10-06T10:24:44.6527710Z |■■■■■■■■■■■■■■■■■■■■■■■■■■■■■■■■■■■■■■■■■■■■■■■■■■■■■■■■■■■■■■■■■■■■■■■■■■■■■■■■| 100% of 184.3 MiB
deploy-test	Run pnpm exec playwright install --with-deps chromium	2026-10-06T10:24:46.6688487Z Chrome for Testing 151.0.7922.34 (playwright chromium v1234) downloaded to /home/runner/.cache/ms-playwright/chromium-1234
deploy-test	Run pnpm exec playwright install --with-deps chromium	2026-10-06T10:24:46.6691668Z Downloading FFmpeg (playwright ffmpeg v1011) from https://cdn.playwright.dev/dbazure/download/playwright/builds/ffmpeg/1011/ffmpeg-linux.zip
deploy-test	Run pnpm exec playwright install --with-deps chromium	2026-10-06T10:24:47.5011311Z |                                                                                |   0% of 2.3 MiB
deploy-test	Run pnpm exec playwright install --with-deps chromium	2026-10-06T10:24:47.5259785Z |■■■■■■■■                                                                        |  10% of 2.3 MiB
deploy-test	Run pnpm exec playwright install --with-deps chromium	2026-10-06T10:24:47.5358344Z |■■■■■■■■■■■■■■■■                                                                |  20% of 2.3 MiB
deploy-test	Run pnpm exec playwright install --with-deps chromium	2026-10-06T10:24:47.5431181Z |■■■■■■■■■■■■■■■■■■■■■■■■                                                        |  30% of 2.3 MiB
deploy-test	Run pnpm exec playwright install --with-deps chromium	2026-10-06T10:24:47.5501523Z |■■■■■■■■■■■■■■■■■■■■■■■■■■■■■■■■                                                |  40% of 2.3 MiB
deploy-test	Run pnpm exec playwright install --with-deps chromium	2026-10-06T10:24:47.5528719Z |■■■■■■■■■■■■■■■■■■■■■■■■■■■■■■■■■■■■■■■■                                        |  50% of 2.3 MiB
deploy-test	Run pnpm exec playwright install --with-deps chromium	2026-10-06T10:24:47.5586823Z |■■■■■■■■■■■■■■■■■■■■■■■■■■■■■■■■■■■■■■■■■■■■■■■■                                |  60% of 2.3 MiB
deploy-test	Run pnpm exec playwright install --with-deps chromium	2026-10-06T10:24:47.5598545Z |■■■■■■■■■■■■■■■■■■■■■■■■■■■■■■■■■■■■■■■■■■■■■■■■■■■■■■■■                        |  70% of 2.3 MiB
deploy-test	Run pnpm exec playwright install --with-deps chromium	2026-10-06T10:24:47.5615649Z |■■■■■■■■■■■■■■■■■■■■■■■■■■■■■■■■■■■■■■■■■■■■■■■■■■■■■■■■■■■■■■■■                |  80% of 2.3 MiB
deploy-test	Run pnpm exec playwright install --with-deps chromium	2026-10-06T10:24:47.5671507Z |■■■■■■■■■■■■■■■■■■■■■■■■■■■■■■■■■■■■■■■■■■■■■■■■■■■■■■■■■■■■■■■■■■■■■■■■        |  90% of 2.3 MiB
deploy-test	Run pnpm exec playwright install --with-deps chromium	2026-10-06T10:24:47.5680122Z |■■■■■■■■■■■■■■■■■■■■■■■■■■■■■■■■■■■■■■■■■■■■■■■■■■■■■■■■■■■■■■■■■■■■■■■■■■■■■■■■| 100% of 2.3 MiB
deploy-test	Run pnpm exec playwright install --with-deps chromium	2026-10-06T10:24:47.6047829Z FFmpeg (playwright ffmpeg v1011) downloaded to /home/runner/.cache/ms-playwright/ffmpeg-1011
deploy-test	Run pnpm exec playwright install --with-deps chromium	2026-10-06T10:24:47.6050170Z Downloading Chrome Headless Shell 151.0.7922.34 (playwright chromium-headless-shell v1234) from https://cdn.playwright.dev/builds/cft/151.0.7922.34/linux64/chrome-headless-shell-linux64.zip
deploy-test	Run pnpm exec playwright install --with-deps chromium	2026-10-06T10:24:48.4639655Z |                                                                                |   0% of 114.7 MiB
deploy-test	Run pnpm exec playwright install --with-deps chromium	2026-10-06T10:24:48.5286028Z |■■■■■■■■                                                                        |  10% of 114.7 MiB
deploy-test	Run pnpm exec playwright install --with-deps chromium	2026-10-06T10:24:48.5840679Z |■■■■■■■■■■■■■■■■                                                                |  20% of 114.7 MiB
deploy-test	Run pnpm exec playwright install --with-deps chromium	2026-10-06T10:24:48.6079630Z |■■■■■■■■■■■■■■■■■■■■■■■■                                                        |  30% of 114.7 MiB
deploy-test	Run pnpm exec playwright install --with-deps chromium	2026-10-06T10:24:48.6345109Z |■■■■■■■■■■■■■■■■■■■■■■■■■■■■■■■■                                                |  40% of 114.7 MiB
deploy-test	Run pnpm exec playwright install --with-deps chromium	2026-10-06T10:24:48.6702986Z |■■■■■■■■■■■■■■■■■■■■■■■■■■■■■■■■■■■■■■■■                                        |  50% of 114.7 MiB
deploy-test	Run pnpm exec playwright install --with-deps chromium	2026-10-06T10:24:48.6924550Z |■■■■■■■■■■■■■■■■■■■■■■■■■■■■■■■■■■■■■■■■■■■■■■■■                                |  60% of 114.7 MiB
deploy-test	Run pnpm exec playwright install --with-deps chromium	2026-10-06T10:24:48.7159307Z |■■■■■■■■■■■■■■■■■■■■■■■■■■■■■■■■■■■■■■■■■■■■■■■■■■■■■■■■                        |  70% of 114.7 MiB
deploy-test	Run pnpm exec playwright install --with-deps chromium	2026-10-06T10:24:48.7487393Z |■■■■■■■■■■■■■■■■■■■■■■■■■■■■■■■■■■■■■■■■■■■■■■■■■■■■■■■■■■■■■■■■                |  80% of 114.7 MiB
deploy-test	Run pnpm exec playwright install --with-deps chromium	2026-10-06T10:24:48.7640349Z |■■■■■■■■■■■■■■■■■■■■■■■■■■■■■■■■■■■■■■■■■■■■■■■■■■■■■■■■■■■■■■■■■■■■■■■■        |  90% of 114.7 MiB
deploy-test	Run pnpm exec playwright install --with-deps chromium	2026-10-06T10:24:48.7806302Z |■■■■■■■■■■■■■■■■■■■■■■■■■■■■■■■■■■■■■■■■■■■■■■■■■■■■■■■■■■■■■■■■■■■■■■■■■■■■■■■■| 100% of 114.7 MiB
deploy-test	Run pnpm exec playwright install --with-deps chromium	2026-10-06T10:24:50.2844884Z Chrome Headless Shell 151.0.7922.34 (playwright chromium-headless-shell v1234) downloaded to /home/runner/.cache/ms-playwright/chromium_headless_shell-1234
deploy-test	Run pnpm verify	﻿2026-10-06T10:24:50.3071684Z ##[group]Run pnpm verify
deploy-test	Run pnpm verify	2026-10-06T10:24:50.3071878Z ^[[36;1mpnpm verify^[[0m
deploy-test	Run pnpm verify	2026-10-06T10:24:50.3125488Z shell: /usr/bin/bash -e {0}
deploy-test	Run pnpm verify	2026-10-06T10:24:50.3125642Z env:
deploy-test	Run pnpm verify	2026-10-06T10:24:50.3125916Z   FDP_DEVICE_API_CERTIFICATE_ARN: arn:aws:acm:ap-southeast-1:065986019555:certificate/db3daf4f-de27-4cb3-8813-5f1f068478e0
deploy-test	Run pnpm verify	2026-10-06T10:24:50.3126353Z   FDP_PUBLIC_API_CERTIFICATE_ARN: arn:aws:acm:ap-southeast-1:065986019555:certificate/2777e55f-df6e-4e7d-8ce8-22cd3cf2babb
deploy-test	Run pnpm verify	2026-10-06T10:24:50.3126730Z   FDP_TRUSTSTORE_BUCKET_NAME: fdp-test-mtls-truststore-065986019555
deploy-test	Run pnpm verify	2026-10-06T10:24:50.3126978Z   FDP_TRUSTSTORE_VERSION: FtN.3H5AydTqt6cgxf0wzeOcNQHFxCOx
deploy-test	Run pnpm verify	2026-10-06T10:24:50.3127177Z   FDP_QA09_ROLLOUT_PHASE: immediate
deploy-test	Run pnpm verify	2026-10-06T10:24:50.3127359Z   PNPM_HOME: /home/runner/setup-pnpm/node_modules/.bin
deploy-test	Run pnpm verify	2026-10-06T10:24:50.3127539Z ##[endgroup]
deploy-test	Run pnpm verify	2026-10-06T10:24:50.4742279Z 
deploy-test	Run pnpm verify	2026-10-06T10:24:50.4743187Z > food-digester-platform@0.0.0 verify /home/runner/work/food-digester-platform/food-digester-platform
deploy-test	Run pnpm verify	2026-10-06T10:24:50.4745339Z > pnpm lint && pnpm format:check && pnpm typecheck && pnpm openapi:check && pnpm test && pnpm build && pnpm check:boundaries && pnpm check:schemas && pnpm check:migrations && pnpm check:evidence && pnpm check:secrets && pnpm check:sensitive-sinks && pnpm check:admin-web-delivery && pnpm check:admin-web-e2e && pnpm check:cmd-ota-delivery && pnpm test:device-contracts /tmp/fdp-device-contracts-gate.json && pnpm test:iot-integration /tmp/fdp-iot-integration-gate.json && pnpm test:core-api-integration /tmp/fdp-core-api-integration-gate.json && pnpm test:admin-e2e-suite /tmp/fdp-admin-e2e-gate.json && pnpm test:security-suite /tmp/fdp-security-gate.json && pnpm test:reliability-suite /tmp/fdp-reliability-gate.json && pnpm test:prototype-regression /tmp/fdp-prototype-regression-gate.json
deploy-test	Run pnpm verify	2026-10-06T10:24:50.4747137Z 
deploy-test	Run pnpm verify	2026-10-06T10:24:50.6418703Z 
deploy-test	Run pnpm verify	2026-10-06T10:24:50.6419353Z > food-digester-platform@0.0.0 lint /home/runner/work/food-digester-platform/food-digester-platform
deploy-test	Run pnpm verify	2026-10-06T10:24:50.6419693Z > eslint .
deploy-test	Run pnpm verify	2026-10-06T10:24:50.6419770Z 
deploy-test	Run pnpm verify	2026-10-06T10:24:58.6001544Z 
deploy-test	Run pnpm verify	2026-10-06T10:24:58.6002505Z > food-digester-platform@0.0.0 format:check /home/runner/work/food-digester-platform/food-digester-platform
deploy-test	Run pnpm verify	2026-10-06T10:24:58.6003060Z > prettier --check .
deploy-test	Run pnpm verify	2026-10-06T10:24:58.6003190Z 
deploy-test	Run pnpm verify	2026-10-06T10:24:58.6559484Z Checking formatting...
deploy-test	Run pnpm verify	2026-10-06T10:25:07.3105433Z All matched files use Prettier code style!
deploy-test	Run pnpm verify	2026-10-06T10:25:07.5344014Z 
deploy-test	Run pnpm verify	2026-10-06T10:25:07.5345076Z > food-digester-platform@0.0.0 typecheck /home/runner/work/food-digester-platform/food-digester-platform
deploy-test	Run pnpm verify	2026-10-06T10:25:07.5345728Z > turbo run typecheck
deploy-test	Run pnpm verify	2026-10-06T10:25:07.5345875Z 
deploy-test	Run pnpm verify	2026-10-06T10:25:07.5619707Z 
deploy-test	Run pnpm verify	2026-10-06T10:25:07.5658914Z Attention:
deploy-test	Run pnpm verify	2026-10-06T10:25:07.5674496Z Turborepo now collects completely anonymous telemetry regarding usage.
deploy-test	Run pnpm verify	2026-10-06T10:25:07.5675305Z This information is used to shape the Turborepo roadmap and prioritize features.
deploy-test	Run pnpm verify	2026-10-06T10:25:07.5680248Z You can learn more, including how to opt-out if you'd not like to participate in this anonymous program, by visiting the following URL:
deploy-test	Run pnpm verify	2026-10-06T10:25:07.5681157Z https://turborepo.dev/docs/telemetry
deploy-test	Run pnpm verify	2026-10-06T10:25:07.5681335Z 
deploy-test	Run pnpm verify	2026-10-06T10:25:07.5771089Z 
deploy-test	Run pnpm verify	2026-10-06T10:25:07.5772916Z    • Packages in scope: @fdp/admin-web, @fdp/archive-worker, @fdp/auth, @fdp/aws-clients, @fdp/cloud-api, @fdp/contracts, @fdp/database, @fdp/domain, @fdp/infra, @fdp/ingestion-worker, @fdp/media, @fdp/observability, @fdp/summary-worker
deploy-test	Run pnpm verify	2026-10-06T10:25:07.5776285Z    • Running typecheck in 13 packages
deploy-test	Run pnpm verify	2026-10-06T10:25:07.5777065Z    • Remote caching disabled
deploy-test	Run pnpm verify	2026-10-06T10:25:07.5777400Z 
deploy-test	Run pnpm verify	2026-10-06T10:25:08.4730514Z ##[group]@fdp/contracts:build
deploy-test	Run pnpm verify	2026-10-06T10:25:08.4789992Z cache miss, executing badb40bf08f6da73
deploy-test	Run pnpm verify	2026-10-06T10:25:08.4819563Z 
deploy-test	Run pnpm verify	2026-10-06T10:25:08.4880062Z > @fdp/contracts@0.0.0 build /home/runner/work/food-digester-platform/food-digester-platform/contracts
deploy-test	Run pnpm verify	2026-10-06T10:25:08.4970516Z > node -e "console.log('@fdp/contracts 为源码契约包：内部使用 .ts 扩展名互引，不经 tsc 构建；消费方经 tsx/打包器直接使用源码')"
deploy-test	Run pnpm verify	2026-10-06T10:25:08.5079650Z 
deploy-test	Run pnpm verify	2026-10-06T10:25:08.5130682Z @fdp/contracts 为源码契约包：内部使用 .ts 扩展名互引，不经 tsc 构建；消费方经 tsx/打包器直接使用源码
deploy-test	Run pnpm verify	2026-10-06T10:25:08.5179979Z ##[endgroup]
deploy-test	Run pnpm verify	2026-10-06T10:25:10.7231732Z ##[group]@fdp/observability:build
deploy-test	Run pnpm verify	2026-10-06T10:25:10.7303192Z cache miss, executing d249f452a000393d
deploy-test	Run pnpm verify	2026-10-06T10:25:10.7444579Z 
deploy-test	Run pnpm verify	2026-10-06T10:25:10.7509037Z > @fdp/observability@0.0.0 build /home/runner/work/food-digester-platform/food-digester-platform/packages/observability
deploy-test	Run pnpm verify	2026-10-06T10:25:10.7560839Z > tsc -p tsconfig.build.json
deploy-test	Run pnpm verify	2026-10-06T10:25:10.7722207Z 
deploy-test	Run pnpm verify	2026-10-06T10:25:10.7790503Z ##[endgroup]
deploy-test	Run pnpm verify	2026-10-06T10:25:11.7963319Z ##[group]@fdp/domain:build
deploy-test	Run pnpm verify	2026-10-06T10:25:11.8089623Z cache miss, executing 47ef0249a0b99843
deploy-test	Run pnpm verify	2026-10-06T10:25:11.8229737Z 
deploy-test	Run pnpm verify	2026-10-06T10:25:11.8440525Z > @fdp/domain@0.0.0 build /home/runner/work/food-digester-platform/food-digester-platform/packages/domain
deploy-test	Run pnpm verify	2026-10-06T10:25:11.8470027Z > tsc -p tsconfig.build.json
deploy-test	Run pnpm verify	2026-10-06T10:25:11.8522012Z 
deploy-test	Run pnpm verify	2026-10-06T10:25:11.8652058Z ##[endgroup]
deploy-test	Run pnpm verify	2026-10-06T10:25:11.8920568Z ##[group]@fdp/observability:typecheck
deploy-test	Run pnpm verify	2026-10-06T10:25:11.8932132Z cache miss, executing 283def672b202078
deploy-test	Run pnpm verify	2026-10-06T10:25:11.8932555Z 
deploy-test	Run pnpm verify	2026-10-06T10:25:11.8933207Z > @fdp/observability@0.0.0 typecheck /home/runner/work/food-digester-platform/food-digester-platform/packages/observability
deploy-test	Run pnpm verify	2026-10-06T10:25:11.8933911Z > tsc -p tsconfig.json
deploy-test	Run pnpm verify	2026-10-06T10:25:11.8934174Z 
deploy-test	Run pnpm verify	2026-10-06T10:25:11.8941913Z ##[endgroup]
deploy-test	Run pnpm verify	2026-10-06T10:25:12.9583650Z ##[group]@fdp/database:generate
deploy-test	Run pnpm verify	2026-10-06T10:25:12.9710329Z cache miss, executing 61cdf4220c661ec1
deploy-test	Run pnpm verify	2026-10-06T10:25:12.9809692Z 
deploy-test	Run pnpm verify	2026-10-06T10:25:12.9930563Z > @fdp/database@0.0.0 generate /home/runner/work/food-digester-platform/food-digester-platform/packages/database
deploy-test	Run pnpm verify	2026-10-06T10:25:12.9957133Z > prisma generate
deploy-test	Run pnpm verify	2026-10-06T10:25:13.0104574Z 
deploy-test	Run pnpm verify	2026-10-06T10:25:13.0175898Z Loaded Prisma config from prisma.config.ts.
deploy-test	Run pnpm verify	2026-10-06T10:25:13.0286772Z 
deploy-test	Run pnpm verify	2026-10-06T10:25:13.0394666Z Prisma schema loaded from prisma/schema.prisma.
deploy-test	Run pnpm verify	2026-10-06T10:25:13.0409501Z 
deploy-test	Run pnpm verify	2026-10-06T10:25:13.0565774Z ✔ Generated Prisma Client (7.9.1) to ./src/generated in 1.00s
deploy-test	Run pnpm verify	2026-10-06T10:25:13.0636420Z 
deploy-test	Run pnpm verify	2026-10-06T10:25:13.0685929Z ##[endgroup]
deploy-test	Run pnpm verify	2026-10-06T10:25:13.5462286Z ##[group]@fdp/domain:typecheck
deploy-test	Run pnpm verify	2026-10-06T10:25:13.5534363Z cache miss, executing fd26312a4c0953c8
deploy-test	Run pnpm verify	2026-10-06T10:25:13.5578670Z 
deploy-test	Run pnpm verify	2026-10-06T10:25:13.5637574Z > @fdp/domain@0.0.0 typecheck /home/runner/work/food-digester-platform/food-digester-platform/packages/domain
deploy-test	Run pnpm verify	2026-10-06T10:25:13.5690060Z > tsc -p tsconfig.json
deploy-test	Run pnpm verify	2026-10-06T10:25:13.5750522Z 
deploy-test	Run pnpm verify	2026-10-06T10:25:13.5860938Z ##[endgroup]
deploy-test	Run pnpm verify	2026-10-06T10:25:13.6610234Z ##[group]@fdp/contracts:typecheck
deploy-test	Run pnpm verify	2026-10-06T10:25:13.6640300Z cache miss, executing aa15856efcfb63ca
deploy-test	Run pnpm verify	2026-10-06T10:25:13.6719561Z 
deploy-test	Run pnpm verify	2026-10-06T10:25:13.6750301Z > @fdp/contracts@0.0.0 typecheck /home/runner/work/food-digester-platform/food-digester-platform/contracts
deploy-test	Run pnpm verify	2026-10-06T10:25:13.6819921Z > tsc -p tsconfig.json
deploy-test	Run pnpm verify	2026-10-06T10:25:13.6820145Z 
deploy-test	Run pnpm verify	2026-10-06T10:25:13.6820512Z ##[endgroup]
deploy-test	Run pnpm verify	2026-10-06T10:25:13.9771600Z ##[group]@fdp/aws-clients:build
deploy-test	Run pnpm verify	2026-10-06T10:25:13.9799941Z cache miss, executing 72b741ff8e28f9c8
deploy-test	Run pnpm verify	2026-10-06T10:25:13.9879497Z 
deploy-test	Run pnpm verify	2026-10-06T10:25:13.9922745Z > @fdp/aws-clients@0.0.0 build /home/runner/work/food-digester-platform/food-digester-platform/packages/aws-clients
deploy-test	Run pnpm verify	2026-10-06T10:25:13.9935823Z > tsc -p tsconfig.build.json
deploy-test	Run pnpm verify	2026-10-06T10:25:13.9936229Z 
deploy-test	Run pnpm verify	2026-10-06T10:25:13.9936733Z ##[endgroup]
deploy-test	Run pnpm verify	2026-10-06T10:25:14.3502481Z ##[group]@fdp/aws-clients:typecheck
deploy-test	Run pnpm verify	2026-10-06T10:25:14.3530262Z cache miss, executing 767e47322641a244
deploy-test	Run pnpm verify	2026-10-06T10:25:14.3559476Z 
deploy-test	Run pnpm verify	2026-10-06T10:25:14.3570350Z > @fdp/aws-clients@0.0.0 typecheck /home/runner/work/food-digester-platform/food-digester-platform/packages/aws-clients
deploy-test	Run pnpm verify	2026-10-06T10:25:14.3589840Z > tsc -p tsconfig.json
deploy-test	Run pnpm verify	2026-10-06T10:25:14.3619370Z 
deploy-test	Run pnpm verify	2026-10-06T10:25:14.3640030Z ##[endgroup]
deploy-test	Run pnpm verify	2026-10-06T10:25:16.5388221Z ##[group]@fdp/infra:typecheck
deploy-test	Run pnpm verify	2026-10-06T10:25:16.5388745Z cache miss, executing 4222ae3dde92f349
deploy-test	Run pnpm verify	2026-10-06T10:25:16.5389539Z 
deploy-test	Run pnpm verify	2026-10-06T10:25:16.5390119Z > @fdp/infra@0.0.0 typecheck /home/runner/work/food-digester-platform/food-digester-platform/infra
deploy-test	Run pnpm verify	2026-10-06T10:25:16.5390784Z > tsc -p tsconfig.json
deploy-test	Run pnpm verify	2026-10-06T10:25:16.5391046Z 
deploy-test	Run pnpm verify	2026-10-06T10:25:16.5391424Z ##[endgroup]
deploy-test	Run pnpm verify	2026-10-06T10:25:16.5634527Z ##[group]@fdp/database:typecheck
deploy-test	Run pnpm verify	2026-10-06T10:25:16.5635147Z cache miss, executing d3785034c80b83eb
deploy-test	Run pnpm verify	2026-10-06T10:25:16.5635403Z 
deploy-test	Run pnpm verify	2026-10-06T10:25:16.5636053Z > @fdp/database@0.0.0 typecheck /home/runner/work/food-digester-platform/food-digester-platform/packages/database
deploy-test	Run pnpm verify	2026-10-06T10:25:16.5636600Z > tsc -p tsconfig.json
deploy-test	Run pnpm verify	2026-10-06T10:25:16.5636735Z 
deploy-test	Run pnpm verify	2026-10-06T10:25:16.5636989Z ##[endgroup]
deploy-test	Run pnpm verify	2026-10-06T10:25:16.8731177Z ##[group]@fdp/database:build
deploy-test	Run pnpm verify	2026-10-06T10:25:16.8731546Z cache miss, executing b9b68e8e6789afaa
deploy-test	Run pnpm verify	2026-10-06T10:25:16.8731685Z 
deploy-test	Run pnpm verify	2026-10-06T10:25:16.8731949Z > @fdp/database@0.0.0 build /home/runner/work/food-digester-platform/food-digester-platform/packages/database
deploy-test	Run pnpm verify	2026-10-06T10:25:16.8732293Z > tsc -p tsconfig.build.json
deploy-test	Run pnpm verify	2026-10-06T10:25:16.8732431Z 
deploy-test	Run pnpm verify	2026-10-06T10:25:16.8732588Z ##[endgroup]
deploy-test	Run pnpm verify	2026-10-06T10:25:19.8740068Z ##[group]@fdp/media:build
deploy-test	Run pnpm verify	2026-10-06T10:25:19.8753932Z cache miss, executing f260157a77d3a580
deploy-test	Run pnpm verify	2026-10-06T10:25:19.8762422Z 
deploy-test	Run pnpm verify	2026-10-06T10:25:19.8780345Z > @fdp/media@0.0.0 build /home/runner/work/food-digester-platform/food-digester-platform/packages/media
deploy-test	Run pnpm verify	2026-10-06T10:25:19.8780909Z > tsc -p tsconfig.build.json
deploy-test	Run pnpm verify	2026-10-06T10:25:19.8781065Z 
deploy-test	Run pnpm verify	2026-10-06T10:25:19.8781400Z ##[endgroup]
deploy-test	Run pnpm verify	2026-10-06T10:25:20.4480430Z ##[group]@fdp/media:typecheck
deploy-test	Run pnpm verify	2026-10-06T10:25:20.4550280Z cache miss, executing 4b1a24824c05a509
deploy-test	Run pnpm verify	2026-10-06T10:25:20.4569875Z 
deploy-test	Run pnpm verify	2026-10-06T10:25:20.4584445Z > @fdp/media@0.0.0 typecheck /home/runner/work/food-digester-platform/food-digester-platform/packages/media
deploy-test	Run pnpm verify	2026-10-06T10:25:20.4644897Z > tsc -p tsconfig.json
deploy-test	Run pnpm verify	2026-10-06T10:25:20.4667922Z 
deploy-test	Run pnpm verify	2026-10-06T10:25:20.4775836Z ##[endgroup]
deploy-test	Run pnpm verify	2026-10-06T10:25:21.1489940Z ##[group]@fdp/archive-worker:typecheck
deploy-test	Run pnpm verify	2026-10-06T10:25:21.1664219Z cache miss, executing 25eb3ece863c22ae
deploy-test	Run pnpm verify	2026-10-06T10:25:21.1689644Z 
deploy-test	Run pnpm verify	2026-10-06T10:25:21.1705750Z > @fdp/archive-worker@0.0.0 typecheck /home/runner/work/food-digester-platform/food-digester-platform/apps/archive-worker
deploy-test	Run pnpm verify	2026-10-06T10:25:21.1711356Z > tsc -p tsconfig.json
deploy-test	Run pnpm verify	2026-10-06T10:25:21.1711731Z 
deploy-test	Run pnpm verify	2026-10-06T10:25:21.1712278Z ##[endgroup]
deploy-test	Run pnpm verify	2026-10-06T10:25:21.3960087Z ##[group]@fdp/auth:build
deploy-test	Run pnpm verify	2026-10-06T10:25:21.3964082Z cache miss, executing 9daf5667ecdf99bc
deploy-test	Run pnpm verify	2026-10-06T10:25:21.3964305Z 
deploy-test	Run pnpm verify	2026-10-06T10:25:21.3964813Z > @fdp/auth@0.0.0 build /home/runner/work/food-digester-platform/food-digester-platform/packages/auth
deploy-test	Run pnpm verify	2026-10-06T10:25:21.3965297Z > tsc -p tsconfig.build.json
deploy-test	Run pnpm verify	2026-10-06T10:25:21.3965717Z 
deploy-test	Run pnpm verify	2026-10-06T10:25:21.3966226Z ##[endgroup]
deploy-test	Run pnpm verify	2026-10-06T10:25:21.6000544Z ##[group]@fdp/summary-worker:typecheck
deploy-test	Run pnpm verify	2026-10-06T10:25:21.6030048Z cache miss, executing 40d2088b697253fa
deploy-test	Run pnpm verify	2026-10-06T10:25:21.6030611Z 
deploy-test	Run pnpm verify	2026-10-06T10:25:21.6060125Z > @fdp/summary-worker@0.0.0 typecheck /home/runner/work/food-digester-platform/food-digester-platform/apps/summary-worker
deploy-test	Run pnpm verify	2026-10-06T10:25:21.6089633Z > tsc -p tsconfig.json
deploy-test	Run pnpm verify	2026-10-06T10:25:21.6119372Z 
deploy-test	Run pnpm verify	2026-10-06T10:25:21.6150406Z ##[endgroup]
deploy-test	Run pnpm verify	2026-10-06T10:25:22.0384169Z ##[group]@fdp/auth:typecheck
deploy-test	Run pnpm verify	2026-10-06T10:25:22.0384744Z cache miss, executing fc8c6eaaeb193b08
deploy-test	Run pnpm verify	2026-10-06T10:25:22.0384939Z 
deploy-test	Run pnpm verify	2026-10-06T10:25:22.0385376Z > @fdp/auth@0.0.0 typecheck /home/runner/work/food-digester-platform/food-digester-platform/packages/auth
deploy-test	Run pnpm verify	2026-10-06T10:25:22.0385918Z > tsc -p tsconfig.json
deploy-test	Run pnpm verify	2026-10-06T10:25:22.0386094Z 
deploy-test	Run pnpm verify	2026-10-06T10:25:22.0386340Z ##[endgroup]
deploy-test	Run pnpm verify	2026-10-06T10:25:27.6969449Z ##[group]@fdp/ingestion-worker:typecheck
deploy-test	Run pnpm verify	2026-10-06T10:25:27.6997922Z cache miss, executing 2cf1931f72b09634
deploy-test	Run pnpm verify	2026-10-06T10:25:27.7008802Z 
deploy-test	Run pnpm verify	2026-10-06T10:25:27.7010223Z > @fdp/ingestion-worker@0.0.0 typecheck /home/runner/work/food-digester-platform/food-digester-platform/apps/ingestion-worker
deploy-test	Run pnpm verify	2026-10-06T10:25:27.7012596Z > tsc -p tsconfig.json
deploy-test	Run pnpm verify	2026-10-06T10:25:27.7012921Z 
deploy-test	Run pnpm verify	2026-10-06T10:25:27.7013413Z ##[endgroup]
deploy-test	Run pnpm verify	2026-10-06T10:25:30.7249344Z ##[group]@fdp/admin-web:typecheck
deploy-test	Run pnpm verify	2026-10-06T10:25:30.7249840Z cache miss, executing 208e073684ed007e
deploy-test	Run pnpm verify	2026-10-06T10:25:30.7250053Z 
deploy-test	Run pnpm verify	2026-10-06T10:25:30.7250509Z > @fdp/admin-web@0.0.0 typecheck /home/runner/work/food-digester-platform/food-digester-platform/apps/admin-web
deploy-test	Run pnpm verify	2026-10-06T10:25:30.7251099Z > tsc -p tsconfig.json && tsc -p tsconfig.e2e.json
deploy-test	Run pnpm verify	2026-10-06T10:25:30.7251299Z 
deploy-test	Run pnpm verify	2026-10-06T10:25:30.7251532Z ##[endgroup]
deploy-test	Run pnpm verify	2026-10-06T10:25:30.7362194Z ##[group]@fdp/cloud-api:typecheck
deploy-test	Run pnpm verify	2026-10-06T10:25:30.7362618Z cache miss, executing ee10d9ddde2fb247
deploy-test	Run pnpm verify	2026-10-06T10:25:30.7362768Z 
deploy-test	Run pnpm verify	2026-10-06T10:25:30.7363193Z > @fdp/cloud-api@0.0.0 typecheck /home/runner/work/food-digester-platform/food-digester-platform/apps/cloud-api
deploy-test	Run pnpm verify	2026-10-06T10:25:30.7363681Z > tsc -p tsconfig.json
deploy-test	Run pnpm verify	2026-10-06T10:25:30.7363811Z 
deploy-test	Run pnpm verify	2026-10-06T10:25:30.7364044Z ##[endgroup]
deploy-test	Run pnpm verify	2026-10-06T10:25:30.7364156Z 
deploy-test	Run pnpm verify	2026-10-06T10:25:30.7364280Z  Tasks:    21 successful, 21 total
deploy-test	Run pnpm verify	2026-10-06T10:25:30.7364536Z Cached:    0 cached, 21 total
deploy-test	Run pnpm verify	2026-10-06T10:25:30.7364771Z   Time:    23.178s 
deploy-test	Run pnpm verify	2026-10-06T10:25:30.7364886Z 
deploy-test	Run pnpm verify	2026-10-06T10:25:30.9078568Z 
deploy-test	Run pnpm verify	2026-10-06T10:25:30.9079467Z > food-digester-platform@0.0.0 openapi:check /home/runner/work/food-digester-platform/food-digester-platform
deploy-test	Run pnpm verify	2026-10-06T10:25:30.9080172Z > node scripts/build-openapi.mjs --check && redocly lint contracts/rest/openapi-base.json "contracts/rest/*-api.json" contracts/rest/openapi.bundle.json --extends spec
deploy-test	Run pnpm verify	2026-10-06T10:25:30.9080510Z 
deploy-test	Run pnpm verify	2026-10-06T10:25:30.9584983Z OpenAPI bundle 新鲜：contracts/rest/openapi.bundle.json
deploy-test	Run pnpm verify	2026-10-06T10:25:31.1246201Z ^[[90mvalidating contracts/rest/openapi-base.json...
deploy-test	Run pnpm verify	2026-10-06T10:25:31.1369523Z ^[[39m^[[90mcontracts/rest/openapi-base.json: validated in 13ms
deploy-test	Run pnpm verify	2026-10-06T10:25:31.1370185Z 
deploy-test	Run pnpm verify	2026-10-06T10:25:31.1370748Z ^[[39m^[[90mvalidating contracts/rest/prototype-planned-api.json...
deploy-test	Run pnpm verify	2026-10-06T10:25:31.1516896Z ^[[39m^[[90mcontracts/rest/prototype-planned-api.json: validated in 15ms
deploy-test	Run pnpm verify	2026-10-06T10:25:31.1517308Z 
deploy-test	Run pnpm verify	2026-10-06T10:25:31.1517675Z ^[[39m^[[90mvalidating contracts/rest/device-sync-api.json...
deploy-test	Run pnpm verify	2026-10-06T10:25:31.1631090Z ^[[39m^[[90mcontracts/rest/device-sync-api.json: validated in 12ms
deploy-test	Run pnpm verify	2026-10-06T10:25:31.1631557Z 
deploy-test	Run pnpm verify	2026-10-06T10:25:31.1631845Z ^[[39m^[[90mvalidating contracts/rest/device-ota-api.json...
deploy-test	Run pnpm verify	2026-10-06T10:25:31.1667722Z ^[[39m^[[90mcontracts/rest/device-ota-api.json: validated in 4ms
deploy-test	Run pnpm verify	2026-10-06T10:25:31.1668196Z 
deploy-test	Run pnpm verify	2026-10-06T10:25:31.1668792Z ^[[39m^[[90mvalidating contracts/rest/device-onboarding-api.json...
deploy-test	Run pnpm verify	2026-10-06T10:25:31.1731291Z ^[[39m^[[90mcontracts/rest/device-onboarding-api.json: validated in 7ms
deploy-test	Run pnpm verify	2026-10-06T10:25:31.1731793Z 
deploy-test	Run pnpm verify	2026-10-06T10:25:31.1732129Z ^[[39m^[[90mvalidating contracts/rest/device-media-api.json...
deploy-test	Run pnpm verify	2026-10-06T10:25:31.1767092Z ^[[39m^[[90mcontracts/rest/device-media-api.json: validated in 4ms
deploy-test	Run pnpm verify	2026-10-06T10:25:31.1777030Z 
deploy-test	Run pnpm verify	2026-10-06T10:25:31.1778007Z ^[[39m^[[90mvalidating contracts/rest/device-deactivate-api.json...
deploy-test	Run pnpm verify	2026-10-06T10:25:31.1839737Z ^[[39m^[[90mcontracts/rest/device-deactivate-api.json: validated in 8ms
deploy-test	Run pnpm verify	2026-10-06T10:25:31.1849662Z 
deploy-test	Run pnpm verify	2026-10-06T10:25:31.1850312Z ^[[39m^[[90mvalidating contracts/rest/device-certificate-api.json...
deploy-test	Run pnpm verify	2026-10-06T10:25:31.1885365Z ^[[39m^[[90mcontracts/rest/device-certificate-api.json: validated in 5ms
deploy-test	Run pnpm verify	2026-10-06T10:25:31.1885753Z 
deploy-test	Run pnpm verify	2026-10-06T10:25:31.1886324Z ^[[39m^[[90mvalidating contracts/rest/admin-user-api.json...
deploy-test	Run pnpm verify	2026-10-06T10:25:31.1939642Z ^[[39m^[[90mcontracts/rest/admin-user-api.json: validated in 6ms
deploy-test	Run pnpm verify	2026-10-06T10:25:31.1940091Z 
deploy-test	Run pnpm verify	2026-10-06T10:25:31.1940523Z ^[[39m^[[90mvalidating contracts/rest/admin-site-api.json...
deploy-test	Run pnpm verify	2026-10-06T10:25:31.2001837Z ^[[39m^[[90mcontracts/rest/admin-site-api.json: validated in 7ms
deploy-test	Run pnpm verify	2026-10-06T10:25:31.2002102Z 
deploy-test	Run pnpm verify	2026-10-06T10:25:31.2002373Z ^[[39m^[[90mvalidating contracts/rest/admin-settings-api.json...
deploy-test	Run pnpm verify	2026-10-06T10:25:31.2036106Z ^[[39m^[[90mcontracts/rest/admin-settings-api.json: validated in 4ms
deploy-test	Run pnpm verify	2026-10-06T10:25:31.2036456Z 
deploy-test	Run pnpm verify	2026-10-06T10:25:31.2036981Z ^[[39m^[[90mvalidating contracts/rest/admin-replay-api.json...
deploy-test	Run pnpm verify	2026-10-06T10:25:31.2066676Z ^[[39m^[[90mcontracts/rest/admin-replay-api.json: validated in 3ms
deploy-test	Run pnpm verify	2026-10-06T10:25:31.2067393Z 
deploy-test	Run pnpm verify	2026-10-06T10:25:31.2067723Z ^[[39m^[[90mvalidating contracts/rest/admin-ota-package-api.json...
deploy-test	Run pnpm verify	2026-10-06T10:25:31.2125423Z ^[[39m^[[90mcontracts/rest/admin-ota-package-api.json: validated in 6ms
deploy-test	Run pnpm verify	2026-10-06T10:25:31.2125863Z 
deploy-test	Run pnpm verify	2026-10-06T10:25:31.2126353Z ^[[39m^[[90mvalidating contracts/rest/admin-ota-campaign-api.json...
deploy-test	Run pnpm verify	2026-10-06T10:25:31.2191107Z ^[[39m^[[90mcontracts/rest/admin-ota-campaign-api.json: validated in 7ms
deploy-test	Run pnpm verify	2026-10-06T10:25:31.2191425Z 
deploy-test	Run pnpm verify	2026-10-06T10:25:31.2191701Z ^[[39m^[[90mvalidating contracts/rest/admin-onboarding-api.json...
deploy-test	Run pnpm verify	2026-10-06T10:25:31.2240197Z ^[[39m^[[90mcontracts/rest/admin-onboarding-api.json: validated in 5ms
deploy-test	Run pnpm verify	2026-10-06T10:25:31.2254294Z 
deploy-test	Run pnpm verify	2026-10-06T10:25:31.2269979Z ^[[39m^[[90mvalidating contracts/rest/admin-media-api.json...
deploy-test	Run pnpm verify	2026-10-06T10:25:31.2299548Z ^[[39m^[[90mcontracts/rest/admin-media-api.json: validated in 7ms
deploy-test	Run pnpm verify	2026-10-06T10:25:31.2299817Z 
deploy-test	Run pnpm verify	2026-10-06T10:25:31.2300079Z ^[[39m^[[90mvalidating contracts/rest/admin-license-api.json...
deploy-test	Run pnpm verify	2026-10-06T10:25:31.2339084Z ^[[39m^[[90mcontracts/rest/admin-license-api.json: validated in 4ms
deploy-test	Run pnpm verify	2026-10-06T10:25:31.2339435Z 
deploy-test	Run pnpm verify	2026-10-06T10:25:31.2339666Z ^[[39m^[[90mvalidating contracts/rest/admin-esg-api.json...
deploy-test	Run pnpm verify	2026-10-06T10:25:31.2408034Z ^[[39m^[[90mcontracts/rest/admin-esg-api.json: validated in 7ms
deploy-test	Run pnpm verify	2026-10-06T10:25:31.2408284Z 
deploy-test	Run pnpm verify	2026-10-06T10:25:31.2408814Z ^[[39m^[[90mvalidating contracts/rest/admin-device-user-api.json...
deploy-test	Run pnpm verify	2026-10-06T10:25:31.2444052Z ^[[39m^[[90mcontracts/rest/admin-device-user-api.json: validated in 4ms
deploy-test	Run pnpm verify	2026-10-06T10:25:31.2444859Z 
deploy-test	Run pnpm verify	2026-10-06T10:25:31.2445177Z ^[[39m^[[90mvalidating contracts/rest/admin-device-status-api.json...
deploy-test	Run pnpm verify	2026-10-06T10:25:31.2465770Z ^[[39m^[[90mcontracts/rest/admin-device-status-api.json: validated in 3ms
deploy-test	Run pnpm verify	2026-10-06T10:25:31.2466069Z 
deploy-test	Run pnpm verify	2026-10-06T10:25:31.2466406Z ^[[39m^[[90mvalidating contracts/rest/admin-device-retirement-api.json...
deploy-test	Run pnpm verify	2026-10-06T10:25:31.2487167Z ^[[39m^[[90mcontracts/rest/admin-device-retirement-api.json: validated in 3ms
deploy-test	Run pnpm verify	2026-10-06T10:25:31.2487479Z 
deploy-test	Run pnpm verify	2026-10-06T10:25:31.2487770Z ^[[39m^[[90mvalidating contracts/rest/admin-device-console-api.json...
deploy-test	Run pnpm verify	2026-10-06T10:25:31.2542009Z ^[[39m^[[90mcontracts/rest/admin-device-console-api.json: validated in 6ms
deploy-test	Run pnpm verify	2026-10-06T10:25:31.2542319Z 
deploy-test	Run pnpm verify	2026-10-06T10:25:31.2545861Z ^[[39m^[[90mvalidating contracts/rest/admin-device-assignment-api.json...
deploy-test	Run pnpm verify	2026-10-06T10:25:31.2570249Z ^[[39m^[[90mcontracts/rest/admin-device-assignment-api.json: validated in 3ms
deploy-test	Run pnpm verify	2026-10-06T10:25:31.2570462Z 
deploy-test	Run pnpm verify	2026-10-06T10:25:31.2570653Z ^[[39m^[[90mvalidating contracts/rest/admin-device-api.json...
deploy-test	Run pnpm verify	2026-10-06T10:25:31.2603564Z ^[[39m^[[90mcontracts/rest/admin-device-api.json: validated in 4ms
deploy-test	Run pnpm verify	2026-10-06T10:25:31.2603827Z 
deploy-test	Run pnpm verify	2026-10-06T10:25:31.2604006Z ^[[39m^[[90mvalidating contracts/rest/admin-dashboard-api.json...
deploy-test	Run pnpm verify	2026-10-06T10:25:31.2635407Z ^[[39m^[[90mcontracts/rest/admin-dashboard-api.json: validated in 4ms
deploy-test	Run pnpm verify	2026-10-06T10:25:31.2635695Z 
deploy-test	Run pnpm verify	2026-10-06T10:25:31.2636066Z ^[[39m^[[90mvalidating contracts/rest/admin-customer-api.json...
deploy-test	Run pnpm verify	2026-10-06T10:25:31.2663675Z ^[[39m^[[90mcontracts/rest/admin-customer-api.json: validated in 3ms
deploy-test	Run pnpm verify	2026-10-06T10:25:31.2663918Z 
deploy-test	Run pnpm verify	2026-10-06T10:25:31.2664200Z ^[[39m^[[90mvalidating contracts/rest/admin-contract-device-api.json...
deploy-test	Run pnpm verify	2026-10-06T10:25:31.2699454Z ^[[39m^[[90mcontracts/rest/admin-contract-device-api.json: validated in 4ms
deploy-test	Run pnpm verify	2026-10-06T10:25:31.2699772Z 
deploy-test	Run pnpm verify	2026-10-06T10:25:31.2700075Z ^[[39m^[[90mvalidating contracts/rest/admin-contract-api.json...
deploy-test	Run pnpm verify	2026-10-06T10:25:31.2732238Z ^[[39m^[[90mcontracts/rest/admin-contract-api.json: validated in 4ms
deploy-test	Run pnpm verify	2026-10-06T10:25:31.2732546Z 
deploy-test	Run pnpm verify	2026-10-06T10:25:31.2732897Z ^[[39m^[[90mvalidating contracts/rest/admin-consumable-request-api.json...
deploy-test	Run pnpm verify	2026-10-06T10:25:31.2765928Z ^[[39m^[[90mcontracts/rest/admin-consumable-request-api.json: validated in 4ms
deploy-test	Run pnpm verify	2026-10-06T10:25:31.2766218Z 
deploy-test	Run pnpm verify	2026-10-06T10:25:31.2766610Z ^[[39m^[[90mvalidating contracts/rest/admin-consumable-api.json...
deploy-test	Run pnpm verify	2026-10-06T10:25:31.2806526Z ^[[39m^[[90mcontracts/rest/admin-consumable-api.json: validated in 5ms
deploy-test	Run pnpm verify	2026-10-06T10:25:31.2807158Z 
deploy-test	Run pnpm verify	2026-10-06T10:25:31.2807485Z ^[[39m^[[90mvalidating contracts/rest/admin-configuration-api.json...
deploy-test	Run pnpm verify	2026-10-06T10:25:31.2846339Z ^[[39m^[[90mcontracts/rest/admin-configuration-api.json: validated in 4ms
deploy-test	Run pnpm verify	2026-10-06T10:25:31.2846622Z 
deploy-test	Run pnpm verify	2026-10-06T10:25:31.2846868Z ^[[39m^[[90mvalidating contracts/rest/admin-command-api.json...
deploy-test	Run pnpm verify	2026-10-06T10:25:31.2875795Z ^[[39m^[[90mcontracts/rest/admin-command-api.json: validated in 3ms
deploy-test	Run pnpm verify	2026-10-06T10:25:31.2876283Z 
deploy-test	Run pnpm verify	2026-10-06T10:25:31.2876620Z ^[[39m^[[90mvalidating contracts/rest/admin-certificate-rotation-api.json...
deploy-test	Run pnpm verify	2026-10-06T10:25:31.2893507Z ^[[39m^[[90mcontracts/rest/admin-certificate-rotation-api.json: validated in 2ms
deploy-test	Run pnpm verify	2026-10-06T10:25:31.2893833Z 
deploy-test	Run pnpm verify	2026-10-06T10:25:31.2894104Z ^[[39m^[[90mvalidating contracts/rest/admin-audit-api.json...
deploy-test	Run pnpm verify	2026-10-06T10:25:31.2915829Z ^[[39m^[[90mcontracts/rest/admin-audit-api.json: validated in 3ms
deploy-test	Run pnpm verify	2026-10-06T10:25:31.2916105Z 
deploy-test	Run pnpm verify	2026-10-06T10:25:31.2916365Z ^[[39m^[[90mvalidating contracts/rest/admin-alarm-api.json...
deploy-test	Run pnpm verify	2026-10-06T10:25:31.2954693Z ^[[39m^[[90mcontracts/rest/admin-alarm-api.json: validated in 4ms
deploy-test	Run pnpm verify	2026-10-06T10:25:31.2954961Z 
deploy-test	Run pnpm verify	2026-10-06T10:25:31.2955216Z ^[[39m^[[90mvalidating contracts/rest/openapi.bundle.json...
deploy-test	Run pnpm verify	2026-10-06T10:25:31.3449914Z ^[[39m^[[90mcontracts/rest/openapi.bundle.json: validated in 50ms
deploy-test	Run pnpm verify	2026-10-06T10:25:31.3469678Z 
deploy-test	Run pnpm verify	2026-10-06T10:25:31.3480270Z ^[[39m^[[32mWoohoo! Your API descriptions are valid. 🎉
deploy-test	Run pnpm verify	2026-10-06T10:25:31.3480894Z ^[[39m
deploy-test	Run pnpm verify	2026-10-06T10:25:32.0142245Z 
deploy-test	Run pnpm verify	2026-10-06T10:25:32.0143244Z > food-digester-platform@0.0.0 test /home/runner/work/food-digester-platform/food-digester-platform
deploy-test	Run pnpm verify	2026-10-06T10:25:32.0144496Z > vitest run && pnpm test:contracts && pnpm test:scripts
deploy-test	Run pnpm verify	2026-10-06T10:25:32.0144725Z 
deploy-test	Run pnpm verify	2026-10-06T10:25:32.2091572Z 
deploy-test	Run pnpm verify	2026-10-06T10:25:32.2093121Z ^[[1m^[[30m^[[46m RUN ^[[49m^[[39m^[[22m ^[[36mv4.1.11 ^[[39m^[[90m/home/runner/work/food-digester-platform/food-digester-platform^[[39m
deploy-test	Run pnpm verify	2026-10-06T10:25:32.2093762Z 
deploy-test	Run pnpm verify	2026-10-06T10:25:33.1380402Z Bundling asset TestStack/IngestionFn/Code/Stage...
deploy-test	Run pnpm verify	2026-10-06T10:25:33.6833958Z Bundling asset TestStack/ArchiveFn/Code/Stage...
deploy-test	Run pnpm verify	2026-10-06T10:25:34.1700651Z Bundling asset TestStack/OutboxPublisherFn/Code/Stage...
deploy-test	Run pnpm verify	2026-10-06T10:25:35.0320813Z Bundling asset TestStack/NotificationPublisherFn/Code/Stage...
deploy-test	Run pnpm verify	2026-10-06T10:25:35.7746844Z Bundling asset TestStack/SummaryFn/Code/Stage...
deploy-test	Run pnpm verify	2026-10-06T10:25:36.5304046Z Bundling asset TestStack/ReplayTriggerPublisherFn/Code/Stage...
deploy-test	Run pnpm verify	2026-10-06T10:25:37.1428303Z Bundling asset TestStack/ReplayFn/Code/Stage...
deploy-test	Run pnpm verify	2026-10-06T10:25:37.3269425Z  ^[[32m✓^[[39m apps/cloud-api/test/ota-dispatch.test.ts ^[[2m(^[[22m^[[2m16 tests^[[22m^[[2m)^[[22m^[[33m 3584^[[2mms^[[22m^[[39m
deploy-test	Run pnpm verify	2026-10-06T10:25:37.6137771Z  ^[[32m✓^[[39m apps/cloud-api/test/admin-user.test.ts ^[[2m(^[[22m^[[2m31 tests^[[22m^[[2m)^[[22m^[[33m 3873^[[2mms^[[22m^[[39m
deploy-test	Run pnpm verify	2026-10-06T10:25:37.6161869Z      ^[[33m^[[2m✓^[[22m^[[39m PlatformSuperAdmin 停用后旧 id Token 不再进入读写路由 ^[[33m 310^[[2mms^[[22m^[[39m
deploy-test	Run pnpm verify	2026-10-06T10:25:37.7510635Z Bundling asset TestStack/CertPackageSweeperFn/Code/Stage...
deploy-test	Run pnpm verify	2026-10-06T10:25:38.0994364Z  ^[[32m✓^[[39m apps/admin-web/test/contract-parity.test.ts ^[[2m(^[[22m^[[2m23 tests^[[22m^[[2m)^[[22m^[[32m 28^[[2mms^[[22m^[[39m
deploy-test	Run pnpm verify	2026-10-06T10:25:38.2775655Z Bundling asset TestStack/OnboardingDeadlineFn/Code/Stage...
deploy-test	Run pnpm verify	2026-10-06T10:25:38.8653955Z Bundling asset TestStack/RetirementTimeoutFn/Code/Stage...
deploy-test	Run pnpm verify	2026-10-06T10:25:39.7420578Z Bundling asset TestStack/ActivityExportFn/Code/Stage...
deploy-test	Run pnpm verify	2026-10-06T10:25:40.5950415Z Bundling asset TestStack/EsgExportFn/Code/Stage...
deploy-test	Run pnpm verify	2026-10-06T10:25:41.2034502Z  ^[[32m✓^[[39m apps/cloud-api/test/admin-device-console.test.ts ^[[2m(^[[22m^[[2m11 tests^[[22m^[[2m)^[[22m^[[33m 3044^[[2mms^[[22m^[[39m
deploy-test	Run pnpm verify	2026-10-06T10:25:41.2181106Z Bundling asset TestStack/CommandPublisherFn/Code/Stage...
deploy-test	Run pnpm verify	2026-10-06T10:25:41.9030613Z Bundling asset TestStack/CommandTimeoutFn/Code/Stage...
deploy-test	Run pnpm verify	2026-10-06T10:25:42.4201366Z  ^[[32m✓^[[39m apps/cloud-api/test/admin-ota-campaign.test.ts ^[[2m(^[[22m^[[2m14 tests^[[22m^[[2m)^[[22m^[[33m 3577^[[2mms^[[22m^[[39m
deploy-test	Run pnpm verify	2026-10-06T10:25:42.5510588Z Bundling asset TestStack/OtaDispatcherFn/Code/Stage...
deploy-test	Run pnpm verify	2026-10-06T10:25:43.0970569Z Bundling asset TestStack/OnboardingApiFn/Code/Stage...
deploy-test	Run pnpm verify	2026-10-06T10:25:43.7200530Z Bundling asset TestStack/OnboardingProvisioningFn/Code/Stage...
deploy-test	Run pnpm verify	2026-10-06T10:25:44.3110492Z Bundling asset TestStack/DeviceApiFn/Code/Stage...
deploy-test	Run pnpm verify	2026-10-06T10:25:44.8820191Z Bundling asset TestStack/ApiFn/Code/Stage...
deploy-test	Run pnpm verify	2026-10-06T10:25:48.1523693Z Bundling asset TestStack/IngestionFn/Code/Stage...
deploy-test	Run pnpm verify	2026-10-06T10:25:48.7581318Z Bundling asset TestStack/ArchiveFn/Code/Stage...
deploy-test	Run pnpm verify	2026-10-06T10:25:48.7744215Z  ^[[32m✓^[[39m apps/admin-web/test/device-manage.test.tsx ^[[2m(^[[22m^[[2m28 tests^[[22m^[[2m)^[[22m^[[33m 5813^[[2mms^[[22m^[[39m
deploy-test	Run pnpm verify	2026-10-06T10:25:48.7783363Z    ^[[33m^[[2m✓^[[22m^[[39m 挂起：原因必填；确认后提交原因并回源刷新（操作后历史刷新） ^[[33m 327^[[2mms^[[22m^[[39m
deploy-test	Run pnpm verify	2026-10-06T10:25:48.7784331Z    ^[[33m^[[2m✓^[[22m^[[39m 别名：编辑/保存/清除；超长禁用保存；提交后回源刷新 ^[[33m 324^[[2mms^[[22m^[[39m
deploy-test	Run pnpm verify	2026-10-06T10:25:48.7784984Z    ^[[33m^[[2m✓^[[22m^[[39m 别名：空输入保存禁用；超过 64 字符保存禁用 ^[[33m 604^[[2mms^[[22m^[[39m
deploy-test	Run pnpm verify	2026-10-06T10:25:48.7785684Z    ^[[33m^[[2m✓^[[22m^[[39m 别名按 Unicode 码点计数并在提交前执行 NFC 规范化 ^[[33m 1565^[[2mms^[[22m^[[39m
deploy-test	Run pnpm verify	2026-10-06T10:25:48.7786376Z    ^[[33m^[[2m✓^[[22m^[[39m 分配：站点选项随客户过滤；未选齐禁用提交；成功后回源刷新历史 ^[[33m 494^[[2mms^[[22m^[[39m
deploy-test	Run pnpm verify	2026-10-06T10:25:48.7786961Z    ^[[33m^[[2m✓^[[22m^[[39m 分配原因为空时不携带 reason 字段 ^[[33m 379^[[2mms^[[22m^[[39m
deploy-test	Run pnpm verify	2026-10-06T10:25:49.1525315Z Bundling asset TestStack/OutboxPublisherFn/Code/Stage...
deploy-test	Run pnpm verify	2026-10-06T10:25:49.6771045Z Bundling asset TestStack/NotificationPublisherFn/Code/Stage...
deploy-test	Run pnpm verify	2026-10-06T10:25:50.4428289Z Bundling asset TestStack/SummaryFn/Code/Stage...
deploy-test	Run pnpm verify	2026-10-06T10:25:51.0576284Z Bundling asset TestStack/ReplayTriggerPublisherFn/Code/Stage...
deploy-test	Run pnpm verify	2026-10-06T10:25:51.6162048Z Bundling asset TestStack/ReplayFn/Code/Stage...
deploy-test	Run pnpm verify	2026-10-06T10:25:52.0635207Z  ^[[32m✓^[[39m apps/cloud-api/test/media.test.ts ^[[2m(^[[22m^[[2m12 tests^[[22m^[[2m)^[[22m^[[33m 2563^[[2mms^[[22m^[[39m
deploy-test	Run pnpm verify	2026-10-06T10:25:52.1935544Z Bundling asset TestStack/CertPackageSweeperFn/Code/Stage...
deploy-test	Run pnpm verify	2026-10-06T10:25:52.8120495Z Bundling asset TestStack/OnboardingDeadlineFn/Code/Stage...
deploy-test	Run pnpm verify	2026-10-06T10:25:53.5430485Z Bundling asset TestStack/RetirementTimeoutFn/Code/Stage...
deploy-test	Run pnpm verify	2026-10-06T10:25:54.2910286Z Bundling asset TestStack/ActivityExportFn/Code/Stage...
deploy-test	Run pnpm verify	2026-10-06T10:25:54.9500516Z Bundling asset TestStack/EsgExportFn/Code/Stage...
deploy-test	Run pnpm verify	2026-10-06T10:25:55.3230986Z  ^[[32m✓^[[39m apps/cloud-api/test/admin-license.test.ts ^[[2m(^[[22m^[[2m11 tests^[[22m^[[2m)^[[22m^[[33m 2592^[[2mms^[[22m^[[39m
deploy-test	Run pnpm verify	2026-10-06T10:25:55.5292814Z Bundling asset TestStack/CommandPublisherFn/Code/Stage...
deploy-test	Run pnpm verify	2026-10-06T10:25:56.0810712Z Bundling asset TestStack/CommandTimeoutFn/Code/Stage...
deploy-test	Run pnpm verify	2026-10-06T10:25:56.3257996Z  ^[[32m✓^[[39m apps/admin-web/test/ota.test.tsx ^[[2m(^[[22m^[[2m19 tests^[[22m^[[2m)^[[22m^[[33m 12411^[[2mms^[[22m^[[39m
deploy-test	Run pnpm verify	2026-10-06T10:25:56.3272685Z    ^[[33m^[[2m✓^[[22m^[[39m 包列表：VERIFIED 显示“可发布”徽标；UPLOADED 不可发布；筛选回调 ^[[33m 829^[[2mms^[[22m^[[39m
deploy-test	Run pnpm verify	2026-10-06T10:25:56.3280582Z    ^[[33m^[[2m✓^[[22m^[[39m 上传会话：字段级校验阻止非法元数据（sha256 非 hex64 → 提交禁用） ^[[33m 1242^[[2mms^[[22m^[[39m
deploy-test	Run pnpm verify	2026-10-06T10:25:56.3281529Z    ^[[33m^[[2m✓^[[22m^[[39m 上传 E2E：创建会话 → 直传 + complete 校验 → VERIFIED 可发布并回源刷新 ^[[33m 2762^[[2mms^[[22m^[[39m
deploy-test	Run pnpm verify	2026-10-06T10:25:56.3293767Z    ^[[33m^[[2m✓^[[22m^[[39m 创建 Campaign E2E：VERIFIED 包 + 首批 1 台 → RUNNING/CANARY 提示并回源刷新 ^[[33m 833^[[2mms^[[22m^[[39m
deploy-test	Run pnpm verify	2026-10-06T10:25:56.3294612Z    ^[[33m^[[2m✓^[[22m^[[39m 目标状态看板：total 与 8 状态计数渲染；目标列表批次/状态展示 ^[[33m 470^[[2mms^[[22m^[[39m
deploy-test	Run pnpm verify	2026-10-06T10:25:56.3307409Z    ^[[33m^[[2m✓^[[22m^[[39m 暂停/恢复/取消：RUNNING→已暂停（不再产生新下发）；PAUSED→恢复；取消需明确确认 ^[[33m 1118^[[2mms^[[22m^[[39m
deploy-test	Run pnpm verify	2026-10-06T10:25:56.3308579Z    ^[[33m^[[2m✓^[[22m^[[39m 动作矩阵：终态（COMPLETED/CANCELLED）全部动作禁用；Auditor 无 ota:write 禁用 ^[[33m 359^[[2mms^[[22m^[[39m
deploy-test	Run pnpm verify	2026-10-06T10:25:56.3309505Z    ^[[33m^[[2m✓^[[22m^[[39m 扩大批次：普通角色不能审批最终全量；部分选择仍可提交 ^[[33m 735^[[2mms^[[22m^[[39m
deploy-test	Run pnpm verify	2026-10-06T10:25:56.3315536Z    ^[[33m^[[2m✓^[[22m^[[39m 扩大批次：最终全量须既有 targets 全部成功并精确确认 ^[[33m 1720^[[2mms^[[22m^[[39m
deploy-test	Run pnpm verify	2026-10-06T10:25:56.3316243Z    ^[[33m^[[2m✓^[[22m^[[39m 失败重试：缺省重试全部 FAILED；勾选子集携 targetIds ^[[33m 1226^[[2mms^[[22m^[[39m
deploy-test	Run pnpm verify	2026-10-06T10:25:56.3316892Z    ^[[33m^[[2m✓^[[22m^[[39m 目标筛选：状态/批次号经 onApplyTargetFilter 应用 ^[[33m 468^[[2mms^[[22m^[[39m
deploy-test	Run pnpm verify	2026-10-06T10:25:56.8860311Z Bundling asset TestStack/OtaDispatcherFn/Code/Stage...
deploy-test	Run pnpm verify	2026-10-06T10:25:57.6219495Z Bundling asset TestStack/OnboardingApiFn/Code/Stage...
deploy-test	Run pnpm verify	2026-10-06T10:25:58.2960491Z Bundling asset TestStack/OnboardingProvisioningFn/Code/Stage...
deploy-test	Run pnpm verify	2026-10-06T10:25:58.5270768Z ^[[90mstderr^[[2m | apps/ingestion-worker/test/ingest-pipeline.test.ts^[[2m > ^[[22m^[[2mcreateIngestionHandler（BE-IOT-02 校验管线）^[[2m > ^[[22m^[[2m单条坏消息不导致整批重复：坏消息进 Quarantine，其余照常处理
deploy-test	Run pnpm verify	2026-10-06T10:25:58.5320604Z ^[[22m^[[39mingestion message quarantined {
deploy-test	Run pnpm verify	2026-10-06T10:25:58.5380610Z   event: ^[[32m'ingestion.quarantined'^[[39m,
deploy-test	Run pnpm verify	2026-10-06T10:25:58.5469882Z   messageId: ^[[32m'sqs-bad'^[[39m,
deploy-test	Run pnpm verify	2026-10-06T10:25:58.5470412Z   errorType: ^[[32m'INVALID_JSON'^[[39m,
deploy-test	Run pnpm verify	2026-10-06T10:25:58.5565467Z   errorPath: ^[[32m'(root)'^[[39m,
deploy-test	Run pnpm verify	2026-10-06T10:25:58.5590123Z   reason: ^[[32m'message body is not valid JSON'^[[39m
deploy-test	Run pnpm verify	2026-10-06T10:25:58.5649801Z }
deploy-test	Run pnpm verify	2026-10-06T10:25:58.5701421Z 
deploy-test	Run pnpm verify	2026-10-06T10:25:58.5761204Z ^[[90mstderr^[[2m | apps/ingestion-worker/test/ingest-pipeline.test.ts^[[2m > ^[[22m^[[2mcreateIngestionHandler（BE-IOT-02 校验管线）^[[2m > ^[[22m^[[2mQuarantine 投递失败只重试当前记录，批次后续记录继续隔离
deploy-test	Run pnpm verify	2026-10-06T10:25:58.5799881Z ^[[22m^[[39mingestion message quarantined {
deploy-test	Run pnpm verify	2026-10-06T10:25:58.5832677Z   event: ^[[32m'ingestion.quarantined'^[[39m,
deploy-test	Run pnpm verify	2026-10-06T10:25:58.5890403Z   messageId: ^[[32m'sqs-quarantine-down'^[[39m,
deploy-test	Run pnpm verify	2026-10-06T10:25:58.5924260Z   errorType: ^[[32m'INVALID_JSON'^[[39m,
deploy-test	Run pnpm verify	2026-10-06T10:25:58.5963841Z   errorPath: ^[[32m'(root)'^[[39m,
deploy-test	Run pnpm verify	2026-10-06T10:25:58.6010388Z   reason: ^[[32m'message body is not valid JSON'^[[39m
deploy-test	Run pnpm verify	2026-10-06T10:25:58.6073306Z }
deploy-test	Run pnpm verify	2026-10-06T10:25:58.6098386Z 
deploy-test	Run pnpm verify	2026-10-06T10:25:58.6130907Z ^[[90mstderr^[[2m | apps/ingestion-worker/test/ingest-pipeline.test.ts^[[2m > ^[[22m^[[2mcreateIngestionHandler（BE-IOT-02 校验管线）^[[2m > ^[[22m^[[2mQuarantine 投递失败只重试当前记录，批次后续记录继续隔离
deploy-test	Run pnpm verify	2026-10-06T10:25:58.6131703Z ^[[22m^[[39mingestion message quarantined {
deploy-test	Run pnpm verify	2026-10-06T10:25:58.6132038Z   event: ^[[32m'ingestion.quarantined'^[[39m,
deploy-test	Run pnpm verify	2026-10-06T10:25:58.6132365Z   messageId: ^[[32m'sqs-quarantine-next'^[[39m,
deploy-test	Run pnpm verify	2026-10-06T10:25:58.6132729Z   errorType: ^[[32m'INVALID_JSON'^[[39m,
deploy-test	Run pnpm verify	2026-10-06T10:25:58.6133028Z   errorPath: ^[[32m'(root)'^[[39m,
deploy-test	Run pnpm verify	2026-10-06T10:25:58.6133375Z   reason: ^[[32m'message body is not valid JSON'^[[39m
deploy-test	Run pnpm verify	2026-10-06T10:25:58.6133636Z }
deploy-test	Run pnpm verify	2026-10-06T10:25:58.6133731Z 
deploy-test	Run pnpm verify	2026-10-06T10:25:58.6134514Z ^[[90mstderr^[[2m | apps/ingestion-worker/test/ingest-pipeline.test.ts^[[2m > ^[[22m^[[2mcreateIngestionHandler（BE-IOT-02 校验管线）^[[2m > ^[[22m^[[2mSchema 违规进 Quarantine（含错误路径）；字段范围由 Schema 覆盖
deploy-test	Run pnpm verify	2026-10-06T10:25:58.6135188Z ^[[22m^[[39mingestion message quarantined {
deploy-test	Run pnpm verify	2026-10-06T10:25:58.6135524Z   event: ^[[32m'ingestion.quarantined'^[[39m,
deploy-test	Run pnpm verify	2026-10-06T10:25:58.6135817Z   messageId: ^[[32m'sqs-1'^[[39m,
deploy-test	Run pnpm verify	2026-10-06T10:25:58.6136129Z   errorType: ^[[32m'SCHEMA_VIOLATION'^[[39m,
deploy-test	Run pnpm verify	2026-10-06T10:25:58.6136472Z   errorPath: ^[[32m'data.deviceStatus'^[[39m,
deploy-test	Run pnpm verify	2026-10-06T10:25:58.6137022Z   reason: ^[[32m'payload violates heartbeat.schema.json: 非法枚举值 "BROKEN"，允许值: ONLINE, DEGRADED, OFFLINE'^[[39m,
deploy-test	Run pnpm verify	2026-10-06T10:25:58.6137578Z   iotTopic: ^[[32m'bnx/device/dev-ing-5/heartbeat'^[[39m,
deploy-test	Run pnpm verify	2026-10-06T10:25:58.6138399Z   iotDeviceId: ^[[32m'dev-ing-5'^[[39m
deploy-test	Run pnpm verify	2026-10-06T10:25:58.6138639Z }
deploy-test	Run pnpm verify	2026-10-06T10:25:58.6138740Z 
deploy-test	Run pnpm verify	2026-10-06T10:25:58.6776441Z ^[[90mstderr^[[2m | apps/ingestion-worker/test/ingest-pipeline.test.ts^[[2m > ^[[22m^[[2mcreateIngestionHandler（BE-IOT-02 校验管线）^[[2m > ^[[22m^[[2mDEC-013：兼容截止边界起旧格式进入 Quarantine
deploy-test	Run pnpm verify	2026-10-06T10:25:58.6800529Z ^[[22m^[[39mingestion message quarantined {
deploy-test	Run pnpm verify	2026-10-06T10:25:58.6801213Z   event: ^[[32m'ingestion.quarantined'^[[39m,
deploy-test	Run pnpm verify	2026-10-06T10:25:58.6801820Z   messageId: ^[[32m'sqs-expired'^[[39m,
deploy-test	Run pnpm verify	2026-10-06T10:25:58.6802304Z   errorType: ^[[32m'SCHEMA_VIOLATION'^[[39m,
deploy-test	Run pnpm verify	2026-10-06T10:25:58.6802889Z   errorPath: ^[[32m'data'^[[39m,
deploy-test	Run pnpm verify	2026-10-06T10:25:58.6804358Z   reason: ^[[32m'LEGACY_FORMAT_EXPIRED: DEC-013 legacy compatibility expired at 2026-12-03T09:46:26Z'^[[39m,
deploy-test	Run pnpm verify	2026-10-06T10:25:58.6805089Z   iotTopic: ^[[32m'bnx/device/dev-ing-8/heartbeat'^[[39m,
deploy-test	Run pnpm verify	2026-10-06T10:25:58.6805612Z   iotDeviceId: ^[[32m'dev-ing-8'^[[39m
deploy-test	Run pnpm verify	2026-10-06T10:25:58.6806000Z }
deploy-test	Run pnpm verify	2026-10-06T10:25:58.6806325Z 
deploy-test	Run pnpm verify	2026-10-06T10:25:58.6865324Z ^[[90mstderr^[[2m | apps/ingestion-worker/test/ingest-pipeline.test.ts^[[2m > ^[[22m^[[2mcreateIngestionHandler（BE-IOT-02 校验管线）^[[2m > ^[[22m^[[2mDEC-013：Audited Topic 验证 RFC 8785 audit.hash，不匹配时隔离
deploy-test	Run pnpm verify	2026-10-06T10:25:58.6866343Z ^[[22m^[[39mingestion message quarantined {
deploy-test	Run pnpm verify	2026-10-06T10:25:58.6866873Z   event: ^[[32m'ingestion.quarantined'^[[39m,
deploy-test	Run pnpm verify	2026-10-06T10:25:58.6867400Z   messageId: ^[[32m'sqs-audit-bad'^[[39m,
deploy-test	Run pnpm verify	2026-10-06T10:25:58.6867886Z   errorType: ^[[32m'AUDIT_HASH_MISMATCH'^[[39m,
deploy-test	Run pnpm verify	2026-10-06T10:25:58.6868853Z   errorPath: ^[[32m'audit.hash'^[[39m,
deploy-test	Run pnpm verify	2026-10-06T10:25:58.6869600Z   reason: ^[[32m'audit.hash must equal SHA-256(RFC8785({meta,data}))'^[[39m,
deploy-test	Run pnpm verify	2026-10-06T10:25:58.6870320Z   iotTopic: ^[[32m'bnx/device/dev-ing-9/telemetry'^[[39m,
deploy-test	Run pnpm verify	2026-10-06T10:25:58.6870819Z   iotDeviceId: ^[[32m'dev-ing-9'^[[39m
deploy-test	Run pnpm verify	2026-10-06T10:25:58.6871202Z }
deploy-test	Run pnpm verify	2026-10-06T10:25:58.6871438Z 
deploy-test	Run pnpm verify	2026-10-06T10:25:58.7026762Z ^[[90mstderr^[[2m | apps/ingestion-worker/test/ingest-pipeline.test.ts^[[2m > ^[[22m^[[2mcreateIngestionHandler（BE-IOT-02 校验管线）^[[2m > ^[[22m^[[2m身份违规进 Quarantine：未知/撤销证书、非审批态 PENDING_CLAIM、Topic 绑定不一致
deploy-test	Run pnpm verify	2026-10-06T10:25:58.7028020Z ^[[22m^[[39mingestion message quarantined {
deploy-test	Run pnpm verify	2026-10-06T10:25:58.7028612Z   event: ^[[32m'ingestion.quarantined'^[[39m,
deploy-test	Run pnpm verify	2026-10-06T10:25:58.7029101Z   messageId: ^[[32m'sqs-unknown'^[[39m,
deploy-test	Run pnpm verify	2026-10-06T10:25:58.7029703Z   errorType: ^[[32m'UNKNOWN_DEVICE'^[[39m,
deploy-test	Run pnpm verify	2026-10-06T10:25:58.7030157Z   errorPath: ^[[32m'iotPrincipal'^[[39m,
deploy-test	Run pnpm verify	2026-10-06T10:25:58.7030701Z   reason: ^[[32m'certificate not registered in device ledger'^[[39m,
deploy-test	Run pnpm verify	2026-10-06T10:25:58.7031306Z   iotTopic: ^[[32m'bnx/device/dev-ing-10/heartbeat'^[[39m,
deploy-test	Run pnpm verify	2026-10-06T10:25:58.7031805Z   iotDeviceId: ^[[32m'dev-ing-10'^[[39m
deploy-test	Run pnpm verify	2026-10-06T10:25:58.7032172Z }
deploy-test	Run pnpm verify	2026-10-06T10:25:58.7032430Z 
deploy-test	Run pnpm verify	2026-10-06T10:25:58.7045357Z ^[[90mstderr^[[2m | apps/ingestion-worker/test/ingest-pipeline.test.ts^[[2m > ^[[22m^[[2mcreateIngestionHandler（BE-IOT-02 校验管线）^[[2m > ^[[22m^[[2m身份违规进 Quarantine：未知/撤销证书、非审批态 PENDING_CLAIM、Topic 绑定不一致
deploy-test	Run pnpm verify	2026-10-06T10:25:58.7046382Z ^[[22m^[[39mingestion message quarantined {
deploy-test	Run pnpm verify	2026-10-06T10:25:58.7047059Z   event: ^[[32m'ingestion.quarantined'^[[39m,
deploy-test	Run pnpm verify	2026-10-06T10:25:58.7047569Z   messageId: ^[[32m'sqs-revoked'^[[39m,
deploy-test	Run pnpm verify	2026-10-06T10:25:58.7048079Z   errorType: ^[[32m'IDENTITY_VIOLATION'^[[39m,
deploy-test	Run pnpm verify	2026-10-06T10:25:58.7048557Z   errorPath: ^[[32m'iotPrincipal'^[[39m,
deploy-test	Run pnpm verify	2026-10-06T10:25:58.7049370Z   reason: ^[[32m'certificate is neither ACTIVE nor an approved onboarding certificate'^[[39m,
deploy-test	Run pnpm verify	2026-10-06T10:25:58.7050053Z   iotTopic: ^[[32m'bnx/device/dev-ing-12/heartbeat'^[[39m,
deploy-test	Run pnpm verify	2026-10-06T10:25:58.7050573Z   iotDeviceId: ^[[32m'dev-ing-12'^[[39m
deploy-test	Run pnpm verify	2026-10-06T10:25:58.7050954Z }
deploy-test	Run pnpm verify	2026-10-06T10:25:58.7051184Z 
deploy-test	Run pnpm verify	2026-10-06T10:25:58.7077763Z ^[[90mstderr^[[2m | apps/ingestion-worker/test/ingest-pipeline.test.ts^[[2m > ^[[22m^[[2mcreateIngestionHandler（BE-IOT-02 校验管线）^[[2m > ^[[22m^[[2m身份违规进 Quarantine：未知/撤销证书、非审批态 PENDING_CLAIM、Topic 绑定不一致
deploy-test	Run pnpm verify	2026-10-06T10:25:58.7078738Z ^[[22m^[[39mingestion message quarantined {
deploy-test	Run pnpm verify	2026-10-06T10:25:58.7079436Z   event: ^[[32m'ingestion.quarantined'^[[39m,
deploy-test	Run pnpm verify	2026-10-06T10:25:58.7080452Z   messageId: ^[[32m'sqs-unapproved-pending'^[[39m,
deploy-test	Run pnpm verify	2026-10-06T10:25:58.7080995Z   errorType: ^[[32m'IDENTITY_VIOLATION'^[[39m,
deploy-test	Run pnpm verify	2026-10-06T10:25:58.7081496Z   errorPath: ^[[32m'iotPrincipal'^[[39m,
deploy-test	Run pnpm verify	2026-10-06T10:25:58.7082663Z   reason: ^[[32m'certificate is neither ACTIVE nor an approved onboarding certificate'^[[39m,
deploy-test	Run pnpm verify	2026-10-06T10:25:58.7083370Z   iotTopic: ^[[32m'bnx/device/dev-ing-13/heartbeat'^[[39m,
deploy-test	Run pnpm verify	2026-10-06T10:25:58.7084409Z   iotDeviceId: ^[[32m'dev-ing-13'^[[39m
deploy-test	Run pnpm verify	2026-10-06T10:25:58.7084815Z }
deploy-test	Run pnpm verify	2026-10-06T10:25:58.7085053Z 
deploy-test	Run pnpm verify	2026-10-06T10:25:58.7086154Z ^[[90mstderr^[[2m | apps/ingestion-worker/test/ingest-pipeline.test.ts^[[2m > ^[[22m^[[2mcreateIngestionHandler（BE-IOT-02 校验管线）^[[2m > ^[[22m^[[2m身份违规进 Quarantine：未知/撤销证书、非审批态 PENDING_CLAIM、Topic 绑定不一致
deploy-test	Run pnpm verify	2026-10-06T10:25:58.7087108Z ^[[22m^[[39mingestion message quarantined {
deploy-test	Run pnpm verify	2026-10-06T10:25:58.7087600Z   event: ^[[32m'ingestion.quarantined'^[[39m,
deploy-test	Run pnpm verify	2026-10-06T10:25:58.7088085Z   messageId: ^[[32m'sqs-mismatch'^[[39m,
deploy-test	Run pnpm verify	2026-10-06T10:25:58.7088563Z   errorType: ^[[32m'IDENTITY_VIOLATION'^[[39m,
deploy-test	Run pnpm verify	2026-10-06T10:25:58.7089047Z   errorPath: ^[[32m'iotDeviceId'^[[39m,
deploy-test	Run pnpm verify	2026-10-06T10:25:58.7089753Z   reason: ^[[32m'topic device does not match certificate binding'^[[39m,
deploy-test	Run pnpm verify	2026-10-06T10:25:58.7090376Z   iotTopic: ^[[32m'bnx/device/dev-ing-11/heartbeat'^[[39m,
deploy-test	Run pnpm verify	2026-10-06T10:25:58.7090901Z   iotDeviceId: ^[[32m'dev-ing-11'^[[39m
deploy-test	Run pnpm verify	2026-10-06T10:25:58.7091278Z }
deploy-test	Run pnpm verify	2026-10-06T10:25:58.7091513Z 
deploy-test	Run pnpm verify	2026-10-06T10:25:58.7138765Z ^[[90mstderr^[[2m | apps/ingestion-worker/test/ingest-pipeline.test.ts^[[2m > ^[[22m^[[2mcreateIngestionHandler（BE-IOT-02 校验管线）^[[2m > ^[[22m^[[2mRetired 设备即使证书仍 ACTIVE，八类业务 MQTT 也全部失败关闭
deploy-test	Run pnpm verify	2026-10-06T10:25:58.7150064Z ^[[22m^[[39mingestion message quarantined {
deploy-test	Run pnpm verify	2026-10-06T10:25:58.7150681Z   event: ^[[32m'ingestion.quarantined'^[[39m,
deploy-test	Run pnpm verify	2026-10-06T10:25:58.7151326Z   messageId: ^[[32m'sqs-retired-heartbeat'^[[39m,
deploy-test	Run pnpm verify	2026-10-06T10:25:58.7151853Z   errorType: ^[[32m'IDENTITY_VIOLATION'^[[39m,
deploy-test	Run pnpm verify	2026-10-06T10:25:58.7152340Z   errorPath: ^[[32m'iotDeviceId'^[[39m,
deploy-test	Run pnpm verify	2026-10-06T10:25:58.7152872Z   reason: ^[[32m'retired device business MQTT is disabled'^[[39m,
deploy-test	Run pnpm verify	2026-10-06T10:25:58.7153472Z   iotTopic: ^[[32m'bnx/device/dev-ing-14/heartbeat'^[[39m,
deploy-test	Run pnpm verify	2026-10-06T10:25:58.7153979Z   iotDeviceId: ^[[32m'dev-ing-14'^[[39m
deploy-test	Run pnpm verify	2026-10-06T10:25:58.7154363Z }
deploy-test	Run pnpm verify	2026-10-06T10:25:58.7154646Z 
deploy-test	Run pnpm verify	2026-10-06T10:25:58.7155670Z ^[[90mstderr^[[2m | apps/ingestion-worker/test/ingest-pipeline.test.ts^[[2m > ^[[22m^[[2mcreateIngestionHandler（BE-IOT-02 校验管线）^[[2m > ^[[22m^[[2mRetired 设备即使证书仍 ACTIVE，八类业务 MQTT 也全部失败关闭
deploy-test	Run pnpm verify	2026-10-06T10:25:58.7156610Z ^[[22m^[[39mingestion message quarantined {
deploy-test	Run pnpm verify	2026-10-06T10:25:58.7157138Z   event: ^[[32m'ingestion.quarantined'^[[39m,
deploy-test	Run pnpm verify	2026-10-06T10:25:58.7157650Z   messageId: ^[[32m'sqs-retired-telemetry'^[[39m,
deploy-test	Run pnpm verify	2026-10-06T10:25:58.7158163Z   errorType: ^[[32m'IDENTITY_VIOLATION'^[[39m,
deploy-test	Run pnpm verify	2026-10-06T10:25:58.7158643Z   errorPath: ^[[32m'iotDeviceId'^[[39m,
deploy-test	Run pnpm verify	2026-10-06T10:25:58.7159327Z   reason: ^[[32m'retired device business MQTT is disabled'^[[39m,
deploy-test	Run pnpm verify	2026-10-06T10:25:58.7183000Z   iotTopic: ^[[32m'bnx/device/dev-ing-14/telemetry'^[[39m,
deploy-test	Run pnpm verify	2026-10-06T10:25:58.7221208Z   iotDeviceId: ^[[32m'dev-ing-14'^[[39m
deploy-test	Run pnpm verify	2026-10-06T10:25:58.7224992Z }
deploy-test	Run pnpm verify	2026-10-06T10:25:58.7225275Z 
deploy-test	Run pnpm verify	2026-10-06T10:25:58.7226411Z ^[[90mstderr^[[2m | apps/ingestion-worker/test/ingest-pipeline.test.ts^[[2m > ^[[22m^[[2mcreateIngestionHandler（BE-IOT-02 校验管线）^[[2m > ^[[22m^[[2mRetired 设备即使证书仍 ACTIVE，八类业务 MQTT 也全部失败关闭
deploy-test	Run pnpm verify	2026-10-06T10:25:58.7227375Z ^[[22m^[[39mingestion message quarantined {
deploy-test	Run pnpm verify	2026-10-06T10:25:58.7227883Z   event: ^[[32m'ingestion.quarantined'^[[39m,
deploy-test	Run pnpm verify	2026-10-06T10:25:58.7228398Z   messageId: ^[[32m'sqs-retired-report'^[[39m,
deploy-test	Run pnpm verify	2026-10-06T10:25:58.7228909Z   errorType: ^[[32m'IDENTITY_VIOLATION'^[[39m,
deploy-test	Run pnpm verify	2026-10-06T10:25:58.7229652Z   errorPath: ^[[32m'iotDeviceId'^[[39m,
deploy-test	Run pnpm verify	2026-10-06T10:25:58.7230055Z   reason: ^[[32m'retired device business MQTT is disabled'^[[39m,
deploy-test	Run pnpm verify	2026-10-06T10:25:58.7230494Z   iotTopic: ^[[32m'bnx/device/dev-ing-14/report'^[[39m,
deploy-test	Run pnpm verify	2026-10-06T10:25:58.7231047Z   iotDeviceId: ^[[32m'dev-ing-14'^[[39m
deploy-test	Run pnpm verify	2026-10-06T10:25:58.7231283Z }
deploy-test	Run pnpm verify	2026-10-06T10:25:58.7239419Z 
deploy-test	Run pnpm verify	2026-10-06T10:25:58.7250872Z ^[[90mstderr^[[2m | apps/ingestion-worker/test/ingest-pipeline.test.ts^[[2m > ^[[22m^[[2mcreateIngestionHandler（BE-IOT-02 校验管线）^[[2m > ^[[22m^[[2mRetired 设备即使证书仍 ACTIVE，八类业务 MQTT 也全部失败关闭
deploy-test	Run pnpm verify	2026-10-06T10:25:58.7252273Z ^[[22m^[[39mingestion message quarantined {
deploy-test	Run pnpm verify	2026-10-06T10:25:58.7253040Z   event: ^[[32m'ingestion.quarantined'^[[39m,
deploy-test	Run pnpm verify	2026-10-06T10:25:58.7253729Z   messageId: ^[[32m'sqs-retired-alarm'^[[39m,
deploy-test	Run pnpm verify	2026-10-06T10:25:58.7254324Z   errorType: ^[[32m'IDENTITY_VIOLATION'^[[39m,
deploy-test	Run pnpm verify	2026-10-06T10:25:58.7254968Z   errorPath: ^[[32m'iotDeviceId'^[[39m,
deploy-test	Run pnpm verify	2026-10-06T10:25:58.7255932Z   reason: ^[[32m'retired device business MQTT is disabled'^[[39m,
deploy-test	Run pnpm verify	2026-10-06T10:25:58.7258810Z   iotTopic: ^[[32m'bnx/device/dev-ing-14/alarm'^[[39m,
deploy-test	Run pnpm verify	2026-10-06T10:25:58.7259598Z   iotDeviceId: ^[[32m'dev-ing-14'^[[39m
deploy-test	Run pnpm verify	2026-10-06T10:25:58.7260100Z }
deploy-test	Run pnpm verify	2026-10-06T10:25:58.7264946Z 
deploy-test	Run pnpm verify	2026-10-06T10:25:58.7266675Z ^[[90mstderr^[[2m | apps/ingestion-worker/test/ingest-pipeline.test.ts^[[2m > ^[[22m^[[2mcreateIngestionHandler（BE-IOT-02 校验管线）^[[2m > ^[[22m^[[2mRetired 设备即使证书仍 ACTIVE，八类业务 MQTT 也全部失败关闭
deploy-test	Run pnpm verify	2026-10-06T10:25:58.7267707Z ^[[22m^[[39mingestion message quarantined {
deploy-test	Run pnpm verify	2026-10-06T10:25:58.7268336Z   event: ^[[32m'ingestion.quarantined'^[[39m,
deploy-test	Run pnpm verify	2026-10-06T10:25:58.7268913Z   messageId: ^[[32m'sqs-retired-event'^[[39m,
deploy-test	Run pnpm verify	2026-10-06T10:25:58.7269587Z   errorType: ^[[32m'IDENTITY_VIOLATION'^[[39m,
deploy-test	Run pnpm verify	2026-10-06T10:25:58.7270149Z   errorPath: ^[[32m'iotDeviceId'^[[39m,
deploy-test	Run pnpm verify	2026-10-06T10:25:58.7270759Z   reason: ^[[32m'retired device business MQTT is disabled'^[[39m,
deploy-test	Run pnpm verify	2026-10-06T10:25:58.7271462Z   iotTopic: ^[[32m'bnx/device/dev-ing-14/event'^[[39m,
deploy-test	Run pnpm verify	2026-10-06T10:25:58.7272047Z   iotDeviceId: ^[[32m'dev-ing-14'^[[39m
deploy-test	Run pnpm verify	2026-10-06T10:25:58.7272479Z }
deploy-test	Run pnpm verify	2026-10-06T10:25:58.7272733Z 
deploy-test	Run pnpm verify	2026-10-06T10:25:58.7273753Z ^[[90mstderr^[[2m | apps/ingestion-worker/test/ingest-pipeline.test.ts^[[2m > ^[[22m^[[2mcreateIngestionHandler（BE-IOT-02 校验管线）^[[2m > ^[[22m^[[2mRetired 设备即使证书仍 ACTIVE，八类业务 MQTT 也全部失败关闭
deploy-test	Run pnpm verify	2026-10-06T10:25:58.7274779Z ^[[22m^[[39mingestion message quarantined {
deploy-test	Run pnpm verify	2026-10-06T10:25:58.7275455Z   event: ^[[32m'ingestion.quarantined'^[[39m,
deploy-test	Run pnpm verify	2026-10-06T10:25:58.7276074Z   messageId: ^[[32m'sqs-retired-ack'^[[39m,
deploy-test	Run pnpm verify	2026-10-06T10:25:58.7276626Z   errorType: ^[[32m'IDENTITY_VIOLATION'^[[39m,
deploy-test	Run pnpm verify	2026-10-06T10:25:58.7277206Z   errorPath: ^[[32m'iotDeviceId'^[[39m,
deploy-test	Run pnpm verify	2026-10-06T10:25:58.7277805Z   reason: ^[[32m'retired device business MQTT is disabled'^[[39m,
deploy-test	Run pnpm verify	2026-10-06T10:25:58.7278536Z   iotTopic: ^[[32m'bnx/device/dev-ing-14/ack'^[[39m,
deploy-test	Run pnpm verify	2026-10-06T10:25:58.7279093Z   iotDeviceId: ^[[32m'dev-ing-14'^[[39m
deploy-test	Run pnpm verify	2026-10-06T10:25:58.7279648Z }
deploy-test	Run pnpm verify	2026-10-06T10:25:58.7279920Z 
deploy-test	Run pnpm verify	2026-10-06T10:25:58.7281186Z ^[[90mstderr^[[2m | apps/ingestion-worker/test/ingest-pipeline.test.ts^[[2m > ^[[22m^[[2mcreateIngestionHandler（BE-IOT-02 校验管线）^[[2m > ^[[22m^[[2mRetired 设备即使证书仍 ACTIVE，八类业务 MQTT 也全部失败关闭
deploy-test	Run pnpm verify	2026-10-06T10:25:58.7282157Z ^[[22m^[[39mingestion message quarantined {
deploy-test	Run pnpm verify	2026-10-06T10:25:58.7323970Z   event: ^[[32m'ingestion.quarantined'^[[39m,
deploy-test	Run pnpm verify	2026-10-06T10:25:58.7352114Z   messageId: ^[[32m'sqs-retired-tamper'^[[39m,
deploy-test	Run pnpm verify	2026-10-06T10:25:58.7375793Z   errorType: ^[[32m'IDENTITY_VIOLATION'^[[39m,
deploy-test	Run pnpm verify	2026-10-06T10:25:58.7412975Z   errorPath: ^[[32m'iotDeviceId'^[[39m,
deploy-test	Run pnpm verify	2026-10-06T10:25:58.7413722Z   reason: ^[[32m'retired device business MQTT is disabled'^[[39m,
deploy-test	Run pnpm verify	2026-10-06T10:25:58.7439755Z   iotTopic: ^[[32m'bnx/device/dev-ing-14/tamper'^[[39m,
deploy-test	Run pnpm verify	2026-10-06T10:25:58.7469927Z   iotDeviceId: ^[[32m'dev-ing-14'^[[39m
deploy-test	Run pnpm verify	2026-10-06T10:25:58.7499543Z }
deploy-test	Run pnpm verify	2026-10-06T10:25:58.7499852Z 
deploy-test	Run pnpm verify	2026-10-06T10:25:58.7555670Z ^[[90mstderr^[[2m | apps/ingestion-worker/test/ingest-pipeline.test.ts^[[2m > ^[[22m^[[2mcreateIngestionHandler（BE-IOT-02 校验管线）^[[2m > ^[[22m^[[2mRetired 设备即使证书仍 ACTIVE，八类业务 MQTT 也全部失败关闭
deploy-test	Run pnpm verify	2026-10-06T10:25:58.7579827Z ^[[22m^[[39mingestion message quarantined {
deploy-test	Run pnpm verify	2026-10-06T10:25:58.7589500Z   event: ^[[32m'ingestion.quarantined'^[[39m,
deploy-test	Run pnpm verify	2026-10-06T10:25:58.7590136Z   messageId: ^[[32m'sqs-retired-media'^[[39m,
deploy-test	Run pnpm verify	2026-10-06T10:25:58.7590658Z   errorType: ^[[32m'IDENTITY_VIOLATION'^[[39m,
deploy-test	Run pnpm verify	2026-10-06T10:25:58.7591175Z   errorPath: ^[[32m'iotDeviceId'^[[39m,
deploy-test	Run pnpm verify	2026-10-06T10:25:58.7591743Z   reason: ^[[32m'retired device business MQTT is disabled'^[[39m,
deploy-test	Run pnpm verify	2026-10-06T10:25:58.7592834Z   iotTopic: ^[[32m'bnx/device/dev-ing-14/media'^[[39m,
deploy-test	Run pnpm verify	2026-10-06T10:25:58.7593345Z   iotDeviceId: ^[[32m'dev-ing-14'^[[39m
deploy-test	Run pnpm verify	2026-10-06T10:25:58.7593751Z }
deploy-test	Run pnpm verify	2026-10-06T10:25:58.7594013Z 
deploy-test	Run pnpm verify	2026-10-06T10:25:58.7595182Z ^[[90mstderr^[[2m | apps/ingestion-worker/test/ingest-pipeline.test.ts^[[2m > ^[[22m^[[2mcreateIngestionHandler（BE-IOT-02 校验管线）^[[2m > ^[[22m^[[2m时钟偏差超阈值进 Quarantine（CLOCK_SKEW，路径 meta.ts）
deploy-test	Run pnpm verify	2026-10-06T10:25:58.7596125Z ^[[22m^[[39mingestion message quarantined {
deploy-test	Run pnpm verify	2026-10-06T10:25:58.7596841Z   event: ^[[32m'ingestion.quarantined'^[[39m,
deploy-test	Run pnpm verify	2026-10-06T10:25:58.7597343Z   messageId: ^[[32m'sqs-1'^[[39m,
deploy-test	Run pnpm verify	2026-10-06T10:25:58.7597810Z   errorType: ^[[32m'CLOCK_SKEW'^[[39m,
deploy-test	Run pnpm verify	2026-10-06T10:25:58.7598278Z   errorPath: ^[[32m'meta.ts'^[[39m,
deploy-test	Run pnpm verify	2026-10-06T10:25:58.7599019Z   reason: ^[[32m'device timestamp outside allowed window: skew 3600s, past 300s, future 300s'^[[39m,
deploy-test	Run pnpm verify	2026-10-06T10:25:58.7599953Z   iotTopic: ^[[32m'bnx/device/dev-ing-15/heartbeat'^[[39m,
deploy-test	Run pnpm verify	2026-10-06T10:25:58.7600511Z   iotDeviceId: ^[[32m'dev-ing-15'^[[39m
deploy-test	Run pnpm verify	2026-10-06T10:25:58.7600929Z }
deploy-test	Run pnpm verify	2026-10-06T10:25:58.7601190Z 
deploy-test	Run pnpm verify	2026-10-06T10:25:58.7699582Z ^[[90mstderr^[[2m | apps/ingestion-worker/test/ingest-pipeline.test.ts^[[2m > ^[[22m^[[2mcreateIngestionHandler（BE-IOT-02 校验管线）^[[2m > ^[[22m^[[2mEnvelope 失败关闭：字段缺失、Topic 上下文不一致及额外 iot* 字段均隔离
deploy-test	Run pnpm verify	2026-10-06T10:25:58.7722142Z ^[[22m^[[39mingestion message quarantined {
deploy-test	Run pnpm verify	2026-10-06T10:25:58.7760267Z   event: ^[[32m'ingestion.quarantined'^[[39m,
deploy-test	Run pnpm verify	2026-10-06T10:25:58.7777689Z   messageId: ^[[32m'sqs-missing'^[[39m,
deploy-test	Run pnpm verify	2026-10-06T10:25:58.7789992Z   errorType: ^[[32m'INVALID_ENVELOPE'^[[39m,
deploy-test	Run pnpm verify	2026-10-06T10:25:58.7890258Z   errorPath: ^[[32m'iotPrincipal'^[[39m,
deploy-test	Run pnpm verify	2026-10-06T10:25:58.7949940Z   reason: ^[[32m'iotPrincipal missing'^[[39m
deploy-test	Run pnpm verify	2026-10-06T10:25:58.8080085Z }
deploy-test	Run pnpm verify	2026-10-06T10:25:58.8081200Z  ^[[32m✓^[[39m apps/ingestion-worker/test/ingest-pipeline.test.ts ^[[2m(^[[22m^[[2m15 tests^[[22m^[[2m)^[[22m^[[33m 2925^[[2mms^[[22m^[[39m
deploy-test	Run pnpm verify	2026-10-06T10:25:58.8170793Z      ^[[33m^[[2m✓^[[22m^[[39m 生产组合根闭环：SQS → 身份/Schema 校验 → Heartbeat → Onboarded ^[[33m 464^[[2mms^[[22m^[[39m
deploy-test	Run pnpm verify	2026-10-06T10:25:58.8210639Z 
deploy-test	Run pnpm verify	2026-10-06T10:25:58.8221916Z ^[[90mstderr^[[2m | apps/ingestion-worker/test/ingest-pipeline.test.ts^[[2m > ^[[22m^[[2mcreateIngestionHandler（BE-IOT-02 校验管线）^[[2m > ^[[22m^[[2mEnvelope 失败关闭：字段缺失、Topic 上下文不一致及额外 iot* 字段均隔离
deploy-test	Run pnpm verify	2026-10-06T10:25:58.8223097Z ^[[22m^[[39mingestion message quarantined {
deploy-test	Run pnpm verify	2026-10-06T10:25:58.8223646Z   event: ^[[32m'ingestion.quarantined'^[[39m,
deploy-test	Run pnpm verify	2026-10-06T10:25:58.8224152Z   messageId: ^[[32m'sqs-mismatch'^[[39m,
deploy-test	Run pnpm verify	2026-10-06T10:25:58.8224644Z   errorType: ^[[32m'INVALID_ENVELOPE'^[[39m,
deploy-test	Run pnpm verify	2026-10-06T10:25:58.8225191Z   errorPath: ^[[32m'iotType'^[[39m,
deploy-test	Run pnpm verify	2026-10-06T10:25:58.8225739Z   reason: ^[[32m'iotType missing or inconsistent with iotTopic'^[[39m
deploy-test	Run pnpm verify	2026-10-06T10:25:58.8226201Z }
deploy-test	Run pnpm verify	2026-10-06T10:25:58.8226442Z 
deploy-test	Run pnpm verify	2026-10-06T10:25:58.8227663Z ^[[90mstderr^[[2m | apps/ingestion-worker/test/ingest-pipeline.test.ts^[[2m > ^[[22m^[[2mcreateIngestionHandler（BE-IOT-02 校验管线）^[[2m > ^[[22m^[[2mEnvelope 失败关闭：字段缺失、Topic 上下文不一致及额外 iot* 字段均隔离
deploy-test	Run pnpm verify	2026-10-06T10:25:58.8228584Z ^[[22m^[[39mingestion message quarantined {
deploy-test	Run pnpm verify	2026-10-06T10:25:58.8229669Z   event: ^[[32m'ingestion.quarantined'^[[39m,
deploy-test	Run pnpm verify	2026-10-06T10:25:58.8231109Z   messageId: ^[[32m'sqs-device-mismatch'^[[39m,
deploy-test	Run pnpm verify	2026-10-06T10:25:58.8231576Z   errorType: ^[[32m'INVALID_ENVELOPE'^[[39m,
deploy-test	Run pnpm verify	2026-10-06T10:25:58.8232044Z   errorPath: ^[[32m'iotDeviceId'^[[39m,
deploy-test	Run pnpm verify	2026-10-06T10:25:58.8232606Z   reason: ^[[32m'iotDeviceId is inconsistent with iotTopic'^[[39m
deploy-test	Run pnpm verify	2026-10-06T10:25:58.8233052Z }
deploy-test	Run pnpm verify	2026-10-06T10:25:58.8233285Z 
deploy-test	Run pnpm verify	2026-10-06T10:25:58.8234223Z ^[[90mstderr^[[2m | apps/ingestion-worker/test/ingest-pipeline.test.ts^[[2m > ^[[22m^[[2mcreateIngestionHandler（BE-IOT-02 校验管线）^[[2m > ^[[22m^[[2mEnvelope 失败关闭：字段缺失、Topic 上下文不一致及额外 iot* 字段均隔离
deploy-test	Run pnpm verify	2026-10-06T10:25:58.8235125Z ^[[22m^[[39mingestion message quarantined {
deploy-test	Run pnpm verify	2026-10-06T10:25:58.8235602Z   event: ^[[32m'ingestion.quarantined'^[[39m,
deploy-test	Run pnpm verify	2026-10-06T10:25:58.8236073Z   messageId: ^[[32m'sqs-extra-iot'^[[39m,
deploy-test	Run pnpm verify	2026-10-06T10:25:58.8236535Z   errorType: ^[[32m'SCHEMA_VIOLATION'^[[39m,
deploy-test	Run pnpm verify	2026-10-06T10:25:58.8236994Z   errorPath: ^[[32m'(root)'^[[39m,
deploy-test	Run pnpm verify	2026-10-06T10:25:58.8237661Z   reason: ^[[32m'payload violates heartbeat.schema.json: 不允许的额外字段 iotSpoofedContext'^[[39m,
deploy-test	Run pnpm verify	2026-10-06T10:25:58.8238347Z   iotTopic: ^[[32m'bnx/device/dev-ing-17/heartbeat'^[[39m,
deploy-test	Run pnpm verify	2026-10-06T10:25:58.8238846Z   iotDeviceId: ^[[32m'dev-ing-17'^[[39m
deploy-test	Run pnpm verify	2026-10-06T10:25:58.8239340Z }
deploy-test	Run pnpm verify	2026-10-06T10:25:58.8239562Z 
deploy-test	Run pnpm verify	2026-10-06T10:25:59.0868277Z Bundling asset TestStack/DeviceApiFn/Code/Stage...
deploy-test	Run pnpm verify	2026-10-06T10:25:59.7753134Z Bundling asset TestStack/ApiFn/Code/Stage...
deploy-test	Run pnpm verify	2026-10-06T10:26:00.1616280Z  ^[[32m✓^[[39m apps/cloud-api/test/device-sync.test.ts ^[[2m(^[[22m^[[2m13 tests^[[22m^[[2m)^[[22m^[[33m 2833^[[2mms^[[22m^[[39m
deploy-test	Run pnpm verify	2026-10-06T10:26:01.8900507Z Bundling asset TestStack/IngestionFn/Code/Stage...
deploy-test	Run pnpm verify	2026-10-06T10:26:02.6773613Z Bundling asset TestStack/ArchiveFn/Code/Stage...
deploy-test	Run pnpm verify	2026-10-06T10:26:03.1240397Z Bundling asset TestStack/OutboxPublisherFn/Code/Stage...
deploy-test	Run pnpm verify	2026-10-06T10:26:03.2261016Z  ^[[32m✓^[[39m apps/cloud-api/test/admin-ota-package.test.ts ^[[2m(^[[22m^[[2m13 tests^[[22m^[[2m)^[[22m^[[33m 2395^[[2mms^[[22m^[[39m
deploy-test	Run pnpm verify	2026-10-06T10:26:03.7755098Z Bundling asset TestStack/NotificationPublisherFn/Code/Stage...
deploy-test	Run pnpm verify	2026-10-06T10:26:04.4105701Z Bundling asset TestStack/SummaryFn/Code/Stage...
deploy-test	Run pnpm verify	2026-10-06T10:26:05.2943034Z Bundling asset TestStack/ReplayTriggerPublisherFn/Code/Stage...
deploy-test	Run pnpm verify	2026-10-06T10:26:05.9165295Z Bundling asset TestStack/ReplayFn/Code/Stage...
deploy-test	Run pnpm verify	2026-10-06T10:26:06.4916170Z Bundling asset TestStack/CertPackageSweeperFn/Code/Stage...
deploy-test	Run pnpm verify	2026-10-06T10:26:07.0552866Z Bundling asset TestStack/OnboardingDeadlineFn/Code/Stage...
deploy-test	Run pnpm verify	2026-10-06T10:26:07.0637050Z  ^[[32m✓^[[39m apps/cloud-api/test/admin-device-user.test.ts ^[[2m(^[[22m^[[2m8 tests^[[22m^[[2m)^[[22m^[[33m 3125^[[2mms^[[22m^[[39m
deploy-test	Run pnpm verify	2026-10-06T10:26:07.0660546Z      ^[[33m^[[2m✓^[[22m^[[39m 仅匹配具有目标设备 ACTIVE 分配的设备操作员 ^[[33m 355^[[2mms^[[22m^[[39m
deploy-test	Run pnpm verify	2026-10-06T10:26:07.4089760Z  ^[[32m✓^[[39m apps/admin-web/test/contracts.test.tsx ^[[2m(^[[22m^[[2m11 tests^[[22m^[[2m)^[[22m^[[33m 6793^[[2mms^[[22m^[[39m
deploy-test	Run pnpm verify	2026-10-06T10:26:07.4090739Z    ^[[33m^[[2m✓^[[22m^[[39m 列表：客户名解析、设备计数、服务期限、派生状态标签、筛选回调 ^[[33m 1025^[[2mms^[[22m^[[39m
deploy-test	Run pnpm verify	2026-10-06T10:26:07.4120243Z    ^[[33m^[[2m✓^[[22m^[[39m 列表：新建按钮按 contract:write 门控（Operator 禁用） ^[[33m 461^[[2mms^[[22m^[[39m
deploy-test	Run pnpm verify	2026-10-06T10:26:07.4120794Z    ^[[33m^[[2m✓^[[22m^[[39m 新建：创建 DRAFT（不自动激活 License）→ eligible 设备两步关联 ^[[33m 818^[[2mms^[[22m^[[39m
deploy-test	Run pnpm verify	2026-10-06T10:26:07.4121390Z    ^[[33m^[[2m✓^[[22m^[[39m 新建：编号重复 409 → 明确错误呈现 ^[[33m 423^[[2mms^[[22m^[[39m
deploy-test	Run pnpm verify	2026-10-06T10:26:07.4122071Z    ^[[33m^[[2m✓^[[22m^[[39m 详情：编辑携带 version（If-Match）+ 强制原因；EFFECTIVE 不可改有效期 ^[[33m 659^[[2mms^[[22m^[[39m
deploy-test	Run pnpm verify	2026-10-06T10:26:07.4122678Z    ^[[33m^[[2m✓^[[22m^[[39m 详情：续约校验（newEndAt 须晚于当前）+ 提交；激活/终止强制原因确认 ^[[33m 1715^[[2mms^[[22m^[[39m
deploy-test	Run pnpm verify	2026-10-06T10:26:07.4123341Z    ^[[33m^[[2m✓^[[22m^[[39m 详情：绑定 eligible 设备（重叠租期 409 呈现）；解绑不撤销 License（License 展示不变） ^[[33m 1437^[[2mms^[[22m^[[39m
deploy-test	Run pnpm verify	2026-10-06T10:26:07.6363182Z Bundling asset TestStack/RetirementTimeoutFn/Code/Stage...
deploy-test	Run pnpm verify	2026-10-06T10:26:08.2647765Z Bundling asset TestStack/ActivityExportFn/Code/Stage...
deploy-test	Run pnpm verify	2026-10-06T10:26:09.1715181Z Bundling asset TestStack/EsgExportFn/Code/Stage...
deploy-test	Run pnpm verify	2026-10-06T10:26:10.1180370Z Bundling asset TestStack/CommandPublisherFn/Code/Stage...
deploy-test	Run pnpm verify	2026-10-06T10:26:10.7362198Z  ^[[32m✓^[[39m apps/cloud-api/test/admin-dashboard.test.ts ^[[2m(^[[22m^[[2m8 tests^[[22m^[[2m)^[[22m^[[33m 2989^[[2mms^[[22m^[[39m
deploy-test	Run pnpm verify	2026-10-06T10:26:10.8662171Z Bundling asset TestStack/CommandTimeoutFn/Code/Stage...
deploy-test	Run pnpm verify	2026-10-06T10:26:11.3084559Z  ^[[32m✓^[[39m apps/cloud-api/test/admin-configuration.test.ts ^[[2m(^[[22m^[[2m9 tests^[[22m^[[2m)^[[22m^[[33m 2969^[[2mms^[[22m^[[39m
deploy-test	Run pnpm verify	2026-10-06T10:26:11.5460560Z Bundling asset TestStack/OtaDispatcherFn/Code/Stage...
deploy-test	Run pnpm verify	2026-10-06T10:26:12.3440561Z Bundling asset TestStack/OnboardingApiFn/Code/Stage...
deploy-test	Run pnpm verify	2026-10-06T10:26:13.3331092Z Bundling asset TestStack/OnboardingProvisioningFn/Code/Stage...
deploy-test	Run pnpm verify	2026-10-06T10:26:14.0208637Z Bundling asset TestStack/DeviceApiFn/Code/Stage...
deploy-test	Run pnpm verify	2026-10-06T10:26:14.2944288Z  ^[[32m✓^[[39m apps/cloud-api/test/admin-site.test.ts ^[[2m(^[[22m^[[2m13 tests^[[22m^[[2m)^[[22m^[[33m 2740^[[2mms^[[22m^[[39m
deploy-test	Run pnpm verify	2026-10-06T10:26:14.7924075Z Bundling asset TestStack/ApiFn/Code/Stage...
deploy-test	Run pnpm verify	2026-10-06T10:26:15.4616684Z  ^[[32m✓^[[39m apps/cloud-api/test/admin-command.test.ts ^[[2m(^[[22m^[[2m15 tests^[[22m^[[2m)^[[22m^[[33m 3377^[[2mms^[[22m^[[39m
deploy-test	Run pnpm verify	2026-10-06T10:26:15.4617833Z      ^[[33m^[[2m✓^[[22m^[[39m ACTIVE 设备：22 个命令全部创建成功并进入 AUTHORIZED ^[[33m 413^[[2mms^[[22m^[[39m
deploy-test	Run pnpm verify	2026-10-06T10:26:16.9517283Z Bundling asset TestStack/IngestionFn/Code/Stage...
deploy-test	Run pnpm verify	2026-10-06T10:26:17.8880675Z Bundling asset TestStack/ArchiveFn/Code/Stage...
deploy-test	Run pnpm verify	2026-10-06T10:26:18.2580980Z  ^[[32m✓^[[39m apps/cloud-api/test/admin-device.test.ts ^[[2m(^[[22m^[[2m10 tests^[[22m^[[2m)^[[22m^[[33m 3104^[[2mms^[[22m^[[39m
deploy-test	Run pnpm verify	2026-10-06T10:26:18.2622566Z      ^[[33m^[[2m✓^[[22m^[[39m 原型设备群表格字段均有来源；证书仅摘要（不泄露 PEM/私钥/证书包） ^[[33m 471^[[2mms^[[22m^[[39m
deploy-test	Run pnpm verify	2026-10-06T10:26:18.3734114Z Bundling asset TestStack/OutboxPublisherFn/Code/Stage...
deploy-test	Run pnpm verify	2026-10-06T10:26:18.9871113Z Bundling asset TestStack/NotificationPublisherFn/Code/Stage...
deploy-test	Run pnpm verify	2026-10-06T10:26:19.2160761Z  ^[[32m✓^[[39m apps/cloud-api/test/admin-alarm.test.ts ^[[2m(^[[22m^[[2m10 tests^[[22m^[[2m)^[[22m^[[33m 2663^[[2mms^[[22m^[[39m
deploy-test	Run pnpm verify	2026-10-06T10:26:19.5604201Z Bundling asset TestStack/SummaryFn/Code/Stage...
deploy-test	Run pnpm verify	2026-10-06T10:26:20.0134203Z  ^[[32m✓^[[39m apps/cloud-api/test/admin-lambda-composition.test.ts ^[[2m(^[[22m^[[2m12 tests^[[22m^[[2m)^[[22m^[[33m 478^[[2mms^[[22m^[[39m
deploy-test	Run pnpm verify	2026-10-06T10:26:20.1222070Z Bundling asset TestStack/ReplayTriggerPublisherFn/Code/Stage...
deploy-test	Run pnpm verify	2026-10-06T10:26:20.7453977Z Bundling asset TestStack/ReplayFn/Code/Stage...
deploy-test	Run pnpm verify	2026-10-06T10:26:21.3752833Z Bundling asset TestStack/CertPackageSweeperFn/Code/Stage...
deploy-test	Run pnpm verify	2026-10-06T10:26:22.1448325Z Bundling asset TestStack/OnboardingDeadlineFn/Code/Stage...
deploy-test	Run pnpm verify	2026-10-06T10:26:22.7940690Z Bundling asset TestStack/RetirementTimeoutFn/Code/Stage...
deploy-test	Run pnpm verify	2026-10-06T10:26:23.2969584Z  ^[[32m✓^[[39m apps/cloud-api/test/admin-esg.test.ts ^[[2m(^[[22m^[[2m10 tests^[[22m^[[2m)^[[22m^[[33m 2467^[[2mms^[[22m^[[39m
deploy-test	Run pnpm verify	2026-10-06T10:26:23.4470472Z Bundling asset TestStack/ActivityExportFn/Code/Stage...
deploy-test	Run pnpm verify	2026-10-06T10:26:24.0334798Z Bundling asset TestStack/EsgExportFn/Code/Stage...
deploy-test	Run pnpm verify	2026-10-06T10:26:24.6338056Z Bundling asset TestStack/CommandPublisherFn/Code/Stage...
deploy-test	Run pnpm verify	2026-10-06T10:26:25.4078872Z Bundling asset TestStack/CommandTimeoutFn/Code/Stage...
deploy-test	Run pnpm verify	2026-10-06T10:26:26.0130478Z Bundling asset TestStack/OtaDispatcherFn/Code/Stage...
deploy-test	Run pnpm verify	2026-10-06T10:26:26.3620997Z  ^[[32m✓^[[39m apps/cloud-api/test/admin-contract.test.ts ^[[2m(^[[22m^[[2m9 tests^[[22m^[[2m)^[[22m^[[33m 2374^[[2mms^[[22m^[[39m
deploy-test	Run pnpm verify	2026-10-06T10:26:26.6089078Z Bundling asset TestStack/OnboardingApiFn/Code/Stage...
deploy-test	Run pnpm verify	2026-10-06T10:26:26.8341656Z  ^[[32m✓^[[39m apps/admin-web/test/device-operate.test.tsx ^[[2m(^[[22m^[[2m13 tests^[[22m^[[2m)^[[22m^[[33m 6977^[[2mms^[[22m^[[39m
deploy-test	Run pnpm verify	2026-10-06T10:26:26.8350795Z    ^[[33m^[[2m✓^[[22m^[[39m PUBLISH_FAILED 可筛选展示；温度命令仅保留协议 parity、不可由后台提交 ^[[33m 533^[[2mms^[[22m^[[39m
deploy-test	Run pnpm verify	2026-10-06T10:26:26.8356304Z    ^[[33m^[[2m✓^[[22m^[[39m 无协议 command code 禁止提交：未知 code 抛错；模式切换表单只能选组内真实命令 ^[[33m 393^[[2mms^[[22m^[[39m
deploy-test	Run pnpm verify	2026-10-06T10:26:26.8357116Z    ^[[33m^[[2m✓^[[22m^[[39m 高风险命令：confirmText 必须与命令名完全一致；客户端不提交确认时间 ^[[33m 1701^[[2mms^[[22m^[[39m
deploy-test	Run pnpm verify	2026-10-06T10:26:26.8357713Z    ^[[33m^[[2m✓^[[22m^[[39m 低风险命令无需确认凭证；timeoutSec 越界禁止提交 ^[[33m 1148^[[2mms^[[22m^[[39m
deploy-test	Run pnpm verify	2026-10-06T10:26:26.8358877Z    ^[[33m^[[2m✓^[[22m^[[39m 门控：Suspended/Retired/离线/无 Entitlement/无 command:send 均禁用且原因展示 ^[[33m 1134^[[2mms^[[22m^[[39m
deploy-test	Run pnpm verify	2026-10-06T10:26:26.8359882Z    ^[[33m^[[2m✓^[[22m^[[39m 状态 E2E：提交受理（AUTHORIZED，requestedBy 身份上下文）→ 下发 → ACK → 成功；表单无 requestedBy 输入 ^[[33m 531^[[2mms^[[22m^[[39m
deploy-test	Run pnpm verify	2026-10-06T10:26:26.8360531Z    ^[[33m^[[2m✓^[[22m^[[39m 活动日志：级别/类型筛选应用；导出快照与当前筛选一致；表格渲染 ^[[33m 587^[[2mms^[[22m^[[39m
deploy-test	Run pnpm verify	2026-10-06T10:26:27.1913230Z Bundling asset TestStack/OnboardingProvisioningFn/Code/Stage...
deploy-test	Run pnpm verify	2026-10-06T10:26:27.8520858Z Bundling asset TestStack/DeviceApiFn/Code/Stage...
deploy-test	Run pnpm verify	2026-10-06T10:26:28.8534530Z Bundling asset TestStack/ApiFn/Code/Stage...
deploy-test	Run pnpm verify	2026-10-06T10:26:30.3267132Z  ^[[32m✓^[[39m apps/cloud-api/test/provisioning.test.ts ^[[2m(^[[22m^[[2m8 tests^[[22m^[[2m)^[[22m^[[33m 3196^[[2mms^[[22m^[[39m
deploy-test	Run pnpm verify	2026-10-06T10:26:30.3734095Z  ^[[32m✓^[[39m apps/cloud-api/test/admin-consumable.test.ts ^[[2m(^[[22m^[[2m9 tests^[[22m^[[2m)^[[22m^[[33m 2854^[[2mms^[[22m^[[39m
deploy-test	Run pnpm verify	2026-10-06T10:26:30.8039498Z Bundling asset TestStack/IngestionFn/Code/Stage...
deploy-test	Run pnpm verify	2026-10-06T10:26:31.5545284Z Bundling asset TestStack/ArchiveFn/Code/Stage...
deploy-test	Run pnpm verify	2026-10-06T10:26:32.1780292Z Bundling asset TestStack/OutboxPublisherFn/Code/Stage...
deploy-test	Run pnpm verify	2026-10-06T10:26:33.0430190Z Bundling asset TestStack/NotificationPublisherFn/Code/Stage...
deploy-test	Run pnpm verify	2026-10-06T10:26:33.7807874Z Bundling asset TestStack/SummaryFn/Code/Stage...
deploy-test	Run pnpm verify	2026-10-06T10:26:34.2620970Z  ^[[32m✓^[[39m apps/cloud-api/test/admin-contract-device.test.ts ^[[2m(^[[22m^[[2m8 tests^[[22m^[[2m)^[[22m^[[33m 3072^[[2mms^[[22m^[[39m
deploy-test	Run pnpm verify	2026-10-06T10:26:34.2753681Z  ^[[32m✓^[[39m apps/cloud-api/test/command-publisher.test.ts ^[[2m(^[[22m^[[2m15 tests^[[22m^[[2m)^[[22m^[[33m 3286^[[2mms^[[22m^[[39m
deploy-test	Run pnpm verify	2026-10-06T10:26:34.4954263Z Bundling asset TestStack/ReplayTriggerPublisherFn/Code/Stage...
deploy-test	Run pnpm verify	2026-10-06T10:26:35.0677483Z Bundling asset TestStack/ReplayFn/Code/Stage...
deploy-test	Run pnpm verify	2026-10-06T10:26:35.8190366Z Bundling asset TestStack/CertPackageSweeperFn/Code/Stage...
deploy-test	Run pnpm verify	2026-10-06T10:26:36.8926325Z Bundling asset TestStack/OnboardingDeadlineFn/Code/Stage...
deploy-test	Run pnpm verify	2026-10-06T10:26:37.6871987Z Bundling asset TestStack/RetirementTimeoutFn/Code/Stage...
deploy-test	Run pnpm verify	2026-10-06T10:26:37.8699478Z ^[[90mstderr^[[2m | apps/cloud-api/test/admin-customer.test.ts^[[2m > ^[[22m^[[2mPATCH /admin/customers/{customerId}（更新：If-Match 乐观锁）^[[2m > ^[[22m^[[2m更新成功 version 自增 + 审计；If-Match 缺失 400；版本不符 409
deploy-test	Run pnpm verify	2026-10-06T10:26:37.8733685Z ^[[22m^[[39maudit FAILURE 记录写入失败 Error [PrismaClientKnownRequestError]: 
deploy-test	Run pnpm verify	2026-10-06T10:26:37.8769885Z Invalid `client.auditLog.create()` invocation in
deploy-test	Run pnpm verify	2026-10-06T10:26:37.8780115Z /home/runner/work/food-digester-platform/food-digester-platform/packages/database/src/audit.ts:72:25
deploy-test	Run pnpm verify	2026-10-06T10:26:37.8809414Z 
deploy-test	Run pnpm verify	2026-10-06T10:26:37.8822378Z   69 /** 写一条审计记录。可在事务内（tx）或根 client 上调用。 */
deploy-test	Run pnpm verify	2026-10-06T10:26:37.8877800Z   70 export async function recordAudit(client: DbClient, entry: AuditEntry): Promise<void> {
deploy-test	Run pnpm verify	2026-10-06T10:26:37.8899471Z   71   const ctx = getRequestContext();
deploy-test	Run pnpm verify	2026-10-06T10:26:37.8910078Z → 72   await client.auditLog.create(
deploy-test	Run pnpm verify	2026-10-06T10:26:37.8939514Z Foreign key constraint violated on the constraint: `audit_logs_customer_id_fkey`
deploy-test	Run pnpm verify	2026-10-06T10:26:37.8941356Z     at redactSensitive ^[[90m(/home/runner/work/food-digester-platform/food-digester-platform/^[[39mpackages/observability/src/redaction.ts:43:19^[[90m)^[[39m
deploy-test	Run pnpm verify	2026-10-06T10:26:37.8969751Z     at Array.map (<anonymous>)
deploy-test	Run pnpm verify	2026-10-06T10:26:37.9000386Z     at Object.error ^[[90m(/home/runner/work/food-digester-platform/food-digester-platform/^[[39mpackages/observability/src/redaction.ts:70:18^[[90m)^[[39m
deploy-test	Run pnpm verify	2026-10-06T10:26:37.9020465Z     at audited ^[[90m(/home/runner/work/food-digester-platform/food-digester-platform/^[[39mpackages/database/src/audit.ts:144:14^[[90m)^[[39m
deploy-test	Run pnpm verify	2026-10-06T10:26:37.9040142Z ^[[90m    at processTicksAndRejections (node:internal/process/task_queues:103:5)^[[39m
deploy-test	Run pnpm verify	2026-10-06T10:26:37.9070211Z     at ^[[90m/home/runner/work/food-digester-platform/food-digester-platform/^[[39mapps/cloud-api/src/admin/customer/handler.ts:127:23
deploy-test	Run pnpm verify	2026-10-06T10:26:37.9083393Z     at Object.update ^[[90m(/home/runner/work/food-digester-platform/food-digester-platform/^[[39mapps/cloud-api/src/admin/customer/handler.ts:165:16^[[90m)^[[39m
deploy-test	Run pnpm verify	2026-10-06T10:26:37.9090457Z     at ^[[90m/home/runner/work/food-digester-platform/food-digester-platform/^[[39mapps/cloud-api/test/admin-customer.test.ts:247:21
deploy-test	Run pnpm verify	2026-10-06T10:26:37.9091710Z     at ^[[90mfile:///home/runner/work/food-digester-platform/food-digester-platform/^[[39mnode_modules/^[[4m@vitest/runner^[[24m/dist/chunk-artifact.js:1903:20
deploy-test	Run pnpm verify	2026-10-06T10:26:37.9092525Z 
deploy-test	Run pnpm verify	2026-10-06T10:26:37.9950752Z  ^[[32m✓^[[39m apps/cloud-api/test/admin-customer.test.ts ^[[2m(^[[22m^[[2m14 tests^[[22m^[[2m)^[[22m^[[33m 2884^[[2mms^[[22m^[[39m
deploy-test	Run pnpm verify	2026-10-06T10:26:38.3767402Z Bundling asset TestStack/ActivityExportFn/Code/Stage...
deploy-test	Run pnpm verify	2026-10-06T10:26:38.8420568Z Bundling asset TestStack/EsgExportFn/Code/Stage...
deploy-test	Run pnpm verify	2026-10-06T10:26:39.4129730Z Bundling asset TestStack/CommandPublisherFn/Code/Stage...
deploy-test	Run pnpm verify	2026-10-06T10:26:40.0421588Z Bundling asset TestStack/CommandTimeoutFn/Code/Stage...
deploy-test	Run pnpm verify	2026-10-06T10:26:40.5392419Z Bundling asset TestStack/OtaDispatcherFn/Code/Stage...
deploy-test	Run pnpm verify	2026-10-06T10:26:41.0938378Z  ^[[32m✓^[[39m apps/cloud-api/test/admin-device-retirement.test.ts ^[[2m(^[[22m^[[2m7 tests^[[22m^[[2m)^[[22m^[[33m 2328^[[2mms^[[22m^[[39m
deploy-test	Run pnpm verify	2026-10-06T10:26:41.1140777Z Bundling asset TestStack/OnboardingApiFn/Code/Stage...
deploy-test	Run pnpm verify	2026-10-06T10:26:41.6130445Z Bundling asset TestStack/OnboardingProvisioningFn/Code/Stage...
deploy-test	Run pnpm verify	2026-10-06T10:26:42.0555666Z Bundling asset TestStack/DeviceApiFn/Code/Stage...
deploy-test	Run pnpm verify	2026-10-06T10:26:42.5782123Z Bundling asset TestStack/ApiFn/Code/Stage...
deploy-test	Run pnpm verify	2026-10-06T10:26:44.1306040Z Bundling asset TestStack/IngestionFn/Code/Stage...
deploy-test	Run pnpm verify	2026-10-06T10:26:44.6112759Z Bundling asset TestStack/ArchiveFn/Code/Stage...
deploy-test	Run pnpm verify	2026-10-06T10:26:44.9828050Z Bundling asset TestStack/OutboxPublisherFn/Code/Stage...
deploy-test	Run pnpm verify	2026-10-06T10:26:45.4404954Z Bundling asset TestStack/NotificationPublisherFn/Code/Stage...
deploy-test	Run pnpm verify	2026-10-06T10:26:45.8735635Z Bundling asset TestStack/SummaryFn/Code/Stage...
deploy-test	Run pnpm verify	2026-10-06T10:26:46.4062154Z Bundling asset TestStack/ReplayTriggerPublisherFn/Code/Stage...
deploy-test	Run pnpm verify	2026-10-06T10:26:46.8768452Z Bundling asset TestStack/ReplayFn/Code/Stage...
deploy-test	Run pnpm verify	2026-10-06T10:26:47.3315938Z Bundling asset TestStack/CertPackageSweeperFn/Code/Stage...
deploy-test	Run pnpm verify	2026-10-06T10:26:47.7786724Z Bundling asset TestStack/OnboardingDeadlineFn/Code/Stage...
deploy-test	Run pnpm verify	2026-10-06T10:26:48.2374409Z Bundling asset TestStack/RetirementTimeoutFn/Code/Stage...
deploy-test	Run pnpm verify	2026-10-06T10:26:48.7230455Z Bundling asset TestStack/ActivityExportFn/Code/Stage...
deploy-test	Run pnpm verify	2026-10-06T10:26:49.1867405Z Bundling asset TestStack/EsgExportFn/Code/Stage...
deploy-test	Run pnpm verify	2026-10-06T10:26:49.5221987Z  ^[[32m✓^[[39m apps/admin-web/test/settings.test.tsx ^[[2m(^[[22m^[[2m14 tests^[[22m^[[2m)^[[22m^[[33m 7045^[[2mms^[[22m^[[39m
deploy-test	Run pnpm verify	2026-10-06T10:26:49.5222954Z    ^[[33m^[[2m✓^[[22m^[[39m 标签页按权限可见：SuperAdmin 三个；CustomerAdmin 仅设备用户 ^[[33m 608^[[2mms^[[22m^[[39m
deploy-test	Run pnpm verify	2026-10-06T10:26:49.5223618Z    ^[[33m^[[2m✓^[[22m^[[39m 邀请：表单无永久密码字段；提交体不含 password；提示 Cognito 临时凭证 ^[[33m 1093^[[2mms^[[22m^[[39m
deploy-test	Run pnpm verify	2026-10-06T10:26:49.5224260Z    ^[[33m^[[2m✓^[[22m^[[39m 邀请校验：平台/Customer 混绑拒绝；Customer 角色缺 customerId 拒绝 ^[[33m 952^[[2mms^[[22m^[[39m
deploy-test	Run pnpm verify	2026-10-06T10:26:49.5224975Z    ^[[33m^[[2m✓^[[22m^[[39m 角色变更：高风险明确确认后整体替换；混绑禁用提交 ^[[33m 1016^[[2mms^[[22m^[[39m
deploy-test	Run pnpm verify	2026-10-06T10:26:49.5239611Z    ^[[33m^[[2m✓^[[22m^[[39m 停用与重置：明确确认；重置提示不接触密码 ^[[33m 650^[[2mms^[[22m^[[39m
deploy-test	Run pnpm verify	2026-10-06T10:26:49.5240564Z    ^[[33m^[[2m✓^[[22m^[[39m 自我提权/越权：403 经 ErrorNotice 正确呈现 ^[[33m 625^[[2mms^[[22m^[[39m
deploy-test	Run pnpm verify	2026-10-06T10:26:49.5241284Z    ^[[33m^[[2m✓^[[22m^[[39m 用户列表筛选回调（roleType/status/customerId/q） ^[[33m 616^[[2mms^[[22m^[[39m
deploy-test	Run pnpm verify	2026-10-06T10:26:49.5242005Z    ^[[33m^[[2m✓^[[22m^[[39m 设置编辑：非法 JSON 禁用提交；合法提交携 version 乐观锁 ^[[33m 611^[[2mms^[[22m^[[39m
deploy-test	Run pnpm verify	2026-10-06T10:26:49.5242804Z    ^[[33m^[[2m✓^[[22m^[[39m 并发冲突可恢复：409 VERSION_CONFLICT → 提示刷新并回调 onRefresh ^[[33m 417^[[2mms^[[22m^[[39m
deploy-test	Run pnpm verify	2026-10-06T10:26:49.6508595Z Bundling asset TestStack/CommandPublisherFn/Code/Stage...
deploy-test	Run pnpm verify	2026-10-06T10:26:50.2210365Z Bundling asset TestStack/CommandTimeoutFn/Code/Stage...
deploy-test	Run pnpm verify	2026-10-06T10:26:51.0060602Z Bundling asset TestStack/OtaDispatcherFn/Code/Stage...
deploy-test	Run pnpm verify	2026-10-06T10:26:51.5386727Z Bundling asset TestStack/OnboardingApiFn/Code/Stage...
deploy-test	Run pnpm verify	2026-10-06T10:26:51.7569863Z ^[[90mstderr^[[2m | apps/ingestion-worker/test/ack-dispatch.test.ts^[[2m > ^[[22m^[[2mBE-IOT-08 端到端分发：SQS → 管线 → 分发器 → ACK Handler^[[2m > ^[[22m^[[2mMedia 生产链路：SQS → 校验 → receipt → BE-MED-01 核心 → MediaObject；过期会话稳定隔离
deploy-test	Run pnpm verify	2026-10-06T10:26:51.7573545Z ^[[22m^[[39mingestion message quarantined {
deploy-test	Run pnpm verify	2026-10-06T10:26:51.7574212Z   event: ^[[32m'ingestion.quarantined'^[[39m,
deploy-test	Run pnpm verify	2026-10-06T10:26:51.7574729Z   messageId: ^[[32m'sqs-media-expired'^[[39m,
deploy-test	Run pnpm verify	2026-10-06T10:26:51.7575273Z   errorType: ^[[32m'MEDIA_SESSION_EXPIRED'^[[39m,
deploy-test	Run pnpm verify	2026-10-06T10:26:51.7576399Z   errorPath: ^[[32m'data.objectPath'^[[39m,
deploy-test	Run pnpm verify	2026-10-06T10:26:51.7576954Z   reason: ^[[32m'media metadata rejected: SESSION_EXPIRED'^[[39m,
deploy-test	Run pnpm verify	2026-10-06T10:26:51.7577519Z   iotTopic: ^[[32m'bnx/device/dev-ackd-2/media'^[[39m,
deploy-test	Run pnpm verify	2026-10-06T10:26:51.7578025Z   iotDeviceId: ^[[32m'dev-ackd-2'^[[39m
deploy-test	Run pnpm verify	2026-10-06T10:26:51.7578412Z }
deploy-test	Run pnpm verify	2026-10-06T10:26:51.7578657Z 
deploy-test	Run pnpm verify	2026-10-06T10:26:51.8291908Z ^[[90mstderr^[[2m | apps/ingestion-worker/test/ack-dispatch.test.ts^[[2m > ^[[22m^[[2mBE-IOT-08 端到端分发：SQS → 管线 → 分发器 → ACK Handler^[[2m > ^[[22m^[[2m未知/冲突 ACK → 确定异常路径（Quarantine），不误更新其他命令
deploy-test	Run pnpm verify	2026-10-06T10:26:51.8293087Z ^[[22m^[[39mingestion message quarantined {
deploy-test	Run pnpm verify	2026-10-06T10:26:51.8293667Z   event: ^[[32m'ingestion.quarantined'^[[39m,
deploy-test	Run pnpm verify	2026-10-06T10:26:51.8294235Z   messageId: ^[[32m'sqs-unk'^[[39m,
deploy-test	Run pnpm verify	2026-10-06T10:26:51.8294702Z   errorType: ^[[32m'UNKNOWN_COMMAND'^[[39m,
deploy-test	Run pnpm verify	2026-10-06T10:26:51.8297136Z   errorPath: ^[[32m'data.commandId'^[[39m,
deploy-test	Run pnpm verify	2026-10-06T10:26:51.8297736Z   reason: ^[[32m'ack references unknown command CMD-GHOST'^[[39m,
deploy-test	Run pnpm verify	2026-10-06T10:26:51.8298783Z   iotTopic: ^[[32m'bnx/device/dev-ackd-4/ack'^[[39m,
deploy-test	Run pnpm verify	2026-10-06T10:26:51.8299762Z   iotDeviceId: ^[[32m'dev-ackd-4'^[[39m
deploy-test	Run pnpm verify	2026-10-06T10:26:51.8300379Z }
deploy-test	Run pnpm verify	2026-10-06T10:26:51.8300713Z 
deploy-test	Run pnpm verify	2026-10-06T10:26:51.8365391Z ^[[90mstderr^[[2m | apps/ingestion-worker/test/ack-dispatch.test.ts^[[2m > ^[[22m^[[2mBE-IOT-08 端到端分发：SQS → 管线 → 分发器 → ACK Handler^[[2m > ^[[22m^[[2m未知/冲突 ACK → 确定异常路径（Quarantine），不误更新其他命令
deploy-test	Run pnpm verify	2026-10-06T10:26:51.8366744Z ^[[22m^[[39mingestion message quarantined {
deploy-test	Run pnpm verify	2026-10-06T10:26:51.8378071Z   event: ^[[32m'ingestion.quarantined'^[[39m,
deploy-test	Run pnpm verify	2026-10-06T10:26:51.8378552Z   messageId: ^[[32m'sqs-mis'^[[39m,
deploy-test	Run pnpm verify	2026-10-06T10:26:51.8378993Z   errorType: ^[[32m'COMMAND_MISMATCH'^[[39m,
deploy-test	Run pnpm verify	2026-10-06T10:26:51.8379826Z   errorPath: ^[[32m'data.command'^[[39m,
deploy-test	Run pnpm verify	2026-10-06T10:26:51.8380238Z   reason: ^[[32m'ack command START does not match original STOP'^[[39m,
deploy-test	Run pnpm verify	2026-10-06T10:26:51.8380636Z   iotTopic: ^[[32m'bnx/device/dev-ackd-4/ack'^[[39m,
deploy-test	Run pnpm verify	2026-10-06T10:26:51.8380858Z   iotDeviceId: ^[[32m'dev-ackd-4'^[[39m
deploy-test	Run pnpm verify	2026-10-06T10:26:51.8381034Z }
deploy-test	Run pnpm verify	2026-10-06T10:26:51.8381100Z 
deploy-test	Run pnpm verify	2026-10-06T10:26:51.8721294Z ^[[90mstderr^[[2m | apps/ingestion-worker/test/ack-dispatch.test.ts^[[2m > ^[[22m^[[2mBE-IOT-08 端到端分发：SQS → 管线 → 分发器 → ACK Handler^[[2m > ^[[22m^[[2mDEC-015 隔离：OTA_TARGET ACK 只更新 OTA 状态与历史，不回改 Command；COMMAND 混入 OTA 字段 → 隔离
deploy-test	Run pnpm verify	2026-10-06T10:26:51.8721952Z ^[[22m^[[39mingestion message quarantined {
deploy-test	Run pnpm verify	2026-10-06T10:26:51.8722187Z   event: ^[[32m'ingestion.quarantined'^[[39m,
deploy-test	Run pnpm verify	2026-10-06T10:26:51.8722411Z   messageId: ^[[32m'sqs-mixed'^[[39m,
deploy-test	Run pnpm verify	2026-10-06T10:26:51.8722626Z   errorType: ^[[32m'INVALID_ENVELOPE'^[[39m,
deploy-test	Run pnpm verify	2026-10-06T10:26:51.8723258Z   errorPath: ^[[32m'data.objectType'^[[39m,
deploy-test	Run pnpm verify	2026-10-06T10:26:51.8723572Z   reason: ^[[32m'COMMAND ack cannot contain OTA target fields'^[[39m,
deploy-test	Run pnpm verify	2026-10-06T10:26:51.8723877Z   iotTopic: ^[[32m'bnx/device/dev-ackd-6/ack'^[[39m,
deploy-test	Run pnpm verify	2026-10-06T10:26:51.8724099Z   iotDeviceId: ^[[32m'dev-ackd-6'^[[39m
deploy-test	Run pnpm verify	2026-10-06T10:26:51.8724258Z }
deploy-test	Run pnpm verify	2026-10-06T10:26:51.8724324Z 
deploy-test	Run pnpm verify	2026-10-06T10:26:51.9161819Z  ^[[32m✓^[[39m apps/ingestion-worker/test/ack-dispatch.test.ts ^[[2m(^[[22m^[[2m6 tests^[[22m^[[2m)^[[22m^[[33m 2099^[[2mms^[[22m^[[39m
deploy-test	Run pnpm verify	2026-10-06T10:26:52.1495360Z Bundling asset TestStack/OnboardingProvisioningFn/Code/Stage...
deploy-test	Run pnpm verify	2026-10-06T10:26:52.6250589Z Bundling asset TestStack/DeviceApiFn/Code/Stage...
deploy-test	Run pnpm verify	2026-10-06T10:26:53.0858262Z Bundling asset TestStack/ApiFn/Code/Stage...
deploy-test	Run pnpm verify	2026-10-06T10:26:54.5493560Z Bundling asset TestStack/IngestionFn/Code/Stage...
deploy-test	Run pnpm verify	2026-10-06T10:26:55.0325072Z Bundling asset TestStack/ArchiveFn/Code/Stage...
deploy-test	Run pnpm verify	2026-10-06T10:26:55.3427927Z Bundling asset TestStack/OutboxPublisherFn/Code/Stage...
deploy-test	Run pnpm verify	2026-10-06T10:26:55.7823626Z Bundling asset TestStack/NotificationPublisherFn/Code/Stage...
deploy-test	Run pnpm verify	2026-10-06T10:26:56.1952308Z Bundling asset TestStack/SummaryFn/Code/Stage...
deploy-test	Run pnpm verify	2026-10-06T10:26:56.4509291Z  ^[[32m✓^[[39m apps/admin-web/test/device-users.test.tsx ^[[2m(^[[22m^[[2m11 tests^[[22m^[[2m)^[[22m^[[33m 3273^[[2mms^[[22m^[[39m
deploy-test	Run pnpm verify	2026-10-06T10:26:56.4541400Z    ^[[33m^[[2m✓^[[22m^[[39m 敏感字段快照为 0：任何响应与 DOM 不显示 passwordHash；密码输入不回显 ^[[33m 880^[[2mms^[[22m^[[39m
deploy-test	Run pnpm verify	2026-10-06T10:26:56.4542368Z    ^[[33m^[[2m✓^[[22m^[[39m 重置密码：仅一次受控提交 + 必填原因；提交后清空不回显 ^[[33m 314^[[2mms^[[22m^[[39m
deploy-test	Run pnpm verify	2026-10-06T10:26:56.4542914Z    ^[[33m^[[2m✓^[[22m^[[39m 创建：username/password 必填校验；platform 角色需选客户 ^[[33m 362^[[2mms^[[22m^[[39m
deploy-test	Run pnpm verify	2026-10-06T10:26:56.4543455Z    ^[[33m^[[2m✓^[[22m^[[39m 筛选：Customer/Region/Subregion/Device/status/keyword 使用权威拓扑并可重置 ^[[33m 605^[[2mms^[[22m^[[39m
deploy-test	Run pnpm verify	2026-10-06T10:26:56.4543935Z    ^[[33m^[[2m✓^[[22m^[[39m 分配：批量勾选 + 强制原因；撤销仅列 ACTIVE 分配 ^[[33m 630^[[2mms^[[22m^[[39m
deploy-test	Run pnpm verify	2026-10-06T10:26:56.6353828Z Bundling asset TestStack/ReplayTriggerPublisherFn/Code/Stage...
deploy-test	Run pnpm verify	2026-10-06T10:26:57.0668802Z Bundling asset TestStack/ReplayFn/Code/Stage...
deploy-test	Run pnpm verify	2026-10-06T10:26:57.4743384Z Bundling asset TestStack/CertPackageSweeperFn/Code/Stage...
deploy-test	Run pnpm verify	2026-10-06T10:26:57.9630186Z Bundling asset TestStack/OnboardingDeadlineFn/Code/Stage...
deploy-test	Run pnpm verify	2026-10-06T10:26:58.4833441Z Bundling asset TestStack/RetirementTimeoutFn/Code/Stage...
deploy-test	Run pnpm verify	2026-10-06T10:26:58.8925921Z  ^[[32m✓^[[39m apps/admin-web/test/esg.test.tsx ^[[2m(^[[22m^[[2m10 tests^[[22m^[[2m)^[[22m^[[33m 1177^[[2mms^[[22m^[[39m
deploy-test	Run pnpm verify	2026-10-06T10:26:58.8926850Z    ^[[33m^[[2m✓^[[22m^[[39m 设备页：九项指标 + 完整率 + 计算版本；ScopeFilter 联动；CT-06 锚点齐全 ^[[33m 331^[[2mms^[[22m^[[39m
deploy-test	Run pnpm verify	2026-10-06T10:26:58.9306707Z Bundling asset TestStack/ActivityExportFn/Code/Stage...
deploy-test	Run pnpm verify	2026-10-06T10:26:59.3650343Z Bundling asset TestStack/EsgExportFn/Code/Stage...
deploy-test	Run pnpm verify	2026-10-06T10:26:59.8203121Z Bundling asset TestStack/CommandPublisherFn/Code/Stage...
deploy-test	Run pnpm verify	2026-10-06T10:27:00.2670344Z Bundling asset TestStack/CommandTimeoutFn/Code/Stage...
deploy-test	Run pnpm verify	2026-10-06T10:27:00.7568387Z Bundling asset TestStack/OtaDispatcherFn/Code/Stage...
deploy-test	Run pnpm verify	2026-10-06T10:27:01.1868009Z Bundling asset TestStack/OnboardingApiFn/Code/Stage...
deploy-test	Run pnpm verify	2026-10-06T10:27:01.6707582Z Bundling asset TestStack/OnboardingProvisioningFn/Code/Stage...
deploy-test	Run pnpm verify	2026-10-06T10:27:02.1435513Z Bundling asset TestStack/DeviceApiFn/Code/Stage...
deploy-test	Run pnpm verify	2026-10-06T10:27:02.5812291Z Bundling asset TestStack/ApiFn/Code/Stage...
deploy-test	Run pnpm verify	2026-10-06T10:27:03.8745629Z Bundling asset Named/IngestionFn/Code/Stage...
deploy-test	Run pnpm verify	2026-10-06T10:27:04.3546578Z Bundling asset Named/ArchiveFn/Code/Stage...
deploy-test	Run pnpm verify	2026-10-06T10:27:04.6264953Z Bundling asset Named/OutboxPublisherFn/Code/Stage...
deploy-test	Run pnpm verify	2026-10-06T10:27:05.0417152Z Bundling asset Named/NotificationPublisherFn/Code/Stage...
deploy-test	Run pnpm verify	2026-10-06T10:27:05.3881774Z  ^[[32m✓^[[39m apps/admin-web/test/consumables.test.tsx ^[[2m(^[[22m^[[2m10 tests^[[22m^[[2m)^[[22m^[[33m 5298^[[2mms^[[22m^[[39m
deploy-test	Run pnpm verify	2026-10-06T10:27:05.3882389Z    ^[[33m^[[2m✓^[[22m^[[39m 列表：列与筛选覆盖（Region/Subregion/Site/连接/关键字/阈值/类型） ^[[33m 1440^[[2mms^[[22m^[[39m
deploy-test	Run pnpm verify	2026-10-06T10:27:05.3882801Z    ^[[33m^[[2m✓^[[22m^[[39m 联系方式：列表零 PII，点击后才请求独立端点；403 不显示号码 ^[[33m 574^[[2mms^[[22m^[[39m
deploy-test	Run pnpm verify	2026-10-06T10:27:05.3883632Z    ^[[33m^[[2m✓^[[22m^[[39m 处理→完成全流程：操作携带 version + 备注（complete 强制备注） ^[[33m 1007^[[2mms^[[22m^[[39m
deploy-test	Run pnpm verify	2026-10-06T10:27:05.3883978Z    ^[[33m^[[2m✓^[[22m^[[39m 创建申请：成功提示；开放申请重复创建幂等（replayed 提示） ^[[33m 1129^[[2mms^[[22m^[[39m
deploy-test	Run pnpm verify	2026-10-06T10:27:05.3884336Z    ^[[33m^[[2m✓^[[22m^[[39m 非法跳级/漂移：409 错误呈现；写权限门控（Viewer 按钮禁用） ^[[33m 592^[[2mms^[[22m^[[39m
deploy-test	Run pnpm verify	2026-10-06T10:27:05.4970540Z Bundling asset Named/SummaryFn/Code/Stage...
deploy-test	Run pnpm verify	2026-10-06T10:27:05.9713838Z Bundling asset Named/ReplayTriggerPublisherFn/Code/Stage...
deploy-test	Run pnpm verify	2026-10-06T10:27:06.4207213Z Bundling asset Named/ReplayFn/Code/Stage...
deploy-test	Run pnpm verify	2026-10-06T10:27:06.8850958Z Bundling asset Named/CertPackageSweeperFn/Code/Stage...
deploy-test	Run pnpm verify	2026-10-06T10:27:07.4121668Z Bundling asset Named/OnboardingDeadlineFn/Code/Stage...
deploy-test	Run pnpm verify	2026-10-06T10:27:07.8590800Z Bundling asset Named/RetirementTimeoutFn/Code/Stage...
deploy-test	Run pnpm verify	2026-10-06T10:27:08.3884094Z Bundling asset Named/ActivityExportFn/Code/Stage...
deploy-test	Run pnpm verify	2026-10-06T10:27:08.9837518Z Bundling asset Named/EsgExportFn/Code/Stage...
deploy-test	Run pnpm verify	2026-10-06T10:27:09.6062263Z Bundling asset Named/CommandPublisherFn/Code/Stage...
deploy-test	Run pnpm verify	2026-10-06T10:27:10.2148621Z Bundling asset Named/CommandTimeoutFn/Code/Stage...
deploy-test	Run pnpm verify	2026-10-06T10:27:10.8411215Z Bundling asset Named/OtaDispatcherFn/Code/Stage...
deploy-test	Run pnpm verify	2026-10-06T10:27:11.2505960Z  ^[[32m✓^[[39m apps/admin-web/test/licenses.test.tsx ^[[2m(^[[22m^[[2m11 tests^[[22m^[[2m)^[[22m^[[33m 4673^[[2mms^[[22m^[[39m
deploy-test	Run pnpm verify	2026-10-06T10:27:11.2506912Z    ^[[33m^[[2m✓^[[22m^[[39m 列表：正式 License 实体包含有效与终态历史记录 ^[[33m 457^[[2mms^[[22m^[[39m
deploy-test	Run pnpm verify	2026-10-06T10:27:11.2507498Z    ^[[33m^[[2m✓^[[22m^[[39m 筛选：草稿筛选经搜索应用；重置清空 ^[[33m 387^[[2mms^[[22m^[[39m
deploy-test	Run pnpm verify	2026-10-06T10:27:11.2508244Z    ^[[33m^[[2m✓^[[22m^[[39m 状态矩阵：Draft 仅签发；Issued 仅激活；Active 仅撤销；ExpiringSoon 仅续期；Renewed/Revoked 无动作 ^[[33m 529^[[2mms^[[22m^[[39m
deploy-test	Run pnpm verify	2026-10-06T10:27:11.2509341Z    ^[[33m^[[2m✓^[[22m^[[39m E2E：创建 Draft（Entitlement 配置）→ 签发 → 激活，逐步推进且每步回源刷新 ^[[33m 1359^[[2mms^[[22m^[[39m
deploy-test	Run pnpm verify	2026-10-06T10:27:11.2510151Z    ^[[33m^[[2m✓^[[22m^[[39m 续期：ExpiringSoon → 新到期日期校验（须晚于当前）→ Renewed ^[[33m 436^[[2mms^[[22m^[[39m
deploy-test	Run pnpm verify	2026-10-06T10:27:11.2510943Z    ^[[33m^[[2m✓^[[22m^[[39m 撤销：强制原因（空原因禁止确认）→ Revoked；操作后回源 ^[[33m 368^[[2mms^[[22m^[[39m
deploy-test	Run pnpm verify	2026-10-06T10:27:11.2511681Z    ^[[33m^[[2m✓^[[22m^[[39m 两个有效 License：创建遇 409 CONFLICT 错误可读（后端 message 原样呈现） ^[[33m 789^[[2mms^[[22m^[[39m
deploy-test	Run pnpm verify	2026-10-06T10:27:11.3767385Z Bundling asset Named/OnboardingApiFn/Code/Stage...
deploy-test	Run pnpm verify	2026-10-06T10:27:11.8920399Z Bundling asset Named/OnboardingProvisioningFn/Code/Stage...
deploy-test	Run pnpm verify	2026-10-06T10:27:12.6090507Z Bundling asset Named/DeviceApiFn/Code/Stage...
deploy-test	Run pnpm verify	2026-10-06T10:27:13.4290413Z Bundling asset Named/ApiFn/Code/Stage...
deploy-test	Run pnpm verify	2026-10-06T10:27:14.2341262Z ^[[90mstderr^[[2m | apps/ingestion-worker/test/qa07-reliability.test.ts^[[2m > ^[[22m^[[2mQA07 production timestamp boundaries quarantine old or future Telemetry without weakening other topics
deploy-test	Run pnpm verify	2026-10-06T10:27:14.2370056Z ^[[22m^[[39mingestion message quarantined {
deploy-test	Run pnpm verify	2026-10-06T10:27:14.2422805Z   event: ^[[32m'ingestion.quarantined'^[[39m,
deploy-test	Run pnpm verify	2026-10-06T10:27:14.2475111Z   messageId: ^[[32m'SQS-26f5524a-e266-4e05-9e7a-af1ab4da5099'^[[39m,
deploy-test	Run pnpm verify	2026-10-06T10:27:14.2499961Z   errorType: ^[[32m'CLOCK_SKEW'^[[39m,
deploy-test	Run pnpm verify	2026-10-06T10:27:14.2516487Z   errorPath: ^[[32m'meta.ts'^[[39m,
deploy-test	Run pnpm verify	2026-10-06T10:27:14.2517420Z   reason: ^[[32m'device timestamp outside allowed window: skew 86400s, past 86400s, future 300s'^[[39m,
deploy-test	Run pnpm verify	2026-10-06T10:27:14.2518140Z   iotTopic: ^[[32m'bnx/device/QA07-E51F3264D856-DEV0/telemetry'^[[39m,
deploy-test	Run pnpm verify	2026-10-06T10:27:14.2518681Z   iotDeviceId: ^[[32m'QA07-E51F3264D856-DEV0'^[[39m
deploy-test	Run pnpm verify	2026-10-06T10:27:14.2519064Z }
deploy-test	Run pnpm verify	2026-10-06T10:27:14.2519564Z 
deploy-test	Run pnpm verify	2026-10-06T10:27:14.2520962Z ^[[90mstderr^[[2m | apps/ingestion-worker/test/qa07-reliability.test.ts^[[2m > ^[[22m^[[2mQA07 production timestamp boundaries quarantine old or future Telemetry without weakening other topics
deploy-test	Run pnpm verify	2026-10-06T10:27:14.2521860Z ^[[22m^[[39mingestion message quarantined {
deploy-test	Run pnpm verify	2026-10-06T10:27:14.2522299Z   event: ^[[32m'ingestion.quarantined'^[[39m,
deploy-test	Run pnpm verify	2026-10-06T10:27:14.2522828Z   messageId: ^[[32m'SQS-605af934-44fc-4308-bb7a-5e84b4f2de12'^[[39m,
deploy-test	Run pnpm verify	2026-10-06T10:27:14.2523307Z   errorType: ^[[32m'CLOCK_SKEW'^[[39m,
deploy-test	Run pnpm verify	2026-10-06T10:27:14.2523708Z   errorPath: ^[[32m'meta.ts'^[[39m,
deploy-test	Run pnpm verify	2026-10-06T10:27:14.2524329Z   reason: ^[[32m'device timestamp outside allowed window: skew 300s, past 86400s, future 300s'^[[39m,
deploy-test	Run pnpm verify	2026-10-06T10:27:14.2525016Z   iotTopic: ^[[32m'bnx/device/QA07-E51F3264D856-DEV0/telemetry'^[[39m,
deploy-test	Run pnpm verify	2026-10-06T10:27:14.2525525Z   iotDeviceId: ^[[32m'QA07-E51F3264D856-DEV0'^[[39m
deploy-test	Run pnpm verify	2026-10-06T10:27:14.2525877Z }
deploy-test	Run pnpm verify	2026-10-06T10:27:14.2526051Z 
deploy-test	Run pnpm verify	2026-10-06T10:27:14.2526993Z ^[[90mstderr^[[2m | apps/ingestion-worker/test/qa07-reliability.test.ts^[[2m > ^[[22m^[[2mQA07 production timestamp boundaries quarantine old or future Telemetry without weakening other topics
deploy-test	Run pnpm verify	2026-10-06T10:27:14.2527893Z ^[[22m^[[39mingestion message quarantined {
deploy-test	Run pnpm verify	2026-10-06T10:27:14.2528328Z   event: ^[[32m'ingestion.quarantined'^[[39m,
deploy-test	Run pnpm verify	2026-10-06T10:27:14.2528850Z   messageId: ^[[32m'SQS-d05ad1f8-a522-4a21-8998-fa7950b72669'^[[39m,
deploy-test	Run pnpm verify	2026-10-06T10:27:14.2529421Z   errorType: ^[[32m'CLOCK_SKEW'^[[39m,
deploy-test	Run pnpm verify	2026-10-06T10:27:14.2529789Z   errorPath: ^[[32m'meta.ts'^[[39m,
deploy-test	Run pnpm verify	2026-10-06T10:27:14.2530397Z   reason: ^[[32m'device timestamp outside allowed window: skew 300s, past 300s, future 300s'^[[39m,
deploy-test	Run pnpm verify	2026-10-06T10:27:14.2531044Z   iotTopic: ^[[32m'bnx/device/QA07-E51F3264D856-DEV0/heartbeat'^[[39m,
deploy-test	Run pnpm verify	2026-10-06T10:27:14.2531523Z   iotDeviceId: ^[[32m'QA07-E51F3264D856-DEV0'^[[39m
deploy-test	Run pnpm verify	2026-10-06T10:27:14.2531840Z }
deploy-test	Run pnpm verify	2026-10-06T10:27:14.2531995Z 
deploy-test	Run pnpm verify	2026-10-06T10:27:14.2532859Z ^[[90mstderr^[[2m | apps/ingestion-worker/test/qa07-reliability.test.ts^[[2m > ^[[22m^[[2mQA07 production timestamp boundaries quarantine old or future Telemetry without weakening other topics
deploy-test	Run pnpm verify	2026-10-06T10:27:14.2533715Z ^[[22m^[[39mingestion message quarantined {
deploy-test	Run pnpm verify	2026-10-06T10:27:14.2534134Z   event: ^[[32m'ingestion.quarantined'^[[39m,
deploy-test	Run pnpm verify	2026-10-06T10:27:14.2534536Z   messageId: ^[[32m'QA07-bad-hash'^[[39m,
deploy-test	Run pnpm verify	2026-10-06T10:27:14.2534940Z   errorType: ^[[32m'AUDIT_HASH_MISMATCH'^[[39m,
deploy-test	Run pnpm verify	2026-10-06T10:27:14.2535332Z   errorPath: ^[[32m'audit.hash'^[[39m,
deploy-test	Run pnpm verify	2026-10-06T10:27:14.2535829Z   reason: ^[[32m'audit.hash must equal SHA-256(RFC8785({meta,data}))'^[[39m,
deploy-test	Run pnpm verify	2026-10-06T10:27:14.2536393Z   iotTopic: ^[[32m'bnx/device/QA07-E51F3264D856-DEV0/telemetry'^[[39m,
deploy-test	Run pnpm verify	2026-10-06T10:27:14.2536879Z   iotDeviceId: ^[[32m'QA07-E51F3264D856-DEV0'^[[39m
deploy-test	Run pnpm verify	2026-10-06T10:27:14.2537190Z }
deploy-test	Run pnpm verify	2026-10-06T10:27:14.2537341Z 
deploy-test	Run pnpm verify	2026-10-06T10:27:14.2580762Z  ^[[32m✓^[[39m apps/ingestion-worker/test/qa07-reliability.test.ts ^[[2m(^[[22m^[[2m2 tests^[[22m^[[2m)^[[22m^[[33m 39347^[[2mms^[[22m^[[39m
deploy-test	Run pnpm verify	2026-10-06T10:27:14.2590083Z    ^[[33m^[[2m✓^[[22m^[[39m QA07 paced load, historical backfill, burst, pause recovery, scoped replay and command reliability ^[[33m 37483^[[2mms^[[22m^[[39m
deploy-test	Run pnpm verify	2026-10-06T10:27:14.2650241Z    ^[[33m^[[2m✓^[[22m^[[39m QA07 production timestamp boundaries quarantine old or future Telemetry without weakening other topics ^[[33m 1861^[[2mms^[[22m^[[39m
deploy-test	Run pnpm verify	2026-10-06T10:27:14.2994261Z Bundling asset TestStack/IngestionFn/Code/Stage...
deploy-test	Run pnpm verify	2026-10-06T10:27:14.4562718Z  ^[[32m✓^[[39m apps/cloud-api/test/admin-onboarding.test.ts ^[[2m(^[[22m^[[2m13 tests^[[22m^[[2m)^[[22m^[[33m 2547^[[2mms^[[22m^[[39m
deploy-test	Run pnpm verify	2026-10-06T10:27:14.9460547Z Bundling asset TestStack/ArchiveFn/Code/Stage...
deploy-test	Run pnpm verify	2026-10-06T10:27:15.4042032Z Bundling asset TestStack/OutboxPublisherFn/Code/Stage...
deploy-test	Run pnpm verify	2026-10-06T10:27:16.4700255Z Bundling asset TestStack/NotificationPublisherFn/Code/Stage...
deploy-test	Run pnpm verify	2026-10-06T10:27:17.1940465Z Bundling asset TestStack/SummaryFn/Code/Stage...
deploy-test	Run pnpm verify	2026-10-06T10:27:17.5719470Z  ^[[32m✓^[[39m apps/ingestion-worker/test/outbox-publisher.test.ts ^[[2m(^[[22m^[[2m10 tests^[[22m^[[2m)^[[22m^[[33m 2739^[[2mms^[[22m^[[39m
deploy-test	Run pnpm verify	2026-10-06T10:27:17.7284359Z  ^[[32m✓^[[39m apps/cloud-api/test/admin-audit.test.ts ^[[2m(^[[22m^[[2m7 tests^[[22m^[[2m)^[[22m^[[33m 2699^[[2mms^[[22m^[[39m
deploy-test	Run pnpm verify	2026-10-06T10:27:17.9360994Z Bundling asset TestStack/ReplayTriggerPublisherFn/Code/Stage...
deploy-test	Run pnpm verify	2026-10-06T10:27:18.6339939Z Bundling asset TestStack/ReplayFn/Code/Stage...
deploy-test	Run pnpm verify	2026-10-06T10:27:19.5350651Z Bundling asset TestStack/CertPackageSweeperFn/Code/Stage...
deploy-test	Run pnpm verify	2026-10-06T10:27:20.3166485Z Bundling asset TestStack/OnboardingDeadlineFn/Code/Stage...
deploy-test	Run pnpm verify	2026-10-06T10:27:21.0595451Z Bundling asset TestStack/RetirementTimeoutFn/Code/Stage...
deploy-test	Run pnpm verify	2026-10-06T10:27:21.2364872Z  ^[[32m✓^[[39m apps/ingestion-worker/test/heartbeat-handler.test.ts ^[[2m(^[[22m^[[2m6 tests^[[22m^[[2m)^[[22m^[[33m 3148^[[2mms^[[22m^[[39m
deploy-test	Run pnpm verify	2026-10-06T10:27:21.4651547Z  ^[[32m✓^[[39m apps/cloud-api/test/business-notifier.test.ts ^[[2m(^[[22m^[[2m10 tests^[[22m^[[2m)^[[22m^[[33m 3051^[[2mms^[[22m^[[39m
deploy-test	Run pnpm verify	2026-10-06T10:27:21.7204072Z Bundling asset TestStack/ActivityExportFn/Code/Stage...
deploy-test	Run pnpm verify	2026-10-06T10:27:22.3215943Z Bundling asset TestStack/EsgExportFn/Code/Stage...
deploy-test	Run pnpm verify	2026-10-06T10:27:23.4020579Z Bundling asset TestStack/CommandPublisherFn/Code/Stage...
deploy-test	Run pnpm verify	2026-10-06T10:27:24.2392711Z Bundling asset TestStack/CommandTimeoutFn/Code/Stage...
deploy-test	Run pnpm verify	2026-10-06T10:27:24.5491161Z  ^[[32m✓^[[39m apps/cloud-api/test/admin-consumable-request.test.ts ^[[2m(^[[22m^[[2m8 tests^[[22m^[[2m)^[[22m^[[33m 2622^[[2mms^[[22m^[[39m
deploy-test	Run pnpm verify	2026-10-06T10:27:25.0320336Z Bundling asset TestStack/OtaDispatcherFn/Code/Stage...
deploy-test	Run pnpm verify	2026-10-06T10:27:25.1153807Z  ^[[32m✓^[[39m apps/cloud-api/test/admin-device-assignment.test.ts ^[[2m(^[[22m^[[2m9 tests^[[22m^[[2m)^[[22m^[[33m 2880^[[2mms^[[22m^[[39m
deploy-test	Run pnpm verify	2026-10-06T10:27:25.7073316Z Bundling asset TestStack/OnboardingApiFn/Code/Stage...
deploy-test	Run pnpm verify	2026-10-06T10:27:26.3880518Z Bundling asset TestStack/OnboardingProvisioningFn/Code/Stage...
deploy-test	Run pnpm verify	2026-10-06T10:27:26.9900450Z Bundling asset TestStack/DeviceApiFn/Code/Stage...
deploy-test	Run pnpm verify	2026-10-06T10:27:27.6141171Z  ^[[32m✓^[[39m apps/ingestion-worker/test/onboarding-completion.test.ts ^[[2m(^[[22m^[[2m8 tests^[[22m^[[2m)^[[22m^[[33m 2643^[[2mms^[[22m^[[39m
deploy-test	Run pnpm verify	2026-10-06T10:27:27.7959987Z Bundling asset TestStack/ApiFn/Code/Stage...
deploy-test	Run pnpm verify	2026-10-06T10:27:29.0166039Z  ^[[32m✓^[[39m apps/admin-web/test/components.test.tsx ^[[2m(^[[22m^[[2m18 tests^[[22m^[[2m)^[[22m^[[33m 2082^[[2mms^[[22m^[[39m
deploy-test	Run pnpm verify	2026-10-06T10:27:29.0167243Z    ^[[33m^[[2m✓^[[22m^[[39m CursorTable：数据行渲染与游标分页（下一页携 nextCursor，无下一页时禁用） ^[[33m 430^[[2mms^[[22m^[[39m
deploy-test	Run pnpm verify	2026-10-06T10:27:29.0168084Z    ^[[33m^[[2m✓^[[22m^[[39m ScopeFilter：三级联动（上游变更清空下游），标签均可用 ^[[33m 366^[[2mms^[[22m^[[39m
deploy-test	Run pnpm verify	2026-10-06T10:27:29.6649009Z  ^[[32m✓^[[39m infra/test/app-stack.test.ts ^[[2m(^[[22m^[[2m39 tests^[[22m^[[2m)^[[22m^[[33m 25808^[[2mms^[[22m^[[39m
deploy-test	Run pnpm verify	2026-10-06T10:27:29.6720813Z      ^[[33m^[[2m✓^[[22m^[[39m Stack 物理名带环境前缀 ^[[33m 10331^[[2mms^[[22m^[[39m
deploy-test	Run pnpm verify	2026-10-06T10:27:29.6743671Z      ^[[33m^[[2m✓^[[22m^[[39m 仅显式 local/test 模式可保留无 mTLS 的默认入口 ^[[33m 15344^[[2mms^[[22m^[[39m
deploy-test	Run pnpm verify	2026-10-06T10:27:30.0548484Z  ^[[32m✓^[[39m apps/ingestion-worker/test/archive-worker.test.ts ^[[2m(^[[22m^[[2m11 tests^[[22m^[[2m)^[[22m^[[32m 13^[[2mms^[[22m^[[39m
deploy-test	Run pnpm verify	2026-10-06T10:27:31.2056919Z  ^[[32m✓^[[39m apps/ingestion-worker/test/signals-ack.test.ts ^[[2m(^[[22m^[[2m13 tests^[[22m^[[2m)^[[22m^[[33m 2892^[[2mms^[[22m^[[39m
deploy-test	Run pnpm verify	2026-10-06T10:27:32.8601344Z  ^[[32m✓^[[39m packages/database/test/db01.test.ts ^[[2m(^[[22m^[[2m21 tests^[[22m^[[2m)^[[22m^[[33m 2586^[[2mms^[[22m^[[39m
deploy-test	Run pnpm verify	2026-10-06T10:27:32.9625267Z  ^[[32m✓^[[39m apps/summary-worker/test/aggregation-worker.test.ts ^[[2m(^[[22m^[[2m6 tests^[[22m^[[2m)^[[22m^[[33m 3178^[[2mms^[[22m^[[39m
deploy-test	Run pnpm verify	2026-10-06T10:27:36.2325398Z  ^[[32m✓^[[39m apps/ingestion-worker/test/signals-handlers.test.ts ^[[2m(^[[22m^[[2m8 tests^[[22m^[[2m)^[[22m^[[33m 2860^[[2mms^[[22m^[[39m
deploy-test	Run pnpm verify	2026-10-06T10:27:37.0958830Z  ^[[32m✓^[[39m apps/admin-web/test/configuration.test.tsx ^[[2m(^[[22m^[[2m9 tests^[[22m^[[2m)^[[22m^[[33m 3961^[[2mms^[[22m^[[39m
deploy-test	Run pnpm verify	2026-10-06T10:27:37.0960808Z    ^[[33m^[[2m✓^[[22m^[[39m 版本表单只渲染 V1 四字段且单位正确；候选扩展字段不存在于 DOM ^[[33m 679^[[2mms^[[22m^[[39m
deploy-test	Run pnpm verify	2026-10-06T10:27:37.0964781Z    ^[[33m^[[2m✓^[[22m^[[39m 非法范围/非整数有字段级错误且禁止提交；合法后提交四字段快照 ^[[33m 1697^[[2mms^[[22m^[[39m
deploy-test	Run pnpm verify	2026-10-06T10:27:37.0965508Z    ^[[33m^[[2m✓^[[22m^[[39m 发布：生效时间可选且需合法；成功后提示 CONFIG_CHANGED 通知 ^[[33m 746^[[2mms^[[22m^[[39m
deploy-test	Run pnpm verify	2026-10-06T10:27:37.0966235Z    ^[[33m^[[2m✓^[[22m^[[39m 列表与筛选：行渲染；筛选应用与重置；新建配置目标二选一 ^[[33m 603^[[2mms^[[22m^[[39m
deploy-test	Run pnpm verify	2026-10-06T10:27:37.6706042Z  ^[[32m✓^[[39m apps/ingestion-worker/test/ingest-receipt.test.ts ^[[2m(^[[22m^[[2m9 tests^[[22m^[[2m)^[[22m^[[33m 4452^[[2mms^[[22m^[[39m
deploy-test	Run pnpm verify	2026-10-06T10:27:37.6706904Z      ^[[33m^[[2m✓^[[22m^[[39m 5% 重复 + 2% 乱序模拟：无重复业务记录，全部到达后无未解除缺口 ^[[33m 1698^[[2mms^[[22m^[[39m
deploy-test	Run pnpm verify	2026-10-06T10:27:38.7217328Z  ^[[32m✓^[[39m apps/ingestion-worker/test/replay-worker.test.ts ^[[2m(^[[22m^[[2m6 tests^[[22m^[[2m)^[[22m^[[33m 2135^[[2mms^[[22m^[[39m
deploy-test	Run pnpm verify	2026-10-06T10:27:42.2564217Z  ^[[32m✓^[[39m apps/cloud-api/test/admin-device-status.test.ts ^[[2m(^[[22m^[[2m8 tests^[[22m^[[2m)^[[22m^[[33m 2352^[[2mms^[[22m^[[39m
deploy-test	Run pnpm verify	2026-10-06T10:27:43.2620838Z  ^[[32m✓^[[39m apps/cloud-api/test/certificate-rotate.test.ts ^[[2m(^[[22m^[[2m8 tests^[[22m^[[2m)^[[22m^[[33m 4539^[[2mms^[[22m^[[39m
deploy-test	Run pnpm verify	2026-10-06T10:27:43.2632244Z      ^[[33m^[[2m✓^[[22m^[[39m 缺失 CSR 不签发；AWS attach 失败保留可重试停用记录并保留旧证 ^[[33m 426^[[2mms^[[22m^[[39m
deploy-test	Run pnpm verify	2026-10-06T10:27:43.2633069Z      ^[[33m^[[2m✓^[[22m^[[39m 旧证书错误/跨设备拒绝：缺字段 400；与身份不符 403（含他设备证书） ^[[33m 413^[[2mms^[[22m^[[39m
deploy-test	Run pnpm verify	2026-10-06T10:27:43.2633983Z  ^[[32m✓^[[39m apps/admin-web/test/alarms.test.tsx ^[[2m(^[[22m^[[2m10 tests^[[22m^[[2m)^[[22m^[[33m 4299^[[2mms^[[22m^[[39m
deploy-test	Run pnpm verify	2026-10-06T10:27:43.2634891Z    ^[[33m^[[2m✓^[[22m^[[39m 状态更新：ACTIVE 可确认/清除 → ACKNOWLEDGED 仅清除 → CLEARED 无动作；每步原因必填 ^[[33m 2264^[[2mms^[[22m^[[39m
deploy-test	Run pnpm verify	2026-10-06T10:27:43.2635670Z    ^[[33m^[[2m✓^[[22m^[[39m 重复操作幂等：replayed=true 提示已幂等忽略且不重复写入语义 ^[[33m 504^[[2mms^[[22m^[[39m
deploy-test	Run pnpm verify	2026-10-06T10:27:43.2636572Z    ^[[33m^[[2m✓^[[22m^[[39m 后端拒绝呈现：CLEARED 终态确认 → 409 CONFLICT；无 alarm:write → 403/按钮禁用 ^[[33m 485^[[2mms^[[22m^[[39m
deploy-test	Run pnpm verify	2026-10-06T10:27:43.2637275Z    ^[[33m^[[2m✓^[[22m^[[39m 筛选参数与 URL 同步：应用后 replaceState；urlStateFromSearch 可回读 ^[[33m 331^[[2mms^[[22m^[[39m
deploy-test	Run pnpm verify	2026-10-06T10:27:46.2758994Z  ^[[32m✓^[[39m apps/cloud-api/test/license-sync-lifecycle.test.ts ^[[2m(^[[22m^[[2m10 tests^[[22m^[[2m)^[[22m^[[33m 3635^[[2mms^[[22m^[[39m
deploy-test	Run pnpm verify	2026-10-06T10:27:46.2760351Z    ^[[33m^[[2m✓^[[22m^[[39m real PostgreSQL: served snapshot and signed local verification drive Assigned→Licensed→Active once ^[[33m 775^[[2mms^[[22m^[[39m
deploy-test	Run pnpm verify	2026-10-06T10:27:46.2761976Z    ^[[33m^[[2m✓^[[22m^[[39m expired/revoked licenses and changed assignment cannot activate a device ^[[33m 308^[[2mms^[[22m^[[39m
deploy-test	Run pnpm verify	2026-10-06T10:27:46.4483006Z  ^[[32m✓^[[39m apps/cloud-api/test/admin-settings.test.ts ^[[2m(^[[22m^[[2m10 tests^[[22m^[[2m)^[[22m^[[33m 2323^[[2mms^[[22m^[[39m
deploy-test	Run pnpm verify	2026-10-06T10:27:49.5701010Z  ^[[32m✓^[[39m packages/auth/test/secure-package.test.ts ^[[2m(^[[22m^[[2m14 tests^[[22m^[[2m)^[[22m^[[33m 2803^[[2mms^[[22m^[[39m
deploy-test	Run pnpm verify	2026-10-06T10:27:49.7891652Z  ^[[32m✓^[[39m apps/cloud-api/test/admin-device-metadata.test.ts ^[[2m(^[[22m^[[2m10 tests^[[22m^[[2m)^[[22m^[[33m 2668^[[2mms^[[22m^[[39m
deploy-test	Run pnpm verify	2026-10-06T10:27:51.1190880Z  ^[[32m✓^[[39m apps/admin-web/test/media.test.tsx ^[[2m(^[[22m^[[2m13 tests^[[22m^[[2m)^[[22m^[[33m 5897^[[2mms^[[22m^[[39m
deploy-test	Run pnpm verify	2026-10-06T10:27:51.1230935Z    ^[[33m^[[2m✓^[[22m^[[39m 列表渲染元数据；类型/设备/状态/时间筛选经回调应用（时间转 UTC ISO） ^[[33m 1419^[[2mms^[[22m^[[39m
deploy-test	Run pnpm verify	2026-10-06T10:27:51.1310842Z    ^[[33m^[[2m✓^[[22m^[[39m 图片查看：实时签发短期 URL → img 渲染 + 下载链接 + 有效期提示 ^[[33m 371^[[2mms^[[22m^[[39m
deploy-test	Run pnpm verify	2026-10-06T10:27:51.1340527Z    ^[[33m^[[2m✓^[[22m^[[39m 视频查看：录制文件受控查看（video 元素）；页面无实时流语义 ^[[33m 854^[[2mms^[[22m^[[39m
deploy-test	Run pnpm verify	2026-10-06T10:27:51.1391950Z    ^[[33m^[[2m✓^[[22m^[[39m 链接过期后重新申请：注入时钟判定过期 → 重新申请实时重签 ^[[33m 606^[[2mms^[[22m^[[39m
deploy-test	Run pnpm verify	2026-10-06T10:27:51.1437950Z    ^[[33m^[[2m✓^[[22m^[[39m 关闭预览即弃用授权 URL（不持久缓存）：重开重新申请 ^[[33m 662^[[2mms^[[22m^[[39m
deploy-test	Run pnpm verify	2026-10-06T10:27:51.1538038Z    ^[[33m^[[2m✓^[[22m^[[39m 未知媒体类型安全降级：不渲染 img/video、不提供下载，仅元数据 ^[[33m 355^[[2mms^[[22m^[[39m
deploy-test	Run pnpm verify	2026-10-06T10:27:51.1570492Z    ^[[33m^[[2m✓^[[22m^[[39m 跨 Customer 资源不可访问：列表 403 → 无权界面；下载 404 → 错误可读并可重试 ^[[33m 796^[[2mms^[[22m^[[39m
deploy-test	Run pnpm verify	2026-10-06T10:27:52.9422257Z  ^[[32m✓^[[39m apps/ingestion-worker/test/report-handler.test.ts ^[[2m(^[[22m^[[2m7 tests^[[22m^[[2m)^[[22m^[[33m 2817^[[2mms^[[22m^[[39m
deploy-test	Run pnpm verify	2026-10-06T10:27:54.7449051Z ^[[90mstderr^[[2m | apps/ingestion-worker/test/telemetry-handler.test.ts^[[2m > ^[[22m^[[2mcreateTelemetryHandler（BE-IOT-05）^[[2m > ^[[22m^[[2m字段范围错误被隔离（端到端）：humidityPct>100 进 Quarantine，无聚合/归档；同批合法消息照常处理
deploy-test	Run pnpm verify	2026-10-06T10:27:54.7451289Z ^[[22m^[[39mingestion message quarantined {
deploy-test	Run pnpm verify	2026-10-06T10:27:54.7451896Z   event: ^[[32m'ingestion.quarantined'^[[39m,
deploy-test	Run pnpm verify	2026-10-06T10:27:54.7452916Z   messageId: ^[[32m'sqs-bad'^[[39m,
deploy-test	Run pnpm verify	2026-10-06T10:27:54.7453362Z   errorType: ^[[32m'SCHEMA_VIOLATION'^[[39m,
deploy-test	Run pnpm verify	2026-10-06T10:27:54.7453818Z   errorPath: ^[[32m'data.humidityPct'^[[39m,
deploy-test	Run pnpm verify	2026-10-06T10:27:54.7454368Z   reason: ^[[32m'payload violates telemetry.schema.json: 150 > 100'^[[39m,
deploy-test	Run pnpm verify	2026-10-06T10:27:54.7454938Z   iotTopic: ^[[32m'bnx/device/dev-tel-5/telemetry'^[[39m,
deploy-test	Run pnpm verify	2026-10-06T10:27:54.7455421Z   iotDeviceId: ^[[32m'dev-tel-5'^[[39m
deploy-test	Run pnpm verify	2026-10-06T10:27:54.7455813Z }
deploy-test	Run pnpm verify	2026-10-06T10:27:54.7456112Z 
deploy-test	Run pnpm verify	2026-10-06T10:27:54.7929064Z  ^[[32m✓^[[39m apps/ingestion-worker/test/telemetry-handler.test.ts ^[[2m(^[[22m^[[2m6 tests^[[22m^[[2m)^[[22m^[[33m 2998^[[2mms^[[22m^[[39m
deploy-test	Run pnpm verify	2026-10-06T10:27:55.1060899Z  ^[[32m✓^[[39m packages/domain/test/device-lifecycle.test.ts ^[[2m(^[[22m^[[2m98 tests^[[22m^[[2m)^[[22m^[[32m 47^[[2mms^[[22m^[[39m
deploy-test	Run pnpm verify	2026-10-06T10:27:56.6407618Z  ^[[32m✓^[[39m apps/cloud-api/test/device-deactivate.test.ts ^[[2m(^[[22m^[[2m11 tests^[[22m^[[2m)^[[22m^[[33m 2576^[[2mms^[[22m^[[39m
deploy-test	Run pnpm verify	2026-10-06T10:27:56.9246155Z  ^[[32m✓^[[39m apps/cloud-api/test/qa06-security.test.ts ^[[2m(^[[22m^[[2m4 tests^[[22m^[[2m)^[[22m^[[33m 6625^[[2mms^[[22m^[[39m
deploy-test	Run pnpm verify	2026-10-06T10:27:56.9247447Z    ^[[33m^[[2m✓^[[22m^[[39m QA06 signed tenant scope and SQL JSON injection cannot cross boundaries or corrupt business state ^[[33m 3207^[[2mms^[[22m^[[39m
deploy-test	Run pnpm verify	2026-10-06T10:27:56.9248630Z    ^[[33m^[[2m✓^[[22m^[[39m QA06 malicious media filenames and metadata reject before signing or persistence ^[[33m 1853^[[2mms^[[22m^[[39m
deploy-test	Run pnpm verify	2026-10-06T10:27:56.9250095Z    ^[[33m^[[2m✓^[[22m^[[39m QA06 raw canaries are absent from actual logger trace audit and snapshot artifacts ^[[33m 1426^[[2mms^[[22m^[[39m
deploy-test	Run pnpm verify	2026-10-06T10:27:59.2070030Z  ^[[32m✓^[[39m apps/admin-web/test/dashboard.test.tsx ^[[2m(^[[22m^[[2m12 tests^[[22m^[[2m)^[[22m^[[33m 2156^[[2mms^[[22m^[[39m
deploy-test	Run pnpm verify	2026-10-06T10:27:59.2070793Z    ^[[33m^[[2m✓^[[22m^[[39m 10 设备 Fixture：全部指标与卡片值一致 ^[[33m 464^[[2mms^[[22m^[[39m
deploy-test	Run pnpm verify	2026-10-06T10:27:59.2080183Z    ^[[33m^[[2m✓^[[22m^[[39m 命令提交：确认后调用提交器并显示 Pending（非“成功”） ^[[33m 895^[[2mms^[[22m^[[39m
deploy-test	Run pnpm verify	2026-10-06T10:27:59.5201046Z  ^[[32m✓^[[39m packages/database/test/db02.test.ts ^[[2m(^[[22m^[[2m13 tests^[[22m^[[2m)^[[22m^[[33m 2555^[[2mms^[[22m^[[39m
deploy-test	Run pnpm verify	2026-10-06T10:28:00.4481154Z  ^[[32m✓^[[39m apps/cloud-api/test/admin-command-query.test.ts ^[[2m(^[[22m^[[2m4 tests^[[22m^[[2m)^[[22m^[[33m 2781^[[2mms^[[22m^[[39m
deploy-test	Run pnpm verify	2026-10-06T10:28:00.4985022Z Bundling asset DeployTest/IngestionFn/Code/Stage...
deploy-test	Run pnpm verify	2026-10-06T10:28:01.3011515Z Bundling asset DeployTest/ArchiveFn/Code/Stage...
deploy-test	Run pnpm verify	2026-10-06T10:28:01.7414776Z Bundling asset DeployTest/OutboxPublisherFn/Code/Stage...
deploy-test	Run pnpm verify	2026-10-06T10:28:02.5820518Z Bundling asset DeployTest/NotificationPublisherFn/Code/Stage...
deploy-test	Run pnpm verify	2026-10-06T10:28:03.1710008Z Bundling asset DeployTest/SummaryFn/Code/Stage...
deploy-test	Run pnpm verify	2026-10-06T10:28:03.7979524Z Bundling asset DeployTest/ReplayTriggerPublisherFn/Code/Stage...
deploy-test	Run pnpm verify	2026-10-06T10:28:04.4142521Z Bundling asset DeployTest/ReplayFn/Code/Stage...
deploy-test	Run pnpm verify	2026-10-06T10:28:05.0408416Z Bundling asset DeployTest/CertPackageSweeperFn/Code/Stage...
deploy-test	Run pnpm verify	2026-10-06T10:28:05.7156656Z Bundling asset DeployTest/OnboardingDeadlineFn/Code/Stage...
deploy-test	Run pnpm verify	2026-10-06T10:28:06.0004862Z ^[[90mstderr^[[2m | apps/ingestion-worker/test/qa03-data-path.test.ts^[[2m > ^[[22m^[[2mQA03 partial failure, quarantine retry, payload conflict and gap recovery
deploy-test	Run pnpm verify	2026-10-06T10:28:06.0097308Z ^[[22m^[[39mingestion message quarantined {
deploy-test	Run pnpm verify	2026-10-06T10:28:06.0109843Z   event: ^[[32m'ingestion.quarantined'^[[39m,
deploy-test	Run pnpm verify	2026-10-06T10:28:06.0110273Z   messageId: ^[[32m'QA03-invalid-json'^[[39m,
deploy-test	Run pnpm verify	2026-10-06T10:28:06.0110600Z   errorType: ^[[32m'INVALID_JSON'^[[39m,
deploy-test	Run pnpm verify	2026-10-06T10:28:06.0110902Z   errorPath: ^[[32m'(root)'^[[39m,
deploy-test	Run pnpm verify	2026-10-06T10:28:06.0111333Z   reason: ^[[32m'message body is not valid JSON'^[[39m
deploy-test	Run pnpm verify	2026-10-06T10:28:06.0139894Z }
deploy-test	Run pnpm verify	2026-10-06T10:28:06.0169666Z 
deploy-test	Run pnpm verify	2026-10-06T10:28:06.0461337Z ^[[90mstderr^[[2m | apps/ingestion-worker/test/qa03-data-path.test.ts^[[2m > ^[[22m^[[2mQA03 partial failure, quarantine retry, payload conflict and gap recovery
deploy-test	Run pnpm verify	2026-10-06T10:28:06.0463621Z ^[[22m^[[39mingestion message quarantined {
deploy-test	Run pnpm verify	2026-10-06T10:28:06.0492865Z   event: ^[[32m'ingestion.quarantined'^[[39m,
deploy-test	Run pnpm verify	2026-10-06T10:28:06.0519962Z   messageId: ^[[32m'QA03-invalid-json'^[[39m,
deploy-test	Run pnpm verify	2026-10-06T10:28:06.0546277Z   errorType: ^[[32m'INVALID_JSON'^[[39m,
deploy-test	Run pnpm verify	2026-10-06T10:28:06.0559890Z   errorPath: ^[[32m'(root)'^[[39m,
deploy-test	Run pnpm verify	2026-10-06T10:28:06.0560492Z   reason: ^[[32m'message body is not valid JSON'^[[39m
deploy-test	Run pnpm verify	2026-10-06T10:28:06.0560927Z }
deploy-test	Run pnpm verify	2026-10-06T10:28:06.0561231Z 
deploy-test	Run pnpm verify	2026-10-06T10:28:06.0562049Z ^[[90mstderr^[[2m | apps/ingestion-worker/test/qa03-data-path.test.ts^[[2m > ^[[22m^[[2mQA03 partial failure, quarantine retry, payload conflict and gap recovery
deploy-test	Run pnpm verify	2026-10-06T10:28:06.0562897Z ^[[22m^[[39mingestion message quarantined {
deploy-test	Run pnpm verify	2026-10-06T10:28:06.0563367Z   event: ^[[32m'ingestion.quarantined'^[[39m,
deploy-test	Run pnpm verify	2026-10-06T10:28:06.0563815Z   messageId: ^[[32m'conflict'^[[39m,
deploy-test	Run pnpm verify	2026-10-06T10:28:06.0564262Z   errorType: ^[[32m'PAYLOAD_CONFLICT'^[[39m,
deploy-test	Run pnpm verify	2026-10-06T10:28:06.0564706Z   errorPath: ^[[32m'meta.seq'^[[39m,
deploy-test	Run pnpm verify	2026-10-06T10:28:06.0565503Z   reason: ^[[32m'receipt key QA03-388F50B972E4-DEV0:telemetry:1 already recorded with different payload hash (security anomaly)'^[[39m,
deploy-test	Run pnpm verify	2026-10-06T10:28:06.0566318Z   iotTopic: ^[[32m'bnx/device/QA03-388F50B972E4-DEV0/telemetry'^[[39m,
deploy-test	Run pnpm verify	2026-10-06T10:28:06.0566861Z   iotDeviceId: ^[[32m'QA03-388F50B972E4-DEV0'^[[39m
deploy-test	Run pnpm verify	2026-10-06T10:28:06.0567248Z }
deploy-test	Run pnpm verify	2026-10-06T10:28:06.0567472Z 
deploy-test	Run pnpm verify	2026-10-06T10:28:06.0589463Z ^[[90mstderr^[[2m | apps/ingestion-worker/test/qa03-data-path.test.ts^[[2m > ^[[22m^[[2mQA03 partial failure, quarantine retry, payload conflict and gap recovery
deploy-test	Run pnpm verify	2026-10-06T10:28:06.0590242Z ^[[22m^[[39mingestion message quarantined {
deploy-test	Run pnpm verify	2026-10-06T10:28:06.0590716Z   event: ^[[32m'ingestion.quarantined'^[[39m,
deploy-test	Run pnpm verify	2026-10-06T10:28:06.0591178Z   messageId: ^[[32m'schema'^[[39m,
deploy-test	Run pnpm verify	2026-10-06T10:28:06.0591609Z   errorType: ^[[32m'SCHEMA_VIOLATION'^[[39m,
deploy-test	Run pnpm verify	2026-10-06T10:28:06.0592067Z   errorPath: ^[[32m'data.deviceStatus'^[[39m,
deploy-test	Run pnpm verify	2026-10-06T10:28:06.0592829Z   reason: ^[[32m'payload violates heartbeat.schema.json: 非法枚举值 "BROKEN"，允许值: ONLINE, DEGRADED, OFFLINE'^[[39m,
deploy-test	Run pnpm verify	2026-10-06T10:28:06.0593562Z   iotTopic: ^[[32m'bnx/device/QA03-388F50B972E4-DEV0/heartbeat'^[[39m,
deploy-test	Run pnpm verify	2026-10-06T10:28:06.0594113Z   iotDeviceId: ^[[32m'QA03-388F50B972E4-DEV0'^[[39m
deploy-test	Run pnpm verify	2026-10-06T10:28:06.0594497Z }
deploy-test	Run pnpm verify	2026-10-06T10:28:06.0594728Z 
deploy-test	Run pnpm verify	2026-10-06T10:28:06.0602351Z ^[[90mstderr^[[2m | apps/ingestion-worker/test/qa03-data-path.test.ts^[[2m > ^[[22m^[[2mQA03 partial failure, quarantine retry, payload conflict and gap recovery
deploy-test	Run pnpm verify	2026-10-06T10:28:06.0603133Z ^[[22m^[[39mingestion message quarantined {
deploy-test	Run pnpm verify	2026-10-06T10:28:06.0603597Z   event: ^[[32m'ingestion.quarantined'^[[39m,
deploy-test	Run pnpm verify	2026-10-06T10:28:06.0604056Z   messageId: ^[[32m'identity'^[[39m,
deploy-test	Run pnpm verify	2026-10-06T10:28:06.0604912Z   errorType: ^[[32m'IDENTITY_VIOLATION'^[[39m,
deploy-test	Run pnpm verify	2026-10-06T10:28:06.0605365Z   errorPath: ^[[32m'iotDeviceId'^[[39m,
deploy-test	Run pnpm verify	2026-10-06T10:28:06.0605907Z   reason: ^[[32m'topic device does not match certificate binding'^[[39m,
deploy-test	Run pnpm verify	2026-10-06T10:28:06.0606516Z   iotTopic: ^[[32m'bnx/device/QA03-388F50B972E4-DEV0/event'^[[39m,
deploy-test	Run pnpm verify	2026-10-06T10:28:06.0607047Z   iotDeviceId: ^[[32m'QA03-388F50B972E4-DEV0'^[[39m
deploy-test	Run pnpm verify	2026-10-06T10:28:06.0607438Z }
deploy-test	Run pnpm verify	2026-10-06T10:28:06.0607672Z 
deploy-test	Run pnpm verify	2026-10-06T10:28:06.3461870Z Bundling asset DeployTest/RetirementTimeoutFn/Code/Stage...
deploy-test	Run pnpm verify	2026-10-06T10:28:06.8132636Z ^[[90mstderr^[[2m | apps/cloud-api/test/qa04-core-api.test.ts^[[2m > ^[[22m^[[2mQA04 audit failure rolls back lifecycle/outbox; retry and replay preserve exactly one audit
deploy-test	Run pnpm verify	2026-10-06T10:28:06.8160172Z ^[[22m^[[39maudit FAILURE 记录写入失败 Error [PrismaClientKnownRequestError]: 
deploy-test	Run pnpm verify	2026-10-06T10:28:06.8160675Z Invalid `client.auditLog.create()` invocation in
deploy-test	Run pnpm verify	2026-10-06T10:28:06.8161242Z /home/runner/work/food-digester-platform/food-digester-platform/packages/database/src/audit.ts:72:25
deploy-test	Run pnpm verify	2026-10-06T10:28:06.8161642Z 
deploy-test	Run pnpm verify	2026-10-06T10:28:06.8161889Z   69 /** 写一条审计记录。可在事务内（tx）或根 client 上调用。 */
deploy-test	Run pnpm verify	2026-10-06T10:28:06.8162318Z   70 export async function recordAudit(client: DbClient, entry: AuditEntry): Promise<void> {
deploy-test	Run pnpm verify	2026-10-06T10:28:06.8162724Z   71   const ctx = getRequestContext();
deploy-test	Run pnpm verify	2026-10-06T10:28:06.8163054Z → 72   await client.auditLog.create(
deploy-test	Run pnpm verify	2026-10-06T10:28:06.8163416Z Database error. Code: `P0001`. Message: `QA04 audit unavailable`
deploy-test	Run pnpm verify	2026-10-06T10:28:06.8164245Z     at redactSensitive ^[[90m(/home/runner/work/food-digester-platform/food-digester-platform/^[[39mpackages/observability/src/redaction.ts:43:19^[[90m)^[[39m
deploy-test	Run pnpm verify	2026-10-06T10:28:06.8164842Z     at Array.map (<anonymous>)
deploy-test	Run pnpm verify	2026-10-06T10:28:06.8165557Z     at Object.error ^[[90m(/home/runner/work/food-digester-platform/food-digester-platform/^[[39mpackages/observability/src/redaction.ts:70:18^[[90m)^[[39m
deploy-test	Run pnpm verify	2026-10-06T10:28:06.8166490Z     at audited ^[[90m(/home/runner/work/food-digester-platform/food-digester-platform/^[[39mpackages/database/src/audit.ts:144:14^[[90m)^[[39m
deploy-test	Run pnpm verify	2026-10-06T10:28:06.8167273Z ^[[90m    at processTicksAndRejections (node:internal/process/task_queues:103:5)^[[39m
deploy-test	Run pnpm verify	2026-10-06T10:28:06.8168111Z     at ^[[90m/home/runner/work/food-digester-platform/food-digester-platform/^[[39mapps/cloud-api/src/admin/device-status/handler.ts:79:20
deploy-test	Run pnpm verify	2026-10-06T10:28:06.8169346Z     at Object.suspend ^[[90m(/home/runner/work/food-digester-platform/food-digester-platform/^[[39mapps/cloud-api/src/admin/device-status/handler.ts:104:16^[[90m)^[[39m
deploy-test	Run pnpm verify	2026-10-06T10:28:06.8170340Z     at ^[[90m/home/runner/work/food-digester-platform/food-digester-platform/^[[39mapps/cloud-api/test/qa04-core-api.test.ts:193:20
deploy-test	Run pnpm verify	2026-10-06T10:28:06.8171309Z     at withFixture ^[[90m(/home/runner/work/food-digester-platform/food-digester-platform/^[[39mapps/cloud-api/test/qa04-core-api.test.ts:50:13^[[90m)^[[39m
deploy-test	Run pnpm verify	2026-10-06T10:28:06.8172247Z     at ^[[90m/home/runner/work/food-digester-platform/food-digester-platform/^[[39mapps/cloud-api/test/qa04-core-api.test.ts:184:3
deploy-test	Run pnpm verify	2026-10-06T10:28:06.8172665Z 
deploy-test	Run pnpm verify	2026-10-06T10:28:06.8440905Z  ^[[32m✓^[[39m apps/cloud-api/test/qa04-core-api.test.ts ^[[2m(^[[22m^[[2m3 tests^[[22m^[[2m)^[[22m^[[33m 5577^[[2mms^[[22m^[[39m
deploy-test	Run pnpm verify	2026-10-06T10:28:06.8472376Z    ^[[33m^[[2m✓^[[22m^[[39m QA04 five roles, two tenants: read scope, mutation and audit boundaries ^[[33m 2544^[[2mms^[[22m^[[39m
deploy-test	Run pnpm verify	2026-10-06T10:28:06.8474219Z    ^[[33m^[[2m✓^[[22m^[[39m QA04 concurrent If-Match writes have one winner and one success audit ^[[33m 1495^[[2mms^[[22m^[[39m
deploy-test	Run pnpm verify	2026-10-06T10:28:06.8475194Z    ^[[33m^[[2m✓^[[22m^[[39m QA04 audit failure rolls back lifecycle/outbox; retry and replay preserve exactly one audit ^[[33m 1536^[[2mms^[[22m^[[39m
deploy-test	Run pnpm verify	2026-10-06T10:28:06.9913056Z Bundling asset DeployTest/ActivityExportFn/Code/Stage...
deploy-test	Run pnpm verify	2026-10-06T10:28:07.5025305Z ^[[90mstderr^[[2m | apps/ingestion-worker/test/qa03-data-path.test.ts^[[2m > ^[[22m^[[2mQA03 archive queue outage and manifest failure converge with stable objects
deploy-test	Run pnpm verify	2026-10-06T10:28:07.5026610Z ^[[22m^[[39marchive validation rejected {
deploy-test	Run pnpm verify	2026-10-06T10:28:07.5027715Z   kind: ^[[32m'archive.validation_rejected'^[[39m,
deploy-test	Run pnpm verify	2026-10-06T10:28:07.5028194Z   messageId: ^[[32m'invalid-archive'^[[39m,
deploy-test	Run pnpm verify	2026-10-06T10:28:07.5028600Z   eventId: ^[[1mnull^[[22m,
deploy-test	Run pnpm verify	2026-10-06T10:28:07.5028959Z   errorPath: ^[[32m'$'^[[39m,
deploy-test	Run pnpm verify	2026-10-06T10:28:07.5029731Z   reason: ^[[32m"Expected property name or '}' in JSON at position 1 (line 1 column 2)"^[[39m,
deploy-test	Run pnpm verify	2026-10-06T10:28:07.5030276Z   rawBody: ^[[32m'{bad'^[[39m
deploy-test	Run pnpm verify	2026-10-06T10:28:07.5030608Z }
deploy-test	Run pnpm verify	2026-10-06T10:28:07.5030813Z 
deploy-test	Run pnpm verify	2026-10-06T10:28:07.6790635Z Bundling asset DeployTest/EsgExportFn/Code/Stage...
deploy-test	Run pnpm verify	2026-10-06T10:28:08.4411393Z Bundling asset DeployTest/CommandPublisherFn/Code/Stage...
deploy-test	Run pnpm verify	2026-10-06T10:28:09.0796385Z Bundling asset DeployTest/CommandTimeoutFn/Code/Stage...
deploy-test	Run pnpm verify	2026-10-06T10:28:09.5893441Z  ^[[32m✓^[[39m packages/auth/test/device-mtls.test.ts ^[[2m(^[[22m^[[2m11 tests^[[22m^[[2m)^[[22m^[[33m 2351^[[2mms^[[22m^[[39m
deploy-test	Run pnpm verify	2026-10-06T10:28:09.7602224Z Bundling asset DeployTest/OtaDispatcherFn/Code/Stage...
deploy-test	Run pnpm verify	2026-10-06T10:28:10.3124934Z Bundling asset DeployTest/OnboardingApiFn/Code/Stage...
deploy-test	Run pnpm verify	2026-10-06T10:28:10.9069484Z Bundling asset DeployTest/OnboardingProvisioningFn/Code/Stage...
deploy-test	Run pnpm verify	2026-10-06T10:28:11.5459730Z Bundling asset DeployTest/DeviceApiFn/Code/Stage...
deploy-test	Run pnpm verify	2026-10-06T10:28:11.6952506Z  ^[[32m✓^[[39m apps/ingestion-worker/test/qa03-data-path.test.ts ^[[2m(^[[22m^[[2m5 tests^[[22m^[[2m)^[[22m^[[33m 11846^[[2mms^[[22m^[[39m
deploy-test	Run pnpm verify	2026-10-06T10:28:11.6980658Z    ^[[33m^[[2m✓^[[22m^[[39m QA03 eight routes: business + receipts + outbox + raw archive, duplicate redelivery ^[[33m 4682^[[2mms^[[22m^[[39m
deploy-test	Run pnpm verify	2026-10-06T10:28:11.6981831Z    ^[[33m^[[2m✓^[[22m^[[39m QA03 partial failure, quarantine retry, payload conflict and gap recovery ^[[33m 1535^[[2mms^[[22m^[[39m
deploy-test	Run pnpm verify	2026-10-06T10:28:11.6982788Z    ^[[33m^[[2m✓^[[22m^[[39m QA03 archive queue outage and manifest failure converge with stable objects ^[[33m 1439^[[2mms^[[22m^[[39m
deploy-test	Run pnpm verify	2026-10-06T10:28:11.6983710Z    ^[[33m^[[2m✓^[[22m^[[39m QA03 business/receipt/outbox transaction rollback then retry ^[[33m 1591^[[2mms^[[22m^[[39m
deploy-test	Run pnpm verify	2026-10-06T10:28:11.6984594Z    ^[[33m^[[2m✓^[[22m^[[39m QA03 isolated resources are cleaned even when the scenario throws ^[[33m 2595^[[2mms^[[22m^[[39m
deploy-test	Run pnpm verify	2026-10-06T10:28:12.1241779Z Bundling asset DeployTest/ApiFn/Code/Stage...
deploy-test	Run pnpm verify	2026-10-06T10:28:14.4301116Z  ^[[32m✓^[[39m apps/admin-web/test/audit-logs.test.tsx ^[[2m(^[[22m^[[2m9 tests^[[22m^[[2m)^[[22m^[[33m 3348^[[2mms^[[22m^[[39m
deploy-test	Run pnpm verify	2026-10-06T10:28:14.4330905Z    ^[[33m^[[2m✓^[[22m^[[39m 筛选：actor/Customer/对象/动作/结果/时间全字段回调（时间转 UTC ISO） ^[[33m 1726^[[2mms^[[22m^[[39m
deploy-test	Run pnpm verify	2026-10-06T10:28:14.4360367Z    ^[[33m^[[2m✓^[[22m^[[39m 分页正确：下一页携带 nextCursor ^[[33m 502^[[2mms^[[22m^[[39m
deploy-test	Run pnpm verify	2026-10-06T10:28:14.4390046Z    ^[[33m^[[2m✓^[[22m^[[39m 详情：显示脱敏前后值、requestId、原因与 IP/UA ^[[33m 327^[[2mms^[[22m^[[39m
deploy-test	Run pnpm verify	2026-10-06T10:28:14.7861021Z  ^[[32m✓^[[39m packages/domain/test/command.test.ts ^[[2m(^[[22m^[[2m16 tests^[[22m^[[2m)^[[22m^[[32m 11^[[2mms^[[22m^[[39m
deploy-test	Run pnpm verify	2026-10-06T10:28:15.5456970Z  ^[[32m✓^[[39m apps/cloud-api/test/csr-onboarding.test.ts ^[[2m(^[[22m^[[2m1 test^[[22m^[[2m)^[[22m^[[33m 2946^[[2mms^[[22m^[[39m
deploy-test	Run pnpm verify	2026-10-06T10:28:15.5457789Z      ^[[33m^[[2m✓^[[22m^[[39m 匿名申请、相同公钥幂等、换钥冲突；签名轮询拒绝重放 ^[[33m 365^[[2mms^[[22m^[[39m
deploy-test	Run pnpm verify	2026-10-06T10:28:15.6490975Z  ^[[32m✓^[[39m apps/admin-web/test/auth-flow.test.ts ^[[2m(^[[22m^[[2m18 tests^[[22m^[[2m)^[[22m^[[33m 628^[[2mms^[[22m^[[39m
deploy-test	Run pnpm verify	2026-10-06T10:28:15.8444733Z  ^[[32m✓^[[39m packages/domain/test/license.test.ts ^[[2m(^[[22m^[[2m17 tests^[[22m^[[2m)^[[22m^[[32m 20^[[2mms^[[22m^[[39m
deploy-test	Run pnpm verify	2026-10-06T10:28:16.1894266Z  ^[[32m✓^[[39m infra/test/deployment-config.test.ts ^[[2m(^[[22m^[[2m2 tests^[[22m^[[2m)^[[22m^[[33m 15892^[[2mms^[[22m^[[39m
deploy-test	Run pnpm verify	2026-10-06T10:28:16.1896592Z    ^[[33m^[[2m✓^[[22m^[[39m deployment template: unauthed OPTIONS only, fixed origin errors, pinned truststore and private one-shot migration ^[[33m 15885^[[2mms^[[22m^[[39m
deploy-test	Run pnpm verify	2026-10-06T10:28:18.4790334Z  ^[[32m✓^[[39m packages/database/test/db03.test.ts ^[[2m(^[[22m^[[2m10 tests^[[22m^[[2m)^[[22m^[[33m 2599^[[2mms^[[22m^[[39m
deploy-test	Run pnpm verify	2026-10-06T10:28:18.9144058Z  ^[[32m✓^[[39m apps/admin-web/test/device-view.test.tsx ^[[2m(^[[22m^[[2m6 tests^[[22m^[[2m)^[[22m^[[33m 1106^[[2mms^[[22m^[[39m
deploy-test	Run pnpm verify	2026-10-06T10:28:18.9145613Z    ^[[33m^[[2m✓^[[22m^[[39m 选择设备并应用：四级联动；未选设备禁用应用 ^[[33m 688^[[2mms^[[22m^[[39m
deploy-test	Run pnpm verify	2026-10-06T10:28:19.4080912Z  ^[[32m✓^[[39m apps/cloud-api/test/certificate-status.test.ts ^[[2m(^[[22m^[[2m8 tests^[[22m^[[2m)^[[22m^[[33m 2341^[[2mms^[[22m^[[39m
deploy-test	Run pnpm verify	2026-10-06T10:28:22.0721074Z  ^[[32m✓^[[39m apps/cloud-api/test/admin-replay.test.ts ^[[2m(^[[22m^[[2m5 tests^[[22m^[[2m)^[[22m^[[33m 2492^[[2mms^[[22m^[[39m
deploy-test	Run pnpm verify	2026-10-06T10:28:22.6051056Z  ^[[32m✓^[[39m apps/ingestion-worker/test/rotation-confirmation.test.ts ^[[2m(^[[22m^[[2m8 tests^[[22m^[[2m)^[[22m^[[33m 2878^[[2mms^[[22m^[[39m
deploy-test	Run pnpm verify	2026-10-06T10:28:23.4730487Z  ^[[32m✓^[[39m apps/admin-web/test/onboarding.test.tsx ^[[2m(^[[22m^[[2m11 tests^[[22m^[[2m)^[[22m^[[33m 3312^[[2mms^[[22m^[[39m
deploy-test	Run pnpm verify	2026-10-06T10:28:23.4760336Z    ^[[33m^[[2m✓^[[22m^[[39m 列表与状态筛选：PENDING/APPROVED/REJECTED/TIMED_OUT 标签与状态列 ^[[33m 878^[[2mms^[[22m^[[39m
deploy-test	Run pnpm verify	2026-10-06T10:28:23.4760971Z    ^[[33m^[[2m✓^[[22m^[[39m 批准：确认后提交并跳转设备详情（携带序列号，不伪造设备记录） ^[[33m 452^[[2mms^[[22m^[[39m
deploy-test	Run pnpm verify	2026-10-06T10:28:23.4761399Z    ^[[33m^[[2m✓^[[22m^[[39m 拒绝：原因必填；提交后刷新列表 ^[[33m 673^[[2mms^[[22m^[[39m
deploy-test	Run pnpm verify	2026-10-06T10:28:23.4761814Z    ^[[33m^[[2m✓^[[22m^[[39m 重复点击不会重复审批：在途期间后续提交被忽略 ^[[33m 351^[[2mms^[[22m^[[39m
deploy-test	Run pnpm verify	2026-10-06T10:28:23.4762326Z    ^[[33m^[[2m✓^[[22m^[[39m 并发审批冲突：409 VERSION_CONFLICT 显示刷新提示 ^[[33m 353^[[2mms^[[22m^[[39m
deploy-test	Run pnpm verify	2026-10-06T10:28:24.0051191Z  ^[[32m✓^[[39m packages/database/test/client-preparation.test.ts ^[[2m(^[[22m^[[2m4 tests^[[22m^[[2m)^[[22m^[[32m 200^[[2mms^[[22m^[[39m
deploy-test	Run pnpm verify	2026-10-06T10:28:25.5934510Z  ^[[32m✓^[[39m apps/cloud-api/test/admin-certificate-rotation.test.ts ^[[2m(^[[22m^[[2m4 tests^[[22m^[[2m)^[[22m^[[33m 2322^[[2mms^[[22m^[[39m
deploy-test	Run pnpm verify	2026-10-06T10:28:25.6071458Z  ^[[32m✓^[[39m apps/admin-web/test/i18n.test.tsx ^[[2m(^[[22m^[[2m7 tests^[[22m^[[2m)^[[22m^[[33m 2026^[[2mms^[[22m^[[39m
deploy-test	Run pnpm verify	2026-10-06T10:28:25.6094475Z    ^[[33m^[[2m✓^[[22m^[[39m 切换语言：菜单/面包屑/共享组件文案即时完整更新；localStorage 与 <html lang> 同步 ^[[33m 1349^[[2mms^[[22m^[[39m
deploy-test	Run pnpm verify	2026-10-06T10:28:25.6110284Z    ^[[33m^[[2m✓^[[22m^[[39m 刷新/重新登录后语言保持：重新挂载读取持久化值 ^[[33m 601^[[2mms^[[22m^[[39m
deploy-test	Run pnpm verify	2026-10-06T10:28:25.9674167Z  ^[[32m✓^[[39m infra/test/deployment-governance.test.ts ^[[2m(^[[22m^[[2m2 tests^[[22m^[[2m)^[[22m^[[32m 5^[[2mms^[[22m^[[39m
deploy-test	Run pnpm verify	2026-10-06T10:28:28.9151332Z  ^[[32m✓^[[39m apps/cloud-api/test/device-retirement-timeout.test.ts ^[[2m(^[[22m^[[2m5 tests^[[22m^[[2m)^[[22m^[[33m 2289^[[2mms^[[22m^[[39m
deploy-test	Run pnpm verify	2026-10-06T10:28:29.0610990Z  ^[[32m✓^[[39m packages/domain/test/contract.test.ts ^[[2m(^[[22m^[[2m9 tests^[[22m^[[2m)^[[22m^[[32m 5^[[2mms^[[22m^[[39m
deploy-test	Run pnpm verify	2026-10-06T10:28:29.1580483Z  ^[[32m✓^[[39m apps/admin-web/test/shell.test.tsx ^[[2m(^[[22m^[[2m8 tests^[[22m^[[2m)^[[22m^[[33m 2108^[[2mms^[[22m^[[39m
deploy-test	Run pnpm verify	2026-10-06T10:28:29.1587833Z    ^[[33m^[[2m✓^[[22m^[[39m 菜单按角色过滤：PlatformSuperAdmin 见全部 17 项；CustomerViewer 不见受限项 ^[[33m 1370^[[2mms^[[22m^[[39m
deploy-test	Run pnpm verify	2026-10-06T10:28:29.2079623Z  ^[[32m✓^[[39m apps/admin-web/test/session-manager.test.ts ^[[2m(^[[22m^[[2m10 tests^[[22m^[[2m)^[[22m^[[32m 8^[[2mms^[[22m^[[39m
deploy-test	Run pnpm verify	2026-10-06T10:28:29.4475551Z  ^[[32m✓^[[39m apps/cloud-api/test/device-lambda-composition.test.ts ^[[2m(^[[22m^[[2m13 tests^[[22m^[[2m)^[[22m^[[32m 19^[[2mms^[[22m^[[39m
deploy-test	Run pnpm verify	2026-10-06T10:28:29.7954729Z  ^[[32m✓^[[39m apps/cloud-api/test/admin-p1-strict-request.test.ts ^[[2m(^[[22m^[[2m2 tests^[[22m^[[2m)^[[22m^[[32m 21^[[2mms^[[22m^[[39m
deploy-test	Run pnpm verify	2026-10-06T10:28:30.4792327Z Bundling asset Qa09Perf/IngestionFn/Code/Stage...
deploy-test	Run pnpm verify	2026-10-06T10:28:30.6930949Z  ^[[32m✓^[[39m apps/admin-web/test/sites.test.tsx ^[[2m(^[[22m^[[2m7 tests^[[22m^[[2m)^[[22m^[[33m 4937^[[2mms^[[22m^[[39m
deploy-test	Run pnpm verify	2026-10-06T10:28:30.6960497Z    ^[[33m^[[2m✓^[[22m^[[39m 列表：Region/Subregion/时区/联系人/设备数/状态列完整；筛选可变更 ^[[33m 618^[[2mms^[[22m^[[39m
deploy-test	Run pnpm verify	2026-10-06T10:28:30.6961142Z    ^[[33m^[[2m✓^[[22m^[[39m 创建：非法时区客户端拦截不提交；合法输入提交成功 ^[[33m 1777^[[2mms^[[22m^[[39m
deploy-test	Run pnpm verify	2026-10-06T10:28:30.6961681Z    ^[[33m^[[2m✓^[[22m^[[39m 编辑：customerId 不可变（只读展示）；提交携带当前 version ^[[33m 993^[[2mms^[[22m^[[39m
deploy-test	Run pnpm verify	2026-10-06T10:28:30.6962732Z    ^[[33m^[[2m✓^[[22m^[[39m 停用：展示关联设备数提示；原因必填；409 版本冲突提示刷新 ^[[33m 1205^[[2mms^[[22m^[[39m
deploy-test	Run pnpm verify	2026-10-06T10:28:31.0400950Z  ^[[32m✓^[[39m apps/admin-web/test/guard-menu.test.ts ^[[2m(^[[22m^[[2m13 tests^[[22m^[[2m)^[[22m^[[32m 7^[[2mms^[[22m^[[39m
deploy-test	Run pnpm verify	2026-10-06T10:28:31.1152938Z Bundling asset Qa09Perf/ArchiveFn/Code/Stage...
deploy-test	Run pnpm verify	2026-10-06T10:28:31.4431021Z  ^[[32m✓^[[39m packages/database/test/observed-pg.test.ts ^[[2m(^[[22m^[[2m4 tests^[[22m^[[2m)^[[22m^[[32m 134^[[2mms^[[22m^[[39m
deploy-test	Run pnpm verify	2026-10-06T10:28:31.5258419Z Bundling asset Qa09Perf/OutboxPublisherFn/Code/Stage...
deploy-test	Run pnpm verify	2026-10-06T10:28:31.6091625Z  ^[[32m✓^[[39m packages/aws-clients/test/iot-device-policy.test.ts ^[[2m(^[[22m^[[2m12 tests^[[22m^[[2m)^[[22m^[[32m 7^[[2mms^[[22m^[[39m
deploy-test	Run pnpm verify	2026-10-06T10:28:31.7794244Z  ^[[32m✓^[[39m apps/admin-web/test/http-client.test.ts ^[[2m(^[[22m^[[2m7 tests^[[22m^[[2m)^[[22m^[[32m 6^[[2mms^[[22m^[[39m
deploy-test	Run pnpm verify	2026-10-06T10:28:32.0804556Z Bundling asset Qa09Perf/NotificationPublisherFn/Code/Stage...
deploy-test	Run pnpm verify	2026-10-06T10:28:32.6450574Z Bundling asset Qa09Perf/SummaryFn/Code/Stage...
deploy-test	Run pnpm verify	2026-10-06T10:28:33.4531113Z Bundling asset Qa09Perf/ReplayTriggerPublisherFn/Code/Stage...
deploy-test	Run pnpm verify	2026-10-06T10:28:33.5817470Z  ^[[32m✓^[[39m apps/admin-web/test/device-groups.test.tsx ^[[2m(^[[22m^[[2m6 tests^[[22m^[[2m)^[[22m^[[33m 2691^[[2mms^[[22m^[[39m
deploy-test	Run pnpm verify	2026-10-06T10:28:33.5840563Z    ^[[33m^[[2m✓^[[22m^[[39m 列表字段覆盖矩阵：序号/区域/子区域/ID/别名/合约/租期/固件/四轴/操作 ^[[33m 814^[[2mms^[[22m^[[39m
deploy-test	Run pnpm verify	2026-10-06T10:28:33.5841270Z    ^[[33m^[[2m✓^[[22m^[[39m 筛选：搜索应用草稿（关键字+四轴+授权），重置清空 ^[[33m 616^[[2mms^[[22m^[[39m
deploy-test	Run pnpm verify	2026-10-06T10:28:33.5841920Z    ^[[33m^[[2m✓^[[22m^[[39m Region/Subregion/Site 联动筛选进入查询条件 ^[[33m 647^[[2mms^[[22m^[[39m
deploy-test	Run pnpm verify	2026-10-06T10:28:34.0803744Z Bundling asset Qa09Perf/ReplayFn/Code/Stage...
deploy-test	Run pnpm verify	2026-10-06T10:28:34.3757333Z  ^[[32m✓^[[39m apps/ingestion-worker/test/ota-status-ack.test.ts ^[[2m(^[[22m^[[2m3 tests^[[22m^[[2m)^[[22m^[[33m 2260^[[2mms^[[22m^[[39m
deploy-test	Run pnpm verify	2026-10-06T10:28:34.7294824Z Bundling asset Qa09Perf/CertPackageSweeperFn/Code/Stage...
deploy-test	Run pnpm verify	2026-10-06T10:28:35.5029831Z Bundling asset Qa09Perf/OnboardingDeadlineFn/Code/Stage...
deploy-test	Run pnpm verify	2026-10-06T10:28:36.0920453Z Bundling asset Qa09Perf/RetirementTimeoutFn/Code/Stage...
deploy-test	Run pnpm verify	2026-10-06T10:28:36.4530820Z  ^[[32m✓^[[39m apps/cloud-api/test/provisioning-worker.test.ts ^[[2m(^[[22m^[[2m4 tests^[[22m^[[2m)^[[22m^[[33m 2246^[[2mms^[[22m^[[39m
deploy-test	Run pnpm verify	2026-10-06T10:28:36.7374426Z Bundling asset Qa09Perf/ActivityExportFn/Code/Stage...
deploy-test	Run pnpm verify	2026-10-06T10:28:37.2891681Z Bundling asset Qa09Perf/EsgExportFn/Code/Stage...
deploy-test	Run pnpm verify	2026-10-06T10:28:37.7974420Z Bundling asset Qa09Perf/CommandPublisherFn/Code/Stage...
deploy-test	Run pnpm verify	2026-10-06T10:28:38.3001976Z Bundling asset Qa09Perf/CommandTimeoutFn/Code/Stage...
deploy-test	Run pnpm verify	2026-10-06T10:28:38.8557656Z Bundling asset Qa09Perf/OtaDispatcherFn/Code/Stage...
deploy-test	Run pnpm verify	2026-10-06T10:28:39.3866306Z Bundling asset Qa09Perf/OnboardingApiFn/Code/Stage...
deploy-test	Run pnpm verify	2026-10-06T10:28:39.8754340Z Bundling asset Qa09Perf/OnboardingProvisioningFn/Code/Stage...
deploy-test	Run pnpm verify	2026-10-06T10:28:39.9940418Z  ^[[32m✓^[[39m apps/admin-web/test/app-smoke.test.tsx ^[[2m(^[[22m^[[2m10 tests^[[22m^[[2m)^[[22m^[[33m 1812^[[2mms^[[22m^[[39m
deploy-test	Run pnpm verify	2026-10-06T10:28:39.9941845Z      ^[[33m^[[2m✓^[[22m^[[39m 未登录访问根路径会进入登录页，并在登录后返回 dashboard ^[[33m 335^[[2mms^[[22m^[[39m
deploy-test	Run pnpm verify	2026-10-06T10:28:39.9942722Z      ^[[33m^[[2m✓^[[22m^[[39m 当前业务页面和打开的表单即时切换语言，同时保留未保存输入且不重新请求 ^[[33m 733^[[2mms^[[22m^[[39m
deploy-test	Run pnpm verify	2026-10-06T10:28:40.4130746Z Bundling asset Qa09Perf/DeviceApiFn/Code/Stage...
deploy-test	Run pnpm verify	2026-10-06T10:28:40.7630761Z  ^[[32m✓^[[39m packages/aws-clients/test/project-ca-certificate-issuer.test.ts ^[[2m(^[[22m^[[2m3 tests^[[22m^[[2m)^[[22m^[[33m 547^[[2mms^[[22m^[[39m
deploy-test	Run pnpm verify	2026-10-06T10:28:40.8961892Z  ^[[32m✓^[[39m apps/admin-web/test/customers.test.tsx ^[[2m(^[[22m^[[2m6 tests^[[22m^[[2m)^[[22m^[[33m 4680^[[2mms^[[22m^[[39m
deploy-test	Run pnpm verify	2026-10-06T10:28:40.8973307Z    ^[[33m^[[2m✓^[[22m^[[39m 列表与状态筛选；详情展示版本相关字段 ^[[33m 678^[[2mms^[[22m^[[39m
deploy-test	Run pnpm verify	2026-10-06T10:28:40.8974066Z    ^[[33m^[[2m✓^[[22m^[[39m 创建：名称为空禁用；提交成功后刷新 ^[[33m 608^[[2mms^[[22m^[[39m
deploy-test	Run pnpm verify	2026-10-06T10:28:40.8974705Z    ^[[33m^[[2m✓^[[22m^[[39m 编辑：携带当前 version（If-Match 乐观锁） ^[[33m 819^[[2mms^[[22m^[[39m
deploy-test	Run pnpm verify	2026-10-06T10:28:40.8975314Z    ^[[33m^[[2m✓^[[22m^[[39m 停用：原因必填（写审计）；成功后刷新 ^[[33m 890^[[2mms^[[22m^[[39m
deploy-test	Run pnpm verify	2026-10-06T10:28:40.8975980Z    ^[[33m^[[2m✓^[[22m^[[39m 并发冲突：409 VERSION_CONFLICT 提示刷新；409 CONFLICT 展示后端原因 ^[[33m 1580^[[2mms^[[22m^[[39m
deploy-test	Run pnpm verify	2026-10-06T10:28:40.9028381Z  ^[[32m✓^[[39m packages/observability/test/data-path.test.ts ^[[2m(^[[22m^[[2m6 tests^[[22m^[[2m)^[[22m^[[32m 6^[[2mms^[[22m^[[39m
deploy-test	Run pnpm verify	2026-10-06T10:28:40.9582857Z Bundling asset Qa09Perf/ApiFn/Code/Stage...
deploy-test	Run pnpm verify	2026-10-06T10:28:41.0316473Z  ^[[32m✓^[[39m packages/domain/test/consumable.test.ts ^[[2m(^[[22m^[[2m9 tests^[[22m^[[2m)^[[22m^[[32m 5^[[2mms^[[22m^[[39m
deploy-test	Run pnpm verify	2026-10-06T10:28:41.1514857Z  ^[[32m✓^[[39m apps/admin-web/test/srp.test.ts ^[[2m(^[[22m^[[2m7 tests^[[22m^[[2m)^[[22m^[[32m 119^[[2mms^[[22m^[[39m
deploy-test	Run pnpm verify	2026-10-06T10:28:41.3422354Z  ^[[32m✓^[[39m packages/domain/test/configuration.test.ts ^[[2m(^[[22m^[[2m8 tests^[[22m^[[2m)^[[22m^[[32m 11^[[2mms^[[22m^[[39m
deploy-test	Run pnpm verify	2026-10-06T10:28:41.4533983Z  ^[[32m✓^[[39m packages/auth/test/cognito.test.ts ^[[2m(^[[22m^[[2m14 tests^[[22m^[[2m)^[[22m^[[32m 142^[[2mms^[[22m^[[39m
deploy-test	Run pnpm verify	2026-10-06T10:28:41.6110780Z  ^[[32m✓^[[39m packages/auth/test/guard.test.ts ^[[2m(^[[22m^[[2m10 tests^[[22m^[[2m)^[[22m^[[32m 7^[[2mms^[[22m^[[39m
deploy-test	Run pnpm verify	2026-10-06T10:28:41.9167147Z  ^[[32m✓^[[39m apps/ingestion-worker/test/replay-runtime.test.ts ^[[2m(^[[22m^[[2m4 tests^[[22m^[[2m)^[[22m^[[32m 7^[[2mms^[[22m^[[39m
deploy-test	Run pnpm verify	2026-10-06T10:28:42.5138470Z  ^[[32m✓^[[39m apps/cloud-api/test/admin-cus-dev-strict-contract.test.ts ^[[2m(^[[22m^[[2m2 tests^[[22m^[[2m)^[[22m^[[32m 53^[[2mms^[[22m^[[39m
deploy-test	Run pnpm verify	2026-10-06T10:28:42.7301804Z ^[[90mstdout^[[2m | apps/cloud-api/test/admin-cors.test.ts^[[2m > ^[[22m^[[2mactual Lambda entry returns preflight without DB Secret or Cognito configuration
deploy-test	Run pnpm verify	2026-10-06T10:28:42.7323551Z ^[[22m^[[39m{"event":"admin.request.completed","gatewayRequestId":"unknown","gatewayExtendedRequestId":"unknown","lambdaRequestId":"unknown","operationId":"unknown","status":204,"elapsedMs":0}
deploy-test	Run pnpm verify	2026-10-06T10:28:42.7324861Z 
deploy-test	Run pnpm verify	2026-10-06T10:28:42.7396158Z  ^[[32m✓^[[39m apps/cloud-api/test/admin-cors.test.ts ^[[2m(^[[22m^[[2m6 tests^[[22m^[[2m)^[[22m^[[33m 632^[[2mms^[[22m^[[39m
deploy-test	Run pnpm verify	2026-10-06T10:28:42.7480757Z    ^[[33m^[[2m✓^[[22m^[[39m actual Lambda entry returns preflight without DB Secret or Cognito configuration ^[[33m 624^[[2mms^[[22m^[[39m
deploy-test	Run pnpm verify	2026-10-06T10:28:42.7976724Z  ^[[32m✓^[[39m packages/aws-clients/test/cognito-admin.test.ts ^[[2m(^[[22m^[[2m3 tests^[[22m^[[2m)^[[22m^[[32m 10^[[2mms^[[22m^[[39m
deploy-test	Run pnpm verify	2026-10-06T10:28:43.1720897Z  ^[[32m✓^[[39m packages/auth/test/permission-matrix.test.ts ^[[2m(^[[22m^[[2m8 tests^[[22m^[[2m)^[[22m^[[32m 9^[[2mms^[[22m^[[39m
deploy-test	Run pnpm verify	2026-10-06T10:28:43.3921005Z  ^[[32m✓^[[39m packages/observability/test/redaction.test.ts ^[[2m(^[[22m^[[2m8 tests^[[22m^[[2m)^[[22m^[[32m 7^[[2mms^[[22m^[[39m
deploy-test	Run pnpm verify	2026-10-06T10:28:43.7666977Z Bundling asset TestStack/IngestionFn/Code/Stage...
deploy-test	Run pnpm verify	2026-10-06T10:28:44.2942447Z  ^[[32m✓^[[39m infra/test/qa09-performance.test.ts ^[[2m(^[[22m^[[2m3 tests^[[22m^[[2m)^[[22m^[[33m 13885^[[2mms^[[22m^[[39m
deploy-test	Run pnpm verify	2026-10-06T10:28:44.2943596Z    ^[[33m^[[2m✓^[[22m^[[39m observability and immediate queue synth retain narrow logs and hard DB budgets ^[[33m 13880^[[2mms^[[22m^[[39m
deploy-test	Run pnpm verify	2026-10-06T10:28:44.4162335Z  ^[[32m✓^[[39m apps/cloud-api/test/qa02-device-errors.test.ts ^[[2m(^[[22m^[[2m6 tests^[[22m^[[2m)^[[22m^[[32m 88^[[2mms^[[22m^[[39m
deploy-test	Run pnpm verify	2026-10-06T10:28:44.4472102Z  ^[[32m✓^[[39m apps/cloud-api/test/device-onboarding-lambda.test.ts ^[[2m(^[[22m^[[2m4 tests^[[22m^[[2m)^[[22m^[[32m 4^[[2mms^[[22m^[[39m
deploy-test	Run pnpm verify	2026-10-06T10:28:44.4798864Z Bundling asset TestStack/ArchiveFn/Code/Stage...
deploy-test	Run pnpm verify	2026-10-06T10:28:44.6461033Z  ^[[32m✓^[[39m packages/aws-clients/test/ota-firmware.test.ts ^[[2m(^[[22m^[[2m2 tests^[[22m^[[2m)^[[22m^[[32m 5^[[2mms^[[22m^[[39m
deploy-test	Run pnpm verify	2026-10-06T10:28:44.6997088Z  ^[[32m✓^[[39m packages/aws-clients/test/iot-provisioning-client.test.ts ^[[2m(^[[22m^[[2m2 tests^[[22m^[[2m)^[[22m^[[32m 6^[[2mms^[[22m^[[39m
deploy-test	Run pnpm verify	2026-10-06T10:28:44.8540526Z Bundling asset TestStack/OutboxPublisherFn/Code/Stage...
deploy-test	Run pnpm verify	2026-10-06T10:28:44.9555203Z  ^[[32m✓^[[39m apps/ingestion-worker/test/certificate-package-sweeper.test.ts ^[[2m(^[[22m^[[2m4 tests^[[22m^[[2m)^[[22m^[[32m 7^[[2mms^[[22m^[[39m
deploy-test	Run pnpm verify	2026-10-06T10:28:45.3921709Z Bundling asset TestStack/NotificationPublisherFn/Code/Stage...
deploy-test	Run pnpm verify	2026-10-06T10:28:45.5307566Z  ^[[32m✓^[[39m apps/cloud-api/test/onboarding-contract-parity.test.ts ^[[2m(^[[22m^[[2m3 tests^[[22m^[[2m)^[[22m^[[32m 4^[[2mms^[[22m^[[39m
deploy-test	Run pnpm verify	2026-10-06T10:28:45.5670844Z  ^[[32m✓^[[39m apps/cloud-api/test/device-user-verifier.test.ts ^[[2m(^[[22m^[[2m7 tests^[[22m^[[2m)^[[22m^[[32m 273^[[2mms^[[22m^[[39m
deploy-test	Run pnpm verify	2026-10-06T10:28:45.8851414Z  ^[[32m✓^[[39m packages/auth/test/qa06-jwt-security.test.ts ^[[2m(^[[22m^[[2m1 test^[[22m^[[2m)^[[22m^[[32m 35^[[2mms^[[22m^[[39m
deploy-test	Run pnpm verify	2026-10-06T10:28:45.9673023Z Bundling asset TestStack/SummaryFn/Code/Stage...
deploy-test	Run pnpm verify	2026-10-06T10:28:46.0763486Z  ^[[32m✓^[[39m packages/aws-clients/test/kms-data-key-provider.test.ts ^[[2m(^[[22m^[[2m3 tests^[[22m^[[2m)^[[22m^[[32m 8^[[2mms^[[22m^[[39m
deploy-test	Run pnpm verify	2026-10-06T10:28:46.3030965Z  ^[[32m✓^[[39m packages/aws-clients/test/s3-media-url-signer.test.ts ^[[2m(^[[22m^[[2m2 tests^[[22m^[[2m)^[[22m^[[32m 19^[[2mms^[[22m^[[39m
deploy-test	Run pnpm verify	2026-10-06T10:28:46.4491544Z  ^[[32m✓^[[39m packages/database/test/transaction-observation.test.ts ^[[2m(^[[22m^[[2m5 tests^[[22m^[[2m)^[[22m^[[32m 6^[[2mms^[[22m^[[39m
deploy-test	Run pnpm verify	2026-10-06T10:28:46.5840791Z Bundling asset TestStack/ReplayTriggerPublisherFn/Code/Stage...
deploy-test	Run pnpm verify	2026-10-06T10:28:47.0821044Z  ^[[32m✓^[[39m apps/cloud-api/test/admin-onboarding-parity.test.ts ^[[2m(^[[22m^[[2m3 tests^[[22m^[[2m)^[[22m^[[32m 3^[[2mms^[[22m^[[39m
deploy-test	Run pnpm verify	2026-10-06T10:28:47.1593712Z Bundling asset TestStack/ReplayFn/Code/Stage...
deploy-test	Run pnpm verify	2026-10-06T10:28:47.2418804Z  ^[[32m✓^[[39m apps/admin-web/test/onboarding-network-security.test.ts ^[[2m(^[[22m^[[2m2 tests^[[22m^[[2m)^[[22m^[[32m 4^[[2mms^[[22m^[[39m
deploy-test	Run pnpm verify	2026-10-06T10:28:47.7610503Z Bundling asset TestStack/CertPackageSweeperFn/Code/Stage...
deploy-test	Run pnpm verify	2026-10-06T10:28:47.8790480Z  ^[[32m✓^[[39m apps/admin-web/test/app-foundation.test.ts ^[[2m(^[[22m^[[2m3 tests^[[22m^[[2m)^[[22m^[[32m 5^[[2mms^[[22m^[[39m
deploy-test	Run pnpm verify	2026-10-06T10:28:48.2893607Z Bundling asset TestStack/OnboardingDeadlineFn/Code/Stage...
deploy-test	Run pnpm verify	2026-10-06T10:28:48.3482194Z  ^[[32m✓^[[39m apps/admin-web/test/login-page.test.tsx ^[[2m(^[[22m^[[2m2 tests^[[22m^[[2m)^[[22m^[[33m 1348^[[2mms^[[22m^[[39m
deploy-test	Run pnpm verify	2026-10-06T10:28:48.3484537Z    ^[[33m^[[2m✓^[[22m^[[39m 临时密码登录后突出显示首次登录改密说明与明确提交动作 ^[[33m 797^[[2mms^[[22m^[[39m
deploy-test	Run pnpm verify	2026-10-06T10:28:48.3485342Z    ^[[33m^[[2m✓^[[22m^[[39m 设置新密码失败时显示具体规则且不暴露身份服务英文错误 ^[[33m 549^[[2mms^[[22m^[[39m
deploy-test	Run pnpm verify	2026-10-06T10:28:48.4885472Z  ^[[32m✓^[[39m apps/ingestion-worker/test/archive-drain.test.ts ^[[2m(^[[22m^[[2m3 tests^[[22m^[[2m)^[[22m^[[32m 3^[[2mms^[[22m^[[39m
deploy-test	Run pnpm verify	2026-10-06T10:28:48.8061598Z  ^[[32m✓^[[39m apps/cloud-api/test/retirement-timeout-lambda.test.ts ^[[2m(^[[22m^[[2m2 tests^[[22m^[[2m)^[[22m^[[32m 3^[[2mms^[[22m^[[39m
deploy-test	Run pnpm verify	2026-10-06T10:28:48.8245229Z Bundling asset TestStack/RetirementTimeoutFn/Code/Stage...
deploy-test	Run pnpm verify	2026-10-06T10:28:49.4950385Z Bundling asset TestStack/ActivityExportFn/Code/Stage...
deploy-test	Run pnpm verify	2026-10-06T10:28:50.2498910Z Bundling asset TestStack/EsgExportFn/Code/Stage...
deploy-test	Run pnpm verify	2026-10-06T10:28:50.3125156Z  ^[[32m✓^[[39m apps/admin-web/test/ui-controls.test.tsx ^[[2m(^[[22m^[[2m2 tests^[[22m^[[2m)^[[22m^[[33m 993^[[2mms^[[22m^[[39m
deploy-test	Run pnpm verify	2026-10-06T10:28:50.3172863Z    ^[[33m^[[2m✓^[[22m^[[39m Library controls preserve native form submission and required validation ^[[33m 930^[[2mms^[[22m^[[39m
deploy-test	Run pnpm verify	2026-10-06T10:28:50.6375297Z  ^[[32m✓^[[39m infra/test/admin-bootstrap-execution-stack.test.ts ^[[2m(^[[22m^[[2m2 tests^[[22m^[[2m)^[[22m^[[33m 1530^[[2mms^[[22m^[[39m
deploy-test	Run pnpm verify	2026-10-06T10:28:50.6384546Z    ^[[33m^[[2m✓^[[22m^[[39m admin bootstrap execution binds exact source, email and confirmation to one project ^[[33m 1525^[[2mms^[[22m^[[39m
deploy-test	Run pnpm verify	2026-10-06T10:28:50.7864538Z ^[[90mstderr^[[2m | apps/ingestion-worker/test/archive-runtime.test.ts^[[2m > ^[[22m^[[2mArchive SQS runtime^[[2m > ^[[22m^[[2m非法记录与业务拒绝记录进入 partial batch failure，合法记录仍处理
deploy-test	Run pnpm verify	2026-10-06T10:28:50.7865499Z ^[[22m^[[39marchive validation rejected {
deploy-test	Run pnpm verify	2026-10-06T10:28:50.7866165Z  ^[[32m✓^[[39m apps/ingestion-worker/test/archive-runtime.test.ts ^[[2m(^[[22m^[[2m2 tests^[[22m^[[2m)^[[22m^[[32m 4^[[2mms^[[22m^[[39m
deploy-test	Run pnpm verify	2026-10-06T10:28:50.7867064Z   kind: ^[[32m'archive.validation_rejected'^[[39m,
deploy-test	Run pnpm verify	2026-10-06T10:28:50.7867381Z   messageId: ^[[32m'sqs-invalid'^[[39m,
deploy-test	Run pnpm verify	2026-10-06T10:28:50.7867633Z   eventId: ^[[1mnull^[[22m,
deploy-test	Run pnpm verify	2026-10-06T10:28:50.7867868Z   errorPath: ^[[32m'$'^[[39m,
deploy-test	Run pnpm verify	2026-10-06T10:28:50.7868324Z   reason: ^[[32m"Expected property name or '}' in JSON at position 1 (line 1 column 2)"^[[39m,
deploy-test	Run pnpm verify	2026-10-06T10:28:50.7868756Z   rawBody: ^[[32m'{bad-json'^[[39m
deploy-test	Run pnpm verify	2026-10-06T10:28:50.7868974Z }
deploy-test	Run pnpm verify	2026-10-06T10:28:50.7869299Z 
deploy-test	Run pnpm verify	2026-10-06T10:28:50.8971815Z Bundling asset TestStack/CommandPublisherFn/Code/Stage...
deploy-test	Run pnpm verify	2026-10-06T10:28:50.9031376Z  ^[[32m✓^[[39m packages/auth/test/rate-limit.test.ts ^[[2m(^[[22m^[[2m3 tests^[[22m^[[2m)^[[22m^[[32m 4^[[2mms^[[22m^[[39m
deploy-test	Run pnpm verify	2026-10-06T10:28:51.0001182Z  ^[[32m✓^[[39m packages/observability/test/request-correlation.test.ts ^[[2m(^[[22m^[[2m2 tests^[[22m^[[2m)^[[22m^[[32m 3^[[2mms^[[22m^[[39m
deploy-test	Run pnpm verify	2026-10-06T10:28:51.2246280Z  ^[[32m✓^[[39m packages/aws-clients/test/s3-activity-export.test.ts ^[[2m(^[[22m^[[2m1 test^[[22m^[[2m)^[[22m^[[32m 5^[[2mms^[[22m^[[39m
deploy-test	Run pnpm verify	2026-10-06T10:28:51.4296884Z  ^[[32m✓^[[39m apps/admin-web/test/locale-value.test.tsx ^[[2m(^[[22m^[[2m2 tests^[[22m^[[2m)^[[22m^[[32m 40^[[2mms^[[22m^[[39m
deploy-test	Run pnpm verify	2026-10-06T10:28:51.4425945Z Bundling asset TestStack/CommandTimeoutFn/Code/Stage...
deploy-test	Run pnpm verify	2026-10-06T10:28:51.5701049Z  ^[[32m✓^[[39m packages/aws-clients/test/s3-media-object-storage.test.ts ^[[2m(^[[22m^[[2m2 tests^[[22m^[[2m)^[[22m^[[32m 4^[[2mms^[[22m^[[39m
deploy-test	Run pnpm verify	2026-10-06T10:28:51.8483053Z  ^[[32m✓^[[39m packages/auth/test/contract-parity.test.ts ^[[2m(^[[22m^[[2m2 tests^[[22m^[[2m)^[[22m^[[32m 3^[[2mms^[[22m^[[39m
deploy-test	Run pnpm verify	2026-10-06T10:28:52.0216681Z Bundling asset TestStack/OtaDispatcherFn/Code/Stage...
deploy-test	Run pnpm verify	2026-10-06T10:28:52.0855010Z  ^[[32m✓^[[39m packages/aws-clients/test/s3-archive-store.test.ts ^[[2m(^[[22m^[[2m1 test^[[22m^[[2m)^[[22m^[[32m 8^[[2mms^[[22m^[[39m
deploy-test	Run pnpm verify	2026-10-06T10:28:52.3690918Z  ^[[32m✓^[[39m packages/aws-clients/test/database-secret.test.ts ^[[2m(^[[22m^[[2m2 tests^[[22m^[[2m)^[[22m^[[32m 6^[[2mms^[[22m^[[39m
deploy-test	Run pnpm verify	2026-10-06T10:28:52.5790541Z  ^[[32m✓^[[39m infra/test/template-security.test.ts ^[[2m(^[[22m^[[2m4 tests^[[22m^[[2m)^[[22m^[[32m 4^[[2mms^[[22m^[[39m
deploy-test	Run pnpm verify	2026-10-06T10:28:52.6950490Z Bundling asset TestStack/OnboardingApiFn/Code/Stage...
deploy-test	Run pnpm verify	2026-10-06T10:28:52.8771041Z  ^[[32m✓^[[39m packages/aws-clients/test/topic-parity.test.ts ^[[2m(^[[22m^[[2m1 test^[[22m^[[2m)^[[22m^[[32m 2^[[2mms^[[22m^[[39m
deploy-test	Run pnpm verify	2026-10-06T10:28:53.0932010Z  ^[[32m✓^[[39m infra/test/topic-catalog-parity.test.ts ^[[2m(^[[22m^[[2m1 test^[[22m^[[2m)^[[22m^[[32m 9^[[2mms^[[22m^[[39m
deploy-test	Run pnpm verify	2026-10-06T10:28:53.2375970Z  ^[[32m✓^[[39m infra/test/migration-execution-stack.test.ts ^[[2m(^[[22m^[[2m2 tests^[[22m^[[2m)^[[22m^[[33m 1358^[[2mms^[[22m^[[39m
deploy-test	Run pnpm verify	2026-10-06T10:28:53.2396052Z    ^[[33m^[[2m✓^[[22m^[[39m migration execution is exact-version, exact-commit, and project-scoped ^[[33m 1350^[[2mms^[[22m^[[39m
deploy-test	Run pnpm verify	2026-10-06T10:28:53.3418166Z  ^[[32m✓^[[39m packages/aws-clients/test/iot-data-publisher.test.ts ^[[2m(^[[22m^[[2m1 test^[[22m^[[2m)^[[22m^[[32m 7^[[2mms^[[22m^[[39m
deploy-test	Run pnpm verify	2026-10-06T10:28:53.3752869Z  ^[[32m✓^[[39m apps/cloud-api/test/command-phase-observer.test.ts ^[[2m(^[[22m^[[2m1 test^[[22m^[[2m)^[[22m^[[32m 2^[[2mms^[[22m^[[39m
deploy-test	Run pnpm verify	2026-10-06T10:28:53.3956273Z Bundling asset TestStack/OnboardingProvisioningFn/Code/Stage...
deploy-test	Run pnpm verify	2026-10-06T10:28:53.5432355Z  ^[[32m✓^[[39m packages/aws-clients/test/sqs-archive-sender.test.ts ^[[2m(^[[22m^[[2m1 test^[[22m^[[2m)^[[22m^[[32m 2^[[2mms^[[22m^[[39m
deploy-test	Run pnpm verify	2026-10-06T10:28:53.5726480Z  ^[[32m✓^[[39m apps/cloud-api/test/openapi-response.test.ts ^[[2m(^[[22m^[[2m2 tests^[[22m^[[2m)^[[22m^[[32m 16^[[2mms^[[22m^[[39m
deploy-test	Run pnpm verify	2026-10-06T10:28:53.7420783Z  ^[[32m✓^[[39m apps/admin-web/test/jwt.test.ts ^[[2m(^[[22m^[[2m2 tests^[[22m^[[2m)^[[22m^[[32m 3^[[2mms^[[22m^[[39m
deploy-test	Run pnpm verify	2026-10-06T10:28:53.7936517Z  ^[[32m✓^[[39m packages/database/test/index.test.ts ^[[2m(^[[22m^[[2m4 tests^[[22m^[[2m)^[[22m^[[32m 3^[[2mms^[[22m^[[39m
deploy-test	Run pnpm verify	2026-10-06T10:28:53.9131637Z Bundling asset TestStack/DeviceApiFn/Code/Stage...
deploy-test	Run pnpm verify	2026-10-06T10:28:53.9518802Z  ^[[32m✓^[[39m packages/aws-clients/test/sqs-json-sender.test.ts ^[[2m(^[[22m^[[2m1 test^[[22m^[[2m)^[[22m^[[32m 6^[[2mms^[[22m^[[39m
deploy-test	Run pnpm verify	2026-10-06T10:28:54.2110761Z  ^[[32m✓^[[39m apps/summary-worker/test/summary-runtime.test.ts ^[[2m(^[[22m^[[2m3 tests^[[22m^[[2m)^[[22m^[[32m 14^[[2mms^[[22m^[[39m
deploy-test	Run pnpm verify	2026-10-06T10:28:54.4818706Z Bundling asset TestStack/ApiFn/Code/Stage...
deploy-test	Run pnpm verify	2026-10-06T10:28:54.5350370Z  ^[[32m✓^[[39m apps/cloud-api/test/index.test.ts ^[[2m(^[[22m^[[2m2 tests^[[22m^[[2m)^[[22m^[[32m 3^[[2mms^[[22m^[[39m
deploy-test	Run pnpm verify	2026-10-06T10:28:54.5910858Z  ^[[32m✓^[[39m apps/summary-worker/test/index.test.ts ^[[2m(^[[22m^[[2m1 test^[[22m^[[2m)^[[22m^[[32m 3^[[2mms^[[22m^[[39m
deploy-test	Run pnpm verify	2026-10-06T10:28:54.8421777Z  ^[[32m✓^[[39m apps/ingestion-worker/test/index.test.ts ^[[2m(^[[22m^[[2m1 test^[[22m^[[2m)^[[22m^[[32m 2^[[2mms^[[22m^[[39m
deploy-test	Run pnpm verify	2026-10-06T10:28:55.0627766Z  ^[[32m✓^[[39m apps/archive-worker/test/index.test.ts ^[[2m(^[[22m^[[2m1 test^[[22m^[[2m)^[[22m^[[32m 3^[[2mms^[[22m^[[39m
deploy-test	Run pnpm verify	2026-10-06T10:28:55.1897114Z  ^[[32m✓^[[39m packages/observability/test/index.test.ts ^[[2m(^[[22m^[[2m1 test^[[22m^[[2m)^[[22m^[[32m 3^[[2mms^[[22m^[[39m
deploy-test	Run pnpm verify	2026-10-06T10:28:55.6290827Z  ^[[32m✓^[[39m infra/test/index.test.ts ^[[2m(^[[22m^[[2m1 test^[[22m^[[2m)^[[22m^[[32m 2^[[2mms^[[22m^[[39m
deploy-test	Run pnpm verify	2026-10-06T10:28:55.6470904Z  ^[[32m✓^[[39m packages/aws-clients/test/index.test.ts ^[[2m(^[[22m^[[2m1 test^[[22m^[[2m)^[[22m^[[32m 2^[[2mms^[[22m^[[39m
deploy-test	Run pnpm verify	2026-10-06T10:28:55.8591208Z  ^[[32m✓^[[39m packages/domain/test/index.test.ts ^[[2m(^[[22m^[[2m1 test^[[22m^[[2m)^[[22m^[[32m 2^[[2mms^[[22m^[[39m
deploy-test	Run pnpm verify	2026-10-06T10:28:56.8101504Z  ^[[32m✓^[[39m apps/admin-web/test/index.test.ts ^[[2m(^[[22m^[[2m1 test^[[22m^[[2m)^[[22m^[[32m 2^[[2mms^[[22m^[[39m
deploy-test	Run pnpm verify	2026-10-06T10:28:57.2685684Z  ^[[32m✓^[[39m infra/test/iot-rule-envelope.test.ts ^[[2m(^[[22m^[[2m3 tests^[[22m^[[2m)^[[22m^[[32m 4^[[2mms^[[22m^[[39m
deploy-test	Run pnpm verify	2026-10-06T10:28:57.2732983Z 
deploy-test	Run pnpm verify	2026-10-06T10:28:57.2737839Z ^[[2m Test Files ^[[22m ^[[1m^[[32m170 passed^[[39m^[[22m^[[90m (170)^[[39m
deploy-test	Run pnpm verify	2026-10-06T10:28:57.2743960Z ^[[2m      Tests ^[[22m ^[[1m^[[32m1376 passed^[[39m^[[22m^[[90m (1376)^[[39m
deploy-test	Run pnpm verify	2026-10-06T10:28:57.2744325Z ^[[2m   Start at ^[[22m 10:25:32
deploy-test	Run pnpm verify	2026-10-06T10:28:57.2745790Z ^[[2m   Duration ^[[22m 205.05s^[[2m (transform 5.49s, setup 948ms, import 180.13s, tests 396.04s, environment 12.45s)^[[22m
deploy-test	Run pnpm verify	2026-10-06T10:28:57.2747139Z 
deploy-test	Run pnpm verify	2026-10-06T10:28:57.5091779Z 
deploy-test	Run pnpm verify	2026-10-06T10:28:57.5092978Z > food-digester-platform@0.0.0 test:contracts /home/runner/work/food-digester-platform/food-digester-platform
deploy-test	Run pnpm verify	2026-10-06T10:28:57.5093681Z > pnpm --filter @fdp/contracts test
deploy-test	Run pnpm verify	2026-10-06T10:28:57.5093868Z 
deploy-test	Run pnpm verify	2026-10-06T10:28:57.6753214Z 
deploy-test	Run pnpm verify	2026-10-06T10:28:57.6754132Z > @fdp/contracts@0.0.0 test /home/runner/work/food-digester-platform/food-digester-platform/contracts
deploy-test	Run pnpm verify	2026-10-06T10:28:57.6755244Z > node --import tsx --test mqtt/*.test.ts mqtt/*.test.mjs domain/*.test.ts lifecycle/*.test.ts media/*.test.ts security/*.test.ts rest/*.test.ts iot/*.test.mjs archive/*.test.mjs configuration/*.test.ts settings/*.test.ts
deploy-test	Run pnpm verify	2026-10-06T10:28:57.6755899Z 
deploy-test	Run pnpm verify	2026-10-06T10:28:57.8192266Z ✔ 合法 Manifest fixtures 通过校验 (1.215095ms)
deploy-test	Run pnpm verify	2026-10-06T10:28:57.8192998Z ✔ 非法 Manifest fixtures 被拒绝 (0.408544ms)
deploy-test	Run pnpm verify	2026-10-06T10:28:57.8371267Z ✔ DEC-016 已冻结且策略覆盖全部阻塞任务 (1.114194ms)
deploy-test	Run pnpm verify	2026-10-06T10:28:57.8372384Z ✔ 三类来源使用独立 Envelope 与互斥前缀 (0.236996ms)
deploy-test	Run pnpm verify	2026-10-06T10:28:57.8373496Z ✔ License/OTA 禁止伪装为 MQTT 原文，OTA 记录类型封闭 (0.19308ms)
deploy-test	Run pnpm verify	2026-10-06T10:28:57.8373953Z ✔ 归档 Envelope 判别字段和版本固定 (0.114172ms)
deploy-test	Run pnpm verify	2026-10-06T10:28:57.8953251Z ✔ DEC-018 策略结构有效、已冻结且覆盖全部阻塞任务 (1.854726ms)
deploy-test	Run pnpm verify	2026-10-06T10:28:57.8964050Z ✔ V1 只允许四字段，范围、单位、默认值与冻结值一致 (0.197797ms)
deploy-test	Run pnpm verify	2026-10-06T10:28:57.8986373Z ✔ Admin Configuration 与 Device Sync OpenAPI 逐字段匹配统一策略 (0.245639ms)
deploy-test	Run pnpm verify	2026-10-06T10:28:57.9019969Z ✔ TS 常量与 JSON 策略一致 (0.09307ms)
deploy-test	Run pnpm verify	2026-10-06T10:28:58.0099576Z ✔ 策略 JSON 通过自身 JSON Schema 结构校验 (6.283099ms)
deploy-test	Run pnpm verify	2026-10-06T10:28:58.0120638Z ✔ 负向结构：实时流启用、非法范围/刷新模式与缺失字段被 Schema 拒绝 (0.51958ms)
deploy-test	Run pnpm verify	2026-10-06T10:28:58.0121364Z ✔ x-decision-versions 引用 DEC-009 且版本与决策登记一致；prototype-traceability.yaml 同步 (0.116525ms)
deploy-test	Run pnpm verify	2026-10-06T10:28:58.0122314Z ✔ 冻结值定性规则可执行：仅最新授权 Media、手动刷新、禁实时流 (0.105829ms)
deploy-test	Run pnpm verify	2026-10-06T10:28:58.0122646Z ✔ 策略消费者均为合法任务 ID 且覆盖 DEC-009 阻塞任务 (0.202314ms)
deploy-test	Run pnpm verify	2026-10-06T10:28:58.0122901Z ✔ TS 常量与 camera-interaction-policy.json 完全一致 (0.184498ms)
deploy-test	Run pnpm verify	2026-10-06T10:28:58.0319091Z ✔ 策略 JSON 通过自身 JSON Schema 结构校验 (1.9971ms)
deploy-test	Run pnpm verify	2026-10-06T10:28:58.0351019Z ✔ 负向结构：数据来源篡改与缺失字段被 Schema 拒绝 (0.812721ms)
deploy-test	Run pnpm verify	2026-10-06T10:28:58.0354032Z ✔ x-decision-versions 引用 DEC-008 且版本与决策登记一致；prototype-traceability.yaml 同步 (0.150546ms)
deploy-test	Run pnpm verify	2026-10-06T10:28:58.0364878Z ✔ 冻结值定性规则可执行：封闭类型集合、仅设备上报、禁云端臆测 (0.24579ms)
deploy-test	Run pnpm verify	2026-10-06T10:28:58.0365459Z ✔ 冻结参数可执行：正式名称、阈值和 24 小时过期规则 (0.454913ms)
deploy-test	Run pnpm verify	2026-10-06T10:28:58.0366162Z ✔ 策略消费者均为合法任务 ID 且覆盖 DEC-008 阻塞任务 (0.243776ms)
deploy-test	Run pnpm verify	2026-10-06T10:28:58.0366668Z ✔ TS 常量与 consumables-policy.json 完全一致 (0.327352ms)
deploy-test	Run pnpm verify	2026-10-06T10:28:58.1272829Z ✔ 策略 JSON 通过自身 JSON Schema 结构校验 (5.547102ms)
deploy-test	Run pnpm verify	2026-10-06T10:28:58.1275348Z ✔ 负向结构：联动规则反转与缺失字段被 Schema 拒绝 (0.577247ms)
deploy-test	Run pnpm verify	2026-10-06T10:28:58.1284892Z ✔ x-decision-versions 引用 DEC-007 且版本与决策登记一致；prototype-traceability.yaml 同步 (0.130736ms)
deploy-test	Run pnpm verify	2026-10-06T10:28:58.1317613Z ✔ 冻结值定性规则可执行：职责划分、联动与展示 (0.235804ms)
deploy-test	Run pnpm verify	2026-10-06T10:28:58.1317924Z ✔ 策略消费者均为合法任务 ID 且覆盖 DEC-007 阻塞任务与关联任务 (0.273481ms)
deploy-test	Run pnpm verify	2026-10-06T10:28:58.1318206Z ✔ TS 常量与 contract-license-relation.json 完全一致 (1.540013ms)
deploy-test	Run pnpm verify	2026-10-06T10:28:58.2112192Z ✔ DEC-019 alias 策略已冻结且无待定参数 (1.047173ms)
deploy-test	Run pnpm verify	2026-10-06T10:28:58.2141106Z ✔ TS、JSON 与 Admin Device OpenAPI 使用同一 alias 规则 (0.192269ms)
deploy-test	Run pnpm verify	2026-10-06T10:28:58.2337330Z ✔ 策略 JSON 通过自身 JSON Schema 结构校验 (1.493713ms)
deploy-test	Run pnpm verify	2026-10-06T10:28:58.2345096Z ✔ 负向结构：单字段混用、独立存储"启用"与缺失字段被 Schema 拒绝 (0.710117ms)
deploy-test	Run pnpm verify	2026-10-06T10:28:58.2345914Z ✔ x-decision-versions 引用 DEC-010 且版本与决策登记一致；prototype-traceability.yaml 同步 (0.163516ms)
deploy-test	Run pnpm verify	2026-10-06T10:28:58.2346588Z ✔ 冻结值定性规则可执行：四轴分离、禁单字段混用、派生原则 (0.224027ms)
deploy-test	Run pnpm verify	2026-10-06T10:28:58.2347090Z ✔ 冻结参数可执行：启用由 Active 生命周期和有效 License 派生 (0.114643ms)
deploy-test	Run pnpm verify	2026-10-06T10:28:58.2347619Z ✔ 策略消费者均为合法任务 ID 且覆盖 DEC-010 阻塞任务与关联任务 (0.24649ms)
deploy-test	Run pnpm verify	2026-10-06T10:28:58.2348208Z ✔ TS 常量与 device-status-axes-policy.json 完全一致 (2.226384ms)
deploy-test	Run pnpm verify	2026-10-06T10:28:58.3179486Z ✔ 策略 JSON 通过自身 JSON Schema 结构校验 (1.554745ms)
deploy-test	Run pnpm verify	2026-10-06T10:28:58.3191491Z ✔ 负向结构：设备地域真值与缺失字段被 Schema 拒绝 (0.438679ms)
deploy-test	Run pnpm verify	2026-10-06T10:28:58.3192335Z ✔ x-decision-versions 引用 DEC-011 且版本与决策登记一致；prototype-traceability.yaml 同步 (0.13982ms)
deploy-test	Run pnpm verify	2026-10-06T10:28:58.3193083Z ✔ 冻结值定性规则可执行：层级链、Site 属性、设备仅关联 Site (0.248654ms)
deploy-test	Run pnpm verify	2026-10-06T10:28:58.3193587Z ✔ 策略消费者均为合法任务 ID 且覆盖 DEC-011 阻塞任务 (0.272329ms)
deploy-test	Run pnpm verify	2026-10-06T10:28:58.3198862Z ✔ TS 常量与 geo-model-policy.json 完全一致 (0.133191ms)
deploy-test	Run pnpm verify	2026-10-06T10:28:58.4084204Z ✔ 策略 JSON 通过自身 JSON Schema 结构校验 (1.612382ms)
deploy-test	Run pnpm verify	2026-10-06T10:28:58.4111091Z ✔ 负向结构：AWS 授权、矩阵可编辑与缺失字段被 Schema 拒绝 (0.520642ms)
deploy-test	Run pnpm verify	2026-10-06T10:28:58.4136870Z ✔ x-decision-versions 引用 DEC-012 且版本与决策登记一致；prototype-traceability.yaml 同步 (0.125549ms)
deploy-test	Run pnpm verify	2026-10-06T10:28:58.4191306Z ✔ 冻结值定性规则可执行：封闭映射、界面名、AWS 权限与矩阵规则 (0.281993ms)
deploy-test	Run pnpm verify	2026-10-06T10:28:58.4220192Z ✔ 策略消费者均为合法任务 ID 且覆盖 DEC-012 阻塞任务 (0.240471ms)
deploy-test	Run pnpm verify	2026-10-06T10:28:58.4240441Z ✔ TS 常量与 role-mapping-policy.json 完全一致 (0.168673ms)
deploy-test	Run pnpm verify	2026-10-06T10:28:58.4366018Z ✔ Envelope 必填五个 iot* 上下文字段，Payload 平铺透传 (1.647024ms)
deploy-test	Run pnpm verify	2026-10-06T10:28:58.4385419Z ✔ iotType 枚举与 topic-catalog 上行类型严格一致（8 个） (0.213651ms)
deploy-test	Run pnpm verify	2026-10-06T10:28:58.4386151Z ✔ 所有合法 Fixture 通过校验（含 Payload 内不可信身份字段的样本） (0.505649ms)
deploy-test	Run pnpm verify	2026-10-06T10:28:58.4386654Z ✔ 所有非法 Fixture 被稳定拒绝且错误路径正确 (0.27276ms)
deploy-test	Run pnpm verify	2026-10-06T10:28:58.5414348Z ✔ 矩阵 JSON 通过自身 JSON Schema 结构校验 (2.850452ms)
deploy-test	Run pnpm verify	2026-10-06T10:28:58.5450220Z ✔ 负向结构：缺失必填字段、非法枚举与额外行为键被 Schema 拒绝 (1.139602ms)
deploy-test	Run pnpm verify	2026-10-06T10:28:58.5462139Z ✔ x-decision-versions 引用 DEC-001 且版本与决策登记一致 (0.127502ms)
deploy-test	Run pnpm verify	2026-10-06T10:28:58.5462812Z ✔ 冻结值：独立状态；允许维护、同步、遥测、告警和 OTA (0.147752ms)
deploy-test	Run pnpm verify	2026-10-06T10:28:58.5463379Z ✔ Maintenance Sync 节奏为 15 分钟（Suspended 节奏） (0.194693ms)
deploy-test	Run pnpm verify	2026-10-06T10:28:58.5463935Z ✔ 失败关闭：未知行为拒绝并抛出稳定错误 (0.663928ms)
deploy-test	Run pnpm verify	2026-10-06T10:28:58.5464554Z ✔ 命令策略与 command-catalog 一致：Maintenance 允许集合 == Suspended 允许集合 (0.503727ms)
deploy-test	Run pnpm verify	2026-10-06T10:28:58.5470575Z ✔ 行为条目消费者均为合法任务 ID 且覆盖 DEC-001 阻塞任务 (0.23955ms)
deploy-test	Run pnpm verify	2026-10-06T10:28:58.5478837Z ✔ TS 常量与 maintenance-behavior-matrix.json 完全一致 (0.706731ms)
deploy-test	Run pnpm verify	2026-10-06T10:28:58.5846321Z ✔ DEC-017 策略结构有效、已冻结且覆盖全部阻塞任务 (1.593674ms)
deploy-test	Run pnpm verify	2026-10-06T10:28:58.5851137Z ✔ 24 小时截止从证书包存储开始，截止边界包含在超时内 (0.342454ms)
deploy-test	Run pnpm verify	2026-10-06T10:28:58.5851597Z ✔ 超时处置、迟到 Heartbeat 与重新申请规则失败关闭 (0.124968ms)
deploy-test	Run pnpm verify	2026-10-06T10:28:58.5852252Z ✔ TS 常量与 JSON 策略一致 (0.112039ms)
deploy-test	Run pnpm verify	2026-10-06T10:28:58.6360807Z ✔ 策略 JSON 通过自身 JSON Schema 结构校验 (1.246081ms)
deploy-test	Run pnpm verify	2026-10-06T10:28:58.6364961Z ✔ 负向结构：存储位置篡改、非法处置行为与缺失字段被 Schema 拒绝 (0.385479ms)
deploy-test	Run pnpm verify	2026-10-06T10:28:58.6365576Z ✔ x-decision-versions 引用 DEC-005 且版本与决策登记一致 (0.085929ms)
deploy-test	Run pnpm verify	2026-10-06T10:28:58.6366195Z ✔ 冻结值定性规则可执行：RDS 元数据 / S3 文件分离 (0.120621ms)
deploy-test	Run pnpm verify	2026-10-06T10:28:58.6385587Z ✔ 冻结参数可执行：元数据 365 天、文件 90 天且删除文件保留元数据 (0.093461ms)
deploy-test	Run pnpm verify	2026-10-06T10:28:58.6389923Z ✔ 策略消费者均为合法任务 ID 且覆盖 DEC-005 阻塞任务与关联任务 (0.201022ms)
deploy-test	Run pnpm verify	2026-10-06T10:28:58.6394609Z ✔ TS 常量与 media-retention-policy.json 完全一致 (0.17278ms)
deploy-test	Run pnpm verify	2026-10-06T10:28:58.7700147Z ✔ 策略 JSON 通过自身 JSON Schema 结构校验 (1.481957ms)
deploy-test	Run pnpm verify	2026-10-06T10:28:58.7701749Z ✔ 负向结构：客户端指定 Key、篡改冻结 TTL/配额与缺失字段被 Schema 拒绝 (0.589596ms)
deploy-test	Run pnpm verify	2026-10-06T10:28:58.7719792Z ✔ 锁定规则：mediaTypes 与 CT-03 media.schema.json 枚举一致；客户端不得指定 Key (0.34596ms)
deploy-test	Run pnpm verify	2026-10-06T10:28:58.7723027Z ✔ DEC-024 冻结值可执行且无待定参数 (0.118729ms)
deploy-test	Run pnpm verify	2026-10-06T10:28:58.7737868Z ✔ TS 常量与 media-upload-policy.json 完全一致 (0.296836ms)
deploy-test	Run pnpm verify	2026-10-06T10:28:58.8069092Z ✔ 22 个 Command 全部唯一且覆盖六大分类 (1.070368ms)
deploy-test	Run pnpm verify	2026-10-06T10:28:58.8073866Z ✔ 13 个 Notification 全部唯一且有设备动作映射 (0.184767ms)
deploy-test	Run pnpm verify	2026-10-06T10:28:58.8080440Z ✔ 高风险标记与文档一致（EMERGENCY_STOP/FACTORY_RESET/SHUTDOWN/全部加热、排料、电机控制） (0.147792ms)
deploy-test	Run pnpm verify	2026-10-06T10:28:58.8081718Z ✔ 允许状态矩阵无遗漏：22 命令 × 4 状态 (0.193901ms)
deploy-test	Run pnpm verify	2026-10-06T10:28:58.8082218Z ✔ Suspended 仅允许安全停止、诊断、同步和维护/恢复类命令 (0.107261ms)
deploy-test	Run pnpm verify	2026-10-06T10:28:58.8082738Z ✔ MAINTENANCE 按 Suspended 限制（DEC-001 冻结值） (0.076595ms)
deploy-test	Run pnpm verify	2026-10-06T10:28:58.8083324Z ✔ 未知命令/通知在运行时被拒绝 (0.455655ms)
deploy-test	Run pnpm verify	2026-10-06T10:28:58.8083741Z ✔ denyReason 稳定且允许时返回 null (0.100762ms)
deploy-test	Run pnpm verify	2026-10-06T10:28:58.8084335Z ✔ TS 常量与 command-catalog.json / notification-catalog.json 完全一致 (0.225198ms)
deploy-test	Run pnpm verify	2026-10-06T10:28:58.8085103Z ✔ Schema 枚举与目录一致（cmd/ack command、notification type） (0.404408ms)
deploy-test	Run pnpm verify	2026-10-06T10:28:58.8517986Z ✔ 策略 JSON 通过自身 JSON Schema 结构校验 (1.570139ms)
deploy-test	Run pnpm verify	2026-10-06T10:28:58.8557144Z ✔ 负向结构：非法取值与缺失字段被 Schema 拒绝 (0.397367ms)
deploy-test	Run pnpm verify	2026-10-06T10:28:58.8603188Z ✔ x-decision-versions 引用 DEC-006 且版本与决策登记一致 (0.084046ms)
deploy-test	Run pnpm verify	2026-10-06T10:28:58.8650192Z ✔ 冻结值可执行：V1 下行 seq 可选、上行必填、Command 以 meta.id 幂等 (0.077356ms)
deploy-test	Run pnpm verify	2026-10-06T10:28:58.8706984Z ✔ 策略与 common.schema.json 一致：下行 metaBase 不要求 seq、id 必填；上行 metaSeq 要求 seq (0.109384ms)
deploy-test	Run pnpm verify	2026-10-06T10:28:58.8760896Z ✔ 下行/上行 Schema 的 meta 引用与策略一致 (0.461063ms)
deploy-test	Run pnpm verify	2026-10-06T10:28:58.8840478Z ✔ 策略消费者均为合法任务 ID 且覆盖 DEC-006 阻塞任务 (0.335684ms)
deploy-test	Run pnpm verify	2026-10-06T10:28:58.8840975Z ✔ TS 常量与 downlink-policy.json 完全一致 (0.161542ms)
deploy-test	Run pnpm verify	2026-10-06T10:28:58.9887401Z ✔ DEC-015 策略冻结、可追溯且覆盖全部阻塞任务 (1.56416ms)
deploy-test	Run pnpm verify	2026-10-06T10:28:58.9922249Z ✔ 唯一通道为既有 ACK；Topic 总数和 IoT 权限面不扩大 (0.147672ms)
deploy-test	Run pnpm verify	2026-10-06T10:28:58.9943313Z ✔ ACK 判别字段、关联键和 OTA 状态与冻结策略一致 (0.10622ms)
deploy-test	Run pnpm verify	2026-10-06T10:28:58.9965479Z ✔ 状态机只允许冻结的单向迁移；相同状态幂等 (0.114533ms)
deploy-test	Run pnpm verify	2026-10-06T10:28:58.9999808Z ✔ TS 常量与 JSON 策略完全一致 (0.278097ms)
deploy-test	Run pnpm verify	2026-10-06T10:28:59.0104822Z ✔ DEC-013 策略 JSON 通过自身 Schema 且覆盖登记阻塞任务 (1.471661ms)
deploy-test	Run pnpm verify	2026-10-06T10:28:59.0113794Z ✔ DEC-013 策略关键值被 Schema 锁定，篡改时失败关闭 (0.316195ms)
deploy-test	Run pnpm verify	2026-10-06T10:28:59.0114245Z ✔ DEC-013 策略冻结且无待定参数 (0.08003ms)
deploy-test	Run pnpm verify	2026-10-06T10:28:59.0114638Z ✔ Heartbeat 旧嵌套结构在兼容期转换为正式扁平结构且不修改原对象 (0.423977ms)
deploy-test	Run pnpm verify	2026-10-06T10:28:59.0115166Z ✔ Telemetry motorCurrentAmp 在兼容期转换为 currentAmp；同值并存允许、冲突失败关闭 (0.644708ms)
deploy-test	Run pnpm verify	2026-10-06T10:28:59.0115652Z ✔ 兼容截止边界起拒绝嵌套结构、motorCurrentAmp 与 DISCHARING (0.184297ms)
deploy-test	Run pnpm verify	2026-10-06T10:28:59.0116116Z ✔ RFC 8785 固定向量与 audit.hash 覆盖 {meta,data} (0.377037ms)
deploy-test	Run pnpm verify	2026-10-06T10:28:59.0384371Z ✔ 11 类消息均有 Schema 和 Fixture，且每类 >=1 合法 + >=3 非法 (1.215876ms)
deploy-test	Run pnpm verify	2026-10-06T10:28:59.0413567Z ✔ 所有合法 Fixture 通过校验 (2.574837ms)
deploy-test	Run pnpm verify	2026-10-06T10:28:59.0414367Z ✔ 所有非法 Fixture 被稳定拒绝并返回明确错误路径 (1.535306ms)
deploy-test	Run pnpm verify	2026-10-06T10:28:59.0414932Z ✔ 非法枚举被稳定拒绝且路径明确 (0.156695ms)
deploy-test	Run pnpm verify	2026-10-06T10:28:59.0415424Z ✔ 单位/类型错误被拒绝（integer 不接受小数与字符串） (0.365078ms)
deploy-test	Run pnpm verify	2026-10-06T10:28:59.0415965Z ✔ 缺少必填字段被拒绝（meta.id、上行 seq、Heartbeat 必填 data 字段） (0.308333ms)
deploy-test	Run pnpm verify	2026-10-06T10:28:59.0416939Z ✔ 额外身份字段（customerId/tenantId/deviceId）在各层均被拒绝 (0.27274ms)
deploy-test	Run pnpm verify	2026-10-06T10:28:59.0423562Z ✔ 下行消息 meta.seq 可选（DEC-006），上行强制 (2.490951ms)
deploy-test	Run pnpm verify	2026-10-06T10:28:59.0424336Z ✔ Telemetry/Report/Tamper 强制 audit.hash；Command 禁止 audit（DEC-002） (1.600835ms)
deploy-test	Run pnpm verify	2026-10-06T10:28:59.0425041Z ✔ DEC-013：Audited 合法 Fixture 携带可复算的 RFC 8785 audit.hash (2.692148ms)
deploy-test	Run pnpm verify	2026-10-06T10:28:59.0425639Z ✔ schemaVer 缺省按 1.0 归一化；非法 schemaVer 被拒绝 (0.360542ms)
deploy-test	Run pnpm verify	2026-10-06T10:28:59.0426115Z ✔ meta.id 字符集与长度固定 (0.189865ms)
deploy-test	Run pnpm verify	2026-10-06T10:28:59.0427107Z ✔ payloads.ts 与 Schema 保持一致（生成器新鲜度） (1.525702ms)
deploy-test	Run pnpm verify	2026-10-06T10:28:59.0427649Z ✔ 全部 Schema 的 x-decision-versions 可追溯到决策登记 (1.77746ms)
deploy-test	Run pnpm verify	2026-10-06T10:28:59.1665543Z ✔ Telemetry current (0.718299ms)
deploy-test	Run pnpm verify	2026-10-06T10:28:59.1686946Z ✔ Telemetry past 300s (0.096695ms)
deploy-test	Run pnpm verify	2026-10-06T10:28:59.1687901Z ✔ Telemetry past 301s (0.065238ms)
deploy-test	Run pnpm verify	2026-10-06T10:28:59.1688446Z ✔ Telemetry past 24h inclusive (0.049945ms)
deploy-test	Run pnpm verify	2026-10-06T10:28:59.1688933Z ✔ Telemetry past 24h plus 1ms (0.069915ms)
deploy-test	Run pnpm verify	2026-10-06T10:28:59.1690186Z ✔ Telemetry future 300s inclusive (0.070866ms)
deploy-test	Run pnpm verify	2026-10-06T10:28:59.1690736Z ✔ Telemetry future 300s plus 1ms (0.27256ms)
deploy-test	Run pnpm verify	2026-10-06T10:28:59.1691348Z ✔ other topics retain symmetric 300-second tolerance (0.178949ms)
deploy-test	Run pnpm verify	2026-10-06T10:28:59.1692071Z ✔ configured tolerance affects future bound but cannot enlarge Telemetry history (0.103325ms)
deploy-test	Run pnpm verify	2026-10-06T10:28:59.1692780Z ✔ invalid numeric policy inputs fail closed (0.150335ms)
deploy-test	Run pnpm verify	2026-10-06T10:28:59.2096461Z ✔ Tier 登记 JSON 通过自身 JSON Schema 结构校验 (1.859113ms)
deploy-test	Run pnpm verify	2026-10-06T10:28:59.2109562Z ✔ 负向结构：非法 Tier、未知 Topic 键与缺失字段被 Schema 拒绝 (0.906251ms)
deploy-test	Run pnpm verify	2026-10-06T10:28:59.2111839Z ✔ x-decision-versions 引用 DEC-002 且版本与决策登记一致 (0.147882ms)
deploy-test	Run pnpm verify	2026-10-06T10:28:59.2112429Z ✔ 冻结值：Telemetry/Report/Tamper 为 AUDITED，Command 及其余为 STANDARD (0.275013ms)
deploy-test	Run pnpm verify	2026-10-06T10:28:59.2112986Z ✔ Tier 与 topic-catalog.json 的 payloadEnvelope 完全一致 (0.129134ms)
deploy-test	Run pnpm verify	2026-10-06T10:28:59.2113448Z ✔ Tier 与 11 个 MQTT Schema 的 audit 强制完全一致 (0.526311ms)
deploy-test	Run pnpm verify	2026-10-06T10:28:59.2113884Z ✔ 失败关闭：未知 Topic 拒绝并抛出稳定错误 (0.406781ms)
deploy-test	Run pnpm verify	2026-10-06T10:28:59.2119275Z ✔ Tier 条目消费者均为合法任务 ID 且覆盖 DEC-002 阻塞任务 (0.274843ms)
deploy-test	Run pnpm verify	2026-10-06T10:28:59.2136822Z ✔ 登记覆盖全部 11 个 Topic 且 TS 常量与 topic-tier.json 完全一致 (1.051219ms)
deploy-test	Run pnpm verify	2026-10-06T10:28:59.2420712Z ✔ catalog 恰好包含 8 个上行和 3 个下行 Topic (1.00543ms)
deploy-test	Run pnpm verify	2026-10-06T10:28:59.2450177Z ✔ 11 个 Topic 的方向与 QoS 矩阵全部符合契约 (0.237697ms)
deploy-test	Run pnpm verify	2026-10-06T10:28:59.2480226Z ✔ TS 常量与 topic-catalog.json 完全一致 (0.346811ms)
deploy-test	Run pnpm verify	2026-10-06T10:28:59.2509940Z ✔ 合法 Topic 可解析出 deviceId/type/direction (0.369435ms)
deploy-test	Run pnpm verify	2026-10-06T10:28:59.2510794Z ✔ buildTopic 与 parseTopic 往返一致 (0.208824ms)
deploy-test	Run pnpm verify	2026-10-06T10:28:59.2540197Z ✔ 未知层级和空 deviceId 被拒绝 (0.490837ms)
deploy-test	Run pnpm verify	2026-10-06T10:28:59.2569943Z ✔ buildTopic 拒绝空和非法 deviceId (0.416827ms)
deploy-test	Run pnpm verify	2026-10-06T10:28:59.2570581Z ✔ 权限模板：设备只能发布自身上行、只能订阅自身下行 (0.238938ms)
deploy-test	Run pnpm verify	2026-10-06T10:28:59.2599863Z ✔ 权限模板拒绝非法 deviceId (0.322305ms)
deploy-test	Run pnpm verify	2026-10-06T10:28:59.3537066Z ✔ 六个端点齐备且 CognitoJwt 认证；响应码齐备 (1.23147ms)
deploy-test	Run pnpm verify	2026-10-06T10:28:59.3554344Z ✔ 筛选参数齐备：severity/status/device/site/时间范围 + 游标分页 (0.200622ms)
deploy-test	Run pnpm verify	2026-10-06T10:28:59.3571816Z ✔ Schema 封闭：Alarm 处理字段（操作者/原因/时间）与 replayed 齐备；确认/清除强制 reason (0.145468ms)
deploy-test	Run pnpm verify	2026-10-06T10:28:59.3572677Z ✔ 所有 $ref 可解析（内部引用 + 同目录相对引用 openapi-base.json） (0.718409ms)
deploy-test	Run pnpm verify	2026-10-06T10:28:59.3877131Z ✔ 端点齐备且 CognitoJwt 认证：列表 + 详情 (0.986452ms)
deploy-test	Run pnpm verify	2026-10-06T10:28:59.3900157Z ✔ 只读 API：不存在任何写路由（post/put/patch/delete） (0.291067ms)
deploy-test	Run pnpm verify	2026-10-06T10:28:59.3930795Z ✔ 筛选参数齐备（actor/Customer/对象/动作/结果/时间 + 游标分页）；响应不暴露敏感字段 (0.307251ms)
deploy-test	Run pnpm verify	2026-10-06T10:28:59.3931959Z ✔ 所有 $ref 可解析（内部引用 + openapi-base.json） (0.535094ms)
deploy-test	Run pnpm verify	2026-10-06T10:28:59.4136476Z ✔ 端点存在且 Cognito 认证；轮换请求视图为七字段且不含密钥材料 (1.225952ms)
deploy-test	Run pnpm verify	2026-10-06T10:28:59.4140473Z ✔ 所有 $ref 可解析（内部引用 + 同目录相对引用 openapi-base.json） (0.483386ms)
deploy-test	Run pnpm verify	2026-10-06T10:28:59.5330964Z ✔ 端点齐备且 CognitoJwt 认证；201 创建 + 200 幂等重放 + 409 冲突/状态门 (1.315496ms)
deploy-test	Run pnpm verify	2026-10-06T10:28:59.5360269Z ✔ 命令枚举与 CT-04 目录 22 个白名单一致；确认凭证与 timeoutSec 边界齐备 (0.18039ms)
deploy-test	Run pnpm verify	2026-10-06T10:28:59.5370065Z ✔ 响应 Schema 封闭且含 requestedBy/expiresAt/replayed/confirmedBy (0.107281ms)
deploy-test	Run pnpm verify	2026-10-06T10:28:59.5372623Z ✔ BE-CMD-03 查询端点齐备：列表/详情 + 状态枚举 + attempts/acks 时间线 (0.19315ms)
deploy-test	Run pnpm verify	2026-10-06T10:28:59.5373717Z ✔ 所有 $ref 可解析（内部引用 + 同目录相对引用 openapi-base.json） (0.791709ms)
deploy-test	Run pnpm verify	2026-10-06T10:28:59.5750481Z ✔ 七个端点齐备且 Cognito 认证；operationId 与响应码齐备 (1.302848ms)
deploy-test	Run pnpm verify	2026-10-06T10:28:59.5751952Z ✔ Schema 封闭：DEC-018 冻结 V1 四字段、单位、范围与默认值 (0.394212ms)
deploy-test	Run pnpm verify	2026-10-06T10:28:59.5780067Z ✔ 所有 $ref 可解析（内部引用 + 同目录相对引用 openapi-base.json） (1.926237ms)
deploy-test	Run pnpm verify	2026-10-06T10:28:59.5956672Z ✔ 列表与按需联系人端点齐备且 Cognito 认证；筛选参数齐备 (1.244951ms)
deploy-test	Run pnpm verify	2026-10-06T10:28:59.5970319Z ✔ Schema 封闭：两种耗材列恒在；列表零联系人 PII；按需联系人独立；百分比 0~100 (0.141843ms)
deploy-test	Run pnpm verify	2026-10-06T10:28:59.5971260Z ✔ 所有 $ref 可解析（内部引用 + 同目录相对引用 openapi-base.json） (0.304948ms)
deploy-test	Run pnpm verify	2026-10-06T10:28:59.7149398Z ✔ 六个端点齐备且 Cognito 认证；状态迁移强制 If-Match (1.040233ms)
deploy-test	Run pnpm verify	2026-10-06T10:28:59.7158778Z ✔ Schema 封闭：四态枚举/source 固定 ADMIN/幂等 replayed/完整历史字段 (0.144467ms)
deploy-test	Run pnpm verify	2026-10-06T10:28:59.7165130Z ✔ 所有 $ref 可解析（内部引用 + 同目录相对引用 openapi-base.json） (0.613892ms)
deploy-test	Run pnpm verify	2026-10-06T10:28:59.7603186Z ✔ 八个端点齐备且 Cognito 认证；写操作强制 If-Match (1.778582ms)
deploy-test	Run pnpm verify	2026-10-06T10:28:59.7620426Z ✔ Schema 封闭：五态枚举/唯一编号/强制原因/派生状态/最小权限 contact (0.188553ms)
deploy-test	Run pnpm verify	2026-10-06T10:28:59.7620992Z ✔ 所有 $ref 可解析（内部引用 + 同目录相对引用 openapi-base.json） (1.739733ms)
deploy-test	Run pnpm verify	2026-10-06T10:28:59.7831568Z ✔ 五个端点齐备且 Cognito 认证；operationId 与响应码齐备 (1.392902ms)
deploy-test	Run pnpm verify	2026-10-06T10:28:59.7836418Z ✔ Schema 封闭：设备视图字段齐备/关联窗口/强制原因/批量语义 (0.200481ms)
deploy-test	Run pnpm verify	2026-10-06T10:28:59.7848717Z ✔ 所有 $ref 可解析（内部引用 + 同目录相对引用 openapi-base.json） (1.7309ms)
deploy-test	Run pnpm verify	2026-10-06T10:28:59.9178180Z ✔ 六端点齐备且 Cognito 认证；写操作声明 If-Match；响应码齐备 (1.291891ms)
deploy-test	Run pnpm verify	2026-10-06T10:28:59.9190554Z ✔ Customer 视图六字段封闭；status 枚举 ACTIVE|SUSPENDED；请求体封闭 (0.167822ms)
deploy-test	Run pnpm verify	2026-10-06T10:28:59.9191543Z ✔ 所有 $ref 可解析（内部引用 + 同目录相对引用 openapi-base.json） (0.578999ms)
deploy-test	Run pnpm verify	2026-10-06T10:28:59.9438587Z ✔ 端点齐备且 CognitoJwt 认证：仅 GET 总览（只读，无写路由） (1.222005ms)
deploy-test	Run pnpm verify	2026-10-06T10:28:59.9439552Z ✔ 总览 DTO 齐备：Contract/设备分布/在线率/今日 ESG/最新告警/设备卡片；四轴分离不合并 (0.532319ms)
deploy-test	Run pnpm verify	2026-10-06T10:28:59.9440365Z ✔ 所有 $ref 可解析（内部引用 + openapi-base.json） (1.509427ms)
deploy-test	Run pnpm verify	2026-10-06T10:28:59.9463531Z ✔ 列表/详情端点存在且 Cognito 认证；筛选参数齐备；响应码齐备 (1.187013ms)
deploy-test	Run pnpm verify	2026-10-06T10:28:59.9480476Z ✔ Device 视图字段封闭（原型设备群表格字段均有来源）；证书仅摘要 (0.288783ms)
deploy-test	Run pnpm verify	2026-10-06T10:28:59.9481284Z ✔ BE-DEV-06 元数据 PATCH 端点：白名单仅 alias + If-Match 乐观锁 + 409 冲突语义 (0.17974ms)
deploy-test	Run pnpm verify	2026-10-06T10:28:59.9482082Z ✔ 所有 $ref 可解析（内部引用 + 同目录相对引用 openapi-base.json） (0.554814ms)
deploy-test	Run pnpm verify	2026-10-06T10:29:00.1058788Z ✔ 分配/历史端点齐备且 Cognito 认证；响应码齐备 (1.053353ms)
deploy-test	Run pnpm verify	2026-10-06T10:29:00.1090616Z ✔ DeviceAssignment 视图封闭：授权窗口（assignedAt/endedAt）+ 幂等/通知字段齐备 (0.285779ms)
deploy-test	Run pnpm verify	2026-10-06T10:29:00.1102077Z ✔ 所有 $ref 可解析（内部引用 + 同目录相对引用 openapi-base.json） (0.487773ms)
deploy-test	Run pnpm verify	2026-10-06T10:29:00.1231966Z ✔ 端点齐备且 CognitoJwt 认证：console/activities/export/导出详情 (1.155045ms)
deploy-test	Run pnpm verify	2026-10-06T10:29:00.1233120Z ✔ 四轴分离 + 数据块 observedAt/stale/单位；最新 Media 可选块稳定可空 (0.306941ms)
deploy-test	Run pnpm verify	2026-10-06T10:29:00.1233746Z ✔ 不透传 MQTT 原始消息、不含实时流/运维字段；所有 $ref 可解析 (1.735395ms)
deploy-test	Run pnpm verify	2026-10-06T10:29:00.1271378Z ✔ retire/force-complete 端点齐备且 Cognito 认证；响应码齐备 (1.434916ms)
deploy-test	Run pnpm verify	2026-10-06T10:29:00.1273344Z ✔ 请求体封闭：retire 强制原因 + confirm 恒 true；视图封闭且通知枚举正确 (0.191097ms)
deploy-test	Run pnpm verify	2026-10-06T10:29:00.1274108Z ✔ 所有 $ref 可解析（内部引用 + 同目录相对引用 openapi-base.json） (0.504488ms)
deploy-test	Run pnpm verify	2026-10-06T10:29:00.2523846Z ✔ suspend/reactivate 端点齐备且 Cognito 认证；响应码齐备 (1.081795ms)
deploy-test	Run pnpm verify	2026-10-06T10:29:00.2534721Z ✔ 请求体封闭：挂起强制原因；恢复强制原因 + issueResolved 恒 true；通知枚举正确 (0.24638ms)
deploy-test	Run pnpm verify	2026-10-06T10:29:00.2535841Z ✔ 所有 $ref 可解析（内部引用 + 同目录相对引用 openapi-base.json） (0.511298ms)
deploy-test	Run pnpm verify	2026-10-06T10:29:00.2859446Z ✔ 七个端点齐备且 Cognito 认证；写操作强制 If-Match (1.868727ms)
deploy-test	Run pnpm verify	2026-10-06T10:29:00.2860428Z ✔ Schema 封闭：管理 DTO 无 PHC；写接口只受控接收 writeOnly password (0.237147ms)
deploy-test	Run pnpm verify	2026-10-06T10:29:00.2861124Z ✔ 所有 $ref 可解析（内部引用 + 同目录相对引用 openapi-base.json） (1.629318ms)
deploy-test	Run pnpm verify	2026-10-06T10:29:00.3050742Z ✔ 八个端点齐备且 CognitoJwt 认证；导出创建返回 202 (1.206493ms)
deploy-test	Run pnpm verify	2026-10-06T10:29:00.3057874Z ✔ 查询筛选参数齐备（customerId/siteId/deviceId/时间范围 + 游标）；reports 含 reportType (0.234232ms)
deploy-test	Run pnpm verify	2026-10-06T10:29:00.3058812Z ✔ Schema 封闭：导出数据集枚举、短期 URL 过期字段、CSV 一致性字段 (0.238238ms)
deploy-test	Run pnpm verify	2026-10-06T10:29:00.3059605Z ✔ 所有 $ref 可解析（内部引用 + 同目录相对引用 openapi-base.json） (0.769306ms)
deploy-test	Run pnpm verify	2026-10-06T10:29:00.4234107Z ✔ 八个端点齐备且 Cognito 认证；operationId 与响应码齐备 (1.393574ms)
deploy-test	Run pnpm verify	2026-10-06T10:29:00.4260669Z ✔ Schema 封闭：七态枚举/Entitlement 三码/签名字段/强制原因/幂等与派生字段 (0.225369ms)
deploy-test	Run pnpm verify	2026-10-06T10:29:00.4264800Z ✔ 所有 $ref 可解析（内部引用 + 同目录相对引用 openapi-base.json） (1.600444ms)
deploy-test	Run pnpm verify	2026-10-06T10:29:00.4514313Z ✔ 四个审批端点存在且使用 Cognito JWT 认证 (1.282016ms)
deploy-test	Run pnpm verify	2026-10-06T10:29:00.4550448Z ✔ approve/reject 强制 If-Match；reject 强制 reason (0.236054ms)
deploy-test	Run pnpm verify	2026-10-06T10:29:00.4555315Z ✔ 申请 DTO 不含 CSR 原文 (0.114773ms)
deploy-test	Run pnpm verify	2026-10-06T10:29:00.4557036Z ✔ 管理端明确暴露内部 TIMED_OUT，列表状态过滤为封闭枚举 (0.115764ms)
deploy-test	Run pnpm verify	2026-10-06T10:29:00.4557637Z ✔ 所有 $ref 可解析（内部引用 + 同目录相对引用 openapi-base.json） (0.720362ms)
deploy-test	Run pnpm verify	2026-10-06T10:29:00.4911381Z ✔ 端点齐备且 CognitoJwt 认证：创建/列表/详情/targets/扩大批次/pause/resume/cancel/retry (1.844201ms)
deploy-test	Run pnpm verify	2026-10-06T10:29:00.4914556Z ✔ 首批强制恰好 1 台；最终全量审批契约封闭；状态机枚举封闭 (0.341083ms)
deploy-test	Run pnpm verify	2026-10-06T10:29:00.4930352Z ✔ 视图封闭且不泄露内部字段；批次/重试结果结构稳定 (0.175414ms)
deploy-test	Run pnpm verify	2026-10-06T10:29:00.4931125Z ✔ 所有 $ref 可解析（内部引用 + 同目录相对引用 openapi-base.json） (1.800875ms)
deploy-test	Run pnpm verify	2026-10-06T10:29:00.6126237Z ✔ 端点齐备且 CognitoJwt 认证：上传会话/complete/列表/详情 (1.283889ms)
deploy-test	Run pnpm verify	2026-10-06T10:29:00.6164623Z ✔ packageType/sha256 与 CT-03 OTA Schema 一致；创建字段封闭且签名必填 (0.16639ms)
deploy-test	Run pnpm verify	2026-10-06T10:29:00.6165366Z ✔ 状态机封闭：UPLOADED/VERIFIED/RETIRED；可发布=VERIFIED；视图不泄露信任根 (0.183836ms)
deploy-test	Run pnpm verify	2026-10-06T10:29:00.6165877Z ✔ 所有 $ref 可解析（内部引用 + 同目录相对引用 openapi-base.json） (0.423066ms)
deploy-test	Run pnpm verify	2026-10-06T10:29:00.6347313Z ✔ 端点存在且 Cognito 认证；三端点（create/list/detail）响应码齐备 (1.236718ms)
deploy-test	Run pnpm verify	2026-10-06T10:29:00.6367117Z ✔ ReplayJob 视图七字段封闭；状态枚举与统计字段齐备；scope 封闭 (0.188343ms)
deploy-test	Run pnpm verify	2026-10-06T10:29:00.6368057Z ✔ 所有 $ref 可解析（内部引用 + 同目录相对引用 openapi-base.json） (0.916337ms)
deploy-test	Run pnpm verify	2026-10-06T10:29:00.6829825Z ✔ 端点齐备且 CognitoJwt 认证：列表/读取/更新（无删除与新建路由） (1.239251ms)
deploy-test	Run pnpm verify	2026-10-06T10:29:00.6886022Z ✔ 封闭 key 集与乐观锁版本控制；固定枚举不可经 API 改写 (0.253981ms)
deploy-test	Run pnpm verify	2026-10-06T10:29:00.6932808Z ✔ 所有 $ref 可解析（内部引用 + openapi-base.json） (0.471839ms)
deploy-test	Run pnpm verify	2026-10-06T10:29:00.8010261Z ✔ 六端点齐备且 Cognito 认证；写操作声明 If-Match；响应码齐备 (1.449448ms)
deploy-test	Run pnpm verify	2026-10-06T10:29:00.8011009Z ✔ Site 视图字段封闭（含 deviceCount/version）；status 枚举；请求体封闭且更新体不含 customerId (0.196766ms)
deploy-test	Run pnpm verify	2026-10-06T10:29:00.8011570Z ✔ 所有 $ref 可解析（内部引用 + 同目录相对引用 openapi-base.json） (1.487194ms)
deploy-test	Run pnpm verify	2026-10-06T10:29:00.8381823Z ✔ 端点齐备且 CognitoJwt 认证：列表/邀请/角色/scope/停用/密码重置 (1.33808ms)
deploy-test	Run pnpm verify	2026-10-06T10:29:00.8423590Z ✔ 角色封闭集与 DEC-012 映射；输入不含密码字段；响应不含凭证材料 (0.240512ms)
deploy-test	Run pnpm verify	2026-10-06T10:29:00.8424626Z ✔ 所有 $ref 可解析（内部引用 + openapi-base.json） (1.896169ms)
deploy-test	Run pnpm verify	2026-10-06T10:29:00.8739508Z ✔ 端点存在且使用 Device mTLS 认证 (1.708066ms)
deploy-test	Run pnpm verify	2026-10-06T10:29:00.8766985Z ✔ 轮换契约：请求强制 currentCertificateId；响应五字段；409/403/400/401 齐整 (0.286911ms)
deploy-test	Run pnpm verify	2026-10-06T10:29:00.8767790Z ✔ 状态契约为四态枚举且响应不含 PEM/私钥字段 (0.195043ms)
deploy-test	Run pnpm verify	2026-10-06T10:29:00.8793490Z ✔ 状态查询由 mTLS 身份定位证书，不增加源稿未定义的 deviceId Query (0.088683ms)
deploy-test	Run pnpm verify	2026-10-06T10:29:00.8818844Z ✔ 所有 $ref 可解析（内部引用 + 同目录相对引用 openapi-base.json） (0.555314ms)
deploy-test	Run pnpm verify	2026-10-06T10:29:00.9742021Z ✔ deactivate 端点齐备且 DeviceMtls 认证；响应码齐备 (1.088145ms)
deploy-test	Run pnpm verify	2026-10-06T10:29:00.9770514Z ✔ 响应视图封闭：退役记录 + 证书摘要（无证书材料字段）；幂等字段齐备 (0.263126ms)
deploy-test	Run pnpm verify	2026-10-06T10:29:00.9800890Z ✔ 所有 $ref 可解析（内部引用 + 同目录相对引用 openapi-base.json） (0.573892ms)
deploy-test	Run pnpm verify	2026-10-06T10:29:01.0431495Z ✔ BE-ONB-01 端点存在且 CSR 首次申请无需预置 Token (1.116948ms)
deploy-test	Run pnpm verify	2026-10-06T10:29:01.0434179Z ✔ 请求体包含设备资料和必填 CSR (0.223595ms)
deploy-test	Run pnpm verify	2026-10-06T10:29:01.0434847Z ✔ 成功响应含 requestId 与 PENDING 状态（200 幂等重放 / 201 新建） (0.142414ms)
deploy-test	Run pnpm verify	2026-10-06T10:29:01.0435522Z ✔ 匿名申请负向响应覆盖稳定错误码语义：400/404/409/429/500 (0.136936ms)
deploy-test	Run pnpm verify	2026-10-06T10:29:01.0463725Z ✔ 所有 $ref 可解析（内部引用 + 同目录相对引用 openapi-base.json） (0.638349ms)
deploy-test	Run pnpm verify	2026-10-06T10:29:01.0464616Z ✔ BE-ONB-03 status 端点：requestId 与 CSR 私钥签名，三态响应不含设备私钥 (0.340171ms)
deploy-test	Run pnpm verify	2026-10-06T10:29:01.0796184Z ✔ BE-OTA-03 下载兑换必须使用 Device mTLS 且绑定 target/token (1.128115ms)
deploy-test	Run pnpm verify	2026-10-06T10:29:01.0820583Z ✔ 一次性兑换响应禁止缓存，并封闭安全失败状态 (0.229705ms)
deploy-test	Run pnpm verify	2026-10-06T10:29:01.1778218Z ✔ 六个设备 Endpoint 的 Method、Path 完整且认证方式符合 DEC-025 (1.443358ms)
deploy-test	Run pnpm verify	2026-10-06T10:29:01.1824638Z ✔ Onboarding 按 DEC-026 增加 chain 与 REST，保留顶层结构，不使用 data/meta 包裹 (0.162505ms)
deploy-test	Run pnpm verify	2026-10-06T10:29:01.1863565Z ✔ Certificate 与 Sync 关键字段遵循源稿日期、枚举、用户和配置结构 (0.128894ms)
deploy-test	Run pnpm verify	2026-10-06T10:29:01.1877699Z ✔ 管理端 License/Device 投影不把源稿 OTA entitlement 改名为 OTA_UPDATE (0.056054ms)
deploy-test	Run pnpm verify	2026-10-06T10:29:01.1878530Z ✔ 所有 REST OpenAPI 使用当前正式决策登记版本且无非法 SEC 决策引用 (10.289486ms)
deploy-test	Run pnpm verify	2026-10-06T10:29:01.2680791Z ✔ sync 端点齐备且 DeviceMtls 认证；响应码齐备 (1.126683ms)
deploy-test	Run pnpm verify	2026-10-06T10:29:01.2681991Z ✔ 请求体封闭：lastSyncTime 与可选许可证确认 (0.134081ms)
deploy-test	Run pnpm verify	2026-10-06T10:29:01.2699759Z ✔ 快照顶层与源稿六域同形，兼容元数据不成为必填线协议 (0.380282ms)
deploy-test	Run pnpm verify	2026-10-06T10:29:01.2700480Z ✔ Retired 退役确认待处理设备仍可 Sync，契约不在认证层全局拒绝 (0.188834ms)
deploy-test	Run pnpm verify	2026-10-06T10:29:01.2701149Z ✔ 所有 $ref 可解析（内部引用 + 同目录相对引用 openapi-base.json） (1.079782ms)
deploy-test	Run pnpm verify	2026-10-06T10:29:01.2701727Z ✔ 许可证确认绑定版本与快照，规范验签输入保留完整UTC时间 (0.162735ms)
deploy-test	Run pnpm verify	2026-10-06T10:29:01.3026182Z ✔ 基座 SuccessResponse 结构：data + meta(requestId, UTC timestamp) (1.715507ms)
deploy-test	Run pnpm verify	2026-10-06T10:29:01.3027411Z ✔ 游标分页响应与往返解析 (0.385128ms)
deploy-test	Run pnpm verify	2026-10-06T10:29:01.3071941Z ✔ 非法游标返回 CURSOR_INVALID（400） (0.564538ms)
deploy-test	Run pnpm verify	2026-10-06T10:29:01.3094406Z ✔ limit 归一化：默认 50，范围 1~100 (0.324527ms)
deploy-test	Run pnpm verify	2026-10-06T10:29:01.3110687Z ✔ Idempotency-Key：缺失/非法被拒绝，合法值透传 (0.256916ms)
deploy-test	Run pnpm verify	2026-10-06T10:29:01.3127234Z ✔ If-Match 并发版本冲突返回确定的 409 (0.786402ms)
deploy-test	Run pnpm verify	2026-10-06T10:29:01.3131872Z ✔ 验证失败有确定响应（400 + VALIDATION_FAILED） (0.532967ms)
deploy-test	Run pnpm verify	2026-10-06T10:29:01.3164004Z ✔ 异常映射器不泄露堆栈、SQL 或 AWS 内部错误 (0.171322ms)
deploy-test	Run pnpm verify	2026-10-06T10:29:01.3164795Z ✔ 错误码目录、HTTP 状态映射与 OpenAPI ErrorCode 枚举三者一致 (0.206751ms)
deploy-test	Run pnpm verify	2026-10-06T10:29:01.3165359Z ✔ OpenAPI 基座结构有效：四个 API 分组与安全方案 (0.194182ms)
deploy-test	Run pnpm verify	2026-10-06T10:29:01.3165865Z ✔ OpenAPI 基座所有内部 $ref 均可解析（无悬空引用） (0.284347ms)
deploy-test	Run pnpm verify	2026-10-06T10:29:01.3829406Z ✔ 设备端：上传会话端点齐备且 DeviceMtls 认证；输入封闭；objectPath 由服务端签发 (1.590409ms)
deploy-test	Run pnpm verify	2026-10-06T10:29:01.3901658Z ✔ 管理端：列表/下载端点齐备且 CognitoJwt 认证；视图不泄露内部存储信息 (0.284898ms)
deploy-test	Run pnpm verify	2026-10-06T10:29:01.3902652Z ✔ Media 状态枚举封闭（AVAILABLE/DELETED）；配额/大小/TTL 引用 DEC-024 冻结值 (0.232069ms)
deploy-test	Run pnpm verify	2026-10-06T10:29:01.3903290Z ✔ 所有 $ref 可解析（内部引用 + openapi-base.json） (0.529546ms)
deploy-test	Run pnpm verify	2026-10-06T10:29:01.4706376Z ✔ 策略 JSON 通过自身 JSON Schema 结构校验 (1.438501ms)
deploy-test	Run pnpm verify	2026-10-06T10:29:01.4738209Z ✔ 负向结构：非法枚举、非空待冻结参数与缺失字段被 Schema 拒绝 (0.721534ms)
deploy-test	Run pnpm verify	2026-10-06T10:29:01.4739105Z ✔ x-decision-versions 引用 DEC-003 且版本与决策登记一致 (0.13316ms)
deploy-test	Run pnpm verify	2026-10-06T10:29:01.4740083Z ✔ 暂定值定性规则可执行：KMS 信封、一次性领取、成功即销毁、丢失重签 (0.135564ms)
deploy-test	Run pnpm verify	2026-10-06T10:29:01.4740639Z ✔ 冻结参数可直接执行：24 小时、一次成功领取、无待定参数 (0.130406ms)
deploy-test	Run pnpm verify	2026-10-06T10:29:01.4741279Z ✔ 策略消费者均为合法任务 ID 且覆盖 DEC-003 阻塞任务与 SEC-01 (0.244828ms)
deploy-test	Run pnpm verify	2026-10-06T10:29:01.4741879Z ✔ TS 常量与 certificate-package-policy.json 完全一致 (0.251758ms)
deploy-test	Run pnpm verify	2026-10-06T10:29:01.4991843Z ✔ 策略 JSON 通过自身 JSON Schema 结构校验 (1.751301ms)
deploy-test	Run pnpm verify	2026-10-06T10:29:01.4992951Z ✔ 负向结构：复用云端 Hash、非独立 salt 与非法字段被 Schema 拒绝 (0.710918ms)
deploy-test	Run pnpm verify	2026-10-06T10:29:01.4993703Z ✔ x-decision-versions 引用 DEC-004 且版本与决策登记一致 (0.13986ms)
deploy-test	Run pnpm verify	2026-10-06T10:29:01.4994367Z ✔ 暂定值定性规则可执行：设备本地专用、禁复用云端 Hash、每用户 salt、仅 Sync 下发 (0.203085ms)
deploy-test	Run pnpm verify	2026-10-06T10:29:01.4995418Z ✔ 冻结参数可直接执行：Argon2id PHC、固定参数与长度 (0.163976ms)
deploy-test	Run pnpm verify	2026-10-06T10:29:01.4995986Z ✔ 策略消费者均为合法任务 ID 且覆盖 DEC-004 阻塞任务 (0.380641ms)
deploy-test	Run pnpm verify	2026-10-06T10:29:01.4996581Z ✔ TS 常量与 device-user-verifier-policy.json 完全一致 (0.296636ms)
deploy-test	Run pnpm verify	2026-10-06T10:29:01.5685985Z ✔ 策略 JSON 通过自身 JSON Schema 结构校验 (1.209737ms)
deploy-test	Run pnpm verify	2026-10-06T10:29:01.5702115Z ✔ 负向结构：跳过服务端验签、非失败关闭与内嵌信任根被 Schema 拒绝 (0.450066ms)
deploy-test	Run pnpm verify	2026-10-06T10:29:01.5702622Z ✔ 暂定值定性规则可执行：服务端验签强制、失败关闭、载荷字段锁定、信任根带外分发 (0.16683ms)
deploy-test	Run pnpm verify	2026-10-06T10:29:01.5702999Z ✔ DEC-022 冻结算法、信任根类型、编码且无待定参数 (0.12627ms)
deploy-test	Run pnpm verify	2026-10-06T10:29:01.5703833Z ✔ DEC-022 固定 RSA/SHA-256 测试向量可复验 (1.039251ms)
deploy-test	Run pnpm verify	2026-10-06T10:29:01.5704348Z ✔ 策略消费者均为合法任务 ID 且覆盖 BE-OTA-01 (0.1798ms)
deploy-test	Run pnpm verify	2026-10-06T10:29:01.5716875Z ✔ TS 常量与 ota-package-signature-policy.json 完全一致 (0.287041ms)
deploy-test	Run pnpm verify	2026-10-06T10:29:01.7108714Z ✔ 四类业务设置共享版本化 JSON Schema 与运行时校验器 (44.699131ms)
deploy-test	Run pnpm verify	2026-10-06T10:29:01.7274612Z ℹ tests 302
deploy-test	Run pnpm verify	2026-10-06T10:29:01.7274931Z ℹ suites 0
deploy-test	Run pnpm verify	2026-10-06T10:29:01.7275317Z ℹ pass 302
deploy-test	Run pnpm verify	2026-10-06T10:29:01.7275505Z ℹ fail 0
deploy-test	Run pnpm verify	2026-10-06T10:29:01.7275696Z ℹ cancelled 0
deploy-test	Run pnpm verify	2026-10-06T10:29:01.7276223Z ℹ skipped 0
deploy-test	Run pnpm verify	2026-10-06T10:29:01.7276651Z ℹ todo 0
deploy-test	Run pnpm verify	2026-10-06T10:29:01.7277013Z ℹ duration_ms 4031.321136
deploy-test	Run pnpm verify	2026-10-06T10:29:01.9112554Z 
deploy-test	Run pnpm verify	2026-10-06T10:29:01.9113393Z > food-digester-platform@0.0.0 test:scripts /home/runner/work/food-digester-platform/food-digester-platform
deploy-test	Run pnpm verify	2026-10-06T10:29:01.9113975Z > node --import tsx --test scripts/*.test.mjs
deploy-test	Run pnpm verify	2026-10-06T10:29:01.9114162Z 
deploy-test	Run pnpm verify	2026-10-06T10:29:05.3286079Z ✔ bootstrap input is bound to the normalized email and never accepts a password (1.480575ms)
deploy-test	Run pnpm verify	2026-10-06T10:29:05.3287902Z ✔ successful bootstrap creates Cognito identity before committing linked database user (0.397266ms)
deploy-test	Run pnpm verify	2026-10-06T10:29:05.3288849Z ✔ non-pristine Cognito or database fails before any mutation (0.378258ms)
deploy-test	Run pnpm verify	2026-10-06T10:29:05.3290128Z ✔ database failure deletes Cognito identity and records compensated failure (0.366811ms)
deploy-test	Run pnpm verify	2026-10-06T10:29:05.3290958Z ✔ failed Cognito compensation keeps reconciliation required (0.288884ms)
deploy-test	Run pnpm verify	2026-10-06T10:29:05.3291544Z ✔ source approval requires exact SHA and packager embeds committed SHA (3252.610947ms)
deploy-test	Run pnpm verify	2026-10-06T10:29:05.3292088Z ✔ runner without approved source fails closed without leaking configuration (31.587318ms)
deploy-test	Run pnpm verify	2026-10-06T10:29:05.3678196Z ✔ serial and parallel repeated browser receipts are validated (4.971598ms)
deploy-test	Run pnpm verify	2026-10-06T10:29:05.3700660Z ✔ fail closed: missing required flow (0.326771ms)
deploy-test	Run pnpm verify	2026-10-06T10:29:05.3721060Z ✔ fail closed: skipped execution (0.696126ms)
deploy-test	Run pnpm verify	2026-10-06T10:29:05.3730571Z ✔ fail closed: flaky execution (0.206991ms)
deploy-test	Run pnpm verify	2026-10-06T10:29:05.3731249Z ✔ fail closed: retry hides failure (0.205459ms)
deploy-test	Run pnpm verify	2026-10-06T10:29:05.3731814Z ✔ fail closed: unexpected error (0.341914ms)
deploy-test	Run pnpm verify	2026-10-06T10:29:05.3732386Z ✔ fail closed: missing isolated trace (0.254653ms)
deploy-test	Run pnpm verify	2026-10-06T10:29:05.3732929Z ✔ fail closed: data prefix reused (0.99843ms)
deploy-test	Run pnpm verify	2026-10-06T10:29:05.3733461Z ✔ fail closed: context cleanup failed (0.767683ms)
deploy-test	Run pnpm verify	2026-10-06T10:29:05.3734008Z ✔ fail closed: unmocked network request (0.477256ms)
deploy-test	Run pnpm verify	2026-10-06T10:29:05.3735016Z ✔ fail closed: missing role proof (0.666101ms)
deploy-test	Run pnpm verify	2026-10-06T10:29:05.3735524Z ✔ fail closed: wrong route permission (0.469005ms)
deploy-test	Run pnpm verify	2026-10-06T10:29:05.3736065Z ✔ fail closed: Auditor OTA write enabled (0.816497ms)
deploy-test	Run pnpm verify	2026-10-06T10:29:05.3736602Z ✔ fail closed: missing MFA assertion (0.518389ms)
deploy-test	Run pnpm verify	2026-10-06T10:29:05.3737154Z ✔ fail closed: missing conflict response (0.314572ms)
deploy-test	Run pnpm verify	2026-10-06T10:29:05.3737723Z ✔ fail closed: missing forbidden response (0.443606ms)
deploy-test	Run pnpm verify	2026-10-06T10:29:05.3738253Z ✔ fail closed: missing repeat (0.142213ms)
deploy-test	Run pnpm verify	2026-10-06T10:29:05.3738845Z ✔ repeat traces cannot duplicate the first execution (1.17131ms)
deploy-test	Run pnpm verify	2026-10-06T10:29:05.3739689Z ✔ manifest exactly matches independent Playwright discovery (948.359996ms)
deploy-test	Run pnpm verify	2026-10-06T10:29:05.3740324Z ✔ discovery fails closed: missing case (0.519741ms)
deploy-test	Run pnpm verify	2026-10-06T10:29:05.3740869Z ✔ discovery fails closed: extra case (1.989108ms)
deploy-test	Run pnpm verify	2026-10-06T10:29:05.3741512Z ✔ discovery fails closed: duplicate replacing required case (0.178278ms)
deploy-test	Run pnpm verify	2026-10-06T10:29:05.3742218Z ✔ old Viewer permission cannot pass the updated matrix (1.05198ms)
deploy-test	Run pnpm verify	2026-10-06T10:29:05.3743101Z ✔ required behavioral proof cannot be missing: QA-09 设备管理长别名和序列号在375px完整换行且不裁切 (1.014023ms)
deploy-test	Run pnpm verify	2026-10-06T10:29:05.3744015Z ✔ required behavioral proof cannot be missing: H-01 API 拒绝停用会话后清除浏览器会话并返回登录 (0.779991ms)
deploy-test	Run pnpm verify	2026-10-06T10:29:05.3744926Z ✔ required behavioral proof cannot be missing: M-01 CustomerViewer 从菜单查询设备用户详情，全部写入口隐藏 (0.339249ms)
deploy-test	Run pnpm verify	2026-10-06T10:29:05.3745897Z ✔ required behavioral proof cannot be missing: UI redesign: all business routes at 1366x768 (0.595684ms)
deploy-test	Run pnpm verify	2026-10-06T10:29:05.3747197Z ✔ required behavioral proof cannot be missing: UI redesign: all business routes at 1440x900 (1.222166ms)
deploy-test	Run pnpm verify	2026-10-06T10:29:05.3748167Z ✔ required behavioral proof cannot be missing: UI redesign: all business routes at 1920x1080 (0.331128ms)
deploy-test	Run pnpm verify	2026-10-06T10:29:05.3749408Z ✔ required behavioral proof cannot be missing: QA05 login SRP MFA error success logout without persisting password (0.662375ms)
deploy-test	Run pnpm verify	2026-10-06T10:29:05.3750582Z ✔ required behavioral proof cannot be missing: QA05 ESG cursor totals export snapshot timezone and empty state (0.225478ms)
deploy-test	Run pnpm verify	2026-10-06T10:29:05.3751709Z ✔ required behavioral proof cannot be missing: QA05 Command dangerous confirmation terminal result and publish failure (0.205719ms)
deploy-test	Run pnpm verify	2026-10-06T10:29:05.3752840Z ✔ required behavioral proof cannot be missing: QA05 Media expiry renew 403 and audit read-only zero writes (0.180231ms)
deploy-test	Run pnpm verify	2026-10-06T10:29:05.3753770Z ✔ serial and repeated phases require all 108 independent prefixes (0.668054ms)
deploy-test	Run pnpm verify	2026-10-06T10:29:05.3754665Z ✔ phase budget accounts for startup, executions and worker slots, with a finite ceiling (0.115854ms)
deploy-test	Run pnpm verify	2026-10-06T10:29:05.3755467Z ✔ invalid phase budget rejected: repeat=0 workers=1 (0.30656ms)
deploy-test	Run pnpm verify	2026-10-06T10:29:05.3756105Z ✔ invalid phase budget rejected: repeat=1 workers=0 (0.077827ms)
deploy-test	Run pnpm verify	2026-10-06T10:29:05.3756756Z ✔ invalid phase budget rejected: repeat=0.5 workers=1 (0.044347ms)
deploy-test	Run pnpm verify	2026-10-06T10:29:05.3757418Z ✔ invalid phase budget rejected: repeat=1 workers=0.5 (0.036635ms)
deploy-test	Run pnpm verify	2026-10-06T10:29:05.3758122Z ✔ invalid phase budget rejected: repeat=Infinity workers=1 (0.057977ms)
deploy-test	Run pnpm verify	2026-10-06T10:29:05.3758806Z ✔ invalid phase budget rejected: repeat=1 workers=NaN (0.037005ms)
deploy-test	Run pnpm verify	2026-10-06T10:29:05.3759724Z ✔ real child-process timeout is classified and cannot create a successful phase (52.141615ms)
deploy-test	Run pnpm verify	2026-10-06T10:29:05.3760461Z ✔ failed/killed process cannot pass: status=1 (0.136215ms)
deploy-test	Run pnpm verify	2026-10-06T10:29:05.3761085Z ✔ failed/killed process cannot pass: status=null (0.062383ms)
deploy-test	Run pnpm verify	2026-10-06T10:29:05.3761809Z ✔ spawn errors reject without disclosing raw process error details (0.393561ms)
deploy-test	Run pnpm verify	2026-10-06T10:29:05.3762608Z ✔ successful process may proceed to the strict report and trace validator (0.772501ms)
deploy-test	Run pnpm verify	2026-10-06T10:29:05.3763273Z ✔ 真实 OpenAPI 片段可确定性打包且无外部引用 (63.302048ms)
deploy-test	Run pnpm verify	2026-10-06T10:29:05.3763779Z ✔ bundle 新鲜度检查拒绝缺失或过期产物 (113.223309ms)
deploy-test	Run pnpm verify	2026-10-06T10:29:05.3764311Z ✔ 失败示例：非法 OpenAPI 版本与缺少 responses 被拒绝 (0.321803ms)
deploy-test	Run pnpm verify	2026-10-06T10:29:05.3764819Z ✔ 失败示例：全局重复 operationId 被拒绝 (0.146591ms)
deploy-test	Run pnpm verify	2026-10-06T10:29:05.3765561Z ✔ 失败示例：非法 parameter 与 Schema 被拒绝 (0.207672ms)
deploy-test	Run pnpm verify	2026-10-06T10:29:05.3766066Z ✔ 仓库提交的统一 bundle 与当前片段一致 (22.64062ms)
deploy-test	Run pnpm verify	2026-10-06T10:29:05.3766798Z ✔ scoped Gate accepts the archived real-target receipt, without promoting full acceptance (10.329361ms)
deploy-test	Run pnpm verify	2026-10-06T10:29:05.3767619Z ✔ scoped Gate rejects missing role (14.885366ms)
deploy-test	Run pnpm verify	2026-10-06T10:29:05.3768140Z ✔ scoped Gate rejects wrong SHA (9.161312ms)
deploy-test	Run pnpm verify	2026-10-06T10:29:05.3768681Z ✔ scoped Gate rejects unverified Lambda (11.038712ms)
deploy-test	Run pnpm verify	2026-10-06T10:29:05.3769621Z ✔ scoped Gate rejects runtime drift (10.83834ms)
deploy-test	Run pnpm verify	2026-10-06T10:29:05.3771802Z ✔ scoped Gate rejects mocked API (12.05596ms)
deploy-test	Run pnpm verify	2026-10-06T10:29:05.3772348Z ✔ scoped Gate rejects empty tenant (17.982763ms)
deploy-test	Run pnpm verify	2026-10-06T10:29:05.3772906Z ✔ scoped Gate rejects cross-Customer list leak (9.533134ms)
deploy-test	Run pnpm verify	2026-10-06T10:29:05.3773502Z ✔ scoped Gate rejects Viewer mutation accepted (7.93548ms)
deploy-test	Run pnpm verify	2026-10-06T10:29:05.3774073Z ✔ scoped Gate rejects expired old Token (8.06216ms)
deploy-test	Run pnpm verify	2026-10-06T10:29:05.3774686Z ✔ scoped Gate rejects two duplicate successes (8.96746ms)
deploy-test	Run pnpm verify	2026-10-06T10:29:05.3775293Z ✔ scoped Gate rejects two optimistic successes (7.879576ms)
deploy-test	Run pnpm verify	2026-10-06T10:29:05.3775854Z ✔ scoped Gate rejects bundled Firefox (7.081918ms)
deploy-test	Run pnpm verify	2026-10-06T10:29:05.3776417Z ✔ scoped Gate rejects missing browser-role case (10.370008ms)
deploy-test	Run pnpm verify	2026-10-06T10:29:05.3777102Z ✔ scoped Gate rejects persisted edit belongs to another record (11.165312ms)
deploy-test	Run pnpm verify	2026-10-06T10:29:05.3777836Z ✔ scoped Gate rejects forbidden page rendered as business page (22.216763ms)
deploy-test	Run pnpm verify	2026-10-06T10:29:05.3778484Z ✔ scoped Gate rejects missing screenshot (3.438695ms)
deploy-test	Run pnpm verify	2026-10-06T10:29:05.3779285Z ✔ scoped Gate rejects cleanup duplicate hides missing ID (7.946897ms)
deploy-test	Run pnpm verify	2026-10-06T10:29:05.3780034Z ✔ scoped Gate rejects cleanup incomplete (8.303593ms)
deploy-test	Run pnpm verify	2026-10-06T10:29:05.3780725Z ✔ scoped Gate rejects private credentials retained (8.478165ms)
deploy-test	Run pnpm verify	2026-10-06T10:29:05.3781362Z ✔ scoped Gate rejects scope promoted (8.147218ms)
deploy-test	Run pnpm verify	2026-10-06T10:29:05.3781920Z ✔ 当前管理后台源代码满足入口与组合根交付约束 (8.561731ms)
deploy-test	Run pnpm verify	2026-10-06T10:29:05.3782388Z ✔ 缺少入口和构建产物时失败关闭 (0.450547ms)
deploy-test	Run pnpm verify	2026-10-06T10:29:05.3783858Z ✔ FE-06 至 FE-19 任一任务或路由从事实源缺失时失败关闭 (14.492971ms)
deploy-test	Run pnpm verify	2026-10-06T10:29:05.3784392Z ✔ FE-11 至 FE-15 任一任务、路由或页面标识缺失时失败关闭 (9.250346ms)
deploy-test	Run pnpm verify	2026-10-06T10:29:05.3784931Z ✔ FE-06 至 FE-15 任一控制器或 operationId 缺失时失败关闭 (6.022126ms)
deploy-test	Run pnpm verify	2026-10-06T10:29:05.3785529Z ✔ FE-11 至 FE-15 控制器或 operationId 缺失时失败关闭 (7.220141ms)
deploy-test	Run pnpm verify	2026-10-06T10:29:05.3786169Z ✔ FE-16 至 FE-19 任一任务、路由、控制器、页面标识或 operationId 缺失时失败关闭 (8.573909ms)
deploy-test	Run pnpm verify	2026-10-06T10:29:05.3786803Z ✔ App 移除显式页面分支时失败关闭 (5.526372ms)
deploy-test	Run pnpm verify	2026-10-06T10:29:05.3787323Z ✔ 完整目标回执覆盖双提交、隔离环境、五角色、七路由、五闭环与清理 (79.617607ms)
deploy-test	Run pnpm verify	2026-10-06T10:29:05.3787826Z ✔ 缺路由、角色、闭环或审计拒绝角色时失败关闭 (37.158748ms)
deploy-test	Run pnpm verify	2026-10-06T10:29:05.3788363Z ✔ mock、泄露、短链持久化、危险操作与只读写请求均失败关闭 (30.17022ms)
deploy-test	Run pnpm verify	2026-10-06T10:29:05.3788900Z ✔ 缺失回执、双部署提交漂移、HEAD 不一致与未清理均失败关闭 (37.777201ms)
deploy-test	Run pnpm verify	2026-10-06T10:29:05.3790336Z ✔ 目标 Gate 是显式发布步骤且不进入普通 verify (0.338719ms)
deploy-test	Run pnpm verify	2026-10-06T10:29:05.3790934Z ✔ 完整回执覆盖双提交、隔离环境、五角色、五路由、四闭环、隐私、双语布局与清理 (77.606077ms)
deploy-test	Run pnpm verify	2026-10-06T10:29:05.3791835Z ✔ 缺路由、角色、闭环、locale 或 viewport 时失败关闭 (46.611306ms)
deploy-test	Run pnpm verify	2026-10-06T10:29:05.3792364Z ✔ mock、权限、并发、泄露或布局不合格时失败关闭 (31.063342ms)
deploy-test	Run pnpm verify	2026-10-06T10:29:05.3792862Z ✔ 缺失回执、双部署提交漂移、HEAD 不一致与未清理均失败关闭 (47.117548ms)
deploy-test	Run pnpm verify	2026-10-06T10:29:05.3793501Z ✔ 目标 Gate 是显式发布步骤且不进入普通 verify (0.420832ms)
deploy-test	Run pnpm verify	2026-10-06T10:29:05.3794045Z ✔ 完整路由、五角色、五业务闭环、租户、并发、敏感字段与清理回执通过 (1.269356ms)
deploy-test	Run pnpm verify	2026-10-06T10:29:05.3794532Z ✔ 缺路由、角色或业务闭环时失败关闭 (0.247972ms)
deploy-test	Run pnpm verify	2026-10-06T10:29:05.3795071Z ✔ Cognito、部署 API、跨租户、并发与敏感字段证据不满足约束时失败关闭 (0.194462ms)
deploy-test	Run pnpm verify	2026-10-06T10:29:05.3795885Z ✔ 缺失回执、部署提交或 sourceCommit 不一致时失败关闭 (0.423236ms)
deploy-test	Run pnpm verify	2026-10-06T10:29:05.3796420Z ✔ 完整的 58 API、五角色、并发、ESG 与清理目标 AWS 回执通过 (1.783379ms)
deploy-test	Run pnpm verify	2026-10-06T10:29:05.3796976Z ✔ 58 个回执 operationId 与九份正式业务 OpenAPI 精确一致 (3.565516ms)
deploy-test	Run pnpm verify	2026-10-06T10:29:05.3797499Z ✔ API 缺项、角色缺项与跨 Customer 放行均失败关闭 (0.558579ms)
deploy-test	Run pnpm verify	2026-10-06T10:29:05.3797990Z ✔ 并发或 ESG 证据不满足生产约束时失败关闭 (0.229285ms)
deploy-test	Run pnpm verify	2026-10-06T10:29:05.3798473Z ✔ 缺失回执与 sourceCommit 不匹配均失败关闭 (1.051209ms)
deploy-test	Run pnpm verify	2026-10-06T10:29:05.3799022Z ✔ 完整覆盖 25 API、五角色、竞态、退役与导出的隔离 AWS 回执通过 (1.738151ms)
deploy-test	Run pnpm verify	2026-10-06T10:29:05.3799847Z ✔ 缺 operation、跨租户放行、竞态双成功、证书未失活与 MQTT/S3 缺口均失败关闭 (0.435694ms)
deploy-test	Run pnpm verify	2026-10-06T10:29:05.3800477Z ✔ operation 成功状态与负向状态集合不完整时失败关闭 (0.214793ms)
deploy-test	Run pnpm verify	2026-10-06T10:29:05.3801059Z ✔ 回执缺失、非法 JSON 或 sourceCommit 不一致时独立发布 Gate 失败 (0.804939ms)
deploy-test	Run pnpm verify	2026-10-06T10:29:05.3801632Z ✔ 完整 Archive、Replay、Summary 目标 AWS 回执通过 (1.556688ms)
deploy-test	Run pnpm verify	2026-10-06T10:29:05.3804595Z ✔ 缺探针、重复归档、Replay 复制业务行和空 Summary 均失败关闭 (0.385289ms)
deploy-test	Run pnpm verify	2026-10-06T10:29:05.3805259Z ✔ 缺少回执或提交不一致时独立 Gate 失败 (0.592049ms)
deploy-test	Run pnpm verify	2026-10-06T10:29:05.3805831Z ✔ 完整隔离 AWS 回执覆盖 8 Topic、负向路径、QA-03 与清理时通过 (1.673965ms)
deploy-test	Run pnpm verify	2026-10-06T10:29:05.3806433Z ✔ 缺 Topic、未知 Topic 命中、Error Action 未恢复和原文漂移均失败关闭 (0.334352ms)
deploy-test	Run pnpm verify	2026-10-06T10:29:05.3806975Z ✔ 未提供目标 AWS 回执时独立发布 Gate 明确失败 (0.498909ms)
deploy-test	Run pnpm verify	2026-10-06T10:29:05.3807437Z ✔ 回执必须对应待发布的精确 Git 提交 (0.520953ms)
deploy-test	Run pnpm verify	2026-10-06T10:29:05.3807983Z ✔ 完整的 15 API、角色、Cognito、并发、S3、Dashboard、审计与清理回执通过 (1.578131ms)
deploy-test	Run pnpm verify	2026-10-06T10:29:05.3808547Z ✔ 15 个 operationId 与六份正式 OpenAPI 精确一致 (1.17157ms)
deploy-test	Run pnpm verify	2026-10-06T10:29:05.3809072Z ✔ API、角色、租户或安全/并发探针缺口均失败关闭 (0.403597ms)
deploy-test	Run pnpm verify	2026-10-06T10:29:05.3809710Z ✔ 缺失回执与 sourceCommit 不匹配均失败关闭 (0.598909ms)
deploy-test	Run pnpm verify	2026-10-06T10:29:05.3810155Z ✔ 干净的依赖图通过检查 (1.923609ms)
deploy-test	Run pnpm verify	2026-10-06T10:29:05.3810597Z ✔ 共享包反向依赖 apps 被识别为边界违规 (0.629105ms)
deploy-test	Run pnpm verify	2026-10-06T10:29:05.3811062Z ✔ contracts 反向依赖 apps 被识别为边界违规 (0.4258ms)
deploy-test	Run pnpm verify	2026-10-06T10:29:05.3811535Z ✔ apps 之间互相依赖被识别为边界违规 (0.413021ms)
deploy-test	Run pnpm verify	2026-10-06T10:29:05.3811954Z ✔ 工作区循环依赖被检出 (0.61245ms)
deploy-test	Run pnpm verify	2026-10-06T10:29:05.3812386Z ✔ 非工作区依赖（外部 npm 包）不参与检查 (0.33978ms)
deploy-test	Run pnpm verify	2026-10-06T10:29:05.3812865Z ✔ 当前仓库通过边界与循环依赖检查 (0.556305ms)
deploy-test	Run pnpm verify	2026-10-06T10:29:05.3813324Z ✔ CDK WARNING 与规则校验编号会触发 Gate (0.901194ms)
deploy-test	Run pnpm verify	2026-10-06T10:29:05.3813781Z ✔ 正常 synth 输出不会误报 (0.662285ms)
deploy-test	Run pnpm verify	2026-10-06T10:29:05.3814268Z ✔ 已交付 Lambda 缺失或回退到内联 501 占位时 Gate 失败 (0.312189ms)
deploy-test	Run pnpm verify	2026-10-06T10:29:05.3814783Z ✔ 已交付 Lambda 使用 S3 asset 时 Gate 通过 (0.134802ms)
deploy-test	Run pnpm verify	2026-10-06T10:29:05.3815326Z ✔ CMD/OTA 生产接线 Gate 对 Worker/调度任一缺失均失败关闭 (0.384888ms)
deploy-test	Run pnpm verify	2026-10-06T10:29:05.3815877Z ✔ CMD/OTA 生产接线 Gate 对 IoT/S3/KMS 权限缺失失败关闭 (0.456656ms)
deploy-test	Run pnpm verify	2026-10-06T10:29:05.3816676Z ✔ 真实登记文件：结构校验通过，并准确识别当前未决 DEC (2.735079ms)
deploy-test	Run pnpm verify	2026-10-06T10:29:05.3817304Z ✔ 真实契约版本文件：decisionRegisterVersion 与登记一致 (1.969178ms)
deploy-test	Run pnpm verify	2026-10-06T10:29:05.3817762Z ✔ 契约版本不一致被拒绝 (0.668945ms)
deploy-test	Run pnpm verify	2026-10-06T10:29:05.3818217Z ✔ 重复决策 ID 被拒绝（已知冲突必须有唯一决策 ID） (0.307252ms)
deploy-test	Run pnpm verify	2026-10-06T10:29:05.3818672Z ✔ 原则与决策之间 ID 也全局唯一 (0.17995ms)
deploy-test	Run pnpm verify	2026-10-06T10:29:05.3819299Z ✔ pending 决策携带批准人被拒绝 (0.129024ms)
deploy-test	Run pnpm verify	2026-10-06T10:29:05.3819816Z ✔ frozen 决策必须有批准人、批准时间和 >=1.0.0 版本 (0.267813ms)
deploy-test	Run pnpm verify	2026-10-06T10:29:05.3820325Z ✔ blockingTasks 为空或格式非法被拒绝 (0.203115ms)
deploy-test	Run pnpm verify	2026-10-06T10:29:05.3821080Z ✔ history 必须非空且末条版本与条目版本一致 (0.562665ms)
deploy-test	Run pnpm verify	2026-10-06T10:29:05.3821539Z ✔ 非 UTC 时间戳被拒绝 (0.214503ms)
deploy-test	Run pnpm verify	2026-10-06T10:29:05.3822207Z ✔ CLI validate 模式：真实文件退出码 0 且输出实际未决数；--fail-on-pending 按实际未决数返回 (1.858472ms)
deploy-test	Run pnpm verify	2026-10-06T10:29:05.3822762Z ✔ CLI：结构错误退出码 1 (1.109577ms)
deploy-test	Run pnpm verify	2026-10-06T10:29:05.3823320Z ✔ 追溯校验：合法 x-decision-versions 引用通过（Schema 可追溯到决策版本） (2.019835ms)
deploy-test	Run pnpm verify	2026-10-06T10:29:05.3823868Z ✔ 追溯校验：不存在的决策 ID 被拒绝 (0.933242ms)
deploy-test	Run pnpm verify	2026-10-06T10:29:05.3824330Z ✔ 追溯校验：引用版本与登记版本不一致被拒绝 (0.860482ms)
deploy-test	Run pnpm verify	2026-10-06T10:29:05.3824882Z ✔ 追溯校验：缺少 x-decision-versions 或格式非法被拒绝 (1.014274ms)
deploy-test	Run pnpm verify	2026-10-06T10:29:05.3825501Z ✔ 追溯校验：嵌套在 OpenAPI info 下的 x-decision-versions 可被递归发现 (0.895945ms)
deploy-test	Run pnpm verify	2026-10-06T10:29:05.3826153Z ✔ 已交付 API（含管理后台 P1）的 129 个 OpenAPI operation 与生产路由双向一致 (7.937404ms)
deploy-test	Run pnpm verify	2026-10-06T10:29:05.3826700Z ✔ 版本化已交付清单缺失、重复或引用不存在文件时失败关闭 (0.917298ms)
deploy-test	Run pnpm verify	2026-10-06T10:29:05.3827201Z ✔ 缺失、额外、重复及 method/path 漂移均失败关闭 (0.329705ms)
deploy-test	Run pnpm verify	2026-10-06T10:29:05.3827779Z ✔ CMD/OTA 治理 Gate 校验四份 REST 契约及 DEC-022/023 冻结状态 (5.382034ms)
deploy-test	Run pnpm verify	2026-10-06T10:29:05.3828359Z ✔ 有效链接、无易漂移计数且工具链配对正确时通过 (2.111381ms)
deploy-test	Run pnpm verify	2026-10-06T10:29:05.3828825Z ✔ 损坏的仓库内 Markdown 链接被拒绝 (0.780503ms)
deploy-test	Run pnpm verify	2026-10-06T10:29:05.3829446Z ✔ 陈旧测试计数或不兼容工具链声明被拒绝 (0.584017ms)
deploy-test	Run pnpm verify	2026-10-06T10:29:05.3829955Z ✔ 当前仓库 ENG/DB/DOM 与 IAC/AUTH/SEC 任务文档证据一致 (14.099279ms)
deploy-test	Run pnpm verify	2026-10-06T10:29:05.3830479Z ✔ BE-IOT-01～08 文档全部纳入默认链接与证据门禁 (0.199399ms)
deploy-test	Run pnpm verify	2026-10-06T10:29:05.3830992Z ✔ BE-ARC/RPL/ESG 四份文档及 P2 回归纳入默认证据门禁 (0.098859ms)
deploy-test	Run pnpm verify	2026-10-06T10:29:05.3831688Z ✔ 11 份管理后台业务文档全部纳入默认链接与证据门禁 (0.076705ms)
deploy-test	Run pnpm verify	2026-10-06T10:29:05.3832264Z ✔ BE-MED/RBAC/AUD/DASH/SET 五份文档纳入状态与 AWS 证据门禁 (0.069605ms)
deploy-test	Run pnpm verify	2026-10-06T10:29:05.3832820Z ✔ FE-06～FE-10 五份前端文档纳入四层状态与目标回执门禁 (0.088854ms)
deploy-test	Run pnpm verify	2026-10-06T10:29:05.3833642Z ✔ FE-11～FE-15 五份前端文档纳入四层状态与独立目标回执门禁 (0.176355ms)
deploy-test	Run pnpm verify	2026-10-06T10:29:05.3834205Z ✔ 前端任务文档拒绝缺层级、问题责任字段、目标 Gate 和 P1 陈旧描述 (0.167531ms)
deploy-test	Run pnpm verify	2026-10-06T10:29:05.3834822Z ✔ FE-11～FE-15 文档拒绝旧缺陷、任务级勾选及旧目标 Gate (0.125188ms)
deploy-test	Run pnpm verify	2026-10-06T10:29:05.3835393Z ✔ BE-MED/RBAC/AUD/DASH/SET 文档拒绝缺状态层、陈旧参数和设置生效误述 (0.093951ms)
deploy-test	Run pnpm verify	2026-10-06T10:29:05.3835957Z ✔ 管理后台业务文档拒绝缺证据引用和陈旧决策或部署说法 (0.0864ms)
deploy-test	Run pnpm verify	2026-10-06T10:29:05.3836476Z ✔ BE-ARC/RPL/ESG 文档拒绝缺审计快照和生产接线边界外旧说法 (0.089945ms)
deploy-test	Run pnpm verify	2026-10-06T10:29:05.3837061Z ✔ BE-IOT 文档拒绝缺少审计快照、Report P2002 与 Media 另路由旧说法 (0.118107ms)
deploy-test	Run pnpm verify	2026-10-06T10:29:05.3837596Z ✔ BE-IOT 严格负向探针必须保留为可定位的永久回归 (0.424718ms)
deploy-test	Run pnpm verify	2026-10-06T10:29:05.3838119Z ✔ 安全任务文档拒绝历史计数、缺少 verify 命令与陈旧 DEC-012 状态 (0.121553ms)
deploy-test	Run pnpm verify	2026-10-06T10:29:05.3838647Z ✔ 安全任务文档接受当前命令、审计快照引用与 frozen 决策 (0.067221ms)
deploy-test	Run pnpm verify	2026-10-06T10:29:05.3839306Z ✔ 当前仓库（DB-01 已落地）Migration 结构通过 (10.499602ms)
deploy-test	Run pnpm verify	2026-10-06T10:29:05.3840116Z ✔ schema.prisma 未落地时跳过并通过（骨架期行为） (0.325319ms)
deploy-test	Run pnpm verify	2026-10-06T10:29:05.3840729Z ✔ 失败示例：Schema 已存在但无任何 Migration（未提交 Migration） (0.329164ms)
deploy-test	Run pnpm verify	2026-10-06T10:29:05.3841328Z ✔ 失败示例：migrations/ 为空且缺少 migration_lock.toml (0.333541ms)
deploy-test	Run pnpm verify	2026-10-06T10:29:05.3841894Z ✔ 失败示例：Migration 目录名非法与空 migration.sql (0.633963ms)
deploy-test	Run pnpm verify	2026-10-06T10:29:05.3842366Z ✔ 合法 Migration 结构通过 (0.46618ms)
deploy-test	Run pnpm verify	2026-10-06T10:29:05.3842844Z ✔ 失败示例：已有旧 Migration 但 Schema 已变化且未登记快照 (1.453394ms)
deploy-test	Run pnpm verify	2026-10-06T10:29:05.3843506Z ✔ 真实矩阵通过完整性检查 (2.819866ms)
deploy-test	Run pnpm verify	2026-10-06T10:29:05.3843979Z ✔ 真实引用集合：41 个矩阵 API 与 13 个 routeId 全部可解析 (1.866875ms)
deploy-test	Run pnpm verify	2026-10-06T10:29:05.3844555Z ✔ index19.html 源清单：9 个菜单、12 个页面、128 个元素与矩阵双向覆盖 (0.567122ms)
deploy-test	Run pnpm verify	2026-10-06T10:29:05.3845075Z ✔ 真实矩阵：9 菜单、12 页面、每项均有处置结论 (0.727453ms)
deploy-test	Run pnpm verify	2026-10-06T10:29:05.3845556Z ✔ 被拒绝的实时流、明文密码、状态混用不携带实现任务 (0.435615ms)
deploy-test	Run pnpm verify	2026-10-06T10:29:05.3846104Z ✔ 矩阵的 x-decision-versions 可追溯到决策登记（DEC-007~012） (2.524953ms)
deploy-test	Run pnpm verify	2026-10-06T10:29:05.3846576Z ✔ 缺少菜单或页面被拒绝 (0.631408ms)
deploy-test	Run pnpm verify	2026-10-06T10:29:05.3846984Z ✔ 重复元素 ID 被拒绝 (0.190786ms)
deploy-test	Run pnpm verify	2026-10-06T10:29:05.3847400Z ✔ Adapt/Reject 缺少依据被拒绝 (0.208263ms)
deploy-test	Run pnpm verify	2026-10-06T10:29:05.3847871Z ✔ Adopt/Adapt 生产字段缺少 API 来源被拒绝 (0.238739ms)
deploy-test	Run pnpm verify	2026-10-06T10:29:05.3848385Z ✔ rejectCategory 项非 Reject 或携带实现任务被拒绝 (0.201012ms)
deploy-test	Run pnpm verify	2026-10-06T10:29:05.3848846Z ✔ 未知角色被拒绝（R7） (0.985881ms)
deploy-test	Run pnpm verify	2026-10-06T10:29:05.3849478Z ✔ 格式合法但不存在的 operationId、routeId 与响应字段被拒绝 (1.400895ms)
deploy-test	Run pnpm verify	2026-10-06T10:29:05.3849996Z ✔ planned operation 的任务归属漂移被拒绝 (0.510016ms)
deploy-test	Run pnpm verify	2026-10-06T10:29:05.3850481Z ✔ 源清单与矩阵任一侧删除元素均被双向覆盖检查拒绝 (2.751903ms)
deploy-test	Run pnpm verify	2026-10-06T10:29:05.3851001Z ✔ index19.html 内容变化但未重新盘点源清单时失败关闭 (2.511402ms)
deploy-test	Run pnpm verify	2026-10-06T10:29:05.3851516Z ✔ 重复 operationId 与 routeId 被引用索引拒绝 (1.029557ms)
deploy-test	Run pnpm verify	2026-10-06T10:29:05.3852015Z ✔ CLI：真实矩阵退出码 0，违规矩阵退出码 1 (28.985762ms)
deploy-test	Run pnpm verify	2026-10-06T10:29:05.3852686Z ✔ remaining scope cannot replace full core, Active acceptance or failed cleanups (0.970327ms)
deploy-test	Run pnpm verify	2026-10-06T10:29:05.3853385Z ✔ 当前仓库全部 Schema、OpenAPI 片段与统一 bundle 通过引用校验 (108.717829ms)
deploy-test	Run pnpm verify	2026-10-06T10:29:05.3853880Z ✔ 失败示例：悬空内部 $ref 被拒绝 (0.780853ms)
deploy-test	Run pnpm verify	2026-10-06T10:29:05.3854361Z ✔ 失败示例：同目录相对 $ref 目标文件不存在被拒绝 (0.395193ms)
deploy-test	Run pnpm verify	2026-10-06T10:29:05.3854824Z ✔ 失败示例：JSON 语法损坏的 Schema 被拒绝 (0.343506ms)
deploy-test	Run pnpm verify	2026-10-06T10:29:05.3855349Z ✔ 失败示例：JSON Schema 2020-12 非法 type 被元 Schema 拒绝 (0.49291ms)
deploy-test	Run pnpm verify	2026-10-06T10:29:05.3855866Z ✔ 失败示例：OpenAPI 基座缺少 paths 被拒绝 (0.416286ms)
deploy-test	Run pnpm verify	2026-10-06T10:29:05.3856434Z ✔ 同目录相对 $ref 可解析时通过 (0.532279ms)
deploy-test	Run pnpm verify	2026-10-06T10:29:05.4241054Z ✔ 失败示例：PEM 私钥块被检出 (1.064469ms)
deploy-test	Run pnpm verify	2026-10-06T10:29:05.4256088Z ✔ 失败示例：AWS Access Key ID 被检出 (0.138257ms)
deploy-test	Run pnpm verify	2026-10-06T10:29:05.4262002Z ✔ 失败示例：GitHub 令牌被检出 (0.096836ms)
deploy-test	Run pnpm verify	2026-10-06T10:29:05.4262526Z ✔ 失败示例：Slack 令牌被检出 (0.124928ms)
deploy-test	Run pnpm verify	2026-10-06T10:29:05.4262979Z ✔ 正常内容不误报 (0.590978ms)
deploy-test	Run pnpm verify	2026-10-06T10:29:05.4263517Z ✔ 失败示例：未跟踪且未忽略文件中的私钥也被扫描 (11.279754ms)
deploy-test	Run pnpm verify	2026-10-06T10:29:05.4263981Z ✔ 当前仓库通过敏感信息扫描 (594.363673ms)
deploy-test	Run pnpm verify	2026-10-06T10:29:05.4620929Z ✔ 生产源码直接 console 与 raw trace API 均被拒绝 (1.769698ms)
deploy-test	Run pnpm verify	2026-10-06T10:29:05.4650500Z ✔ 测试目录可使用 console，生产统一 logger 允许 (0.529596ms)
deploy-test	Run pnpm verify	2026-10-06T10:29:05.4651016Z ✔ 当前仓库生产源码通过 sink 门禁 (35.410291ms)
deploy-test	Run pnpm verify	2026-10-06T10:29:05.6937152Z ✔ QA-02 MQTT heartbeat: all valid/invalid fixtures, missing meta and type mutation (7.138303ms)
deploy-test	Run pnpm verify	2026-10-06T10:29:05.6938310Z ✔ QA-02 MQTT telemetry: all valid/invalid fixtures, missing meta and type mutation (4.348562ms)
deploy-test	Run pnpm verify	2026-10-06T10:29:05.6945615Z ✔ QA-02 MQTT report: all valid/invalid fixtures, missing meta and type mutation (3.740789ms)
deploy-test	Run pnpm verify	2026-10-06T10:29:05.6946496Z ✔ QA-02 MQTT alarm: all valid/invalid fixtures, missing meta and type mutation (2.788098ms)
deploy-test	Run pnpm verify	2026-10-06T10:29:05.6947703Z ✔ QA-02 MQTT event: all valid/invalid fixtures, missing meta and type mutation (1.877851ms)
deploy-test	Run pnpm verify	2026-10-06T10:29:05.6948452Z ✔ QA-02 MQTT ack: all valid/invalid fixtures, missing meta and type mutation (2.90223ms)
deploy-test	Run pnpm verify	2026-10-06T10:29:05.6949584Z ✔ QA-02 MQTT tamper: all valid/invalid fixtures, missing meta and type mutation (4.710666ms)
deploy-test	Run pnpm verify	2026-10-06T10:29:05.6950284Z ✔ QA-02 MQTT media: all valid/invalid fixtures, missing meta and type mutation (4.201411ms)
deploy-test	Run pnpm verify	2026-10-06T10:29:05.6951109Z ✔ QA-02 MQTT cmd: all valid/invalid fixtures, missing meta and type mutation (3.707539ms)
deploy-test	Run pnpm verify	2026-10-06T10:29:05.6951885Z ✔ QA-02 MQTT ota: all valid/invalid fixtures, missing meta and type mutation (5.562966ms)
deploy-test	Run pnpm verify	2026-10-06T10:29:05.6952719Z ✔ QA-02 MQTT notification: all valid/invalid fixtures, missing meta and type mutation (2.960577ms)
deploy-test	Run pnpm verify	2026-10-06T10:29:05.6953566Z ✔ MQTT semantic hash, discriminator and UTC calendar errors fail closed (1.114455ms)
deploy-test	Run pnpm verify	2026-10-06T10:29:05.6954523Z ✔ full REST response: field deletion/type mutation/envelope/date/errors/status/headers are enforced (7.191973ms)
deploy-test	Run pnpm verify	2026-10-06T10:29:05.6955633Z ✔ REST request validation: required body/path/query/header, optional Sync, bodyless Deactivate, no type coercion in JSON (10.209646ms)
deploy-test	Run pnpm verify	2026-10-06T10:29:05.6956714Z ✔ all device operations and declared response JSON Schemas compile; stable error catalog has no duplicates (71.374945ms)
deploy-test	Run pnpm verify	2026-10-06T10:29:05.6957683Z ✔ predecessor MQTT is compatible; known REST break requires exact version and frozen DEC approvals (38.719217ms)
deploy-test	Run pnpm verify	2026-10-06T10:29:05.6958975Z ✔ breaking contract mutations fail: removing fields/operations/status, changing type/required/security (112.932875ms)
deploy-test	Run pnpm verify	2026-10-06T10:29:05.6960221Z ✔ receipt coverage gate fails closed for missing operations/statuses, no valid request and forged records (0.433321ms)
deploy-test	Run pnpm verify	2026-10-06T10:29:05.6961309Z ✔ archived CSR upgrade mapping still verifies original baselines without rewriting history (7.0966ms)
deploy-test	Run pnpm verify	2026-10-06T10:29:05.7272369Z ✔ QA04 coverage Gate accepts complete matrix and proofs (2.15688ms)
deploy-test	Run pnpm verify	2026-10-06T10:29:05.7273415Z ✔ QA04 coverage Gate rejects missing domain (0.632791ms)
deploy-test	Run pnpm verify	2026-10-06T10:29:05.7274012Z ✔ QA04 coverage Gate rejects no negative path (0.305048ms)
deploy-test	Run pnpm verify	2026-10-06T10:29:05.7274592Z ✔ QA04 coverage Gate rejects untrusted handler (0.210546ms)
deploy-test	Run pnpm verify	2026-10-06T10:29:05.7275173Z ✔ QA04 coverage Gate rejects missing role (1.205501ms)
deploy-test	Run pnpm verify	2026-10-06T10:29:05.7275745Z ✔ QA04 coverage Gate rejects cross-tenant leak (0.306641ms)
deploy-test	Run pnpm verify	2026-10-06T10:29:05.7287455Z ✔ QA04 coverage Gate rejects two write winners (0.27946ms)
deploy-test	Run pnpm verify	2026-10-06T10:29:05.7288805Z ✔ QA04 coverage Gate rejects duplicate audit (0.237566ms)
deploy-test	Run pnpm verify	2026-10-06T10:29:05.7289593Z ✔ QA04 coverage Gate rejects rollback missing (0.318529ms)
deploy-test	Run pnpm verify	2026-10-06T10:29:05.7320316Z ✔ QA04 coverage Gate rejects unclean resource (0.337217ms)
deploy-test	Run pnpm verify	2026-10-06T10:29:05.7350868Z ✔ QA04 coverage Gate rejects reused isolation (0.253962ms)
deploy-test	Run pnpm verify	2026-10-06T10:29:05.7362374Z ✔ QA04 coverage Gate rejects no observed replay (0.666661ms)
deploy-test	Run pnpm verify	2026-10-06T10:29:05.7376657Z ✔ QA04 required acceptance cases are enforced (1.09166ms)
deploy-test	Run pnpm verify	2026-10-06T10:29:05.7401336Z ✔ QA04 skipped assertion fails execution Gate (0.137948ms)
deploy-test	Run pnpm verify	2026-10-06T10:29:05.7429981Z ✔ QA04 removed state-machine assertion fails coverage Gate (0.763076ms)
deploy-test	Run pnpm verify	2026-10-06T10:29:08.8970856Z ✔ migration source requires exact approved commit (0.920713ms)
deploy-test	Run pnpm verify	2026-10-06T10:29:08.9000658Z ✔ migration connection requires complete secret and verified TLS; special credentials are encoded (0.423386ms)
deploy-test	Run pnpm verify	2026-10-06T10:29:08.9001799Z ✔ database verification derives every mapped Prisma table (0.744548ms)
deploy-test	Run pnpm verify	2026-10-06T10:29:08.9020884Z ✔ runner without approved source fails without reporting credentials or driver details (42.259215ms)
deploy-test	Run pnpm verify	2026-10-06T10:29:08.9021986Z ✔ source packager archives committed tree, includes exact SHA and refuses overwriting ZIP (3290.273157ms)
deploy-test	Run pnpm verify	2026-10-06T10:29:08.9277489Z ✔ local TLS broker: 10 independent certificate sessions, QoS1, downlinks, reconnect and broker ACL rejection (681.449874ms)
deploy-test	Run pnpm verify	2026-10-06T10:29:08.9280907Z ✔ 10 concurrent sessions: all topics, exact 5% duplicates / 2% delayed telemetry, replay and isolated bad Schema (124.800904ms)
deploy-test	Run pnpm verify	2026-10-06T10:29:08.9300121Z ✔ cross-device publish, subscribe, receive and wildcard denied (0.947704ms)
deploy-test	Run pnpm verify	2026-10-06T10:29:08.9310556Z ✔ invalid configuration, OTA transitions and test credential gate fail closed (0.840883ms)
deploy-test	Run pnpm verify	2026-10-06T10:29:08.9311474Z ✔ scripted failed command, missing target mapping and illegal downlink do not generate mixed ACK (1.004509ms)
deploy-test	Run pnpm verify	2026-10-06T10:29:08.9312296Z ✔ all sessions close when one transport fails; no successful receipt (74.610807ms)
deploy-test	Run pnpm verify	2026-10-06T10:29:08.9313154Z ✔ MQTT adapter rejects SUBACK denial and connection failures (0.507302ms)
deploy-test	Run pnpm verify	2026-10-06T10:29:08.9314078Z ✔ CLI creates offline receipt and refuses ungated mqtts before reading credential paths (436.932153ms)
deploy-test	Run pnpm verify	2026-10-06T10:29:08.9314870Z ✔ CDK wrapper accepts synth/diff and requires explicit deploy stack (1.405081ms)
deploy-test	Run pnpm verify	2026-10-06T10:29:08.9315610Z ✔ CDK wrapper builds the whole workspace and fails closed on build errors (0.27268ms)
deploy-test	Run pnpm verify	2026-10-06T10:29:08.9316391Z ✔ CDK wrapper uses local SSO but requires OIDC credentials in GitHub Actions (0.170927ms)
deploy-test	Run pnpm verify	2026-10-06T10:29:08.9317069Z ✔ QA03 Gate accepts complete local integration receipt (1.481776ms)
deploy-test	Run pnpm verify	2026-10-06T10:29:08.9317622Z ✔ QA03 Gate rejects missing scenario (0.354112ms)
deploy-test	Run pnpm verify	2026-10-06T10:29:08.9318122Z ✔ QA03 Gate rejects unclean resources (0.198277ms)
deploy-test	Run pnpm verify	2026-10-06T10:29:08.9318664Z ✔ QA03 Gate rejects reused isolation prefix (0.222244ms)
deploy-test	Run pnpm verify	2026-10-06T10:29:08.9320193Z ✔ QA03 Gate rejects lost message (0.210185ms)
deploy-test	Run pnpm verify	2026-10-06T10:29:08.9320771Z ✔ QA03 Gate rejects duplicate business record (0.263015ms)
deploy-test	Run pnpm verify	2026-10-06T10:29:08.9321316Z ✔ QA03 Gate rejects missing raw proof (0.254172ms)
deploy-test	Run pnpm verify	2026-10-06T10:29:08.9322010Z ✔ QA03 Gate rejects missing fault probe (1.498231ms)
deploy-test	Run pnpm verify	2026-10-06T10:29:08.9322633Z ✔ receipt covers all 128 decisions in two viewports (3.506587ms)
deploy-test	Run pnpm verify	2026-10-06T10:29:08.9323143Z ✔ fail closed: missing page (0.560522ms)
deploy-test	Run pnpm verify	2026-10-06T10:29:08.9323610Z ✔ fail closed: skipped case (1.256738ms)
deploy-test	Run pnpm verify	2026-10-06T10:29:08.9324087Z ✔ fail closed: flaky success (0.411448ms)
deploy-test	Run pnpm verify	2026-10-06T10:29:08.9324533Z ✔ fail closed: retry (0.329174ms)
deploy-test	Run pnpm verify	2026-10-06T10:29:08.9325031Z ✔ fail closed: unexpected external network (0.260501ms)
deploy-test	Run pnpm verify	2026-10-06T10:29:08.9325552Z ✔ fail closed: fixture collision (0.288243ms)
deploy-test	Run pnpm verify	2026-10-06T10:29:08.9326035Z ✔ fail closed: missing cleanup (0.214583ms)
deploy-test	Run pnpm verify	2026-10-06T10:29:08.9326617Z ✔ fail closed: updated baseline masquerades as regression (0.297446ms)
deploy-test	Run pnpm verify	2026-10-06T10:29:08.9327642Z ✔ fail closed: missing group (0.386481ms)
deploy-test	Run pnpm verify	2026-10-06T10:29:08.9328090Z ✔ fail closed: duplicate group (0.289985ms)
deploy-test	Run pnpm verify	2026-10-06T10:29:08.9328580Z ✔ fail closed: missing rejection assertion (0.447462ms)
deploy-test	Run pnpm verify	2026-10-06T10:29:08.9329056Z ✔ fail closed: missing menu (0.464548ms)
deploy-test	Run pnpm verify	2026-10-06T10:29:08.9329747Z ✔ fail closed: missing behavior guard (0.443997ms)
deploy-test	Run pnpm verify	2026-10-06T10:29:08.9330196Z ✔ fail closed: wrong viewport (0.457637ms)
deploy-test	Run pnpm verify	2026-10-06T10:29:08.9330772Z ✔ fail closed: snapshot hash mismatch (0.505059ms)
deploy-test	Run pnpm verify	2026-10-06T10:29:08.9331385Z ✔ binding omission, duplication and reject implementation fail closed (0.483366ms)
deploy-test	Run pnpm verify	2026-10-06T10:29:08.9332146Z ✔ real gzip bytes bind exact own devices, raw outbox hash and canonical published hash (5.198489ms)
deploy-test	Run pnpm verify	2026-10-06T10:29:08.9333082Z ✔ scope expansion, unknown customer/device, modified bytes and missing archive fail closed (4.481131ms)
deploy-test	Run pnpm verify	2026-10-06T10:29:08.9334005Z ✔ IoT normalized raw body binds outbox bytes while original publication binds canonical payload (2.715159ms)
deploy-test	Run pnpm verify	2026-10-06T10:29:08.9334920Z ✔ quick MQTT profile requires exact additional telemetry ledger and cannot waive missing archives (6.988798ms)
deploy-test	Run pnpm verify	2026-10-06T10:29:08.9335780Z ✔ archive deadline uses actual S3 modification times and cannot green an eventual late archive (3.451976ms)
deploy-test	Run pnpm verify	2026-10-06T10:29:08.9336662Z ✔ redelivery rejects foreign archives, unbounded inventories and unbound certificates before AWS operations (1.218019ms)
deploy-test	Run pnpm verify	2026-10-06T10:29:08.9337457Z ✔ nominal 30x profile cannot conceal a slower real publish window (4.60665ms)
deploy-test	Run pnpm verify	2026-10-06T10:29:08.9338588Z ✔ version proof requires CI deploy Amplify exact commit and 19 distinct verified artifact bytes (0.735355ms)
deploy-test	Run pnpm verify	2026-10-06T10:29:08.9339652Z ✔ own-fixture fault grant rejects shared changes and unknown faults while retaining deployment boundary (0.307182ms)
deploy-test	Run pnpm verify	2026-10-06T10:29:08.9370504Z ✔ database proof rejects foreign build, source, role and nonzero cleanup instead of trusting child PASS (0.708013ms)
deploy-test	Run pnpm verify	2026-10-06T10:29:09.4669696Z ✔ target gates reject missing finish cleanup required case and foreign device before live calls (0.880262ms)
deploy-test	Run pnpm verify	2026-10-06T10:29:09.4702550Z ✔ business cleanup preserves outside rows, rejects baseline drift and deletes own dependent rows atomically (1931.223667ms)
deploy-test	Run pnpm verify	2026-10-06T10:29:09.4730274Z ✔ fault injection rejects missing authorization and foreign export identity without mutation (0.972691ms)
deploy-test	Run pnpm verify	2026-10-06T10:29:09.4746906Z ✔ assertion-only validation cannot stand in for cleanup or whole target acceptance (2.331151ms)
deploy-test	Run pnpm verify	2026-10-06T10:29:09.4759274Z ✔ nonActive scope cannot enter the full wave that contains Active dependent probes (1.720414ms)
deploy-test	Run pnpm verify	2026-10-06T10:29:09.4802408Z ✔ foundation mode cannot be mistaken for full core or browser acceptance (0.203616ms)
deploy-test	Run pnpm verify	2026-10-06T10:29:09.5263398Z ✔ complete intermediate/root chain matches truststore and private key (4.248552ms)
deploy-test	Run pnpm verify	2026-10-06T10:29:09.5290447Z ✔ missing root is distinguished from valid signing certificate and key (0.927663ms)
deploy-test	Run pnpm verify	2026-10-06T10:29:09.5305644Z ✔ wrong parent, expired chain and wrong private key fail independently (1.739573ms)
deploy-test	Run pnpm verify	2026-10-06T10:29:09.5306657Z ✔ oversized worker chain, malformed values and arbitrary canaries never leak (2.542229ms)
deploy-test	Run pnpm verify	2026-10-06T10:29:09.5307546Z ✔ receipt gate accepts completed diagnostic with invalid chain, rejects data leak and missing cleanup (4.486389ms)
deploy-test	Run pnpm verify	2026-10-06T10:29:09.5308331Z ✔ approved exact Worker, Secret, KMS and original expiry scope is accepted (4.073419ms)
deploy-test	Run pnpm verify	2026-10-06T10:29:09.5309054Z ✔ removing role condition, wildcard Secret or extended expiry is rejected (1.96301ms)
deploy-test	Run pnpm verify	2026-10-06T10:29:09.5311413Z ✔ unrestricted KMS, different context or extra secret permissions are rejected (0.32645ms)
deploy-test	Run pnpm verify	2026-10-06T10:29:09.5312209Z ✔ repair gate requires retained versions, exact output binding and all cleanup (5.335395ms)
deploy-test	Run pnpm verify	2026-10-06T10:29:09.5312982Z ✔ only root field changes, original version remains immutable and AWSPREVIOUS (15.004709ms)
deploy-test	Run pnpm verify	2026-10-06T10:29:09.5313623Z ✔ baseline drift prevents all writes (0.281823ms)
deploy-test	Run pnpm verify	2026-10-06T10:29:09.5314140Z ✔ wrong fixed root prevents all writes (0.703837ms)
deploy-test	Run pnpm verify	2026-10-06T10:29:09.5315241Z ✔ unknown put outcome recovers immutable token without a second put (3.459888ms)
deploy-test	Run pnpm verify	2026-10-06T10:29:09.5315903Z ✔ candidate mutation fails before promotion (3.113957ms)
deploy-test	Run pnpm verify	2026-10-06T10:29:09.5316556Z ✔ concurrent current movement after candidate write is preserved (1.290959ms)
deploy-test	Run pnpm verify	2026-10-06T10:29:09.5317284Z ✔ unknown promotion response is recovered from current stages (4.686109ms)
deploy-test	Run pnpm verify	2026-10-06T10:29:09.5318057Z ✔ post-promotion failed readback rolls back only the known current candidate (4.086499ms)
deploy-test	Run pnpm verify	2026-10-06T10:29:09.5319049Z ✔ invalid version token rejects before accessing any secret (0.824839ms)
deploy-test	Run pnpm verify	2026-10-06T10:29:09.5319914Z ✔ rollback refuses to overwrite a concurrent foreign current version (3.828982ms)
deploy-test	Run pnpm verify	2026-10-06T10:29:09.5320725Z ✔ unknown AWS errors are returned as fixed codes without secret exception text (0.225398ms)
deploy-test	Run pnpm verify	2026-10-06T10:29:09.5321576Z ✔ successful promotion waits for metadata visibility without repeating stage writes (4.675604ms)
deploy-test	Run pnpm verify	2026-10-06T10:29:09.5322527Z ✔ existing current candidate is verified using read-only store without new versions or stage writes (1.559072ms)
deploy-test	Run pnpm verify	2026-10-06T10:29:09.5323482Z ✔ read-only recovery rejects changed fields without rolling back an existing current version (0.610007ms)
deploy-test	Run pnpm verify	2026-10-06T10:29:09.5324458Z ✔ capacity planning includes operational and rotation idle overlap and rejects naive concurrency increase (0.642125ms)
deploy-test	Run pnpm verify	2026-10-06T10:29:09.5325343Z ✔ range reads keep the original default and permit bounded slow-link retry (0.662305ms)
deploy-test	Run pnpm verify	2026-10-06T10:29:09.5326136Z ✔ range reads reject unbounded, ambiguous and below-default timeouts (0.363316ms)
deploy-test	Run pnpm verify	2026-10-06T10:29:09.5326916Z ✔ read-only asset concurrency stays bounded independently of DB/API capacity (0.218158ms)
deploy-test	Run pnpm verify	2026-10-06T10:29:09.5327749Z ✔ cold sampler collector binds exact own REPORT and safe client metrics: patch (52.400849ms)
deploy-test	Run pnpm verify	2026-10-06T10:29:09.5328558Z ✔ cold sampler collector binds exact own REPORT and safe client metrics: audit (73.531059ms)
deploy-test	Run pnpm verify	2026-10-06T10:29:09.5824530Z ✔ two batches preserve six own contracts, six winners/conflicts and audits with a hard concurrency/request bound (21.794788ms)
deploy-test	Run pnpm verify	2026-10-06T10:29:09.5951427Z ✔ unknown write drains siblings and waits for Lambda quiescence without retry or false PASS (10.469636ms)
deploy-test	Run pnpm verify	2026-10-06T10:29:09.6090706Z ✔ audit drift fails closed: audit-id (16.907968ms)
deploy-test	Run pnpm verify	2026-10-06T10:29:09.6184400Z ✔ audit drift fails closed: foreign-list (8.724766ms)
deploy-test	Run pnpm verify	2026-10-06T10:29:09.6204454Z ✔ foreign context, missing baseline or excess batches fail before any dispatch/receipt (0.915566ms)
deploy-test	Run pnpm verify	2026-10-06T10:29:09.6393612Z ✔ sampling correlation ledger rejects foreign or missing HTTP rows even with a valid business result (20.029167ms)
deploy-test	Run pnpm verify	2026-10-06T10:29:09.6635539Z ✔ DLQ scope requires closed ledger, 20 exact IDs and fresh empty database proof (1.47767ms)
deploy-test	Run pnpm verify	2026-10-06T10:29:09.6636973Z ✔ one-shot worker deletes only exact retired pointers, restores unknown visibility, and exports no bodies or handles (2.533836ms)
deploy-test	Run pnpm verify	2026-10-06T10:29:09.8491167Z ✔ six exact request/time/status/extended/Lambda links pass without saving unrelated fields or requests (50.287119ms)
deploy-test	Run pnpm verify	2026-10-06T10:29:09.8501298Z ✔ correlation refuses complete proof for time (47.376607ms)
deploy-test	Run pnpm verify	2026-10-06T10:29:09.8550301Z ✔ correlation refuses complete proof for lambda-id (47.876486ms)
deploy-test	Run pnpm verify	2026-10-06T10:29:09.8585966Z ✔ correlation refuses complete proof for duplicate (47.67446ms)
deploy-test	Run pnpm verify	2026-10-06T10:29:09.8612438Z ✔ correlation refuses complete proof for missing-http (48.303344ms)
deploy-test	Run pnpm verify	2026-10-06T10:29:09.8650193Z ✔ audit GET binds list/detail operation and timeout UUID without claiming client success (93.648823ms)
deploy-test	Run pnpm verify	2026-10-06T10:29:09.8770910Z ✔ phase proof covers success, conditional conflict and all audit reads without declaring latency/cleanup acceptance (2.093335ms)
deploy-test	Run pnpm verify	2026-10-06T10:29:09.8780408Z ✔ cold 409 gate requires matching cold phase flags and successful runtime initialization (2.650702ms)
deploy-test	Run pnpm verify	2026-10-06T10:29:09.8826346Z ✔ new account gate requires nested hook, Prisma query, first driver query and checkout on every request (0.375164ms)
deploy-test	Run pnpm verify	2026-10-06T10:29:09.8828057Z ✔ account gate rejects missing (0.384287ms)
deploy-test	Run pnpm verify	2026-10-06T10:29:09.8900533Z ✔ account gate rejects duplicate (0.303025ms)
deploy-test	Run pnpm verify	2026-10-06T10:29:09.8930377Z ✔ account gate rejects failure (0.293361ms)
deploy-test	Run pnpm verify	2026-10-06T10:29:09.8980604Z ✔ account gate rejects wait-boundary (0.270516ms)
deploy-test	Run pnpm verify	2026-10-06T10:29:09.9040544Z ✔ account gate rejects timestamp (0.267882ms)
deploy-test	Run pnpm verify	2026-10-06T10:29:09.9075675Z ✔ account gate rejects outside-hook (0.263165ms)
deploy-test	Run pnpm verify	2026-10-06T10:29:09.9100240Z ✔ phase proof rejects foreign-invocation (0.257717ms)
deploy-test	Run pnpm verify	2026-10-06T10:29:09.9127345Z ✔ phase proof rejects missing-transaction (0.130687ms)
deploy-test	Run pnpm verify	2026-10-06T10:29:09.9152697Z ✔ phase proof rejects conflict-code (0.150907ms)
deploy-test	Run pnpm verify	2026-10-06T10:29:09.9179993Z ✔ phase proof rejects missing-http (1.21166ms)
deploy-test	Run pnpm verify	2026-10-06T10:29:09.9210650Z ✔ phase proof rejects other-run (0.141923ms)
deploy-test	Run pnpm verify	2026-10-06T10:29:09.9240803Z ✔ bounded sampler requires physical Init Duration as well as application cold phases and retains client metrics (3.946398ms)
deploy-test	Run pnpm verify	2026-10-06T10:29:09.9242343Z ✔ bounded sampler rejects foreign-report (1.327013ms)
deploy-test	Run pnpm verify	2026-10-06T10:29:09.9243009Z ✔ bounded sampler rejects duplicate-report (0.335204ms)
deploy-test	Run pnpm verify	2026-10-06T10:29:09.9243621Z ✔ bounded sampler rejects no-socket-metrics (0.482094ms)
deploy-test	Run pnpm verify	2026-10-06T10:29:09.9244187Z ✔ bounded sampler rejects missing-body (0.183035ms)
deploy-test	Run pnpm verify	2026-10-06T10:29:09.9244756Z ✔ bounded sampler rejects over-budget (0.957062ms)
deploy-test	Run pnpm verify	2026-10-06T10:29:09.9245347Z ✔ bounded sampler rejects missing-audit (0.182084ms)
deploy-test	Run pnpm verify	2026-10-06T10:29:09.9246174Z ✔ client preparation requires actual dispatch, cold adapter suffix and leaves warm adapter timings absent (0.979662ms)
deploy-test	Run pnpm verify	2026-10-06T10:29:09.9246913Z ✔ client preparation rejects missing prepare (0.341503ms)
deploy-test	Run pnpm verify	2026-10-06T10:29:09.9247547Z ✔ client preparation rejects settlement is not driver dispatch (0.79142ms)
deploy-test	Run pnpm verify	2026-10-06T10:29:09.9248233Z ✔ client preparation rejects preparation after driver start (0.312309ms)
deploy-test	Run pnpm verify	2026-10-06T10:29:09.9248952Z ✔ client preparation rejects cold missing suffix (0.296065ms)
deploy-test	Run pnpm verify	2026-10-06T10:29:09.9249729Z ✔ client preparation rejects suffix outside preparation (0.244116ms)
deploy-test	Run pnpm verify	2026-10-06T10:29:09.9250407Z ✔ client preparation rejects wrong invocation (0.242844ms)
deploy-test	Run pnpm verify	2026-10-06T10:29:09.9251080Z ✔ client preparation cannot bypass account phase checks (0.303626ms)
deploy-test	Run pnpm verify	2026-10-06T10:29:10.3486240Z ✔ success audits bind precisely and conflicts never have a success audit (0.673361ms)
deploy-test	Run pnpm verify	2026-10-06T10:29:10.3500142Z ✔ audit proof rejects duplicate (0.331989ms)
deploy-test	Run pnpm verify	2026-10-06T10:29:10.3586043Z ✔ audit proof rejects wrong-version (0.117126ms)
deploy-test	Run pnpm verify	2026-10-06T10:29:10.3630405Z ✔ audit proof rejects conflict-success (0.09319ms)
deploy-test	Run pnpm verify	2026-10-06T10:29:10.3667712Z ✔ Gateway overlap cannot conceal serialized Lambda executions (0.643747ms)
deploy-test	Run pnpm verify	2026-10-06T10:29:10.3950959Z ✔ three races accept either winner, bind every successful write to audit and advance once per version (17.244674ms)
deploy-test	Run pnpm verify	2026-10-06T10:29:10.3952153Z ✔ early failure still drains the late sibling before readback and never retries or reports PASS (6.852884ms)
deploy-test	Run pnpm verify	2026-10-06T10:29:10.3953009Z ✔ race fails closed for double-winner (4.138797ms)
deploy-test	Run pnpm verify	2026-10-06T10:29:10.3953538Z ✔ race fails closed for gateway-id (4.899099ms)
deploy-test	Run pnpm verify	2026-10-06T10:29:10.3954037Z ✔ race fails closed for audit-id (14.694403ms)
deploy-test	Run pnpm verify	2026-10-06T10:29:10.3954653Z ✔ foreign context fails before dispatch or receipt writes (0.624248ms)
deploy-test	Run pnpm verify	2026-10-06T10:29:10.3955480Z ✔ historical read scope rejects any resource outside the exact sealed old contract before live calls (0.204297ms)
deploy-test	Run pnpm verify	2026-10-06T10:29:10.5255189Z ✔ read-only completion accepts only all six settled exact successful PATCH receipts (1.548046ms)
deploy-test	Run pnpm verify	2026-10-06T10:29:10.5312566Z ✔ cleanup/completion guard rejects unknown-write (0.500001ms)
deploy-test	Run pnpm verify	2026-10-06T10:29:10.5360625Z ✔ cleanup/completion guard rejects foreign-site (0.176495ms)
deploy-test	Run pnpm verify	2026-10-06T10:29:10.5385540Z ✔ cleanup/completion guard rejects wrong-account (0.142323ms)
deploy-test	Run pnpm verify	2026-10-06T10:29:10.5470258Z ✔ cleanup/completion guard rejects unfinished (0.149705ms)
deploy-test	Run pnpm verify	2026-10-06T10:29:10.5470822Z ✔ cleanup/completion guard rejects gateway-id (0.150145ms)
deploy-test	Run pnpm verify	2026-10-06T10:29:10.5697335Z ✔ log projection redacts payload/error details and rejects unrecognized events (0.948094ms)
deploy-test	Run pnpm verify	2026-10-06T10:29:10.5755947Z ✔ serialized AWS log projection preserves closed event names through the 20-sequence Gate (3.147218ms)
deploy-test	Run pnpm verify	2026-10-06T10:29:10.5797848Z ✔ specific redelivery needs matching SQS ID, final disposition and durable duplicate receipt (0.274663ms)
deploy-test	Run pnpm verify	2026-10-06T10:29:10.5798710Z ✔ 20 sequence stage Gate rejects incomplete coverage and unrelated device evidence (0.982636ms)
deploy-test	Run pnpm verify	2026-10-06T10:29:10.5800215Z ✔ completed Build result tolerates delayed/truncated CloudWatch visibility and transient read failure without rerunning SQL (1.166232ms)
deploy-test	Run pnpm verify	2026-10-06T10:29:10.5801178Z ✔ wrong/multiple/failed frames and AccessDenied reject immediately, absent result fails closed after bounded reads (0.894003ms)
deploy-test	Run pnpm verify	2026-10-06T10:29:10.5801987Z ✔ expired SSO is a terminal authentication condition, never a transient log retry (0.182484ms)
deploy-test	Run pnpm verify	2026-10-06T10:29:10.7086935Z ✔ CloudWatch 250000-character fragments reassemble exact source-bound metadata without accepting truncation or another frame (7.847718ms)
deploy-test	Run pnpm verify	2026-10-06T10:29:10.7107709Z ✔ large fixture observations round-trip through bounded gzip without losing metadata (20.029327ms)
deploy-test	Run pnpm verify	2026-10-06T10:29:10.7108894Z ✔ compressed fixture frames reject corruption, noncanonical data and decompression bombs (59.109551ms)
deploy-test	Run pnpm verify	2026-10-06T10:29:10.7110007Z ✔ compressed metadata still requires the exact expected source/build/action binding (2.823201ms)
deploy-test	Run pnpm verify	2026-10-06T10:29:10.7316013Z ✔ fixed manifest rejects unsafe SQL identifiers, missing hash and duplicates (1.140012ms)
deploy-test	Run pnpm verify	2026-10-06T10:29:10.7317313Z ✔ migration comparison distinguishes missing, tampered, unfinished and rolled-back migrations (0.291037ms)
deploy-test	Run pnpm verify	2026-10-06T10:29:10.7318316Z ✔ snapshot uses repeatable read/read only, timeouts, fixed SELECTs and always rolls back (0.649306ms)
deploy-test	Run pnpm verify	2026-10-06T10:29:10.7319273Z ✔ writable transaction rejected before business queries and rolled back (0.515965ms)
deploy-test	Run pnpm verify	2026-10-06T10:29:10.7320105Z ✔ query failure rolls back instead of yielding partial PASS (0.322975ms)
deploy-test	Run pnpm verify	2026-10-06T10:29:10.7321056Z ✔ dedicated query project never changes migration project or passes StartBuild overrides (16.271662ms)
deploy-test	Run pnpm verify	2026-10-06T10:29:10.7322431Z ✔ legacy onboarding rows without CSR columns require reconciliation before migration (0.222735ms)
deploy-test	Run pnpm verify	2026-10-06T10:29:10.7323328Z ✔ query success preserves real migration BLOCKED instead of promoting readiness (1.818322ms)
deploy-test	Run pnpm verify	2026-10-06T10:29:10.7324262Z ✔ wrong build, writable transaction, unbound hash and fabricated migration PASS rejected (0.525279ms)
deploy-test	Run pnpm verify	2026-10-06T10:29:10.7325041Z ✔ missing table count cannot become complete SQL evidence (0.456246ms)
deploy-test	Run pnpm verify	2026-10-06T10:29:11.3105504Z ✔ entity merge requires actual decisions on both viewports, scoped devices, versions and cleanup (1.435536ms)
deploy-test	Run pnpm verify	2026-10-06T10:29:11.3131586Z ✔ certificate merge cannot use review-only parent to claim real dual-channel certificate entity (0.269915ms)
deploy-test	Run pnpm verify	2026-10-06T10:29:11.3406712Z ✔ request UUID is durable before a single dispatch and credentials never enter receipts (18.138207ms)
deploy-test	Run pnpm verify	2026-10-06T10:29:11.3407853Z ✔ failed AWAIT_HEADERS preserves correlation without retry (0.737378ms)
deploy-test	Run pnpm verify	2026-10-06T10:29:11.3408521Z ✔ failed READ_BODY preserves correlation without retry (0.344788ms)
deploy-test	Run pnpm verify	2026-10-06T10:29:11.3409529Z ✔ malformed JSON cannot become a successful HTTP receipt (0.536546ms)
deploy-test	Run pnpm verify	2026-10-06T10:29:11.3410366Z ✔ socket events split DNS/TCP/TLS; receipts contain no URL, authorization or socket details (4.390906ms)
deploy-test	Run pnpm verify	2026-10-06T10:29:11.3411373Z ✔ real delayed body is measured separately; a reused connection has absent DNS/TCP/TLS, not invented zeros (172.988924ms)
deploy-test	Run pnpm verify	2026-10-06T10:29:11.3412324Z ✔ total deadline aborts an unfinished response body; no complete-body receipt or retry (6.861657ms)
deploy-test	Run pnpm verify	2026-10-06T10:29:11.3413114Z ✔ injected fetch cannot masquerade as detailed socket observation (0.678169ms)
deploy-test	Run pnpm verify	2026-10-06T10:29:11.3413951Z ✔ layout diagnostic fails closed before AWS calls for foreign, finished or unbound fixtures (1.449477ms)
deploy-test	Run pnpm verify	2026-10-06T10:29:11.3415230Z ✔ diagnostic cleanup retains all actions and fails closed: absent (0.888084ms)
deploy-test	Run pnpm verify	2026-10-06T10:29:11.3415986Z ✔ diagnostic cleanup retains all actions and fails closed: still-present (0.107832ms)
deploy-test	Run pnpm verify	2026-10-06T10:29:11.3416738Z ✔ diagnostic cleanup retains all actions and fails closed: read-denied (0.109655ms)
deploy-test	Run pnpm verify	2026-10-06T10:29:11.3417482Z ✔ diagnostic cleanup retains all actions and fails closed: signout-failed (0.115323ms)
deploy-test	Run pnpm verify	2026-10-06T10:29:11.3418440Z ✔ diagnostic cleanup retains all actions and fails closed: delete-failed (0.28626ms)
deploy-test	Run pnpm verify	2026-10-06T10:29:11.4079814Z ✔ snapshot must be available encrypted manual and exact whitelist cannot expand (0.776857ms)
deploy-test	Run pnpm verify	2026-10-06T10:29:13.5690959Z ✔ real local SQL retires exactly two jobs/requests and preserves every other table (2171.747421ms)
deploy-test	Run pnpm verify	2026-10-06T10:29:14.7895413Z ✔ live status drift aborts with original rows intact (1218.171215ms)
deploy-test	Run pnpm verify	2026-10-06T10:29:15.9868717Z ✔ unexpected cascade/trigger changing a preserved table rolls back all deletes (1204.793541ms)
deploy-test	Run pnpm verify	2026-10-06T10:29:16.0491197Z ✔ valid HTTP writes cannot be inflated by malformed, wrong role, wrong method or failed requests (3.390293ms)
deploy-test	Run pnpm verify	2026-10-06T10:29:16.0492642Z ✔ target License wire sequence proves ExpiringSoon renewal and Renewed activation using real handlers and PostgreSQL (2584.740214ms)
deploy-test	Run pnpm verify	2026-10-06T10:29:16.0493635Z ✔ recovery sub-gate checks all preserved tables without accepting full QA09 (4.16105ms)
deploy-test	Run pnpm verify	2026-10-06T10:29:16.0494593Z ✔ version mismatch, missing migration and changed certificate/other business data fail closed (0.776717ms)
deploy-test	Run pnpm verify	2026-10-06T10:29:16.0495509Z ✔ retirement evidence cannot hide wrong deleted IDs or lose preservation proof (0.521083ms)
deploy-test	Run pnpm verify	2026-10-06T10:29:16.0496338Z ✔ retirement project has fixed source and never modifies readonly/migration runner (21.502205ms)
deploy-test	Run pnpm verify	2026-10-06T10:29:16.0497242Z ✔ real Sync observation redacts secret domains and cannot treat delivery as firmware verification (1.029236ms)
deploy-test	Run pnpm verify	2026-10-06T10:29:16.0498209Z ✔ receipt runner sends only RECEIVED and redacts complete snapshots even with device password hashes (0.875044ms)
deploy-test	Run pnpm verify	2026-10-06T10:29:16.0499106Z ✔ receipt runner fails closed for mismatched snapshots and refused confirmation (0.310997ms)
deploy-test	Run pnpm verify	2026-10-06T10:29:16.0499915Z ✔ 117 elements require both real viewport receipts (14.549716ms)
deploy-test	Run pnpm verify	2026-10-06T10:29:16.0500583Z ✔ one failure fails all elements in the affected behavior group (4.280189ms)
deploy-test	Run pnpm verify	2026-10-06T10:29:16.0501372Z ✔ Active dependent operations are explicit NOT_RUN, not successful disabled checks (1.187714ms)
deploy-test	Run pnpm verify	2026-10-06T10:29:16.0502150Z ✔ duplicate, foreign and invalid viewport receipts fail closed (10.163537ms)
deploy-test	Run pnpm verify	2026-10-06T10:29:16.0502817Z ✔ Defer and Reject failures also block the browser Gate (1.195736ms)
deploy-test	Run pnpm verify	2026-10-06T10:29:16.0503590Z ✔ CSV proof rejects empty, foreign and malformed downloads while parsing quoted data (6.886074ms)
deploy-test	Run pnpm verify	2026-10-06T10:29:16.0504440Z ✔ reopens own TLS session after same-clientId negative probe and closes on failure (4.934342ms)
deploy-test	Run pnpm verify	2026-10-06T10:29:16.0505175Z ✔ foreign MQTT scope is rejected before connection (0.302925ms)
deploy-test	Run pnpm verify	2026-10-06T10:29:16.0505988Z ✔ S3 fallback accepts exact owned version cleanup and rejects bucket, customer and pagination expansion (2.145463ms)
deploy-test	Run pnpm verify	2026-10-06T10:29:16.0506840Z ✔ export scope rejects a foreign device before API, AWS or output writes (4.936566ms)
deploy-test	Run pnpm verify	2026-10-06T10:29:16.0507714Z ✔ domain cleanup refuses live run, foreign customer name, missing DB cleanup and out-of-scope objects (1.42462ms)
deploy-test	Run pnpm verify	2026-10-06T10:29:16.0508637Z ✔ unseeded identity cleanup rejects unfinished, foreign, seeded and pre-existing admin ledgers (0.976026ms)
deploy-test	Run pnpm verify	2026-10-06T10:29:16.0509847Z ✔ Cognito canonical UUID is allowed only with exact own email and creation within this failed run (0.449846ms)
deploy-test	Run pnpm verify	2026-10-06T10:29:16.0510712Z ✔ P95 uses all actual samples and rejects empty or invalid measurements (0.931018ms)
deploy-test	Run pnpm verify	2026-10-06T10:29:16.0511480Z ✔ complete P95 excludes censored timeouts and refuses partial sample acceptance (0.281032ms)
deploy-test	Run pnpm verify	2026-10-06T10:29:16.0512311Z ✔ performance summary refuses to report P95 PASS for missing or incomplete actual samples (47.589887ms)
deploy-test	Run pnpm verify	2026-10-06T10:29:16.0513658Z ✔ read-only pool probe distinguishes one connection, recovery and incomplete capacity acceptance (5.773212ms)
deploy-test	Run pnpm verify	2026-10-06T10:29:16.0514449Z ✔ observed connection-budget violation refuses a pool PASS receipt (1.579643ms)
deploy-test	Run pnpm verify	2026-10-06T10:29:16.0515188Z ✔ foreign probe application name is rejected before database access (0.174863ms)
deploy-test	Run pnpm verify	2026-10-06T10:29:16.0516069Z ✔ scheduled publishing overlaps slow PUBACK and drains failures without abandoning in-flight writes (25.336338ms)
deploy-test	Run pnpm verify	2026-10-06T10:29:16.0517116Z ✔ only exact test account and readonly role accepted (1.163267ms)
deploy-test	Run pnpm verify	2026-10-06T10:29:16.0517765Z ✔ stack identity, region, project and test tag fail closed (0.981093ms)
deploy-test	Run pnpm verify	2026-10-06T10:29:16.0518443Z ✔ permission denial is unverified, never classified as absent (0.298949ms)
deploy-test	Run pnpm verify	2026-10-06T10:29:16.0519271Z ✔ metadata health never promotes missing business evidence to AWS PASS (1.6641ms)
deploy-test	Run pnpm verify	2026-10-06T10:29:16.0520075Z ✔ five groups with unconfirmed or disabled users do not prove usable identities (0.191117ms)
deploy-test	Run pnpm verify	2026-10-06T10:29:16.0520799Z ✔ missing target receipts and version mismatch remain blockers (0.190035ms)
deploy-test	Run pnpm verify	2026-10-06T10:29:16.0521698Z ✔ existing test environment requires neither new account nor stack and retains real-response/cleanup boundaries (0.620041ms)
deploy-test	Run pnpm verify	2026-10-06T10:29:16.0522504Z ✔ real sub-scope acceptance cannot claim whole QA09 (2.154357ms)
deploy-test	Run pnpm verify	2026-10-06T10:29:16.0523211Z ✔ unfinished execution, missing role probe and failed assertion rejected (0.384387ms)
deploy-test	Run pnpm verify	2026-10-06T10:29:16.0523983Z ✔ missing cleanup, wrong target, secrets and source tampering rejected (1.81123ms)
deploy-test	Run pnpm verify	2026-10-06T10:29:16.0524756Z ✔ identity cleanup only accepts this run and the five known role identities (0.867413ms)
deploy-test	Run pnpm verify	2026-10-06T10:29:16.0525495Z ✔ record cleanup requires exact run namespace, not merely a partial prefix (0.220992ms)
deploy-test	Run pnpm verify	2026-10-06T10:29:16.0526318Z ✔ recovery excludes explicitly later own SLO records without waiving original bytes or deadlines (14.540252ms)
deploy-test	Run pnpm verify	2026-10-06T10:29:16.0527168Z ✔ later record exemption never includes other devices or customers (4.913821ms)
deploy-test	Run pnpm verify	2026-10-06T10:29:16.5009497Z ✔ site compensation rejects foreign-route before any AWS command (342.517554ms)
deploy-test	Run pnpm verify	2026-10-06T10:29:16.5039687Z ✔ site compensation rejects failed-cleanup before any AWS command (271.800208ms)
deploy-test	Run pnpm verify	2026-10-06T10:29:16.5040882Z ✔ site compensation rejects unbound-parent before any AWS command (308.085312ms)
deploy-test	Run pnpm verify	2026-10-06T10:29:16.5220994Z ✔ remaining target rejects foreign fixture before an API or database call (1.811682ms)
deploy-test	Run pnpm verify	2026-10-06T10:29:16.5265619Z ✔ unproved license activation fails legal stage and independent stage failures remain explicit without credentials (0.937819ms)
deploy-test	Run pnpm verify	2026-10-06T10:29:16.5300524Z ✔ per-request service throttling requires both unique IDs and bound access-row time/status, never minute metrics (0.742926ms)
deploy-test	Run pnpm verify	2026-10-06T10:29:16.5311255Z ✔ QA09 rollout separates logging, budget and event publication and rejects silent phase mistakes (1.415477ms)
deploy-test	Run pnpm verify	2026-10-06T10:29:16.8381018Z ✔ security retest rejects foreign fixture before any credential or live API access (1.242416ms)
deploy-test	Run pnpm verify	2026-10-06T10:29:16.8410814Z ✔ six tampered tokens require HTTP rejection and keep credentials out of receipt (5.097287ms)
deploy-test	Run pnpm verify	2026-10-06T10:29:16.8651319Z ✔ unknown seed outcome requires observed complete own set or proven empty set, never a blind retry (0.935855ms)
deploy-test	Run pnpm verify	2026-10-06T10:29:20.8489089Z ✔ semantic SQL creates two scoped read models without lifecycle or authentication claims and refuses reuse (2501.164907ms)
deploy-test	Run pnpm verify	2026-10-06T10:29:20.8490695Z ✔ semantic SQL refuses scope/state drift: lifecycle_status='Active' (275.4908ms)
deploy-test	Run pnpm verify	2026-10-06T10:29:20.8491384Z ✔ semantic SQL refuses scope/state drift: site_id=NULL (281.168278ms)
deploy-test	Run pnpm verify	2026-10-06T10:29:20.8492415Z ✔ semantic SQL refuses scope/state drift: customer_id='22222222-2222-2222-2222-222222222222' WHERE customer_id='11111111-1111-1111-1111-111111111111' (250.332098ms)
deploy-test	Run pnpm verify	2026-10-06T10:29:20.8493331Z ✔ semantic SQL refuses scope/state drift: name='outside' (279.981404ms)
deploy-test	Run pnpm verify	2026-10-06T10:29:20.8494686Z ✔ platform exports require the exact ledger and own frozen filters; foreign jobs remain unchanged (364.170711ms)
deploy-test	Run pnpm verify	2026-10-06T10:29:20.9341541Z ✔ business session cleanup never accepts a foreign email id role scope or lifecycle (1.169256ms)
deploy-test	Run pnpm verify	2026-10-06T10:29:20.9342361Z ✔ session fixtures require exact own customer and site binding before cleanup (0.358028ms)
deploy-test	Run pnpm verify	2026-10-06T10:29:20.9342997Z ✔ complete narrow real-environment scope never accepts full QA09 (14.767532ms)
deploy-test	Run pnpm verify	2026-10-06T10:29:20.9344132Z ✔ missing mTLS, shared keys, different ingress/archive bytes and missing cleanup fail closed (2.211211ms)
deploy-test	Run pnpm verify	2026-10-06T10:29:21.1442191Z ✔ CodeBuild inline source fits service limit and decompresses to exact reviewed bytes (28.02659ms)
deploy-test	Run pnpm verify	2026-10-06T10:29:21.1469281Z ✔ exact own-ten plan rejects expansion, historical identity and wrong customer namespace (6.420235ms)
deploy-test	Run pnpm verify	2026-10-06T10:29:21.1470145Z ✔ real SQL creates exact fixtures and cleanup preserves original devices/certificates (1784.235027ms)
deploy-test	Run pnpm verify	2026-10-06T10:29:21.1470863Z ✔ unexpected original-data trigger mutation rolls back fixture creation (829.342283ms)
deploy-test	Run pnpm verify	2026-10-06T10:29:21.1471567Z ✔ processing provisioning job prevents cleanup without deleting any own devices (760.397397ms)
deploy-test	Run pnpm verify	2026-10-06T10:29:21.1472184Z ✔ CSR proofs bind method, path, request ID, timestamp, nonce and independent key (112.531614ms)
deploy-test	Run pnpm verify	2026-10-06T10:29:21.8081321Z ✔ closed-fixture audit and request outbox cleanup require ledger and preserve unrelated events (663.621012ms)
deploy-test	Run pnpm verify	2026-10-06T10:29:22.4385052Z ✔ closed-fixture access rejects missing approval audit and live customer (628.848919ms)
deploy-test	Run pnpm verify	2026-10-06T10:29:23.0754637Z ✔ unseeded capacity attempt has read-only empty audit with deleted customers and fixed original baseline (635.529741ms)
deploy-test	Run pnpm verify	2026-10-06T10:29:23.7254106Z ✔ business-only Onboarded fixtures preserve original rows, refuse reuse and make no certificate/authentication claim (652.205038ms)
deploy-test	Run pnpm verify	2026-10-06T10:29:24.3350978Z ✔ unseeded timeout audit reads only exact prefix and cannot mutate original or retry customer creation (609.971429ms)
deploy-test	Run pnpm verify	2026-10-06T10:29:25.0016974Z ✔ active lifecycle fixture changes exactly two own states and never claims a natural path (667.521695ms)
deploy-test	Run pnpm verify	2026-10-06T10:29:25.6359764Z ✔ capacity probe executes a read-only transaction and leaves fixture and original rows unchanged (635.04415ms)
deploy-test	Run pnpm verify	2026-10-06T10:29:25.6360598Z ✔ review-only mode cannot run without an explicit review hook or with unknown options (0.676336ms)
deploy-test	Run pnpm verify	2026-10-06T10:29:25.6361373Z ✔ fixture CLI distinguishes expired SSO from authorization rejection and transport timeouts (0.208654ms)
deploy-test	Run pnpm verify	2026-10-06T10:29:25.6852888Z ✔ TLS diagnostic bounds independent reads to 12 and six concurrent; fake observations cannot claim real target source (48.088666ms)
deploy-test	Run pnpm verify	2026-10-06T10:29:25.6853510Z ✔ TLS diagnostic retains settled siblings, missing samples and unexpected HTTP/authentication as PARTIAL (1.666854ms)
deploy-test	Run pnpm verify	2026-10-06T10:29:25.6853951Z ✔ version binding preserves prior defaults and accepts exact new target (1.348255ms)
deploy-test	Run pnpm verify	2026-10-06T10:29:25.6854332Z ✔ invalid version input is rejected before any AWS operation (0.403336ms)
deploy-test	Run pnpm verify	2026-10-06T10:29:25.6854699Z ✔ all delivered writes have an explicit permission and own or absent object path (1.35756ms)
deploy-test	Run pnpm verify	2026-10-06T10:29:25.6855134Z ✔ identical claims still change signed payload bytes rather than unused base64 signature bits (0.722906ms)
deploy-test	Run pnpm verify	2026-10-06T10:29:25.6855539Z ✔ Gateway 403 rejects tampered signatures while protected 2xx must fail (5.629797ms)
deploy-test	Run pnpm verify	2026-10-06T10:29:25.6855974Z ✔ quick has exact cadence, 24 historical hours, 30x burst, 5% duplicates and 2% delayed delivery (16.771674ms)
deploy-test	Run pnpm verify	2026-10-06T10:29:25.6856433Z ✔ full plan contains 86400 historical Telemetry samples for 10 devices at 10-second cadence (346.78549ms)
deploy-test	Run pnpm verify	2026-10-06T10:29:25.6856746Z ✔ unknown profile fails closed (1.875257ms)
deploy-test	Run pnpm verify	2026-10-06T10:29:25.6857007Z ✔ P95 uses nearest rank and does not mutate input (0.434373ms)
deploy-test	Run pnpm verify	2026-10-06T10:29:25.6857238Z ✔ invalid latency  rejected (0.421122ms)
deploy-test	Run pnpm verify	2026-10-06T10:29:25.6857817Z ✔ invalid latency NaN rejected (0.130526ms)
deploy-test	Run pnpm verify	2026-10-06T10:29:25.6858036Z ✔ invalid latency Infinity rejected (0.101353ms)
deploy-test	Run pnpm verify	2026-10-06T10:29:25.6858256Z ✔ invalid latency -1 rejected (0.879531ms)
deploy-test	Run pnpm verify	2026-10-06T10:29:25.6858543Z ✔ independent checker verifies count average min max and UTC buckets (1.0652ms)
deploy-test	Run pnpm verify	2026-10-06T10:29:25.6858821Z ✔ complete reliability proof passes (1.70392ms)
deploy-test	Run pnpm verify	2026-10-06T10:29:25.6859032Z ✔ Gate rejects missing trace (1.050167ms)
deploy-test	Run pnpm verify	2026-10-06T10:29:25.6859428Z ✔ Gate rejects duplicate trace (0.706691ms)
deploy-test	Run pnpm verify	2026-10-06T10:29:25.6859912Z ✔ Gate rejects failed cleanup (0.72557ms)
deploy-test	Run pnpm verify	2026-10-06T10:29:25.6860152Z ✔ Gate rejects wrong profile (0.727202ms)
deploy-test	Run pnpm verify	2026-10-06T10:29:25.6860351Z ✔ Gate rejects wrong cadence (0.777688ms)
deploy-test	Run pnpm verify	2026-10-06T10:29:25.6860545Z ✔ Gate rejects untracked loss (1.029436ms)
deploy-test	Run pnpm verify	2026-10-06T10:29:25.6860758Z ✔ Gate rejects duplicate business row (0.91843ms)
deploy-test	Run pnpm verify	2026-10-06T10:29:25.6860974Z ✔ Gate rejects missing archive (0.974544ms)
deploy-test	Run pnpm verify	2026-10-06T10:29:25.6861174Z ✔ Gate rejects missing reorder (0.834534ms)
deploy-test	Run pnpm verify	2026-10-06T10:29:25.6861377Z ✔ Gate rejects missing retry (0.792651ms)
deploy-test	Run pnpm verify	2026-10-06T10:29:25.6861576Z ✔ Gate rejects unresolved gap (0.788945ms)
deploy-test	Run pnpm verify	2026-10-06T10:29:25.6861800Z ✔ Gate rejects worker not paused (0.930368ms)
deploy-test	Run pnpm verify	2026-10-06T10:29:25.6862008Z ✔ Gate rejects no backlog (0.906793ms)
deploy-test	Run pnpm verify	2026-10-06T10:29:25.6862222Z ✔ Gate rejects unscoped replay (0.824178ms)
deploy-test	Run pnpm verify	2026-10-06T10:29:25.6862457Z ✔ Gate rejects duplicate MQTT publish (0.820603ms)
deploy-test	Run pnpm verify	2026-10-06T10:29:25.6862723Z ✔ Gate rejects late ACK changed terminal state (0.89879ms)
deploy-test	Run pnpm verify	2026-10-06T10:29:25.6862986Z ✔ Gate rejects telemetry P95 failed (0.93824ms)
deploy-test	Run pnpm verify	2026-10-06T10:29:25.6863228Z ✔ Gate rejects command P95 failed (1.135676ms)
deploy-test	Run pnpm verify	2026-10-06T10:29:25.6863429Z ✔ Gate rejects NaN P95 (1.110688ms)
deploy-test	Run pnpm verify	2026-10-06T10:29:25.6863672Z ✔ Gate rejects missing latency samples (0.822635ms)
deploy-test	Run pnpm verify	2026-10-06T10:29:25.6864050Z ✔ security receipt accepts complete execution and all observed acceptance proofs (5.992271ms)
deploy-test	Run pnpm verify	2026-10-06T10:29:25.6864399Z ✔ execution fails closed: deleted required test (1.626083ms)
deploy-test	Run pnpm verify	2026-10-06T10:29:25.6864670Z ✔ execution fails closed: missing file (0.225458ms)
deploy-test	Run pnpm verify	2026-10-06T10:29:25.6864917Z ✔ execution fails closed: pending test (0.59907ms)
deploy-test	Run pnpm verify	2026-10-06T10:29:25.6865174Z ✔ execution fails closed: failed test (1.842819ms)
deploy-test	Run pnpm verify	2026-10-06T10:29:25.6865401Z ✔ proof fails closed: missing proof (0.288674ms)
deploy-test	Run pnpm verify	2026-10-06T10:29:25.6865653Z ✔ proof fails closed: reused prefix (0.173781ms)
deploy-test	Run pnpm verify	2026-10-06T10:29:25.6865903Z ✔ proof fails closed: cleanup incomplete (0.196835ms)
deploy-test	Run pnpm verify	2026-10-06T10:29:25.6866187Z ✔ proof fails closed: expired JWT accepted (1.422467ms)
deploy-test	Run pnpm verify	2026-10-06T10:29:25.6866458Z ✔ proof fails closed: missing write operation (0.974043ms)
deploy-test	Run pnpm verify	2026-10-06T10:29:25.6866738Z ✔ proof fails closed: forged identity accepted (0.435524ms)
deploy-test	Run pnpm verify	2026-10-06T10:29:25.6867021Z ✔ proof fails closed: route resolved before auth (0.164347ms)
deploy-test	Run pnpm verify	2026-10-06T10:29:25.6867295Z ✔ proof fails closed: cross tenant allowed (0.293441ms)
deploy-test	Run pnpm verify	2026-10-06T10:29:25.6867564Z ✔ proof fails closed: unauthorized side effect (0.265278ms)
deploy-test	Run pnpm verify	2026-10-06T10:29:25.6867826Z ✔ proof fails closed: prototype pollution (0.130205ms)
deploy-test	Run pnpm verify	2026-10-06T10:29:25.6868090Z ✔ proof fails closed: malicious media signed (0.138948ms)
deploy-test	Run pnpm verify	2026-10-06T10:29:25.6868368Z ✔ proof fails closed: malicious media persisted (0.190997ms)
deploy-test	Run pnpm verify	2026-10-06T10:29:25.6868625Z ✔ proof fails closed: leak ignored (0.819701ms)
deploy-test	Run pnpm verify	2026-10-06T10:29:25.6868865Z ✔ proof fails closed: unscanned audit (1.04545ms)
deploy-test	Run pnpm verify	2026-10-06T10:29:25.6869338Z ✔ proof fails closed: unscanned snapshot (0.438088ms)
deploy-test	Run pnpm verify	2026-10-06T10:29:25.6869649Z ✔ proof fails closed: partial response scan (0.118067ms)
deploy-test	Run pnpm verify	2026-10-06T10:29:25.6870097Z ✔ independent scanner rejects nested secrets raw JWT Error private key and signed URL without echoing values (1.717651ms)
deploy-test	Run pnpm verify	2026-10-06T10:29:25.6870610Z ✔ scanner detects opaque canary leakage and permits null redacted values and public certificate (0.135854ms)
deploy-test	Run pnpm verify	2026-10-06T10:29:25.6870891Z ℹ tests 578
deploy-test	Run pnpm verify	2026-10-06T10:29:25.6871010Z ℹ suites 0
deploy-test	Run pnpm verify	2026-10-06T10:29:25.6871141Z ℹ pass 578
deploy-test	Run pnpm verify	2026-10-06T10:29:25.6871389Z ℹ fail 0
deploy-test	Run pnpm verify	2026-10-06T10:29:25.6871504Z ℹ cancelled 0
deploy-test	Run pnpm verify	2026-10-06T10:29:25.6871628Z ℹ skipped 0
deploy-test	Run pnpm verify	2026-10-06T10:29:25.6871757Z ℹ todo 0
deploy-test	Run pnpm verify	2026-10-06T10:29:25.6871903Z ℹ duration_ms 23754.66142
deploy-test	Run pnpm verify	2026-10-06T10:29:25.8707161Z 
deploy-test	Run pnpm verify	2026-10-06T10:29:25.8707882Z > food-digester-platform@0.0.0 build /home/runner/work/food-digester-platform/food-digester-platform
deploy-test	Run pnpm verify	2026-10-06T10:29:25.8708202Z > turbo run build
deploy-test	Run pnpm verify	2026-10-06T10:29:25.8708280Z 
deploy-test	Run pnpm verify	2026-10-06T10:29:25.9128175Z 
deploy-test	Run pnpm verify	2026-10-06T10:29:25.9131015Z    • Packages in scope: @fdp/admin-web, @fdp/archive-worker, @fdp/auth, @fdp/aws-clients, @fdp/cloud-api, @fdp/contracts, @fdp/database, @fdp/domain, @fdp/infra, @fdp/ingestion-worker, @fdp/media, @fdp/observability, @fdp/summary-worker
deploy-test	Run pnpm verify	2026-10-06T10:29:25.9131930Z    • Running build in 13 packages
deploy-test	Run pnpm verify	2026-10-06T10:29:25.9132308Z    • Remote caching disabled
deploy-test	Run pnpm verify	2026-10-06T10:29:25.9132450Z 
deploy-test	Run pnpm verify	2026-10-06T10:29:25.9160308Z ##[group]@fdp/contracts:build
deploy-test	Run pnpm verify	2026-10-06T10:29:25.9160768Z cache hit, replaying logs badb40bf08f6da73
deploy-test	Run pnpm verify	2026-10-06T10:29:25.9161026Z 
deploy-test	Run pnpm verify	2026-10-06T10:29:25.9164166Z > @fdp/contracts@0.0.0 build /home/runner/work/food-digester-platform/food-digester-platform/contracts
deploy-test	Run pnpm verify	2026-10-06T10:29:25.9174943Z > node -e "console.log('@fdp/contracts 为源码契约包：内部使用 .ts 扩展名互引，不经 tsc 构建；消费方经 tsx/打包器直接使用源码')"
deploy-test	Run pnpm verify	2026-10-06T10:29:25.9179386Z 
deploy-test	Run pnpm verify	2026-10-06T10:29:25.9182133Z @fdp/contracts 为源码契约包：内部使用 .ts 扩展名互引，不经 tsc 构建；消费方经 tsx/打包器直接使用源码
deploy-test	Run pnpm verify	2026-10-06T10:29:25.9182722Z ##[endgroup]
deploy-test	Run pnpm verify	2026-10-06T10:29:25.9183076Z ##[group]@fdp/database:generate
deploy-test	Run pnpm verify	2026-10-06T10:29:25.9183417Z cache hit, replaying logs 61cdf4220c661ec1
deploy-test	Run pnpm verify	2026-10-06T10:29:25.9183623Z 
deploy-test	Run pnpm verify	2026-10-06T10:29:25.9184282Z > @fdp/database@0.0.0 generate /home/runner/work/food-digester-platform/food-digester-platform/packages/database
deploy-test	Run pnpm verify	2026-10-06T10:29:25.9184754Z > prisma generate
deploy-test	Run pnpm verify	2026-10-06T10:29:25.9184865Z 
deploy-test	Run pnpm verify	2026-10-06T10:29:25.9185010Z Loaded Prisma config from prisma.config.ts.
deploy-test	Run pnpm verify	2026-10-06T10:29:25.9185184Z 
deploy-test	Run pnpm verify	2026-10-06T10:29:25.9185334Z Prisma schema loaded from prisma/schema.prisma.
deploy-test	Run pnpm verify	2026-10-06T10:29:25.9185549Z 
deploy-test	Run pnpm verify	2026-10-06T10:29:25.9185877Z ✔ Generated Prisma Client (7.9.1) to ./src/generated in 1.00s
deploy-test	Run pnpm verify	2026-10-06T10:29:25.9186088Z 
deploy-test	Run pnpm verify	2026-10-06T10:29:25.9186321Z ##[endgroup]
deploy-test	Run pnpm verify	2026-10-06T10:29:25.9186620Z ##[group]@fdp/aws-clients:build
deploy-test	Run pnpm verify	2026-10-06T10:29:25.9186886Z cache hit, replaying logs 72b741ff8e28f9c8
deploy-test	Run pnpm verify	2026-10-06T10:29:25.9187047Z 
deploy-test	Run pnpm verify	2026-10-06T10:29:25.9187438Z > @fdp/aws-clients@0.0.0 build /home/runner/work/food-digester-platform/food-digester-platform/packages/aws-clients
deploy-test	Run pnpm verify	2026-10-06T10:29:25.9187915Z > tsc -p tsconfig.build.json
deploy-test	Run pnpm verify	2026-10-06T10:29:25.9188048Z 
deploy-test	Run pnpm verify	2026-10-06T10:29:25.9188233Z ##[endgroup]
deploy-test	Run pnpm verify	2026-10-06T10:29:25.9188513Z ##[group]@fdp/domain:build
deploy-test	Run pnpm verify	2026-10-06T10:29:25.9188762Z cache hit, replaying logs 47ef0249a0b99843
deploy-test	Run pnpm verify	2026-10-06T10:29:25.9188920Z 
deploy-test	Run pnpm verify	2026-10-06T10:29:25.9189430Z > @fdp/domain@0.0.0 build /home/runner/work/food-digester-platform/food-digester-platform/packages/domain
deploy-test	Run pnpm verify	2026-10-06T10:29:25.9189859Z > tsc -p tsconfig.build.json
deploy-test	Run pnpm verify	2026-10-06T10:29:25.9189999Z 
deploy-test	Run pnpm verify	2026-10-06T10:29:25.9210573Z ##[endgroup]
deploy-test	Run pnpm verify	2026-10-06T10:29:25.9210930Z ##[group]@fdp/observability:build
deploy-test	Run pnpm verify	2026-10-06T10:29:25.9211231Z cache hit, replaying logs d249f452a000393d
deploy-test	Run pnpm verify	2026-10-06T10:29:25.9211395Z 
deploy-test	Run pnpm verify	2026-10-06T10:29:25.9211809Z > @fdp/observability@0.0.0 build /home/runner/work/food-digester-platform/food-digester-platform/packages/observability
deploy-test	Run pnpm verify	2026-10-06T10:29:25.9212281Z > tsc -p tsconfig.build.json
deploy-test	Run pnpm verify	2026-10-06T10:29:25.9212421Z 
deploy-test	Run pnpm verify	2026-10-06T10:29:25.9212609Z ##[endgroup]
deploy-test	Run pnpm verify	2026-10-06T10:29:25.9212905Z ##[group]@fdp/database:build
deploy-test	Run pnpm verify	2026-10-06T10:29:25.9213171Z cache hit, replaying logs b9b68e8e6789afaa
deploy-test	Run pnpm verify	2026-10-06T10:29:25.9213335Z 
deploy-test	Run pnpm verify	2026-10-06T10:29:25.9213694Z > @fdp/database@0.0.0 build /home/runner/work/food-digester-platform/food-digester-platform/packages/database
deploy-test	Run pnpm verify	2026-10-06T10:29:25.9214125Z > tsc -p tsconfig.build.json
deploy-test	Run pnpm verify	2026-10-06T10:29:25.9214258Z 
deploy-test	Run pnpm verify	2026-10-06T10:29:25.9214436Z ##[endgroup]
deploy-test	Run pnpm verify	2026-10-06T10:29:25.9214713Z ##[group]@fdp/auth:build
deploy-test	Run pnpm verify	2026-10-06T10:29:25.9214956Z cache hit, replaying logs 9daf5667ecdf99bc
deploy-test	Run pnpm verify	2026-10-06T10:29:25.9215122Z 
deploy-test	Run pnpm verify	2026-10-06T10:29:25.9215443Z > @fdp/auth@0.0.0 build /home/runner/work/food-digester-platform/food-digester-platform/packages/auth
deploy-test	Run pnpm verify	2026-10-06T10:29:25.9215845Z > tsc -p tsconfig.build.json
deploy-test	Run pnpm verify	2026-10-06T10:29:25.9215978Z 
deploy-test	Run pnpm verify	2026-10-06T10:29:25.9216155Z ##[endgroup]
deploy-test	Run pnpm verify	2026-10-06T10:29:25.9216430Z ##[group]@fdp/media:build
deploy-test	Run pnpm verify	2026-10-06T10:29:25.9216673Z cache hit, replaying logs f260157a77d3a580
deploy-test	Run pnpm verify	2026-10-06T10:29:25.9216832Z 
deploy-test	Run pnpm verify	2026-10-06T10:29:25.9217157Z > @fdp/media@0.0.0 build /home/runner/work/food-digester-platform/food-digester-platform/packages/media
deploy-test	Run pnpm verify	2026-10-06T10:29:25.9217785Z > tsc -p tsconfig.build.json
deploy-test	Run pnpm verify	2026-10-06T10:29:25.9217913Z 
deploy-test	Run pnpm verify	2026-10-06T10:29:25.9218091Z ##[endgroup]
deploy-test	Run pnpm verify	2026-10-06T10:29:30.5559265Z ##[group]@fdp/archive-worker:build
deploy-test	Run pnpm verify	2026-10-06T10:29:30.5620327Z cache miss, executing bb8c414c06d22476
deploy-test	Run pnpm verify	2026-10-06T10:29:30.5639894Z 
deploy-test	Run pnpm verify	2026-10-06T10:29:30.5650426Z > @fdp/archive-worker@0.0.0 build /home/runner/work/food-digester-platform/food-digester-platform/apps/archive-worker
deploy-test	Run pnpm verify	2026-10-06T10:29:30.5680060Z > tsc -p tsconfig.build.json
deploy-test	Run pnpm verify	2026-10-06T10:29:30.5702946Z 
deploy-test	Run pnpm verify	2026-10-06T10:29:30.5750361Z ##[endgroup]
deploy-test	Run pnpm verify	2026-10-06T10:29:32.2532099Z ##[group]@fdp/summary-worker:build
deploy-test	Run pnpm verify	2026-10-06T10:29:32.2620303Z cache miss, executing a6c4e7485f911124
deploy-test	Run pnpm verify	2026-10-06T10:29:32.2709759Z 
deploy-test	Run pnpm verify	2026-10-06T10:29:32.2722282Z > @fdp/summary-worker@0.0.0 build /home/runner/work/food-digester-platform/food-digester-platform/apps/summary-worker
deploy-test	Run pnpm verify	2026-10-06T10:29:32.2820111Z > tsc -p tsconfig.build.json
deploy-test	Run pnpm verify	2026-10-06T10:29:32.2851343Z 
deploy-test	Run pnpm verify	2026-10-06T10:29:32.2920738Z ##[endgroup]
deploy-test	Run pnpm verify	2026-10-06T10:29:32.5238110Z ##[group]@fdp/ingestion-worker:build
deploy-test	Run pnpm verify	2026-10-06T10:29:32.5310275Z cache miss, executing 17724648ad1fd6e3
deploy-test	Run pnpm verify	2026-10-06T10:29:32.5310563Z 
deploy-test	Run pnpm verify	2026-10-06T10:29:32.5311038Z > @fdp/ingestion-worker@0.0.0 build /home/runner/work/food-digester-platform/food-digester-platform/apps/ingestion-worker
deploy-test	Run pnpm verify	2026-10-06T10:29:32.5311570Z > tsc -p tsconfig.build.json
deploy-test	Run pnpm verify	2026-10-06T10:29:32.5311722Z 
deploy-test	Run pnpm verify	2026-10-06T10:29:32.5312044Z ##[endgroup]
deploy-test	Run pnpm verify	2026-10-06T10:29:34.3515636Z ##[group]@fdp/infra:build
deploy-test	Run pnpm verify	2026-10-06T10:29:34.3516142Z cache miss, executing ae15db771adc85e4
deploy-test	Run pnpm verify	2026-10-06T10:29:34.3516337Z 
deploy-test	Run pnpm verify	2026-10-06T10:29:34.3516705Z > @fdp/infra@0.0.0 build /home/runner/work/food-digester-platform/food-digester-platform/infra
deploy-test	Run pnpm verify	2026-10-06T10:29:34.3517344Z > tsc -p tsconfig.build.json
deploy-test	Run pnpm verify	2026-10-06T10:29:34.3517550Z 
deploy-test	Run pnpm verify	2026-10-06T10:29:34.3518078Z ##[endgroup]
deploy-test	Run pnpm verify	2026-10-06T10:29:34.9387183Z ##[group]@fdp/cloud-api:build
deploy-test	Run pnpm verify	2026-10-06T10:29:34.9387929Z cache miss, executing bc29f07f8a7a980b
deploy-test	Run pnpm verify	2026-10-06T10:29:34.9388339Z 
deploy-test	Run pnpm verify	2026-10-06T10:29:34.9388896Z > @fdp/cloud-api@0.0.0 build /home/runner/work/food-digester-platform/food-digester-platform/apps/cloud-api
deploy-test	Run pnpm verify	2026-10-06T10:29:34.9391266Z > tsc -p tsconfig.build.json
deploy-test	Run pnpm verify	2026-10-06T10:29:34.9391575Z 
deploy-test	Run pnpm verify	2026-10-06T10:29:34.9392092Z ##[endgroup]
deploy-test	Run pnpm verify	2026-10-06T10:29:36.8085531Z ##[group]@fdp/admin-web:build
deploy-test	Run pnpm verify	2026-10-06T10:29:36.8085908Z cache miss, executing 67a2779321d7ff3e
deploy-test	Run pnpm verify	2026-10-06T10:29:36.8086029Z 
deploy-test	Run pnpm verify	2026-10-06T10:29:36.8086309Z > @fdp/admin-web@0.0.0 build /home/runner/work/food-digester-platform/food-digester-platform/apps/admin-web
deploy-test	Run pnpm verify	2026-10-06T10:29:36.8086929Z > tsc -p tsconfig.build.json && vite build
deploy-test	Run pnpm verify	2026-10-06T10:29:36.8087049Z 
deploy-test	Run pnpm verify	2026-10-06T10:29:36.8087485Z ^[[36mvite v8.2.2 ^[[32mbuilding client environment for production...^[[36m^[[39m
deploy-test	Run pnpm verify	2026-10-06T10:29:36.8087730Z transforming...
deploy-test	Run pnpm verify	2026-10-06T10:29:36.8087911Z ✓ 1609 modules transformed.
deploy-test	Run pnpm verify	2026-10-06T10:29:36.8088064Z rendering chunks...
deploy-test	Run pnpm verify	2026-10-06T10:29:36.8088211Z computing gzip size...
deploy-test	Run pnpm verify	2026-10-06T10:29:36.8088488Z dist/web/index.html                     0.46 kB │ gzip:   0.32 kB
deploy-test	Run pnpm verify	2026-10-06T10:29:36.8088812Z dist/web/assets/index-CecZB0A0.css     19.08 kB │ gzip:   5.07 kB
deploy-test	Run pnpm verify	2026-10-06T10:29:36.8090458Z dist/web/assets/index-D1EpTElP.js   1,357.74 kB │ gzip: 417.92 kB
deploy-test	Run pnpm verify	2026-10-06T10:29:36.8090610Z 
deploy-test	Run pnpm verify	2026-10-06T10:29:36.8090719Z ^[[32m✓ built in 377ms^[[39m
deploy-test	Run pnpm verify	2026-10-06T10:29:36.8090916Z ^[[33m[plugin builtin:vite-reporter] 
deploy-test	Run pnpm verify	2026-10-06T10:29:36.8091171Z (!) Some chunks are larger than 500 kB after minification. Consider:
deploy-test	Run pnpm verify	2026-10-06T10:29:36.8091452Z - Using dynamic import() to code-split the application
deploy-test	Run pnpm verify	2026-10-06T10:29:36.8091925Z - Use build.rolldownOptions.output.codeSplitting to improve chunking: https://rolldown.rs/reference/OutputOptions.codeSplitting
deploy-test	Run pnpm verify	2026-10-06T10:29:36.8092434Z - Adjust chunk size limit for this warning via build.chunkSizeWarningLimit.^[[39m
deploy-test	Run pnpm verify	2026-10-06T10:29:36.8092784Z ##[endgroup]
deploy-test	Run pnpm verify	2026-10-06T10:29:36.8112976Z 
deploy-test	Run pnpm verify	2026-10-06T10:29:36.8113257Z  Tasks:    14 successful, 14 total
deploy-test	Run pnpm verify	2026-10-06T10:29:36.8113795Z Cached:    8 cached, 14 total
deploy-test	Run pnpm verify	2026-10-06T10:29:36.8114026Z   Time:    10.917s 
deploy-test	Run pnpm verify	2026-10-06T10:29:36.8114145Z 
deploy-test	Run pnpm verify	2026-10-06T10:29:37.0262451Z 
deploy-test	Run pnpm verify	2026-10-06T10:29:37.0263456Z > food-digester-platform@0.0.0 check:boundaries /home/runner/work/food-digester-platform/food-digester-platform
deploy-test	Run pnpm verify	2026-10-06T10:29:37.0264073Z > node scripts/check-boundaries.mjs
deploy-test	Run pnpm verify	2026-10-06T10:29:37.0264256Z 
deploy-test	Run pnpm verify	2026-10-06T10:29:37.0463096Z 检查 13 个工作区包
deploy-test	Run pnpm verify	2026-10-06T10:29:37.0463518Z 模块边界与循环依赖检查通过
deploy-test	Run pnpm verify	2026-10-06T10:29:37.2319341Z 
deploy-test	Run pnpm verify	2026-10-06T10:29:37.2320332Z > food-digester-platform@0.0.0 check:schemas /home/runner/work/food-digester-platform/food-digester-platform
deploy-test	Run pnpm verify	2026-10-06T10:29:37.2320884Z > node scripts/check-schemas.mjs
deploy-test	Run pnpm verify	2026-10-06T10:29:37.2321044Z 
deploy-test	Run pnpm verify	2026-10-06T10:29:37.3587083Z OpenAPI / JSON Schema 校验通过
deploy-test	Run pnpm verify	2026-10-06T10:29:37.5398163Z 
deploy-test	Run pnpm verify	2026-10-06T10:29:37.5399292Z > food-digester-platform@0.0.0 check:migrations /home/runner/work/food-digester-platform/food-digester-platform
deploy-test	Run pnpm verify	2026-10-06T10:29:37.5399890Z > node scripts/check-migrations.mjs
deploy-test	Run pnpm verify	2026-10-06T10:29:37.5400109Z 
deploy-test	Run pnpm verify	2026-10-06T10:29:40.1903190Z Migration 结构与 Prisma Schema 漂移检查通过
deploy-test	Run pnpm verify	2026-10-06T10:29:40.3671611Z 
deploy-test	Run pnpm verify	2026-10-06T10:29:40.3672348Z > food-digester-platform@0.0.0 check:evidence /home/runner/work/food-digester-platform/food-digester-platform
deploy-test	Run pnpm verify	2026-10-06T10:29:40.3672743Z > node scripts/check-eng-db-dom-evidence.mjs
deploy-test	Run pnpm verify	2026-10-06T10:29:40.3672865Z 
deploy-test	Run pnpm verify	2026-10-06T10:29:40.4028393Z ENG/DB/DOM/IAC/AUTH/SEC/BE-IOT/BE-ARC/RPL/ESG/管理后台业务与前端 证据与开发文档检查通过
deploy-test	Run pnpm verify	2026-10-06T10:29:40.5791077Z 
deploy-test	Run pnpm verify	2026-10-06T10:29:40.5791885Z > food-digester-platform@0.0.0 check:secrets /home/runner/work/food-digester-platform/food-digester-platform
deploy-test	Run pnpm verify	2026-10-06T10:29:40.5792256Z > node scripts/check-secrets.mjs
deploy-test	Run pnpm verify	2026-10-06T10:29:40.5792360Z 
deploy-test	Run pnpm verify	2026-10-06T10:29:40.9442466Z 敏感信息扫描通过
deploy-test	Run pnpm verify	2026-10-06T10:29:41.1329298Z 
deploy-test	Run pnpm verify	2026-10-06T10:29:41.1330360Z > food-digester-platform@0.0.0 check:sensitive-sinks /home/runner/work/food-digester-platform/food-digester-platform
deploy-test	Run pnpm verify	2026-10-06T10:29:41.1331021Z > node scripts/check-sensitive-sinks.mjs
deploy-test	Run pnpm verify	2026-10-06T10:29:41.1331293Z 
deploy-test	Run pnpm verify	2026-10-06T10:29:41.1770991Z 生产日志与 Trace sink 脱敏门禁通过
deploy-test	Run pnpm verify	2026-10-06T10:29:41.3538581Z 
deploy-test	Run pnpm verify	2026-10-06T10:29:41.3539558Z > food-digester-platform@0.0.0 check:admin-web-delivery /home/runner/work/food-digester-platform/food-digester-platform
deploy-test	Run pnpm verify	2026-10-06T10:29:41.3539967Z > node scripts/check-admin-web-delivery.mjs
deploy-test	Run pnpm verify	2026-10-06T10:29:41.3540093Z 
deploy-test	Run pnpm verify	2026-10-06T10:29:41.3984458Z 管理后台交付检查通过：入口、组合根、路由页面、OpenAPI operationId、CSS 与浏览器构建产物均已就绪
deploy-test	Run pnpm verify	2026-10-06T10:29:41.5828820Z 
deploy-test	Run pnpm verify	2026-10-06T10:29:41.5830085Z > food-digester-platform@0.0.0 check:admin-web-e2e /home/runner/work/food-digester-platform/food-digester-platform
deploy-test	Run pnpm verify	2026-10-06T10:29:41.5831259Z > pnpm --filter @fdp/admin-web test:e2e
deploy-test	Run pnpm verify	2026-10-06T10:29:41.5831488Z 
deploy-test	Run pnpm verify	2026-10-06T10:29:41.8130730Z 
deploy-test	Run pnpm verify	2026-10-06T10:29:41.8131877Z > @fdp/admin-web@0.0.0 test:e2e /home/runner/work/food-digester-platform/food-digester-platform/apps/admin-web
deploy-test	Run pnpm verify	2026-10-06T10:29:41.8132503Z > playwright test
deploy-test	Run pnpm verify	2026-10-06T10:29:41.8132671Z 
deploy-test	Run pnpm verify	2026-10-06T10:29:46.9812899Z [WebServer] [plugin builtin:vite-reporter] 
deploy-test	Run pnpm verify	2026-10-06T10:29:46.9814391Z 
deploy-test	Run pnpm verify	2026-10-06T10:29:46.9814827Z [WebServer] (!) Some chunks are larger than 500 kB after minification. Consider:
deploy-test	Run pnpm verify	2026-10-06T10:29:46.9815519Z [WebServer] - Using dynamic import() to code-split the application
deploy-test	Run pnpm verify	2026-10-06T10:29:46.9816364Z [WebServer] - Use build.rolldownOptions.output.codeSplitting to improve chunking: https://rolldown.rs/reference/OutputOptions.codeSplitting
deploy-test	Run pnpm verify	2026-10-06T10:29:46.9817198Z [WebServer] - Adjust chunk size limit for this warning via build.chunkSizeWarningLimit.
deploy-test	Run pnpm verify	2026-10-06T10:29:48.0605046Z 
deploy-test	Run pnpm verify	2026-10-06T10:29:48.0605716Z Running 36 tests using 1 worker
deploy-test	Run pnpm verify	2026-10-06T10:29:48.0605953Z 
deploy-test	Run pnpm verify	2026-10-06T10:29:48.3279300Z [1/36] e2e/admin-web.spec.ts:15:1 › H-01 API 拒绝停用会话后清除浏览器会话并返回登录
deploy-test	Run pnpm verify	2026-10-06T10:29:48.8763682Z [2/36] e2e/admin-web.spec.ts:42:1 › M-01 CustomerViewer 从菜单查询设备用户详情，全部写入口隐藏
deploy-test	Run pnpm verify	2026-10-06T10:29:49.3293674Z [3/36] e2e/admin-web.spec.ts:88:1 › 无 Token 安全回登录；五角色菜单和受限路由均由组合根守卫
deploy-test	Run pnpm verify	2026-10-06T10:29:52.1174296Z [4/36] e2e/admin-web.spec.ts:116:1 › 刷新失败清会话，API 403 保留会话并呈现无权
deploy-test	Run pnpm verify	2026-10-06T10:29:52.7172582Z [5/36] e2e/admin-web.spec.ts:138:1 › Customer scope 与 Dashboard 离线/无 entitlement 动作在真实浏览器失败关闭
deploy-test	Run pnpm verify	2026-10-06T10:29:53.2433080Z [6/36] e2e/admin-web.spec.ts:175:1 › Onboarding 审批双击只提交一次，展示录入来源和证书状态
deploy-test	Run pnpm verify	2026-10-06T10:29:53.9099091Z [7/36] e2e/admin-web.spec.ts:220:1 › Customer/Site CRUD 关键路径：创建、非法时区、关联停用提示与 409
deploy-test	Run pnpm verify	2026-10-06T10:29:55.7039808Z [8/36] e2e/admin-web.spec.ts:343:1 › 1440/768/375 响应式布局、横向表格和对话框键盘边界
deploy-test	Run pnpm verify	2026-10-06T10:29:57.3569660Z [9/36] e2e/admin-web.spec.ts:429:1 › FE-06 至 FE-10 六个生产路由可运行，并覆盖成功、空态、分页入口、时区与响应式
deploy-test	Run pnpm verify	2026-10-06T10:29:58.7291074Z [10/36] e2e/admin-web.spec.ts:471:1 › FE-06 至 FE-10 在 403/404、Customer scope、详情焦点与重复提交场景失败关闭
deploy-test	Run pnpm verify	2026-10-06T10:30:00.5940280Z [11/36] e2e/admin-web.spec.ts:547:1 › FE-11 至 FE-15 七个生产路由由真实控制器驱动，并覆盖媒体签发与审计详情
deploy-test	Run pnpm verify	2026-10-06T10:30:04.1960690Z [12/36] e2e/admin-web.spec.ts:611:1 › FE-11 至 FE-15 API 403 与路由角色边界在真实浏览器失败关闭
deploy-test	Run pnpm verify	2026-10-06T10:30:04.8380994Z [13/36] e2e/admin-web.spec.ts:628:1 › FE-17 新建权限与零设备第二阶段在真实浏览器失败关闭
deploy-test	Run pnpm verify	2026-10-06T10:30:05.7710013Z [14/36] e2e/admin-web.spec.ts:699:1 › FE-18 Chromium 覆盖 unknown/stale、联系人按需零预载与申请状态机
deploy-test	Run pnpm verify	2026-10-06T10:30:06.8042252Z [15/36] e2e/admin-web.spec.ts:803:1 › FE-16 Chromium 覆盖邀请、角色、Scope、重置与设置 409 回源
deploy-test	Run pnpm verify	2026-10-06T10:30:08.3029452Z [16/36] e2e/admin-web.spec.ts:927:1 › FE-17 Chromium 覆盖绑定、解绑、续约与终止并保留 License 边界
deploy-test	Run pnpm verify	2026-10-06T10:30:09.4383443Z [17/36] e2e/admin-web.spec.ts:1102:5 › FE-19 Chromium 22 个生产路由：zh-CN / 375px
deploy-test	Run pnpm verify	2026-10-06T10:30:13.6322209Z [18/36] e2e/admin-web.spec.ts:1102:5 › FE-19 Chromium 22 个生产路由：zh-CN / 768px
deploy-test	Run pnpm verify	2026-10-06T10:30:17.8793056Z [19/36] e2e/admin-web.spec.ts:1102:5 › FE-19 Chromium 22 个生产路由：zh-CN / 1440px
deploy-test	Run pnpm verify	2026-10-06T10:30:22.1224392Z [20/36] e2e/admin-web.spec.ts:1102:5 › FE-19 Chromium 22 个生产路由：en / 375px
deploy-test	Run pnpm verify	2026-10-06T10:30:26.3901421Z [21/36] e2e/admin-web.spec.ts:1102:5 › FE-19 Chromium 22 个生产路由：en / 768px
deploy-test	Run pnpm verify	2026-10-06T10:30:30.7155421Z [22/36] e2e/admin-web.spec.ts:1102:5 › FE-19 Chromium 22 个生产路由：en / 1440px
deploy-test	Run pnpm verify	2026-10-06T10:30:35.0309072Z [23/36] e2e/admin-web.spec.ts:1123:1 › FE-19 语言选择在刷新后保持
deploy-test	Run pnpm verify	2026-10-06T10:30:35.4719774Z [24/36] e2e/admin-web.spec.ts:1135:1 › QA-09 设备管理长别名和序列号在375px完整换行且不裁切
deploy-test	Run pnpm verify	2026-10-06T10:30:36.7207397Z [25/36] e2e/qa05-workflows.spec.ts:33:3 › QA05 role route and button matrix PlatformSuperAdmin
deploy-test	Run pnpm verify	2026-10-06T10:30:43.1455374Z [26/36] e2e/qa05-workflows.spec.ts:33:3 › QA05 role route and button matrix PlatformOperator
deploy-test	Run pnpm verify	2026-10-06T10:30:49.1752761Z [27/36] e2e/qa05-workflows.spec.ts:33:3 › QA05 role route and button matrix Auditor
deploy-test	Run pnpm verify	2026-10-06T10:30:55.1573890Z [28/36] e2e/qa05-workflows.spec.ts:33:3 › QA05 role route and button matrix CustomerAdmin
deploy-test	Run pnpm verify	2026-10-06T10:31:00.2158725Z [29/36] e2e/qa05-workflows.spec.ts:33:3 › QA05 role route and button matrix CustomerViewer
deploy-test	Run pnpm verify	2026-10-06T10:31:04.9838704Z [30/36] e2e/qa05-workflows.spec.ts:80:1 › QA05 login SRP MFA error success logout without persisting password
deploy-test	Run pnpm verify	2026-10-06T10:31:05.6823314Z [31/36] e2e/qa05-workflows.spec.ts:146:1 › QA05 ESG cursor totals export snapshot timezone and empty state
deploy-test	Run pnpm verify	2026-10-06T10:31:06.5186023Z [32/36] e2e/qa05-workflows.spec.ts:216:1 › QA05 Command dangerous confirmation terminal result and publish failure
deploy-test	Run pnpm verify	2026-10-06T10:31:07.4996969Z [33/36] e2e/qa05-workflows.spec.ts:271:1 › QA05 Media expiry renew 403 and audit read-only zero writes
deploy-test	Run pnpm verify	2026-10-06T10:31:08.3541463Z [34/36] e2e/ui-redesign.spec.ts:12:3 › UI redesign: all business routes at 1366x768
deploy-test	Run pnpm verify	2026-10-06T10:31:24.1023151Z [35/36] e2e/ui-redesign.spec.ts:12:3 › UI redesign: all business routes at 1440x900
deploy-test	Run pnpm verify	2026-10-06T10:31:39.9193732Z [36/36] e2e/ui-redesign.spec.ts:12:3 › UI redesign: all business routes at 1920x1080
deploy-test	Run pnpm verify	2026-10-06T10:31:56.0269654Z   36 passed (2.2m)
deploy-test	Run pnpm verify	2026-10-06T10:31:56.2296516Z 
deploy-test	Run pnpm verify	2026-10-06T10:31:56.2297290Z > food-digester-platform@0.0.0 check:cmd-ota-delivery /home/runner/work/food-digester-platform/food-digester-platform
deploy-test	Run pnpm verify	2026-10-06T10:31:56.2297694Z > pnpm check:runtime && pnpm check:cdk
deploy-test	Run pnpm verify	2026-10-06T10:31:56.2297809Z 
deploy-test	Run pnpm verify	2026-10-06T10:31:56.3964462Z 
deploy-test	Run pnpm verify	2026-10-06T10:31:56.3965236Z > food-digester-platform@0.0.0 check:runtime /home/runner/work/food-digester-platform/food-digester-platform
deploy-test	Run pnpm verify	2026-10-06T10:31:56.3965710Z > node --import tsx scripts/check-delivered-runtime.mjs
deploy-test	Run pnpm verify	2026-10-06T10:31:56.3965864Z 
deploy-test	Run pnpm verify	2026-10-06T10:31:56.4591178Z 已交付 REST 生产路由与 OpenAPI 双向一致（129 operations）
deploy-test	Run pnpm verify	2026-10-06T10:31:56.6416038Z 
deploy-test	Run pnpm verify	2026-10-06T10:31:56.6416918Z > food-digester-platform@0.0.0 check:cdk /home/runner/work/food-digester-platform/food-digester-platform
deploy-test	Run pnpm verify	2026-10-06T10:31:56.6417466Z > node scripts/check-cdk-synth.mjs
deploy-test	Run pnpm verify	2026-10-06T10:31:56.6417616Z 
deploy-test	Run pnpm verify	2026-10-06T10:32:06.3455789Z CDK synth 无 warning；已交付 Lambda asset 与 CMD/OTA 生产接线 Gate 通过
deploy-test	Run pnpm verify	2026-10-06T10:32:06.5245349Z 
deploy-test	Run pnpm verify	2026-10-06T10:32:06.5246516Z > food-digester-platform@0.0.0 test:device-contracts /home/runner/work/food-digester-platform/food-digester-platform
deploy-test	Run pnpm verify	2026-10-06T10:32:06.5247325Z > node --import tsx scripts/run-contract-suite.mjs /tmp/fdp-device-contracts-gate.json
deploy-test	Run pnpm verify	2026-10-06T10:32:06.5247714Z 
deploy-test	Run pnpm verify	2026-10-06T10:32:07.0948797Z ✔ QA-02 MQTT heartbeat: all valid/invalid fixtures, missing meta and type mutation (7.168768ms)
deploy-test	Run pnpm verify	2026-10-06T10:32:07.0949854Z ✔ QA-02 MQTT telemetry: all valid/invalid fixtures, missing meta and type mutation (2.936872ms)
deploy-test	Run pnpm verify	2026-10-06T10:32:07.0950781Z ✔ QA-02 MQTT report: all valid/invalid fixtures, missing meta and type mutation (3.048169ms)
deploy-test	Run pnpm verify	2026-10-06T10:32:07.0951740Z ✔ QA-02 MQTT alarm: all valid/invalid fixtures, missing meta and type mutation (2.045993ms)
deploy-test	Run pnpm verify	2026-10-06T10:32:07.0957003Z ✔ QA-02 MQTT event: all valid/invalid fixtures, missing meta and type mutation (1.37192ms)
deploy-test	Run pnpm verify	2026-10-06T10:32:07.0958051Z ✔ QA-02 MQTT ack: all valid/invalid fixtures, missing meta and type mutation (1.926373ms)
deploy-test	Run pnpm verify	2026-10-06T10:32:07.0959573Z ✔ QA-02 MQTT tamper: all valid/invalid fixtures, missing meta and type mutation (2.249309ms)
deploy-test	Run pnpm verify	2026-10-06T10:32:07.0960409Z ✔ QA-02 MQTT media: all valid/invalid fixtures, missing meta and type mutation (1.729498ms)
deploy-test	Run pnpm verify	2026-10-06T10:32:07.0961301Z ✔ QA-02 MQTT cmd: all valid/invalid fixtures, missing meta and type mutation (2.637461ms)
deploy-test	Run pnpm verify	2026-10-06T10:32:07.0962104Z ✔ QA-02 MQTT ota: all valid/invalid fixtures, missing meta and type mutation (2.03703ms)
deploy-test	Run pnpm verify	2026-10-06T10:32:07.0963024Z ✔ QA-02 MQTT notification: all valid/invalid fixtures, missing meta and type mutation (1.743228ms)
deploy-test	Run pnpm verify	2026-10-06T10:32:07.0963906Z ✔ MQTT semantic hash, discriminator and UTC calendar errors fail closed (0.775064ms)
deploy-test	Run pnpm verify	2026-10-06T10:32:07.0965262Z ✔ full REST response: field deletion/type mutation/envelope/date/errors/status/headers are enforced (4.062402ms)
deploy-test	Run pnpm verify	2026-10-06T10:32:07.0966068Z ✔ REST request validation: required body/path/query/header, optional Sync, bodyless Deactivate, no type coercion in JSON (5.676847ms)
deploy-test	Run pnpm verify	2026-10-06T10:32:07.0967209Z ✔ all device operations and declared response JSON Schemas compile; stable error catalog has no duplicates (38.082912ms)
deploy-test	Run pnpm verify	2026-10-06T10:32:07.0968492Z ✔ predecessor MQTT is compatible; known REST break requires exact version and frozen DEC approvals (24.197145ms)
deploy-test	Run pnpm verify	2026-10-06T10:32:07.0977729Z ✔ breaking contract mutations fail: removing fields/operations/status, changing type/required/security (62.088449ms)
deploy-test	Run pnpm verify	2026-10-06T10:32:07.0978819Z ✔ receipt coverage gate fails closed for missing operations/statuses, no valid request and forged records (0.484588ms)
deploy-test	Run pnpm verify	2026-10-06T10:32:07.0979597Z ✔ archived CSR upgrade mapping still verifies original baselines without rewriting history (3.811014ms)
deploy-test	Run pnpm verify	2026-10-06T10:32:07.0979891Z ℹ tests 19
deploy-test	Run pnpm verify	2026-10-06T10:32:07.0980018Z ℹ suites 0
deploy-test	Run pnpm verify	2026-10-06T10:32:07.0980140Z ℹ pass 19
deploy-test	Run pnpm verify	2026-10-06T10:32:07.0980264Z ℹ fail 0
deploy-test	Run pnpm verify	2026-10-06T10:32:07.0980386Z ℹ cancelled 0
deploy-test	Run pnpm verify	2026-10-06T10:32:07.0980526Z ℹ skipped 0
deploy-test	Run pnpm verify	2026-10-06T10:32:07.0980648Z ℹ todo 0
deploy-test	Run pnpm verify	2026-10-06T10:32:07.0980791Z ℹ duration_ms 375.411747
deploy-test	Run pnpm verify	2026-10-06T10:32:21.4106509Z 
deploy-test	Run pnpm verify	2026-10-06T10:32:21.4107835Z ^[[1m^[[30m^[[46m RUN ^[[49m^[[39m^[[22m ^[[36mv4.1.11 ^[[39m^[[90m/home/runner/work/food-digester-platform/food-digester-platform^[[39m
deploy-test	Run pnpm verify	2026-10-06T10:32:21.4108266Z 
deploy-test	Run pnpm verify	2026-10-06T10:32:21.4108789Z  ^[[32m✓^[[39m apps/cloud-api/test/license-sync-lifecycle.test.ts ^[[2m(^[[22m^[[2m10 tests^[[22m^[[2m)^[[22m^[[33m 3845^[[2mms^[[22m^[[39m
deploy-test	Run pnpm verify	2026-10-06T10:32:21.4109991Z    ^[[33m^[[2m✓^[[22m^[[39m real PostgreSQL: served snapshot and signed local verification drive Assigned→Licensed→Active once ^[[33m 852^[[2mms^[[22m^[[39m
deploy-test	Run pnpm verify	2026-10-06T10:32:21.4110907Z    ^[[33m^[[2m✓^[[22m^[[39m expired/revoked licenses and changed assignment cannot activate a device ^[[33m 376^[[2mms^[[22m^[[39m
deploy-test	Run pnpm verify	2026-10-06T10:32:21.4111720Z  ^[[32m✓^[[39m apps/cloud-api/test/ota-dispatch.test.ts ^[[2m(^[[22m^[[2m16 tests^[[22m^[[2m)^[[22m^[[33m 3962^[[2mms^[[22m^[[39m
deploy-test	Run pnpm verify	2026-10-06T10:32:21.4112537Z  ^[[32m✓^[[39m apps/cloud-api/test/certificate-rotate.test.ts ^[[2m(^[[22m^[[2m8 tests^[[22m^[[2m)^[[22m^[[33m 5210^[[2mms^[[22m^[[39m
deploy-test	Run pnpm verify	2026-10-06T10:32:21.4113303Z      ^[[33m^[[2m✓^[[22m^[[39m 缺失 CSR 不签发；AWS attach 失败保留可重试停用记录并保留旧证 ^[[33m 464^[[2mms^[[22m^[[39m
deploy-test	Run pnpm verify	2026-10-06T10:32:21.4113887Z      ^[[33m^[[2m✓^[[22m^[[39m 旧证书错误/跨设备拒绝：缺字段 400；与身份不符 403（含他设备证书） ^[[33m 544^[[2mms^[[22m^[[39m
deploy-test	Run pnpm verify	2026-10-06T10:32:21.4114429Z      ^[[33m^[[2m✓^[[22m^[[39m 响应不确定重试：撤销未确认证书并重签，不重复下发同一私钥 ^[[33m 423^[[2mms^[[22m^[[39m
deploy-test	Run pnpm verify	2026-10-06T10:32:21.4115079Z  ^[[32m✓^[[39m apps/cloud-api/test/csr-onboarding.test.ts ^[[2m(^[[22m^[[2m1 test^[[22m^[[2m)^[[22m^[[33m 2932^[[2mms^[[22m^[[39m
deploy-test	Run pnpm verify	2026-10-06T10:32:21.4115741Z      ^[[33m^[[2m✓^[[22m^[[39m 匿名申请、相同公钥幂等、换钥冲突；签名轮询拒绝重放 ^[[33m 568^[[2mms^[[22m^[[39m
deploy-test	Run pnpm verify	2026-10-06T10:32:21.4116374Z  ^[[32m✓^[[39m apps/cloud-api/test/device-sync.test.ts ^[[2m(^[[22m^[[2m13 tests^[[22m^[[2m)^[[22m^[[33m 3612^[[2mms^[[22m^[[39m
deploy-test	Run pnpm verify	2026-10-06T10:32:21.4117255Z      ^[[33m^[[2m✓^[[22m^[[39m 六域齐备：Assignment/Alias/License+签名/Device Users+验证材料/Configuration/Operational Status ^[[33m 643^[[2mms^[[22m^[[39m
deploy-test	Run pnpm verify	2026-10-06T10:32:21.4118435Z  ^[[32m✓^[[39m apps/cloud-api/test/device-deactivate.test.ts ^[[2m(^[[22m^[[2m11 tests^[[22m^[[2m)^[[22m^[[33m 3346^[[2mms^[[22m^[[39m
deploy-test	Run pnpm verify	2026-10-06T10:32:21.4128301Z  ^[[32m✓^[[39m apps/cloud-api/test/media.test.ts ^[[2m(^[[22m^[[2m12 tests^[[22m^[[2m)^[[22m^[[33m 3585^[[2mms^[[22m^[[39m
deploy-test	Run pnpm verify	2026-10-06T10:32:21.4129422Z  ^[[32m✓^[[39m apps/cloud-api/test/qa02-device-errors.test.ts ^[[2m(^[[22m^[[2m6 tests^[[22m^[[2m)^[[22m^[[32m 182^[[2mms^[[22m^[[39m
deploy-test	Run pnpm verify	2026-10-06T10:32:21.4129946Z  ^[[32m✓^[[39m apps/cloud-api/test/device-lambda-composition.test.ts ^[[2m(^[[22m^[[2m13 tests^[[22m^[[2m)^[[22m^[[32m 15^[[2mms^[[22m^[[39m
deploy-test	Run pnpm verify	2026-10-06T10:32:21.4130669Z  ^[[32m✓^[[39m apps/cloud-api/test/certificate-status.test.ts ^[[2m(^[[22m^[[2m8 tests^[[22m^[[2m)^[[22m^[[33m 2051^[[2mms^[[22m^[[39m
deploy-test	Run pnpm verify	2026-10-06T10:32:21.4130905Z 
deploy-test	Run pnpm verify	2026-10-06T10:32:21.4131075Z ^[[2m Test Files ^[[22m ^[[1m^[[32m10 passed^[[39m^[[22m^[[90m (10)^[[39m
deploy-test	Run pnpm verify	2026-10-06T10:32:21.4131367Z ^[[2m      Tests ^[[22m ^[[1m^[[32m98 passed^[[39m^[[22m^[[90m (98)^[[39m
deploy-test	Run pnpm verify	2026-10-06T10:32:21.4131609Z ^[[2m   Start at ^[[22m 10:32:07
deploy-test	Run pnpm verify	2026-10-06T10:32:21.4131991Z ^[[2m   Duration ^[[22m 14.05s^[[2m (transform 2.61s, setup 108ms, import 10.40s, tests 28.74s, environment 1ms)^[[22m
deploy-test	Run pnpm verify	2026-10-06T10:32:21.4132207Z 
deploy-test	Run pnpm verify	2026-10-06T10:32:21.4155053Z QA-02 PASS: 11 MQTT schemas, 8 device operations, 168 checked Handler responses
deploy-test	Run pnpm verify	2026-10-06T10:32:21.5978709Z 
deploy-test	Run pnpm verify	2026-10-06T10:32:21.5979779Z > food-digester-platform@0.0.0 test:iot-integration /home/runner/work/food-digester-platform/food-digester-platform
deploy-test	Run pnpm verify	2026-10-06T10:32:21.5980550Z > node --import tsx scripts/run-iot-integration.mjs /tmp/fdp-iot-integration-gate.json
deploy-test	Run pnpm verify	2026-10-06T10:32:21.5980915Z 
deploy-test	Run pnpm verify	2026-10-06T10:32:29.6046913Z 
deploy-test	Run pnpm verify	2026-10-06T10:32:29.6048165Z ^[[1m^[[30m^[[46m RUN ^[[49m^[[39m^[[22m ^[[36mv4.1.11 ^[[39m^[[90m/home/runner/work/food-digester-platform/food-digester-platform^[[39m
deploy-test	Run pnpm verify	2026-10-06T10:32:29.6048592Z 
deploy-test	Run pnpm verify	2026-10-06T10:32:29.6048940Z  ^[[32m✓^[[39m apps/ingestion-worker/test/qa03-data-path.test.ts ^[[2m(^[[22m^[[2m5 tests^[[22m^[[2m)^[[22m^[[33m 7014^[[2mms^[[22m^[[39m
deploy-test	Run pnpm verify	2026-10-06T10:32:29.6049702Z    ^[[33m^[[2m✓^[[22m^[[39m QA03 eight routes: business + receipts + outbox + raw archive, duplicate redelivery ^[[33m 2600^[[2mms^[[22m^[[39m
deploy-test	Run pnpm verify	2026-10-06T10:32:29.6050396Z    ^[[33m^[[2m✓^[[22m^[[39m QA03 partial failure, quarantine retry, payload conflict and gap recovery ^[[33m 928^[[2mms^[[22m^[[39m
deploy-test	Run pnpm verify	2026-10-06T10:32:29.6051212Z    ^[[33m^[[2m✓^[[22m^[[39m QA03 archive queue outage and manifest failure converge with stable objects ^[[33m 932^[[2mms^[[22m^[[39m
deploy-test	Run pnpm verify	2026-10-06T10:32:29.6051988Z    ^[[33m^[[2m✓^[[22m^[[39m QA03 business/receipt/outbox transaction rollback then retry ^[[33m 886^[[2mms^[[22m^[[39m
deploy-test	Run pnpm verify	2026-10-06T10:32:29.6052739Z    ^[[33m^[[2m✓^[[22m^[[39m QA03 isolated resources are cleaned even when the scenario throws ^[[33m 1665^[[2mms^[[22m^[[39m
deploy-test	Run pnpm verify	2026-10-06T10:32:29.6053006Z 
deploy-test	Run pnpm verify	2026-10-06T10:32:29.6053177Z ^[[2m Test Files ^[[22m ^[[1m^[[32m1 passed^[[39m^[[22m^[[90m (1)^[[39m
deploy-test	Run pnpm verify	2026-10-06T10:32:29.6053465Z ^[[2m      Tests ^[[22m ^[[1m^[[32m5 passed^[[39m^[[22m^[[90m (5)^[[39m
deploy-test	Run pnpm verify	2026-10-06T10:32:29.6053760Z ^[[2m   Start at ^[[22m 10:32:21
deploy-test	Run pnpm verify	2026-10-06T10:32:29.6054330Z ^[[2m   Duration ^[[22m 7.69s^[[2m (transform 343ms, setup 14ms, import 579ms, tests 7.01s, environment 0ms)^[[22m
deploy-test	Run pnpm verify	2026-10-06T10:32:29.6054661Z 
deploy-test	Run pnpm verify	2026-10-06T10:32:29.6055379Z ^[[90mstderr^[[2m | apps/ingestion-worker/test/qa03-data-path.test.ts^[[2m > ^[[22m^[[2mQA03 partial failure, quarantine retry, payload conflict and gap recovery
deploy-test	Run pnpm verify	2026-10-06T10:32:29.6055800Z ^[[22m^[[39mingestion message quarantined {
deploy-test	Run pnpm verify	2026-10-06T10:32:29.6056021Z   event: ^[[32m'ingestion.quarantined'^[[39m,
deploy-test	Run pnpm verify	2026-10-06T10:32:29.6056230Z   messageId: ^[[32m'QA03-invalid-json'^[[39m,
deploy-test	Run pnpm verify	2026-10-06T10:32:29.6056436Z   errorType: ^[[32m'INVALID_JSON'^[[39m,
deploy-test	Run pnpm verify	2026-10-06T10:32:29.6056625Z   errorPath: ^[[32m'(root)'^[[39m,
deploy-test	Run pnpm verify	2026-10-06T10:32:29.6056835Z   reason: ^[[32m'message body is not valid JSON'^[[39m
deploy-test	Run pnpm verify	2026-10-06T10:32:29.6057005Z }
deploy-test	Run pnpm verify	2026-10-06T10:32:29.6057066Z 
deploy-test	Run pnpm verify	2026-10-06T10:32:29.6057448Z ^[[90mstderr^[[2m | apps/ingestion-worker/test/qa03-data-path.test.ts^[[2m > ^[[22m^[[2mQA03 partial failure, quarantine retry, payload conflict and gap recovery
deploy-test	Run pnpm verify	2026-10-06T10:32:29.6057843Z ^[[22m^[[39mingestion message quarantined {
deploy-test	Run pnpm verify	2026-10-06T10:32:29.6058325Z   event: ^[[32m'ingestion.quarantined'^[[39m,
deploy-test	Run pnpm verify	2026-10-06T10:32:29.6058529Z   messageId: ^[[32m'QA03-invalid-json'^[[39m,
deploy-test	Run pnpm verify	2026-10-06T10:32:29.6058723Z   errorType: ^[[32m'INVALID_JSON'^[[39m,
deploy-test	Run pnpm verify	2026-10-06T10:32:29.6058905Z   errorPath: ^[[32m'(root)'^[[39m,
deploy-test	Run pnpm verify	2026-10-06T10:32:29.6059228Z   reason: ^[[32m'message body is not valid JSON'^[[39m
deploy-test	Run pnpm verify	2026-10-06T10:32:29.6059451Z }
deploy-test	Run pnpm verify	2026-10-06T10:32:29.6059507Z 
deploy-test	Run pnpm verify	2026-10-06T10:32:29.6059885Z ^[[90mstderr^[[2m | apps/ingestion-worker/test/qa03-data-path.test.ts^[[2m > ^[[22m^[[2mQA03 partial failure, quarantine retry, payload conflict and gap recovery
deploy-test	Run pnpm verify	2026-10-06T10:32:29.6060413Z ^[[22m^[[39mingestion message quarantined {
deploy-test	Run pnpm verify	2026-10-06T10:32:29.6060613Z   event: ^[[32m'ingestion.quarantined'^[[39m,
deploy-test	Run pnpm verify	2026-10-06T10:32:29.6060809Z   messageId: ^[[32m'conflict'^[[39m,
deploy-test	Run pnpm verify	2026-10-06T10:32:29.6061001Z   errorType: ^[[32m'PAYLOAD_CONFLICT'^[[39m,
deploy-test	Run pnpm verify	2026-10-06T10:32:29.6061197Z   errorPath: ^[[32m'meta.seq'^[[39m,
deploy-test	Run pnpm verify	2026-10-06T10:32:29.6061598Z   reason: ^[[32m'receipt key QA03-AB2A5F3B50D5-DEV0:telemetry:1 already recorded with different payload hash (security anomaly)'^[[39m,
deploy-test	Run pnpm verify	2026-10-06T10:32:29.6062013Z   iotTopic: ^[[32m'bnx/device/QA03-AB2A5F3B50D5-DEV0/telemetry'^[[39m,
deploy-test	Run pnpm verify	2026-10-06T10:32:29.6062273Z   iotDeviceId: ^[[32m'QA03-AB2A5F3B50D5-DEV0'^[[39m
deploy-test	Run pnpm verify	2026-10-06T10:32:29.6062435Z }
deploy-test	Run pnpm verify	2026-10-06T10:32:29.6062492Z 
deploy-test	Run pnpm verify	2026-10-06T10:32:29.6063039Z ^[[90mstderr^[[2m | apps/ingestion-worker/test/qa03-data-path.test.ts^[[2m > ^[[22m^[[2mQA03 partial failure, quarantine retry, payload conflict and gap recovery
deploy-test	Run pnpm verify	2026-10-06T10:32:29.6063707Z ^[[22m^[[39mingestion message quarantined {
deploy-test	Run pnpm verify	2026-10-06T10:32:29.6063939Z   event: ^[[32m'ingestion.quarantined'^[[39m,
deploy-test	Run pnpm verify	2026-10-06T10:32:29.6064132Z   messageId: ^[[32m'schema'^[[39m,
deploy-test	Run pnpm verify	2026-10-06T10:32:29.6064318Z   errorType: ^[[32m'SCHEMA_VIOLATION'^[[39m,
deploy-test	Run pnpm verify	2026-10-06T10:32:29.6064520Z   errorPath: ^[[32m'data.deviceStatus'^[[39m,
deploy-test	Run pnpm verify	2026-10-06T10:32:29.6064916Z   reason: ^[[32m'payload violates heartbeat.schema.json: 非法枚举值 "BROKEN"，允许值: ONLINE, DEGRADED, OFFLINE'^[[39m,
deploy-test	Run pnpm verify	2026-10-06T10:32:29.6065284Z   iotTopic: ^[[32m'bnx/device/QA03-AB2A5F3B50D5-DEV0/heartbeat'^[[39m,
deploy-test	Run pnpm verify	2026-10-06T10:32:29.6065539Z   iotDeviceId: ^[[32m'QA03-AB2A5F3B50D5-DEV0'^[[39m
deploy-test	Run pnpm verify	2026-10-06T10:32:29.6065702Z }
deploy-test	Run pnpm verify	2026-10-06T10:32:29.6065757Z 
deploy-test	Run pnpm verify	2026-10-06T10:32:29.6066134Z ^[[90mstderr^[[2m | apps/ingestion-worker/test/qa03-data-path.test.ts^[[2m > ^[[22m^[[2mQA03 partial failure, quarantine retry, payload conflict and gap recovery
deploy-test	Run pnpm verify	2026-10-06T10:32:29.6066522Z ^[[22m^[[39mingestion message quarantined {
deploy-test	Run pnpm verify	2026-10-06T10:32:29.6066751Z   event: ^[[32m'ingestion.quarantined'^[[39m,
deploy-test	Run pnpm verify	2026-10-06T10:32:29.6066941Z   messageId: ^[[32m'identity'^[[39m,
deploy-test	Run pnpm verify	2026-10-06T10:32:29.6067134Z   errorType: ^[[32m'IDENTITY_VIOLATION'^[[39m,
deploy-test	Run pnpm verify	2026-10-06T10:32:29.6067334Z   errorPath: ^[[32m'iotDeviceId'^[[39m,
deploy-test	Run pnpm verify	2026-10-06T10:32:29.6067611Z   reason: ^[[32m'topic device does not match certificate binding'^[[39m,
deploy-test	Run pnpm verify	2026-10-06T10:32:29.6067986Z   iotTopic: ^[[32m'bnx/device/QA03-AB2A5F3B50D5-DEV0/event'^[[39m,
deploy-test	Run pnpm verify	2026-10-06T10:32:29.6068260Z   iotDeviceId: ^[[32m'QA03-AB2A5F3B50D5-DEV0'^[[39m
deploy-test	Run pnpm verify	2026-10-06T10:32:29.6068422Z }
deploy-test	Run pnpm verify	2026-10-06T10:32:29.6068479Z 
deploy-test	Run pnpm verify	2026-10-06T10:32:29.6068857Z ^[[90mstderr^[[2m | apps/ingestion-worker/test/qa03-data-path.test.ts^[[2m > ^[[22m^[[2mQA03 archive queue outage and manifest failure converge with stable objects
deploy-test	Run pnpm verify	2026-10-06T10:32:29.6076950Z ^[[22m^[[39marchive validation rejected {
deploy-test	Run pnpm verify	2026-10-06T10:32:29.6077181Z   kind: ^[[32m'archive.validation_rejected'^[[39m,
deploy-test	Run pnpm verify	2026-10-06T10:32:29.6077392Z   messageId: ^[[32m'invalid-archive'^[[39m,
deploy-test	Run pnpm verify	2026-10-06T10:32:29.6077575Z   eventId: ^[[1mnull^[[22m,
deploy-test	Run pnpm verify	2026-10-06T10:32:29.6077731Z   errorPath: ^[[32m'$'^[[39m,
deploy-test	Run pnpm verify	2026-10-06T10:32:29.6078022Z   reason: ^[[32m"Expected property name or '}' in JSON at position 1 (line 1 column 2)"^[[39m,
deploy-test	Run pnpm verify	2026-10-06T10:32:29.6078277Z   rawBody: ^[[32m'{bad'^[[39m
deploy-test	Run pnpm verify	2026-10-06T10:32:29.6078404Z }
deploy-test	Run pnpm verify	2026-10-06T10:32:29.6078464Z 
deploy-test	Run pnpm verify	2026-10-06T10:32:29.7893134Z 
deploy-test	Run pnpm verify	2026-10-06T10:32:29.7894118Z > food-digester-platform@0.0.0 test:core-api-integration /home/runner/work/food-digester-platform/food-digester-platform
deploy-test	Run pnpm verify	2026-10-06T10:32:29.7895044Z > node --import tsx scripts/run-core-api-integration.mjs /tmp/fdp-core-api-integration-gate.json
deploy-test	Run pnpm verify	2026-10-06T10:32:29.7895264Z 
deploy-test	Run pnpm verify	2026-10-06T10:32:52.6396510Z 
deploy-test	Run pnpm verify	2026-10-06T10:32:52.6397846Z ^[[1m^[[30m^[[46m RUN ^[[49m^[[39m^[[22m ^[[36mv4.1.11 ^[[39m^[[90m/home/runner/work/food-digester-platform/food-digester-platform^[[39m
deploy-test	Run pnpm verify	2026-10-06T10:32:52.6398263Z 
deploy-test	Run pnpm verify	2026-10-06T10:32:52.6398699Z  ^[[32m✓^[[39m apps/cloud-api/test/device-sync.test.ts ^[[2m(^[[22m^[[2m13 tests^[[22m^[[2m)^[[22m^[[33m 3664^[[2mms^[[22m^[[39m
deploy-test	Run pnpm verify	2026-10-06T10:32:52.6400171Z      ^[[33m^[[2m✓^[[22m^[[39m 六域齐备：Assignment/Alias/License+签名/Device Users+验证材料/Configuration/Operational Status ^[[33m 377^[[2mms^[[22m^[[39m
deploy-test	Run pnpm verify	2026-10-06T10:32:52.6401006Z  ^[[32m✓^[[39m apps/cloud-api/test/admin-command.test.ts ^[[2m(^[[22m^[[2m15 tests^[[22m^[[2m)^[[22m^[[33m 4049^[[2mms^[[22m^[[39m
deploy-test	Run pnpm verify	2026-10-06T10:32:52.6401673Z      ^[[33m^[[2m✓^[[22m^[[39m ACTIVE 设备：22 个命令全部创建成功并进入 AUTHORIZED ^[[33m 573^[[2mms^[[22m^[[39m
deploy-test	Run pnpm verify	2026-10-06T10:32:52.6402322Z  ^[[32m✓^[[39m apps/cloud-api/test/qa04-core-api.test.ts ^[[2m(^[[22m^[[2m3 tests^[[22m^[[2m)^[[22m^[[33m 7005^[[2mms^[[22m^[[39m
deploy-test	Run pnpm verify	2026-10-06T10:32:52.6403038Z    ^[[33m^[[2m✓^[[22m^[[39m QA04 five roles, two tenants: read scope, mutation and audit boundaries ^[[33m 3443^[[2mms^[[22m^[[39m
deploy-test	Run pnpm verify	2026-10-06T10:32:52.6403532Z    ^[[33m^[[2m✓^[[22m^[[39m QA04 concurrent If-Match writes have one winner and one success audit ^[[33m 1416^[[2mms^[[22m^[[39m
deploy-test	Run pnpm verify	2026-10-06T10:32:52.6404075Z    ^[[33m^[[2m✓^[[22m^[[39m QA04 audit failure rolls back lifecycle/outbox; retry and replay preserve exactly one audit ^[[33m 2145^[[2mms^[[22m^[[39m
deploy-test	Run pnpm verify	2026-10-06T10:32:52.6404641Z  ^[[32m✓^[[39m apps/cloud-api/test/admin-contract-device.test.ts ^[[2m(^[[22m^[[2m8 tests^[[22m^[[2m)^[[22m^[[33m 3354^[[2mms^[[22m^[[39m
deploy-test	Run pnpm verify	2026-10-06T10:32:52.6405195Z      ^[[33m^[[2m✓^[[22m^[[39m 批量关联全成：ACTIVE 关联 + 审计一次；Contract 设备视图含四轴/固件/Region/别名/租期 ^[[33m 324^[[2mms^[[22m^[[39m
deploy-test	Run pnpm verify	2026-10-06T10:32:52.6405931Z  ^[[32m✓^[[39m apps/cloud-api/test/admin-device-assignment.test.ts ^[[2m(^[[22m^[[2m9 tests^[[22m^[[2m)^[[22m^[[33m 3328^[[2mms^[[22m^[[39m
deploy-test	Run pnpm verify	2026-10-06T10:32:52.6406695Z  ^[[32m✓^[[39m apps/cloud-api/test/admin-audit.test.ts ^[[2m(^[[22m^[[2m7 tests^[[22m^[[2m)^[[22m^[[33m 3253^[[2mms^[[22m^[[39m
deploy-test	Run pnpm verify	2026-10-06T10:32:52.6407480Z  ^[[32m✓^[[39m apps/cloud-api/test/admin-alarm.test.ts ^[[2m(^[[22m^[[2m10 tests^[[22m^[[2m)^[[22m^[[33m 3556^[[2mms^[[22m^[[39m
deploy-test	Run pnpm verify	2026-10-06T10:32:52.6408252Z  ^[[32m✓^[[39m apps/cloud-api/test/admin-consumable-request.test.ts ^[[2m(^[[22m^[[2m8 tests^[[22m^[[2m)^[[22m^[[33m 3238^[[2mms^[[22m^[[39m
deploy-test	Run pnpm verify	2026-10-06T10:32:52.6409063Z  ^[[32m✓^[[39m apps/cloud-api/test/admin-license.test.ts ^[[2m(^[[22m^[[2m11 tests^[[22m^[[2m)^[[22m^[[33m 3280^[[2mms^[[22m^[[39m
deploy-test	Run pnpm verify	2026-10-06T10:32:52.6409877Z      ^[[33m^[[2m✓^[[22m^[[39m 完整链路：每步状态/签名/历史/审计/通知各一次 ^[[33m 592^[[2mms^[[22m^[[39m
deploy-test	Run pnpm verify	2026-10-06T10:32:52.6410535Z  ^[[32m✓^[[39m apps/cloud-api/test/admin-onboarding.test.ts ^[[2m(^[[22m^[[2m13 tests^[[22m^[[2m)^[[22m^[[33m 3235^[[2mms^[[22m^[[39m
deploy-test	Run pnpm verify	2026-10-06T10:32:52.6411270Z  ^[[32m✓^[[39m apps/cloud-api/test/admin-esg.test.ts ^[[2m(^[[22m^[[2m10 tests^[[22m^[[2m)^[[22m^[[33m 3373^[[2mms^[[22m^[[39m
deploy-test	Run pnpm verify	2026-10-06T10:32:52.6412038Z  ^[[32m✓^[[39m apps/cloud-api/test/admin-contract.test.ts ^[[2m(^[[22m^[[2m9 tests^[[22m^[[2m)^[[22m^[[33m 3568^[[2mms^[[22m^[[39m
deploy-test	Run pnpm verify	2026-10-06T10:32:52.6412734Z      ^[[33m^[[2m✓^[[22m^[[39m 创建→详情→编辑→激活→续约→终止；每步审计一次、version 递增 ^[[33m 421^[[2mms^[[22m^[[39m
deploy-test	Run pnpm verify	2026-10-06T10:32:52.6413436Z  ^[[32m✓^[[39m apps/cloud-api/test/admin-device-status.test.ts ^[[2m(^[[22m^[[2m8 tests^[[22m^[[2m)^[[22m^[[33m 3090^[[2mms^[[22m^[[39m
deploy-test	Run pnpm verify	2026-10-06T10:32:52.6414273Z  ^[[32m✓^[[39m apps/cloud-api/test/admin-device-retirement.test.ts ^[[2m(^[[22m^[[2m7 tests^[[22m^[[2m)^[[22m^[[33m 2980^[[2mms^[[22m^[[39m
deploy-test	Run pnpm verify	2026-10-06T10:32:52.6414698Z 
deploy-test	Run pnpm verify	2026-10-06T10:32:52.6414973Z ^[[2m Test Files ^[[22m ^[[1m^[[32m14 passed^[[39m^[[22m^[[90m (14)^[[39m
deploy-test	Run pnpm verify	2026-10-06T10:32:52.6415457Z ^[[2m      Tests ^[[22m ^[[1m^[[32m131 passed^[[39m^[[22m^[[90m (131)^[[39m
deploy-test	Run pnpm verify	2026-10-06T10:32:52.6415840Z ^[[2m   Start at ^[[22m 10:32:30
deploy-test	Run pnpm verify	2026-10-06T10:32:52.6416442Z ^[[2m   Duration ^[[22m 22.52s^[[2m (transform 2.07s, setup 256ms, import 12.86s, tests 50.97s, environment 1ms)^[[22m
deploy-test	Run pnpm verify	2026-10-06T10:32:52.6416799Z 
deploy-test	Run pnpm verify	2026-10-06T10:32:52.6417025Z JSON report written to /tmp/qa04-core-api-is9MmN/vitest.json
deploy-test	Run pnpm verify	2026-10-06T10:32:52.6418313Z ^[[90mstderr^[[2m | apps/cloud-api/test/qa04-core-api.test.ts^[[2m > ^[[22m^[[2mQA04 audit failure rolls back lifecycle/outbox; retry and replay preserve exactly one audit
deploy-test	Run pnpm verify	2026-10-06T10:32:52.6419275Z ^[[22m^[[39maudit FAILURE 记录写入失败 Error [PrismaClientKnownRequestError]: 
deploy-test	Run pnpm verify	2026-10-06T10:32:52.6419707Z Invalid `client.auditLog.create()` invocation in
deploy-test	Run pnpm verify	2026-10-06T10:32:52.6420297Z /home/runner/work/food-digester-platform/food-digester-platform/packages/database/src/audit.ts:72:25
deploy-test	Run pnpm verify	2026-10-06T10:32:52.6420863Z 
deploy-test	Run pnpm verify	2026-10-06T10:32:52.6421097Z   69 /** 写一条审计记录。可在事务内（tx）或根 client 上调用。 */
deploy-test	Run pnpm verify	2026-10-06T10:32:52.6421530Z   70 export async function recordAudit(client: DbClient, entry: AuditEntry): Promise<void> {
deploy-test	Run pnpm verify	2026-10-06T10:32:52.6421967Z   71   const ctx = getRequestContext();
deploy-test	Run pnpm verify	2026-10-06T10:32:52.6422299Z → 72   await client.auditLog.create(
deploy-test	Run pnpm verify	2026-10-06T10:32:52.6422661Z Database error. Code: `P0001`. Message: `QA04 audit unavailable`
deploy-test	Run pnpm verify	2026-10-06T10:32:52.6423517Z     at redactSensitive ^[[90m(/home/runner/work/food-digester-platform/food-digester-platform/^[[39mpackages/observability/src/redaction.ts:43:19^[[90m)^[[39m
deploy-test	Run pnpm verify	2026-10-06T10:32:52.6424136Z     at Array.map (<anonymous>)
deploy-test	Run pnpm verify	2026-10-06T10:32:52.6424876Z     at Object.error ^[[90m(/home/runner/work/food-digester-platform/food-digester-platform/^[[39mpackages/observability/src/redaction.ts:70:18^[[90m)^[[39m
deploy-test	Run pnpm verify	2026-10-06T10:32:52.6425877Z     at audited ^[[90m(/home/runner/work/food-digester-platform/food-digester-platform/^[[39mpackages/database/src/audit.ts:144:14^[[90m)^[[39m
deploy-test	Run pnpm verify	2026-10-06T10:32:52.6426715Z ^[[90m    at processTicksAndRejections (node:internal/process/task_queues:103:5)^[[39m
deploy-test	Run pnpm verify	2026-10-06T10:32:52.6427513Z     at ^[[90m/home/runner/work/food-digester-platform/food-digester-platform/^[[39mapps/cloud-api/src/admin/device-status/handler.ts:79:20
deploy-test	Run pnpm verify	2026-10-06T10:32:52.6428501Z     at ^[[90m/home/runner/work/food-digester-platform/food-digester-platform/^[[39mapps/cloud-api/src/admin/device-status/handler.ts:104:16
deploy-test	Run pnpm verify	2026-10-06T10:32:52.6429691Z     at Object.suspend ^[[90m(/home/runner/work/food-digester-platform/food-digester-platform/^[[39mapps/cloud-api/test/qa04-observe.ts:18:28^[[90m)^[[39m
deploy-test	Run pnpm verify	2026-10-06T10:32:52.6430924Z     at ^[[90m/home/runner/work/food-digester-platform/food-digester-platform/^[[39mapps/cloud-api/test/qa04-core-api.test.ts:193:20
deploy-test	Run pnpm verify	2026-10-06T10:32:52.6431970Z     at withFixture ^[[90m(/home/runner/work/food-digester-platform/food-digester-platform/^[[39mapps/cloud-api/test/qa04-core-api.test.ts:50:13^[[90m)^[[39m
deploy-test	Run pnpm verify	2026-10-06T10:32:52.6432493Z 
deploy-test	Run pnpm verify	2026-10-06T10:32:52.8594247Z 
deploy-test	Run pnpm verify	2026-10-06T10:32:52.8595407Z > food-digester-platform@0.0.0 test:admin-e2e-suite /home/runner/work/food-digester-platform/food-digester-platform
deploy-test	Run pnpm verify	2026-10-06T10:32:52.8596146Z > node scripts/run-admin-e2e.mjs /tmp/fdp-admin-e2e-gate.json
deploy-test	Run pnpm verify	2026-10-06T10:32:52.8596391Z 
deploy-test	Run pnpm verify	2026-10-06T10:32:53.2849494Z QA05 phase=serial executions=36 workers=1 timeoutMs=660000
deploy-test	Run pnpm verify	2026-10-06T10:35:13.0357447Z 
deploy-test	Run pnpm verify	2026-10-06T10:35:13.0357515Z 
deploy-test	Run pnpm verify	2026-10-06T10:35:13.0358077Z Running 36 tests using 1 worker
deploy-test	Run pnpm verify	2026-10-06T10:35:13.0358345Z 
deploy-test	Run pnpm verify	2026-10-06T10:35:13.0359004Z [1/36] e2e/admin-web.spec.ts:15:1 › H-01 API 拒绝停用会话后清除浏览器会话并返回登录
deploy-test	Run pnpm verify	2026-10-06T10:35:13.0359724Z [2/36] e2e/admin-web.spec.ts:42:1 › M-01 CustomerViewer 从菜单查询设备用户详情，全部写入口隐藏
deploy-test	Run pnpm verify	2026-10-06T10:35:13.0360273Z [3/36] e2e/admin-web.spec.ts:88:1 › 无 Token 安全回登录；五角色菜单和受限路由均由组合根守卫
deploy-test	Run pnpm verify	2026-10-06T10:35:13.0360787Z [4/36] e2e/admin-web.spec.ts:116:1 › 刷新失败清会话，API 403 保留会话并呈现无权
deploy-test	Run pnpm verify	2026-10-06T10:35:13.0361395Z [5/36] e2e/admin-web.spec.ts:138:1 › Customer scope 与 Dashboard 离线/无 entitlement 动作在真实浏览器失败关闭
deploy-test	Run pnpm verify	2026-10-06T10:35:13.0361836Z [6/36] e2e/admin-web.spec.ts:175:1 › Onboarding 审批双击只提交一次，展示录入来源和证书状态
deploy-test	Run pnpm verify	2026-10-06T10:35:13.0362219Z [7/36] e2e/admin-web.spec.ts:220:1 › Customer/Site CRUD 关键路径：创建、非法时区、关联停用提示与 409
deploy-test	Run pnpm verify	2026-10-06T10:35:13.0362583Z [8/36] e2e/admin-web.spec.ts:343:1 › 1440/768/375 响应式布局、横向表格和对话框键盘边界
deploy-test	Run pnpm verify	2026-10-06T10:35:13.0362942Z [9/36] e2e/admin-web.spec.ts:429:1 › FE-06 至 FE-10 六个生产路由可运行，并覆盖成功、空态、分页入口、时区与响应式
deploy-test	Run pnpm verify	2026-10-06T10:35:13.0363358Z [10/36] e2e/admin-web.spec.ts:471:1 › FE-06 至 FE-10 在 403/404、Customer scope、详情焦点与重复提交场景失败关闭
deploy-test	Run pnpm verify	2026-10-06T10:35:13.0364028Z [11/36] e2e/admin-web.spec.ts:547:1 › FE-11 至 FE-15 七个生产路由由真实控制器驱动，并覆盖媒体签发与审计详情
deploy-test	Run pnpm verify	2026-10-06T10:35:13.0364389Z [12/36] e2e/admin-web.spec.ts:611:1 › FE-11 至 FE-15 API 403 与路由角色边界在真实浏览器失败关闭
deploy-test	Run pnpm verify	2026-10-06T10:35:13.0364730Z [13/36] e2e/admin-web.spec.ts:628:1 › FE-17 新建权限与零设备第二阶段在真实浏览器失败关闭
deploy-test	Run pnpm verify	2026-10-06T10:35:13.0365100Z [14/36] e2e/admin-web.spec.ts:699:1 › FE-18 Chromium 覆盖 unknown/stale、联系人按需零预载与申请状态机
deploy-test	Run pnpm verify	2026-10-06T10:35:13.0365622Z [15/36] e2e/admin-web.spec.ts:803:1 › FE-16 Chromium 覆盖邀请、角色、Scope、重置与设置 409 回源
deploy-test	Run pnpm verify	2026-10-06T10:35:13.0365993Z [16/36] e2e/admin-web.spec.ts:927:1 › FE-17 Chromium 覆盖绑定、解绑、续约与终止并保留 License 边界
deploy-test	Run pnpm verify	2026-10-06T10:35:13.0366348Z [17/36] e2e/admin-web.spec.ts:1102:5 › FE-19 Chromium 22 个生产路由：zh-CN / 375px
deploy-test	Run pnpm verify	2026-10-06T10:35:13.0366694Z [18/36] e2e/admin-web.spec.ts:1102:5 › FE-19 Chromium 22 个生产路由：zh-CN / 768px
deploy-test	Run pnpm verify	2026-10-06T10:35:13.0367039Z [19/36] e2e/admin-web.spec.ts:1102:5 › FE-19 Chromium 22 个生产路由：zh-CN / 1440px
deploy-test	Run pnpm verify	2026-10-06T10:35:13.0367394Z [20/36] e2e/admin-web.spec.ts:1102:5 › FE-19 Chromium 22 个生产路由：en / 375px
deploy-test	Run pnpm verify	2026-10-06T10:35:13.0367725Z [21/36] e2e/admin-web.spec.ts:1102:5 › FE-19 Chromium 22 个生产路由：en / 768px
deploy-test	Run pnpm verify	2026-10-06T10:35:13.0368057Z [22/36] e2e/admin-web.spec.ts:1102:5 › FE-19 Chromium 22 个生产路由：en / 1440px
deploy-test	Run pnpm verify	2026-10-06T10:35:13.0368356Z [WebServer] [plugin builtin:vite-reporter] 
deploy-test	Run pnpm verify	2026-10-06T10:35:13.0368647Z [WebServer] (!) Some chunks are larger than 500 kB after minification. Consider:
deploy-test	Run pnpm verify	2026-10-06T10:35:13.0368973Z [WebServer] - Using dynamic import() to code-split the application
deploy-test	Run pnpm verify	2026-10-06T10:35:13.0369677Z [WebServer] - Use build.rolldownOptions.output.codeSplitting to improve chunking: https://rolldown.rs/reference/OutputOptions.codeSplitting
deploy-test	Run pnpm verify	2026-10-06T10:35:13.0370169Z [WebServer] - Adjust chunk size limit for this warning via build.chunkSizeWarningLimit.
deploy-test	Run pnpm verify	2026-10-06T10:35:13.0370525Z [23/36] e2e/admin-web.spec.ts:1123:1 › FE-19 语言选择在刷新后保持
deploy-test	Run pnpm verify	2026-10-06T10:35:13.0370870Z [24/36] e2e/admin-web.spec.ts:1135:1 › QA-09 设备管理长别名和序列号在375px完整换行且不裁切
deploy-test	Run pnpm verify	2026-10-06T10:35:13.0371268Z [25/36] e2e/qa05-workflows.spec.ts:33:3 › QA05 role route and button matrix PlatformSuperAdmin
deploy-test	Run pnpm verify	2026-10-06T10:35:13.0371716Z [26/36] e2e/qa05-workflows.spec.ts:33:3 › QA05 role route and button matrix PlatformOperator
deploy-test	Run pnpm verify	2026-10-06T10:35:13.0372117Z [27/36] e2e/qa05-workflows.spec.ts:33:3 › QA05 role route and button matrix Auditor
deploy-test	Run pnpm verify	2026-10-06T10:35:13.0372510Z [28/36] e2e/qa05-workflows.spec.ts:33:3 › QA05 role route and button matrix CustomerAdmin
deploy-test	Run pnpm verify	2026-10-06T10:35:13.0372920Z [29/36] e2e/qa05-workflows.spec.ts:33:3 › QA05 role route and button matrix CustomerViewer
deploy-test	Run pnpm verify	2026-10-06T10:35:13.0373379Z [30/36] e2e/qa05-workflows.spec.ts:80:1 › QA05 login SRP MFA error success logout without persisting password
deploy-test	Run pnpm verify	2026-10-06T10:35:13.0373860Z [31/36] e2e/qa05-workflows.spec.ts:146:1 › QA05 ESG cursor totals export snapshot timezone and empty state
deploy-test	Run pnpm verify	2026-10-06T10:35:13.0374357Z [32/36] e2e/qa05-workflows.spec.ts:216:1 › QA05 Command dangerous confirmation terminal result and publish failure
deploy-test	Run pnpm verify	2026-10-06T10:35:13.0374984Z [33/36] e2e/qa05-workflows.spec.ts:271:1 › QA05 Media expiry renew 403 and audit read-only zero writes
deploy-test	Run pnpm verify	2026-10-06T10:35:13.0375401Z [34/36] e2e/ui-redesign.spec.ts:12:3 › UI redesign: all business routes at 1366x768
deploy-test	Run pnpm verify	2026-10-06T10:35:13.0375780Z [35/36] e2e/ui-redesign.spec.ts:12:3 › UI redesign: all business routes at 1440x900
deploy-test	Run pnpm verify	2026-10-06T10:35:13.0376154Z [36/36] e2e/ui-redesign.spec.ts:12:3 › UI redesign: all business routes at 1920x1080
deploy-test	Run pnpm verify	2026-10-06T10:35:13.0376488Z   36 passed (2.3m)
deploy-test	Run pnpm verify	2026-10-06T10:35:13.0376658Z QA05 phase=serial durationMs=139750
deploy-test	Run pnpm verify	2026-10-06T10:35:13.0399593Z QA05 phase=parallel-repeat executions=72 workers=2 timeoutMs=660000
deploy-test	Run pnpm verify	2026-10-06T10:38:09.7249717Z [WebServer] [plugin builtin:vite-reporter] 
deploy-test	Run pnpm verify	2026-10-06T10:38:09.7249980Z 
deploy-test	Run pnpm verify	2026-10-06T10:38:09.7249991Z 
deploy-test	Run pnpm verify	2026-10-06T10:38:09.7250088Z Running 72 tests using 2 workers
deploy-test	Run pnpm verify	2026-10-06T10:38:09.7250195Z 
deploy-test	Run pnpm verify	2026-10-06T10:38:09.7250706Z [1/72] e2e/admin-web.spec.ts:15:1 › H-01 API 拒绝停用会话后清除浏览器会话并返回登录
deploy-test	Run pnpm verify	2026-10-06T10:38:09.7251163Z [2/72] e2e/admin-web.spec.ts:42:1 › M-01 CustomerViewer 从菜单查询设备用户详情，全部写入口隐藏
deploy-test	Run pnpm verify	2026-10-06T10:38:09.7251527Z [3/72] e2e/admin-web.spec.ts:88:1 › 无 Token 安全回登录；五角色菜单和受限路由均由组合根守卫
deploy-test	Run pnpm verify	2026-10-06T10:38:09.7251858Z [4/72] e2e/admin-web.spec.ts:116:1 › 刷新失败清会话，API 403 保留会话并呈现无权
deploy-test	Run pnpm verify	2026-10-06T10:38:09.7252260Z [5/72] e2e/admin-web.spec.ts:138:1 › Customer scope 与 Dashboard 离线/无 entitlement 动作在真实浏览器失败关闭
deploy-test	Run pnpm verify	2026-10-06T10:38:09.7252656Z [6/72] e2e/admin-web.spec.ts:175:1 › Onboarding 审批双击只提交一次，展示录入来源和证书状态
deploy-test	Run pnpm verify	2026-10-06T10:38:09.7253049Z [7/72] e2e/admin-web.spec.ts:220:1 › Customer/Site CRUD 关键路径：创建、非法时区、关联停用提示与 409
deploy-test	Run pnpm verify	2026-10-06T10:38:09.7253412Z [8/72] e2e/admin-web.spec.ts:343:1 › 1440/768/375 响应式布局、横向表格和对话框键盘边界
deploy-test	Run pnpm verify	2026-10-06T10:38:09.7253774Z [9/72] e2e/admin-web.spec.ts:429:1 › FE-06 至 FE-10 六个生产路由可运行，并覆盖成功、空态、分页入口、时区与响应式
deploy-test	Run pnpm verify	2026-10-06T10:38:09.7254187Z [10/72] e2e/admin-web.spec.ts:471:1 › FE-06 至 FE-10 在 403/404、Customer scope、详情焦点与重复提交场景失败关闭
deploy-test	Run pnpm verify	2026-10-06T10:38:09.7254599Z [11/72] e2e/admin-web.spec.ts:547:1 › FE-11 至 FE-15 七个生产路由由真实控制器驱动，并覆盖媒体签发与审计详情
deploy-test	Run pnpm verify	2026-10-06T10:38:09.7254972Z [12/72] e2e/admin-web.spec.ts:611:1 › FE-11 至 FE-15 API 403 与路由角色边界在真实浏览器失败关闭
deploy-test	Run pnpm verify	2026-10-06T10:38:09.7255498Z [13/72] e2e/admin-web.spec.ts:628:1 › FE-17 新建权限与零设备第二阶段在真实浏览器失败关闭
deploy-test	Run pnpm verify	2026-10-06T10:38:09.7255901Z [14/72] e2e/admin-web.spec.ts:699:1 › FE-18 Chromium 覆盖 unknown/stale、联系人按需零预载与申请状态机
deploy-test	Run pnpm verify	2026-10-06T10:38:09.7256455Z [15/72] e2e/admin-web.spec.ts:803:1 › FE-16 Chromium 覆盖邀请、角色、Scope、重置与设置 409 回源
deploy-test	Run pnpm verify	2026-10-06T10:38:09.7257068Z [WebServer] (!) Some chunks are larger than 500 kB after minification. Consider:
deploy-test	Run pnpm verify	2026-10-06T10:38:09.7257491Z [16/72] e2e/admin-web.spec.ts:927:1 › FE-17 Chromium 覆盖绑定、解绑、续约与终止并保留 License 边界
deploy-test	Run pnpm verify	2026-10-06T10:38:09.7257942Z [WebServer] - Using dynamic import() to code-split the application
deploy-test	Run pnpm verify	2026-10-06T10:38:09.7258718Z [WebServer] - Use build.rolldownOptions.output.codeSplitting to improve chunking: https://rolldown.rs/reference/OutputOptions.codeSplitting
deploy-test	Run pnpm verify	2026-10-06T10:38:09.7259806Z [WebServer] - Adjust chunk size limit for this warning via build.chunkSizeWarningLimit.
deploy-test	Run pnpm verify	2026-10-06T10:38:09.7260953Z [17/72] e2e/admin-web.spec.ts:1102:5 › FE-19 Chromium 22 个生产路由：zh-CN / 375px
deploy-test	Run pnpm verify	2026-10-06T10:38:09.7261507Z [18/72] e2e/admin-web.spec.ts:1102:5 › FE-19 Chromium 22 个生产路由：zh-CN / 768px
deploy-test	Run pnpm verify	2026-10-06T10:38:09.7262051Z [19/72] e2e/admin-web.spec.ts:1102:5 › FE-19 Chromium 22 个生产路由：zh-CN / 1440px
deploy-test	Run pnpm verify	2026-10-06T10:38:09.7262581Z [20/72] e2e/admin-web.spec.ts:1102:5 › FE-19 Chromium 22 个生产路由：en / 375px
deploy-test	Run pnpm verify	2026-10-06T10:38:09.7262949Z [21/72] e2e/admin-web.spec.ts:1102:5 › FE-19 Chromium 22 个生产路由：en / 768px
deploy-test	Run pnpm verify	2026-10-06T10:38:09.7263280Z [22/72] e2e/admin-web.spec.ts:1102:5 › FE-19 Chromium 22 个生产路由：en / 1440px
deploy-test	Run pnpm verify	2026-10-06T10:38:09.7263600Z [23/72] e2e/admin-web.spec.ts:1123:1 › FE-19 语言选择在刷新后保持
deploy-test	Run pnpm verify	2026-10-06T10:38:09.7263941Z [24/72] e2e/admin-web.spec.ts:1135:1 › QA-09 设备管理长别名和序列号在375px完整换行且不裁切
deploy-test	Run pnpm verify	2026-10-06T10:38:09.7264353Z [25/72] e2e/qa05-workflows.spec.ts:33:3 › QA05 role route and button matrix PlatformSuperAdmin
deploy-test	Run pnpm verify	2026-10-06T10:38:09.7264786Z [26/72] e2e/qa05-workflows.spec.ts:33:3 › QA05 role route and button matrix PlatformOperator
deploy-test	Run pnpm verify	2026-10-06T10:38:09.7265178Z [27/72] e2e/qa05-workflows.spec.ts:33:3 › QA05 role route and button matrix Auditor
deploy-test	Run pnpm verify	2026-10-06T10:38:09.7265564Z [28/72] e2e/qa05-workflows.spec.ts:33:3 › QA05 role route and button matrix CustomerAdmin
deploy-test	Run pnpm verify	2026-10-06T10:38:09.7265960Z [29/72] e2e/qa05-workflows.spec.ts:33:3 › QA05 role route and button matrix CustomerViewer
deploy-test	Run pnpm verify	2026-10-06T10:38:09.7266409Z [30/72] e2e/qa05-workflows.spec.ts:80:1 › QA05 login SRP MFA error success logout without persisting password
deploy-test	Run pnpm verify	2026-10-06T10:38:09.7267055Z [31/72] e2e/qa05-workflows.spec.ts:146:1 › QA05 ESG cursor totals export snapshot timezone and empty state
deploy-test	Run pnpm verify	2026-10-06T10:38:09.7267548Z [32/72] e2e/qa05-workflows.spec.ts:216:1 › QA05 Command dangerous confirmation terminal result and publish failure
deploy-test	Run pnpm verify	2026-10-06T10:38:09.7268021Z [33/72] e2e/qa05-workflows.spec.ts:271:1 › QA05 Media expiry renew 403 and audit read-only zero writes
deploy-test	Run pnpm verify	2026-10-06T10:38:09.7268432Z [34/72] e2e/ui-redesign.spec.ts:12:3 › UI redesign: all business routes at 1366x768
deploy-test	Run pnpm verify	2026-10-06T10:38:09.7268806Z [35/72] e2e/ui-redesign.spec.ts:12:3 › UI redesign: all business routes at 1440x900
deploy-test	Run pnpm verify	2026-10-06T10:38:09.7269455Z [36/72] e2e/ui-redesign.spec.ts:12:3 › UI redesign: all business routes at 1920x1080
deploy-test	Run pnpm verify	2026-10-06T10:38:09.7269853Z [37/72] e2e/admin-web.spec.ts:15:1 › H-01 API 拒绝停用会话后清除浏览器会话并返回登录
deploy-test	Run pnpm verify	2026-10-06T10:38:09.7270217Z [38/72] e2e/admin-web.spec.ts:42:1 › M-01 CustomerViewer 从菜单查询设备用户详情，全部写入口隐藏
deploy-test	Run pnpm verify	2026-10-06T10:38:09.7270577Z [39/72] e2e/admin-web.spec.ts:88:1 › 无 Token 安全回登录；五角色菜单和受限路由均由组合根守卫
deploy-test	Run pnpm verify	2026-10-06T10:38:09.7270891Z [40/72] e2e/admin-web.spec.ts:116:1 › 刷新失败清会话，API 403 保留会话并呈现无权
deploy-test	Run pnpm verify	2026-10-06T10:38:09.7271283Z [41/72] e2e/admin-web.spec.ts:138:1 › Customer scope 与 Dashboard 离线/无 entitlement 动作在真实浏览器失败关闭
deploy-test	Run pnpm verify	2026-10-06T10:38:09.7271667Z [42/72] e2e/admin-web.spec.ts:175:1 › Onboarding 审批双击只提交一次，展示录入来源和证书状态
deploy-test	Run pnpm verify	2026-10-06T10:38:09.7272049Z [43/72] e2e/admin-web.spec.ts:220:1 › Customer/Site CRUD 关键路径：创建、非法时区、关联停用提示与 409
deploy-test	Run pnpm verify	2026-10-06T10:38:09.7272461Z [44/72] e2e/admin-web.spec.ts:343:1 › 1440/768/375 响应式布局、横向表格和对话框键盘边界
deploy-test	Run pnpm verify	2026-10-06T10:38:09.7272842Z [45/72] e2e/admin-web.spec.ts:429:1 › FE-06 至 FE-10 六个生产路由可运行，并覆盖成功、空态、分页入口、时区与响应式
deploy-test	Run pnpm verify	2026-10-06T10:38:09.7273241Z [46/72] e2e/admin-web.spec.ts:471:1 › FE-06 至 FE-10 在 403/404、Customer scope、详情焦点与重复提交场景失败关闭
deploy-test	Run pnpm verify	2026-10-06T10:38:09.7273629Z [47/72] e2e/admin-web.spec.ts:547:1 › FE-11 至 FE-15 七个生产路由由真实控制器驱动，并覆盖媒体签发与审计详情
deploy-test	Run pnpm verify	2026-10-06T10:38:09.7273978Z [48/72] e2e/admin-web.spec.ts:611:1 › FE-11 至 FE-15 API 403 与路由角色边界在真实浏览器失败关闭
deploy-test	Run pnpm verify	2026-10-06T10:38:09.7274325Z [49/72] e2e/admin-web.spec.ts:628:1 › FE-17 新建权限与零设备第二阶段在真实浏览器失败关闭
deploy-test	Run pnpm verify	2026-10-06T10:38:09.7274686Z [50/72] e2e/admin-web.spec.ts:699:1 › FE-18 Chromium 覆盖 unknown/stale、联系人按需零预载与申请状态机
deploy-test	Run pnpm verify	2026-10-06T10:38:09.7275056Z [51/72] e2e/admin-web.spec.ts:803:1 › FE-16 Chromium 覆盖邀请、角色、Scope、重置与设置 409 回源
deploy-test	Run pnpm verify	2026-10-06T10:38:09.7275418Z [52/72] e2e/admin-web.spec.ts:927:1 › FE-17 Chromium 覆盖绑定、解绑、续约与终止并保留 License 边界
deploy-test	Run pnpm verify	2026-10-06T10:38:09.7275964Z [53/72] e2e/admin-web.spec.ts:1102:5 › FE-19 Chromium 22 个生产路由：zh-CN / 375px
deploy-test	Run pnpm verify	2026-10-06T10:38:09.7276307Z [54/72] e2e/admin-web.spec.ts:1102:5 › FE-19 Chromium 22 个生产路由：zh-CN / 768px
deploy-test	Run pnpm verify	2026-10-06T10:38:09.7276648Z [55/72] e2e/admin-web.spec.ts:1102:5 › FE-19 Chromium 22 个生产路由：zh-CN / 1440px
deploy-test	Run pnpm verify	2026-10-06T10:38:09.7276983Z [56/72] e2e/admin-web.spec.ts:1102:5 › FE-19 Chromium 22 个生产路由：en / 375px
deploy-test	Run pnpm verify	2026-10-06T10:38:09.7277312Z [57/72] e2e/admin-web.spec.ts:1102:5 › FE-19 Chromium 22 个生产路由：en / 768px
deploy-test	Run pnpm verify	2026-10-06T10:38:09.7277748Z [58/72] e2e/admin-web.spec.ts:1102:5 › FE-19 Chromium 22 个生产路由：en / 1440px
deploy-test	Run pnpm verify	2026-10-06T10:38:09.7278048Z [59/72] e2e/admin-web.spec.ts:1123:1 › FE-19 语言选择在刷新后保持
deploy-test	Run pnpm verify	2026-10-06T10:38:09.7278363Z [60/72] e2e/admin-web.spec.ts:1135:1 › QA-09 设备管理长别名和序列号在375px完整换行且不裁切
deploy-test	Run pnpm verify	2026-10-06T10:38:09.7278741Z [61/72] e2e/qa05-workflows.spec.ts:33:3 › QA05 role route and button matrix PlatformSuperAdmin
deploy-test	Run pnpm verify	2026-10-06T10:38:09.7279303Z [62/72] e2e/qa05-workflows.spec.ts:33:3 › QA05 role route and button matrix PlatformOperator
deploy-test	Run pnpm verify	2026-10-06T10:38:09.7279699Z [63/72] e2e/qa05-workflows.spec.ts:33:3 › QA05 role route and button matrix Auditor
deploy-test	Run pnpm verify	2026-10-06T10:38:09.7280086Z [64/72] e2e/qa05-workflows.spec.ts:33:3 › QA05 role route and button matrix CustomerAdmin
deploy-test	Run pnpm verify	2026-10-06T10:38:09.7280485Z [65/72] e2e/qa05-workflows.spec.ts:33:3 › QA05 role route and button matrix CustomerViewer
deploy-test	Run pnpm verify	2026-10-06T10:38:09.7280931Z [66/72] e2e/qa05-workflows.spec.ts:80:1 › QA05 login SRP MFA error success logout without persisting password
deploy-test	Run pnpm verify	2026-10-06T10:38:09.7281431Z [67/72] e2e/qa05-workflows.spec.ts:146:1 › QA05 ESG cursor totals export snapshot timezone and empty state
deploy-test	Run pnpm verify	2026-10-06T10:38:09.7281931Z [68/72] e2e/qa05-workflows.spec.ts:216:1 › QA05 Command dangerous confirmation terminal result and publish failure
deploy-test	Run pnpm verify	2026-10-06T10:38:09.7282417Z [69/72] e2e/qa05-workflows.spec.ts:271:1 › QA05 Media expiry renew 403 and audit read-only zero writes
deploy-test	Run pnpm verify	2026-10-06T10:38:09.7282835Z [70/72] e2e/ui-redesign.spec.ts:12:3 › UI redesign: all business routes at 1366x768
deploy-test	Run pnpm verify	2026-10-06T10:38:09.7283232Z [71/72] e2e/ui-redesign.spec.ts:12:3 › UI redesign: all business routes at 1440x900
deploy-test	Run pnpm verify	2026-10-06T10:38:09.7283622Z [72/72] e2e/ui-redesign.spec.ts:12:3 › UI redesign: all business routes at 1920x1080
deploy-test	Run pnpm verify	2026-10-06T10:38:09.7283865Z   72 passed (2.9m)
deploy-test	Run pnpm verify	2026-10-06T10:38:09.7284061Z QA05 phase=parallel-repeat durationMs=176685
deploy-test	Run pnpm verify	2026-10-06T10:38:09.9375439Z 
deploy-test	Run pnpm verify	2026-10-06T10:38:09.9376416Z > food-digester-platform@0.0.0 test:security-suite /home/runner/work/food-digester-platform/food-digester-platform
deploy-test	Run pnpm verify	2026-10-06T10:38:09.9377061Z > node --import tsx scripts/run-security-suite.mjs /tmp/fdp-security-gate.json
deploy-test	Run pnpm verify	2026-10-06T10:38:09.9377250Z 
deploy-test	Run pnpm verify	2026-10-06T10:38:32.6979877Z 
deploy-test	Run pnpm verify	2026-10-06T10:38:32.6980915Z ^[[1m^[[30m^[[46m RUN ^[[49m^[[39m^[[22m ^[[36mv4.1.11 ^[[39m^[[90m/home/runner/work/food-digester-platform/food-digester-platform^[[39m
deploy-test	Run pnpm verify	2026-10-06T10:38:32.6981216Z 
deploy-test	Run pnpm verify	2026-10-06T10:38:32.6981531Z  ^[[32m✓^[[39m apps/cloud-api/test/admin-command.test.ts ^[[2m(^[[22m^[[2m15 tests^[[22m^[[2m)^[[22m^[[33m 4291^[[2mms^[[22m^[[39m
deploy-test	Run pnpm verify	2026-10-06T10:38:32.6982378Z      ^[[33m^[[2m✓^[[22m^[[39m ACTIVE 设备：22 个命令全部创建成功并进入 AUTHORIZED ^[[33m 650^[[2mms^[[22m^[[39m
deploy-test	Run pnpm verify	2026-10-06T10:38:32.6982824Z  ^[[32m✓^[[39m apps/cloud-api/test/certificate-rotate.test.ts ^[[2m(^[[22m^[[2m8 tests^[[22m^[[2m)^[[22m^[[33m 5293^[[2mms^[[22m^[[39m
deploy-test	Run pnpm verify	2026-10-06T10:38:32.6983282Z      ^[[33m^[[2m✓^[[22m^[[39m 缺失 CSR 不签发；AWS attach 失败保留可重试停用记录并保留旧证 ^[[33m 574^[[2mms^[[22m^[[39m
deploy-test	Run pnpm verify	2026-10-06T10:38:32.6983656Z      ^[[33m^[[2m✓^[[22m^[[39m 旧证书错误/跨设备拒绝：缺字段 400；与身份不符 403（含他设备证书） ^[[33m 355^[[2mms^[[22m^[[39m
deploy-test	Run pnpm verify	2026-10-06T10:38:32.6984222Z  ^[[32m✓^[[39m apps/cloud-api/test/qa06-security.test.ts ^[[2m(^[[22m^[[2m4 tests^[[22m^[[2m)^[[22m^[[33m 6878^[[2mms^[[22m^[[39m
deploy-test	Run pnpm verify	2026-10-06T10:38:32.6984771Z    ^[[33m^[[2m✓^[[22m^[[39m QA06 signed tenant scope and SQL JSON injection cannot cross boundaries or corrupt business state ^[[33m 3486^[[2mms^[[22m^[[39m
deploy-test	Run pnpm verify	2026-10-06T10:38:32.6985334Z    ^[[33m^[[2m✓^[[22m^[[39m QA06 malicious media filenames and metadata reject before signing or persistence ^[[33m 1390^[[2mms^[[22m^[[39m
deploy-test	Run pnpm verify	2026-10-06T10:38:32.6985868Z    ^[[33m^[[2m✓^[[22m^[[39m QA06 raw canaries are absent from actual logger trace audit and snapshot artifacts ^[[33m 1829^[[2mms^[[22m^[[39m
deploy-test	Run pnpm verify	2026-10-06T10:38:32.6986364Z  ^[[32m✓^[[39m apps/cloud-api/test/ota-dispatch.test.ts ^[[2m(^[[22m^[[2m16 tests^[[22m^[[2m)^[[22m^[[33m 4199^[[2mms^[[22m^[[39m
deploy-test	Run pnpm verify	2026-10-06T10:38:32.6986912Z      ^[[33m^[[2m✓^[[22m^[[39m 成功下发：OTA Topic + CT-03 载荷（schema 校验）+ 15 分钟 URL + NOTIFIED + 历史 + OTA_AVAILABLE + PUBLICATION 归档 ^[[33m 476^[[2mms^[[22m^[[39m
deploy-test	Run pnpm verify	2026-10-06T10:38:32.6987410Z  ^[[32m✓^[[39m apps/cloud-api/test/admin-user.test.ts ^[[2m(^[[22m^[[2m31 tests^[[22m^[[2m)^[[22m^[[33m 4545^[[2mms^[[22m^[[39m
deploy-test	Run pnpm verify	2026-10-06T10:38:32.6987843Z      ^[[33m^[[2m✓^[[22m^[[39m PlatformSuperAdmin 停用后旧 id Token 不再进入读写路由 ^[[33m 519^[[2mms^[[22m^[[39m
deploy-test	Run pnpm verify	2026-10-06T10:38:32.6988251Z  ^[[32m✓^[[39m apps/cloud-api/test/media.test.ts ^[[2m(^[[22m^[[2m12 tests^[[22m^[[2m)^[[22m^[[33m 3343^[[2mms^[[22m^[[39m
deploy-test	Run pnpm verify	2026-10-06T10:38:32.6988696Z  ^[[32m✓^[[39m apps/cloud-api/test/admin-audit.test.ts ^[[2m(^[[22m^[[2m7 tests^[[22m^[[2m)^[[22m^[[33m 2650^[[2mms^[[22m^[[39m
deploy-test	Run pnpm verify	2026-10-06T10:38:32.6989295Z  ^[[32m✓^[[39m apps/cloud-api/test/csr-onboarding.test.ts ^[[2m(^[[22m^[[2m1 test^[[22m^[[2m)^[[22m^[[33m 3421^[[2mms^[[22m^[[39m
deploy-test	Run pnpm verify	2026-10-06T10:38:32.6989700Z      ^[[33m^[[2m✓^[[22m^[[39m 匿名申请、相同公钥幂等、换钥冲突；签名轮询拒绝重放 ^[[33m 371^[[2mms^[[22m^[[39m
deploy-test	Run pnpm verify	2026-10-06T10:38:32.6990097Z  ^[[32m✓^[[39m apps/cloud-api/test/admin-device-user.test.ts ^[[2m(^[[22m^[[2m8 tests^[[22m^[[2m)^[[22m^[[33m 4378^[[2mms^[[22m^[[39m
deploy-test	Run pnpm verify	2026-10-06T10:38:32.6990488Z      ^[[33m^[[2m✓^[[22m^[[39m 仅匹配具有目标设备 ACTIVE 分配的设备操作员 ^[[33m 603^[[2mms^[[22m^[[39m
deploy-test	Run pnpm verify	2026-10-06T10:38:32.6990889Z  ^[[32m✓^[[39m packages/auth/test/secure-package.test.ts ^[[2m(^[[22m^[[2m14 tests^[[22m^[[2m)^[[22m^[[33m 3283^[[2mms^[[22m^[[39m
deploy-test	Run pnpm verify	2026-10-06T10:38:32.6991341Z  ^[[32m✓^[[39m packages/database/test/db03.test.ts ^[[2m(^[[22m^[[2m10 tests^[[22m^[[2m)^[[22m^[[33m 3186^[[2mms^[[22m^[[39m
deploy-test	Run pnpm verify	2026-10-06T10:38:32.6991783Z  ^[[32m✓^[[39m packages/auth/test/device-mtls.test.ts ^[[2m(^[[22m^[[2m11 tests^[[22m^[[2m)^[[22m^[[33m 3033^[[2mms^[[22m^[[39m
deploy-test	Run pnpm verify	2026-10-06T10:38:32.6992215Z  ^[[32m✓^[[39m packages/auth/test/cognito.test.ts ^[[2m(^[[22m^[[2m14 tests^[[22m^[[2m)^[[22m^[[32m 205^[[2mms^[[22m^[[39m
deploy-test	Run pnpm verify	2026-10-06T10:38:32.6992670Z  ^[[32m✓^[[39m apps/cloud-api/test/admin-settings.test.ts ^[[2m(^[[22m^[[2m10 tests^[[22m^[[2m)^[[22m^[[33m 2783^[[2mms^[[22m^[[39m
deploy-test	Run pnpm verify	2026-10-06T10:38:32.6993168Z  ^[[32m✓^[[39m apps/cloud-api/test/admin-lambda-composition.test.ts ^[[2m(^[[22m^[[2m12 tests^[[22m^[[2m)^[[22m^[[33m 559^[[2mms^[[22m^[[39m
deploy-test	Run pnpm verify	2026-10-06T10:38:32.6993662Z  ^[[32m✓^[[39m packages/observability/test/redaction.test.ts ^[[2m(^[[22m^[[2m8 tests^[[22m^[[2m)^[[22m^[[32m 6^[[2mms^[[22m^[[39m
deploy-test	Run pnpm verify	2026-10-06T10:38:32.6994168Z  ^[[32m✓^[[39m apps/cloud-api/test/device-lambda-composition.test.ts ^[[2m(^[[22m^[[2m13 tests^[[22m^[[2m)^[[22m^[[32m 16^[[2mms^[[22m^[[39m
deploy-test	Run pnpm verify	2026-10-06T10:38:32.6994659Z  ^[[32m✓^[[39m packages/auth/test/qa06-jwt-security.test.ts ^[[2m(^[[22m^[[2m1 test^[[22m^[[2m)^[[22m^[[32m 95^[[2mms^[[22m^[[39m
deploy-test	Run pnpm verify	2026-10-06T10:38:32.6995141Z  ^[[32m✓^[[39m packages/aws-clients/test/iot-device-policy.test.ts ^[[2m(^[[22m^[[2m12 tests^[[22m^[[2m)^[[22m^[[32m 5^[[2mms^[[22m^[[39m
deploy-test	Run pnpm verify	2026-10-06T10:38:32.6995597Z  ^[[32m✓^[[39m packages/auth/test/guard.test.ts ^[[2m(^[[22m^[[2m10 tests^[[22m^[[2m)^[[22m^[[32m 5^[[2mms^[[22m^[[39m
deploy-test	Run pnpm verify	2026-10-06T10:38:32.6995911Z 
deploy-test	Run pnpm verify	2026-10-06T10:38:32.6996082Z ^[[2m Test Files ^[[22m ^[[1m^[[32m20 passed^[[39m^[[22m^[[90m (20)^[[39m
deploy-test	Run pnpm verify	2026-10-06T10:38:32.6996381Z ^[[2m      Tests ^[[22m ^[[1m^[[32m217 passed^[[39m^[[22m^[[90m (217)^[[39m
deploy-test	Run pnpm verify	2026-10-06T10:38:32.6996622Z ^[[2m   Start at ^[[22m 10:38:10
deploy-test	Run pnpm verify	2026-10-06T10:38:32.6997001Z ^[[2m   Duration ^[[22m 22.43s^[[2m (transform 2.36s, setup 133ms, import 11.41s, tests 52.18s, environment 2ms)^[[22m
deploy-test	Run pnpm verify	2026-10-06T10:38:32.6997312Z 
deploy-test	Run pnpm verify	2026-10-06T10:38:32.6997446Z JSON report written to /tmp/qa06-security-lO1fbJ/vitest.json
deploy-test	Run pnpm verify	2026-10-06T10:38:32.9156727Z 
deploy-test	Run pnpm verify	2026-10-06T10:38:32.9157855Z > food-digester-platform@0.0.0 test:reliability-suite /home/runner/work/food-digester-platform/food-digester-platform
deploy-test	Run pnpm verify	2026-10-06T10:38:32.9159059Z > node --import tsx scripts/run-reliability-suite.mjs /tmp/fdp-reliability-gate.json
deploy-test	Run pnpm verify	2026-10-06T10:38:32.9159572Z 
deploy-test	Run pnpm verify	2026-10-06T10:39:09.9146705Z JSON report written to /tmp/qa07-reliability-QlG21h/vitest.json
deploy-test	Run pnpm verify	2026-10-06T10:39:10.1227666Z 
deploy-test	Run pnpm verify	2026-10-06T10:39:10.1228754Z > food-digester-platform@0.0.0 test:prototype-regression /home/runner/work/food-digester-platform/food-digester-platform
deploy-test	Run pnpm verify	2026-10-06T10:39:10.1229713Z > node scripts/run-prototype-regression.mjs /tmp/fdp-prototype-regression-gate.json
deploy-test	Run pnpm verify	2026-10-06T10:39:10.1230060Z 
deploy-test	Run pnpm verify	2026-10-06T10:41:31.7280033Z 
deploy-test	Run pnpm verify	2026-10-06T10:41:31.7280095Z 
deploy-test	Run pnpm verify	2026-10-06T10:41:31.7280528Z Running 24 tests using 1 worker
deploy-test	Run pnpm verify	2026-10-06T10:41:31.7280760Z 
deploy-test	Run pnpm verify	2026-10-06T10:41:31.7281343Z [1/24] e2e/qa08-prototype.spec.ts:461:5 › QA08 dashboard 375
deploy-test	Run pnpm verify	2026-10-06T10:41:31.7281674Z [2/24] e2e/qa08-prototype.spec.ts:461:5 › QA08 device-view 375
deploy-test	Run pnpm verify	2026-10-06T10:41:31.7282155Z [3/24] e2e/qa08-prototype.spec.ts:461:5 › QA08 device-operate 375
deploy-test	Run pnpm verify	2026-10-06T10:41:31.7282596Z [4/24] e2e/qa08-prototype.spec.ts:461:5 › QA08 device-group 375
deploy-test	Run pnpm verify	2026-10-06T10:41:31.7283035Z [5/24] e2e/qa08-prototype.spec.ts:461:5 › QA08 device-manage 375
deploy-test	Run pnpm verify	2026-10-06T10:41:31.7283547Z [6/24] e2e/qa08-prototype.spec.ts:461:5 › QA08 device-consumable 375
deploy-test	Run pnpm verify	2026-10-06T10:41:31.7284054Z [7/24] e2e/qa08-prototype.spec.ts:461:5 › QA08 contract-modify 375
deploy-test	Run pnpm verify	2026-10-06T10:41:31.7284501Z [8/24] e2e/qa08-prototype.spec.ts:461:5 › QA08 contract-new 375
deploy-test	Run pnpm verify	2026-10-06T10:41:31.7284949Z [9/24] e2e/qa08-prototype.spec.ts:461:5 › QA08 contract-detail 375
deploy-test	Run pnpm verify	2026-10-06T10:41:31.7285408Z [10/24] e2e/qa08-prototype.spec.ts:461:5 › QA08 esg-overview 375
deploy-test	Run pnpm verify	2026-10-06T10:41:31.7285846Z [11/24] e2e/qa08-prototype.spec.ts:461:5 › QA08 esg-device 375
deploy-test	Run pnpm verify	2026-10-06T10:41:31.7286279Z [12/24] e2e/qa08-prototype.spec.ts:461:5 › QA08 settings 375
deploy-test	Run pnpm verify	2026-10-06T10:41:31.7286709Z [13/24] e2e/qa08-prototype.spec.ts:461:5 › QA08 dashboard 1440
deploy-test	Run pnpm verify	2026-10-06T10:41:31.7287177Z [14/24] e2e/qa08-prototype.spec.ts:461:5 › QA08 device-view 1440
deploy-test	Run pnpm verify	2026-10-06T10:41:31.7287659Z [15/24] e2e/qa08-prototype.spec.ts:461:5 › QA08 device-operate 1440
deploy-test	Run pnpm verify	2026-10-06T10:41:31.7288140Z [16/24] e2e/qa08-prototype.spec.ts:461:5 › QA08 device-group 1440
deploy-test	Run pnpm verify	2026-10-06T10:41:31.7288623Z [17/24] e2e/qa08-prototype.spec.ts:461:5 › QA08 device-manage 1440
deploy-test	Run pnpm verify	2026-10-06T10:41:31.7289312Z [18/24] e2e/qa08-prototype.spec.ts:461:5 › QA08 device-consumable 1440
deploy-test	Run pnpm verify	2026-10-06T10:41:31.7289822Z [19/24] e2e/qa08-prototype.spec.ts:461:5 › QA08 contract-modify 1440
deploy-test	Run pnpm verify	2026-10-06T10:41:31.7290298Z [20/24] e2e/qa08-prototype.spec.ts:461:5 › QA08 contract-new 1440
deploy-test	Run pnpm verify	2026-10-06T10:41:31.7290781Z [21/24] e2e/qa08-prototype.spec.ts:461:5 › QA08 contract-detail 1440
deploy-test	Run pnpm verify	2026-10-06T10:41:31.7291268Z [22/24] e2e/qa08-prototype.spec.ts:461:5 › QA08 esg-overview 1440
deploy-test	Run pnpm verify	2026-10-06T10:41:31.7291759Z [23/24] e2e/qa08-prototype.spec.ts:461:5 › QA08 esg-device 1440
deploy-test	Run pnpm verify	2026-10-06T10:41:31.7292227Z [24/24] e2e/qa08-prototype.spec.ts:461:5 › QA08 settings 1440
deploy-test	Run pnpm verify	2026-10-06T10:41:31.7292537Z   24 passed (2.4m)
deploy-test	Run pnpm verify	2026-10-06T10:41:31.7292838Z [WebServer] [plugin builtin:vite-reporter] 
deploy-test	Run pnpm verify	2026-10-06T10:41:31.7293286Z [WebServer] (!) Some chunks are larger than 500 kB after minification. Consider:
deploy-test	Run pnpm verify	2026-10-06T10:41:31.7293786Z [WebServer] - Using dynamic import() to code-split the application
deploy-test	Run pnpm verify	2026-10-06T10:41:31.7294932Z [WebServer] - Use build.rolldownOptions.output.codeSplitting to improve chunking: https://rolldown.rs/reference/OutputOptions.codeSplitting
deploy-test	Run pnpm verify	2026-10-06T10:41:31.7295723Z [WebServer] - Adjust chunk size limit for this warning via build.chunkSizeWarningLimit.
deploy-test	Run aws-actions/configure-aws-credentials@v6.3.0	﻿2026-10-06T10:41:31.7715250Z ##[group]Run aws-actions/configure-aws-credentials@v6.3.0
deploy-test	Run aws-actions/configure-aws-credentials@v6.3.0	2026-10-06T10:41:31.7715464Z with:
deploy-test	Run aws-actions/configure-aws-credentials@v6.3.0	2026-10-06T10:41:31.7715642Z   role-to-assume: arn:aws:iam::065986019555:role/fdp-test-github-deploy-role
deploy-test	Run aws-actions/configure-aws-credentials@v6.3.0	2026-10-06T10:41:31.7716003Z   aws-region: ap-southeast-1
deploy-test	Run aws-actions/configure-aws-credentials@v6.3.0	2026-10-06T10:41:31.7716156Z   allowed-account-ids: 065986019555
deploy-test	Run aws-actions/configure-aws-credentials@v6.3.0	2026-10-06T10:41:31.7716318Z   role-session-name: fdp-test-37449521198
deploy-test	Run aws-actions/configure-aws-credentials@v6.3.0	2026-10-06T10:41:31.7716484Z   audience: sts.amazonaws.com
deploy-test	Run aws-actions/configure-aws-credentials@v6.3.0	2026-10-06T10:41:31.7716623Z env:
deploy-test	Run aws-actions/configure-aws-credentials@v6.3.0	2026-10-06T10:41:31.7716884Z   FDP_DEVICE_API_CERTIFICATE_ARN: arn:aws:acm:ap-southeast-1:065986019555:certificate/db3daf4f-de27-4cb3-8813-5f1f068478e0
deploy-test	Run aws-actions/configure-aws-credentials@v6.3.0	2026-10-06T10:41:31.7717307Z   FDP_PUBLIC_API_CERTIFICATE_ARN: arn:aws:acm:ap-southeast-1:065986019555:certificate/2777e55f-df6e-4e7d-8ce8-22cd3cf2babb
deploy-test	Run aws-actions/configure-aws-credentials@v6.3.0	2026-10-06T10:41:31.7717642Z   FDP_TRUSTSTORE_BUCKET_NAME: fdp-test-mtls-truststore-065986019555
deploy-test	Run aws-actions/configure-aws-credentials@v6.3.0	2026-10-06T10:41:31.7717882Z   FDP_TRUSTSTORE_VERSION: FtN.3H5AydTqt6cgxf0wzeOcNQHFxCOx
deploy-test	Run aws-actions/configure-aws-credentials@v6.3.0	2026-10-06T10:41:31.7718073Z   FDP_QA09_ROLLOUT_PHASE: immediate
deploy-test	Run aws-actions/configure-aws-credentials@v6.3.0	2026-10-06T10:41:31.7718268Z   PNPM_HOME: /home/runner/setup-pnpm/node_modules/.bin
deploy-test	Run aws-actions/configure-aws-credentials@v6.3.0	2026-10-06T10:41:31.7718440Z ##[endgroup]
deploy-test	Run aws-actions/configure-aws-credentials@v6.3.0	2026-10-06T10:41:32.0854344Z Assuming role with OIDC
deploy-test	Run aws-actions/configure-aws-credentials@v6.3.0	2026-10-06T10:41:32.7027026Z Authenticated as assumedRoleId AROAQ6XISYDRWVV2XWJZA:fdp-test-37449521198
deploy-test	Verify target account and exact commit	﻿2026-10-06T10:41:33.2836855Z ##[group]Run test "$(aws sts get-caller-identity --query Account --output text)" = '065986019555'
deploy-test	Verify target account and exact commit	2026-10-06T10:41:33.2837255Z ^[[36;1mtest "$(aws sts get-caller-identity --query Account --output text)" = '065986019555'^[[0m
deploy-test	Verify target account and exact commit	2026-10-06T10:41:33.2837533Z ^[[36;1mtest "$(git rev-parse HEAD)" = "$GITHUB_SHA"^[[0m
deploy-test	Verify target account and exact commit	2026-10-06T10:41:33.2893583Z shell: /usr/bin/bash -e {0}
deploy-test	Verify target account and exact commit	2026-10-06T10:41:33.2893742Z env:
deploy-test	Verify target account and exact commit	2026-10-06T10:41:33.2894013Z   FDP_DEVICE_API_CERTIFICATE_ARN: arn:aws:acm:ap-southeast-1:065986019555:certificate/db3daf4f-de27-4cb3-8813-5f1f068478e0
deploy-test	Verify target account and exact commit	2026-10-06T10:41:33.2894449Z   FDP_PUBLIC_API_CERTIFICATE_ARN: arn:aws:acm:ap-southeast-1:065986019555:certificate/2777e55f-df6e-4e7d-8ce8-22cd3cf2babb
deploy-test	Verify target account and exact commit	2026-10-06T10:41:33.2894805Z   FDP_TRUSTSTORE_BUCKET_NAME: fdp-test-mtls-truststore-065986019555
deploy-test	Verify target account and exact commit	2026-10-06T10:41:33.2895053Z   FDP_TRUSTSTORE_VERSION: FtN.3H5AydTqt6cgxf0wzeOcNQHFxCOx
deploy-test	Verify target account and exact commit	2026-10-06T10:41:33.2895266Z   FDP_QA09_ROLLOUT_PHASE: immediate
deploy-test	Verify target account and exact commit	2026-10-06T10:41:33.2895447Z   PNPM_HOME: /home/runner/setup-pnpm/node_modules/.bin
deploy-test	Verify target account and exact commit	2026-10-06T10:41:33.2895661Z   AWS_DEFAULT_REGION: ap-southeast-1
deploy-test	Verify target account and exact commit	2026-10-06T10:41:33.2895824Z   AWS_REGION: ap-southeast-1
deploy-test	Verify target account and exact commit	2026-10-06T10:41:33.2896224Z   AWS_ACCESS_KEY_ID: ***
deploy-test	Verify target account and exact commit	2026-10-06T10:41:33.2896421Z   AWS_SECRET_ACCESS_KEY: ***
deploy-test	Verify target account and exact commit	2026-10-06T10:41:33.2899276Z   AWS_SESSION_TOKEN: ***
deploy-test	Verify target account and exact commit	2026-10-06T10:41:33.2899415Z ##[endgroup]
deploy-test	Run node scripts/esgiot-cdk.mjs diff AppDependencies	﻿2026-10-06T10:41:37.3950459Z ##[group]Run node scripts/esgiot-cdk.mjs diff AppDependencies
deploy-test	Run node scripts/esgiot-cdk.mjs diff AppDependencies	2026-10-06T10:41:37.3950756Z ^[[36;1mnode scripts/esgiot-cdk.mjs diff AppDependencies^[[0m
deploy-test	Run node scripts/esgiot-cdk.mjs diff AppDependencies	2026-10-06T10:41:37.4003507Z shell: /usr/bin/bash -e {0}
deploy-test	Run node scripts/esgiot-cdk.mjs diff AppDependencies	2026-10-06T10:41:37.4003666Z env:
deploy-test	Run node scripts/esgiot-cdk.mjs diff AppDependencies	2026-10-06T10:41:37.4003939Z   FDP_DEVICE_API_CERTIFICATE_ARN: arn:aws:acm:ap-southeast-1:065986019555:certificate/db3daf4f-de27-4cb3-8813-5f1f068478e0
deploy-test	Run node scripts/esgiot-cdk.mjs diff AppDependencies	2026-10-06T10:41:37.4004374Z   FDP_PUBLIC_API_CERTIFICATE_ARN: arn:aws:acm:ap-southeast-1:065986019555:certificate/2777e55f-df6e-4e7d-8ce8-22cd3cf2babb
deploy-test	Run node scripts/esgiot-cdk.mjs diff AppDependencies	2026-10-06T10:41:37.4004733Z   FDP_TRUSTSTORE_BUCKET_NAME: fdp-test-mtls-truststore-065986019555
deploy-test	Run node scripts/esgiot-cdk.mjs diff AppDependencies	2026-10-06T10:41:37.4004987Z   FDP_TRUSTSTORE_VERSION: FtN.3H5AydTqt6cgxf0wzeOcNQHFxCOx
deploy-test	Run node scripts/esgiot-cdk.mjs diff AppDependencies	2026-10-06T10:41:37.4005183Z   FDP_QA09_ROLLOUT_PHASE: immediate
deploy-test	Run node scripts/esgiot-cdk.mjs diff AppDependencies	2026-10-06T10:41:37.4005371Z   PNPM_HOME: /home/runner/setup-pnpm/node_modules/.bin
deploy-test	Run node scripts/esgiot-cdk.mjs diff AppDependencies	2026-10-06T10:41:37.4005559Z   AWS_DEFAULT_REGION: ap-southeast-1
deploy-test	Run node scripts/esgiot-cdk.mjs diff AppDependencies	2026-10-06T10:41:37.4005720Z   AWS_REGION: ap-southeast-1
deploy-test	Run node scripts/esgiot-cdk.mjs diff AppDependencies	2026-10-06T10:41:37.4006026Z   AWS_ACCESS_KEY_ID: ***
deploy-test	Run node scripts/esgiot-cdk.mjs diff AppDependencies	2026-10-06T10:41:37.4006220Z   AWS_SECRET_ACCESS_KEY: ***
deploy-test	Run node scripts/esgiot-cdk.mjs diff AppDependencies	2026-10-06T10:41:37.4009257Z   AWS_SESSION_TOKEN: ***
deploy-test	Run node scripts/esgiot-cdk.mjs diff AppDependencies	2026-10-06T10:41:37.4009391Z ##[endgroup]
deploy-test	Run node scripts/esgiot-cdk.mjs diff AppDependencies	2026-10-06T10:41:37.5829449Z 
deploy-test	Run node scripts/esgiot-cdk.mjs diff AppDependencies	2026-10-06T10:41:37.5830438Z > food-digester-platform@0.0.0 build /home/runner/work/food-digester-platform/food-digester-platform
deploy-test	Run node scripts/esgiot-cdk.mjs diff AppDependencies	2026-10-06T10:41:37.5830974Z > turbo run build
deploy-test	Run node scripts/esgiot-cdk.mjs diff AppDependencies	2026-10-06T10:41:37.5831111Z 
deploy-test	Run node scripts/esgiot-cdk.mjs diff AppDependencies	2026-10-06T10:41:37.6219695Z 
deploy-test	Run node scripts/esgiot-cdk.mjs diff AppDependencies	2026-10-06T10:41:37.6240989Z    • Packages in scope: @fdp/admin-web, @fdp/archive-worker, @fdp/auth, @fdp/aws-clients, @fdp/cloud-api, @fdp/contracts, @fdp/database, @fdp/domain, @fdp/infra, @fdp/ingestion-worker, @fdp/media, @fdp/observability, @fdp/summary-worker
deploy-test	Run node scripts/esgiot-cdk.mjs diff AppDependencies	2026-10-06T10:41:37.6242982Z    • Running build in 13 packages
deploy-test	Run node scripts/esgiot-cdk.mjs diff AppDependencies	2026-10-06T10:41:37.6243409Z    • Remote caching disabled
deploy-test	Run node scripts/esgiot-cdk.mjs diff AppDependencies	2026-10-06T10:41:37.6243641Z 
deploy-test	Run node scripts/esgiot-cdk.mjs diff AppDependencies	2026-10-06T10:41:37.6280666Z ##[group]@fdp/database:generate
deploy-test	Run node scripts/esgiot-cdk.mjs diff AppDependencies	2026-10-06T10:41:37.6282928Z cache hit, replaying logs 61cdf4220c661ec1
deploy-test	Run node scripts/esgiot-cdk.mjs diff AppDependencies	2026-10-06T10:41:37.6283201Z 
deploy-test	Run node scripts/esgiot-cdk.mjs diff AppDependencies	2026-10-06T10:41:37.6283735Z > @fdp/database@0.0.0 generate /home/runner/work/food-digester-platform/food-digester-platform/packages/database
deploy-test	Run node scripts/esgiot-cdk.mjs diff AppDependencies	2026-10-06T10:41:37.6284359Z > prisma generate
deploy-test	Run node scripts/esgiot-cdk.mjs diff AppDependencies	2026-10-06T10:41:37.6284549Z 
deploy-test	Run node scripts/esgiot-cdk.mjs diff AppDependencies	2026-10-06T10:41:37.6289519Z Loaded Prisma config from prisma.config.ts.
deploy-test	Run node scripts/esgiot-cdk.mjs diff AppDependencies	2026-10-06T10:41:37.6333240Z 
deploy-test	Run node scripts/esgiot-cdk.mjs diff AppDependencies	2026-10-06T10:41:37.6333722Z Prisma schema loaded from prisma/schema.prisma.
deploy-test	Run node scripts/esgiot-cdk.mjs diff AppDependencies	2026-10-06T10:41:37.6333958Z 
deploy-test	Run node scripts/esgiot-cdk.mjs diff AppDependencies	2026-10-06T10:41:37.6334364Z ✔ Generated Prisma Client (7.9.1) to ./src/generated in 1.00s
deploy-test	Run node scripts/esgiot-cdk.mjs diff AppDependencies	2026-10-06T10:41:37.6334617Z 
deploy-test	Run node scripts/esgiot-cdk.mjs diff AppDependencies	2026-10-06T10:41:37.6334913Z ##[endgroup]
deploy-test	Run node scripts/esgiot-cdk.mjs diff AppDependencies	2026-10-06T10:41:37.6335238Z ##[group]@fdp/infra:build
deploy-test	Run node scripts/esgiot-cdk.mjs diff AppDependencies	2026-10-06T10:41:37.6335523Z cache hit, replaying logs ae15db771adc85e4
deploy-test	Run node scripts/esgiot-cdk.mjs diff AppDependencies	2026-10-06T10:41:37.6335696Z 
deploy-test	Run node scripts/esgiot-cdk.mjs diff AppDependencies	2026-10-06T10:41:37.6336021Z > @fdp/infra@0.0.0 build /home/runner/work/food-digester-platform/food-digester-platform/infra
deploy-test	Run node scripts/esgiot-cdk.mjs diff AppDependencies	2026-10-06T10:41:37.6336455Z > tsc -p tsconfig.build.json
deploy-test	Run node scripts/esgiot-cdk.mjs diff AppDependencies	2026-10-06T10:41:37.6336604Z 
deploy-test	Run node scripts/esgiot-cdk.mjs diff AppDependencies	2026-10-06T10:41:37.6336800Z ##[endgroup]
deploy-test	Run node scripts/esgiot-cdk.mjs diff AppDependencies	2026-10-06T10:41:37.6337119Z ##[group]@fdp/observability:build
deploy-test	Run node scripts/esgiot-cdk.mjs diff AppDependencies	2026-10-06T10:41:37.6337412Z cache hit, replaying logs d249f452a000393d
deploy-test	Run node scripts/esgiot-cdk.mjs diff AppDependencies	2026-10-06T10:41:37.6337583Z 
deploy-test	Run node scripts/esgiot-cdk.mjs diff AppDependencies	2026-10-06T10:41:37.6338001Z > @fdp/observability@0.0.0 build /home/runner/work/food-digester-platform/food-digester-platform/packages/observability
deploy-test	Run node scripts/esgiot-cdk.mjs diff AppDependencies	2026-10-06T10:41:37.6338491Z > tsc -p tsconfig.build.json
deploy-test	Run node scripts/esgiot-cdk.mjs diff AppDependencies	2026-10-06T10:41:37.6338638Z 
deploy-test	Run node scripts/esgiot-cdk.mjs diff AppDependencies	2026-10-06T10:41:37.6338832Z ##[endgroup]
deploy-test	Run node scripts/esgiot-cdk.mjs diff AppDependencies	2026-10-06T10:41:37.6339288Z ##[group]@fdp/aws-clients:build
deploy-test	Run node scripts/esgiot-cdk.mjs diff AppDependencies	2026-10-06T10:41:37.6339581Z cache hit, replaying logs 72b741ff8e28f9c8
deploy-test	Run node scripts/esgiot-cdk.mjs diff AppDependencies	2026-10-06T10:41:37.6339755Z 
deploy-test	Run node scripts/esgiot-cdk.mjs diff AppDependencies	2026-10-06T10:41:37.6340214Z > @fdp/aws-clients@0.0.0 build /home/runner/work/food-digester-platform/food-digester-platform/packages/aws-clients
deploy-test	Run node scripts/esgiot-cdk.mjs diff AppDependencies	2026-10-06T10:41:37.6340690Z > tsc -p tsconfig.build.json
deploy-test	Run node scripts/esgiot-cdk.mjs diff AppDependencies	2026-10-06T10:41:37.6340834Z 
deploy-test	Run node scripts/esgiot-cdk.mjs diff AppDependencies	2026-10-06T10:41:37.6341044Z ##[endgroup]
deploy-test	Run node scripts/esgiot-cdk.mjs diff AppDependencies	2026-10-06T10:41:37.6341351Z ##[group]@fdp/contracts:build
deploy-test	Run node scripts/esgiot-cdk.mjs diff AppDependencies	2026-10-06T10:41:37.6341637Z cache hit, replaying logs badb40bf08f6da73
deploy-test	Run node scripts/esgiot-cdk.mjs diff AppDependencies	2026-10-06T10:41:37.6342040Z 
deploy-test	Run node scripts/esgiot-cdk.mjs diff AppDependencies	2026-10-06T10:41:37.6342386Z > @fdp/contracts@0.0.0 build /home/runner/work/food-digester-platform/food-digester-platform/contracts
deploy-test	Run node scripts/esgiot-cdk.mjs diff AppDependencies	2026-10-06T10:41:37.6343227Z > node -e "console.log('@fdp/contracts 为源码契约包：内部使用 .ts 扩展名互引，不经 tsc 构建；消费方经 tsx/打包器直接使用源码')"
deploy-test	Run node scripts/esgiot-cdk.mjs diff AppDependencies	2026-10-06T10:41:37.6343536Z 
deploy-test	Run node scripts/esgiot-cdk.mjs diff AppDependencies	2026-10-06T10:41:37.6343827Z @fdp/contracts 为源码契约包：内部使用 .ts 扩展名互引，不经 tsc 构建；消费方经 tsx/打包器直接使用源码
deploy-test	Run node scripts/esgiot-cdk.mjs diff AppDependencies	2026-10-06T10:41:37.6344260Z ##[endgroup]
deploy-test	Run node scripts/esgiot-cdk.mjs diff AppDependencies	2026-10-06T10:41:37.6344607Z ##[group]@fdp/domain:build
deploy-test	Run node scripts/esgiot-cdk.mjs diff AppDependencies	2026-10-06T10:41:37.6344805Z cache hit, replaying logs 47ef0249a0b99843
deploy-test	Run node scripts/esgiot-cdk.mjs diff AppDependencies	2026-10-06T10:41:37.6345000Z 
deploy-test	Run node scripts/esgiot-cdk.mjs diff AppDependencies	2026-10-06T10:41:37.6346649Z > @fdp/domain@0.0.0 build /home/runner/work/food-digester-platform/food-digester-platform/packages/domain
deploy-test	Run node scripts/esgiot-cdk.mjs diff AppDependencies	2026-10-06T10:41:37.6348097Z > tsc -p tsconfig.build.json
deploy-test	Run node scripts/esgiot-cdk.mjs diff AppDependencies	2026-10-06T10:41:37.6348258Z 
deploy-test	Run node scripts/esgiot-cdk.mjs diff AppDependencies	2026-10-06T10:41:37.6348478Z ##[endgroup]
deploy-test	Run node scripts/esgiot-cdk.mjs diff AppDependencies	2026-10-06T10:41:37.6349614Z ##[group]@fdp/database:build
deploy-test	Run node scripts/esgiot-cdk.mjs diff AppDependencies	2026-10-06T10:41:37.6349855Z cache hit, replaying logs b9b68e8e6789afaa
deploy-test	Run node scripts/esgiot-cdk.mjs diff AppDependencies	2026-10-06T10:41:37.6349970Z 
deploy-test	Run node scripts/esgiot-cdk.mjs diff AppDependencies	2026-10-06T10:41:37.6350225Z > @fdp/database@0.0.0 build /home/runner/work/food-digester-platform/food-digester-platform/packages/database
deploy-test	Run node scripts/esgiot-cdk.mjs diff AppDependencies	2026-10-06T10:41:37.6350527Z > tsc -p tsconfig.build.json
deploy-test	Run node scripts/esgiot-cdk.mjs diff AppDependencies	2026-10-06T10:41:37.6350658Z 
deploy-test	Run node scripts/esgiot-cdk.mjs diff AppDependencies	2026-10-06T10:41:37.6350856Z ##[endgroup]
deploy-test	Run node scripts/esgiot-cdk.mjs diff AppDependencies	2026-10-06T10:41:37.6351166Z ##[group]@fdp/auth:build
deploy-test	Run node scripts/esgiot-cdk.mjs diff AppDependencies	2026-10-06T10:41:37.6351439Z cache hit, replaying logs 9daf5667ecdf99bc
deploy-test	Run node scripts/esgiot-cdk.mjs diff AppDependencies	2026-10-06T10:41:37.6351556Z 
deploy-test	Run node scripts/esgiot-cdk.mjs diff AppDependencies	2026-10-06T10:41:37.6351823Z > @fdp/auth@0.0.0 build /home/runner/work/food-digester-platform/food-digester-platform/packages/auth
deploy-test	Run node scripts/esgiot-cdk.mjs diff AppDependencies	2026-10-06T10:41:37.6352293Z > tsc -p tsconfig.build.json
deploy-test	Run node scripts/esgiot-cdk.mjs diff AppDependencies	2026-10-06T10:41:37.6352442Z 
deploy-test	Run node scripts/esgiot-cdk.mjs diff AppDependencies	2026-10-06T10:41:37.6352642Z ##[endgroup]
deploy-test	Run node scripts/esgiot-cdk.mjs diff AppDependencies	2026-10-06T10:41:37.6352948Z ##[group]@fdp/media:build
deploy-test	Run node scripts/esgiot-cdk.mjs diff AppDependencies	2026-10-06T10:41:37.6353136Z cache hit, replaying logs f260157a77d3a580
deploy-test	Run node scripts/esgiot-cdk.mjs diff AppDependencies	2026-10-06T10:41:37.6353290Z 
deploy-test	Run node scripts/esgiot-cdk.mjs diff AppDependencies	2026-10-06T10:41:37.6353516Z > @fdp/media@0.0.0 build /home/runner/work/food-digester-platform/food-digester-platform/packages/media
deploy-test	Run node scripts/esgiot-cdk.mjs diff AppDependencies	2026-10-06T10:41:37.6353868Z > tsc -p tsconfig.build.json
deploy-test	Run node scripts/esgiot-cdk.mjs diff AppDependencies	2026-10-06T10:41:37.6354022Z 
deploy-test	Run node scripts/esgiot-cdk.mjs diff AppDependencies	2026-10-06T10:41:37.6354218Z ##[endgroup]
deploy-test	Run node scripts/esgiot-cdk.mjs diff AppDependencies	2026-10-06T10:41:37.6354563Z ##[group]@fdp/archive-worker:build
deploy-test	Run node scripts/esgiot-cdk.mjs diff AppDependencies	2026-10-06T10:41:37.6354784Z cache hit, replaying logs bb8c414c06d22476
deploy-test	Run node scripts/esgiot-cdk.mjs diff AppDependencies	2026-10-06T10:41:37.6354942Z 
deploy-test	Run node scripts/esgiot-cdk.mjs diff AppDependencies	2026-10-06T10:41:37.6355206Z > @fdp/archive-worker@0.0.0 build /home/runner/work/food-digester-platform/food-digester-platform/apps/archive-worker
deploy-test	Run node scripts/esgiot-cdk.mjs diff AppDependencies	2026-10-06T10:41:37.6355633Z > tsc -p tsconfig.build.json
deploy-test	Run node scripts/esgiot-cdk.mjs diff AppDependencies	2026-10-06T10:41:37.6355781Z 
deploy-test	Run node scripts/esgiot-cdk.mjs diff AppDependencies	2026-10-06T10:41:37.6355986Z ##[endgroup]
deploy-test	Run node scripts/esgiot-cdk.mjs diff AppDependencies	2026-10-06T10:41:37.6356271Z ##[group]@fdp/summary-worker:build
deploy-test	Run node scripts/esgiot-cdk.mjs diff AppDependencies	2026-10-06T10:41:37.6356514Z cache hit, replaying logs a6c4e7485f911124
deploy-test	Run node scripts/esgiot-cdk.mjs diff AppDependencies	2026-10-06T10:41:37.6356626Z 
deploy-test	Run node scripts/esgiot-cdk.mjs diff AppDependencies	2026-10-06T10:41:37.6356876Z > @fdp/summary-worker@0.0.0 build /home/runner/work/food-digester-platform/food-digester-platform/apps/summary-worker
deploy-test	Run node scripts/esgiot-cdk.mjs diff AppDependencies	2026-10-06T10:41:37.6357255Z > tsc -p tsconfig.build.json
deploy-test	Run node scripts/esgiot-cdk.mjs diff AppDependencies	2026-10-06T10:41:37.6357406Z 
deploy-test	Run node scripts/esgiot-cdk.mjs diff AppDependencies	2026-10-06T10:41:37.6357603Z ##[endgroup]
deploy-test	Run node scripts/esgiot-cdk.mjs diff AppDependencies	2026-10-06T10:41:37.6357923Z ##[group]@fdp/ingestion-worker:build
deploy-test	Run node scripts/esgiot-cdk.mjs diff AppDependencies	2026-10-06T10:41:37.6358152Z cache hit, replaying logs 17724648ad1fd6e3
deploy-test	Run node scripts/esgiot-cdk.mjs diff AppDependencies	2026-10-06T10:41:37.6358278Z 
deploy-test	Run node scripts/esgiot-cdk.mjs diff AppDependencies	2026-10-06T10:41:37.6358549Z > @fdp/ingestion-worker@0.0.0 build /home/runner/work/food-digester-platform/food-digester-platform/apps/ingestion-worker
deploy-test	Run node scripts/esgiot-cdk.mjs diff AppDependencies	2026-10-06T10:41:37.6358930Z > tsc -p tsconfig.build.json
deploy-test	Run node scripts/esgiot-cdk.mjs diff AppDependencies	2026-10-06T10:41:37.6359699Z 
deploy-test	Run node scripts/esgiot-cdk.mjs diff AppDependencies	2026-10-06T10:41:37.6374842Z ##[endgroup]
deploy-test	Run node scripts/esgiot-cdk.mjs diff AppDependencies	2026-10-06T10:41:37.6375193Z ##[group]@fdp/cloud-api:build
deploy-test	Run node scripts/esgiot-cdk.mjs diff AppDependencies	2026-10-06T10:41:37.6375567Z cache hit, replaying logs bc29f07f8a7a980b
deploy-test	Run node scripts/esgiot-cdk.mjs diff AppDependencies	2026-10-06T10:41:37.6375756Z 
deploy-test	Run node scripts/esgiot-cdk.mjs diff AppDependencies	2026-10-06T10:41:37.6376111Z > @fdp/cloud-api@0.0.0 build /home/runner/work/food-digester-platform/food-digester-platform/apps/cloud-api
deploy-test	Run node scripts/esgiot-cdk.mjs diff AppDependencies	2026-10-06T10:41:37.6376553Z > tsc -p tsconfig.build.json
deploy-test	Run node scripts/esgiot-cdk.mjs diff AppDependencies	2026-10-06T10:41:37.6376701Z 
deploy-test	Run node scripts/esgiot-cdk.mjs diff AppDependencies	2026-10-06T10:41:37.6376906Z ##[endgroup]
deploy-test	Run node scripts/esgiot-cdk.mjs diff AppDependencies	2026-10-06T10:41:37.7334763Z ##[group]@fdp/admin-web:build
deploy-test	Run node scripts/esgiot-cdk.mjs diff AppDependencies	2026-10-06T10:41:37.7335255Z cache hit, replaying logs 67a2779321d7ff3e
deploy-test	Run node scripts/esgiot-cdk.mjs diff AppDependencies	2026-10-06T10:41:37.7335537Z 
deploy-test	Run node scripts/esgiot-cdk.mjs diff AppDependencies	2026-10-06T10:41:37.7336096Z > @fdp/admin-web@0.0.0 build /home/runner/work/food-digester-platform/food-digester-platform/apps/admin-web
deploy-test	Run node scripts/esgiot-cdk.mjs diff AppDependencies	2026-10-06T10:41:37.7336888Z > tsc -p tsconfig.build.json && vite build
deploy-test	Run node scripts/esgiot-cdk.mjs diff AppDependencies	2026-10-06T10:41:37.7337114Z 
deploy-test	Run node scripts/esgiot-cdk.mjs diff AppDependencies	2026-10-06T10:41:37.7338626Z ^[[36mvite v8.2.2 ^[[32mbuilding client environment for production...^[[36m^[[39m
deploy-test	Run node scripts/esgiot-cdk.mjs diff AppDependencies	2026-10-06T10:41:37.7339323Z transforming...
deploy-test	Run node scripts/esgiot-cdk.mjs diff AppDependencies	2026-10-06T10:41:37.7339743Z ✓ 1609 modules transformed.
deploy-test	Run node scripts/esgiot-cdk.mjs diff AppDependencies	2026-10-06T10:41:37.7340108Z rendering chunks...
deploy-test	Run node scripts/esgiot-cdk.mjs diff AppDependencies	2026-10-06T10:41:37.7340446Z computing gzip size...
deploy-test	Run node scripts/esgiot-cdk.mjs diff AppDependencies	2026-10-06T10:41:37.7340993Z dist/web/index.html                     0.46 kB │ gzip:   0.32 kB
deploy-test	Run node scripts/esgiot-cdk.mjs diff AppDependencies	2026-10-06T10:41:37.7341615Z dist/web/assets/index-CecZB0A0.css     19.08 kB │ gzip:   5.07 kB
deploy-test	Run node scripts/esgiot-cdk.mjs diff AppDependencies	2026-10-06T10:41:37.7342249Z dist/web/assets/index-D1EpTElP.js   1,357.74 kB │ gzip: 417.92 kB
deploy-test	Run node scripts/esgiot-cdk.mjs diff AppDependencies	2026-10-06T10:41:37.7342599Z 
deploy-test	Run node scripts/esgiot-cdk.mjs diff AppDependencies	2026-10-06T10:41:37.7342888Z ^[[32m✓ built in 377ms^[[39m
deploy-test	Run node scripts/esgiot-cdk.mjs diff AppDependencies	2026-10-06T10:41:37.7343327Z ^[[33m[plugin builtin:vite-reporter] 
deploy-test	Run node scripts/esgiot-cdk.mjs diff AppDependencies	2026-10-06T10:41:37.7343934Z (!) Some chunks are larger than 500 kB after minification. Consider:
deploy-test	Run node scripts/esgiot-cdk.mjs diff AppDependencies	2026-10-06T10:41:37.7344518Z - Using dynamic import() to code-split the application
deploy-test	Run node scripts/esgiot-cdk.mjs diff AppDependencies	2026-10-06T10:41:37.7345337Z - Use build.rolldownOptions.output.codeSplitting to improve chunking: https://rolldown.rs/reference/OutputOptions.codeSplitting
deploy-test	Run node scripts/esgiot-cdk.mjs diff AppDependencies	2026-10-06T10:41:37.7346383Z - Adjust chunk size limit for this warning via build.chunkSizeWarningLimit.^[[39m
deploy-test	Run node scripts/esgiot-cdk.mjs diff AppDependencies	2026-10-06T10:41:37.7347942Z ##[endgroup]
deploy-test	Run node scripts/esgiot-cdk.mjs diff AppDependencies	2026-10-06T10:41:37.7348328Z 
deploy-test	Run node scripts/esgiot-cdk.mjs diff AppDependencies	2026-10-06T10:41:37.7348632Z  Tasks:    14 successful, 14 total
deploy-test	Run node scripts/esgiot-cdk.mjs diff AppDependencies	2026-10-06T10:41:37.7349672Z Cached:    14 cached, 14 total
deploy-test	Run node scripts/esgiot-cdk.mjs diff AppDependencies	2026-10-06T10:41:37.7350125Z   Time:    127ms >>> FULL TURBO
deploy-test	Run node scripts/esgiot-cdk.mjs diff AppDependencies	2026-10-06T10:41:37.7350479Z 
deploy-test	Run node scripts/esgiot-cdk.mjs diff AppDependencies	2026-10-06T10:41:40.4421528Z Bundling asset AppDependencies/IngestionFn/Code/Stage...
deploy-test	Run node scripts/esgiot-cdk.mjs diff AppDependencies	2026-10-06T10:41:40.8467349Z Bundling asset AppDependencies/ArchiveFn/Code/Stage...
deploy-test	Run node scripts/esgiot-cdk.mjs diff AppDependencies	2026-10-06T10:41:41.0858409Z Bundling asset AppDependencies/OutboxPublisherFn/Code/Stage...
deploy-test	Run node scripts/esgiot-cdk.mjs diff AppDependencies	2026-10-06T10:41:41.4352805Z Bundling asset AppDependencies/NotificationPublisherFn/Code/Stage...
deploy-test	Run node scripts/esgiot-cdk.mjs diff AppDependencies	2026-10-06T10:41:41.7931890Z Bundling asset AppDependencies/SummaryFn/Code/Stage...
deploy-test	Run node scripts/esgiot-cdk.mjs diff AppDependencies	2026-10-06T10:41:42.1457410Z Bundling asset AppDependencies/ReplayTriggerPublisherFn/Code/Stage...
deploy-test	Run node scripts/esgiot-cdk.mjs diff AppDependencies	2026-10-06T10:41:42.4932604Z Bundling asset AppDependencies/ReplayFn/Code/Stage...
deploy-test	Run node scripts/esgiot-cdk.mjs diff AppDependencies	2026-10-06T10:41:42.8469339Z Bundling asset AppDependencies/CertPackageSweeperFn/Code/Stage...
deploy-test	Run node scripts/esgiot-cdk.mjs diff AppDependencies	2026-10-06T10:41:43.2106001Z Bundling asset AppDependencies/OnboardingDeadlineFn/Code/Stage...
deploy-test	Run node scripts/esgiot-cdk.mjs diff AppDependencies	2026-10-06T10:41:43.5584390Z Bundling asset AppDependencies/RetirementTimeoutFn/Code/Stage...
deploy-test	Run node scripts/esgiot-cdk.mjs diff AppDependencies	2026-10-06T10:41:43.9136039Z Bundling asset AppDependencies/ActivityExportFn/Code/Stage...
deploy-test	Run node scripts/esgiot-cdk.mjs diff AppDependencies	2026-10-06T10:41:44.2648977Z Bundling asset AppDependencies/EsgExportFn/Code/Stage...
deploy-test	Run node scripts/esgiot-cdk.mjs diff AppDependencies	2026-10-06T10:41:44.6220129Z Bundling asset AppDependencies/CommandPublisherFn/Code/Stage...
deploy-test	Run node scripts/esgiot-cdk.mjs diff AppDependencies	2026-10-06T10:41:44.9822015Z Bundling asset AppDependencies/CommandTimeoutFn/Code/Stage...
deploy-test	Run node scripts/esgiot-cdk.mjs diff AppDependencies	2026-10-06T10:41:45.3351411Z Bundling asset AppDependencies/OtaDispatcherFn/Code/Stage...
deploy-test	Run node scripts/esgiot-cdk.mjs diff AppDependencies	2026-10-06T10:41:45.6815025Z Bundling asset AppDependencies/OnboardingApiFn/Code/Stage...
deploy-test	Run node scripts/esgiot-cdk.mjs diff AppDependencies	2026-10-06T10:41:46.0468530Z Bundling asset AppDependencies/OnboardingProvisioningFn/Code/Stage...
deploy-test	Run node scripts/esgiot-cdk.mjs diff AppDependencies	2026-10-06T10:41:46.4377676Z Bundling asset AppDependencies/DeviceApiFn/Code/Stage...
deploy-test	Run node scripts/esgiot-cdk.mjs diff AppDependencies	2026-10-06T10:41:46.8077638Z Bundling asset AppDependencies/ApiFn/Code/Stage...
deploy-test	Run node scripts/esgiot-cdk.mjs diff AppDependencies	2026-10-06T10:41:52.8316639Z Stack AppDependencies (fdp-test-app) (aws://065986019555/ap-southeast-1)
deploy-test	Run node scripts/esgiot-cdk.mjs diff AppDependencies	2026-10-06T10:41:52.8317091Z Resources
deploy-test	Run node scripts/esgiot-cdk.mjs diff AppDependencies	2026-10-06T10:41:52.8317431Z [~] AWS::Lambda::Function IngestionFn IngestionFn233E043F
deploy-test	Run node scripts/esgiot-cdk.mjs diff AppDependencies	2026-10-06T10:41:52.8317981Z  ├─ [~] Code
deploy-test	Run node scripts/esgiot-cdk.mjs diff AppDependencies	2026-10-06T10:41:52.8318220Z  │   └─ [~] .S3Key:
deploy-test	Run node scripts/esgiot-cdk.mjs diff AppDependencies	2026-10-06T10:41:52.8318524Z  │       ├─ [-] cc4040ef3f04a11bc6e608f62e187799e784d6191535cb2213747c7ee44023ef.zip
deploy-test	Run node scripts/esgiot-cdk.mjs diff AppDependencies	2026-10-06T10:41:52.8318922Z  │       └─ [+] 8d045c9a9e2be1e42553eafc35a253b262147f2f3f4f034dcb66a044dbda90c7.zip
deploy-test	Run node scripts/esgiot-cdk.mjs diff AppDependencies	2026-10-06T10:41:52.8319355Z  └─ [~] Metadata
deploy-test	Run node scripts/esgiot-cdk.mjs diff AppDependencies	2026-10-06T10:41:52.8319559Z      └─ [~] .aws:asset:path:
deploy-test	Run node scripts/esgiot-cdk.mjs diff AppDependencies	2026-10-06T10:41:52.8319876Z          ├─ [-] asset.cc4040ef3f04a11bc6e608f62e187799e784d6191535cb2213747c7ee44023ef
deploy-test	Run node scripts/esgiot-cdk.mjs diff AppDependencies	2026-10-06T10:41:52.8320584Z          └─ [+] asset.8d045c9a9e2be1e42553eafc35a253b262147f2f3f4f034dcb66a044dbda90c7
deploy-test	Run node scripts/esgiot-cdk.mjs diff AppDependencies	2026-10-06T10:41:52.8320895Z [~] AWS::Lambda::Function ArchiveFn ArchiveFn5585D223
deploy-test	Run node scripts/esgiot-cdk.mjs diff AppDependencies	2026-10-06T10:41:52.8321088Z  ├─ [~] Code
deploy-test	Run node scripts/esgiot-cdk.mjs diff AppDependencies	2026-10-06T10:41:52.8321225Z  │   └─ [~] .S3Key:
deploy-test	Run node scripts/esgiot-cdk.mjs diff AppDependencies	2026-10-06T10:41:52.8321513Z  │       ├─ [-] 34b045334a21b488d162b95553e5505e0fd651b803970075523d047ac74866fe.zip
deploy-test	Run node scripts/esgiot-cdk.mjs diff AppDependencies	2026-10-06T10:41:52.8321895Z  │       └─ [+] a2c0eb045887073bda9b1601eedc7d58b394a67ec46fefd4469bd2c69f17491d.zip
deploy-test	Run node scripts/esgiot-cdk.mjs diff AppDependencies	2026-10-06T10:41:52.8322143Z  └─ [~] Metadata
deploy-test	Run node scripts/esgiot-cdk.mjs diff AppDependencies	2026-10-06T10:41:52.8322330Z      └─ [~] .aws:asset:path:
deploy-test	Run node scripts/esgiot-cdk.mjs diff AppDependencies	2026-10-06T10:41:52.8322628Z          ├─ [-] asset.34b045334a21b488d162b95553e5505e0fd651b803970075523d047ac74866fe
deploy-test	Run node scripts/esgiot-cdk.mjs diff AppDependencies	2026-10-06T10:41:52.8323022Z          └─ [+] asset.a2c0eb045887073bda9b1601eedc7d58b394a67ec46fefd4469bd2c69f17491d
deploy-test	Run node scripts/esgiot-cdk.mjs diff AppDependencies	2026-10-06T10:41:52.8323361Z [~] AWS::Lambda::Function OutboxPublisherFn OutboxPublisherFn5402D4AC
deploy-test	Run node scripts/esgiot-cdk.mjs diff AppDependencies	2026-10-06T10:41:52.8323594Z  ├─ [~] Code
deploy-test	Run node scripts/esgiot-cdk.mjs diff AppDependencies	2026-10-06T10:41:52.8323729Z  │   └─ [~] .S3Key:
deploy-test	Run node scripts/esgiot-cdk.mjs diff AppDependencies	2026-10-06T10:41:52.8323997Z  │       ├─ [-] 859ee988842e8bebec222fad587038f16e3e4106f9cdef1995b6589c69e78d6e.zip
deploy-test	Run node scripts/esgiot-cdk.mjs diff AppDependencies	2026-10-06T10:41:52.8324375Z  │       └─ [+] 90be61748a6f6b3414b8fc869b057fb081f2f9492211ec16b54550177e45ff17.zip
deploy-test	Run node scripts/esgiot-cdk.mjs diff AppDependencies	2026-10-06T10:41:52.8324614Z  └─ [~] Metadata
deploy-test	Run node scripts/esgiot-cdk.mjs diff AppDependencies	2026-10-06T10:41:52.8324762Z      └─ [~] .aws:asset:path:
deploy-test	Run node scripts/esgiot-cdk.mjs diff AppDependencies	2026-10-06T10:41:52.8325050Z          ├─ [-] asset.859ee988842e8bebec222fad587038f16e3e4106f9cdef1995b6589c69e78d6e
deploy-test	Run node scripts/esgiot-cdk.mjs diff AppDependencies	2026-10-06T10:41:52.8325628Z          └─ [+] asset.90be61748a6f6b3414b8fc869b057fb081f2f9492211ec16b54550177e45ff17
deploy-test	Run node scripts/esgiot-cdk.mjs diff AppDependencies	2026-10-06T10:41:52.8326016Z [~] AWS::Lambda::Function NotificationPublisherFn NotificationPublisherFn73516682
deploy-test	Run node scripts/esgiot-cdk.mjs diff AppDependencies	2026-10-06T10:41:52.8326264Z  ├─ [~] Code
deploy-test	Run node scripts/esgiot-cdk.mjs diff AppDependencies	2026-10-06T10:41:52.8326402Z  │   └─ [~] .S3Key:
deploy-test	Run node scripts/esgiot-cdk.mjs diff AppDependencies	2026-10-06T10:41:52.8326671Z  │       ├─ [-] 50da36d21e416384a84d954853ac9826dc47a9e494047d8a654ba06fd2ef5e53.zip
deploy-test	Run node scripts/esgiot-cdk.mjs diff AppDependencies	2026-10-06T10:41:52.8327049Z  │       └─ [+] 51923a93f8684d89066394709e8dc35bd56a6a9ec53439b187e03c63a8f3f2d9.zip
deploy-test	Run node scripts/esgiot-cdk.mjs diff AppDependencies	2026-10-06T10:41:52.8327296Z  └─ [~] Metadata
deploy-test	Run node scripts/esgiot-cdk.mjs diff AppDependencies	2026-10-06T10:41:52.8327448Z      └─ [~] .aws:asset:path:
deploy-test	Run node scripts/esgiot-cdk.mjs diff AppDependencies	2026-10-06T10:41:52.8327750Z          ├─ [-] asset.50da36d21e416384a84d954853ac9826dc47a9e494047d8a654ba06fd2ef5e53
deploy-test	Run node scripts/esgiot-cdk.mjs diff AppDependencies	2026-10-06T10:41:52.8328155Z          └─ [+] asset.51923a93f8684d89066394709e8dc35bd56a6a9ec53439b187e03c63a8f3f2d9
deploy-test	Run node scripts/esgiot-cdk.mjs diff AppDependencies	2026-10-06T10:41:52.8328450Z [~] AWS::Lambda::Function SummaryFn SummaryFnDB90B184
deploy-test	Run node scripts/esgiot-cdk.mjs diff AppDependencies	2026-10-06T10:41:52.8328663Z  ├─ [~] Code
deploy-test	Run node scripts/esgiot-cdk.mjs diff AppDependencies	2026-10-06T10:41:52.8328801Z  │   └─ [~] .S3Key:
deploy-test	Run node scripts/esgiot-cdk.mjs diff AppDependencies	2026-10-06T10:41:52.8329089Z  │       ├─ [-] 8679bba6d2afaacee778b91a6b32521732d6660381da3837b203525b19afc8e6.zip
deploy-test	Run node scripts/esgiot-cdk.mjs diff AppDependencies	2026-10-06T10:41:52.8329642Z  │       └─ [+] 18b34b3212046f250894498b906d71d9ee9fd1502b2832f954e67c16ba401730.zip
deploy-test	Run node scripts/esgiot-cdk.mjs diff AppDependencies	2026-10-06T10:41:52.8329890Z  └─ [~] Metadata
deploy-test	Run node scripts/esgiot-cdk.mjs diff AppDependencies	2026-10-06T10:41:52.8330038Z      └─ [~] .aws:asset:path:
deploy-test	Run node scripts/esgiot-cdk.mjs diff AppDependencies	2026-10-06T10:41:52.8330331Z          ├─ [-] asset.8679bba6d2afaacee778b91a6b32521732d6660381da3837b203525b19afc8e6
deploy-test	Run node scripts/esgiot-cdk.mjs diff AppDependencies	2026-10-06T10:41:52.8330719Z          └─ [+] asset.18b34b3212046f250894498b906d71d9ee9fd1502b2832f954e67c16ba401730
deploy-test	Run node scripts/esgiot-cdk.mjs diff AppDependencies	2026-10-06T10:41:52.8331094Z [~] AWS::Lambda::Function ReplayTriggerPublisherFn ReplayTriggerPublisherFnDB45C8BB
deploy-test	Run node scripts/esgiot-cdk.mjs diff AppDependencies	2026-10-06T10:41:52.8331350Z  ├─ [~] Code
deploy-test	Run node scripts/esgiot-cdk.mjs diff AppDependencies	2026-10-06T10:41:52.8331497Z  │   └─ [~] .S3Key:
deploy-test	Run node scripts/esgiot-cdk.mjs diff AppDependencies	2026-10-06T10:41:52.8331763Z  │       ├─ [-] e5a4f9692784f9bf402d81884dbd785adfa237bc7dd328b0eca783a373051f9d.zip
deploy-test	Run node scripts/esgiot-cdk.mjs diff AppDependencies	2026-10-06T10:41:52.8332139Z  │       └─ [+] 07c341d2ecf1fe5b2105a4e9004b16a88c620090833f562434f9a3363ea4055e.zip
deploy-test	Run node scripts/esgiot-cdk.mjs diff AppDependencies	2026-10-06T10:41:52.8332409Z  └─ [~] Metadata
deploy-test	Run node scripts/esgiot-cdk.mjs diff AppDependencies	2026-10-06T10:41:52.8332560Z      └─ [~] .aws:asset:path:
deploy-test	Run node scripts/esgiot-cdk.mjs diff AppDependencies	2026-10-06T10:41:52.8332860Z          ├─ [-] asset.e5a4f9692784f9bf402d81884dbd785adfa237bc7dd328b0eca783a373051f9d
deploy-test	Run node scripts/esgiot-cdk.mjs diff AppDependencies	2026-10-06T10:41:52.8333254Z          └─ [+] asset.07c341d2ecf1fe5b2105a4e9004b16a88c620090833f562434f9a3363ea4055e
deploy-test	Run node scripts/esgiot-cdk.mjs diff AppDependencies	2026-10-06T10:41:52.8333555Z [~] AWS::Lambda::Function ReplayFn ReplayFn6908A346
deploy-test	Run node scripts/esgiot-cdk.mjs diff AppDependencies	2026-10-06T10:41:52.8333753Z  ├─ [~] Code
deploy-test	Run node scripts/esgiot-cdk.mjs diff AppDependencies	2026-10-06T10:41:52.8333886Z  │   └─ [~] .S3Key:
deploy-test	Run node scripts/esgiot-cdk.mjs diff AppDependencies	2026-10-06T10:41:52.8334287Z  │       ├─ [-] ae41c293a3a305653ee1aab09250539b1f40002e8a7a9740dfc24198b1096c57.zip
deploy-test	Run node scripts/esgiot-cdk.mjs diff AppDependencies	2026-10-06T10:41:52.8334670Z  │       └─ [+] 09edf1b734242e0c563f39500ef852be91e170a86beea70f7b299419884aeaa1.zip
deploy-test	Run node scripts/esgiot-cdk.mjs diff AppDependencies	2026-10-06T10:41:52.8334917Z  └─ [~] Metadata
deploy-test	Run node scripts/esgiot-cdk.mjs diff AppDependencies	2026-10-06T10:41:52.8335064Z      └─ [~] .aws:asset:path:
deploy-test	Run node scripts/esgiot-cdk.mjs diff AppDependencies	2026-10-06T10:41:52.8335408Z          ├─ [-] asset.ae41c293a3a305653ee1aab09250539b1f40002e8a7a9740dfc24198b1096c57
deploy-test	Run node scripts/esgiot-cdk.mjs diff AppDependencies	2026-10-06T10:41:52.8335838Z          └─ [+] asset.09edf1b734242e0c563f39500ef852be91e170a86beea70f7b299419884aeaa1
deploy-test	Run node scripts/esgiot-cdk.mjs diff AppDependencies	2026-10-06T10:41:52.8336201Z [~] AWS::Lambda::Function CertPackageSweeperFn CertPackageSweeperFnA3144633
deploy-test	Run node scripts/esgiot-cdk.mjs diff AppDependencies	2026-10-06T10:41:52.8336442Z  ├─ [~] Code
deploy-test	Run node scripts/esgiot-cdk.mjs diff AppDependencies	2026-10-06T10:41:52.8336580Z  │   └─ [~] .S3Key:
deploy-test	Run node scripts/esgiot-cdk.mjs diff AppDependencies	2026-10-06T10:41:52.8336845Z  │       ├─ [-] 5d6c435a865253898e784d684aa31f611f9435009bcbf77869cb88ce468b29b5.zip
deploy-test	Run node scripts/esgiot-cdk.mjs diff AppDependencies	2026-10-06T10:41:52.8337227Z  │       └─ [+] e799e2fb3f5cea4891e84b9810433f3fad9963d4c616535da2d03cc7768779b1.zip
deploy-test	Run node scripts/esgiot-cdk.mjs diff AppDependencies	2026-10-06T10:41:52.8337472Z  └─ [~] Metadata
deploy-test	Run node scripts/esgiot-cdk.mjs diff AppDependencies	2026-10-06T10:41:52.8337626Z      └─ [~] .aws:asset:path:
deploy-test	Run node scripts/esgiot-cdk.mjs diff AppDependencies	2026-10-06T10:41:52.8337918Z          ├─ [-] asset.5d6c435a865253898e784d684aa31f611f9435009bcbf77869cb88ce468b29b5
deploy-test	Run node scripts/esgiot-cdk.mjs diff AppDependencies	2026-10-06T10:41:52.8338319Z          └─ [+] asset.e799e2fb3f5cea4891e84b9810433f3fad9963d4c616535da2d03cc7768779b1
deploy-test	Run node scripts/esgiot-cdk.mjs diff AppDependencies	2026-10-06T10:41:52.8338662Z [~] AWS::Lambda::Function OnboardingDeadlineFn OnboardingDeadlineFn980E8722
deploy-test	Run node scripts/esgiot-cdk.mjs diff AppDependencies	2026-10-06T10:41:52.8338904Z  ├─ [~] Code
deploy-test	Run node scripts/esgiot-cdk.mjs diff AppDependencies	2026-10-06T10:41:52.8339043Z  │   └─ [~] .S3Key:
deploy-test	Run node scripts/esgiot-cdk.mjs diff AppDependencies	2026-10-06T10:41:52.8339561Z  │       ├─ [-] 03f7c431ec2cea030c4a8d3b121d38462d59a33ae78544a5a288c3c7fc9b97d4.zip
deploy-test	Run node scripts/esgiot-cdk.mjs diff AppDependencies	2026-10-06T10:41:52.8340090Z  │       └─ [+] ef0081147115195851f58e2cf2707eabf3deade824ec823559b23b7e77618ca4.zip
deploy-test	Run node scripts/esgiot-cdk.mjs diff AppDependencies	2026-10-06T10:41:52.8340479Z  └─ [~] Metadata
deploy-test	Run node scripts/esgiot-cdk.mjs diff AppDependencies	2026-10-06T10:41:52.8340651Z      └─ [~] .aws:asset:path:
deploy-test	Run node scripts/esgiot-cdk.mjs diff AppDependencies	2026-10-06T10:41:52.8340977Z          ├─ [-] asset.03f7c431ec2cea030c4a8d3b121d38462d59a33ae78544a5a288c3c7fc9b97d4
deploy-test	Run node scripts/esgiot-cdk.mjs diff AppDependencies	2026-10-06T10:41:52.8341528Z          └─ [+] asset.ef0081147115195851f58e2cf2707eabf3deade824ec823559b23b7e77618ca4
deploy-test	Run node scripts/esgiot-cdk.mjs diff AppDependencies	2026-10-06T10:41:52.8342141Z [~] AWS::Lambda::Function RetirementTimeoutFn RetirementTimeoutFn5FA89DC8
deploy-test	Run node scripts/esgiot-cdk.mjs diff AppDependencies	2026-10-06T10:41:52.8342530Z  ├─ [~] Code
deploy-test	Run node scripts/esgiot-cdk.mjs diff AppDependencies	2026-10-06T10:41:52.8342766Z  │   └─ [~] .S3Key:
deploy-test	Run node scripts/esgiot-cdk.mjs diff AppDependencies	2026-10-06T10:41:52.8343234Z  │       ├─ [-] f4941896eee1e3f6395ca32e47f93cdaf2d11578e6b55aedadb59aef68485402.zip
deploy-test	Run node scripts/esgiot-cdk.mjs diff AppDependencies	2026-10-06T10:41:52.8343883Z  │       └─ [+] 43a7aeaa96da4bbe76645df4354ed8678a14fdfb3d2a300318a90ab9cdc71e80.zip
deploy-test	Run node scripts/esgiot-cdk.mjs diff AppDependencies	2026-10-06T10:41:52.8344306Z  └─ [~] Metadata
deploy-test	Run node scripts/esgiot-cdk.mjs diff AppDependencies	2026-10-06T10:41:52.8344539Z      └─ [~] .aws:asset:path:
deploy-test	Run node scripts/esgiot-cdk.mjs diff AppDependencies	2026-10-06T10:41:52.8345032Z          ├─ [-] asset.f4941896eee1e3f6395ca32e47f93cdaf2d11578e6b55aedadb59aef68485402
deploy-test	Run node scripts/esgiot-cdk.mjs diff AppDependencies	2026-10-06T10:41:52.8345803Z          └─ [+] asset.43a7aeaa96da4bbe76645df4354ed8678a14fdfb3d2a300318a90ab9cdc71e80
deploy-test	Run node scripts/esgiot-cdk.mjs diff AppDependencies	2026-10-06T10:41:52.8346204Z [~] AWS::Lambda::Function ActivityExportFn ActivityExportFn2D54E851
deploy-test	Run node scripts/esgiot-cdk.mjs diff AppDependencies	2026-10-06T10:41:52.8346560Z  ├─ [~] Code
deploy-test	Run node scripts/esgiot-cdk.mjs diff AppDependencies	2026-10-06T10:41:52.8346782Z  │   └─ [~] .S3Key:
deploy-test	Run node scripts/esgiot-cdk.mjs diff AppDependencies	2026-10-06T10:41:52.8347063Z  │       ├─ [-] 0a9ebecf1d9b901ea6b73ca53a826abc2b88f1591897bddbf49e48fe2feb3a23.zip
deploy-test	Run node scripts/esgiot-cdk.mjs diff AppDependencies	2026-10-06T10:41:52.8347452Z  │       └─ [+] b3a5ee3facaa7af30305bf51df163712ab6b075c0795e15113dc791028c20593.zip
deploy-test	Run node scripts/esgiot-cdk.mjs diff AppDependencies	2026-10-06T10:41:52.8347694Z  └─ [~] Metadata
deploy-test	Run node scripts/esgiot-cdk.mjs diff AppDependencies	2026-10-06T10:41:52.8347843Z      └─ [~] .aws:asset:path:
deploy-test	Run node scripts/esgiot-cdk.mjs diff AppDependencies	2026-10-06T10:41:52.8348145Z          ├─ [-] asset.0a9ebecf1d9b901ea6b73ca53a826abc2b88f1591897bddbf49e48fe2feb3a23
deploy-test	Run node scripts/esgiot-cdk.mjs diff AppDependencies	2026-10-06T10:41:52.8348547Z          └─ [+] asset.b3a5ee3facaa7af30305bf51df163712ab6b075c0795e15113dc791028c20593
deploy-test	Run node scripts/esgiot-cdk.mjs diff AppDependencies	2026-10-06T10:41:52.8348868Z [~] AWS::Lambda::Function EsgExportFn EsgExportFn4FB12684
deploy-test	Run node scripts/esgiot-cdk.mjs diff AppDependencies	2026-10-06T10:41:52.8349068Z  ├─ [~] Code
deploy-test	Run node scripts/esgiot-cdk.mjs diff AppDependencies	2026-10-06T10:41:52.8349365Z  │   └─ [~] .S3Key:
deploy-test	Run node scripts/esgiot-cdk.mjs diff AppDependencies	2026-10-06T10:41:52.8349628Z  │       ├─ [-] 3d175e8aa312e5b986581170fb583926a6f656e7a59d33e4815dc47269b7e135.zip
deploy-test	Run node scripts/esgiot-cdk.mjs diff AppDependencies	2026-10-06T10:41:52.8349996Z  │       └─ [+] 1b2eac97face051f8bdcbaabf85787b2989d2336402a477072987fa1610490fb.zip
deploy-test	Run node scripts/esgiot-cdk.mjs diff AppDependencies	2026-10-06T10:41:52.8350239Z  └─ [~] Metadata
deploy-test	Run node scripts/esgiot-cdk.mjs diff AppDependencies	2026-10-06T10:41:52.8350387Z      └─ [~] .aws:asset:path:
deploy-test	Run node scripts/esgiot-cdk.mjs diff AppDependencies	2026-10-06T10:41:52.8350838Z          ├─ [-] asset.3d175e8aa312e5b986581170fb583926a6f656e7a59d33e4815dc47269b7e135
deploy-test	Run node scripts/esgiot-cdk.mjs diff AppDependencies	2026-10-06T10:41:52.8351225Z          └─ [+] asset.1b2eac97face051f8bdcbaabf85787b2989d2336402a477072987fa1610490fb
deploy-test	Run node scripts/esgiot-cdk.mjs diff AppDependencies	2026-10-06T10:41:52.8351568Z [~] AWS::Lambda::Function CommandPublisherFn CommandPublisherFn2C3A62E3
deploy-test	Run node scripts/esgiot-cdk.mjs diff AppDependencies	2026-10-06T10:41:52.8351798Z  ├─ [~] Code
deploy-test	Run node scripts/esgiot-cdk.mjs diff AppDependencies	2026-10-06T10:41:52.8351934Z  │   └─ [~] .S3Key:
deploy-test	Run node scripts/esgiot-cdk.mjs diff AppDependencies	2026-10-06T10:41:52.8352212Z  │       ├─ [-] ac689e281b375eb4d39ba9edde8874761aebf3b7dae6bb2ccfa200c210e288ee.zip
deploy-test	Run node scripts/esgiot-cdk.mjs diff AppDependencies	2026-10-06T10:41:52.8352601Z  │       └─ [+] d9ef6b857eceb4452c43c8e74dc015e9d5c753832589a1a4d5e5c91e86ef22a8.zip
deploy-test	Run node scripts/esgiot-cdk.mjs diff AppDependencies	2026-10-06T10:41:52.8352848Z  └─ [~] Metadata
deploy-test	Run node scripts/esgiot-cdk.mjs diff AppDependencies	2026-10-06T10:41:52.8352998Z      └─ [~] .aws:asset:path:
deploy-test	Run node scripts/esgiot-cdk.mjs diff AppDependencies	2026-10-06T10:41:52.8353295Z          ├─ [-] asset.ac689e281b375eb4d39ba9edde8874761aebf3b7dae6bb2ccfa200c210e288ee
deploy-test	Run node scripts/esgiot-cdk.mjs diff AppDependencies	2026-10-06T10:41:52.8353699Z          └─ [+] asset.d9ef6b857eceb4452c43c8e74dc015e9d5c753832589a1a4d5e5c91e86ef22a8
deploy-test	Run node scripts/esgiot-cdk.mjs diff AppDependencies	2026-10-06T10:41:52.8354037Z [~] AWS::Lambda::Function CommandTimeoutFn CommandTimeoutFnDCC08544
deploy-test	Run node scripts/esgiot-cdk.mjs diff AppDependencies	2026-10-06T10:41:52.8354256Z  ├─ [~] Code
deploy-test	Run node scripts/esgiot-cdk.mjs diff AppDependencies	2026-10-06T10:41:52.8354391Z  │   └─ [~] .S3Key:
deploy-test	Run node scripts/esgiot-cdk.mjs diff AppDependencies	2026-10-06T10:41:52.8354657Z  │       ├─ [-] d22643b850de91014bf1400e8db6e2b335b6846a493f150a0d32f9ab8c7727a7.zip
deploy-test	Run node scripts/esgiot-cdk.mjs diff AppDependencies	2026-10-06T10:41:52.8355037Z  │       └─ [+] e37b6a31bf85ac23a826010fdce2e39cdea5728d43bc4c25a0cfd4ac7ce5fcd7.zip
deploy-test	Run node scripts/esgiot-cdk.mjs diff AppDependencies	2026-10-06T10:41:52.8355297Z  └─ [~] Metadata
deploy-test	Run node scripts/esgiot-cdk.mjs diff AppDependencies	2026-10-06T10:41:52.8355472Z      └─ [~] .aws:asset:path:
deploy-test	Run node scripts/esgiot-cdk.mjs diff AppDependencies	2026-10-06T10:41:52.8355909Z          ├─ [-] asset.d22643b850de91014bf1400e8db6e2b335b6846a493f150a0d32f9ab8c7727a7
deploy-test	Run node scripts/esgiot-cdk.mjs diff AppDependencies	2026-10-06T10:41:52.8356317Z          └─ [+] asset.e37b6a31bf85ac23a826010fdce2e39cdea5728d43bc4c25a0cfd4ac7ce5fcd7
deploy-test	Run node scripts/esgiot-cdk.mjs diff AppDependencies	2026-10-06T10:41:52.8356656Z [~] AWS::Lambda::Function OtaDispatcherFn OtaDispatcherFn60AC5176
deploy-test	Run node scripts/esgiot-cdk.mjs diff AppDependencies	2026-10-06T10:41:52.8356877Z  ├─ [~] Code
deploy-test	Run node scripts/esgiot-cdk.mjs diff AppDependencies	2026-10-06T10:41:52.8357011Z  │   └─ [~] .S3Key:
deploy-test	Run node scripts/esgiot-cdk.mjs diff AppDependencies	2026-10-06T10:41:52.8357291Z  │       ├─ [-] 6db45e544ca5ffebfbb48773b6d3bf685e230c080fff34c9dcd06d53cec61ad0.zip
deploy-test	Run node scripts/esgiot-cdk.mjs diff AppDependencies	2026-10-06T10:41:52.8357678Z  │       └─ [+] 6f170dd5df4938f4004362d8b4f29001636327eae3f75388ecf48ee8a693c653.zip
deploy-test	Run node scripts/esgiot-cdk.mjs diff AppDependencies	2026-10-06T10:41:52.8357915Z  └─ [~] Metadata
deploy-test	Run node scripts/esgiot-cdk.mjs diff AppDependencies	2026-10-06T10:41:52.8358066Z      └─ [~] .aws:asset:path:
deploy-test	Run node scripts/esgiot-cdk.mjs diff AppDependencies	2026-10-06T10:41:52.8358368Z          ├─ [-] asset.6db45e544ca5ffebfbb48773b6d3bf685e230c080fff34c9dcd06d53cec61ad0
deploy-test	Run node scripts/esgiot-cdk.mjs diff AppDependencies	2026-10-06T10:41:52.8358763Z          └─ [+] asset.6f170dd5df4938f4004362d8b4f29001636327eae3f75388ecf48ee8a693c653
deploy-test	Run node scripts/esgiot-cdk.mjs diff AppDependencies	2026-10-06T10:41:52.8359089Z [~] AWS::Lambda::Function OnboardingApiFn OnboardingApiFn75D76C9A
deploy-test	Run node scripts/esgiot-cdk.mjs diff AppDependencies	2026-10-06T10:41:52.8359504Z  ├─ [~] Code
deploy-test	Run node scripts/esgiot-cdk.mjs diff AppDependencies	2026-10-06T10:41:52.8359640Z  │   └─ [~] .S3Key:
deploy-test	Run node scripts/esgiot-cdk.mjs diff AppDependencies	2026-10-06T10:41:52.8359935Z  │       ├─ [-] 935f34310c662635178aa979879bc1a7ab30cafe11188d8363fa1ede420fd0a9.zip
deploy-test	Run node scripts/esgiot-cdk.mjs diff AppDependencies	2026-10-06T10:41:52.8360501Z  │       └─ [+] 43606e8c148becd8f4c9a6f33148e1dc6ee1a37d6abe9141dbb0908888aa645f.zip
deploy-test	Run node scripts/esgiot-cdk.mjs diff AppDependencies	2026-10-06T10:41:52.8360744Z  └─ [~] Metadata
deploy-test	Run node scripts/esgiot-cdk.mjs diff AppDependencies	2026-10-06T10:41:52.8360891Z      └─ [~] .aws:asset:path:
deploy-test	Run node scripts/esgiot-cdk.mjs diff AppDependencies	2026-10-06T10:41:52.8361177Z          ├─ [-] asset.935f34310c662635178aa979879bc1a7ab30cafe11188d8363fa1ede420fd0a9
deploy-test	Run node scripts/esgiot-cdk.mjs diff AppDependencies	2026-10-06T10:41:52.8361560Z          └─ [+] asset.43606e8c148becd8f4c9a6f33148e1dc6ee1a37d6abe9141dbb0908888aa645f
deploy-test	Run node scripts/esgiot-cdk.mjs diff AppDependencies	2026-10-06T10:41:52.8361927Z [~] AWS::Lambda::Function OnboardingProvisioningFn OnboardingProvisioningFnE4A4C012
deploy-test	Run node scripts/esgiot-cdk.mjs diff AppDependencies	2026-10-06T10:41:52.8362182Z  ├─ [~] Code
deploy-test	Run node scripts/esgiot-cdk.mjs diff AppDependencies	2026-10-06T10:41:52.8362317Z  │   └─ [~] .S3Key:
deploy-test	Run node scripts/esgiot-cdk.mjs diff AppDependencies	2026-10-06T10:41:52.8362587Z  │       ├─ [-] db153a99878a1bcc78191f02cf8ee336bf8fb86a0cd6f5aaa7656cf78e8a1f77.zip
deploy-test	Run node scripts/esgiot-cdk.mjs diff AppDependencies	2026-10-06T10:41:52.8362961Z  │       └─ [+] f14b1357d1079b7083b9ab323960e82db0ed08bb22184fc3325fa1a13410a830.zip
deploy-test	Run node scripts/esgiot-cdk.mjs diff AppDependencies	2026-10-06T10:41:52.8363267Z  └─ [~] Metadata
deploy-test	Run node scripts/esgiot-cdk.mjs diff AppDependencies	2026-10-06T10:41:52.8363522Z      └─ [~] .aws:asset:path:
deploy-test	Run node scripts/esgiot-cdk.mjs diff AppDependencies	2026-10-06T10:41:52.8364007Z          ├─ [-] asset.db153a99878a1bcc78191f02cf8ee336bf8fb86a0cd6f5aaa7656cf78e8a1f77
deploy-test	Run node scripts/esgiot-cdk.mjs diff AppDependencies	2026-10-06T10:41:52.8364632Z          └─ [+] asset.f14b1357d1079b7083b9ab323960e82db0ed08bb22184fc3325fa1a13410a830
deploy-test	Run node scripts/esgiot-cdk.mjs diff AppDependencies	2026-10-06T10:41:52.8365064Z [~] AWS::Lambda::Function DeviceApiFn DeviceApiFn860282C7
deploy-test	Run node scripts/esgiot-cdk.mjs diff AppDependencies	2026-10-06T10:41:52.8365445Z  ├─ [~] Code
deploy-test	Run node scripts/esgiot-cdk.mjs diff AppDependencies	2026-10-06T10:41:52.8365584Z  │   └─ [~] .S3Key:
deploy-test	Run node scripts/esgiot-cdk.mjs diff AppDependencies	2026-10-06T10:41:52.8365855Z  │       ├─ [-] 232e038491d8ebf61d69163d164aeb6d98e7b20debc71b3eae8f77b864c84e6f.zip
deploy-test	Run node scripts/esgiot-cdk.mjs diff AppDependencies	2026-10-06T10:41:52.8366223Z  │       └─ [+] a1048d8fb8ea23d65ab49d8d14a5a44dafa75969219a68abe3cf780b2eaa359c.zip
deploy-test	Run node scripts/esgiot-cdk.mjs diff AppDependencies	2026-10-06T10:41:52.8366465Z  └─ [~] Metadata
deploy-test	Run node scripts/esgiot-cdk.mjs diff AppDependencies	2026-10-06T10:41:52.8366613Z      └─ [~] .aws:asset:path:
deploy-test	Run node scripts/esgiot-cdk.mjs diff AppDependencies	2026-10-06T10:41:52.8366905Z          ├─ [-] asset.232e038491d8ebf61d69163d164aeb6d98e7b20debc71b3eae8f77b864c84e6f
deploy-test	Run node scripts/esgiot-cdk.mjs diff AppDependencies	2026-10-06T10:41:52.8367398Z          └─ [+] asset.a1048d8fb8ea23d65ab49d8d14a5a44dafa75969219a68abe3cf780b2eaa359c
deploy-test	Run node scripts/esgiot-cdk.mjs diff AppDependencies	2026-10-06T10:41:52.8367683Z [~] AWS::Lambda::Function ApiFn ApiFnE0725F78
deploy-test	Run node scripts/esgiot-cdk.mjs diff AppDependencies	2026-10-06T10:41:52.8367864Z  ├─ [~] Code
deploy-test	Run node scripts/esgiot-cdk.mjs diff AppDependencies	2026-10-06T10:41:52.8367999Z  │   └─ [~] .S3Key:
deploy-test	Run node scripts/esgiot-cdk.mjs diff AppDependencies	2026-10-06T10:41:52.8368263Z  │       ├─ [-] 176b3e16aeb397c28138a616c03a733262e8c0155574d13ba8e9ba60042becd6.zip
deploy-test	Run node scripts/esgiot-cdk.mjs diff AppDependencies	2026-10-06T10:41:52.8368771Z  │       └─ [+] 9094c4c8bf6904d06c878bb6a0b11ba02b79436eb93774b7aab4834063d1fef3.zip
deploy-test	Run node scripts/esgiot-cdk.mjs diff AppDependencies	2026-10-06T10:41:52.8369283Z  └─ [~] Metadata
deploy-test	Run node scripts/esgiot-cdk.mjs diff AppDependencies	2026-10-06T10:41:52.8369522Z      └─ [~] .aws:asset:path:
deploy-test	Run node scripts/esgiot-cdk.mjs diff AppDependencies	2026-10-06T10:41:52.8369991Z          ├─ [-] asset.176b3e16aeb397c28138a616c03a733262e8c0155574d13ba8e9ba60042becd6
deploy-test	Run node scripts/esgiot-cdk.mjs diff AppDependencies	2026-10-06T10:41:52.8370566Z          └─ [+] asset.9094c4c8bf6904d06c878bb6a0b11ba02b79436eb93774b7aab4834063d1fef3
deploy-test	Run node scripts/esgiot-cdk.mjs diff AppDependencies	2026-10-06T10:41:52.8370753Z 
deploy-test	Run node scripts/esgiot-cdk.mjs diff AppDependencies	2026-10-06T10:41:52.8370763Z 
deploy-test	Run node scripts/esgiot-cdk.mjs diff AppDependencies	2026-10-06T10:41:52.8370766Z 
deploy-test	Run node scripts/esgiot-cdk.mjs diff AppDependencies	2026-10-06T10:41:52.8370898Z ✨  Number of stacks with differences: 1
deploy-test	Run node scripts/esgiot-cdk.mjs diff AppDependencies	2026-10-06T10:41:52.8371017Z 
deploy-test	Run node scripts/esgiot-cdk.mjs deploy AppDependencies	﻿2026-10-06T10:41:53.1327811Z ##[group]Run node scripts/esgiot-cdk.mjs deploy AppDependencies
deploy-test	Run node scripts/esgiot-cdk.mjs deploy AppDependencies	2026-10-06T10:41:53.1328297Z ^[[36;1mnode scripts/esgiot-cdk.mjs deploy AppDependencies^[[0m
deploy-test	Run node scripts/esgiot-cdk.mjs deploy AppDependencies	2026-10-06T10:41:53.1392080Z shell: /usr/bin/bash -e {0}
deploy-test	Run node scripts/esgiot-cdk.mjs deploy AppDependencies	2026-10-06T10:41:53.1392260Z env:
deploy-test	Run node scripts/esgiot-cdk.mjs deploy AppDependencies	2026-10-06T10:41:53.1392541Z   FDP_DEVICE_API_CERTIFICATE_ARN: arn:aws:acm:ap-southeast-1:065986019555:certificate/db3daf4f-de27-4cb3-8813-5f1f068478e0
deploy-test	Run node scripts/esgiot-cdk.mjs deploy AppDependencies	2026-10-06T10:41:53.1392983Z   FDP_PUBLIC_API_CERTIFICATE_ARN: arn:aws:acm:ap-southeast-1:065986019555:certificate/2777e55f-df6e-4e7d-8ce8-22cd3cf2babb
deploy-test	Run node scripts/esgiot-cdk.mjs deploy AppDependencies	2026-10-06T10:41:53.1393334Z   FDP_TRUSTSTORE_BUCKET_NAME: fdp-test-mtls-truststore-065986019555
deploy-test	Run node scripts/esgiot-cdk.mjs deploy AppDependencies	2026-10-06T10:41:53.1393585Z   FDP_TRUSTSTORE_VERSION: FtN.3H5AydTqt6cgxf0wzeOcNQHFxCOx
deploy-test	Run node scripts/esgiot-cdk.mjs deploy AppDependencies	2026-10-06T10:41:53.1393788Z   FDP_QA09_ROLLOUT_PHASE: immediate
deploy-test	Run node scripts/esgiot-cdk.mjs deploy AppDependencies	2026-10-06T10:41:53.1393977Z   PNPM_HOME: /home/runner/setup-pnpm/node_modules/.bin
deploy-test	Run node scripts/esgiot-cdk.mjs deploy AppDependencies	2026-10-06T10:41:53.1394171Z   AWS_DEFAULT_REGION: ap-southeast-1
deploy-test	Run node scripts/esgiot-cdk.mjs deploy AppDependencies	2026-10-06T10:41:53.1394346Z   AWS_REGION: ap-southeast-1
deploy-test	Run node scripts/esgiot-cdk.mjs deploy AppDependencies	2026-10-06T10:41:53.1394651Z   AWS_ACCESS_KEY_ID: ***
deploy-test	Run node scripts/esgiot-cdk.mjs deploy AppDependencies	2026-10-06T10:41:53.1394986Z   AWS_SECRET_ACCESS_KEY: ***
deploy-test	Run node scripts/esgiot-cdk.mjs deploy AppDependencies	2026-10-06T10:41:53.1399657Z   AWS_SESSION_TOKEN: ***
deploy-test	Run node scripts/esgiot-cdk.mjs deploy AppDependencies	2026-10-06T10:41:53.1399904Z ##[endgroup]
deploy-test	Run node scripts/esgiot-cdk.mjs deploy AppDependencies	2026-10-06T10:41:53.3272831Z 
deploy-test	Run node scripts/esgiot-cdk.mjs deploy AppDependencies	2026-10-06T10:41:53.3273803Z > food-digester-platform@0.0.0 build /home/runner/work/food-digester-platform/food-digester-platform
deploy-test	Run node scripts/esgiot-cdk.mjs deploy AppDependencies	2026-10-06T10:41:53.3274359Z > turbo run build
deploy-test	Run node scripts/esgiot-cdk.mjs deploy AppDependencies	2026-10-06T10:41:53.3274490Z 
deploy-test	Run node scripts/esgiot-cdk.mjs deploy AppDependencies	2026-10-06T10:41:53.3699565Z 
deploy-test	Run node scripts/esgiot-cdk.mjs deploy AppDependencies	2026-10-06T10:41:53.3705011Z    • Packages in scope: @fdp/admin-web, @fdp/archive-worker, @fdp/auth, @fdp/aws-clients, @fdp/cloud-api, @fdp/contracts, @fdp/database, @fdp/domain, @fdp/infra, @fdp/ingestion-worker, @fdp/media, @fdp/observability, @fdp/summary-worker
deploy-test	Run node scripts/esgiot-cdk.mjs deploy AppDependencies	2026-10-06T10:41:53.3705964Z    • Running build in 13 packages
deploy-test	Run node scripts/esgiot-cdk.mjs deploy AppDependencies	2026-10-06T10:41:53.3706275Z    • Remote caching disabled
deploy-test	Run node scripts/esgiot-cdk.mjs deploy AppDependencies	2026-10-06T10:41:53.3706456Z 
deploy-test	Run node scripts/esgiot-cdk.mjs deploy AppDependencies	2026-10-06T10:41:53.3724440Z ##[group]@fdp/contracts:build
deploy-test	Run node scripts/esgiot-cdk.mjs deploy AppDependencies	2026-10-06T10:41:53.3751419Z cache hit, replaying logs badb40bf08f6da73
deploy-test	Run node scripts/esgiot-cdk.mjs deploy AppDependencies	2026-10-06T10:41:53.3760143Z 
deploy-test	Run node scripts/esgiot-cdk.mjs deploy AppDependencies	2026-10-06T10:41:53.3760856Z > @fdp/contracts@0.0.0 build /home/runner/work/food-digester-platform/food-digester-platform/contracts
deploy-test	Run node scripts/esgiot-cdk.mjs deploy AppDependencies	2026-10-06T10:41:53.3761963Z > node -e "console.log('@fdp/contracts 为源码契约包：内部使用 .ts 扩展名互引，不经 tsc 构建；消费方经 tsx/打包器直接使用源码')"
deploy-test	Run node scripts/esgiot-cdk.mjs deploy AppDependencies	2026-10-06T10:41:53.3762376Z 
deploy-test	Run node scripts/esgiot-cdk.mjs deploy AppDependencies	2026-10-06T10:41:53.3762866Z @fdp/contracts 为源码契约包：内部使用 .ts 扩展名互引，不经 tsc 构建；消费方经 tsx/打包器直接使用源码
deploy-test	Run node scripts/esgiot-cdk.mjs deploy AppDependencies	2026-10-06T10:41:53.3763476Z ##[endgroup]
deploy-test	Run node scripts/esgiot-cdk.mjs deploy AppDependencies	2026-10-06T10:41:53.3763909Z ##[group]@fdp/observability:build
deploy-test	Run node scripts/esgiot-cdk.mjs deploy AppDependencies	2026-10-06T10:41:53.3764309Z cache hit, replaying logs d249f452a000393d
deploy-test	Run node scripts/esgiot-cdk.mjs deploy AppDependencies	2026-10-06T10:41:53.3765821Z 
deploy-test	Run node scripts/esgiot-cdk.mjs deploy AppDependencies	2026-10-06T10:41:53.3766368Z > @fdp/observability@0.0.0 build /home/runner/work/food-digester-platform/food-digester-platform/packages/observability
deploy-test	Run node scripts/esgiot-cdk.mjs deploy AppDependencies	2026-10-06T10:41:53.3768016Z > tsc -p tsconfig.build.json
deploy-test	Run node scripts/esgiot-cdk.mjs deploy AppDependencies	2026-10-06T10:41:53.3768267Z 
deploy-test	Run node scripts/esgiot-cdk.mjs deploy AppDependencies	2026-10-06T10:41:53.3769893Z ##[endgroup]
deploy-test	Run node scripts/esgiot-cdk.mjs deploy AppDependencies	2026-10-06T10:41:53.3770981Z ##[group]@fdp/database:generate
deploy-test	Run node scripts/esgiot-cdk.mjs deploy AppDependencies	2026-10-06T10:41:53.3772319Z cache hit, replaying logs 61cdf4220c661ec1
deploy-test	Run node scripts/esgiot-cdk.mjs deploy AppDependencies	2026-10-06T10:41:53.3773999Z 
deploy-test	Run node scripts/esgiot-cdk.mjs deploy AppDependencies	2026-10-06T10:41:53.3775611Z > @fdp/database@0.0.0 generate /home/runner/work/food-digester-platform/food-digester-platform/packages/database
deploy-test	Run node scripts/esgiot-cdk.mjs deploy AppDependencies	2026-10-06T10:41:53.3776165Z > prisma generate
deploy-test	Run node scripts/esgiot-cdk.mjs deploy AppDependencies	2026-10-06T10:41:53.3776401Z 
deploy-test	Run node scripts/esgiot-cdk.mjs deploy AppDependencies	2026-10-06T10:41:53.3777796Z Loaded Prisma config from prisma.config.ts.
deploy-test	Run node scripts/esgiot-cdk.mjs deploy AppDependencies	2026-10-06T10:41:53.3778072Z 
deploy-test	Run node scripts/esgiot-cdk.mjs deploy AppDependencies	2026-10-06T10:41:53.3779042Z Prisma schema loaded from prisma/schema.prisma.
deploy-test	Run node scripts/esgiot-cdk.mjs deploy AppDependencies	2026-10-06T10:41:53.3780085Z 
deploy-test	Run node scripts/esgiot-cdk.mjs deploy AppDependencies	2026-10-06T10:41:53.3780484Z ✔ Generated Prisma Client (7.9.1) to ./src/generated in 1.00s
deploy-test	Run node scripts/esgiot-cdk.mjs deploy AppDependencies	2026-10-06T10:41:53.3780835Z 
deploy-test	Run node scripts/esgiot-cdk.mjs deploy AppDependencies	2026-10-06T10:41:53.3781191Z ##[endgroup]
deploy-test	Run node scripts/esgiot-cdk.mjs deploy AppDependencies	2026-10-06T10:41:53.3781650Z ##[group]@fdp/infra:build
deploy-test	Run node scripts/esgiot-cdk.mjs deploy AppDependencies	2026-10-06T10:41:53.3783140Z cache hit, replaying logs ae15db771adc85e4
deploy-test	Run node scripts/esgiot-cdk.mjs deploy AppDependencies	2026-10-06T10:41:53.3783857Z 
deploy-test	Run node scripts/esgiot-cdk.mjs deploy AppDependencies	2026-10-06T10:41:53.3784276Z > @fdp/infra@0.0.0 build /home/runner/work/food-digester-platform/food-digester-platform/infra
deploy-test	Run node scripts/esgiot-cdk.mjs deploy AppDependencies	2026-10-06T10:41:53.3784810Z > tsc -p tsconfig.build.json
deploy-test	Run node scripts/esgiot-cdk.mjs deploy AppDependencies	2026-10-06T10:41:53.3785059Z 
deploy-test	Run node scripts/esgiot-cdk.mjs deploy AppDependencies	2026-10-06T10:41:53.3785352Z ##[endgroup]
deploy-test	Run node scripts/esgiot-cdk.mjs deploy AppDependencies	2026-10-06T10:41:53.3786028Z ##[group]@fdp/domain:build
deploy-test	Run node scripts/esgiot-cdk.mjs deploy AppDependencies	2026-10-06T10:41:53.3786407Z cache hit, replaying logs 47ef0249a0b99843
deploy-test	Run node scripts/esgiot-cdk.mjs deploy AppDependencies	2026-10-06T10:41:53.3786680Z 
deploy-test	Run node scripts/esgiot-cdk.mjs deploy AppDependencies	2026-10-06T10:41:53.3787080Z > @fdp/domain@0.0.0 build /home/runner/work/food-digester-platform/food-digester-platform/packages/domain
deploy-test	Run node scripts/esgiot-cdk.mjs deploy AppDependencies	2026-10-06T10:41:53.3787462Z > tsc -p tsconfig.build.json
deploy-test	Run node scripts/esgiot-cdk.mjs deploy AppDependencies	2026-10-06T10:41:53.3787649Z 
deploy-test	Run node scripts/esgiot-cdk.mjs deploy AppDependencies	2026-10-06T10:41:53.3787892Z ##[endgroup]
deploy-test	Run node scripts/esgiot-cdk.mjs deploy AppDependencies	2026-10-06T10:41:53.3788187Z ##[group]@fdp/aws-clients:build
deploy-test	Run node scripts/esgiot-cdk.mjs deploy AppDependencies	2026-10-06T10:41:53.3788462Z cache hit, replaying logs 72b741ff8e28f9c8
deploy-test	Run node scripts/esgiot-cdk.mjs deploy AppDependencies	2026-10-06T10:41:53.3788661Z 
deploy-test	Run node scripts/esgiot-cdk.mjs deploy AppDependencies	2026-10-06T10:41:53.3789004Z > @fdp/aws-clients@0.0.0 build /home/runner/work/food-digester-platform/food-digester-platform/packages/aws-clients
deploy-test	Run node scripts/esgiot-cdk.mjs deploy AppDependencies	2026-10-06T10:41:53.3789682Z > tsc -p tsconfig.build.json
deploy-test	Run node scripts/esgiot-cdk.mjs deploy AppDependencies	2026-10-06T10:41:53.3789893Z 
deploy-test	Run node scripts/esgiot-cdk.mjs deploy AppDependencies	2026-10-06T10:41:53.3790127Z ##[endgroup]
deploy-test	Run node scripts/esgiot-cdk.mjs deploy AppDependencies	2026-10-06T10:41:53.3790458Z ##[group]@fdp/database:build
deploy-test	Run node scripts/esgiot-cdk.mjs deploy AppDependencies	2026-10-06T10:41:53.3790739Z cache hit, replaying logs b9b68e8e6789afaa
deploy-test	Run node scripts/esgiot-cdk.mjs deploy AppDependencies	2026-10-06T10:41:53.3790892Z 
deploy-test	Run node scripts/esgiot-cdk.mjs deploy AppDependencies	2026-10-06T10:41:53.3791132Z > @fdp/database@0.0.0 build /home/runner/work/food-digester-platform/food-digester-platform/packages/database
deploy-test	Run node scripts/esgiot-cdk.mjs deploy AppDependencies	2026-10-06T10:41:53.3791422Z > tsc -p tsconfig.build.json
deploy-test	Run node scripts/esgiot-cdk.mjs deploy AppDependencies	2026-10-06T10:41:53.3791516Z 
deploy-test	Run node scripts/esgiot-cdk.mjs deploy AppDependencies	2026-10-06T10:41:53.3791643Z ##[endgroup]
deploy-test	Run node scripts/esgiot-cdk.mjs deploy AppDependencies	2026-10-06T10:41:53.3791844Z ##[group]@fdp/summary-worker:build
deploy-test	Run node scripts/esgiot-cdk.mjs deploy AppDependencies	2026-10-06T10:41:53.3792035Z cache hit, replaying logs a6c4e7485f911124
deploy-test	Run node scripts/esgiot-cdk.mjs deploy AppDependencies	2026-10-06T10:41:53.3792141Z 
deploy-test	Run node scripts/esgiot-cdk.mjs deploy AppDependencies	2026-10-06T10:41:53.3792394Z > @fdp/summary-worker@0.0.0 build /home/runner/work/food-digester-platform/food-digester-platform/apps/summary-worker
deploy-test	Run node scripts/esgiot-cdk.mjs deploy AppDependencies	2026-10-06T10:41:53.3792702Z > tsc -p tsconfig.build.json
deploy-test	Run node scripts/esgiot-cdk.mjs deploy AppDependencies	2026-10-06T10:41:53.3792795Z 
deploy-test	Run node scripts/esgiot-cdk.mjs deploy AppDependencies	2026-10-06T10:41:53.3792922Z ##[endgroup]
deploy-test	Run node scripts/esgiot-cdk.mjs deploy AppDependencies	2026-10-06T10:41:53.3793115Z ##[group]@fdp/auth:build
deploy-test	Run node scripts/esgiot-cdk.mjs deploy AppDependencies	2026-10-06T10:41:53.3793285Z cache hit, replaying logs 9daf5667ecdf99bc
deploy-test	Run node scripts/esgiot-cdk.mjs deploy AppDependencies	2026-10-06T10:41:53.3793393Z 
deploy-test	Run node scripts/esgiot-cdk.mjs deploy AppDependencies	2026-10-06T10:41:53.3793605Z > @fdp/auth@0.0.0 build /home/runner/work/food-digester-platform/food-digester-platform/packages/auth
deploy-test	Run node scripts/esgiot-cdk.mjs deploy AppDependencies	2026-10-06T10:41:53.3793880Z > tsc -p tsconfig.build.json
deploy-test	Run node scripts/esgiot-cdk.mjs deploy AppDependencies	2026-10-06T10:41:53.3793977Z 
deploy-test	Run node scripts/esgiot-cdk.mjs deploy AppDependencies	2026-10-06T10:41:53.3794104Z ##[endgroup]
deploy-test	Run node scripts/esgiot-cdk.mjs deploy AppDependencies	2026-10-06T10:41:53.3794298Z ##[group]@fdp/media:build
deploy-test	Run node scripts/esgiot-cdk.mjs deploy AppDependencies	2026-10-06T10:41:53.3794469Z cache hit, replaying logs f260157a77d3a580
deploy-test	Run node scripts/esgiot-cdk.mjs deploy AppDependencies	2026-10-06T10:41:53.3794578Z 
deploy-test	Run node scripts/esgiot-cdk.mjs deploy AppDependencies	2026-10-06T10:41:53.3794795Z > @fdp/media@0.0.0 build /home/runner/work/food-digester-platform/food-digester-platform/packages/media
deploy-test	Run node scripts/esgiot-cdk.mjs deploy AppDependencies	2026-10-06T10:41:53.3795074Z > tsc -p tsconfig.build.json
deploy-test	Run node scripts/esgiot-cdk.mjs deploy AppDependencies	2026-10-06T10:41:53.3795170Z 
deploy-test	Run node scripts/esgiot-cdk.mjs deploy AppDependencies	2026-10-06T10:41:53.3795295Z ##[endgroup]
deploy-test	Run node scripts/esgiot-cdk.mjs deploy AppDependencies	2026-10-06T10:41:53.3795497Z ##[group]@fdp/archive-worker:build
deploy-test	Run node scripts/esgiot-cdk.mjs deploy AppDependencies	2026-10-06T10:41:53.3795685Z cache hit, replaying logs bb8c414c06d22476
deploy-test	Run node scripts/esgiot-cdk.mjs deploy AppDependencies	2026-10-06T10:41:53.3795794Z 
deploy-test	Run node scripts/esgiot-cdk.mjs deploy AppDependencies	2026-10-06T10:41:53.3796043Z > @fdp/archive-worker@0.0.0 build /home/runner/work/food-digester-platform/food-digester-platform/apps/archive-worker
deploy-test	Run node scripts/esgiot-cdk.mjs deploy AppDependencies	2026-10-06T10:41:53.3796349Z > tsc -p tsconfig.build.json
deploy-test	Run node scripts/esgiot-cdk.mjs deploy AppDependencies	2026-10-06T10:41:53.3796591Z 
deploy-test	Run node scripts/esgiot-cdk.mjs deploy AppDependencies	2026-10-06T10:41:53.3796716Z ##[endgroup]
deploy-test	Run node scripts/esgiot-cdk.mjs deploy AppDependencies	2026-10-06T10:41:53.3813238Z ##[group]@fdp/admin-web:build
deploy-test	Run node scripts/esgiot-cdk.mjs deploy AppDependencies	2026-10-06T10:41:53.3819893Z cache hit, replaying logs 67a2779321d7ff3e
deploy-test	Run node scripts/esgiot-cdk.mjs deploy AppDependencies	2026-10-06T10:41:53.3820318Z 
deploy-test	Run node scripts/esgiot-cdk.mjs deploy AppDependencies	2026-10-06T10:41:53.3820828Z > @fdp/admin-web@0.0.0 build /home/runner/work/food-digester-platform/food-digester-platform/apps/admin-web
deploy-test	Run node scripts/esgiot-cdk.mjs deploy AppDependencies	2026-10-06T10:41:53.3821449Z > tsc -p tsconfig.build.json && vite build
deploy-test	Run node scripts/esgiot-cdk.mjs deploy AppDependencies	2026-10-06T10:41:53.3821732Z 
deploy-test	Run node scripts/esgiot-cdk.mjs deploy AppDependencies	2026-10-06T10:41:53.3822246Z ^[[36mvite v8.2.2 ^[[32mbuilding client environment for production...^[[36m^[[39m
deploy-test	Run node scripts/esgiot-cdk.mjs deploy AppDependencies	2026-10-06T10:41:53.3822700Z transforming...
deploy-test	Run node scripts/esgiot-cdk.mjs deploy AppDependencies	2026-10-06T10:41:53.3823062Z ✓ 1609 modules transformed.
deploy-test	Run node scripts/esgiot-cdk.mjs deploy AppDependencies	2026-10-06T10:41:53.3823402Z rendering chunks...
deploy-test	Run node scripts/esgiot-cdk.mjs deploy AppDependencies	2026-10-06T10:41:53.3823718Z computing gzip size...
deploy-test	Run node scripts/esgiot-cdk.mjs deploy AppDependencies	2026-10-06T10:41:53.3824220Z dist/web/index.html                     0.46 kB │ gzip:   0.32 kB
deploy-test	Run node scripts/esgiot-cdk.mjs deploy AppDependencies	2026-10-06T10:41:53.3824814Z dist/web/assets/index-CecZB0A0.css     19.08 kB │ gzip:   5.07 kB
deploy-test	Run node scripts/esgiot-cdk.mjs deploy AppDependencies	2026-10-06T10:41:53.3825406Z dist/web/assets/index-D1EpTElP.js   1,357.74 kB │ gzip: 417.92 kB
deploy-test	Run node scripts/esgiot-cdk.mjs deploy AppDependencies	2026-10-06T10:41:53.3825747Z 
deploy-test	Run node scripts/esgiot-cdk.mjs deploy AppDependencies	2026-10-06T10:41:53.3825989Z ^[[32m✓ built in 377ms^[[39m
deploy-test	Run node scripts/esgiot-cdk.mjs deploy AppDependencies	2026-10-06T10:41:53.3826640Z ^[[33m[plugin builtin:vite-reporter] 
deploy-test	Run node scripts/esgiot-cdk.mjs deploy AppDependencies	2026-10-06T10:41:53.3827123Z (!) Some chunks are larger than 500 kB after minification. Consider:
deploy-test	Run node scripts/esgiot-cdk.mjs deploy AppDependencies	2026-10-06T10:41:53.3827636Z - Using dynamic import() to code-split the application
deploy-test	Run node scripts/esgiot-cdk.mjs deploy AppDependencies	2026-10-06T10:41:53.3828422Z - Use build.rolldownOptions.output.codeSplitting to improve chunking: https://rolldown.rs/reference/OutputOptions.codeSplitting
deploy-test	Run node scripts/esgiot-cdk.mjs deploy AppDependencies	2026-10-06T10:41:53.3829726Z - Adjust chunk size limit for this warning via build.chunkSizeWarningLimit.^[[39m
deploy-test	Run node scripts/esgiot-cdk.mjs deploy AppDependencies	2026-10-06T10:41:53.3830447Z ##[endgroup]
deploy-test	Run node scripts/esgiot-cdk.mjs deploy AppDependencies	2026-10-06T10:41:53.3830909Z ##[group]@fdp/ingestion-worker:build
deploy-test	Run node scripts/esgiot-cdk.mjs deploy AppDependencies	2026-10-06T10:41:53.3831314Z cache hit, replaying logs 17724648ad1fd6e3
deploy-test	Run node scripts/esgiot-cdk.mjs deploy AppDependencies	2026-10-06T10:41:53.3831587Z 
deploy-test	Run node scripts/esgiot-cdk.mjs deploy AppDependencies	2026-10-06T10:41:53.3832126Z > @fdp/ingestion-worker@0.0.0 build /home/runner/work/food-digester-platform/food-digester-platform/apps/ingestion-worker
deploy-test	Run node scripts/esgiot-cdk.mjs deploy AppDependencies	2026-10-06T10:41:53.3832743Z > tsc -p tsconfig.build.json
deploy-test	Run node scripts/esgiot-cdk.mjs deploy AppDependencies	2026-10-06T10:41:53.3833002Z 
deploy-test	Run node scripts/esgiot-cdk.mjs deploy AppDependencies	2026-10-06T10:41:53.3833299Z ##[endgroup]
deploy-test	Run node scripts/esgiot-cdk.mjs deploy AppDependencies	2026-10-06T10:41:53.3844575Z ##[group]@fdp/cloud-api:build
deploy-test	Run node scripts/esgiot-cdk.mjs deploy AppDependencies	2026-10-06T10:41:53.3844999Z cache hit, replaying logs bc29f07f8a7a980b
deploy-test	Run node scripts/esgiot-cdk.mjs deploy AppDependencies	2026-10-06T10:41:53.3845279Z 
deploy-test	Run node scripts/esgiot-cdk.mjs deploy AppDependencies	2026-10-06T10:41:53.3845756Z > @fdp/cloud-api@0.0.0 build /home/runner/work/food-digester-platform/food-digester-platform/apps/cloud-api
deploy-test	Run node scripts/esgiot-cdk.mjs deploy AppDependencies	2026-10-06T10:41:53.3846379Z > tsc -p tsconfig.build.json
deploy-test	Run node scripts/esgiot-cdk.mjs deploy AppDependencies	2026-10-06T10:41:53.3846627Z 
deploy-test	Run node scripts/esgiot-cdk.mjs deploy AppDependencies	2026-10-06T10:41:53.3846924Z ##[endgroup]
deploy-test	Run node scripts/esgiot-cdk.mjs deploy AppDependencies	2026-10-06T10:41:53.3847142Z 
deploy-test	Run node scripts/esgiot-cdk.mjs deploy AppDependencies	2026-10-06T10:41:53.3847363Z  Tasks:    14 successful, 14 total
deploy-test	Run node scripts/esgiot-cdk.mjs deploy AppDependencies	2026-10-06T10:41:53.3847767Z Cached:    14 cached, 14 total
deploy-test	Run node scripts/esgiot-cdk.mjs deploy AppDependencies	2026-10-06T10:41:53.3848117Z   Time:    31ms >>> FULL TURBO
deploy-test	Run node scripts/esgiot-cdk.mjs deploy AppDependencies	2026-10-06T10:41:53.3848362Z 
deploy-test	Run node scripts/esgiot-cdk.mjs deploy AppDependencies	2026-10-06T10:41:55.5115282Z Bundling asset AppDependencies/IngestionFn/Code/Stage...
deploy-test	Run node scripts/esgiot-cdk.mjs deploy AppDependencies	2026-10-06T10:41:55.8936914Z Bundling asset AppDependencies/ArchiveFn/Code/Stage...
deploy-test	Run node scripts/esgiot-cdk.mjs deploy AppDependencies	2026-10-06T10:41:56.1212462Z Bundling asset AppDependencies/OutboxPublisherFn/Code/Stage...
deploy-test	Run node scripts/esgiot-cdk.mjs deploy AppDependencies	2026-10-06T10:41:56.4900844Z Bundling asset AppDependencies/NotificationPublisherFn/Code/Stage...
deploy-test	Run node scripts/esgiot-cdk.mjs deploy AppDependencies	2026-10-06T10:41:56.8565911Z Bundling asset AppDependencies/SummaryFn/Code/Stage...
deploy-test	Run node scripts/esgiot-cdk.mjs deploy AppDependencies	2026-10-06T10:41:57.2108288Z Bundling asset AppDependencies/ReplayTriggerPublisherFn/Code/Stage...
deploy-test	Run node scripts/esgiot-cdk.mjs deploy AppDependencies	2026-10-06T10:41:57.5734509Z Bundling asset AppDependencies/ReplayFn/Code/Stage...
deploy-test	Run node scripts/esgiot-cdk.mjs deploy AppDependencies	2026-10-06T10:41:57.9265582Z Bundling asset AppDependencies/CertPackageSweeperFn/Code/Stage...
deploy-test	Run node scripts/esgiot-cdk.mjs deploy AppDependencies	2026-10-06T10:41:58.2921237Z Bundling asset AppDependencies/OnboardingDeadlineFn/Code/Stage...
deploy-test	Run node scripts/esgiot-cdk.mjs deploy AppDependencies	2026-10-06T10:41:58.6514343Z Bundling asset AppDependencies/RetirementTimeoutFn/Code/Stage...
deploy-test	Run node scripts/esgiot-cdk.mjs deploy AppDependencies	2026-10-06T10:41:59.0198980Z Bundling asset AppDependencies/ActivityExportFn/Code/Stage...
deploy-test	Run node scripts/esgiot-cdk.mjs deploy AppDependencies	2026-10-06T10:41:59.3828388Z Bundling asset AppDependencies/EsgExportFn/Code/Stage...
deploy-test	Run node scripts/esgiot-cdk.mjs deploy AppDependencies	2026-10-06T10:41:59.7501391Z Bundling asset AppDependencies/CommandPublisherFn/Code/Stage...
deploy-test	Run node scripts/esgiot-cdk.mjs deploy AppDependencies	2026-10-06T10:42:00.1221557Z Bundling asset AppDependencies/CommandTimeoutFn/Code/Stage...
deploy-test	Run node scripts/esgiot-cdk.mjs deploy AppDependencies	2026-10-06T10:42:00.4851139Z Bundling asset AppDependencies/OtaDispatcherFn/Code/Stage...
deploy-test	Run node scripts/esgiot-cdk.mjs deploy AppDependencies	2026-10-06T10:42:00.8491275Z Bundling asset AppDependencies/OnboardingApiFn/Code/Stage...
deploy-test	Run node scripts/esgiot-cdk.mjs deploy AppDependencies	2026-10-06T10:42:01.2096405Z Bundling asset AppDependencies/OnboardingProvisioningFn/Code/Stage...
deploy-test	Run node scripts/esgiot-cdk.mjs deploy AppDependencies	2026-10-06T10:42:01.5674790Z Bundling asset AppDependencies/DeviceApiFn/Code/Stage...
deploy-test	Run node scripts/esgiot-cdk.mjs deploy AppDependencies	2026-10-06T10:42:01.9235772Z Bundling asset AppDependencies/ApiFn/Code/Stage...
deploy-test	Run node scripts/esgiot-cdk.mjs deploy AppDependencies	2026-10-06T10:42:04.0788707Z 
deploy-test	Run node scripts/esgiot-cdk.mjs deploy AppDependencies	2026-10-06T10:42:04.0789702Z ✨  Synthesis time: 9.02s
deploy-test	Run node scripts/esgiot-cdk.mjs deploy AppDependencies	2026-10-06T10:42:04.0789885Z 
deploy-test	Run node scripts/esgiot-cdk.mjs deploy AppDependencies	2026-10-06T10:42:07.7187728Z fdp-test-app: start: Building IngestionFn/Code
deploy-test	Run node scripts/esgiot-cdk.mjs deploy AppDependencies	2026-10-06T10:42:07.7188094Z fdp-test-app: success: Built IngestionFn/Code
deploy-test	Run node scripts/esgiot-cdk.mjs deploy AppDependencies	2026-10-06T10:42:07.7199787Z fdp-test-app: start: Building ArchiveFn/Code
deploy-test	Run node scripts/esgiot-cdk.mjs deploy AppDependencies	2026-10-06T10:42:07.7201178Z fdp-test-app: success: Built ArchiveFn/Code
deploy-test	Run node scripts/esgiot-cdk.mjs deploy AppDependencies	2026-10-06T10:42:07.7207506Z fdp-test-app: start: Building OutboxPublisherFn/Code
deploy-test	Run node scripts/esgiot-cdk.mjs deploy AppDependencies	2026-10-06T10:42:07.7208050Z fdp-test-app: success: Built OutboxPublisherFn/Code
deploy-test	Run node scripts/esgiot-cdk.mjs deploy AppDependencies	2026-10-06T10:42:07.7213579Z fdp-test-app: start: Building NotificationPublisherFn/Code
deploy-test	Run node scripts/esgiot-cdk.mjs deploy AppDependencies	2026-10-06T10:42:07.7214211Z fdp-test-app: success: Built NotificationPublisherFn/Code
deploy-test	Run node scripts/esgiot-cdk.mjs deploy AppDependencies	2026-10-06T10:42:07.7218698Z fdp-test-app: start: Building SummaryFn/Code
deploy-test	Run node scripts/esgiot-cdk.mjs deploy AppDependencies	2026-10-06T10:42:07.7218972Z fdp-test-app: success: Built SummaryFn/Code
deploy-test	Run node scripts/esgiot-cdk.mjs deploy AppDependencies	2026-10-06T10:42:07.7226897Z fdp-test-app: start: Building ReplayTriggerPublisherFn/Code
deploy-test	Run node scripts/esgiot-cdk.mjs deploy AppDependencies	2026-10-06T10:42:07.7227339Z fdp-test-app: success: Built ReplayTriggerPublisherFn/Code
deploy-test	Run node scripts/esgiot-cdk.mjs deploy AppDependencies	2026-10-06T10:42:07.7236102Z fdp-test-app: start: Building ReplayFn/Code
deploy-test	Run node scripts/esgiot-cdk.mjs deploy AppDependencies	2026-10-06T10:42:07.7236560Z fdp-test-app: success: Built ReplayFn/Code
deploy-test	Run node scripts/esgiot-cdk.mjs deploy AppDependencies	2026-10-06T10:42:07.7253660Z fdp-test-app: start: Building CertPackageSweeperFn/Code
deploy-test	Run node scripts/esgiot-cdk.mjs deploy AppDependencies	2026-10-06T10:42:07.7254250Z fdp-test-app: success: Built CertPackageSweeperFn/Code
deploy-test	Run node scripts/esgiot-cdk.mjs deploy AppDependencies	2026-10-06T10:42:07.7269486Z fdp-test-app: start: Building OnboardingDeadlineFn/Code
deploy-test	Run node scripts/esgiot-cdk.mjs deploy AppDependencies	2026-10-06T10:42:07.7270639Z fdp-test-app: success: Built OnboardingDeadlineFn/Code
deploy-test	Run node scripts/esgiot-cdk.mjs deploy AppDependencies	2026-10-06T10:42:07.7283617Z fdp-test-app: start: Building RetirementTimeoutFn/Code
deploy-test	Run node scripts/esgiot-cdk.mjs deploy AppDependencies	2026-10-06T10:42:07.7284142Z fdp-test-app: success: Built RetirementTimeoutFn/Code
deploy-test	Run node scripts/esgiot-cdk.mjs deploy AppDependencies	2026-10-06T10:42:07.7293941Z fdp-test-app: start: Building ActivityExportFn/Code
deploy-test	Run node scripts/esgiot-cdk.mjs deploy AppDependencies	2026-10-06T10:42:07.7294370Z fdp-test-app: success: Built ActivityExportFn/Code
deploy-test	Run node scripts/esgiot-cdk.mjs deploy AppDependencies	2026-10-06T10:42:07.7306194Z fdp-test-app: start: Building EsgExportFn/Code
deploy-test	Run node scripts/esgiot-cdk.mjs deploy AppDependencies	2026-10-06T10:42:07.7306872Z fdp-test-app: success: Built EsgExportFn/Code
deploy-test	Run node scripts/esgiot-cdk.mjs deploy AppDependencies	2026-10-06T10:42:07.7315168Z fdp-test-app: start: Building CommandPublisherFn/Code
deploy-test	Run node scripts/esgiot-cdk.mjs deploy AppDependencies	2026-10-06T10:42:07.7315823Z fdp-test-app: success: Built CommandPublisherFn/Code
deploy-test	Run node scripts/esgiot-cdk.mjs deploy AppDependencies	2026-10-06T10:42:07.7325305Z fdp-test-app: start: Building CommandTimeoutFn/Code
deploy-test	Run node scripts/esgiot-cdk.mjs deploy AppDependencies	2026-10-06T10:42:07.7325679Z fdp-test-app: success: Built CommandTimeoutFn/Code
deploy-test	Run node scripts/esgiot-cdk.mjs deploy AppDependencies	2026-10-06T10:42:07.7331870Z fdp-test-app: start: Building OtaDispatcherFn/Code
deploy-test	Run node scripts/esgiot-cdk.mjs deploy AppDependencies	2026-10-06T10:42:07.7332225Z fdp-test-app: success: Built OtaDispatcherFn/Code
deploy-test	Run node scripts/esgiot-cdk.mjs deploy AppDependencies	2026-10-06T10:42:07.7332897Z fdp-test-app: start: Building OnboardingApiFn/Code
deploy-test	Run node scripts/esgiot-cdk.mjs deploy AppDependencies	2026-10-06T10:42:07.7333246Z fdp-test-app: success: Built OnboardingApiFn/Code
deploy-test	Run node scripts/esgiot-cdk.mjs deploy AppDependencies	2026-10-06T10:42:07.7333885Z fdp-test-app: start: Building OnboardingProvisioningFn/Code
deploy-test	Run node scripts/esgiot-cdk.mjs deploy AppDependencies	2026-10-06T10:42:07.7334301Z fdp-test-app: success: Built OnboardingProvisioningFn/Code
deploy-test	Run node scripts/esgiot-cdk.mjs deploy AppDependencies	2026-10-06T10:42:07.7334669Z fdp-test-app: start: Building DeviceApiFn/Code
deploy-test	Run node scripts/esgiot-cdk.mjs deploy AppDependencies	2026-10-06T10:42:07.7334995Z fdp-test-app: success: Built DeviceApiFn/Code
deploy-test	Run node scripts/esgiot-cdk.mjs deploy AppDependencies	2026-10-06T10:42:07.7335307Z fdp-test-app: start: Building ApiFn/Code
deploy-test	Run node scripts/esgiot-cdk.mjs deploy AppDependencies	2026-10-06T10:42:07.7335600Z fdp-test-app: success: Built ApiFn/Code
deploy-test	Run node scripts/esgiot-cdk.mjs deploy AppDependencies	2026-10-06T10:42:07.7335890Z fdp-test-app: start: Building fdp-test-app Template
deploy-test	Run node scripts/esgiot-cdk.mjs deploy AppDependencies	2026-10-06T10:42:07.7336122Z fdp-test-app: success: Built fdp-test-app Template
deploy-test	Run node scripts/esgiot-cdk.mjs deploy AppDependencies	2026-10-06T10:42:08.3106500Z fdp-test-app: start: Publishing NotificationPublisherFn/Code (065986019555-ap-southeast-1-665e430b)
deploy-test	Run node scripts/esgiot-cdk.mjs deploy AppDependencies	2026-10-06T10:42:08.3137509Z fdp-test-app: start: Publishing ArchiveFn/Code (065986019555-ap-southeast-1-7752d478)
deploy-test	Run node scripts/esgiot-cdk.mjs deploy AppDependencies	2026-10-06T10:42:08.3156903Z fdp-test-app: start: Publishing ReplayTriggerPublisherFn/Code (065986019555-ap-southeast-1-bc5ad874)
deploy-test	Run node scripts/esgiot-cdk.mjs deploy AppDependencies	2026-10-06T10:42:08.3190051Z fdp-test-app: start: Publishing OutboxPublisherFn/Code (065986019555-ap-southeast-1-e021c9ed)
deploy-test	Run node scripts/esgiot-cdk.mjs deploy AppDependencies	2026-10-06T10:42:08.3210872Z fdp-test-app: start: Publishing CertPackageSweeperFn/Code (065986019555-ap-southeast-1-3dd3b825)
deploy-test	Run node scripts/esgiot-cdk.mjs deploy AppDependencies	2026-10-06T10:42:08.3227410Z fdp-test-app: start: Publishing IngestionFn/Code (065986019555-ap-southeast-1-c499319e)
deploy-test	Run node scripts/esgiot-cdk.mjs deploy AppDependencies	2026-10-06T10:42:08.3319884Z fdp-test-app: start: Publishing ReplayFn/Code (065986019555-ap-southeast-1-8ef10ba5)
deploy-test	Run node scripts/esgiot-cdk.mjs deploy AppDependencies	2026-10-06T10:42:08.3338344Z fdp-test-app: start: Publishing SummaryFn/Code (065986019555-ap-southeast-1-35e69eef)
deploy-test	Run node scripts/esgiot-cdk.mjs deploy AppDependencies	2026-10-06T10:42:12.4340701Z fdp-test-app: success: Published ArchiveFn/Code (065986019555-ap-southeast-1-7752d478)
deploy-test	Run node scripts/esgiot-cdk.mjs deploy AppDependencies	2026-10-06T10:42:12.4343904Z fdp-test-app: start: Publishing OnboardingDeadlineFn/Code (065986019555-ap-southeast-1-703624db)
deploy-test	Run node scripts/esgiot-cdk.mjs deploy AppDependencies	2026-10-06T10:42:13.1129109Z fdp-test-app: success: Published OutboxPublisherFn/Code (065986019555-ap-southeast-1-e021c9ed)
deploy-test	Run node scripts/esgiot-cdk.mjs deploy AppDependencies	2026-10-06T10:42:13.1131416Z fdp-test-app: start: Publishing RetirementTimeoutFn/Code (065986019555-ap-southeast-1-ebdb5bb4)
deploy-test	Run node scripts/esgiot-cdk.mjs deploy AppDependencies	2026-10-06T10:42:13.1576950Z fdp-test-app: success: Published CertPackageSweeperFn/Code (065986019555-ap-southeast-1-3dd3b825)
deploy-test	Run node scripts/esgiot-cdk.mjs deploy AppDependencies	2026-10-06T10:42:13.1593605Z fdp-test-app: start: Publishing ActivityExportFn/Code (065986019555-ap-southeast-1-c6b0f1ee)
deploy-test	Run node scripts/esgiot-cdk.mjs deploy AppDependencies	2026-10-06T10:42:13.1990096Z fdp-test-app: success: Published ReplayFn/Code (065986019555-ap-southeast-1-8ef10ba5)
deploy-test	Run node scripts/esgiot-cdk.mjs deploy AppDependencies	2026-10-06T10:42:13.1992273Z fdp-test-app: start: Publishing EsgExportFn/Code (065986019555-ap-southeast-1-42419c78)
deploy-test	Run node scripts/esgiot-cdk.mjs deploy AppDependencies	2026-10-06T10:42:13.4354760Z fdp-test-app: success: Published NotificationPublisherFn/Code (065986019555-ap-southeast-1-665e430b)
deploy-test	Run node scripts/esgiot-cdk.mjs deploy AppDependencies	2026-10-06T10:42:13.4357003Z fdp-test-app: start: Publishing CommandPublisherFn/Code (065986019555-ap-southeast-1-f72f64db)
deploy-test	Run node scripts/esgiot-cdk.mjs deploy AppDependencies	2026-10-06T10:42:13.7010526Z fdp-test-app: success: Published IngestionFn/Code (065986019555-ap-southeast-1-c499319e)
deploy-test	Run node scripts/esgiot-cdk.mjs deploy AppDependencies	2026-10-06T10:42:13.7011980Z fdp-test-app: start: Publishing CommandTimeoutFn/Code (065986019555-ap-southeast-1-d6b2a489)
deploy-test	Run node scripts/esgiot-cdk.mjs deploy AppDependencies	2026-10-06T10:42:13.7741546Z fdp-test-app: success: Published ReplayTriggerPublisherFn/Code (065986019555-ap-southeast-1-bc5ad874)
deploy-test	Run node scripts/esgiot-cdk.mjs deploy AppDependencies	2026-10-06T10:42:13.7743716Z fdp-test-app: start: Publishing OtaDispatcherFn/Code (065986019555-ap-southeast-1-55528e5c)
deploy-test	Run node scripts/esgiot-cdk.mjs deploy AppDependencies	2026-10-06T10:42:14.0466635Z fdp-test-app: success: Published SummaryFn/Code (065986019555-ap-southeast-1-35e69eef)
deploy-test	Run node scripts/esgiot-cdk.mjs deploy AppDependencies	2026-10-06T10:42:14.0470226Z fdp-test-app: start: Publishing OnboardingApiFn/Code (065986019555-ap-southeast-1-ddeb2f9a)
deploy-test	Run node scripts/esgiot-cdk.mjs deploy AppDependencies	2026-10-06T10:42:15.7243966Z fdp-test-app: success: Published OnboardingDeadlineFn/Code (065986019555-ap-southeast-1-703624db)
deploy-test	Run node scripts/esgiot-cdk.mjs deploy AppDependencies	2026-10-06T10:42:15.7247893Z fdp-test-app: start: Publishing OnboardingProvisioningFn/Code (065986019555-ap-southeast-1-c15f4534)
deploy-test	Run node scripts/esgiot-cdk.mjs deploy AppDependencies	2026-10-06T10:42:16.3096070Z fdp-test-app: success: Published ActivityExportFn/Code (065986019555-ap-southeast-1-c6b0f1ee)
deploy-test	Run node scripts/esgiot-cdk.mjs deploy AppDependencies	2026-10-06T10:42:16.3100316Z fdp-test-app: start: Publishing DeviceApiFn/Code (065986019555-ap-southeast-1-c7fe96d6)
deploy-test	Run node scripts/esgiot-cdk.mjs deploy AppDependencies	2026-10-06T10:42:16.6914633Z fdp-test-app: success: Published RetirementTimeoutFn/Code (065986019555-ap-southeast-1-ebdb5bb4)
deploy-test	Run node scripts/esgiot-cdk.mjs deploy AppDependencies	2026-10-06T10:42:16.6916218Z fdp-test-app: start: Publishing ApiFn/Code (065986019555-ap-southeast-1-42938ea8)
deploy-test	Run node scripts/esgiot-cdk.mjs deploy AppDependencies	2026-10-06T10:42:16.7199361Z fdp-test-app: success: Published EsgExportFn/Code (065986019555-ap-southeast-1-42419c78)
deploy-test	Run node scripts/esgiot-cdk.mjs deploy AppDependencies	2026-10-06T10:42:16.7200980Z fdp-test-app: start: Publishing fdp-test-app Template (065986019555-ap-southeast-1-39be46f8)
deploy-test	Run node scripts/esgiot-cdk.mjs deploy AppDependencies	2026-10-06T10:42:16.7654230Z fdp-test-app: success: Published CommandPublisherFn/Code (065986019555-ap-southeast-1-f72f64db)
deploy-test	Run node scripts/esgiot-cdk.mjs deploy AppDependencies	2026-10-06T10:42:17.3491621Z fdp-test-app: success: Published CommandTimeoutFn/Code (065986019555-ap-southeast-1-d6b2a489)
deploy-test	Run node scripts/esgiot-cdk.mjs deploy AppDependencies	2026-10-06T10:42:18.0379813Z fdp-test-app: success: Published OnboardingApiFn/Code (065986019555-ap-southeast-1-ddeb2f9a)
deploy-test	Run node scripts/esgiot-cdk.mjs deploy AppDependencies	2026-10-06T10:42:18.4618958Z fdp-test-app: success: Published OtaDispatcherFn/Code (065986019555-ap-southeast-1-55528e5c)
deploy-test	Run node scripts/esgiot-cdk.mjs deploy AppDependencies	2026-10-06T10:42:18.6895496Z fdp-test-app: success: Published fdp-test-app Template (065986019555-ap-southeast-1-39be46f8)
deploy-test	Run node scripts/esgiot-cdk.mjs deploy AppDependencies	2026-10-06T10:42:19.1995507Z fdp-test-app: success: Published DeviceApiFn/Code (065986019555-ap-southeast-1-c7fe96d6)
deploy-test	Run node scripts/esgiot-cdk.mjs deploy AppDependencies	2026-10-06T10:42:19.9930300Z fdp-test-app: success: Published OnboardingProvisioningFn/Code (065986019555-ap-southeast-1-c15f4534)
deploy-test	Run node scripts/esgiot-cdk.mjs deploy AppDependencies	2026-10-06T10:42:20.0371135Z fdp-test-app: success: Published ApiFn/Code (065986019555-ap-southeast-1-42938ea8)
deploy-test	Run node scripts/esgiot-cdk.mjs deploy AppDependencies	2026-10-06T10:42:23.5956603Z fdp-test-app: creating CloudFormation changeset...
deploy-test	Run node scripts/esgiot-cdk.mjs deploy AppDependencies	2026-10-06T10:43:05.0401711Z AppDependencies (fdp-test-app): deploying... [1/1]
deploy-test	Run node scripts/esgiot-cdk.mjs deploy AppDependencies	2026-10-06T10:43:11.1353724Z fdp-test-app |  0/21 | 10:43:07 AM | UPDATE_IN_PROGRESS      | AWS::CloudFormation::Stack                  | fdp-test-app User Initiated
deploy-test	Run node scripts/esgiot-cdk.mjs deploy AppDependencies	2026-10-06T10:43:14.4657250Z fdp-test-app |  0/21 | 10:43:13 AM | UPDATE_IN_PROGRESS      | AWS::Lambda::Function                       | AppDependencies/ActivityExportFn (ActivityExportFn2D54E851) 
deploy-test	Run node scripts/esgiot-cdk.mjs deploy AppDependencies	2026-10-06T10:43:14.4666255Z fdp-test-app |  0/21 | 10:43:13 AM | UPDATE_IN_PROGRESS      | AWS::Lambda::Function                       | AppDependencies/OtaDispatcherFn (OtaDispatcherFn60AC5176) 
deploy-test	Run node scripts/esgiot-cdk.mjs deploy AppDependencies	2026-10-06T10:43:14.4678883Z fdp-test-app |  0/21 | 10:43:13 AM | UPDATE_IN_PROGRESS      | AWS::Lambda::Function                       | AppDependencies/ArchiveFn (ArchiveFn5585D223) 
deploy-test	Run node scripts/esgiot-cdk.mjs deploy AppDependencies	2026-10-06T10:43:14.4688631Z fdp-test-app |  0/21 | 10:43:13 AM | UPDATE_IN_PROGRESS      | AWS::Lambda::Function                       | AppDependencies/EsgExportFn (EsgExportFn4FB12684) 
deploy-test	Run node scripts/esgiot-cdk.mjs deploy AppDependencies	2026-10-06T10:43:14.4697480Z fdp-test-app |  0/21 | 10:43:13 AM | UPDATE_IN_PROGRESS      | AWS::Lambda::Function                       | AppDependencies/RetirementTimeoutFn (RetirementTimeoutFn5FA89DC8) 
deploy-test	Run node scripts/esgiot-cdk.mjs deploy AppDependencies	2026-10-06T10:43:14.4708384Z fdp-test-app |  0/21 | 10:43:13 AM | UPDATE_IN_PROGRESS      | AWS::Lambda::Function                       | AppDependencies/CommandTimeoutFn (CommandTimeoutFnDCC08544) 
deploy-test	Run node scripts/esgiot-cdk.mjs deploy AppDependencies	2026-10-06T10:43:14.4717152Z fdp-test-app |  0/21 | 10:43:13 AM | UPDATE_IN_PROGRESS      | AWS::Lambda::Function                       | AppDependencies/SummaryFn (SummaryFnDB90B184) 
deploy-test	Run node scripts/esgiot-cdk.mjs deploy AppDependencies	2026-10-06T10:43:14.4729764Z fdp-test-app |  0/21 | 10:43:13 AM | UPDATE_IN_PROGRESS      | AWS::Lambda::Function                       | AppDependencies/ReplayTriggerPublisherFn (ReplayTriggerPublisherFnDB45C8BB) 
deploy-test	Run node scripts/esgiot-cdk.mjs deploy AppDependencies	2026-10-06T10:43:14.4738844Z fdp-test-app |  0/21 | 10:43:13 AM | UPDATE_IN_PROGRESS      | AWS::Lambda::Function                       | AppDependencies/NotificationPublisherFn (NotificationPublisherFn73516682) 
deploy-test	Run node scripts/esgiot-cdk.mjs deploy AppDependencies	2026-10-06T10:43:14.4749319Z fdp-test-app |  0/21 | 10:43:13 AM | UPDATE_IN_PROGRESS      | AWS::Lambda::Function                       | AppDependencies/CommandPublisherFn (CommandPublisherFn2C3A62E3) 
deploy-test	Run node scripts/esgiot-cdk.mjs deploy AppDependencies	2026-10-06T10:43:14.4759407Z fdp-test-app |  0/21 | 10:43:13 AM | UPDATE_IN_PROGRESS      | AWS::Lambda::Function                       | AppDependencies/ReplayFn (ReplayFn6908A346) 
deploy-test	Run node scripts/esgiot-cdk.mjs deploy AppDependencies	2026-10-06T10:43:14.4768422Z fdp-test-app |  0/21 | 10:43:13 AM | UPDATE_IN_PROGRESS      | AWS::Lambda::Function                       | AppDependencies/DeviceApiFn (DeviceApiFn860282C7) 
deploy-test	Run node scripts/esgiot-cdk.mjs deploy AppDependencies	2026-10-06T10:43:14.4777009Z fdp-test-app |  0/21 | 10:43:13 AM | UPDATE_IN_PROGRESS      | AWS::Lambda::Function                       | AppDependencies/OnboardingProvisioningFn (OnboardingProvisioningFnE4A4C012) 
deploy-test	Run node scripts/esgiot-cdk.mjs deploy AppDependencies	2026-10-06T10:43:17.8071609Z fdp-test-app |  0/21 | 10:43:13 AM | UPDATE_IN_PROGRESS      | AWS::Lambda::Function                       | AppDependencies/OutboxPublisherFn (OutboxPublisherFn5402D4AC) 
deploy-test	Run node scripts/esgiot-cdk.mjs deploy AppDependencies	2026-10-06T10:43:17.8079349Z fdp-test-app |  0/21 | 10:43:13 AM | UPDATE_IN_PROGRESS      | AWS::Lambda::Function                       | AppDependencies/OnboardingDeadlineFn (OnboardingDeadlineFn980E8722) 
deploy-test	Run node scripts/esgiot-cdk.mjs deploy AppDependencies	2026-10-06T10:43:17.8090798Z fdp-test-app |  0/21 | 10:43:13 AM | UPDATE_IN_PROGRESS      | AWS::Lambda::Function                       | AppDependencies/IngestionFn (IngestionFn233E043F) 
deploy-test	Run node scripts/esgiot-cdk.mjs deploy AppDependencies	2026-10-06T10:43:17.8098934Z fdp-test-app |  0/21 | 10:43:13 AM | UPDATE_IN_PROGRESS      | AWS::Lambda::Function                       | AppDependencies/OnboardingApiFn (OnboardingApiFn75D76C9A) 
deploy-test	Run node scripts/esgiot-cdk.mjs deploy AppDependencies	2026-10-06T10:43:17.8107003Z fdp-test-app |  0/21 | 10:43:13 AM | UPDATE_IN_PROGRESS      | AWS::Lambda::Function                       | AppDependencies/ApiFn (ApiFnE0725F78) 
deploy-test	Run node scripts/esgiot-cdk.mjs deploy AppDependencies	2026-10-06T10:43:17.8115297Z fdp-test-app |  0/21 | 10:43:13 AM | UPDATE_IN_PROGRESS      | AWS::Lambda::Function                       | AppDependencies/CertPackageSweeperFn (CertPackageSweeperFnA3144633) 
deploy-test	Run node scripts/esgiot-cdk.mjs deploy AppDependencies	2026-10-06T10:43:24.5365459Z fdp-test-app |  1/21 | 10:43:20 AM | UPDATE_COMPLETE         | AWS::Lambda::Function                       | AppDependencies/ArchiveFn (ArchiveFn5585D223) 
deploy-test	Run node scripts/esgiot-cdk.mjs deploy AppDependencies	2026-10-06T10:43:24.5373971Z fdp-test-app |  2/21 | 10:43:20 AM | UPDATE_COMPLETE         | AWS::Lambda::Function                       | AppDependencies/SummaryFn (SummaryFnDB90B184) 
deploy-test	Run node scripts/esgiot-cdk.mjs deploy AppDependencies	2026-10-06T10:43:24.5383706Z fdp-test-app |  3/21 | 10:43:20 AM | UPDATE_COMPLETE         | AWS::Lambda::Function                       | AppDependencies/CommandPublisherFn (CommandPublisherFn2C3A62E3) 
deploy-test	Run node scripts/esgiot-cdk.mjs deploy AppDependencies	2026-10-06T10:43:24.5393676Z fdp-test-app |  4/21 | 10:43:20 AM | UPDATE_COMPLETE         | AWS::Lambda::Function                       | AppDependencies/ActivityExportFn (ActivityExportFn2D54E851) 
deploy-test	Run node scripts/esgiot-cdk.mjs deploy AppDependencies	2026-10-06T10:43:24.5407299Z fdp-test-app |  5/21 | 10:43:20 AM | UPDATE_COMPLETE         | AWS::Lambda::Function                       | AppDependencies/NotificationPublisherFn (NotificationPublisherFn73516682) 
deploy-test	Run node scripts/esgiot-cdk.mjs deploy AppDependencies	2026-10-06T10:43:24.5416315Z fdp-test-app |  6/21 | 10:43:20 AM | UPDATE_COMPLETE         | AWS::Lambda::Function                       | AppDependencies/OtaDispatcherFn (OtaDispatcherFn60AC5176) 
deploy-test	Run node scripts/esgiot-cdk.mjs deploy AppDependencies	2026-10-06T10:43:24.5425482Z fdp-test-app |  7/21 | 10:43:20 AM | UPDATE_COMPLETE         | AWS::Lambda::Function                       | AppDependencies/EsgExportFn (EsgExportFn4FB12684) 
deploy-test	Run node scripts/esgiot-cdk.mjs deploy AppDependencies	2026-10-06T10:43:24.5434192Z fdp-test-app |  8/21 | 10:43:20 AM | UPDATE_COMPLETE         | AWS::Lambda::Function                       | AppDependencies/ReplayFn (ReplayFn6908A346) 
deploy-test	Run node scripts/esgiot-cdk.mjs deploy AppDependencies	2026-10-06T10:43:24.5442900Z fdp-test-app |  9/21 | 10:43:20 AM | UPDATE_COMPLETE         | AWS::Lambda::Function                       | AppDependencies/OutboxPublisherFn (OutboxPublisherFn5402D4AC) 
deploy-test	Run node scripts/esgiot-cdk.mjs deploy AppDependencies	2026-10-06T10:43:24.5454606Z fdp-test-app | 10/21 | 10:43:21 AM | UPDATE_COMPLETE         | AWS::Lambda::Function                       | AppDependencies/CommandTimeoutFn (CommandTimeoutFnDCC08544) 
deploy-test	Run node scripts/esgiot-cdk.mjs deploy AppDependencies	2026-10-06T10:43:24.5463599Z fdp-test-app | 11/21 | 10:43:21 AM | UPDATE_COMPLETE         | AWS::Lambda::Function                       | AppDependencies/RetirementTimeoutFn (RetirementTimeoutFn5FA89DC8) 
deploy-test	Run node scripts/esgiot-cdk.mjs deploy AppDependencies	2026-10-06T10:43:24.5472132Z fdp-test-app | 12/21 | 10:43:21 AM | UPDATE_COMPLETE         | AWS::Lambda::Function                       | AppDependencies/OnboardingProvisioningFn (OnboardingProvisioningFnE4A4C012) 
deploy-test	Run node scripts/esgiot-cdk.mjs deploy AppDependencies	2026-10-06T10:43:24.5480683Z fdp-test-app | 13/21 | 10:43:21 AM | UPDATE_COMPLETE         | AWS::Lambda::Function                       | AppDependencies/DeviceApiFn (DeviceApiFn860282C7) 
deploy-test	Run node scripts/esgiot-cdk.mjs deploy AppDependencies	2026-10-06T10:43:24.5488818Z fdp-test-app | 14/21 | 10:43:21 AM | UPDATE_COMPLETE         | AWS::Lambda::Function                       | AppDependencies/IngestionFn (IngestionFn233E043F) 
deploy-test	Run node scripts/esgiot-cdk.mjs deploy AppDependencies	2026-10-06T10:43:24.5497287Z fdp-test-app | 15/21 | 10:43:21 AM | UPDATE_COMPLETE         | AWS::Lambda::Function                       | AppDependencies/OnboardingDeadlineFn (OnboardingDeadlineFn980E8722) 
deploy-test	Run node scripts/esgiot-cdk.mjs deploy AppDependencies	2026-10-06T10:43:24.5510702Z fdp-test-app | 16/21 | 10:43:21 AM | UPDATE_COMPLETE         | AWS::Lambda::Function                       | AppDependencies/OnboardingApiFn (OnboardingApiFn75D76C9A) 
deploy-test	Run node scripts/esgiot-cdk.mjs deploy AppDependencies	2026-10-06T10:43:24.5519473Z fdp-test-app | 17/21 | 10:43:21 AM | UPDATE_COMPLETE         | AWS::Lambda::Function                       | AppDependencies/CertPackageSweeperFn (CertPackageSweeperFnA3144633) 
deploy-test	Run node scripts/esgiot-cdk.mjs deploy AppDependencies	2026-10-06T10:43:24.5527855Z fdp-test-app | 18/21 | 10:43:21 AM | UPDATE_COMPLETE         | AWS::Lambda::Function                       | AppDependencies/ApiFn (ApiFnE0725F78) 
deploy-test	Run node scripts/esgiot-cdk.mjs deploy AppDependencies	2026-10-06T10:43:24.5536389Z fdp-test-app | 19/21 | 10:43:22 AM | UPDATE_COMPLETE         | AWS::Lambda::Function                       | AppDependencies/ReplayTriggerPublisherFn (ReplayTriggerPublisherFnDB45C8BB) 
deploy-test	Run node scripts/esgiot-cdk.mjs deploy AppDependencies	2026-10-06T10:43:31.2205864Z fdp-test-app | 20/21 | 10:43:27 AM | UPDATE_COMPLETE_CLEANUP | AWS::CloudFormation::Stack                  | fdp-test-app 
deploy-test	Run node scripts/esgiot-cdk.mjs deploy AppDependencies	2026-10-06T10:43:31.2216638Z fdp-test-app | 20/21 | 10:43:29 AM | UPDATE_COMPLETE         | AWS::CloudFormation::Stack                  | fdp-test-app 
deploy-test	Run node scripts/esgiot-cdk.mjs deploy AppDependencies	2026-10-06T10:43:32.5472531Z 
deploy-test	Run node scripts/esgiot-cdk.mjs deploy AppDependencies	2026-10-06T10:43:32.5473734Z ✅  AppDependencies (fdp-test-app)
deploy-test	Run node scripts/esgiot-cdk.mjs deploy AppDependencies	2026-10-06T10:43:32.5474056Z 
deploy-test	Run node scripts/esgiot-cdk.mjs deploy AppDependencies	2026-10-06T10:43:32.5474221Z ✨  Deployment time: 27.51s
deploy-test	Run node scripts/esgiot-cdk.mjs deploy AppDependencies	2026-10-06T10:43:32.5474372Z 
deploy-test	Run node scripts/esgiot-cdk.mjs deploy AppDependencies	2026-10-06T10:43:32.5474459Z Outputs:
deploy-test	Run node scripts/esgiot-cdk.mjs deploy AppDependencies	2026-10-06T10:43:32.5474815Z AppDependencies.AdminApiDomainHostedZoneId = ZL327KTPIQFUL
deploy-test	Run node scripts/esgiot-cdk.mjs deploy AppDependencies	2026-10-06T10:43:32.5475431Z AppDependencies.AdminApiDomainTarget = d-wch0foz7b3.execute-api.ap-southeast-1.amazonaws.com
deploy-test	Run node scripts/esgiot-cdk.mjs deploy AppDependencies	2026-10-06T10:43:32.5476239Z AppDependencies.AdminApiEndpointACFD5967 = https://ldark4ozek.execute-api.ap-southeast-1.amazonaws.com/test/
deploy-test	Run node scripts/esgiot-cdk.mjs deploy AppDependencies	2026-10-06T10:43:32.5476889Z AppDependencies.AdminApiUrl = https://api.bio-nexa.com/api/v1/
deploy-test	Run node scripts/esgiot-cdk.mjs deploy AppDependencies	2026-10-06T10:43:32.5477498Z AppDependencies.AdminBootstrapRunnerProjectName = fdp-test-admin-bootstrap-runner
deploy-test	Run node scripts/esgiot-cdk.mjs deploy AppDependencies	2026-10-06T10:43:32.5478527Z AppDependencies.AdminWebAmplifyAppId = d29sdr89i4zl0
deploy-test	Run node scripts/esgiot-cdk.mjs deploy AppDependencies	2026-10-06T10:43:32.5478850Z AppDependencies.AdminWebAmplifyBranchName = main
deploy-test	Run node scripts/esgiot-cdk.mjs deploy AppDependencies	2026-10-06T10:43:32.5479380Z AppDependencies.AdminWebAmplifyDefaultDomain = d29sdr89i4zl0.amplifyapp.com
deploy-test	Run node scripts/esgiot-cdk.mjs deploy AppDependencies	2026-10-06T10:43:32.5479848Z AppDependencies.AdminWebOrigin = https://admin.bio-nexa.com
deploy-test	Run node scripts/esgiot-cdk.mjs deploy AppDependencies	2026-10-06T10:43:32.5480244Z AppDependencies.ArchiveQueueUrl = https://sqs.ap-southeast-1.amazonaws.com/065986019555/fdp-test-archive
deploy-test	Run node scripts/esgiot-cdk.mjs deploy AppDependencies	2026-10-06T10:43:32.5480737Z AppDependencies.CertPackageKeyArn = arn:aws:kms:ap-southeast-1:065986019555:key/92a4f862-7dc0-4260-8132-5d2b1953c31b
deploy-test	Run node scripts/esgiot-cdk.mjs deploy AppDependencies	2026-10-06T10:43:32.5481208Z AppDependencies.DataKeyArn = arn:aws:kms:ap-southeast-1:065986019555:key/22af85c4-76d3-40c9-a849-0621740afe6c
deploy-test	Run node scripts/esgiot-cdk.mjs deploy AppDependencies	2026-10-06T10:43:32.5481652Z AppDependencies.DbEndpointAddress = fdp-test-db.c30ie84saulu.ap-southeast-1.rds.amazonaws.com
deploy-test	Run node scripts/esgiot-cdk.mjs deploy AppDependencies	2026-10-06T10:43:32.5482219Z AppDependencies.DbSecretArn = arn:aws:secretsmanager:ap-southeast-1:065986019555:secret:fdp-test-rds-credentials-hBessK
deploy-test	Run node scripts/esgiot-cdk.mjs deploy AppDependencies	2026-10-06T10:43:32.5482646Z AppDependencies.DeviceApiDomainHostedZoneId = ZL327KTPIQFUL
deploy-test	Run node scripts/esgiot-cdk.mjs deploy AppDependencies	2026-10-06T10:43:32.5483018Z AppDependencies.DeviceApiDomainTarget = d-o3ijadoene.execute-api.ap-southeast-1.amazonaws.com
deploy-test	Run node scripts/esgiot-cdk.mjs deploy AppDependencies	2026-10-06T10:43:32.5483502Z AppDependencies.DeviceApiEndpoint6E8144A4 = https://t363q8o51b.execute-api.ap-southeast-1.amazonaws.com/test/
deploy-test	Run node scripts/esgiot-cdk.mjs deploy AppDependencies	2026-10-06T10:43:32.5483901Z AppDependencies.DeviceApiUrl = https://device-api.bio-nexa.com/
deploy-test	Run node scripts/esgiot-cdk.mjs deploy AppDependencies	2026-10-06T10:43:32.5484211Z AppDependencies.ExportBucketName = fdp-test-export-065986019555
deploy-test	Run node scripts/esgiot-cdk.mjs deploy AppDependencies	2026-10-06T10:43:32.5484681Z AppDependencies.IngressQueueUrl = https://sqs.ap-southeast-1.amazonaws.com/065986019555/fdp-test-ingress
deploy-test	Run node scripts/esgiot-cdk.mjs deploy AppDependencies	2026-10-06T10:43:32.5485167Z AppDependencies.MediaBucketName = fdp-test-media-065986019555
deploy-test	Run node scripts/esgiot-cdk.mjs deploy AppDependencies	2026-10-06T10:43:32.5485487Z AppDependencies.MigrationRunnerProjectName = fdp-test-migration-runner
deploy-test	Run node scripts/esgiot-cdk.mjs deploy AppDependencies	2026-10-06T10:43:32.5485899Z AppDependencies.MigrationSourceBucketName = fdp-test-migration-source-065986019555-ap-southeast-1
deploy-test	Run node scripts/esgiot-cdk.mjs deploy AppDependencies	2026-10-06T10:43:32.5486279Z AppDependencies.OnboardingApiDomainHostedZoneId = ZL327KTPIQFUL
deploy-test	Run node scripts/esgiot-cdk.mjs deploy AppDependencies	2026-10-06T10:43:32.5486667Z AppDependencies.OnboardingApiDomainTarget = d-w75verkd54.execute-api.ap-southeast-1.amazonaws.com
deploy-test	Run node scripts/esgiot-cdk.mjs deploy AppDependencies	2026-10-06T10:43:32.5487329Z AppDependencies.OnboardingApiEndpointFDF673B9 = https://wxeml7cc33.execute-api.ap-southeast-1.amazonaws.com/test/
deploy-test	Run node scripts/esgiot-cdk.mjs deploy AppDependencies	2026-10-06T10:43:32.5488026Z AppDependencies.OnboardingApiUrl = https://onboard-api.bio-nexa.com/
deploy-test	Run node scripts/esgiot-cdk.mjs deploy AppDependencies	2026-10-06T10:43:32.5488423Z AppDependencies.OtaBucketName = fdp-test-ota-065986019555
deploy-test	Run node scripts/esgiot-cdk.mjs deploy AppDependencies	2026-10-06T10:43:32.5488813Z AppDependencies.OtaSigningKeyArn = arn:aws:kms:ap-southeast-1:065986019555:key/2f3b0c18-1618-4547-8188-59cd4be554f9
deploy-test	Run node scripts/esgiot-cdk.mjs deploy AppDependencies	2026-10-06T10:43:32.5489458Z AppDependencies.QuarantineQueueUrl = https://sqs.ap-southeast-1.amazonaws.com/065986019555/fdp-test-quarantine
deploy-test	Run node scripts/esgiot-cdk.mjs deploy AppDependencies	2026-10-06T10:43:32.5490042Z AppDependencies.RawBucketName = fdp-test-raw-065986019555
deploy-test	Run node scripts/esgiot-cdk.mjs deploy AppDependencies	2026-10-06T10:43:32.5490861Z AppDependencies.ReplayQueueUrl = https://sqs.ap-southeast-1.amazonaws.com/065986019555/fdp-test-replay
deploy-test	Run node scripts/esgiot-cdk.mjs deploy AppDependencies	2026-10-06T10:43:32.5491666Z AppDependencies.RuleErrorQueueUrl = https://sqs.ap-southeast-1.amazonaws.com/065986019555/fdp-test-iot-rule-error
deploy-test	Run node scripts/esgiot-cdk.mjs deploy AppDependencies	2026-10-06T10:43:32.5492378Z AppDependencies.TruststoreBucketName = fdp-test-mtls-truststore-065986019555
deploy-test	Run node scripts/esgiot-cdk.mjs deploy AppDependencies	2026-10-06T10:43:32.5492913Z AppDependencies.UserPoolClientId = 5ljdjsf9g563mc1vdc7vjdjm09
deploy-test	Run node scripts/esgiot-cdk.mjs deploy AppDependencies	2026-10-06T10:43:32.5493358Z AppDependencies.UserPoolId = ap-southeast-1_hZMX8LpFo
deploy-test	Run node scripts/esgiot-cdk.mjs deploy AppDependencies	2026-10-06T10:43:32.5493661Z Stack ARN:
deploy-test	Run node scripts/esgiot-cdk.mjs deploy AppDependencies	2026-10-06T10:43:32.5494163Z arn:aws:cloudformation:ap-southeast-1:065986019555:stack/fdp-test-app/f6ae9780-b495-11f1-9a00-02ffeb9f5f63
deploy-test	Run node scripts/esgiot-cdk.mjs deploy AppDependencies	2026-10-06T10:43:32.5494540Z 
deploy-test	Run node scripts/esgiot-cdk.mjs deploy AppDependencies	2026-10-06T10:43:32.5494731Z ✨  Total time: 97.49s
deploy-test	Run node scripts/esgiot-cdk.mjs deploy AppDependencies	2026-10-06T10:43:32.5494878Z 
deploy-test	Post Run aws-actions/configure-aws-credentials@v6.3.0	﻿2026-10-06T10:43:32.7113448Z Post job cleanup.
deploy-test	Post Run actions/setup-node@v5	﻿2026-10-06T10:43:32.7678825Z Post job cleanup.
deploy-test	Post Run actions/setup-node@v5	2026-10-06T10:43:32.8550073Z (node:20588) [DEP0040] DeprecationWarning: The `punycode` module is deprecated. Please use a userland alternative instead.
deploy-test	Post Run actions/setup-node@v5	2026-10-06T10:43:32.8550633Z (Use `node --trace-deprecation ...` to show where the warning was created)
deploy-test	Post Run actions/setup-node@v5	2026-10-06T10:43:32.8552684Z Cache hit occurred on the primary key node-cache-Linux-x64-pnpm-75c7fc907608ab439a8b09d5d0397666b4d43ed5b2640c9ca959afdd991ed814, not saving cache.
deploy-test	Post Run pnpm/action-setup@v6	﻿2026-10-06T10:43:32.8640307Z Post job cleanup.
deploy-test	Post Run pnpm/action-setup@v6	2026-10-06T10:43:32.9561161Z Pruning is unnecessary.
deploy-test	Post Run actions/checkout@v7	﻿2026-10-06T10:43:32.9735336Z Post job cleanup.
deploy-test	Post Run actions/checkout@v7	2026-10-06T10:43:33.0334296Z [command]/usr/bin/git version
deploy-test	Post Run actions/checkout@v7	2026-10-06T10:43:33.0366116Z git version 2.55.0
deploy-test	Post Run actions/checkout@v7	2026-10-06T10:43:33.0393632Z Temporarily overriding HOME='/home/runner/work/_temp/a94a72c3-dcc1-45d0-bc09-e4c80ae76d92' before making global git config changes
deploy-test	Post Run actions/checkout@v7	2026-10-06T10:43:33.0394527Z Adding repository directory to the temporary git global config as a safe directory
deploy-test	Post Run actions/checkout@v7	2026-10-06T10:43:33.0397120Z [command]/usr/bin/git config --global --add safe.directory /home/runner/work/food-digester-platform/food-digester-platform
deploy-test	Post Run actions/checkout@v7	2026-10-06T10:43:33.0424680Z Removing SSH command configuration
deploy-test	Post Run actions/checkout@v7	2026-10-06T10:43:33.0428800Z [command]/usr/bin/git config --local --name-only --get-regexp core\.sshCommand
deploy-test	Post Run actions/checkout@v7	2026-10-06T10:43:33.0459374Z [command]/usr/bin/git submodule foreach --recursive sh -c "git config --local --name-only --get-regexp 'core\.sshCommand' && git config --local --unset-all 'core.sshCommand' || :"
deploy-test	Post Run actions/checkout@v7	2026-10-06T10:43:33.0656817Z Removing HTTP extra header
deploy-test	Post Run actions/checkout@v7	2026-10-06T10:43:33.0662917Z [command]/usr/bin/git config --local --name-only --get-regexp http\.https\:\/\/github\.com\/\.extraheader
deploy-test	Post Run actions/checkout@v7	2026-10-06T10:43:33.0693455Z [command]/usr/bin/git submodule foreach --recursive sh -c "git config --local --name-only --get-regexp 'http\.https\:\/\/github\.com\/\.extraheader' && git config --local --unset-all 'http.https://github.com/.extraheader' || :"
deploy-test	Post Run actions/checkout@v7	2026-10-06T10:43:33.0894300Z Removing includeIf entries pointing to credentials config files
deploy-test	Post Run actions/checkout@v7	2026-10-06T10:43:33.0899977Z [command]/usr/bin/git config --local --name-only --get-regexp ^includeIf\.gitdir:
deploy-test	Post Run actions/checkout@v7	2026-10-06T10:43:33.0932338Z [command]/usr/bin/git submodule foreach --recursive git config --local --show-origin --name-only --get-regexp remote.origin.url
deploy-test	Complete job	﻿2026-10-06T10:43:33.1226477Z Cleaning up orphan processes
