verify	Run pnpm verify	﻿2026-10-06T04:06:27.0486956Z ##[group]Run pnpm verify
verify	Run pnpm verify	2026-10-06T04:06:27.0487142Z ^[[36;1mpnpm verify^[[0m
verify	Run pnpm verify	2026-10-06T04:06:27.0540928Z shell: /usr/bin/bash -e {0}
verify	Run pnpm verify	2026-10-06T04:06:27.0541081Z env:
verify	Run pnpm verify	2026-10-06T04:06:27.0541227Z   PNPM_HOME: /home/runner/setup-pnpm/node_modules/.bin
verify	Run pnpm verify	2026-10-06T04:06:27.0541410Z ##[endgroup]
verify	Run pnpm verify	2026-10-06T04:06:27.2167659Z 
verify	Run pnpm verify	2026-10-06T04:06:27.2168175Z > food-digester-platform@0.0.0 verify /home/runner/work/food-digester-platform/food-digester-platform
verify	Run pnpm verify	2026-10-06T04:06:27.2170364Z > pnpm lint && pnpm format:check && pnpm typecheck && pnpm openapi:check && pnpm test && pnpm build && pnpm check:boundaries && pnpm check:schemas && pnpm check:migrations && pnpm check:evidence && pnpm check:secrets && pnpm check:sensitive-sinks && pnpm check:admin-web-delivery && pnpm check:admin-web-e2e && pnpm check:cmd-ota-delivery && pnpm test:device-contracts /tmp/fdp-device-contracts-gate.json && pnpm test:iot-integration /tmp/fdp-iot-integration-gate.json && pnpm test:core-api-integration /tmp/fdp-core-api-integration-gate.json && pnpm test:admin-e2e-suite /tmp/fdp-admin-e2e-gate.json && pnpm test:security-suite /tmp/fdp-security-gate.json && pnpm test:reliability-suite /tmp/fdp-reliability-gate.json && pnpm test:prototype-regression /tmp/fdp-prototype-regression-gate.json
verify	Run pnpm verify	2026-10-06T04:06:27.2172593Z 
verify	Run pnpm verify	2026-10-06T04:06:27.3820715Z 
verify	Run pnpm verify	2026-10-06T04:06:27.3821615Z > food-digester-platform@0.0.0 lint /home/runner/work/food-digester-platform/food-digester-platform
verify	Run pnpm verify	2026-10-06T04:06:27.3822132Z > eslint .
verify	Run pnpm verify	2026-10-06T04:06:27.3822242Z 
verify	Run pnpm verify	2026-10-06T04:06:35.3131816Z 
verify	Run pnpm verify	2026-10-06T04:06:35.3132845Z > food-digester-platform@0.0.0 format:check /home/runner/work/food-digester-platform/food-digester-platform
verify	Run pnpm verify	2026-10-06T04:06:35.3133588Z > prettier --check .
verify	Run pnpm verify	2026-10-06T04:06:35.3133777Z 
verify	Run pnpm verify	2026-10-06T04:06:35.3645582Z Checking formatting...
verify	Run pnpm verify	2026-10-06T04:06:43.5862267Z All matched files use Prettier code style!
verify	Run pnpm verify	2026-10-06T04:06:43.8216639Z 
verify	Run pnpm verify	2026-10-06T04:06:43.8217397Z > food-digester-platform@0.0.0 typecheck /home/runner/work/food-digester-platform/food-digester-platform
verify	Run pnpm verify	2026-10-06T04:06:43.8217777Z > turbo run typecheck
verify	Run pnpm verify	2026-10-06T04:06:43.8217871Z 
verify	Run pnpm verify	2026-10-06T04:06:43.8449980Z 
verify	Run pnpm verify	2026-10-06T04:06:43.8450735Z Attention:
verify	Run pnpm verify	2026-10-06T04:06:43.8451102Z Turborepo now collects completely anonymous telemetry regarding usage.
verify	Run pnpm verify	2026-10-06T04:06:43.8451471Z This information is used to shape the Turborepo roadmap and prioritize features.
verify	Run pnpm verify	2026-10-06T04:06:43.8451952Z You can learn more, including how to opt-out if you'd not like to participate in this anonymous program, by visiting the following URL:
verify	Run pnpm verify	2026-10-06T04:06:43.8452325Z https://turborepo.dev/docs/telemetry
verify	Run pnpm verify	2026-10-06T04:06:43.8452470Z 
verify	Run pnpm verify	2026-10-06T04:06:43.8759386Z 
verify	Run pnpm verify	2026-10-06T04:06:43.8761375Z    • Packages in scope: @fdp/admin-web, @fdp/archive-worker, @fdp/auth, @fdp/aws-clients, @fdp/cloud-api, @fdp/contracts, @fdp/database, @fdp/domain, @fdp/infra, @fdp/ingestion-worker, @fdp/media, @fdp/observability, @fdp/summary-worker
verify	Run pnpm verify	2026-10-06T04:06:43.8762749Z    • Running typecheck in 13 packages
verify	Run pnpm verify	2026-10-06T04:06:43.8763314Z    • Remote caching disabled
verify	Run pnpm verify	2026-10-06T04:06:43.8763593Z 
verify	Run pnpm verify	2026-10-06T04:06:44.6905247Z ##[group]@fdp/contracts:build
verify	Run pnpm verify	2026-10-06T04:06:44.6979723Z cache miss, executing badb40bf08f6da73
verify	Run pnpm verify	2026-10-06T04:06:44.7038653Z 
verify	Run pnpm verify	2026-10-06T04:06:44.7123150Z > @fdp/contracts@0.0.0 build /home/runner/work/food-digester-platform/food-digester-platform/contracts
verify	Run pnpm verify	2026-10-06T04:06:44.7185077Z > node -e "console.log('@fdp/contracts 为源码契约包：内部使用 .ts 扩展名互引，不经 tsc 构建；消费方经 tsx/打包器直接使用源码')"
verify	Run pnpm verify	2026-10-06T04:06:44.7309094Z 
verify	Run pnpm verify	2026-10-06T04:06:44.7363919Z @fdp/contracts 为源码契约包：内部使用 .ts 扩展名互引，不经 tsc 构建；消费方经 tsx/打包器直接使用源码
verify	Run pnpm verify	2026-10-06T04:06:44.7410588Z ##[endgroup]
verify	Run pnpm verify	2026-10-06T04:06:47.4722263Z ##[group]@fdp/observability:build
verify	Run pnpm verify	2026-10-06T04:06:47.4757965Z cache miss, executing b22046eabd7182a9
verify	Run pnpm verify	2026-10-06T04:06:47.4871331Z 
verify	Run pnpm verify	2026-10-06T04:06:47.4939912Z > @fdp/observability@0.0.0 build /home/runner/work/food-digester-platform/food-digester-platform/packages/observability
verify	Run pnpm verify	2026-10-06T04:06:47.4969417Z > tsc -p tsconfig.build.json
verify	Run pnpm verify	2026-10-06T04:06:47.5069089Z 
verify	Run pnpm verify	2026-10-06T04:06:47.5126305Z ##[endgroup]
verify	Run pnpm verify	2026-10-06T04:06:47.8500996Z ##[group]@fdp/observability:typecheck
verify	Run pnpm verify	2026-10-06T04:06:47.8610887Z cache miss, executing 85676c47b5f4ab95
verify	Run pnpm verify	2026-10-06T04:06:47.8739267Z 
verify	Run pnpm verify	2026-10-06T04:06:47.8860191Z > @fdp/observability@0.0.0 typecheck /home/runner/work/food-digester-platform/food-digester-platform/packages/observability
verify	Run pnpm verify	2026-10-06T04:06:47.8921718Z > tsc -p tsconfig.json
verify	Run pnpm verify	2026-10-06T04:06:47.8955225Z 
verify	Run pnpm verify	2026-10-06T04:06:47.8959129Z ##[endgroup]
verify	Run pnpm verify	2026-10-06T04:06:49.2532658Z ##[group]@fdp/domain:build
verify	Run pnpm verify	2026-10-06T04:06:49.2597859Z cache miss, executing 47ef0249a0b99843
verify	Run pnpm verify	2026-10-06T04:06:49.2656384Z 
verify	Run pnpm verify	2026-10-06T04:06:49.2690089Z > @fdp/domain@0.0.0 build /home/runner/work/food-digester-platform/food-digester-platform/packages/domain
verify	Run pnpm verify	2026-10-06T04:06:49.2769770Z > tsc -p tsconfig.build.json
verify	Run pnpm verify	2026-10-06T04:06:49.2854501Z 
verify	Run pnpm verify	2026-10-06T04:06:49.2890556Z ##[endgroup]
verify	Run pnpm verify	2026-10-06T04:06:49.4149501Z ##[group]@fdp/domain:typecheck
verify	Run pnpm verify	2026-10-06T04:06:49.4154760Z cache miss, executing fd26312a4c0953c8
verify	Run pnpm verify	2026-10-06T04:06:49.4155266Z 
verify	Run pnpm verify	2026-10-06T04:06:49.4155849Z > @fdp/domain@0.0.0 typecheck /home/runner/work/food-digester-platform/food-digester-platform/packages/domain
verify	Run pnpm verify	2026-10-06T04:06:49.4156499Z > tsc -p tsconfig.json
verify	Run pnpm verify	2026-10-06T04:06:49.4156775Z 
verify	Run pnpm verify	2026-10-06T04:06:49.4157166Z ##[endgroup]
verify	Run pnpm verify	2026-10-06T04:06:49.6244838Z ##[group]@fdp/contracts:typecheck
verify	Run pnpm verify	2026-10-06T04:06:49.6253648Z cache miss, executing aa15856efcfb63ca
verify	Run pnpm verify	2026-10-06T04:06:49.6254224Z 
verify	Run pnpm verify	2026-10-06T04:06:49.6254836Z > @fdp/contracts@0.0.0 typecheck /home/runner/work/food-digester-platform/food-digester-platform/contracts
verify	Run pnpm verify	2026-10-06T04:06:49.6255531Z > tsc -p tsconfig.json
verify	Run pnpm verify	2026-10-06T04:06:49.6255818Z 
verify	Run pnpm verify	2026-10-06T04:06:49.6256253Z ##[endgroup]
verify	Run pnpm verify	2026-10-06T04:06:49.8312857Z ##[group]@fdp/database:generate
verify	Run pnpm verify	2026-10-06T04:06:49.8347081Z cache miss, executing 6f29d7861b790d41
verify	Run pnpm verify	2026-10-06T04:06:49.8405525Z 
verify	Run pnpm verify	2026-10-06T04:06:49.8428624Z > @fdp/database@0.0.0 generate /home/runner/work/food-digester-platform/food-digester-platform/packages/database
verify	Run pnpm verify	2026-10-06T04:06:49.8445142Z > prisma generate
verify	Run pnpm verify	2026-10-06T04:06:49.8478951Z 
verify	Run pnpm verify	2026-10-06T04:06:49.8479537Z Loaded Prisma config from prisma.config.ts.
verify	Run pnpm verify	2026-10-06T04:06:49.8479917Z 
verify	Run pnpm verify	2026-10-06T04:06:49.8480227Z Prisma schema loaded from prisma/schema.prisma.
verify	Run pnpm verify	2026-10-06T04:06:49.8480567Z 
verify	Run pnpm verify	2026-10-06T04:06:49.8481269Z ✔ Generated Prisma Client (7.9.1) to ./src/generated in 968ms
verify	Run pnpm verify	2026-10-06T04:06:49.8481644Z 
verify	Run pnpm verify	2026-10-06T04:06:49.8482135Z ##[endgroup]
verify	Run pnpm verify	2026-10-06T04:06:50.2680526Z ##[group]@fdp/aws-clients:build
verify	Run pnpm verify	2026-10-06T04:06:50.2717870Z cache miss, executing 72b741ff8e28f9c8
verify	Run pnpm verify	2026-10-06T04:06:50.2724971Z 
verify	Run pnpm verify	2026-10-06T04:06:50.2728599Z > @fdp/aws-clients@0.0.0 build /home/runner/work/food-digester-platform/food-digester-platform/packages/aws-clients
verify	Run pnpm verify	2026-10-06T04:06:50.2729477Z > tsc -p tsconfig.build.json
verify	Run pnpm verify	2026-10-06T04:06:50.2729758Z 
verify	Run pnpm verify	2026-10-06T04:06:50.2730300Z ##[endgroup]
verify	Run pnpm verify	2026-10-06T04:06:50.3983865Z ##[group]@fdp/aws-clients:typecheck
verify	Run pnpm verify	2026-10-06T04:06:50.3984533Z cache miss, executing 767e47322641a244
verify	Run pnpm verify	2026-10-06T04:06:50.3991070Z 
verify	Run pnpm verify	2026-10-06T04:06:50.4009789Z > @fdp/aws-clients@0.0.0 typecheck /home/runner/work/food-digester-platform/food-digester-platform/packages/aws-clients
verify	Run pnpm verify	2026-10-06T04:06:50.4010685Z > tsc -p tsconfig.json
verify	Run pnpm verify	2026-10-06T04:06:50.4010966Z 
verify	Run pnpm verify	2026-10-06T04:06:50.4011398Z ##[endgroup]
verify	Run pnpm verify	2026-10-06T04:06:52.4271819Z ##[group]@fdp/infra:typecheck
verify	Run pnpm verify	2026-10-06T04:06:52.4281623Z cache miss, executing 4222ae3dde92f349
verify	Run pnpm verify	2026-10-06T04:06:52.4281964Z 
verify	Run pnpm verify	2026-10-06T04:06:52.4282437Z > @fdp/infra@0.0.0 typecheck /home/runner/work/food-digester-platform/food-digester-platform/infra
verify	Run pnpm verify	2026-10-06T04:06:52.4283062Z > tsc -p tsconfig.json
verify	Run pnpm verify	2026-10-06T04:06:52.4283273Z 
verify	Run pnpm verify	2026-10-06T04:06:52.4283607Z ##[endgroup]
verify	Run pnpm verify	2026-10-06T04:06:52.7155781Z ##[group]@fdp/database:typecheck
verify	Run pnpm verify	2026-10-06T04:06:52.7156278Z cache miss, executing 31ac5516cf4b4c63
verify	Run pnpm verify	2026-10-06T04:06:52.7156485Z 
verify	Run pnpm verify	2026-10-06T04:06:52.7156935Z > @fdp/database@0.0.0 typecheck /home/runner/work/food-digester-platform/food-digester-platform/packages/database
verify	Run pnpm verify	2026-10-06T04:06:52.7157953Z > tsc -p tsconfig.json
verify	Run pnpm verify	2026-10-06T04:06:52.7158110Z 
verify	Run pnpm verify	2026-10-06T04:06:52.7158357Z ##[endgroup]
verify	Run pnpm verify	2026-10-06T04:06:53.0739532Z ##[group]@fdp/database:build
verify	Run pnpm verify	2026-10-06T04:06:53.0739966Z cache miss, executing d2e9504f281a7867
verify	Run pnpm verify	2026-10-06T04:06:53.0740116Z 
verify	Run pnpm verify	2026-10-06T04:06:53.0740428Z > @fdp/database@0.0.0 build /home/runner/work/food-digester-platform/food-digester-platform/packages/database
verify	Run pnpm verify	2026-10-06T04:06:53.0740761Z > tsc -p tsconfig.build.json
verify	Run pnpm verify	2026-10-06T04:06:53.0740868Z 
verify	Run pnpm verify	2026-10-06T04:06:53.0741020Z ##[endgroup]
verify	Run pnpm verify	2026-10-06T04:06:56.3471207Z ##[group]@fdp/media:typecheck
verify	Run pnpm verify	2026-10-06T04:06:56.3532567Z cache miss, executing b6cf0ab300a221c4
verify	Run pnpm verify	2026-10-06T04:06:56.3595849Z 
verify	Run pnpm verify	2026-10-06T04:06:56.3623207Z > @fdp/media@0.0.0 typecheck /home/runner/work/food-digester-platform/food-digester-platform/packages/media
verify	Run pnpm verify	2026-10-06T04:06:56.3689841Z > tsc -p tsconfig.json
verify	Run pnpm verify	2026-10-06T04:06:56.3779349Z 
verify	Run pnpm verify	2026-10-06T04:06:56.3806966Z ##[endgroup]
verify	Run pnpm verify	2026-10-06T04:06:56.6212365Z ##[group]@fdp/media:build
verify	Run pnpm verify	2026-10-06T04:06:56.6260128Z cache miss, executing 8b966babc723bb0c
verify	Run pnpm verify	2026-10-06T04:06:56.6268996Z 
verify	Run pnpm verify	2026-10-06T04:06:56.6290013Z > @fdp/media@0.0.0 build /home/runner/work/food-digester-platform/food-digester-platform/packages/media
verify	Run pnpm verify	2026-10-06T04:06:56.6306472Z > tsc -p tsconfig.build.json
verify	Run pnpm verify	2026-10-06T04:06:56.6306794Z 
verify	Run pnpm verify	2026-10-06T04:06:56.6307271Z ##[endgroup]
verify	Run pnpm verify	2026-10-06T04:06:57.3825708Z ##[group]@fdp/archive-worker:typecheck
verify	Run pnpm verify	2026-10-06T04:06:57.3836613Z cache miss, executing 52499f59bca6748f
verify	Run pnpm verify	2026-10-06T04:06:57.3837145Z 
verify	Run pnpm verify	2026-10-06T04:06:57.3837805Z > @fdp/archive-worker@0.0.0 typecheck /home/runner/work/food-digester-platform/food-digester-platform/apps/archive-worker
verify	Run pnpm verify	2026-10-06T04:06:57.3838569Z > tsc -p tsconfig.json
verify	Run pnpm verify	2026-10-06T04:06:57.3839803Z 
verify	Run pnpm verify	2026-10-06T04:06:57.3840254Z ##[endgroup]
verify	Run pnpm verify	2026-10-06T04:06:57.6430072Z ##[group]@fdp/auth:build
verify	Run pnpm verify	2026-10-06T04:06:57.6469681Z cache miss, executing 161d25a0bb288877
verify	Run pnpm verify	2026-10-06T04:06:57.6493683Z 
verify	Run pnpm verify	2026-10-06T04:06:57.6494527Z > @fdp/auth@0.0.0 build /home/runner/work/food-digester-platform/food-digester-platform/packages/auth
verify	Run pnpm verify	2026-10-06T04:06:57.6495236Z > tsc -p tsconfig.build.json
verify	Run pnpm verify	2026-10-06T04:06:57.6495541Z 
verify	Run pnpm verify	2026-10-06T04:06:57.6496036Z ##[endgroup]
verify	Run pnpm verify	2026-10-06T04:06:57.7880206Z ##[group]@fdp/summary-worker:typecheck
verify	Run pnpm verify	2026-10-06T04:06:57.7881144Z cache miss, executing e39c112ae5d2bb05
verify	Run pnpm verify	2026-10-06T04:06:57.7909128Z 
verify	Run pnpm verify	2026-10-06T04:06:57.7939778Z > @fdp/summary-worker@0.0.0 typecheck /home/runner/work/food-digester-platform/food-digester-platform/apps/summary-worker
verify	Run pnpm verify	2026-10-06T04:06:57.7940439Z > tsc -p tsconfig.json
verify	Run pnpm verify	2026-10-06T04:06:57.7980582Z 
verify	Run pnpm verify	2026-10-06T04:06:57.7990710Z ##[endgroup]
verify	Run pnpm verify	2026-10-06T04:06:58.1992280Z ##[group]@fdp/auth:typecheck
verify	Run pnpm verify	2026-10-06T04:06:58.2005601Z cache miss, executing d6b21957570b42f6
verify	Run pnpm verify	2026-10-06T04:06:58.2006150Z 
verify	Run pnpm verify	2026-10-06T04:06:58.2006746Z > @fdp/auth@0.0.0 typecheck /home/runner/work/food-digester-platform/food-digester-platform/packages/auth
verify	Run pnpm verify	2026-10-06T04:06:58.2007396Z > tsc -p tsconfig.json
verify	Run pnpm verify	2026-10-06T04:06:58.2007670Z 
verify	Run pnpm verify	2026-10-06T04:06:58.2008132Z ##[endgroup]
verify	Run pnpm verify	2026-10-06T04:07:03.6700000Z ##[group]@fdp/ingestion-worker:typecheck
verify	Run pnpm verify	2026-10-06T04:07:03.6703290Z cache miss, executing be9f2a0b0e7740fd
verify	Run pnpm verify	2026-10-06T04:07:03.6703590Z 
verify	Run pnpm verify	2026-10-06T04:07:03.6704189Z > @fdp/ingestion-worker@0.0.0 typecheck /home/runner/work/food-digester-platform/food-digester-platform/apps/ingestion-worker
verify	Run pnpm verify	2026-10-06T04:07:03.6704795Z > tsc -p tsconfig.json
verify	Run pnpm verify	2026-10-06T04:07:03.6704994Z 
verify	Run pnpm verify	2026-10-06T04:07:03.6705330Z ##[endgroup]
verify	Run pnpm verify	2026-10-06T04:07:06.6514506Z ##[group]@fdp/cloud-api:typecheck
verify	Run pnpm verify	2026-10-06T04:07:06.6515343Z cache miss, executing d0559b6282b3f1ef
verify	Run pnpm verify	2026-10-06T04:07:06.6515696Z 
verify	Run pnpm verify	2026-10-06T04:07:06.6516267Z > @fdp/cloud-api@0.0.0 typecheck /home/runner/work/food-digester-platform/food-digester-platform/apps/cloud-api
verify	Run pnpm verify	2026-10-06T04:07:06.6516884Z > tsc -p tsconfig.json
verify	Run pnpm verify	2026-10-06T04:07:06.6517128Z 
verify	Run pnpm verify	2026-10-06T04:07:06.6517476Z ##[endgroup]
verify	Run pnpm verify	2026-10-06T04:07:06.8611113Z ##[group]@fdp/admin-web:typecheck
verify	Run pnpm verify	2026-10-06T04:07:06.8611621Z cache miss, executing c07355e5713f6ca0
verify	Run pnpm verify	2026-10-06T04:07:06.8612316Z 
verify	Run pnpm verify	2026-10-06T04:07:06.8612871Z > @fdp/admin-web@0.0.0 typecheck /home/runner/work/food-digester-platform/food-digester-platform/apps/admin-web
verify	Run pnpm verify	2026-10-06T04:07:06.8613465Z > tsc -p tsconfig.json && tsc -p tsconfig.e2e.json
verify	Run pnpm verify	2026-10-06T04:07:06.8613660Z 
verify	Run pnpm verify	2026-10-06T04:07:06.8613957Z ##[endgroup]
verify	Run pnpm verify	2026-10-06T04:07:06.8614378Z 
verify	Run pnpm verify	2026-10-06T04:07:06.8614511Z  Tasks:    21 successful, 21 total
verify	Run pnpm verify	2026-10-06T04:07:06.8614859Z Cached:    0 cached, 21 total
verify	Run pnpm verify	2026-10-06T04:07:06.8615136Z   Time:    23s 
verify	Run pnpm verify	2026-10-06T04:07:06.8615245Z 
verify	Run pnpm verify	2026-10-06T04:07:07.0336584Z 
verify	Run pnpm verify	2026-10-06T04:07:07.0338325Z > food-digester-platform@0.0.0 openapi:check /home/runner/work/food-digester-platform/food-digester-platform
verify	Run pnpm verify	2026-10-06T04:07:07.0339908Z > node scripts/build-openapi.mjs --check && redocly lint contracts/rest/openapi-base.json "contracts/rest/*-api.json" contracts/rest/openapi.bundle.json --extends spec
verify	Run pnpm verify	2026-10-06T04:07:07.0340668Z 
verify	Run pnpm verify	2026-10-06T04:07:07.0831645Z OpenAPI bundle 新鲜：contracts/rest/openapi.bundle.json
verify	Run pnpm verify	2026-10-06T04:07:07.2457115Z ^[[90mvalidating contracts/rest/openapi-base.json...
verify	Run pnpm verify	2026-10-06T04:07:07.2575083Z ^[[39m^[[90mcontracts/rest/openapi-base.json: validated in 13ms
verify	Run pnpm verify	2026-10-06T04:07:07.2575633Z 
verify	Run pnpm verify	2026-10-06T04:07:07.2576361Z ^[[39m^[[90mvalidating contracts/rest/prototype-planned-api.json...
verify	Run pnpm verify	2026-10-06T04:07:07.2697613Z ^[[39m^[[90mcontracts/rest/prototype-planned-api.json: validated in 11ms
verify	Run pnpm verify	2026-10-06T04:07:07.2698330Z 
verify	Run pnpm verify	2026-10-06T04:07:07.2698998Z ^[[39m^[[90mvalidating contracts/rest/device-sync-api.json...
verify	Run pnpm verify	2026-10-06T04:07:07.2822153Z ^[[39m^[[90mcontracts/rest/device-sync-api.json: validated in 14ms
verify	Run pnpm verify	2026-10-06T04:07:07.2822552Z 
verify	Run pnpm verify	2026-10-06T04:07:07.2822846Z ^[[39m^[[90mvalidating contracts/rest/device-ota-api.json...
verify	Run pnpm verify	2026-10-06T04:07:07.2860194Z ^[[39m^[[90mcontracts/rest/device-ota-api.json: validated in 4ms
verify	Run pnpm verify	2026-10-06T04:07:07.2860507Z 
verify	Run pnpm verify	2026-10-06T04:07:07.2860789Z ^[[39m^[[90mvalidating contracts/rest/device-onboarding-api.json...
verify	Run pnpm verify	2026-10-06T04:07:07.2949310Z ^[[39m^[[90mcontracts/rest/device-onboarding-api.json: validated in 9ms
verify	Run pnpm verify	2026-10-06T04:07:07.2949671Z 
verify	Run pnpm verify	2026-10-06T04:07:07.2949841Z ^[[39m^[[90mvalidating contracts/rest/device-media-api.json...
verify	Run pnpm verify	2026-10-06T04:07:07.2999890Z ^[[39m^[[90mcontracts/rest/device-media-api.json: validated in 5ms
verify	Run pnpm verify	2026-10-06T04:07:07.3000583Z 
verify	Run pnpm verify	2026-10-06T04:07:07.3001057Z ^[[39m^[[90mvalidating contracts/rest/device-deactivate-api.json...
verify	Run pnpm verify	2026-10-06T04:07:07.3065705Z ^[[39m^[[90mcontracts/rest/device-deactivate-api.json: validated in 8ms
verify	Run pnpm verify	2026-10-06T04:07:07.3070773Z 
verify	Run pnpm verify	2026-10-06T04:07:07.3079732Z ^[[39m^[[90mvalidating contracts/rest/device-certificate-api.json...
verify	Run pnpm verify	2026-10-06T04:07:07.3111117Z ^[[39m^[[90mcontracts/rest/device-certificate-api.json: validated in 5ms
verify	Run pnpm verify	2026-10-06T04:07:07.3111501Z 
verify	Run pnpm verify	2026-10-06T04:07:07.3112471Z ^[[39m^[[90mvalidating contracts/rest/admin-user-api.json...
verify	Run pnpm verify	2026-10-06T04:07:07.3175420Z ^[[39m^[[90mcontracts/rest/admin-user-api.json: validated in 7ms
verify	Run pnpm verify	2026-10-06T04:07:07.3175818Z 
verify	Run pnpm verify	2026-10-06T04:07:07.3176481Z ^[[39m^[[90mvalidating contracts/rest/admin-site-api.json...
verify	Run pnpm verify	2026-10-06T04:07:07.3249856Z ^[[39m^[[90mcontracts/rest/admin-site-api.json: validated in 8ms
verify	Run pnpm verify	2026-10-06T04:07:07.3250128Z 
verify	Run pnpm verify	2026-10-06T04:07:07.3250458Z ^[[39m^[[90mvalidating contracts/rest/admin-settings-api.json...
verify	Run pnpm verify	2026-10-06T04:07:07.3283294Z ^[[39m^[[90mcontracts/rest/admin-settings-api.json: validated in 4ms
verify	Run pnpm verify	2026-10-06T04:07:07.3283544Z 
verify	Run pnpm verify	2026-10-06T04:07:07.3283787Z ^[[39m^[[90mvalidating contracts/rest/admin-replay-api.json...
verify	Run pnpm verify	2026-10-06T04:07:07.3308115Z ^[[39m^[[90mcontracts/rest/admin-replay-api.json: validated in 3ms
verify	Run pnpm verify	2026-10-06T04:07:07.3308351Z 
verify	Run pnpm verify	2026-10-06T04:07:07.3308630Z ^[[39m^[[90mvalidating contracts/rest/admin-ota-package-api.json...
verify	Run pnpm verify	2026-10-06T04:07:07.3342381Z ^[[39m^[[90mcontracts/rest/admin-ota-package-api.json: validated in 4ms
verify	Run pnpm verify	2026-10-06T04:07:07.3342675Z 
verify	Run pnpm verify	2026-10-06T04:07:07.3342955Z ^[[39m^[[90mvalidating contracts/rest/admin-ota-campaign-api.json...
verify	Run pnpm verify	2026-10-06T04:07:07.3406824Z ^[[39m^[[90mcontracts/rest/admin-ota-campaign-api.json: validated in 7ms
verify	Run pnpm verify	2026-10-06T04:07:07.3407132Z 
verify	Run pnpm verify	2026-10-06T04:07:07.3407847Z ^[[39m^[[90mvalidating contracts/rest/admin-onboarding-api.json...
verify	Run pnpm verify	2026-10-06T04:07:07.3450640Z ^[[39m^[[90mcontracts/rest/admin-onboarding-api.json: validated in 5ms
verify	Run pnpm verify	2026-10-06T04:07:07.3450929Z 
verify	Run pnpm verify	2026-10-06T04:07:07.3451175Z ^[[39m^[[90mvalidating contracts/rest/admin-media-api.json...
verify	Run pnpm verify	2026-10-06T04:07:07.3507400Z ^[[39m^[[90mcontracts/rest/admin-media-api.json: validated in 6ms
verify	Run pnpm verify	2026-10-06T04:07:07.3507705Z 
verify	Run pnpm verify	2026-10-06T04:07:07.3507994Z ^[[39m^[[90mvalidating contracts/rest/admin-license-api.json...
verify	Run pnpm verify	2026-10-06T04:07:07.3544852Z ^[[39m^[[90mcontracts/rest/admin-license-api.json: validated in 4ms
verify	Run pnpm verify	2026-10-06T04:07:07.3545325Z 
verify	Run pnpm verify	2026-10-06T04:07:07.3545547Z ^[[39m^[[90mvalidating contracts/rest/admin-esg-api.json...
verify	Run pnpm verify	2026-10-06T04:07:07.3613479Z ^[[39m^[[90mcontracts/rest/admin-esg-api.json: validated in 7ms
verify	Run pnpm verify	2026-10-06T04:07:07.3613747Z 
verify	Run pnpm verify	2026-10-06T04:07:07.3614024Z ^[[39m^[[90mvalidating contracts/rest/admin-device-user-api.json...
verify	Run pnpm verify	2026-10-06T04:07:07.3652562Z ^[[39m^[[90mcontracts/rest/admin-device-user-api.json: validated in 4ms
verify	Run pnpm verify	2026-10-06T04:07:07.3652885Z 
verify	Run pnpm verify	2026-10-06T04:07:07.3653213Z ^[[39m^[[90mvalidating contracts/rest/admin-device-status-api.json...
verify	Run pnpm verify	2026-10-06T04:07:07.3673419Z ^[[39m^[[90mcontracts/rest/admin-device-status-api.json: validated in 3ms
verify	Run pnpm verify	2026-10-06T04:07:07.3673727Z 
verify	Run pnpm verify	2026-10-06T04:07:07.3674063Z ^[[39m^[[90mvalidating contracts/rest/admin-device-retirement-api.json...
verify	Run pnpm verify	2026-10-06T04:07:07.3694649Z ^[[39m^[[90mcontracts/rest/admin-device-retirement-api.json: validated in 3ms
verify	Run pnpm verify	2026-10-06T04:07:07.3695238Z 
verify	Run pnpm verify	2026-10-06T04:07:07.3695739Z ^[[39m^[[90mvalidating contracts/rest/admin-device-console-api.json...
verify	Run pnpm verify	2026-10-06T04:07:07.3732324Z ^[[39m^[[90mcontracts/rest/admin-device-console-api.json: validated in 4ms
verify	Run pnpm verify	2026-10-06T04:07:07.3732652Z 
verify	Run pnpm verify	2026-10-06T04:07:07.3732979Z ^[[39m^[[90mvalidating contracts/rest/admin-device-assignment-api.json...
verify	Run pnpm verify	2026-10-06T04:07:07.3756208Z ^[[39m^[[90mcontracts/rest/admin-device-assignment-api.json: validated in 3ms
verify	Run pnpm verify	2026-10-06T04:07:07.3756604Z 
verify	Run pnpm verify	2026-10-06T04:07:07.3756994Z ^[[39m^[[90mvalidating contracts/rest/admin-device-api.json...
verify	Run pnpm verify	2026-10-06T04:07:07.3794965Z ^[[39m^[[90mcontracts/rest/admin-device-api.json: validated in 4ms
verify	Run pnpm verify	2026-10-06T04:07:07.3795219Z 
verify	Run pnpm verify	2026-10-06T04:07:07.3795472Z ^[[39m^[[90mvalidating contracts/rest/admin-dashboard-api.json...
verify	Run pnpm verify	2026-10-06T04:07:07.3822484Z ^[[39m^[[90mcontracts/rest/admin-dashboard-api.json: validated in 3ms
verify	Run pnpm verify	2026-10-06T04:07:07.3822756Z 
verify	Run pnpm verify	2026-10-06T04:07:07.3823014Z ^[[39m^[[90mvalidating contracts/rest/admin-customer-api.json...
verify	Run pnpm verify	2026-10-06T04:07:07.3850659Z ^[[39m^[[90mcontracts/rest/admin-customer-api.json: validated in 3ms
verify	Run pnpm verify	2026-10-06T04:07:07.3850964Z 
verify	Run pnpm verify	2026-10-06T04:07:07.3851272Z ^[[39m^[[90mvalidating contracts/rest/admin-contract-device-api.json...
verify	Run pnpm verify	2026-10-06T04:07:07.3880870Z ^[[39m^[[90mcontracts/rest/admin-contract-device-api.json: validated in 3ms
verify	Run pnpm verify	2026-10-06T04:07:07.3881211Z 
verify	Run pnpm verify	2026-10-06T04:07:07.3881474Z ^[[39m^[[90mvalidating contracts/rest/admin-contract-api.json...
verify	Run pnpm verify	2026-10-06T04:07:07.3911697Z ^[[39m^[[90mcontracts/rest/admin-contract-api.json: validated in 4ms
verify	Run pnpm verify	2026-10-06T04:07:07.3912025Z 
verify	Run pnpm verify	2026-10-06T04:07:07.3912364Z ^[[39m^[[90mvalidating contracts/rest/admin-consumable-request-api.json...
verify	Run pnpm verify	2026-10-06T04:07:07.3938881Z ^[[39m^[[90mcontracts/rest/admin-consumable-request-api.json: validated in 3ms
verify	Run pnpm verify	2026-10-06T04:07:07.3939214Z 
verify	Run pnpm verify	2026-10-06T04:07:07.3939501Z ^[[39m^[[90mvalidating contracts/rest/admin-consumable-api.json...
verify	Run pnpm verify	2026-10-06T04:07:07.3967059Z ^[[39m^[[90mcontracts/rest/admin-consumable-api.json: validated in 3ms
verify	Run pnpm verify	2026-10-06T04:07:07.3967363Z 
verify	Run pnpm verify	2026-10-06T04:07:07.3967660Z ^[[39m^[[90mvalidating contracts/rest/admin-configuration-api.json...
verify	Run pnpm verify	2026-10-06T04:07:07.4004462Z ^[[39m^[[90mcontracts/rest/admin-configuration-api.json: validated in 4ms
verify	Run pnpm verify	2026-10-06T04:07:07.4004743Z 
verify	Run pnpm verify	2026-10-06T04:07:07.4004996Z ^[[39m^[[90mvalidating contracts/rest/admin-command-api.json...
verify	Run pnpm verify	2026-10-06T04:07:07.4033244Z ^[[39m^[[90mcontracts/rest/admin-command-api.json: validated in 3ms
verify	Run pnpm verify	2026-10-06T04:07:07.4033473Z 
verify	Run pnpm verify	2026-10-06T04:07:07.4033769Z ^[[39m^[[90mvalidating contracts/rest/admin-certificate-rotation-api.json...
verify	Run pnpm verify	2026-10-06T04:07:07.4050676Z ^[[39m^[[90mcontracts/rest/admin-certificate-rotation-api.json: validated in 2ms
verify	Run pnpm verify	2026-10-06T04:07:07.4050949Z 
verify	Run pnpm verify	2026-10-06T04:07:07.4051176Z ^[[39m^[[90mvalidating contracts/rest/admin-audit-api.json...
verify	Run pnpm verify	2026-10-06T04:07:07.4075290Z ^[[39m^[[90mcontracts/rest/admin-audit-api.json: validated in 3ms
verify	Run pnpm verify	2026-10-06T04:07:07.4075518Z 
verify	Run pnpm verify	2026-10-06T04:07:07.4075746Z ^[[39m^[[90mvalidating contracts/rest/admin-alarm-api.json...
verify	Run pnpm verify	2026-10-06T04:07:07.4120048Z ^[[39m^[[90mcontracts/rest/admin-alarm-api.json: validated in 5ms
verify	Run pnpm verify	2026-10-06T04:07:07.4120442Z 
verify	Run pnpm verify	2026-10-06T04:07:07.4121023Z ^[[39m^[[90mvalidating contracts/rest/openapi.bundle.json...
verify	Run pnpm verify	2026-10-06T04:07:07.4654906Z ^[[39m^[[90mcontracts/rest/openapi.bundle.json: validated in 54ms
verify	Run pnpm verify	2026-10-06T04:07:07.4655276Z 
verify	Run pnpm verify	2026-10-06T04:07:07.4663047Z ^[[39m^[[32mWoohoo! Your API descriptions are valid. 🎉
verify	Run pnpm verify	2026-10-06T04:07:07.4663442Z ^[[39m
verify	Run pnpm verify	2026-10-06T04:07:07.9652066Z 
verify	Run pnpm verify	2026-10-06T04:07:07.9653164Z > food-digester-platform@0.0.0 test /home/runner/work/food-digester-platform/food-digester-platform
verify	Run pnpm verify	2026-10-06T04:07:07.9653860Z > vitest run && pnpm test:contracts && pnpm test:scripts
verify	Run pnpm verify	2026-10-06T04:07:07.9654082Z 
verify	Run pnpm verify	2026-10-06T04:07:08.1408388Z 
verify	Run pnpm verify	2026-10-06T04:07:08.1411166Z ^[[1m^[[30m^[[46m RUN ^[[49m^[[39m^[[22m ^[[36mv4.1.11 ^[[39m^[[90m/home/runner/work/food-digester-platform/food-digester-platform^[[39m
verify	Run pnpm verify	2026-10-06T04:07:08.1411889Z 
verify	Run pnpm verify	2026-10-06T04:07:09.0722286Z Bundling asset TestStack/IngestionFn/Code/Stage...
verify	Run pnpm verify	2026-10-06T04:07:09.6133534Z Bundling asset TestStack/ArchiveFn/Code/Stage...
verify	Run pnpm verify	2026-10-06T04:07:10.1126951Z Bundling asset TestStack/OutboxPublisherFn/Code/Stage...
verify	Run pnpm verify	2026-10-06T04:07:11.0149758Z Bundling asset TestStack/NotificationPublisherFn/Code/Stage...
verify	Run pnpm verify	2026-10-06T04:07:11.7751121Z Bundling asset TestStack/SummaryFn/Code/Stage...
verify	Run pnpm verify	2026-10-06T04:07:12.5385730Z Bundling asset TestStack/ReplayTriggerPublisherFn/Code/Stage...
verify	Run pnpm verify	2026-10-06T04:07:13.1440125Z Bundling asset TestStack/ReplayFn/Code/Stage...
verify	Run pnpm verify	2026-10-06T04:07:13.3291684Z  ^[[32m✓^[[39m apps/cloud-api/test/admin-user.test.ts ^[[2m(^[[22m^[[2m31 tests^[[22m^[[2m)^[[22m^[[33m 3679^[[2mms^[[22m^[[39m
verify	Run pnpm verify	2026-10-06T04:07:13.3292999Z      ^[[33m^[[2m✓^[[22m^[[39m PlatformSuperAdmin 停用后旧 id Token 不再进入读写路由 ^[[33m 337^[[2mms^[[22m^[[39m
verify	Run pnpm verify	2026-10-06T04:07:13.4610785Z  ^[[32m✓^[[39m apps/cloud-api/test/ota-dispatch.test.ts ^[[2m(^[[22m^[[2m16 tests^[[22m^[[2m)^[[22m^[[33m 3793^[[2mms^[[22m^[[39m
verify	Run pnpm verify	2026-10-06T04:07:13.7368995Z Bundling asset TestStack/CertPackageSweeperFn/Code/Stage...
verify	Run pnpm verify	2026-10-06T04:07:13.9529038Z  ^[[32m✓^[[39m apps/admin-web/test/contract-parity.test.ts ^[[2m(^[[22m^[[2m23 tests^[[22m^[[2m)^[[22m^[[32m 17^[[2mms^[[22m^[[39m
verify	Run pnpm verify	2026-10-06T04:07:14.3891094Z Bundling asset TestStack/OnboardingDeadlineFn/Code/Stage...
verify	Run pnpm verify	2026-10-06T04:07:15.0780165Z Bundling asset TestStack/RetirementTimeoutFn/Code/Stage...
verify	Run pnpm verify	2026-10-06T04:07:15.9260335Z Bundling asset TestStack/ActivityExportFn/Code/Stage...
verify	Run pnpm verify	2026-10-06T04:07:16.7470104Z Bundling asset TestStack/EsgExportFn/Code/Stage...
verify	Run pnpm verify	2026-10-06T04:07:17.2996309Z Bundling asset TestStack/CommandPublisherFn/Code/Stage...
verify	Run pnpm verify	2026-10-06T04:07:17.3547810Z  ^[[32m✓^[[39m apps/cloud-api/test/admin-device-console.test.ts ^[[2m(^[[22m^[[2m11 tests^[[22m^[[2m)^[[22m^[[33m 3197^[[2mms^[[22m^[[39m
verify	Run pnpm verify	2026-10-06T04:07:17.9641844Z Bundling asset TestStack/CommandTimeoutFn/Code/Stage...
verify	Run pnpm verify	2026-10-06T04:07:18.1560825Z  ^[[32m✓^[[39m apps/cloud-api/test/admin-ota-campaign.test.ts ^[[2m(^[[22m^[[2m14 tests^[[22m^[[2m)^[[22m^[[33m 3312^[[2mms^[[22m^[[39m
verify	Run pnpm verify	2026-10-06T04:07:18.5544335Z Bundling asset TestStack/OtaDispatcherFn/Code/Stage...
verify	Run pnpm verify	2026-10-06T04:07:19.0574825Z Bundling asset TestStack/OnboardingApiFn/Code/Stage...
verify	Run pnpm verify	2026-10-06T04:07:19.7072085Z Bundling asset TestStack/OnboardingProvisioningFn/Code/Stage...
verify	Run pnpm verify	2026-10-06T04:07:20.3249997Z Bundling asset TestStack/DeviceApiFn/Code/Stage...
verify	Run pnpm verify	2026-10-06T04:07:20.9207990Z Bundling asset TestStack/ApiFn/Code/Stage...
verify	Run pnpm verify	2026-10-06T04:07:24.1370083Z Bundling asset TestStack/IngestionFn/Code/Stage...
verify	Run pnpm verify	2026-10-06T04:07:24.7210543Z Bundling asset TestStack/ArchiveFn/Code/Stage...
verify	Run pnpm verify	2026-10-06T04:07:25.0663856Z  ^[[32m✓^[[39m apps/admin-web/test/device-manage.test.tsx ^[[2m(^[[22m^[[2m28 tests^[[22m^[[2m)^[[22m^[[33m 5860^[[2mms^[[22m^[[39m
verify	Run pnpm verify	2026-10-06T04:07:25.0665346Z    ^[[33m^[[2m✓^[[22m^[[39m 挂起：原因必填；确认后提交原因并回源刷新（操作后历史刷新） ^[[33m 420^[[2mms^[[22m^[[39m
verify	Run pnpm verify	2026-10-06T04:07:25.0666070Z    ^[[33m^[[2m✓^[[22m^[[39m 别名：编辑/保存/清除；超长禁用保存；提交后回源刷新 ^[[33m 394^[[2mms^[[22m^[[39m
verify	Run pnpm verify	2026-10-06T04:07:25.0667888Z    ^[[33m^[[2m✓^[[22m^[[39m 别名：空输入保存禁用；超过 64 字符保存禁用 ^[[33m 734^[[2mms^[[22m^[[39m
verify	Run pnpm verify	2026-10-06T04:07:25.0668902Z    ^[[33m^[[2m✓^[[22m^[[39m 别名按 Unicode 码点计数并在提交前执行 NFC 规范化 ^[[33m 1536^[[2mms^[[22m^[[39m
verify	Run pnpm verify	2026-10-06T04:07:25.0669767Z    ^[[33m^[[2m✓^[[22m^[[39m 分配：站点选项随客户过滤；未选齐禁用提交；成功后回源刷新历史 ^[[33m 445^[[2mms^[[22m^[[39m
verify	Run pnpm verify	2026-10-06T04:07:25.0670851Z    ^[[33m^[[2m✓^[[22m^[[39m 分配原因为空时不携带 reason 字段 ^[[33m 306^[[2mms^[[22m^[[39m
verify	Run pnpm verify	2026-10-06T04:07:25.1233257Z Bundling asset TestStack/OutboxPublisherFn/Code/Stage...
verify	Run pnpm verify	2026-10-06T04:07:25.6814144Z Bundling asset TestStack/NotificationPublisherFn/Code/Stage...
verify	Run pnpm verify	2026-10-06T04:07:26.2907049Z Bundling asset TestStack/SummaryFn/Code/Stage...
verify	Run pnpm verify	2026-10-06T04:07:27.0690202Z Bundling asset TestStack/ReplayTriggerPublisherFn/Code/Stage...
verify	Run pnpm verify	2026-10-06T04:07:27.6579859Z Bundling asset TestStack/ReplayFn/Code/Stage...
verify	Run pnpm verify	2026-10-06T04:07:28.2325130Z Bundling asset TestStack/CertPackageSweeperFn/Code/Stage...
verify	Run pnpm verify	2026-10-06T04:07:28.3104804Z  ^[[32m✓^[[39m apps/cloud-api/test/media.test.ts ^[[2m(^[[22m^[[2m12 tests^[[22m^[[2m)^[[22m^[[33m 2579^[[2mms^[[22m^[[39m
verify	Run pnpm verify	2026-10-06T04:07:28.7619029Z Bundling asset TestStack/OnboardingDeadlineFn/Code/Stage...
verify	Run pnpm verify	2026-10-06T04:07:29.3259366Z Bundling asset TestStack/RetirementTimeoutFn/Code/Stage...
verify	Run pnpm verify	2026-10-06T04:07:30.1519940Z Bundling asset TestStack/ActivityExportFn/Code/Stage...
verify	Run pnpm verify	2026-10-06T04:07:30.8620243Z Bundling asset TestStack/EsgExportFn/Code/Stage...
verify	Run pnpm verify	2026-10-06T04:07:31.5425583Z Bundling asset TestStack/CommandPublisherFn/Code/Stage...
verify	Run pnpm verify	2026-10-06T04:07:31.5570781Z  ^[[32m✓^[[39m apps/cloud-api/test/admin-license.test.ts ^[[2m(^[[22m^[[2m11 tests^[[22m^[[2m)^[[22m^[[33m 2527^[[2mms^[[22m^[[39m
verify	Run pnpm verify	2026-10-06T04:07:31.8678439Z  ^[[32m✓^[[39m apps/admin-web/test/ota.test.tsx ^[[2m(^[[22m^[[2m19 tests^[[22m^[[2m)^[[22m^[[33m 12106^[[2mms^[[22m^[[39m
verify	Run pnpm verify	2026-10-06T04:07:31.8711652Z    ^[[33m^[[2m✓^[[22m^[[39m 包列表：VERIFIED 显示“可发布”徽标；UPLOADED 不可发布；筛选回调 ^[[33m 835^[[2mms^[[22m^[[39m
verify	Run pnpm verify	2026-10-06T04:07:31.8712604Z    ^[[33m^[[2m✓^[[22m^[[39m 上传会话：字段级校验阻止非法元数据（sha256 非 hex64 → 提交禁用） ^[[33m 1359^[[2mms^[[22m^[[39m
verify	Run pnpm verify	2026-10-06T04:07:31.8713322Z    ^[[33m^[[2m✓^[[22m^[[39m 上传 E2E：创建会话 → 直传 + complete 校验 → VERIFIED 可发布并回源刷新 ^[[33m 2457^[[2mms^[[22m^[[39m
verify	Run pnpm verify	2026-10-06T04:07:31.8714057Z    ^[[33m^[[2m✓^[[22m^[[39m 创建 Campaign E2E：VERIFIED 包 + 首批 1 台 → RUNNING/CANARY 提示并回源刷新 ^[[33m 656^[[2mms^[[22m^[[39m
verify	Run pnpm verify	2026-10-06T04:07:31.8714781Z    ^[[33m^[[2m✓^[[22m^[[39m 暂停/恢复/取消：RUNNING→已暂停（不再产生新下发）；PAUSED→恢复；取消需明确确认 ^[[33m 1306^[[2mms^[[22m^[[39m
verify	Run pnpm verify	2026-10-06T04:07:31.8715519Z    ^[[33m^[[2m✓^[[22m^[[39m 动作矩阵：终态（COMPLETED/CANCELLED）全部动作禁用；Auditor 无 ota:write 禁用 ^[[33m 345^[[2mms^[[22m^[[39m
verify	Run pnpm verify	2026-10-06T04:07:31.8716161Z    ^[[33m^[[2m✓^[[22m^[[39m 扩大批次：普通角色不能审批最终全量；部分选择仍可提交 ^[[33m 930^[[2mms^[[22m^[[39m
verify	Run pnpm verify	2026-10-06T04:07:31.8716698Z    ^[[33m^[[2m✓^[[22m^[[39m 扩大批次：最终全量须既有 targets 全部成功并精确确认 ^[[33m 1533^[[2mms^[[22m^[[39m
verify	Run pnpm verify	2026-10-06T04:07:31.8717273Z    ^[[33m^[[2m✓^[[22m^[[39m 失败重试：缺省重试全部 FAILED；勾选子集携 targetIds ^[[33m 1392^[[2mms^[[22m^[[39m
verify	Run pnpm verify	2026-10-06T04:07:31.8717837Z    ^[[33m^[[2m✓^[[22m^[[39m 目标筛选：状态/批次号经 onApplyTargetFilter 应用 ^[[33m 393^[[2mms^[[22m^[[39m
verify	Run pnpm verify	2026-10-06T04:07:32.1102093Z Bundling asset TestStack/CommandTimeoutFn/Code/Stage...
verify	Run pnpm verify	2026-10-06T04:07:32.8236931Z Bundling asset TestStack/OtaDispatcherFn/Code/Stage...
verify	Run pnpm verify	2026-10-06T04:07:33.6770129Z Bundling asset TestStack/OnboardingApiFn/Code/Stage...
verify	Run pnpm verify	2026-10-06T04:07:34.5084888Z Bundling asset TestStack/OnboardingProvisioningFn/Code/Stage...
verify	Run pnpm verify	2026-10-06T04:07:34.9657122Z ^[[90mstderr^[[2m | apps/ingestion-worker/test/ingest-pipeline.test.ts^[[2m > ^[[22m^[[2mcreateIngestionHandler（BE-IOT-02 校验管线）^[[2m > ^[[22m^[[2m单条坏消息不导致整批重复：坏消息进 Quarantine，其余照常处理
verify	Run pnpm verify	2026-10-06T04:07:34.9679877Z ^[[22m^[[39mingestion message quarantined {
verify	Run pnpm verify	2026-10-06T04:07:34.9719633Z   event: ^[[32m'ingestion.quarantined'^[[39m,
verify	Run pnpm verify	2026-10-06T04:07:34.9733401Z   messageId: ^[[32m'sqs-bad'^[[39m,
verify	Run pnpm verify	2026-10-06T04:07:34.9769344Z   errorType: ^[[32m'INVALID_JSON'^[[39m,
verify	Run pnpm verify	2026-10-06T04:07:34.9770581Z   errorPath: ^[[32m'(root)'^[[39m,
verify	Run pnpm verify	2026-10-06T04:07:34.9799428Z   reason: ^[[32m'message body is not valid JSON'^[[39m
verify	Run pnpm verify	2026-10-06T04:07:34.9815661Z }
verify	Run pnpm verify	2026-10-06T04:07:34.9816448Z 
verify	Run pnpm verify	2026-10-06T04:07:34.9933308Z ^[[90mstderr^[[2m | apps/ingestion-worker/test/ingest-pipeline.test.ts^[[2m > ^[[22m^[[2mcreateIngestionHandler（BE-IOT-02 校验管线）^[[2m > ^[[22m^[[2mQuarantine 投递失败只重试当前记录，批次后续记录继续隔离
verify	Run pnpm verify	2026-10-06T04:07:34.9959705Z ^[[22m^[[39mingestion message quarantined {
verify	Run pnpm verify	2026-10-06T04:07:34.9979889Z   event: ^[[32m'ingestion.quarantined'^[[39m,
verify	Run pnpm verify	2026-10-06T04:07:34.9980487Z   messageId: ^[[32m'sqs-quarantine-down'^[[39m,
verify	Run pnpm verify	2026-10-06T04:07:34.9980985Z   errorType: ^[[32m'INVALID_JSON'^[[39m,
verify	Run pnpm verify	2026-10-06T04:07:34.9981428Z   errorPath: ^[[32m'(root)'^[[39m,
verify	Run pnpm verify	2026-10-06T04:07:34.9981925Z   reason: ^[[32m'message body is not valid JSON'^[[39m
verify	Run pnpm verify	2026-10-06T04:07:34.9982364Z }
verify	Run pnpm verify	2026-10-06T04:07:34.9982579Z 
verify	Run pnpm verify	2026-10-06T04:07:34.9983714Z ^[[90mstderr^[[2m | apps/ingestion-worker/test/ingest-pipeline.test.ts^[[2m > ^[[22m^[[2mcreateIngestionHandler（BE-IOT-02 校验管线）^[[2m > ^[[22m^[[2mQuarantine 投递失败只重试当前记录，批次后续记录继续隔离
verify	Run pnpm verify	2026-10-06T04:07:34.9984694Z ^[[22m^[[39mingestion message quarantined {
verify	Run pnpm verify	2026-10-06T04:07:34.9985172Z   event: ^[[32m'ingestion.quarantined'^[[39m,
verify	Run pnpm verify	2026-10-06T04:07:34.9985713Z   messageId: ^[[32m'sqs-quarantine-next'^[[39m,
verify	Run pnpm verify	2026-10-06T04:07:34.9986185Z   errorType: ^[[32m'INVALID_JSON'^[[39m,
verify	Run pnpm verify	2026-10-06T04:07:34.9986611Z   errorPath: ^[[32m'(root)'^[[39m,
verify	Run pnpm verify	2026-10-06T04:07:34.9987133Z   reason: ^[[32m'message body is not valid JSON'^[[39m
verify	Run pnpm verify	2026-10-06T04:07:34.9987541Z }
verify	Run pnpm verify	2026-10-06T04:07:34.9987765Z 
verify	Run pnpm verify	2026-10-06T04:07:35.0010209Z ^[[90mstderr^[[2m | apps/ingestion-worker/test/ingest-pipeline.test.ts^[[2m > ^[[22m^[[2mcreateIngestionHandler（BE-IOT-02 校验管线）^[[2m > ^[[22m^[[2mSchema 违规进 Quarantine（含错误路径）；字段范围由 Schema 覆盖
verify	Run pnpm verify	2026-10-06T04:07:35.0011213Z ^[[22m^[[39mingestion message quarantined {
verify	Run pnpm verify	2026-10-06T04:07:35.0011703Z   event: ^[[32m'ingestion.quarantined'^[[39m,
verify	Run pnpm verify	2026-10-06T04:07:35.0012149Z   messageId: ^[[32m'sqs-1'^[[39m,
verify	Run pnpm verify	2026-10-06T04:07:35.0012612Z   errorType: ^[[32m'SCHEMA_VIOLATION'^[[39m,
verify	Run pnpm verify	2026-10-06T04:07:35.0013073Z   errorPath: ^[[32m'data.deviceStatus'^[[39m,
verify	Run pnpm verify	2026-10-06T04:07:35.0013807Z   reason: ^[[32m'payload violates heartbeat.schema.json: 非法枚举值 "BROKEN"，允许值: ONLINE, DEGRADED, OFFLINE'^[[39m,
verify	Run pnpm verify	2026-10-06T04:07:35.0014576Z   iotTopic: ^[[32m'bnx/device/dev-ing-5/heartbeat'^[[39m,
verify	Run pnpm verify	2026-10-06T04:07:35.0015058Z   iotDeviceId: ^[[32m'dev-ing-5'^[[39m
verify	Run pnpm verify	2026-10-06T04:07:35.0015414Z }
verify	Run pnpm verify	2026-10-06T04:07:35.0015774Z 
verify	Run pnpm verify	2026-10-06T04:07:35.0582968Z ^[[90mstderr^[[2m | apps/ingestion-worker/test/ingest-pipeline.test.ts^[[2m > ^[[22m^[[2mcreateIngestionHandler（BE-IOT-02 校验管线）^[[2m > ^[[22m^[[2mDEC-013：兼容截止边界起旧格式进入 Quarantine
verify	Run pnpm verify	2026-10-06T04:07:35.0606923Z ^[[22m^[[39mingestion message quarantined {
verify	Run pnpm verify	2026-10-06T04:07:35.0607625Z   event: ^[[32m'ingestion.quarantined'^[[39m,
verify	Run pnpm verify	2026-10-06T04:07:35.0608126Z   messageId: ^[[32m'sqs-expired'^[[39m,
verify	Run pnpm verify	2026-10-06T04:07:35.0608578Z   errorType: ^[[32m'SCHEMA_VIOLATION'^[[39m,
verify	Run pnpm verify	2026-10-06T04:07:35.0639481Z   errorPath: ^[[32m'data'^[[39m,
verify	Run pnpm verify	2026-10-06T04:07:35.0649828Z   reason: ^[[32m'LEGACY_FORMAT_EXPIRED: DEC-013 legacy compatibility expired at 2026-12-03T09:46:26Z'^[[39m,
verify	Run pnpm verify	2026-10-06T04:07:35.0654024Z   iotTopic: ^[[32m'bnx/device/dev-ing-8/heartbeat'^[[39m,
verify	Run pnpm verify	2026-10-06T04:07:35.0654882Z   iotDeviceId: ^[[32m'dev-ing-8'^[[39m
verify	Run pnpm verify	2026-10-06T04:07:35.0655394Z }
verify	Run pnpm verify	2026-10-06T04:07:35.0655708Z 
verify	Run pnpm verify	2026-10-06T04:07:35.0675588Z ^[[90mstderr^[[2m | apps/ingestion-worker/test/ingest-pipeline.test.ts^[[2m > ^[[22m^[[2mcreateIngestionHandler（BE-IOT-02 校验管线）^[[2m > ^[[22m^[[2mDEC-013：Audited Topic 验证 RFC 8785 audit.hash，不匹配时隔离
verify	Run pnpm verify	2026-10-06T04:07:35.0677421Z ^[[22m^[[39mingestion message quarantined {
verify	Run pnpm verify	2026-10-06T04:07:35.0694448Z   event: ^[[32m'ingestion.quarantined'^[[39m,
verify	Run pnpm verify	2026-10-06T04:07:35.0695255Z   messageId: ^[[32m'sqs-audit-bad'^[[39m,
verify	Run pnpm verify	2026-10-06T04:07:35.0695862Z   errorType: ^[[32m'AUDIT_HASH_MISMATCH'^[[39m,
verify	Run pnpm verify	2026-10-06T04:07:35.0696448Z   errorPath: ^[[32m'audit.hash'^[[39m,
verify	Run pnpm verify	2026-10-06T04:07:35.0708355Z   reason: ^[[32m'audit.hash must equal SHA-256(RFC8785({meta,data}))'^[[39m,
verify	Run pnpm verify	2026-10-06T04:07:35.0709229Z   iotTopic: ^[[32m'bnx/device/dev-ing-9/telemetry'^[[39m,
verify	Run pnpm verify	2026-10-06T04:07:35.0709752Z   iotDeviceId: ^[[32m'dev-ing-9'^[[39m
verify	Run pnpm verify	2026-10-06T04:07:35.0710977Z }
verify	Run pnpm verify	2026-10-06T04:07:35.0711257Z 
verify	Run pnpm verify	2026-10-06T04:07:35.0798341Z ^[[90mstderr^[[2m | apps/ingestion-worker/test/ingest-pipeline.test.ts^[[2m > ^[[22m^[[2mcreateIngestionHandler（BE-IOT-02 校验管线）^[[2m > ^[[22m^[[2m身份违规进 Quarantine：未知/撤销证书、非审批态 PENDING_CLAIM、Topic 绑定不一致
verify	Run pnpm verify	2026-10-06T04:07:35.0809600Z ^[[22m^[[39mingestion message quarantined {
verify	Run pnpm verify	2026-10-06T04:07:35.0810103Z   event: ^[[32m'ingestion.quarantined'^[[39m,
verify	Run pnpm verify	2026-10-06T04:07:35.0810572Z   messageId: ^[[32m'sqs-unknown'^[[39m,
verify	Run pnpm verify	2026-10-06T04:07:35.0810971Z   errorType: ^[[32m'UNKNOWN_DEVICE'^[[39m,
verify	Run pnpm verify	2026-10-06T04:07:35.0811386Z   errorPath: ^[[32m'iotPrincipal'^[[39m,
verify	Run pnpm verify	2026-10-06T04:07:35.0822919Z   reason: ^[[32m'certificate not registered in device ledger'^[[39m,
verify	Run pnpm verify	2026-10-06T04:07:35.0824848Z   iotTopic: ^[[32m'bnx/device/dev-ing-10/heartbeat'^[[39m,
verify	Run pnpm verify	2026-10-06T04:07:35.0825335Z   iotDeviceId: ^[[32m'dev-ing-10'^[[39m
verify	Run pnpm verify	2026-10-06T04:07:35.0825697Z }
verify	Run pnpm verify	2026-10-06T04:07:35.0825935Z 
verify	Run pnpm verify	2026-10-06T04:07:35.0827086Z ^[[90mstderr^[[2m | apps/ingestion-worker/test/ingest-pipeline.test.ts^[[2m > ^[[22m^[[2mcreateIngestionHandler（BE-IOT-02 校验管线）^[[2m > ^[[22m^[[2m身份违规进 Quarantine：未知/撤销证书、非审批态 PENDING_CLAIM、Topic 绑定不一致
verify	Run pnpm verify	2026-10-06T04:07:35.0828274Z ^[[22m^[[39mingestion message quarantined {
verify	Run pnpm verify	2026-10-06T04:07:35.0828944Z   event: ^[[32m'ingestion.quarantined'^[[39m,
verify	Run pnpm verify	2026-10-06T04:07:35.0829388Z   messageId: ^[[32m'sqs-revoked'^[[39m,
verify	Run pnpm verify	2026-10-06T04:07:35.0829803Z   errorType: ^[[32m'IDENTITY_VIOLATION'^[[39m,
verify	Run pnpm verify	2026-10-06T04:07:35.0830257Z   errorPath: ^[[32m'iotPrincipal'^[[39m,
verify	Run pnpm verify	2026-10-06T04:07:35.0830847Z   reason: ^[[32m'certificate is neither ACTIVE nor an approved onboarding certificate'^[[39m,
verify	Run pnpm verify	2026-10-06T04:07:35.0831502Z   iotTopic: ^[[32m'bnx/device/dev-ing-12/heartbeat'^[[39m,
verify	Run pnpm verify	2026-10-06T04:07:35.0831956Z   iotDeviceId: ^[[32m'dev-ing-12'^[[39m
verify	Run pnpm verify	2026-10-06T04:07:35.0832272Z }
verify	Run pnpm verify	2026-10-06T04:07:35.0832441Z 
verify	Run pnpm verify	2026-10-06T04:07:35.0872832Z ^[[90mstderr^[[2m | apps/ingestion-worker/test/ingest-pipeline.test.ts^[[2m > ^[[22m^[[2mcreateIngestionHandler（BE-IOT-02 校验管线）^[[2m > ^[[22m^[[2m身份违规进 Quarantine：未知/撤销证书、非审批态 PENDING_CLAIM、Topic 绑定不一致
verify	Run pnpm verify	2026-10-06T04:07:35.0890959Z ^[[22m^[[39mingestion message quarantined {
verify	Run pnpm verify	2026-10-06T04:07:35.0891586Z   event: ^[[32m'ingestion.quarantined'^[[39m,
verify	Run pnpm verify	2026-10-06T04:07:35.0892109Z   messageId: ^[[32m'sqs-unapproved-pending'^[[39m,
verify	Run pnpm verify	2026-10-06T04:07:35.0892602Z   errorType: ^[[32m'IDENTITY_VIOLATION'^[[39m,
verify	Run pnpm verify	2026-10-06T04:07:35.0893049Z   errorPath: ^[[32m'iotPrincipal'^[[39m,
verify	Run pnpm verify	2026-10-06T04:07:35.0893818Z   reason: ^[[32m'certificate is neither ACTIVE nor an approved onboarding certificate'^[[39m,
verify	Run pnpm verify	2026-10-06T04:07:35.0894495Z   iotTopic: ^[[32m'bnx/device/dev-ing-13/heartbeat'^[[39m,
verify	Run pnpm verify	2026-10-06T04:07:35.0894977Z   iotDeviceId: ^[[32m'dev-ing-13'^[[39m
verify	Run pnpm verify	2026-10-06T04:07:35.0895353Z }
verify	Run pnpm verify	2026-10-06T04:07:35.0895640Z 
verify	Run pnpm verify	2026-10-06T04:07:35.0896753Z ^[[90mstderr^[[2m | apps/ingestion-worker/test/ingest-pipeline.test.ts^[[2m > ^[[22m^[[2mcreateIngestionHandler（BE-IOT-02 校验管线）^[[2m > ^[[22m^[[2m身份违规进 Quarantine：未知/撤销证书、非审批态 PENDING_CLAIM、Topic 绑定不一致
verify	Run pnpm verify	2026-10-06T04:07:35.0898050Z ^[[22m^[[39mingestion message quarantined {
verify	Run pnpm verify	2026-10-06T04:07:35.0898551Z   event: ^[[32m'ingestion.quarantined'^[[39m,
verify	Run pnpm verify	2026-10-06T04:07:35.0899192Z   messageId: ^[[32m'sqs-mismatch'^[[39m,
verify	Run pnpm verify	2026-10-06T04:07:35.0899643Z   errorType: ^[[32m'IDENTITY_VIOLATION'^[[39m,
verify	Run pnpm verify	2026-10-06T04:07:35.0900139Z   errorPath: ^[[32m'iotDeviceId'^[[39m,
verify	Run pnpm verify	2026-10-06T04:07:35.0900701Z   reason: ^[[32m'topic device does not match certificate binding'^[[39m,
verify	Run pnpm verify	2026-10-06T04:07:35.0901301Z   iotTopic: ^[[32m'bnx/device/dev-ing-11/heartbeat'^[[39m,
verify	Run pnpm verify	2026-10-06T04:07:35.0902018Z   iotDeviceId: ^[[32m'dev-ing-11'^[[39m
verify	Run pnpm verify	2026-10-06T04:07:35.0902383Z }
verify	Run pnpm verify	2026-10-06T04:07:35.0902594Z 
verify	Run pnpm verify	2026-10-06T04:07:35.0916251Z ^[[90mstderr^[[2m | apps/ingestion-worker/test/ingest-pipeline.test.ts^[[2m > ^[[22m^[[2mcreateIngestionHandler（BE-IOT-02 校验管线）^[[2m > ^[[22m^[[2mRetired 设备即使证书仍 ACTIVE，八类业务 MQTT 也全部失败关闭
verify	Run pnpm verify	2026-10-06T04:07:35.0919422Z ^[[22m^[[39mingestion message quarantined {
verify	Run pnpm verify	2026-10-06T04:07:35.0919921Z   event: ^[[32m'ingestion.quarantined'^[[39m,
verify	Run pnpm verify	2026-10-06T04:07:35.0920380Z   messageId: ^[[32m'sqs-retired-heartbeat'^[[39m,
verify	Run pnpm verify	2026-10-06T04:07:35.0920841Z   errorType: ^[[32m'IDENTITY_VIOLATION'^[[39m,
verify	Run pnpm verify	2026-10-06T04:07:35.0921264Z   errorPath: ^[[32m'iotDeviceId'^[[39m,
verify	Run pnpm verify	2026-10-06T04:07:35.0921749Z   reason: ^[[32m'retired device business MQTT is disabled'^[[39m,
verify	Run pnpm verify	2026-10-06T04:07:35.0922283Z   iotTopic: ^[[32m'bnx/device/dev-ing-14/heartbeat'^[[39m,
verify	Run pnpm verify	2026-10-06T04:07:35.0922736Z   iotDeviceId: ^[[32m'dev-ing-14'^[[39m
verify	Run pnpm verify	2026-10-06T04:07:35.0923069Z }
verify	Run pnpm verify	2026-10-06T04:07:35.0923253Z 
verify	Run pnpm verify	2026-10-06T04:07:35.0938321Z ^[[90mstderr^[[2m | apps/ingestion-worker/test/ingest-pipeline.test.ts^[[2m > ^[[22m^[[2mcreateIngestionHandler（BE-IOT-02 校验管线）^[[2m > ^[[22m^[[2mRetired 设备即使证书仍 ACTIVE，八类业务 MQTT 也全部失败关闭
verify	Run pnpm verify	2026-10-06T04:07:35.0939189Z ^[[22m^[[39mingestion message quarantined {
verify	Run pnpm verify	2026-10-06T04:07:35.0939546Z   event: ^[[32m'ingestion.quarantined'^[[39m,
verify	Run pnpm verify	2026-10-06T04:07:35.0939918Z   messageId: ^[[32m'sqs-retired-telemetry'^[[39m,
verify	Run pnpm verify	2026-10-06T04:07:35.0940301Z   errorType: ^[[32m'IDENTITY_VIOLATION'^[[39m,
verify	Run pnpm verify	2026-10-06T04:07:35.0940635Z   errorPath: ^[[32m'iotDeviceId'^[[39m,
verify	Run pnpm verify	2026-10-06T04:07:35.0941028Z   reason: ^[[32m'retired device business MQTT is disabled'^[[39m,
verify	Run pnpm verify	2026-10-06T04:07:35.0941472Z   iotTopic: ^[[32m'bnx/device/dev-ing-14/telemetry'^[[39m,
verify	Run pnpm verify	2026-10-06T04:07:35.0941838Z   iotDeviceId: ^[[32m'dev-ing-14'^[[39m
verify	Run pnpm verify	2026-10-06T04:07:35.0942075Z }
verify	Run pnpm verify	2026-10-06T04:07:35.0942174Z 
verify	Run pnpm verify	2026-10-06T04:07:35.0960159Z ^[[90mstderr^[[2m | apps/ingestion-worker/test/ingest-pipeline.test.ts^[[2m > ^[[22m^[[2mcreateIngestionHandler（BE-IOT-02 校验管线）^[[2m > ^[[22m^[[2mRetired 设备即使证书仍 ACTIVE，八类业务 MQTT 也全部失败关闭
verify	Run pnpm verify	2026-10-06T04:07:35.0961063Z ^[[22m^[[39mingestion message quarantined {
verify	Run pnpm verify	2026-10-06T04:07:35.0961448Z   event: ^[[32m'ingestion.quarantined'^[[39m,
verify	Run pnpm verify	2026-10-06T04:07:35.0961829Z   messageId: ^[[32m'sqs-retired-report'^[[39m,
verify	Run pnpm verify	2026-10-06T04:07:35.0962209Z   errorType: ^[[32m'IDENTITY_VIOLATION'^[[39m,
verify	Run pnpm verify	2026-10-06T04:07:35.0962556Z   errorPath: ^[[32m'iotDeviceId'^[[39m,
verify	Run pnpm verify	2026-10-06T04:07:35.0962994Z   reason: ^[[32m'retired device business MQTT is disabled'^[[39m,
verify	Run pnpm verify	2026-10-06T04:07:35.0963480Z   iotTopic: ^[[32m'bnx/device/dev-ing-14/report'^[[39m,
verify	Run pnpm verify	2026-10-06T04:07:35.0963860Z   iotDeviceId: ^[[32m'dev-ing-14'^[[39m
verify	Run pnpm verify	2026-10-06T04:07:35.0964109Z }
verify	Run pnpm verify	2026-10-06T04:07:35.0964339Z 
verify	Run pnpm verify	2026-10-06T04:07:35.0979731Z ^[[90mstderr^[[2m | apps/ingestion-worker/test/ingest-pipeline.test.ts^[[2m > ^[[22m^[[2mcreateIngestionHandler（BE-IOT-02 校验管线）^[[2m > ^[[22m^[[2mRetired 设备即使证书仍 ACTIVE，八类业务 MQTT 也全部失败关闭
verify	Run pnpm verify	2026-10-06T04:07:35.0981035Z ^[[22m^[[39mingestion message quarantined {
verify	Run pnpm verify	2026-10-06T04:07:35.0981826Z   event: ^[[32m'ingestion.quarantined'^[[39m,
verify	Run pnpm verify	2026-10-06T04:07:35.0982307Z   messageId: ^[[32m'sqs-retired-alarm'^[[39m,
verify	Run pnpm verify	2026-10-06T04:07:35.0982782Z   errorType: ^[[32m'IDENTITY_VIOLATION'^[[39m,
verify	Run pnpm verify	2026-10-06T04:07:35.0983242Z   errorPath: ^[[32m'iotDeviceId'^[[39m,
verify	Run pnpm verify	2026-10-06T04:07:35.0983767Z   reason: ^[[32m'retired device business MQTT is disabled'^[[39m,
verify	Run pnpm verify	2026-10-06T04:07:35.0988354Z   iotTopic: ^[[32m'bnx/device/dev-ing-14/alarm'^[[39m,
verify	Run pnpm verify	2026-10-06T04:07:35.0989348Z   iotDeviceId: ^[[32m'dev-ing-14'^[[39m
verify	Run pnpm verify	2026-10-06T04:07:35.0989721Z }
verify	Run pnpm verify	2026-10-06T04:07:35.0989936Z 
verify	Run pnpm verify	2026-10-06T04:07:35.0993556Z ^[[90mstderr^[[2m | apps/ingestion-worker/test/ingest-pipeline.test.ts^[[2m > ^[[22m^[[2mcreateIngestionHandler（BE-IOT-02 校验管线）^[[2m > ^[[22m^[[2mRetired 设备即使证书仍 ACTIVE，八类业务 MQTT 也全部失败关闭
verify	Run pnpm verify	2026-10-06T04:07:35.0994540Z ^[[22m^[[39mingestion message quarantined {
verify	Run pnpm verify	2026-10-06T04:07:35.0995025Z   event: ^[[32m'ingestion.quarantined'^[[39m,
verify	Run pnpm verify	2026-10-06T04:07:35.0995508Z   messageId: ^[[32m'sqs-retired-event'^[[39m,
verify	Run pnpm verify	2026-10-06T04:07:35.0995997Z   errorType: ^[[32m'IDENTITY_VIOLATION'^[[39m,
verify	Run pnpm verify	2026-10-06T04:07:35.0996465Z   errorPath: ^[[32m'iotDeviceId'^[[39m,
verify	Run pnpm verify	2026-10-06T04:07:35.0996986Z   reason: ^[[32m'retired device business MQTT is disabled'^[[39m,
verify	Run pnpm verify	2026-10-06T04:07:35.0997561Z   iotTopic: ^[[32m'bnx/device/dev-ing-14/event'^[[39m,
verify	Run pnpm verify	2026-10-06T04:07:35.0998044Z   iotDeviceId: ^[[32m'dev-ing-14'^[[39m
verify	Run pnpm verify	2026-10-06T04:07:35.0998404Z }
verify	Run pnpm verify	2026-10-06T04:07:35.0998619Z 
verify	Run pnpm verify	2026-10-06T04:07:35.1009753Z ^[[90mstderr^[[2m | apps/ingestion-worker/test/ingest-pipeline.test.ts^[[2m > ^[[22m^[[2mcreateIngestionHandler（BE-IOT-02 校验管线）^[[2m > ^[[22m^[[2mRetired 设备即使证书仍 ACTIVE，八类业务 MQTT 也全部失败关闭
verify	Run pnpm verify	2026-10-06T04:07:35.1012460Z ^[[22m^[[39mingestion message quarantined {
verify	Run pnpm verify	2026-10-06T04:07:35.1012985Z   event: ^[[32m'ingestion.quarantined'^[[39m,
verify	Run pnpm verify	2026-10-06T04:07:35.1013463Z   messageId: ^[[32m'sqs-retired-ack'^[[39m,
verify	Run pnpm verify	2026-10-06T04:07:35.1013931Z   errorType: ^[[32m'IDENTITY_VIOLATION'^[[39m,
verify	Run pnpm verify	2026-10-06T04:07:35.1014403Z   errorPath: ^[[32m'iotDeviceId'^[[39m,
verify	Run pnpm verify	2026-10-06T04:07:35.1014949Z   reason: ^[[32m'retired device business MQTT is disabled'^[[39m,
verify	Run pnpm verify	2026-10-06T04:07:35.1015494Z   iotTopic: ^[[32m'bnx/device/dev-ing-14/ack'^[[39m,
verify	Run pnpm verify	2026-10-06T04:07:35.1016085Z   iotDeviceId: ^[[32m'dev-ing-14'^[[39m
verify	Run pnpm verify	2026-10-06T04:07:35.1016464Z }
verify	Run pnpm verify	2026-10-06T04:07:35.1016702Z 
verify	Run pnpm verify	2026-10-06T04:07:35.1026490Z ^[[90mstderr^[[2m | apps/ingestion-worker/test/ingest-pipeline.test.ts^[[2m > ^[[22m^[[2mcreateIngestionHandler（BE-IOT-02 校验管线）^[[2m > ^[[22m^[[2mRetired 设备即使证书仍 ACTIVE，八类业务 MQTT 也全部失败关闭
verify	Run pnpm verify	2026-10-06T04:07:35.1028039Z ^[[22m^[[39mingestion message quarantined {
verify	Run pnpm verify	2026-10-06T04:07:35.1028553Z   event: ^[[32m'ingestion.quarantined'^[[39m,
verify	Run pnpm verify	2026-10-06T04:07:35.1029217Z   messageId: ^[[32m'sqs-retired-tamper'^[[39m,
verify	Run pnpm verify	2026-10-06T04:07:35.1029701Z   errorType: ^[[32m'IDENTITY_VIOLATION'^[[39m,
verify	Run pnpm verify	2026-10-06T04:07:35.1030156Z   errorPath: ^[[32m'iotDeviceId'^[[39m,
verify	Run pnpm verify	2026-10-06T04:07:35.1030724Z   reason: ^[[32m'retired device business MQTT is disabled'^[[39m,
verify	Run pnpm verify	2026-10-06T04:07:35.1031313Z   iotTopic: ^[[32m'bnx/device/dev-ing-14/tamper'^[[39m,
verify	Run pnpm verify	2026-10-06T04:07:35.1031841Z   iotDeviceId: ^[[32m'dev-ing-14'^[[39m
verify	Run pnpm verify	2026-10-06T04:07:35.1032460Z }
verify	Run pnpm verify	2026-10-06T04:07:35.1032713Z 
verify	Run pnpm verify	2026-10-06T04:07:35.1042506Z ^[[90mstderr^[[2m | apps/ingestion-worker/test/ingest-pipeline.test.ts^[[2m > ^[[22m^[[2mcreateIngestionHandler（BE-IOT-02 校验管线）^[[2m > ^[[22m^[[2mRetired 设备即使证书仍 ACTIVE，八类业务 MQTT 也全部失败关闭
verify	Run pnpm verify	2026-10-06T04:07:35.1043914Z ^[[22m^[[39mingestion message quarantined {
verify	Run pnpm verify	2026-10-06T04:07:35.1044386Z   event: ^[[32m'ingestion.quarantined'^[[39m,
verify	Run pnpm verify	2026-10-06T04:07:35.1044874Z   messageId: ^[[32m'sqs-retired-media'^[[39m,
verify	Run pnpm verify	2026-10-06T04:07:35.1045346Z   errorType: ^[[32m'IDENTITY_VIOLATION'^[[39m,
verify	Run pnpm verify	2026-10-06T04:07:35.1045791Z   errorPath: ^[[32m'iotDeviceId'^[[39m,
verify	Run pnpm verify	2026-10-06T04:07:35.1046300Z   reason: ^[[32m'retired device business MQTT is disabled'^[[39m,
verify	Run pnpm verify	2026-10-06T04:07:35.1046849Z   iotTopic: ^[[32m'bnx/device/dev-ing-14/media'^[[39m,
verify	Run pnpm verify	2026-10-06T04:07:35.1047314Z   iotDeviceId: ^[[32m'dev-ing-14'^[[39m
verify	Run pnpm verify	2026-10-06T04:07:35.1047662Z }
verify	Run pnpm verify	2026-10-06T04:07:35.1047901Z 
verify	Run pnpm verify	2026-10-06T04:07:35.1095620Z ^[[90mstderr^[[2m | apps/ingestion-worker/test/ingest-pipeline.test.ts^[[2m > ^[[22m^[[2mcreateIngestionHandler（BE-IOT-02 校验管线）^[[2m > ^[[22m^[[2m时钟偏差超阈值进 Quarantine（CLOCK_SKEW，路径 meta.ts）
verify	Run pnpm verify	2026-10-06T04:07:35.1117566Z ^[[22m^[[39mingestion message quarantined {
verify	Run pnpm verify	2026-10-06T04:07:35.1118093Z   event: ^[[32m'ingestion.quarantined'^[[39m,
verify	Run pnpm verify	2026-10-06T04:07:35.1118477Z   messageId: ^[[32m'sqs-1'^[[39m,
verify	Run pnpm verify	2026-10-06T04:07:35.1118992Z   errorType: ^[[32m'CLOCK_SKEW'^[[39m,
verify	Run pnpm verify	2026-10-06T04:07:35.1119602Z   errorPath: ^[[32m'meta.ts'^[[39m,
verify	Run pnpm verify	2026-10-06T04:07:35.1120255Z   reason: ^[[32m'device timestamp outside allowed window: skew 3600s, past 300s, future 300s'^[[39m,
verify	Run pnpm verify	2026-10-06T04:07:35.1120855Z   iotTopic: ^[[32m'bnx/device/dev-ing-15/heartbeat'^[[39m,
verify	Run pnpm verify	2026-10-06T04:07:35.1121209Z   iotDeviceId: ^[[32m'dev-ing-15'^[[39m
verify	Run pnpm verify	2026-10-06T04:07:35.1121443Z }
verify	Run pnpm verify	2026-10-06T04:07:35.1261242Z 
verify	Run pnpm verify	2026-10-06T04:07:35.1262937Z ^[[90mstderr^[[2m | apps/ingestion-worker/test/ingest-pipeline.test.ts^[[2m > ^[[22m^[[2mcreateIngestionHandler（BE-IOT-02 校验管线）^[[2m > ^[[22m^[[2mEnvelope 失败关闭：字段缺失、Topic 上下文不一致及额外 iot* 字段均隔离
verify	Run pnpm verify	2026-10-06T04:07:35.1289759Z ^[[22m^[[39mingestion message quarantined {
verify	Run pnpm verify	2026-10-06T04:07:35.1321250Z   event: ^[[32m'ingestion.quarantined'^[[39m,
verify	Run pnpm verify	2026-10-06T04:07:35.1321716Z   messageId: ^[[32m'sqs-missing'^[[39m,
verify	Run pnpm verify	2026-10-06T04:07:35.1322050Z   errorType: ^[[32m'INVALID_ENVELOPE'^[[39m,
verify	Run pnpm verify	2026-10-06T04:07:35.1322385Z   errorPath: ^[[32m'iotPrincipal'^[[39m,
verify	Run pnpm verify	2026-10-06T04:07:35.1322730Z   reason: ^[[32m'iotPrincipal missing'^[[39m
verify	Run pnpm verify	2026-10-06T04:07:35.1323022Z }
verify	Run pnpm verify	2026-10-06T04:07:35.1323116Z 
verify	Run pnpm verify	2026-10-06T04:07:35.1324078Z ^[[90mstderr^[[2m | apps/ingestion-worker/test/ingest-pipeline.test.ts^[[2m > ^[[22m^[[2mcreateIngestionHandler（BE-IOT-02 校验管线）^[[2m > ^[[22m^[[2mEnvelope 失败关闭：字段缺失、Topic 上下文不一致及额外 iot* 字段均隔离
verify	Run pnpm verify	2026-10-06T04:07:35.1324901Z ^[[22m^[[39mingestion message quarantined {
verify	Run pnpm verify	2026-10-06T04:07:35.1325242Z   event: ^[[32m'ingestion.quarantined'^[[39m,
verify	Run pnpm verify	2026-10-06T04:07:35.1325578Z   messageId: ^[[32m'sqs-mismatch'^[[39m,
verify	Run pnpm verify	2026-10-06T04:07:35.1325898Z   errorType: ^[[32m'INVALID_ENVELOPE'^[[39m,
verify	Run pnpm verify	2026-10-06T04:07:35.1326225Z   errorPath: ^[[32m'iotType'^[[39m,
verify	Run pnpm verify	2026-10-06T04:07:35.1326657Z   reason: ^[[32m'iotType missing or inconsistent with iotTopic'^[[39m
verify	Run pnpm verify	2026-10-06T04:07:35.1326973Z }
verify	Run pnpm verify	2026-10-06T04:07:35.1327067Z 
verify	Run pnpm verify	2026-10-06T04:07:35.1327896Z ^[[90mstderr^[[2m | apps/ingestion-worker/test/ingest-pipeline.test.ts^[[2m > ^[[22m^[[2mcreateIngestionHandler（BE-IOT-02 校验管线）^[[2m > ^[[22m^[[2mEnvelope 失败关闭：字段缺失、Topic 上下文不一致及额外 iot* 字段均隔离
verify	Run pnpm verify	2026-10-06T04:07:35.1328669Z ^[[22m^[[39mingestion message quarantined {
verify	Run pnpm verify	2026-10-06T04:07:35.1343329Z   event: ^[[32m'ingestion.quarantined'^[[39m,
verify	Run pnpm verify	2026-10-06T04:07:35.1343730Z   messageId: ^[[32m'sqs-device-mismatch'^[[39m,
verify	Run pnpm verify	2026-10-06T04:07:35.1344085Z   errorType: ^[[32m'INVALID_ENVELOPE'^[[39m,
verify	Run pnpm verify	2026-10-06T04:07:35.1344410Z   errorPath: ^[[32m'iotDeviceId'^[[39m,
verify	Run pnpm verify	2026-10-06T04:07:35.1344760Z   reason: ^[[32m'iotDeviceId is inconsistent with iotTopic'^[[39m
verify	Run pnpm verify	2026-10-06T04:07:35.1344965Z }
verify	Run pnpm verify	2026-10-06T04:07:35.1345029Z 
verify	Run pnpm verify	2026-10-06T04:07:35.1345568Z ^[[90mstderr^[[2m | apps/ingestion-worker/test/ingest-pipeline.test.ts^[[2m > ^[[22m^[[2mcreateIngestionHandler（BE-IOT-02 校验管线）^[[2m > ^[[22m^[[2mEnvelope 失败关闭：字段缺失、Topic 上下文不一致及额外 iot* 字段均隔离
verify	Run pnpm verify	2026-10-06T04:07:35.1346055Z ^[[22m^[[39mingestion message quarantined {
verify	Run pnpm verify	2026-10-06T04:07:35.1346274Z   event: ^[[32m'ingestion.quarantined'^[[39m,
verify	Run pnpm verify	2026-10-06T04:07:35.1346477Z   messageId: ^[[32m'sqs-extra-iot'^[[39m,
verify	Run pnpm verify	2026-10-06T04:07:35.1346776Z   errorType: ^[[32m'SCHEMA_VIOLATION'^[[39m,
verify	Run pnpm verify	2026-10-06T04:07:35.1347479Z   errorPath: ^[[32m'(root)'^[[39m,
verify	Run pnpm verify	2026-10-06T04:07:35.1347982Z   reason: ^[[32m'payload violates heartbeat.schema.json: 不允许的额外字段 iotSpoofedContext'^[[39m,
verify	Run pnpm verify	2026-10-06T04:07:35.1348512Z   iotTopic: ^[[32m'bnx/device/dev-ing-17/heartbeat'^[[39m,
verify	Run pnpm verify	2026-10-06T04:07:35.1349021Z   iotDeviceId: ^[[32m'dev-ing-17'^[[39m
verify	Run pnpm verify	2026-10-06T04:07:35.1349251Z }
verify	Run pnpm verify	2026-10-06T04:07:35.1349342Z 
verify	Run pnpm verify	2026-10-06T04:07:35.1352268Z  ^[[32m✓^[[39m apps/ingestion-worker/test/ingest-pipeline.test.ts ^[[2m(^[[22m^[[2m15 tests^[[22m^[[2m)^[[22m^[[33m 3042^[[2mms^[[22m^[[39m
verify	Run pnpm verify	2026-10-06T04:07:35.1353101Z      ^[[33m^[[2m✓^[[22m^[[39m 生产组合根闭环：SQS → 身份/Schema 校验 → Heartbeat → Onboarded ^[[33m 310^[[2mms^[[22m^[[39m
verify	Run pnpm verify	2026-10-06T04:07:35.2195310Z Bundling asset TestStack/DeviceApiFn/Code/Stage...
verify	Run pnpm verify	2026-10-06T04:07:35.8006904Z  ^[[32m✓^[[39m apps/cloud-api/test/device-sync.test.ts ^[[2m(^[[22m^[[2m13 tests^[[22m^[[2m)^[[22m^[[33m 3005^[[2mms^[[22m^[[39m
verify	Run pnpm verify	2026-10-06T04:07:35.9481206Z Bundling asset TestStack/ApiFn/Code/Stage...
verify	Run pnpm verify	2026-10-06T04:07:38.1237405Z Bundling asset TestStack/IngestionFn/Code/Stage...
verify	Run pnpm verify	2026-10-06T04:07:38.8080561Z Bundling asset TestStack/ArchiveFn/Code/Stage...
verify	Run pnpm verify	2026-10-06T04:07:38.9011525Z  ^[[32m✓^[[39m apps/cloud-api/test/admin-ota-package.test.ts ^[[2m(^[[22m^[[2m13 tests^[[22m^[[2m)^[[22m^[[33m 2483^[[2mms^[[22m^[[39m
verify	Run pnpm verify	2026-10-06T04:07:39.2107416Z Bundling asset TestStack/OutboxPublisherFn/Code/Stage...
verify	Run pnpm verify	2026-10-06T04:07:39.9083731Z Bundling asset TestStack/NotificationPublisherFn/Code/Stage...
verify	Run pnpm verify	2026-10-06T04:07:40.6592317Z Bundling asset TestStack/SummaryFn/Code/Stage...
verify	Run pnpm verify	2026-10-06T04:07:41.3318457Z Bundling asset TestStack/ReplayTriggerPublisherFn/Code/Stage...
verify	Run pnpm verify	2026-10-06T04:07:41.8961962Z Bundling asset TestStack/ReplayFn/Code/Stage...
verify	Run pnpm verify	2026-10-06T04:07:42.4184367Z Bundling asset TestStack/CertPackageSweeperFn/Code/Stage...
verify	Run pnpm verify	2026-10-06T04:07:42.6347464Z  ^[[32m✓^[[39m apps/cloud-api/test/admin-device-user.test.ts ^[[2m(^[[22m^[[2m8 tests^[[22m^[[2m)^[[22m^[[33m 3093^[[2mms^[[22m^[[39m
verify	Run pnpm verify	2026-10-06T04:07:42.6376429Z      ^[[33m^[[2m✓^[[22m^[[39m 仅匹配具有目标设备 ACTIVE 分配的设备操作员 ^[[33m 392^[[2mms^[[22m^[[39m
verify	Run pnpm verify	2026-10-06T04:07:43.0240137Z Bundling asset TestStack/OnboardingDeadlineFn/Code/Stage...
verify	Run pnpm verify	2026-10-06T04:07:43.2670470Z  ^[[32m✓^[[39m apps/admin-web/test/contracts.test.tsx ^[[2m(^[[22m^[[2m11 tests^[[22m^[[2m)^[[22m^[[33m 6465^[[2mms^[[22m^[[39m
verify	Run pnpm verify	2026-10-06T04:07:43.2671897Z    ^[[33m^[[2m✓^[[22m^[[39m 列表：客户名解析、设备计数、服务期限、派生状态标签、筛选回调 ^[[33m 1079^[[2mms^[[22m^[[39m
verify	Run pnpm verify	2026-10-06T04:07:43.2672846Z    ^[[33m^[[2m✓^[[22m^[[39m 新建：创建 DRAFT（不自动激活 License）→ eligible 设备两步关联 ^[[33m 667^[[2mms^[[22m^[[39m
verify	Run pnpm verify	2026-10-06T04:07:43.2673609Z    ^[[33m^[[2m✓^[[22m^[[39m 新建：编号重复 409 → 明确错误呈现 ^[[33m 376^[[2mms^[[22m^[[39m
verify	Run pnpm verify	2026-10-06T04:07:43.2674451Z    ^[[33m^[[2m✓^[[22m^[[39m 详情：编辑携带 version（If-Match）+ 强制原因；EFFECTIVE 不可改有效期 ^[[33m 705^[[2mms^[[22m^[[39m
verify	Run pnpm verify	2026-10-06T04:07:43.2675248Z    ^[[33m^[[2m✓^[[22m^[[39m 详情：续约校验（newEndAt 须晚于当前）+ 提交；激活/终止强制原因确认 ^[[33m 1630^[[2mms^[[22m^[[39m
verify	Run pnpm verify	2026-10-06T04:07:43.2676072Z    ^[[33m^[[2m✓^[[22m^[[39m 详情：绑定 eligible 设备（重叠租期 409 呈现）；解绑不撤销 License（License 展示不变） ^[[33m 1582^[[2mms^[[22m^[[39m
verify	Run pnpm verify	2026-10-06T04:07:43.5794664Z Bundling asset TestStack/RetirementTimeoutFn/Code/Stage...
verify	Run pnpm verify	2026-10-06T04:07:44.4078674Z Bundling asset TestStack/ActivityExportFn/Code/Stage...
verify	Run pnpm verify	2026-10-06T04:07:45.1940006Z Bundling asset TestStack/EsgExportFn/Code/Stage...
verify	Run pnpm verify	2026-10-06T04:07:46.1125274Z Bundling asset TestStack/CommandPublisherFn/Code/Stage...
verify	Run pnpm verify	2026-10-06T04:07:46.2203721Z  ^[[32m✓^[[39m apps/cloud-api/test/admin-dashboard.test.ts ^[[2m(^[[22m^[[2m8 tests^[[22m^[[2m)^[[22m^[[33m 2888^[[2mms^[[22m^[[39m
verify	Run pnpm verify	2026-10-06T04:07:46.8542141Z Bundling asset TestStack/CommandTimeoutFn/Code/Stage...
verify	Run pnpm verify	2026-10-06T04:07:47.0739807Z  ^[[32m✓^[[39m apps/cloud-api/test/admin-configuration.test.ts ^[[2m(^[[22m^[[2m9 tests^[[22m^[[2m)^[[22m^[[33m 2853^[[2mms^[[22m^[[39m
verify	Run pnpm verify	2026-10-06T04:07:47.4670421Z Bundling asset TestStack/OtaDispatcherFn/Code/Stage...
verify	Run pnpm verify	2026-10-06T04:07:48.4290281Z Bundling asset TestStack/OnboardingApiFn/Code/Stage...
verify	Run pnpm verify	2026-10-06T04:07:49.3211822Z Bundling asset TestStack/OnboardingProvisioningFn/Code/Stage...
verify	Run pnpm verify	2026-10-06T04:07:49.9957659Z  ^[[32m✓^[[39m apps/cloud-api/test/admin-site.test.ts ^[[2m(^[[22m^[[2m13 tests^[[22m^[[2m)^[[22m^[[33m 2884^[[2mms^[[22m^[[39m
verify	Run pnpm verify	2026-10-06T04:07:50.0611079Z Bundling asset TestStack/DeviceApiFn/Code/Stage...
verify	Run pnpm verify	2026-10-06T04:07:50.7521151Z Bundling asset TestStack/ApiFn/Code/Stage...
verify	Run pnpm verify	2026-10-06T04:07:51.2289671Z  ^[[32m✓^[[39m apps/cloud-api/test/admin-command.test.ts ^[[2m(^[[22m^[[2m15 tests^[[22m^[[2m)^[[22m^[[33m 3366^[[2mms^[[22m^[[39m
verify	Run pnpm verify	2026-10-06T04:07:51.2290351Z      ^[[33m^[[2m✓^[[22m^[[39m ACTIVE 设备：22 个命令全部创建成功并进入 AUTHORIZED ^[[33m 437^[[2mms^[[22m^[[39m
verify	Run pnpm verify	2026-10-06T04:07:52.8864660Z Bundling asset TestStack/IngestionFn/Code/Stage...
verify	Run pnpm verify	2026-10-06T04:07:53.9462472Z Bundling asset TestStack/ArchiveFn/Code/Stage...
verify	Run pnpm verify	2026-10-06T04:07:53.9654183Z  ^[[32m✓^[[39m apps/cloud-api/test/admin-device.test.ts ^[[2m(^[[22m^[[2m10 tests^[[22m^[[2m)^[[22m^[[33m 3112^[[2mms^[[22m^[[39m
verify	Run pnpm verify	2026-10-06T04:07:53.9724734Z      ^[[33m^[[2m✓^[[22m^[[39m 原型设备群表格字段均有来源；证书仅摘要（不泄露 PEM/私钥/证书包） ^[[33m 405^[[2mms^[[22m^[[39m
verify	Run pnpm verify	2026-10-06T04:07:54.4016956Z Bundling asset TestStack/OutboxPublisherFn/Code/Stage...
verify	Run pnpm verify	2026-10-06T04:07:55.0213744Z Bundling asset TestStack/NotificationPublisherFn/Code/Stage...
verify	Run pnpm verify	2026-10-06T04:07:55.1159760Z  ^[[32m✓^[[39m apps/cloud-api/test/admin-alarm.test.ts ^[[2m(^[[22m^[[2m10 tests^[[22m^[[2m)^[[22m^[[33m 2844^[[2mms^[[22m^[[39m
verify	Run pnpm verify	2026-10-06T04:07:55.5646491Z Bundling asset TestStack/SummaryFn/Code/Stage...
verify	Run pnpm verify	2026-10-06T04:07:55.9115301Z  ^[[32m✓^[[39m apps/cloud-api/test/admin-lambda-composition.test.ts ^[[2m(^[[22m^[[2m12 tests^[[22m^[[2m)^[[22m^[[33m 466^[[2mms^[[22m^[[39m
verify	Run pnpm verify	2026-10-06T04:07:56.2860229Z Bundling asset TestStack/ReplayTriggerPublisherFn/Code/Stage...
verify	Run pnpm verify	2026-10-06T04:07:56.9609953Z Bundling asset TestStack/ReplayFn/Code/Stage...
verify	Run pnpm verify	2026-10-06T04:07:57.7400077Z Bundling asset TestStack/CertPackageSweeperFn/Code/Stage...
verify	Run pnpm verify	2026-10-06T04:07:58.4773629Z Bundling asset TestStack/OnboardingDeadlineFn/Code/Stage...
verify	Run pnpm verify	2026-10-06T04:07:59.1852101Z Bundling asset TestStack/RetirementTimeoutFn/Code/Stage...
verify	Run pnpm verify	2026-10-06T04:07:59.2856718Z  ^[[32m✓^[[39m apps/cloud-api/test/admin-esg.test.ts ^[[2m(^[[22m^[[2m10 tests^[[22m^[[2m)^[[22m^[[33m 2515^[[2mms^[[22m^[[39m
verify	Run pnpm verify	2026-10-06T04:07:59.7520155Z Bundling asset TestStack/ActivityExportFn/Code/Stage...
verify	Run pnpm verify	2026-10-06T04:08:00.4175344Z Bundling asset TestStack/EsgExportFn/Code/Stage...
verify	Run pnpm verify	2026-10-06T04:08:01.2696117Z Bundling asset TestStack/CommandPublisherFn/Code/Stage...
verify	Run pnpm verify	2026-10-06T04:08:01.9006127Z Bundling asset TestStack/CommandTimeoutFn/Code/Stage...
verify	Run pnpm verify	2026-10-06T04:08:02.4180639Z  ^[[32m✓^[[39m apps/cloud-api/test/admin-contract.test.ts ^[[2m(^[[22m^[[2m9 tests^[[22m^[[2m)^[[22m^[[33m 2433^[[2mms^[[22m^[[39m
verify	Run pnpm verify	2026-10-06T04:08:02.5576685Z Bundling asset TestStack/OtaDispatcherFn/Code/Stage...
verify	Run pnpm verify	2026-10-06T04:08:03.0492043Z Bundling asset TestStack/OnboardingApiFn/Code/Stage...
verify	Run pnpm verify	2026-10-06T04:08:03.4000541Z  ^[[32m✓^[[39m apps/admin-web/test/device-operate.test.tsx ^[[2m(^[[22m^[[2m13 tests^[[22m^[[2m)^[[22m^[[33m 7662^[[2mms^[[22m^[[39m
verify	Run pnpm verify	2026-10-06T04:08:03.4001873Z    ^[[33m^[[2m✓^[[22m^[[39m PUBLISH_FAILED 可筛选展示；温度命令仅保留协议 parity、不可由后台提交 ^[[33m 595^[[2mms^[[22m^[[39m
verify	Run pnpm verify	2026-10-06T04:08:03.4002657Z    ^[[33m^[[2m✓^[[22m^[[39m 无协议 command code 禁止提交：未知 code 抛错；模式切换表单只能选组内真实命令 ^[[33m 412^[[2mms^[[22m^[[39m
verify	Run pnpm verify	2026-10-06T04:08:03.4003420Z    ^[[33m^[[2m✓^[[22m^[[39m 高风险命令：confirmText 必须与命令名完全一致；客户端不提交确认时间 ^[[33m 1909^[[2mms^[[22m^[[39m
verify	Run pnpm verify	2026-10-06T04:08:03.4004035Z    ^[[33m^[[2m✓^[[22m^[[39m 低风险命令无需确认凭证；timeoutSec 越界禁止提交 ^[[33m 1175^[[2mms^[[22m^[[39m
verify	Run pnpm verify	2026-10-06T04:08:03.4004757Z    ^[[33m^[[2m✓^[[22m^[[39m 门控：Suspended/Retired/离线/无 Entitlement/无 command:send 均禁用且原因展示 ^[[33m 1432^[[2mms^[[22m^[[39m
verify	Run pnpm verify	2026-10-06T04:08:03.4005625Z    ^[[33m^[[2m✓^[[22m^[[39m 状态 E2E：提交受理（AUTHORIZED，requestedBy 身份上下文）→ 下发 → ACK → 成功；表单无 requestedBy 输入 ^[[33m 540^[[2mms^[[22m^[[39m
verify	Run pnpm verify	2026-10-06T04:08:03.4006350Z    ^[[33m^[[2m✓^[[22m^[[39m 活动日志：级别/类型筛选应用；导出快照与当前筛选一致；表格渲染 ^[[33m 642^[[2mms^[[22m^[[39m
verify	Run pnpm verify	2026-10-06T04:08:03.6888994Z Bundling asset TestStack/OnboardingProvisioningFn/Code/Stage...
verify	Run pnpm verify	2026-10-06T04:08:04.5510352Z Bundling asset TestStack/DeviceApiFn/Code/Stage...
verify	Run pnpm verify	2026-10-06T04:08:05.3970117Z Bundling asset TestStack/ApiFn/Code/Stage...
verify	Run pnpm verify	2026-10-06T04:08:06.5999360Z  ^[[32m✓^[[39m apps/cloud-api/test/provisioning.test.ts ^[[2m(^[[22m^[[2m8 tests^[[22m^[[2m)^[[22m^[[33m 3437^[[2mms^[[22m^[[39m
verify	Run pnpm verify	2026-10-06T04:08:06.6000926Z      ^[[33m^[[2m✓^[[22m^[[39m 正向：Thing/Policy/attach 全链调用；证书 PENDING_CLAIM；私钥仅以信封密文落库 ^[[33m 382^[[2mms^[[22m^[[39m
verify	Run pnpm verify	2026-10-06T04:08:07.1120668Z  ^[[32m✓^[[39m apps/cloud-api/test/admin-consumable.test.ts ^[[2m(^[[22m^[[2m9 tests^[[22m^[[2m)^[[22m^[[33m 2698^[[2mms^[[22m^[[39m
verify	Run pnpm verify	2026-10-06T04:08:07.5903092Z Bundling asset TestStack/IngestionFn/Code/Stage...
verify	Run pnpm verify	2026-10-06T04:08:08.5191505Z Bundling asset TestStack/ArchiveFn/Code/Stage...
verify	Run pnpm verify	2026-10-06T04:08:09.1460140Z Bundling asset TestStack/OutboxPublisherFn/Code/Stage...
verify	Run pnpm verify	2026-10-06T04:08:09.9110129Z Bundling asset TestStack/NotificationPublisherFn/Code/Stage...
verify	Run pnpm verify	2026-10-06T04:08:10.7605618Z Bundling asset TestStack/SummaryFn/Code/Stage...
verify	Run pnpm verify	2026-10-06T04:08:10.7649936Z  ^[[32m✓^[[39m apps/cloud-api/test/command-publisher.test.ts ^[[2m(^[[22m^[[2m15 tests^[[22m^[[2m)^[[22m^[[33m 3338^[[2mms^[[22m^[[39m
verify	Run pnpm verify	2026-10-06T04:08:11.0105200Z  ^[[32m✓^[[39m apps/cloud-api/test/admin-contract-device.test.ts ^[[2m(^[[22m^[[2m8 tests^[[22m^[[2m)^[[22m^[[33m 3135^[[2mms^[[22m^[[39m
verify	Run pnpm verify	2026-10-06T04:08:11.0106514Z      ^[[33m^[[2m✓^[[22m^[[39m 批量关联全成：ACTIVE 关联 + 审计一次；Contract 设备视图含四轴/固件/Region/别名/租期 ^[[33m 301^[[2mms^[[22m^[[39m
verify	Run pnpm verify	2026-10-06T04:08:11.4220391Z Bundling asset TestStack/ReplayTriggerPublisherFn/Code/Stage...
verify	Run pnpm verify	2026-10-06T04:08:12.1850061Z Bundling asset TestStack/ReplayFn/Code/Stage...
verify	Run pnpm verify	2026-10-06T04:08:13.2180219Z Bundling asset TestStack/CertPackageSweeperFn/Code/Stage...
verify	Run pnpm verify	2026-10-06T04:08:13.9648657Z Bundling asset TestStack/OnboardingDeadlineFn/Code/Stage...
verify	Run pnpm verify	2026-10-06T04:08:14.6071353Z ^[[90mstderr^[[2m | apps/cloud-api/test/admin-customer.test.ts^[[2m > ^[[22m^[[2mPATCH /admin/customers/{customerId}（更新：If-Match 乐观锁）^[[2m > ^[[22m^[[2m更新成功 version 自增 + 审计；If-Match 缺失 400；版本不符 409
verify	Run pnpm verify	2026-10-06T04:08:14.6079798Z ^[[22m^[[39maudit FAILURE 记录写入失败 Error [PrismaClientKnownRequestError]: 
verify	Run pnpm verify	2026-10-06T04:08:14.6121247Z Invalid `client.auditLog.create()` invocation in
verify	Run pnpm verify	2026-10-06T04:08:14.6139652Z /home/runner/work/food-digester-platform/food-digester-platform/packages/database/src/audit.ts:72:25
verify	Run pnpm verify	2026-10-06T04:08:14.6149107Z 
verify	Run pnpm verify	2026-10-06T04:08:14.6169610Z   69 /** 写一条审计记录。可在事务内（tx）或根 client 上调用。 */
verify	Run pnpm verify	2026-10-06T04:08:14.6199412Z   70 export async function recordAudit(client: DbClient, entry: AuditEntry): Promise<void> {
verify	Run pnpm verify	2026-10-06T04:08:14.6229265Z   71   const ctx = getRequestContext();
verify	Run pnpm verify	2026-10-06T04:08:14.6239359Z → 72   await client.auditLog.create(
verify	Run pnpm verify	2026-10-06T04:08:14.6259418Z Foreign key constraint violated on the constraint: `audit_logs_customer_id_fkey`
verify	Run pnpm verify	2026-10-06T04:08:14.6290099Z     at redactSensitive ^[[90m(/home/runner/work/food-digester-platform/food-digester-platform/^[[39mpackages/observability/src/redaction.ts:43:19^[[90m)^[[39m
verify	Run pnpm verify	2026-10-06T04:08:14.6299127Z     at Array.map (<anonymous>)
verify	Run pnpm verify	2026-10-06T04:08:14.6315508Z     at Object.error ^[[90m(/home/runner/work/food-digester-platform/food-digester-platform/^[[39mpackages/observability/src/redaction.ts:70:18^[[90m)^[[39m
verify	Run pnpm verify	2026-10-06T04:08:14.6350100Z     at audited ^[[90m(/home/runner/work/food-digester-platform/food-digester-platform/^[[39mpackages/database/src/audit.ts:144:14^[[90m)^[[39m
verify	Run pnpm verify	2026-10-06T04:08:14.6369606Z ^[[90m    at processTicksAndRejections (node:internal/process/task_queues:103:5)^[[39m
verify	Run pnpm verify	2026-10-06T04:08:14.6389747Z     at ^[[90m/home/runner/work/food-digester-platform/food-digester-platform/^[[39mapps/cloud-api/src/admin/customer/handler.ts:127:23
verify	Run pnpm verify	2026-10-06T04:08:14.6419810Z     at Object.update ^[[90m(/home/runner/work/food-digester-platform/food-digester-platform/^[[39mapps/cloud-api/src/admin/customer/handler.ts:165:16^[[90m)^[[39m
verify	Run pnpm verify	2026-10-06T04:08:14.6444532Z     at ^[[90m/home/runner/work/food-digester-platform/food-digester-platform/^[[39mapps/cloud-api/test/admin-customer.test.ts:247:21
verify	Run pnpm verify	2026-10-06T04:08:14.6459978Z     at ^[[90mfile:///home/runner/work/food-digester-platform/food-digester-platform/^[[39mnode_modules/^[[4m@vitest/runner^[[24m/dist/chunk-artifact.js:1903:20
verify	Run pnpm verify	2026-10-06T04:08:14.6468943Z 
verify	Run pnpm verify	2026-10-06T04:08:14.6614359Z Bundling asset TestStack/RetirementTimeoutFn/Code/Stage...
verify	Run pnpm verify	2026-10-06T04:08:14.7407409Z  ^[[32m✓^[[39m apps/cloud-api/test/admin-customer.test.ts ^[[2m(^[[22m^[[2m14 tests^[[22m^[[2m)^[[22m^[[33m 2871^[[2mms^[[22m^[[39m
verify	Run pnpm verify	2026-10-06T04:08:15.2590429Z Bundling asset TestStack/ActivityExportFn/Code/Stage...
verify	Run pnpm verify	2026-10-06T04:08:15.8474911Z Bundling asset TestStack/EsgExportFn/Code/Stage...
verify	Run pnpm verify	2026-10-06T04:08:16.5309955Z Bundling asset TestStack/CommandPublisherFn/Code/Stage...
verify	Run pnpm verify	2026-10-06T04:08:17.1056532Z Bundling asset TestStack/CommandTimeoutFn/Code/Stage...
verify	Run pnpm verify	2026-10-06T04:08:17.7276354Z Bundling asset TestStack/OtaDispatcherFn/Code/Stage...
verify	Run pnpm verify	2026-10-06T04:08:17.7999848Z  ^[[32m✓^[[39m apps/cloud-api/test/admin-device-retirement.test.ts ^[[2m(^[[22m^[[2m7 tests^[[22m^[[2m)^[[22m^[[33m 2376^[[2mms^[[22m^[[39m
verify	Run pnpm verify	2026-10-06T04:08:18.2504444Z Bundling asset TestStack/OnboardingApiFn/Code/Stage...
verify	Run pnpm verify	2026-10-06T04:08:18.7787779Z Bundling asset TestStack/OnboardingProvisioningFn/Code/Stage...
verify	Run pnpm verify	2026-10-06T04:08:19.3012545Z Bundling asset TestStack/DeviceApiFn/Code/Stage...
verify	Run pnpm verify	2026-10-06T04:08:19.9181846Z Bundling asset TestStack/ApiFn/Code/Stage...
verify	Run pnpm verify	2026-10-06T04:08:21.3365003Z Bundling asset TestStack/IngestionFn/Code/Stage...
verify	Run pnpm verify	2026-10-06T04:08:21.8201272Z Bundling asset TestStack/ArchiveFn/Code/Stage...
verify	Run pnpm verify	2026-10-06T04:08:22.1357634Z Bundling asset TestStack/OutboxPublisherFn/Code/Stage...
verify	Run pnpm verify	2026-10-06T04:08:22.5599390Z Bundling asset TestStack/NotificationPublisherFn/Code/Stage...
verify	Run pnpm verify	2026-10-06T04:08:22.9701825Z Bundling asset TestStack/SummaryFn/Code/Stage...
verify	Run pnpm verify	2026-10-06T04:08:23.3959135Z Bundling asset TestStack/ReplayTriggerPublisherFn/Code/Stage...
verify	Run pnpm verify	2026-10-06T04:08:23.8222956Z Bundling asset TestStack/ReplayFn/Code/Stage...
verify	Run pnpm verify	2026-10-06T04:08:24.2533285Z Bundling asset TestStack/CertPackageSweeperFn/Code/Stage...
verify	Run pnpm verify	2026-10-06T04:08:24.7342665Z Bundling asset TestStack/OnboardingDeadlineFn/Code/Stage...
verify	Run pnpm verify	2026-10-06T04:08:25.2114422Z Bundling asset TestStack/RetirementTimeoutFn/Code/Stage...
verify	Run pnpm verify	2026-10-06T04:08:25.6755729Z Bundling asset TestStack/ActivityExportFn/Code/Stage...
verify	Run pnpm verify	2026-10-06T04:08:25.8730428Z  ^[[32m✓^[[39m apps/admin-web/test/settings.test.tsx ^[[2m(^[[22m^[[2m14 tests^[[22m^[[2m)^[[22m^[[33m 6639^[[2mms^[[22m^[[39m
verify	Run pnpm verify	2026-10-06T04:08:25.8731604Z    ^[[33m^[[2m✓^[[22m^[[39m 标签页按权限可见：SuperAdmin 三个；CustomerAdmin 仅设备用户 ^[[33m 573^[[2mms^[[22m^[[39m
verify	Run pnpm verify	2026-10-06T04:08:25.8732479Z    ^[[33m^[[2m✓^[[22m^[[39m 邀请：表单无永久密码字段；提交体不含 password；提示 Cognito 临时凭证 ^[[33m 1064^[[2mms^[[22m^[[39m
verify	Run pnpm verify	2026-10-06T04:08:25.8733296Z    ^[[33m^[[2m✓^[[22m^[[39m 邀请校验：平台/Customer 混绑拒绝；Customer 角色缺 customerId 拒绝 ^[[33m 922^[[2mms^[[22m^[[39m
verify	Run pnpm verify	2026-10-06T04:08:25.8734048Z    ^[[33m^[[2m✓^[[22m^[[39m 角色变更：高风险明确确认后整体替换；混绑禁用提交 ^[[33m 853^[[2mms^[[22m^[[39m
verify	Run pnpm verify	2026-10-06T04:08:25.8734878Z    ^[[33m^[[2m✓^[[22m^[[39m 停用与重置：明确确认；重置提示不接触密码 ^[[33m 605^[[2mms^[[22m^[[39m
verify	Run pnpm verify	2026-10-06T04:08:25.8735512Z    ^[[33m^[[2m✓^[[22m^[[39m 自我提权/越权：403 经 ErrorNotice 正确呈现 ^[[33m 674^[[2mms^[[22m^[[39m
verify	Run pnpm verify	2026-10-06T04:08:25.8736117Z    ^[[33m^[[2m✓^[[22m^[[39m 用户列表筛选回调（roleType/status/customerId/q） ^[[33m 594^[[2mms^[[22m^[[39m
verify	Run pnpm verify	2026-10-06T04:08:25.8736714Z    ^[[33m^[[2m✓^[[22m^[[39m 设置编辑：非法 JSON 禁用提交；合法提交携 version 乐观锁 ^[[33m 527^[[2mms^[[22m^[[39m
verify	Run pnpm verify	2026-10-06T04:08:25.8737349Z    ^[[33m^[[2m✓^[[22m^[[39m 并发冲突可恢复：409 VERSION_CONFLICT → 提示刷新并回调 onRefresh ^[[33m 403^[[2mms^[[22m^[[39m
verify	Run pnpm verify	2026-10-06T04:08:26.1534874Z Bundling asset TestStack/EsgExportFn/Code/Stage...
verify	Run pnpm verify	2026-10-06T04:08:26.7072849Z Bundling asset TestStack/CommandPublisherFn/Code/Stage...
verify	Run pnpm verify	2026-10-06T04:08:27.3559962Z Bundling asset TestStack/CommandTimeoutFn/Code/Stage...
verify	Run pnpm verify	2026-10-06T04:08:27.8515968Z Bundling asset TestStack/OtaDispatcherFn/Code/Stage...
verify	Run pnpm verify	2026-10-06T04:08:28.0862039Z ^[[90mstderr^[[2m | apps/ingestion-worker/test/ack-dispatch.test.ts^[[2m > ^[[22m^[[2mBE-IOT-08 端到端分发：SQS → 管线 → 分发器 → ACK Handler^[[2m > ^[[22m^[[2mMedia 生产链路：SQS → 校验 → receipt → BE-MED-01 核心 → MediaObject；过期会话稳定隔离
verify	Run pnpm verify	2026-10-06T04:08:28.0880922Z ^[[22m^[[39mingestion message quarantined {
verify	Run pnpm verify	2026-10-06T04:08:28.0881516Z   event: ^[[32m'ingestion.quarantined'^[[39m,
verify	Run pnpm verify	2026-10-06T04:08:28.0882096Z   messageId: ^[[32m'sqs-media-expired'^[[39m,
verify	Run pnpm verify	2026-10-06T04:08:28.0882621Z   errorType: ^[[32m'MEDIA_SESSION_EXPIRED'^[[39m,
verify	Run pnpm verify	2026-10-06T04:08:28.0883112Z   errorPath: ^[[32m'data.objectPath'^[[39m,
verify	Run pnpm verify	2026-10-06T04:08:28.0883641Z   reason: ^[[32m'media metadata rejected: SESSION_EXPIRED'^[[39m,
verify	Run pnpm verify	2026-10-06T04:08:28.0884239Z   iotTopic: ^[[32m'bnx/device/dev-ackd-2/media'^[[39m,
verify	Run pnpm verify	2026-10-06T04:08:28.0884732Z   iotDeviceId: ^[[32m'dev-ackd-2'^[[39m
verify	Run pnpm verify	2026-10-06T04:08:28.0885104Z }
verify	Run pnpm verify	2026-10-06T04:08:28.0885311Z 
verify	Run pnpm verify	2026-10-06T04:08:28.1473168Z ^[[90mstderr^[[2m | apps/ingestion-worker/test/ack-dispatch.test.ts^[[2m > ^[[22m^[[2mBE-IOT-08 端到端分发：SQS → 管线 → 分发器 → ACK Handler^[[2m > ^[[22m^[[2m未知/冲突 ACK → 确定异常路径（Quarantine），不误更新其他命令
verify	Run pnpm verify	2026-10-06T04:08:28.1484504Z ^[[22m^[[39mingestion message quarantined {
verify	Run pnpm verify	2026-10-06T04:08:28.1485604Z   event: ^[[32m'ingestion.quarantined'^[[39m,
verify	Run pnpm verify	2026-10-06T04:08:28.1486146Z   messageId: ^[[32m'sqs-unk'^[[39m,
verify	Run pnpm verify	2026-10-06T04:08:28.1486581Z   errorType: ^[[32m'UNKNOWN_COMMAND'^[[39m,
verify	Run pnpm verify	2026-10-06T04:08:28.1487051Z   errorPath: ^[[32m'data.commandId'^[[39m,
verify	Run pnpm verify	2026-10-06T04:08:28.1487572Z   reason: ^[[32m'ack references unknown command CMD-GHOST'^[[39m,
verify	Run pnpm verify	2026-10-06T04:08:28.1488117Z   iotTopic: ^[[32m'bnx/device/dev-ackd-4/ack'^[[39m,
verify	Run pnpm verify	2026-10-06T04:08:28.1488589Z   iotDeviceId: ^[[32m'dev-ackd-4'^[[39m
verify	Run pnpm verify	2026-10-06T04:08:28.1489142Z }
verify	Run pnpm verify	2026-10-06T04:08:28.1489357Z 
verify	Run pnpm verify	2026-10-06T04:08:28.1535892Z ^[[90mstderr^[[2m | apps/ingestion-worker/test/ack-dispatch.test.ts^[[2m > ^[[22m^[[2mBE-IOT-08 端到端分发：SQS → 管线 → 分发器 → ACK Handler^[[2m > ^[[22m^[[2m未知/冲突 ACK → 确定异常路径（Quarantine），不误更新其他命令
verify	Run pnpm verify	2026-10-06T04:08:28.1538469Z ^[[22m^[[39mingestion message quarantined {
verify	Run pnpm verify	2026-10-06T04:08:28.1539285Z   event: ^[[32m'ingestion.quarantined'^[[39m,
verify	Run pnpm verify	2026-10-06T04:08:28.1539648Z   messageId: ^[[32m'sqs-mis'^[[39m,
verify	Run pnpm verify	2026-10-06T04:08:28.1539963Z   errorType: ^[[32m'COMMAND_MISMATCH'^[[39m,
verify	Run pnpm verify	2026-10-06T04:08:28.1540368Z   errorPath: ^[[32m'data.command'^[[39m,
verify	Run pnpm verify	2026-10-06T04:08:28.1540878Z   reason: ^[[32m'ack command START does not match original STOP'^[[39m,
verify	Run pnpm verify	2026-10-06T04:08:28.1541408Z   iotTopic: ^[[32m'bnx/device/dev-ackd-4/ack'^[[39m,
verify	Run pnpm verify	2026-10-06T04:08:28.1541850Z   iotDeviceId: ^[[32m'dev-ackd-4'^[[39m
verify	Run pnpm verify	2026-10-06T04:08:28.1542153Z }
verify	Run pnpm verify	2026-10-06T04:08:28.1542283Z 
verify	Run pnpm verify	2026-10-06T04:08:28.1925480Z ^[[90mstderr^[[2m | apps/ingestion-worker/test/ack-dispatch.test.ts^[[2m > ^[[22m^[[2mBE-IOT-08 端到端分发：SQS → 管线 → 分发器 → ACK Handler^[[2m > ^[[22m^[[2mDEC-015 隔离：OTA_TARGET ACK 只更新 OTA 状态与历史，不回改 Command；COMMAND 混入 OTA 字段 → 隔离
verify	Run pnpm verify	2026-10-06T04:08:28.1945550Z ^[[22m^[[39mingestion message quarantined {
verify	Run pnpm verify	2026-10-06T04:08:28.2000062Z   event: ^[[32m'ingestion.quarantined'^[[39m,
verify	Run pnpm verify	2026-10-06T04:08:28.2000601Z   messageId: ^[[32m'sqs-mixed'^[[39m,
verify	Run pnpm verify	2026-10-06T04:08:28.2000991Z   errorType: ^[[32m'INVALID_ENVELOPE'^[[39m,
verify	Run pnpm verify	2026-10-06T04:08:28.2001378Z   errorPath: ^[[32m'data.objectType'^[[39m,
verify	Run pnpm verify	2026-10-06T04:08:28.2001858Z   reason: ^[[32m'COMMAND ack cannot contain OTA target fields'^[[39m,
verify	Run pnpm verify	2026-10-06T04:08:28.2002853Z   iotTopic: ^[[32m'bnx/device/dev-ackd-6/ack'^[[39m,
verify	Run pnpm verify	2026-10-06T04:08:28.2003246Z   iotDeviceId: ^[[32m'dev-ackd-6'^[[39m
verify	Run pnpm verify	2026-10-06T04:08:28.2003531Z }
verify	Run pnpm verify	2026-10-06T04:08:28.2003630Z 
verify	Run pnpm verify	2026-10-06T04:08:28.2399425Z  ^[[32m✓^[[39m apps/ingestion-worker/test/ack-dispatch.test.ts ^[[2m(^[[22m^[[2m6 tests^[[22m^[[2m)^[[22m^[[33m 2071^[[2mms^[[22m^[[39m
verify	Run pnpm verify	2026-10-06T04:08:28.3961539Z Bundling asset TestStack/OnboardingApiFn/Code/Stage...
verify	Run pnpm verify	2026-10-06T04:08:28.8450122Z Bundling asset TestStack/OnboardingProvisioningFn/Code/Stage...
verify	Run pnpm verify	2026-10-06T04:08:29.3100352Z Bundling asset TestStack/DeviceApiFn/Code/Stage...
verify	Run pnpm verify	2026-10-06T04:08:29.8644225Z Bundling asset TestStack/ApiFn/Code/Stage...
verify	Run pnpm verify	2026-10-06T04:08:31.3188893Z Bundling asset TestStack/IngestionFn/Code/Stage...
verify	Run pnpm verify	2026-10-06T04:08:31.7553943Z Bundling asset TestStack/ArchiveFn/Code/Stage...
verify	Run pnpm verify	2026-10-06T04:08:32.0669719Z Bundling asset TestStack/OutboxPublisherFn/Code/Stage...
verify	Run pnpm verify	2026-10-06T04:08:32.4960173Z Bundling asset TestStack/NotificationPublisherFn/Code/Stage...
verify	Run pnpm verify	2026-10-06T04:08:32.9310125Z Bundling asset TestStack/SummaryFn/Code/Stage...
verify	Run pnpm verify	2026-10-06T04:08:32.9695713Z  ^[[32m✓^[[39m apps/admin-web/test/device-users.test.tsx ^[[2m(^[[22m^[[2m11 tests^[[22m^[[2m)^[[22m^[[33m 3468^[[2mms^[[22m^[[39m
verify	Run pnpm verify	2026-10-06T04:08:32.9697100Z    ^[[33m^[[2m✓^[[22m^[[39m 敏感字段快照为 0：任何响应与 DOM 不显示 passwordHash；密码输入不回显 ^[[33m 909^[[2mms^[[22m^[[39m
verify	Run pnpm verify	2026-10-06T04:08:32.9721726Z    ^[[33m^[[2m✓^[[22m^[[39m 重置密码：仅一次受控提交 + 必填原因；提交后清空不回显 ^[[33m 396^[[2mms^[[22m^[[39m
verify	Run pnpm verify	2026-10-06T04:08:32.9733189Z    ^[[33m^[[2m✓^[[22m^[[39m 创建：username/password 必填校验；platform 角色需选客户 ^[[33m 329^[[2mms^[[22m^[[39m
verify	Run pnpm verify	2026-10-06T04:08:32.9734414Z    ^[[33m^[[2m✓^[[22m^[[39m 筛选：Customer/Region/Subregion/Device/status/keyword 使用权威拓扑并可重置 ^[[33m 669^[[2mms^[[22m^[[39m
verify	Run pnpm verify	2026-10-06T04:08:32.9735447Z    ^[[33m^[[2m✓^[[22m^[[39m 分配：批量勾选 + 强制原因；撤销仅列 ACTIVE 分配 ^[[33m 640^[[2mms^[[22m^[[39m
verify	Run pnpm verify	2026-10-06T04:08:33.4050209Z Bundling asset TestStack/ReplayTriggerPublisherFn/Code/Stage...
verify	Run pnpm verify	2026-10-06T04:08:33.8771433Z Bundling asset TestStack/ReplayFn/Code/Stage...
verify	Run pnpm verify	2026-10-06T04:08:34.2987137Z Bundling asset TestStack/CertPackageSweeperFn/Code/Stage...
verify	Run pnpm verify	2026-10-06T04:08:34.8397270Z Bundling asset TestStack/OnboardingDeadlineFn/Code/Stage...
verify	Run pnpm verify	2026-10-06T04:08:35.3529550Z Bundling asset TestStack/RetirementTimeoutFn/Code/Stage...
verify	Run pnpm verify	2026-10-06T04:08:35.6030830Z  ^[[32m✓^[[39m apps/admin-web/test/esg.test.tsx ^[[2m(^[[22m^[[2m10 tests^[[22m^[[2m)^[[22m^[[33m 1321^[[2mms^[[22m^[[39m
verify	Run pnpm verify	2026-10-06T04:08:35.6032352Z    ^[[33m^[[2m✓^[[22m^[[39m 日期按用户时区转 UTC：Asia/Shanghai 日历日 → UTC 区间并展示换算结果 ^[[33m 325^[[2mms^[[22m^[[39m
verify	Run pnpm verify	2026-10-06T04:08:35.6033228Z    ^[[33m^[[2m✓^[[22m^[[39m 设备页：九项指标 + 完整率 + 计算版本；ScopeFilter 联动；CT-06 锚点齐全 ^[[33m 343^[[2mms^[[22m^[[39m
verify	Run pnpm verify	2026-10-06T04:08:35.8544453Z Bundling asset TestStack/ActivityExportFn/Code/Stage...
verify	Run pnpm verify	2026-10-06T04:08:36.3210143Z Bundling asset TestStack/EsgExportFn/Code/Stage...
verify	Run pnpm verify	2026-10-06T04:08:36.7763752Z Bundling asset TestStack/CommandPublisherFn/Code/Stage...
verify	Run pnpm verify	2026-10-06T04:08:37.2822807Z Bundling asset TestStack/CommandTimeoutFn/Code/Stage...
verify	Run pnpm verify	2026-10-06T04:08:37.7478111Z Bundling asset TestStack/OtaDispatcherFn/Code/Stage...
verify	Run pnpm verify	2026-10-06T04:08:38.1790013Z Bundling asset TestStack/OnboardingApiFn/Code/Stage...
verify	Run pnpm verify	2026-10-06T04:08:38.6673272Z Bundling asset TestStack/OnboardingProvisioningFn/Code/Stage...
verify	Run pnpm verify	2026-10-06T04:08:39.1330450Z Bundling asset TestStack/DeviceApiFn/Code/Stage...
verify	Run pnpm verify	2026-10-06T04:08:39.6011096Z Bundling asset TestStack/ApiFn/Code/Stage...
verify	Run pnpm verify	2026-10-06T04:08:40.8507718Z Bundling asset Named/IngestionFn/Code/Stage...
verify	Run pnpm verify	2026-10-06T04:08:41.3327303Z Bundling asset Named/ArchiveFn/Code/Stage...
verify	Run pnpm verify	2026-10-06T04:08:41.6325977Z Bundling asset Named/OutboxPublisherFn/Code/Stage...
verify	Run pnpm verify	2026-10-06T04:08:42.0803264Z Bundling asset Named/NotificationPublisherFn/Code/Stage...
verify	Run pnpm verify	2026-10-06T04:08:42.1757827Z  ^[[32m✓^[[39m apps/admin-web/test/consumables.test.tsx ^[[2m(^[[22m^[[2m10 tests^[[22m^[[2m)^[[22m^[[33m 5311^[[2mms^[[22m^[[39m
verify	Run pnpm verify	2026-10-06T04:08:42.1759291Z    ^[[33m^[[2m✓^[[22m^[[39m 列表：列与筛选覆盖（Region/Subregion/Site/连接/关键字/阈值/类型） ^[[33m 1441^[[2mms^[[22m^[[39m
verify	Run pnpm verify	2026-10-06T04:08:42.1760698Z    ^[[33m^[[2m✓^[[22m^[[39m 联系方式：列表零 PII，点击后才请求独立端点；403 不显示号码 ^[[33m 565^[[2mms^[[22m^[[39m
verify	Run pnpm verify	2026-10-06T04:08:42.1761558Z    ^[[33m^[[2m✓^[[22m^[[39m 处理→完成全流程：操作携带 version + 备注（complete 强制备注） ^[[33m 1028^[[2mms^[[22m^[[39m
verify	Run pnpm verify	2026-10-06T04:08:42.1762254Z    ^[[33m^[[2m✓^[[22m^[[39m 创建申请：成功提示；开放申请重复创建幂等（replayed 提示） ^[[33m 1057^[[2mms^[[22m^[[39m
verify	Run pnpm verify	2026-10-06T04:08:42.1762966Z    ^[[33m^[[2m✓^[[22m^[[39m 非法跳级/漂移：409 错误呈现；写权限门控（Viewer 按钮禁用） ^[[33m 556^[[2mms^[[22m^[[39m
verify	Run pnpm verify	2026-10-06T04:08:42.5369085Z Bundling asset Named/SummaryFn/Code/Stage...
verify	Run pnpm verify	2026-10-06T04:08:42.9648346Z Bundling asset Named/ReplayTriggerPublisherFn/Code/Stage...
verify	Run pnpm verify	2026-10-06T04:08:43.3729788Z Bundling asset Named/ReplayFn/Code/Stage...
verify	Run pnpm verify	2026-10-06T04:08:43.8819890Z Bundling asset Named/CertPackageSweeperFn/Code/Stage...
verify	Run pnpm verify	2026-10-06T04:08:44.3585593Z Bundling asset Named/OnboardingDeadlineFn/Code/Stage...
verify	Run pnpm verify	2026-10-06T04:08:44.8095147Z Bundling asset Named/RetirementTimeoutFn/Code/Stage...
verify	Run pnpm verify	2026-10-06T04:08:45.3033256Z Bundling asset Named/ActivityExportFn/Code/Stage...
verify	Run pnpm verify	2026-10-06T04:08:45.8441978Z Bundling asset Named/EsgExportFn/Code/Stage...
verify	Run pnpm verify	2026-10-06T04:08:46.3472005Z Bundling asset Named/CommandPublisherFn/Code/Stage...
verify	Run pnpm verify	2026-10-06T04:08:46.8450968Z Bundling asset Named/CommandTimeoutFn/Code/Stage...
verify	Run pnpm verify	2026-10-06T04:08:47.3354462Z Bundling asset Named/OtaDispatcherFn/Code/Stage...
verify	Run pnpm verify	2026-10-06T04:08:47.8790193Z Bundling asset Named/OnboardingApiFn/Code/Stage...
verify	Run pnpm verify	2026-10-06T04:08:48.4245477Z  ^[[32m✓^[[39m apps/admin-web/test/licenses.test.tsx ^[[2m(^[[22m^[[2m11 tests^[[22m^[[2m)^[[22m^[[33m 5056^[[2mms^[[22m^[[39m
verify	Run pnpm verify	2026-10-06T04:08:48.4246462Z    ^[[33m^[[2m✓^[[22m^[[39m 列表：正式 License 实体包含有效与终态历史记录 ^[[33m 424^[[2mms^[[22m^[[39m
verify	Run pnpm verify	2026-10-06T04:08:48.4247041Z    ^[[33m^[[2m✓^[[22m^[[39m 筛选：草稿筛选经搜索应用；重置清空 ^[[33m 365^[[2mms^[[22m^[[39m
verify	Run pnpm verify	2026-10-06T04:08:48.4247799Z    ^[[33m^[[2m✓^[[22m^[[39m 状态矩阵：Draft 仅签发；Issued 仅激活；Active 仅撤销；ExpiringSoon 仅续期；Renewed/Revoked 无动作 ^[[33m 575^[[2mms^[[22m^[[39m
verify	Run pnpm verify	2026-10-06T04:08:48.4248483Z    ^[[33m^[[2m✓^[[22m^[[39m E2E：创建 Draft（Entitlement 配置）→ 签发 → 激活，逐步推进且每步回源刷新 ^[[33m 1432^[[2mms^[[22m^[[39m
verify	Run pnpm verify	2026-10-06T04:08:48.4249162Z    ^[[33m^[[2m✓^[[22m^[[39m 续期：ExpiringSoon → 新到期日期校验（须晚于当前）→ Renewed ^[[33m 664^[[2mms^[[22m^[[39m
verify	Run pnpm verify	2026-10-06T04:08:48.4249518Z    ^[[33m^[[2m✓^[[22m^[[39m 撤销：强制原因（空原因禁止确认）→ Revoked；操作后回源 ^[[33m 452^[[2mms^[[22m^[[39m
verify	Run pnpm verify	2026-10-06T04:08:48.4249975Z    ^[[33m^[[2m✓^[[22m^[[39m 两个有效 License：创建遇 409 CONFLICT 错误可读（后端 message 原样呈现） ^[[33m 842^[[2mms^[[22m^[[39m
verify	Run pnpm verify	2026-10-06T04:08:48.4700765Z Bundling asset Named/OnboardingProvisioningFn/Code/Stage...
verify	Run pnpm verify	2026-10-06T04:08:49.0840371Z Bundling asset Named/DeviceApiFn/Code/Stage...
verify	Run pnpm verify	2026-10-06T04:08:49.8415977Z Bundling asset Named/ApiFn/Code/Stage...
verify	Run pnpm verify	2026-10-06T04:08:50.9338420Z Bundling asset TestStack/IngestionFn/Code/Stage...
verify	Run pnpm verify	2026-10-06T04:08:51.5440903Z ^[[90mstderr^[[2m | apps/ingestion-worker/test/qa07-reliability.test.ts^[[2m > ^[[22m^[[2mQA07 production timestamp boundaries quarantine old or future Telemetry without weakening other topics
verify	Run pnpm verify	2026-10-06T04:08:51.5475050Z ^[[22m^[[39mingestion message quarantined {
verify	Run pnpm verify	2026-10-06T04:08:51.5499866Z   event: ^[[32m'ingestion.quarantined'^[[39m,
verify	Run pnpm verify	2026-10-06T04:08:51.5530442Z   messageId: ^[[32m'SQS-cf4f8eff-9515-4e74-9202-906564529423'^[[39m,
verify	Run pnpm verify	2026-10-06T04:08:51.5554623Z   errorType: ^[[32m'CLOCK_SKEW'^[[39m,
verify	Run pnpm verify	2026-10-06T04:08:51.5591170Z   errorPath: ^[[32m'meta.ts'^[[39m,
verify	Run pnpm verify	2026-10-06T04:08:51.5598585Z   reason: ^[[32m'device timestamp outside allowed window: skew 86400s, past 86400s, future 300s'^[[39m,
verify	Run pnpm verify	2026-10-06T04:08:51.5639693Z   iotTopic: ^[[32m'bnx/device/QA07-F6ECE33E9F66-DEV0/telemetry'^[[39m,
verify	Run pnpm verify	2026-10-06T04:08:51.5663087Z   iotDeviceId: ^[[32m'QA07-F6ECE33E9F66-DEV0'^[[39m
verify	Run pnpm verify	2026-10-06T04:08:51.5679238Z }
verify	Run pnpm verify	2026-10-06T04:08:51.5718157Z 
verify	Run pnpm verify	2026-10-06T04:08:51.5730629Z ^[[90mstderr^[[2m | apps/ingestion-worker/test/qa07-reliability.test.ts^[[2m > ^[[22m^[[2mQA07 production timestamp boundaries quarantine old or future Telemetry without weakening other topics
verify	Run pnpm verify	2026-10-06T04:08:51.5731867Z  ^[[32m✓^[[39m apps/ingestion-worker/test/qa07-reliability.test.ts ^[[2m(^[[22m^[[2m2 tests^[[22m^[[2m)^[[22m^[[33m 40127^[[2mms^[[22m^[[39m
verify	Run pnpm verify	2026-10-06T04:08:51.5761253Z    ^[[33m^[[2m✓^[[22m^[[39m QA07 paced load, historical backfill, burst, pause recovery, scoped replay and command reliability ^[[33m 38278^[[2mms^[[22m^[[39m
verify	Run pnpm verify	2026-10-06T04:08:51.5769869Z ^[[22m^[[39mingestion message quarantined {
verify	Run pnpm verify	2026-10-06T04:08:51.5794126Z    ^[[33m^[[2m✓^[[22m^[[39m QA07 production timestamp boundaries quarantine old or future Telemetry without weakening other topics ^[[33m 1847^[[2mms^[[22m^[[39m
verify	Run pnpm verify	2026-10-06T04:08:51.5839526Z   event: ^[[32m'ingestion.quarantined'^[[39m,
verify	Run pnpm verify	2026-10-06T04:08:51.5849566Z   messageId: ^[[32m'SQS-63faf93f-0b0f-4d3d-8953-07d72f1375f8'^[[39m,
verify	Run pnpm verify	2026-10-06T04:08:51.5890435Z   errorType: ^[[32m'CLOCK_SKEW'^[[39m,
verify	Run pnpm verify	2026-10-06T04:08:51.5909503Z   errorPath: ^[[32m'meta.ts'^[[39m,
verify	Run pnpm verify	2026-10-06T04:08:51.5920182Z   reason: ^[[32m'device timestamp outside allowed window: skew 300s, past 86400s, future 300s'^[[39m,
verify	Run pnpm verify	2026-10-06T04:08:51.5920910Z   iotTopic: ^[[32m'bnx/device/QA07-F6ECE33E9F66-DEV0/telemetry'^[[39m,
verify	Run pnpm verify	2026-10-06T04:08:51.5921532Z   iotDeviceId: ^[[32m'QA07-F6ECE33E9F66-DEV0'^[[39m
verify	Run pnpm verify	2026-10-06T04:08:51.5921924Z }
verify	Run pnpm verify	2026-10-06T04:08:51.5922166Z 
verify	Run pnpm verify	2026-10-06T04:08:51.5923135Z ^[[90mstderr^[[2m | apps/ingestion-worker/test/qa07-reliability.test.ts^[[2m > ^[[22m^[[2mQA07 production timestamp boundaries quarantine old or future Telemetry without weakening other topics
verify	Run pnpm verify	2026-10-06T04:08:51.5924065Z ^[[22m^[[39mingestion message quarantined {
verify	Run pnpm verify	2026-10-06T04:08:51.5924513Z   event: ^[[32m'ingestion.quarantined'^[[39m,
verify	Run pnpm verify	2026-10-06T04:08:51.5925060Z   messageId: ^[[32m'SQS-67b29dcf-2962-42b5-aef6-c4a5e7512834'^[[39m,
verify	Run pnpm verify	2026-10-06T04:08:51.5925573Z   errorType: ^[[32m'CLOCK_SKEW'^[[39m,
verify	Run pnpm verify	2026-10-06T04:08:51.5925991Z   errorPath: ^[[32m'meta.ts'^[[39m,
verify	Run pnpm verify	2026-10-06T04:08:51.5926628Z   reason: ^[[32m'device timestamp outside allowed window: skew 300s, past 300s, future 300s'^[[39m,
verify	Run pnpm verify	2026-10-06T04:08:51.5927332Z   iotTopic: ^[[32m'bnx/device/QA07-F6ECE33E9F66-DEV0/heartbeat'^[[39m,
verify	Run pnpm verify	2026-10-06T04:08:51.5927884Z   iotDeviceId: ^[[32m'QA07-F6ECE33E9F66-DEV0'^[[39m
verify	Run pnpm verify	2026-10-06T04:08:51.5928265Z }
verify	Run pnpm verify	2026-10-06T04:08:51.5928473Z 
verify	Run pnpm verify	2026-10-06T04:08:51.5929528Z ^[[90mstderr^[[2m | apps/ingestion-worker/test/qa07-reliability.test.ts^[[2m > ^[[22m^[[2mQA07 production timestamp boundaries quarantine old or future Telemetry without weakening other topics
verify	Run pnpm verify	2026-10-06T04:08:51.5930455Z ^[[22m^[[39mingestion message quarantined {
verify	Run pnpm verify	2026-10-06T04:08:51.5930918Z   event: ^[[32m'ingestion.quarantined'^[[39m,
verify	Run pnpm verify	2026-10-06T04:08:51.5931361Z   messageId: ^[[32m'QA07-bad-hash'^[[39m,
verify	Run pnpm verify	2026-10-06T04:08:51.5931818Z   errorType: ^[[32m'AUDIT_HASH_MISMATCH'^[[39m,
verify	Run pnpm verify	2026-10-06T04:08:51.5932268Z   errorPath: ^[[32m'audit.hash'^[[39m,
verify	Run pnpm verify	2026-10-06T04:08:51.5932812Z   reason: ^[[32m'audit.hash must equal SHA-256(RFC8785({meta,data}))'^[[39m,
verify	Run pnpm verify	2026-10-06T04:08:51.5933441Z   iotTopic: ^[[32m'bnx/device/QA07-F6ECE33E9F66-DEV0/telemetry'^[[39m,
verify	Run pnpm verify	2026-10-06T04:08:51.5933982Z   iotDeviceId: ^[[32m'QA07-F6ECE33E9F66-DEV0'^[[39m
verify	Run pnpm verify	2026-10-06T04:08:51.5934369Z }
verify	Run pnpm verify	2026-10-06T04:08:51.5934566Z 
verify	Run pnpm verify	2026-10-06T04:08:51.6230338Z Bundling asset TestStack/ArchiveFn/Code/Stage...
verify	Run pnpm verify	2026-10-06T04:08:51.8683965Z  ^[[32m✓^[[39m apps/cloud-api/test/admin-onboarding.test.ts ^[[2m(^[[22m^[[2m13 tests^[[22m^[[2m)^[[22m^[[33m 2799^[[2mms^[[22m^[[39m
verify	Run pnpm verify	2026-10-06T04:08:52.0621949Z Bundling asset TestStack/OutboxPublisherFn/Code/Stage...
verify	Run pnpm verify	2026-10-06T04:08:52.7840020Z Bundling asset TestStack/NotificationPublisherFn/Code/Stage...
verify	Run pnpm verify	2026-10-06T04:08:53.8909943Z Bundling asset TestStack/SummaryFn/Code/Stage...
verify	Run pnpm verify	2026-10-06T04:08:54.5764306Z Bundling asset TestStack/ReplayTriggerPublisherFn/Code/Stage...
verify	Run pnpm verify	2026-10-06T04:08:55.2546443Z  ^[[32m✓^[[39m apps/cloud-api/test/admin-audit.test.ts ^[[2m(^[[22m^[[2m7 tests^[[22m^[[2m)^[[22m^[[33m 2911^[[2mms^[[22m^[[39m
verify	Run pnpm verify	2026-10-06T04:08:55.2772351Z  ^[[32m✓^[[39m apps/ingestion-worker/test/outbox-publisher.test.ts ^[[2m(^[[22m^[[2m10 tests^[[22m^[[2m)^[[22m^[[33m 3030^[[2mms^[[22m^[[39m
verify	Run pnpm verify	2026-10-06T04:08:55.4239516Z Bundling asset TestStack/ReplayFn/Code/Stage...
verify	Run pnpm verify	2026-10-06T04:08:56.0609997Z Bundling asset TestStack/CertPackageSweeperFn/Code/Stage...
verify	Run pnpm verify	2026-10-06T04:08:57.1490076Z Bundling asset TestStack/OnboardingDeadlineFn/Code/Stage...
verify	Run pnpm verify	2026-10-06T04:08:58.0363206Z Bundling asset TestStack/RetirementTimeoutFn/Code/Stage...
verify	Run pnpm verify	2026-10-06T04:08:58.8091753Z Bundling asset TestStack/ActivityExportFn/Code/Stage...
verify	Run pnpm verify	2026-10-06T04:08:58.8265295Z  ^[[32m✓^[[39m apps/ingestion-worker/test/heartbeat-handler.test.ts ^[[2m(^[[22m^[[2m6 tests^[[22m^[[2m)^[[22m^[[33m 3180^[[2mms^[[22m^[[39m
verify	Run pnpm verify	2026-10-06T04:08:58.9430677Z  ^[[32m✓^[[39m apps/cloud-api/test/business-notifier.test.ts ^[[2m(^[[22m^[[2m10 tests^[[22m^[[2m)^[[22m^[[33m 2952^[[2mms^[[22m^[[39m
verify	Run pnpm verify	2026-10-06T04:08:59.3729276Z Bundling asset TestStack/EsgExportFn/Code/Stage...
verify	Run pnpm verify	2026-10-06T04:09:00.1206898Z Bundling asset TestStack/CommandPublisherFn/Code/Stage...
verify	Run pnpm verify	2026-10-06T04:09:01.2452002Z Bundling asset TestStack/CommandTimeoutFn/Code/Stage...
verify	Run pnpm verify	2026-10-06T04:09:01.9160164Z Bundling asset TestStack/OtaDispatcherFn/Code/Stage...
verify	Run pnpm verify	2026-10-06T04:09:02.6295766Z  ^[[32m✓^[[39m apps/cloud-api/test/admin-consumable-request.test.ts ^[[2m(^[[22m^[[2m8 tests^[[22m^[[2m)^[[22m^[[33m 3077^[[2mms^[[22m^[[39m
verify	Run pnpm verify	2026-10-06T04:09:02.7303594Z Bundling asset TestStack/OnboardingApiFn/Code/Stage...
verify	Run pnpm verify	2026-10-06T04:09:02.7703023Z  ^[[32m✓^[[39m apps/cloud-api/test/admin-device-assignment.test.ts ^[[2m(^[[22m^[[2m9 tests^[[22m^[[2m)^[[22m^[[33m 3093^[[2mms^[[22m^[[39m
verify	Run pnpm verify	2026-10-06T04:09:02.7704225Z      ^[[33m^[[2m✓^[[22m^[[39m Onboarded → Assigned：归属更新 + 状态历史 + 授权窗口 + 恰好一次通知 + 审计 ^[[33m 372^[[2mms^[[22m^[[39m
verify	Run pnpm verify	2026-10-06T04:09:03.4222022Z Bundling asset TestStack/OnboardingProvisioningFn/Code/Stage...
verify	Run pnpm verify	2026-10-06T04:09:04.2373784Z Bundling asset TestStack/DeviceApiFn/Code/Stage...
verify	Run pnpm verify	2026-10-06T04:09:04.9798333Z Bundling asset TestStack/ApiFn/Code/Stage...
verify	Run pnpm verify	2026-10-06T04:09:05.6095623Z  ^[[32m✓^[[39m apps/ingestion-worker/test/onboarding-completion.test.ts ^[[2m(^[[22m^[[2m8 tests^[[22m^[[2m)^[[22m^[[33m 2636^[[2mms^[[22m^[[39m
verify	Run pnpm verify	2026-10-06T04:09:06.8003789Z  ^[[32m✓^[[39m apps/admin-web/test/components.test.tsx ^[[2m(^[[22m^[[2m18 tests^[[22m^[[2m)^[[22m^[[33m 2200^[[2mms^[[22m^[[39m
verify	Run pnpm verify	2026-10-06T04:09:06.8080819Z    ^[[33m^[[2m✓^[[22m^[[39m CursorTable：数据行渲染与游标分页（下一页携 nextCursor，无下一页时禁用） ^[[33m 494^[[2mms^[[22m^[[39m
verify	Run pnpm verify	2026-10-06T04:09:06.8082798Z    ^[[33m^[[2m✓^[[22m^[[39m ScopeFilter：三级联动（上游变更清空下游），标签均可用 ^[[33m 314^[[2mms^[[22m^[[39m
verify	Run pnpm verify	2026-10-06T04:09:06.8640485Z  ^[[32m✓^[[39m infra/test/app-stack.test.ts ^[[2m(^[[22m^[[2m39 tests^[[22m^[[2m)^[[22m^[[33m 26017^[[2mms^[[22m^[[39m
verify	Run pnpm verify	2026-10-06T04:09:06.8669823Z      ^[[33m^[[2m✓^[[22m^[[39m Stack 物理名带环境前缀 ^[[33m 9969^[[2mms^[[22m^[[39m
verify	Run pnpm verify	2026-10-06T04:09:06.8760159Z      ^[[33m^[[2m✓^[[22m^[[39m 仅显式 local/test 模式可保留无 mTLS 的默认入口 ^[[33m 15894^[[2mms^[[22m^[[39m
verify	Run pnpm verify	2026-10-06T04:09:07.4230766Z  ^[[32m✓^[[39m apps/ingestion-worker/test/archive-worker.test.ts ^[[2m(^[[22m^[[2m11 tests^[[22m^[[2m)^[[22m^[[32m 18^[[2mms^[[22m^[[39m
verify	Run pnpm verify	2026-10-06T04:09:09.8099627Z  ^[[32m✓^[[39m apps/ingestion-worker/test/signals-ack.test.ts ^[[2m(^[[22m^[[2m13 tests^[[22m^[[2m)^[[22m^[[33m 3527^[[2mms^[[22m^[[39m
verify	Run pnpm verify	2026-10-06T04:09:09.8102008Z      ^[[33m^[[2m✓^[[22m^[[39m PUBLISHED + SUCCESS → SUCCEEDED；ack 落行；审计与归档齐备 ^[[33m 467^[[2mms^[[22m^[[39m
verify	Run pnpm verify	2026-10-06T04:09:10.6144119Z  ^[[32m✓^[[39m packages/database/test/db01.test.ts ^[[2m(^[[22m^[[2m21 tests^[[22m^[[2m)^[[22m^[[33m 2907^[[2mms^[[22m^[[39m
verify	Run pnpm verify	2026-10-06T04:09:10.8230612Z  ^[[32m✓^[[39m apps/summary-worker/test/aggregation-worker.test.ts ^[[2m(^[[22m^[[2m6 tests^[[22m^[[2m)^[[22m^[[33m 3218^[[2mms^[[22m^[[39m
verify	Run pnpm verify	2026-10-06T04:09:14.0754356Z  ^[[32m✓^[[39m apps/ingestion-worker/test/signals-handlers.test.ts ^[[2m(^[[22m^[[2m8 tests^[[22m^[[2m)^[[22m^[[33m 2865^[[2mms^[[22m^[[39m
verify	Run pnpm verify	2026-10-06T04:09:16.3374316Z  ^[[32m✓^[[39m apps/ingestion-worker/test/ingest-receipt.test.ts ^[[2m(^[[22m^[[2m9 tests^[[22m^[[2m)^[[22m^[[33m 5308^[[2mms^[[22m^[[39m
verify	Run pnpm verify	2026-10-06T04:09:16.3390396Z      ^[[33m^[[2m✓^[[22m^[[39m 5% 重复 + 2% 乱序模拟：无重复业务记录，全部到达后无未解除缺口 ^[[33m 1922^[[2mms^[[22m^[[39m
verify	Run pnpm verify	2026-10-06T04:09:16.4550784Z  ^[[32m✓^[[39m apps/admin-web/test/configuration.test.tsx ^[[2m(^[[22m^[[2m9 tests^[[22m^[[2m)^[[22m^[[33m 4673^[[2mms^[[22m^[[39m
verify	Run pnpm verify	2026-10-06T04:09:16.4589826Z    ^[[33m^[[2m✓^[[22m^[[39m 版本表单只渲染 V1 四字段且单位正确；候选扩展字段不存在于 DOM ^[[33m 1271^[[2mms^[[22m^[[39m
verify	Run pnpm verify	2026-10-06T04:09:16.4590612Z    ^[[33m^[[2m✓^[[22m^[[39m 非法范围/非整数有字段级错误且禁止提交；合法后提交四字段快照 ^[[33m 1570^[[2mms^[[22m^[[39m
verify	Run pnpm verify	2026-10-06T04:09:16.4591154Z    ^[[33m^[[2m✓^[[22m^[[39m 发布：生效时间可选且需合法；成功后提示 CONFIG_CHANGED 通知 ^[[33m 842^[[2mms^[[22m^[[39m
verify	Run pnpm verify	2026-10-06T04:09:16.4591733Z    ^[[33m^[[2m✓^[[22m^[[39m 列表与筛选：行渲染；筛选应用与重置；新建配置目标二选一 ^[[33m 681^[[2mms^[[22m^[[39m
verify	Run pnpm verify	2026-10-06T04:09:16.9690556Z  ^[[32m✓^[[39m apps/ingestion-worker/test/replay-worker.test.ts ^[[2m(^[[22m^[[2m6 tests^[[22m^[[2m)^[[22m^[[33m 2480^[[2mms^[[22m^[[39m
verify	Run pnpm verify	2026-10-06T04:09:20.8082193Z  ^[[32m✓^[[39m apps/cloud-api/test/admin-device-status.test.ts ^[[2m(^[[22m^[[2m8 tests^[[22m^[[2m)^[[22m^[[33m 3011^[[2mms^[[22m^[[39m
verify	Run pnpm verify	2026-10-06T04:09:22.9030982Z  ^[[32m✓^[[39m apps/cloud-api/test/certificate-rotate.test.ts ^[[2m(^[[22m^[[2m8 tests^[[22m^[[2m)^[[22m^[[33m 5385^[[2mms^[[22m^[[39m
verify	Run pnpm verify	2026-10-06T04:09:22.9032403Z      ^[[33m^[[2m✓^[[22m^[[39m 缺失 CSR 不签发；AWS attach 失败保留可重试停用记录并保留旧证 ^[[33m 574^[[2mms^[[22m^[[39m
verify	Run pnpm verify	2026-10-06T04:09:22.9090258Z      ^[[33m^[[2m✓^[[22m^[[39m 正向：返回五字段证书包；双证书窗口（旧证仍可用）；私钥不落库/审计 ^[[33m 348^[[2mms^[[22m^[[39m
verify	Run pnpm verify	2026-10-06T04:09:22.9091057Z      ^[[33m^[[2m✓^[[22m^[[39m 旧证书错误/跨设备拒绝：缺字段 400；与身份不符 403（含他设备证书） ^[[33m 399^[[2mms^[[22m^[[39m
verify	Run pnpm verify	2026-10-06T04:09:22.9091716Z      ^[[33m^[[2m✓^[[22m^[[39m 响应不确定重试：撤销未确认证书并重签，不重复下发同一私钥 ^[[33m 398^[[2mms^[[22m^[[39m
verify	Run pnpm verify	2026-10-06T04:09:22.9092434Z      ^[[33m^[[2m✓^[[22m^[[39m 成功提交后、首个新证 Heartbeat 前重复请求稳定冲突且不撤证重签 ^[[33m 328^[[2mms^[[22m^[[39m
verify	Run pnpm verify	2026-10-06T04:09:22.9093016Z      ^[[33m^[[2m✓^[[22m^[[39m 部分失败（发证后 attach 失败）可重试：不建孤儿业务记录，重试成功 ^[[33m 320^[[2mms^[[22m^[[39m
verify	Run pnpm verify	2026-10-06T04:09:23.1139099Z  ^[[32m✓^[[39m apps/admin-web/test/alarms.test.tsx ^[[2m(^[[22m^[[2m10 tests^[[22m^[[2m)^[[22m^[[33m 4922^[[2mms^[[22m^[[39m
verify	Run pnpm verify	2026-10-06T04:09:23.1178395Z    ^[[33m^[[2m✓^[[22m^[[39m 状态更新：ACTIVE 可确认/清除 → ACKNOWLEDGED 仅清除 → CLEARED 无动作；每步原因必填 ^[[33m 2498^[[2mms^[[22m^[[39m
verify	Run pnpm verify	2026-10-06T04:09:23.1195099Z    ^[[33m^[[2m✓^[[22m^[[39m 重复操作幂等：replayed=true 提示已幂等忽略且不重复写入语义 ^[[33m 431^[[2mms^[[22m^[[39m
verify	Run pnpm verify	2026-10-06T04:09:23.1196225Z    ^[[33m^[[2m✓^[[22m^[[39m 后端拒绝呈现：CLEARED 终态确认 → 409 CONFLICT；无 alarm:write → 403/按钮禁用 ^[[33m 530^[[2mms^[[22m^[[39m
verify	Run pnpm verify	2026-10-06T04:09:23.1197082Z    ^[[33m^[[2m✓^[[22m^[[39m 筛选参数与 URL 同步：应用后 replaceState；urlStateFromSearch 可回读 ^[[33m 510^[[2mms^[[22m^[[39m
verify	Run pnpm verify	2026-10-06T04:09:23.1197976Z    ^[[33m^[[2m✓^[[22m^[[39m 三个 Tab 切换；Event/Tamper 只读（无操作列）；Tamper details 原样 JSON 透传 ^[[33m 308^[[2mms^[[22m^[[39m
verify	Run pnpm verify	2026-10-06T04:09:24.9528014Z  ^[[32m✓^[[39m apps/cloud-api/test/license-sync-lifecycle.test.ts ^[[2m(^[[22m^[[2m10 tests^[[22m^[[2m)^[[22m^[[33m 3676^[[2mms^[[22m^[[39m
verify	Run pnpm verify	2026-10-06T04:09:24.9550176Z    ^[[33m^[[2m✓^[[22m^[[39m real PostgreSQL: served snapshot and signed local verification drive Assigned→Licensed→Active once ^[[33m 625^[[2mms^[[22m^[[39m
verify	Run pnpm verify	2026-10-06T04:09:24.9569930Z    ^[[33m^[[2m✓^[[22m^[[39m expired/revoked licenses and changed assignment cannot activate a device ^[[33m 334^[[2mms^[[22m^[[39m
verify	Run pnpm verify	2026-10-06T04:09:26.3427230Z  ^[[32m✓^[[39m apps/cloud-api/test/admin-settings.test.ts ^[[2m(^[[22m^[[2m10 tests^[[22m^[[2m)^[[22m^[[33m 2655^[[2mms^[[22m^[[39m
verify	Run pnpm verify	2026-10-06T04:09:28.9951156Z  ^[[32m✓^[[39m apps/cloud-api/test/admin-device-metadata.test.ts ^[[2m(^[[22m^[[2m10 tests^[[22m^[[2m)^[[22m^[[33m 3140^[[2mms^[[22m^[[39m
verify	Run pnpm verify	2026-10-06T04:09:29.7707485Z  ^[[32m✓^[[39m packages/auth/test/secure-package.test.ts ^[[2m(^[[22m^[[2m14 tests^[[22m^[[2m)^[[22m^[[33m 2963^[[2mms^[[22m^[[39m
verify	Run pnpm verify	2026-10-06T04:09:32.3127540Z  ^[[32m✓^[[39m apps/admin-web/test/media.test.tsx ^[[2m(^[[22m^[[2m13 tests^[[22m^[[2m)^[[22m^[[33m 7122^[[2mms^[[22m^[[39m
verify	Run pnpm verify	2026-10-06T04:09:32.3157686Z    ^[[33m^[[2m✓^[[22m^[[39m 列表渲染元数据；类型/设备/状态/时间筛选经回调应用（时间转 UTC ISO） ^[[33m 1864^[[2mms^[[22m^[[39m
verify	Run pnpm verify	2026-10-06T04:09:32.3158658Z    ^[[33m^[[2m✓^[[22m^[[39m Customer 角色不暴露 customerId 筛选（服务端强制租户隔离） ^[[33m 419^[[2mms^[[22m^[[39m
verify	Run pnpm verify	2026-10-06T04:09:32.3159699Z    ^[[33m^[[2m✓^[[22m^[[39m 图片查看：实时签发短期 URL → img 渲染 + 下载链接 + 有效期提示 ^[[33m 623^[[2mms^[[22m^[[39m
verify	Run pnpm verify	2026-10-06T04:09:32.3160903Z    ^[[33m^[[2m✓^[[22m^[[39m 视频查看：录制文件受控查看（video 元素）；页面无实时流语义 ^[[33m 679^[[2mms^[[22m^[[39m
verify	Run pnpm verify	2026-10-06T04:09:32.3161574Z    ^[[33m^[[2m✓^[[22m^[[39m 链接过期后重新申请：注入时钟判定过期 → 重新申请实时重签 ^[[33m 646^[[2mms^[[22m^[[39m
verify	Run pnpm verify	2026-10-06T04:09:32.3162214Z    ^[[33m^[[2m✓^[[22m^[[39m 关闭预览即弃用授权 URL（不持久缓存）：重开重新申请 ^[[33m 698^[[2mms^[[22m^[[39m
verify	Run pnpm verify	2026-10-06T04:09:32.3162861Z    ^[[33m^[[2m✓^[[22m^[[39m 未知媒体类型安全降级：不渲染 img/video、不提供下载，仅元数据 ^[[33m 822^[[2mms^[[22m^[[39m
verify	Run pnpm verify	2026-10-06T04:09:32.3163578Z    ^[[33m^[[2m✓^[[22m^[[39m 跨 Customer 资源不可访问：列表 403 → 无权界面；下载 404 → 错误可读并可重试 ^[[33m 730^[[2mms^[[22m^[[39m
verify	Run pnpm verify	2026-10-06T04:09:33.4830783Z  ^[[32m✓^[[39m apps/ingestion-worker/test/report-handler.test.ts ^[[2m(^[[22m^[[2m7 tests^[[22m^[[2m)^[[22m^[[33m 3300^[[2mms^[[22m^[[39m
verify	Run pnpm verify	2026-10-06T04:09:35.9551451Z ^[[90mstderr^[[2m | apps/ingestion-worker/test/telemetry-handler.test.ts^[[2m > ^[[22m^[[2mcreateTelemetryHandler（BE-IOT-05）^[[2m > ^[[22m^[[2m字段范围错误被隔离（端到端）：humidityPct>100 进 Quarantine，无聚合/归档；同批合法消息照常处理
verify	Run pnpm verify	2026-10-06T04:09:35.9569779Z ^[[22m^[[39mingestion message quarantined {
verify	Run pnpm verify	2026-10-06T04:09:35.9599556Z   event: ^[[32m'ingestion.quarantined'^[[39m,
verify	Run pnpm verify	2026-10-06T04:09:35.9629459Z   messageId: ^[[32m'sqs-bad'^[[39m,
verify	Run pnpm verify	2026-10-06T04:09:35.9659439Z   errorType: ^[[32m'SCHEMA_VIOLATION'^[[39m,
verify	Run pnpm verify	2026-10-06T04:09:35.9669571Z   errorPath: ^[[32m'data.humidityPct'^[[39m,
verify	Run pnpm verify	2026-10-06T04:09:35.9670270Z   reason: ^[[32m'payload violates telemetry.schema.json: 150 > 100'^[[39m,
verify	Run pnpm verify	2026-10-06T04:09:35.9670810Z   iotTopic: ^[[32m'bnx/device/dev-tel-5/telemetry'^[[39m,
verify	Run pnpm verify	2026-10-06T04:09:35.9671226Z   iotDeviceId: ^[[32m'dev-tel-5'^[[39m
verify	Run pnpm verify	2026-10-06T04:09:35.9671502Z }
verify	Run pnpm verify	2026-10-06T04:09:35.9671714Z 
verify	Run pnpm verify	2026-10-06T04:09:36.0044209Z  ^[[32m✓^[[39m apps/ingestion-worker/test/telemetry-handler.test.ts ^[[2m(^[[22m^[[2m6 tests^[[22m^[[2m)^[[22m^[[33m 3184^[[2mms^[[22m^[[39m
verify	Run pnpm verify	2026-10-06T04:09:36.0070107Z      ^[[33m^[[2m✓^[[22m^[[39m 同设备同窗口并发 20 条：sampleCount 与 metrics 原子累计不丢增量 ^[[33m 399^[[2mms^[[22m^[[39m
verify	Run pnpm verify	2026-10-06T04:09:36.2761963Z  ^[[32m✓^[[39m packages/domain/test/device-lifecycle.test.ts ^[[2m(^[[22m^[[2m98 tests^[[22m^[[2m)^[[22m^[[32m 24^[[2mms^[[22m^[[39m
verify	Run pnpm verify	2026-10-06T04:09:36.4582950Z  ^[[32m✓^[[39m apps/cloud-api/test/qa06-security.test.ts ^[[2m(^[[22m^[[2m4 tests^[[22m^[[2m)^[[22m^[[33m 6606^[[2mms^[[22m^[[39m
verify	Run pnpm verify	2026-10-06T04:09:36.4611500Z    ^[[33m^[[2m✓^[[22m^[[39m QA06 signed tenant scope and SQL JSON injection cannot cross boundaries or corrupt business state ^[[33m 2617^[[2mms^[[22m^[[39m
verify	Run pnpm verify	2026-10-06T04:09:36.4632615Z    ^[[33m^[[2m✓^[[22m^[[39m QA06 malicious media filenames and metadata reject before signing or persistence ^[[33m 2000^[[2mms^[[22m^[[39m
verify	Run pnpm verify	2026-10-06T04:09:36.4633897Z    ^[[33m^[[2m✓^[[22m^[[39m QA06 raw canaries are absent from actual logger trace audit and snapshot artifacts ^[[33m 1891^[[2mms^[[22m^[[39m
verify	Run pnpm verify	2026-10-06T04:09:37.3860995Z  ^[[32m✓^[[39m apps/cloud-api/test/device-deactivate.test.ts ^[[2m(^[[22m^[[2m11 tests^[[22m^[[2m)^[[22m^[[33m 2744^[[2mms^[[22m^[[39m
verify	Run pnpm verify	2026-10-06T04:09:39.4680575Z  ^[[32m✓^[[39m packages/database/test/db02.test.ts ^[[2m(^[[22m^[[2m13 tests^[[22m^[[2m)^[[22m^[[33m 2650^[[2mms^[[22m^[[39m
verify	Run pnpm verify	2026-10-06T04:09:40.3376911Z  ^[[32m✓^[[39m apps/admin-web/test/dashboard.test.tsx ^[[2m(^[[22m^[[2m12 tests^[[22m^[[2m)^[[22m^[[33m 2141^[[2mms^[[22m^[[39m
verify	Run pnpm verify	2026-10-06T04:09:40.3399974Z    ^[[33m^[[2m✓^[[22m^[[39m 10 设备 Fixture：全部指标与卡片值一致 ^[[33m 510^[[2mms^[[22m^[[39m
verify	Run pnpm verify	2026-10-06T04:09:40.3443790Z    ^[[33m^[[2m✓^[[22m^[[39m 命令提交：确认后调用提交器并显示 Pending（非“成功”） ^[[33m 944^[[2mms^[[22m^[[39m
verify	Run pnpm verify	2026-10-06T04:09:41.1978460Z  ^[[32m✓^[[39m apps/cloud-api/test/admin-command-query.test.ts ^[[2m(^[[22m^[[2m4 tests^[[22m^[[2m)^[[22m^[[33m 2854^[[2mms^[[22m^[[39m
verify	Run pnpm verify	2026-10-06T04:09:41.7157923Z Bundling asset DeployTest/IngestionFn/Code/Stage...
verify	Run pnpm verify	2026-10-06T04:09:42.4413367Z Bundling asset DeployTest/ArchiveFn/Code/Stage...
verify	Run pnpm verify	2026-10-06T04:09:42.9597012Z Bundling asset DeployTest/OutboxPublisherFn/Code/Stage...
verify	Run pnpm verify	2026-10-06T04:09:43.9248330Z Bundling asset DeployTest/NotificationPublisherFn/Code/Stage...
verify	Run pnpm verify	2026-10-06T04:09:44.6508545Z Bundling asset DeployTest/SummaryFn/Code/Stage...
verify	Run pnpm verify	2026-10-06T04:09:45.3659283Z Bundling asset DeployTest/ReplayTriggerPublisherFn/Code/Stage...
verify	Run pnpm verify	2026-10-06T04:09:46.0572266Z Bundling asset DeployTest/ReplayFn/Code/Stage...
verify	Run pnpm verify	2026-10-06T04:09:46.8234347Z Bundling asset DeployTest/CertPackageSweeperFn/Code/Stage...
verify	Run pnpm verify	2026-10-06T04:09:47.1234969Z ^[[90mstderr^[[2m | apps/ingestion-worker/test/qa03-data-path.test.ts^[[2m > ^[[22m^[[2mQA03 partial failure, quarantine retry, payload conflict and gap recovery
verify	Run pnpm verify	2026-10-06T04:09:47.1360494Z ^[[22m^[[39mingestion message quarantined {
verify	Run pnpm verify	2026-10-06T04:09:47.1392272Z   event: ^[[32m'ingestion.quarantined'^[[39m,
verify	Run pnpm verify	2026-10-06T04:09:47.1439563Z   messageId: ^[[32m'QA03-invalid-json'^[[39m,
verify	Run pnpm verify	2026-10-06T04:09:47.1440076Z   errorType: ^[[32m'INVALID_JSON'^[[39m,
verify	Run pnpm verify	2026-10-06T04:09:47.1440448Z   errorPath: ^[[32m'(root)'^[[39m,
verify	Run pnpm verify	2026-10-06T04:09:47.1440797Z   reason: ^[[32m'message body is not valid JSON'^[[39m
verify	Run pnpm verify	2026-10-06T04:09:47.1441083Z }
verify	Run pnpm verify	2026-10-06T04:09:47.1441177Z 
verify	Run pnpm verify	2026-10-06T04:09:47.1760344Z ^[[90mstderr^[[2m | apps/ingestion-worker/test/qa03-data-path.test.ts^[[2m > ^[[22m^[[2mQA03 partial failure, quarantine retry, payload conflict and gap recovery
verify	Run pnpm verify	2026-10-06T04:09:47.1840282Z ^[[22m^[[39mingestion message quarantined {
verify	Run pnpm verify	2026-10-06T04:09:47.1930346Z   event: ^[[32m'ingestion.quarantined'^[[39m,
verify	Run pnpm verify	2026-10-06T04:09:47.1931376Z   messageId: ^[[32m'QA03-invalid-json'^[[39m,
verify	Run pnpm verify	2026-10-06T04:09:47.2020469Z   errorType: ^[[32m'INVALID_JSON'^[[39m,
verify	Run pnpm verify	2026-10-06T04:09:47.2060177Z   errorPath: ^[[32m'(root)'^[[39m,
verify	Run pnpm verify	2026-10-06T04:09:47.2115158Z   reason: ^[[32m'message body is not valid JSON'^[[39m
verify	Run pnpm verify	2026-10-06T04:09:47.2115719Z }
verify	Run pnpm verify	2026-10-06T04:09:47.2130956Z 
verify	Run pnpm verify	2026-10-06T04:09:47.2132349Z ^[[90mstderr^[[2m | apps/ingestion-worker/test/qa03-data-path.test.ts^[[2m > ^[[22m^[[2mQA03 partial failure, quarantine retry, payload conflict and gap recovery
verify	Run pnpm verify	2026-10-06T04:09:47.2133203Z ^[[22m^[[39mingestion message quarantined {
verify	Run pnpm verify	2026-10-06T04:09:47.2133667Z   event: ^[[32m'ingestion.quarantined'^[[39m,
verify	Run pnpm verify	2026-10-06T04:09:47.2134093Z   messageId: ^[[32m'conflict'^[[39m,
verify	Run pnpm verify	2026-10-06T04:09:47.2134531Z   errorType: ^[[32m'PAYLOAD_CONFLICT'^[[39m,
verify	Run pnpm verify	2026-10-06T04:09:47.2134950Z   errorPath: ^[[32m'meta.seq'^[[39m,
verify	Run pnpm verify	2026-10-06T04:09:47.2135716Z   reason: ^[[32m'receipt key QA03-14224D3FDEA0-DEV0:telemetry:1 already recorded with different payload hash (security anomaly)'^[[39m,
verify	Run pnpm verify	2026-10-06T04:09:47.2136914Z   iotTopic: ^[[32m'bnx/device/QA03-14224D3FDEA0-DEV0/telemetry'^[[39m,
verify	Run pnpm verify	2026-10-06T04:09:47.2137488Z   iotDeviceId: ^[[32m'QA03-14224D3FDEA0-DEV0'^[[39m
verify	Run pnpm verify	2026-10-06T04:09:47.2137883Z }
verify	Run pnpm verify	2026-10-06T04:09:47.2138090Z 
verify	Run pnpm verify	2026-10-06T04:09:47.2139098Z ^[[90mstderr^[[2m | apps/ingestion-worker/test/qa03-data-path.test.ts^[[2m > ^[[22m^[[2mQA03 partial failure, quarantine retry, payload conflict and gap recovery
verify	Run pnpm verify	2026-10-06T04:09:47.2139919Z ^[[22m^[[39mingestion message quarantined {
verify	Run pnpm verify	2026-10-06T04:09:47.2140658Z   event: ^[[32m'ingestion.quarantined'^[[39m,
verify	Run pnpm verify	2026-10-06T04:09:47.2141087Z   messageId: ^[[32m'schema'^[[39m,
verify	Run pnpm verify	2026-10-06T04:09:47.2141518Z   errorType: ^[[32m'SCHEMA_VIOLATION'^[[39m,
verify	Run pnpm verify	2026-10-06T04:09:47.2141971Z   errorPath: ^[[32m'data.deviceStatus'^[[39m,
verify	Run pnpm verify	2026-10-06T04:09:47.2142753Z   reason: ^[[32m'payload violates heartbeat.schema.json: 非法枚举值 "BROKEN"，允许值: ONLINE, DEGRADED, OFFLINE'^[[39m,
verify	Run pnpm verify	2026-10-06T04:09:47.2143555Z   iotTopic: ^[[32m'bnx/device/QA03-14224D3FDEA0-DEV0/heartbeat'^[[39m,
verify	Run pnpm verify	2026-10-06T04:09:47.2144101Z   iotDeviceId: ^[[32m'QA03-14224D3FDEA0-DEV0'^[[39m
verify	Run pnpm verify	2026-10-06T04:09:47.2144471Z }
verify	Run pnpm verify	2026-10-06T04:09:47.2144674Z 
verify	Run pnpm verify	2026-10-06T04:09:47.2145471Z ^[[90mstderr^[[2m | apps/ingestion-worker/test/qa03-data-path.test.ts^[[2m > ^[[22m^[[2mQA03 partial failure, quarantine retry, payload conflict and gap recovery
verify	Run pnpm verify	2026-10-06T04:09:47.2146812Z ^[[22m^[[39mingestion message quarantined {
verify	Run pnpm verify	2026-10-06T04:09:47.2147326Z   event: ^[[32m'ingestion.quarantined'^[[39m,
verify	Run pnpm verify	2026-10-06T04:09:47.2147846Z   messageId: ^[[32m'identity'^[[39m,
verify	Run pnpm verify	2026-10-06T04:09:47.2148331Z   errorType: ^[[32m'IDENTITY_VIOLATION'^[[39m,
verify	Run pnpm verify	2026-10-06T04:09:47.2148946Z   errorPath: ^[[32m'iotDeviceId'^[[39m,
verify	Run pnpm verify	2026-10-06T04:09:47.2149525Z   reason: ^[[32m'topic device does not match certificate binding'^[[39m,
verify	Run pnpm verify	2026-10-06T04:09:47.2150166Z   iotTopic: ^[[32m'bnx/device/QA03-14224D3FDEA0-DEV0/event'^[[39m,
verify	Run pnpm verify	2026-10-06T04:09:47.2150751Z   iotDeviceId: ^[[32m'QA03-14224D3FDEA0-DEV0'^[[39m
verify	Run pnpm verify	2026-10-06T04:09:47.2151201Z }
verify	Run pnpm verify	2026-10-06T04:09:47.2151439Z 
verify	Run pnpm verify	2026-10-06T04:09:47.5459117Z Bundling asset DeployTest/OnboardingDeadlineFn/Code/Stage...
verify	Run pnpm verify	2026-10-06T04:09:47.8117535Z ^[[90mstderr^[[2m | apps/cloud-api/test/qa04-core-api.test.ts^[[2m > ^[[22m^[[2mQA04 audit failure rolls back lifecycle/outbox; retry and replay preserve exactly one audit
verify	Run pnpm verify	2026-10-06T04:09:47.8119376Z ^[[22m^[[39maudit FAILURE 记录写入失败 Error [PrismaClientKnownRequestError]: 
verify	Run pnpm verify	2026-10-06T04:09:47.8150268Z Invalid `client.auditLog.create()` invocation in
verify	Run pnpm verify	2026-10-06T04:09:47.8153103Z /home/runner/work/food-digester-platform/food-digester-platform/packages/database/src/audit.ts:72:25
verify	Run pnpm verify	2026-10-06T04:09:47.8153594Z 
verify	Run pnpm verify	2026-10-06T04:09:47.8154040Z   69 /** 写一条审计记录。可在事务内（tx）或根 client 上调用。 */
verify	Run pnpm verify	2026-10-06T04:09:47.8170988Z   70 export async function recordAudit(client: DbClient, entry: AuditEntry): Promise<void> {
verify	Run pnpm verify	2026-10-06T04:09:47.8171647Z   71   const ctx = getRequestContext();
verify	Run pnpm verify	2026-10-06T04:09:47.8172371Z → 72   await client.auditLog.create(
verify	Run pnpm verify	2026-10-06T04:09:47.8172990Z Database error. Code: `P0001`. Message: `QA04 audit unavailable`
verify	Run pnpm verify	2026-10-06T04:09:47.8174125Z     at redactSensitive ^[[90m(/home/runner/work/food-digester-platform/food-digester-platform/^[[39mpackages/observability/src/redaction.ts:43:19^[[90m)^[[39m
verify	Run pnpm verify	2026-10-06T04:09:47.8174978Z     at Array.map (<anonymous>)
verify	Run pnpm verify	2026-10-06T04:09:47.8175910Z     at Object.error ^[[90m(/home/runner/work/food-digester-platform/food-digester-platform/^[[39mpackages/observability/src/redaction.ts:70:18^[[90m)^[[39m
verify	Run pnpm verify	2026-10-06T04:09:47.8177136Z     at audited ^[[90m(/home/runner/work/food-digester-platform/food-digester-platform/^[[39mpackages/database/src/audit.ts:144:14^[[90m)^[[39m
verify	Run pnpm verify	2026-10-06T04:09:47.8178232Z ^[[90m    at processTicksAndRejections (node:internal/process/task_queues:103:5)^[[39m
verify	Run pnpm verify	2026-10-06T04:09:47.8179460Z     at ^[[90m/home/runner/work/food-digester-platform/food-digester-platform/^[[39mapps/cloud-api/src/admin/device-status/handler.ts:79:20
verify	Run pnpm verify	2026-10-06T04:09:47.8180846Z     at Object.suspend ^[[90m(/home/runner/work/food-digester-platform/food-digester-platform/^[[39mapps/cloud-api/src/admin/device-status/handler.ts:104:16^[[90m)^[[39m
verify	Run pnpm verify	2026-10-06T04:09:47.8182695Z     at ^[[90m/home/runner/work/food-digester-platform/food-digester-platform/^[[39mapps/cloud-api/test/qa04-core-api.test.ts:193:20
verify	Run pnpm verify	2026-10-06T04:09:47.8183974Z     at withFixture ^[[90m(/home/runner/work/food-digester-platform/food-digester-platform/^[[39mapps/cloud-api/test/qa04-core-api.test.ts:50:13^[[90m)^[[39m
verify	Run pnpm verify	2026-10-06T04:09:47.8185217Z     at ^[[90m/home/runner/work/food-digester-platform/food-digester-platform/^[[39mapps/cloud-api/test/qa04-core-api.test.ts:184:3
verify	Run pnpm verify	2026-10-06T04:09:47.8186085Z 
verify	Run pnpm verify	2026-10-06T04:09:47.8475308Z  ^[[32m✓^[[39m apps/cloud-api/test/qa04-core-api.test.ts ^[[2m(^[[22m^[[2m3 tests^[[22m^[[2m)^[[22m^[[33m 5729^[[2mms^[[22m^[[39m
verify	Run pnpm verify	2026-10-06T04:09:47.8476706Z    ^[[33m^[[2m✓^[[22m^[[39m QA04 five roles, two tenants: read scope, mutation and audit boundaries ^[[33m 2669^[[2mms^[[22m^[[39m
verify	Run pnpm verify	2026-10-06T04:09:47.8477729Z    ^[[33m^[[2m✓^[[22m^[[39m QA04 concurrent If-Match writes have one winner and one success audit ^[[33m 1550^[[2mms^[[22m^[[39m
verify	Run pnpm verify	2026-10-06T04:09:47.8478983Z    ^[[33m^[[2m✓^[[22m^[[39m QA04 audit failure rolls back lifecycle/outbox; retry and replay preserve exactly one audit ^[[33m 1507^[[2mms^[[22m^[[39m
verify	Run pnpm verify	2026-10-06T04:09:48.1710154Z Bundling asset DeployTest/RetirementTimeoutFn/Code/Stage...
verify	Run pnpm verify	2026-10-06T04:09:48.8711144Z ^[[90mstderr^[[2m | apps/ingestion-worker/test/qa03-data-path.test.ts^[[2m > ^[[22m^[[2mQA03 archive queue outage and manifest failure converge with stable objects
verify	Run pnpm verify	2026-10-06T04:09:48.8712435Z ^[[22m^[[39marchive validation rejected {
verify	Run pnpm verify	2026-10-06T04:09:48.8740663Z   kind: ^[[32m'archive.validation_rejected'^[[39m,
verify	Run pnpm verify	2026-10-06T04:09:48.8770684Z   messageId: ^[[32m'invalid-archive'^[[39m,
verify	Run pnpm verify	2026-10-06T04:09:48.8779602Z   eventId: ^[[1mnull^[[22m,
verify	Run pnpm verify	2026-10-06T04:09:48.8780125Z   errorPath: ^[[32m'$'^[[39m,
verify	Run pnpm verify	2026-10-06T04:09:48.8780742Z   reason: ^[[32m"Expected property name or '}' in JSON at position 1 (line 1 column 2)"^[[39m,
verify	Run pnpm verify	2026-10-06T04:09:48.8781327Z   rawBody: ^[[32m'{bad'^[[39m
verify	Run pnpm verify	2026-10-06T04:09:48.8781650Z }
verify	Run pnpm verify	2026-10-06T04:09:48.8781951Z 
verify	Run pnpm verify	2026-10-06T04:09:48.9430128Z Bundling asset DeployTest/ActivityExportFn/Code/Stage...
verify	Run pnpm verify	2026-10-06T04:09:49.7427594Z Bundling asset DeployTest/EsgExportFn/Code/Stage...
verify	Run pnpm verify	2026-10-06T04:09:50.4191073Z Bundling asset DeployTest/CommandPublisherFn/Code/Stage...
verify	Run pnpm verify	2026-10-06T04:09:51.0680737Z  ^[[32m✓^[[39m packages/auth/test/device-mtls.test.ts ^[[2m(^[[22m^[[2m11 tests^[[22m^[[2m)^[[22m^[[33m 2762^[[2mms^[[22m^[[39m
verify	Run pnpm verify	2026-10-06T04:09:51.2030585Z Bundling asset DeployTest/CommandTimeoutFn/Code/Stage...
verify	Run pnpm verify	2026-10-06T04:09:51.8299991Z Bundling asset DeployTest/OtaDispatcherFn/Code/Stage...
verify	Run pnpm verify	2026-10-06T04:09:52.5637343Z Bundling asset DeployTest/OnboardingApiFn/Code/Stage...
verify	Run pnpm verify	2026-10-06T04:09:53.2942082Z Bundling asset DeployTest/OnboardingProvisioningFn/Code/Stage...
verify	Run pnpm verify	2026-10-06T04:09:53.7920985Z  ^[[32m✓^[[39m apps/ingestion-worker/test/qa03-data-path.test.ts ^[[2m(^[[22m^[[2m5 tests^[[22m^[[2m)^[[22m^[[33m 13492^[[2mms^[[22m^[[39m
verify	Run pnpm verify	2026-10-06T04:09:53.7930202Z    ^[[33m^[[2m✓^[[22m^[[39m QA03 eight routes: business + receipts + outbox + raw archive, duplicate redelivery ^[[33m 5157^[[2mms^[[22m^[[39m
verify	Run pnpm verify	2026-10-06T04:09:53.7931612Z    ^[[33m^[[2m✓^[[22m^[[39m QA03 partial failure, quarantine retry, payload conflict and gap recovery ^[[33m 1756^[[2mms^[[22m^[[39m
verify	Run pnpm verify	2026-10-06T04:09:53.7932792Z    ^[[33m^[[2m✓^[[22m^[[39m QA03 archive queue outage and manifest failure converge with stable objects ^[[33m 1659^[[2mms^[[22m^[[39m
verify	Run pnpm verify	2026-10-06T04:09:53.7934470Z    ^[[33m^[[2m✓^[[22m^[[39m QA03 business/receipt/outbox transaction rollback then retry ^[[33m 1778^[[2mms^[[22m^[[39m
verify	Run pnpm verify	2026-10-06T04:09:53.7937370Z    ^[[33m^[[2m✓^[[22m^[[39m QA03 isolated resources are cleaned even when the scenario throws ^[[33m 3140^[[2mms^[[22m^[[39m
verify	Run pnpm verify	2026-10-06T04:09:53.9395698Z Bundling asset DeployTest/DeviceApiFn/Code/Stage...
verify	Run pnpm verify	2026-10-06T04:09:54.5450136Z Bundling asset DeployTest/ApiFn/Code/Stage...
verify	Run pnpm verify	2026-10-06T04:09:57.0861424Z  ^[[32m✓^[[39m apps/admin-web/test/audit-logs.test.tsx ^[[2m(^[[22m^[[2m9 tests^[[22m^[[2m)^[[22m^[[33m 4316^[[2mms^[[22m^[[39m
verify	Run pnpm verify	2026-10-06T04:09:57.0911399Z    ^[[33m^[[2m✓^[[22m^[[39m 筛选：actor/Customer/对象/动作/结果/时间全字段回调（时间转 UTC ISO） ^[[33m 2265^[[2mms^[[22m^[[39m
verify	Run pnpm verify	2026-10-06T04:09:57.0982281Z    ^[[33m^[[2m✓^[[22m^[[39m 分页正确：下一页携带 nextCursor ^[[33m 598^[[2mms^[[22m^[[39m
verify	Run pnpm verify	2026-10-06T04:09:57.1010544Z    ^[[33m^[[2m✓^[[22m^[[39m 详情：显示脱敏前后值、requestId、原因与 IP/UA ^[[33m 439^[[2mms^[[22m^[[39m
verify	Run pnpm verify	2026-10-06T04:09:57.5304782Z  ^[[32m✓^[[39m packages/domain/test/command.test.ts ^[[2m(^[[22m^[[2m16 tests^[[22m^[[2m)^[[22m^[[32m 21^[[2mms^[[22m^[[39m
verify	Run pnpm verify	2026-10-06T04:09:58.3862267Z  ^[[32m✓^[[39m apps/cloud-api/test/csr-onboarding.test.ts ^[[2m(^[[22m^[[2m1 test^[[22m^[[2m)^[[22m^[[33m 3655^[[2mms^[[22m^[[39m
verify	Run pnpm verify	2026-10-06T04:09:58.3907327Z      ^[[33m^[[2m✓^[[22m^[[39m 匿名申请、相同公钥幂等、换钥冲突；签名轮询拒绝重放 ^[[33m 501^[[2mms^[[22m^[[39m
verify	Run pnpm verify	2026-10-06T04:09:58.4694708Z  ^[[32m✓^[[39m apps/admin-web/test/auth-flow.test.ts ^[[2m(^[[22m^[[2m18 tests^[[22m^[[2m)^[[22m^[[33m 676^[[2mms^[[22m^[[39m
verify	Run pnpm verify	2026-10-06T04:09:58.6974248Z  ^[[32m✓^[[39m packages/domain/test/license.test.ts ^[[2m(^[[22m^[[2m17 tests^[[22m^[[2m)^[[22m^[[32m 15^[[2mms^[[22m^[[39m
verify	Run pnpm verify	2026-10-06T04:09:59.1699682Z  ^[[32m✓^[[39m infra/test/deployment-config.test.ts ^[[2m(^[[22m^[[2m2 tests^[[22m^[[2m)^[[22m^[[33m 17723^[[2mms^[[22m^[[39m
verify	Run pnpm verify	2026-10-06T04:09:59.1701094Z    ^[[33m^[[2m✓^[[22m^[[39m deployment template: unauthed OPTIONS only, fixed origin errors, pinned truststore and private one-shot migration ^[[33m 17702^[[2mms^[[22m^[[39m
verify	Run pnpm verify	2026-10-06T04:10:01.4222244Z  ^[[32m✓^[[39m packages/database/test/db03.test.ts ^[[2m(^[[22m^[[2m10 tests^[[22m^[[2m)^[[22m^[[33m 2660^[[2mms^[[22m^[[39m
verify	Run pnpm verify	2026-10-06T04:10:02.1290809Z  ^[[32m✓^[[39m apps/admin-web/test/device-view.test.tsx ^[[2m(^[[22m^[[2m6 tests^[[22m^[[2m)^[[22m^[[33m 1380^[[2mms^[[22m^[[39m
verify	Run pnpm verify	2026-10-06T04:10:02.1299769Z    ^[[33m^[[2m✓^[[22m^[[39m 选择设备并应用：四级联动；未选设备禁用应用 ^[[33m 950^[[2mms^[[22m^[[39m
verify	Run pnpm verify	2026-10-06T04:10:03.1145492Z  ^[[32m✓^[[39m apps/cloud-api/test/certificate-status.test.ts ^[[2m(^[[22m^[[2m8 tests^[[22m^[[2m)^[[22m^[[33m 2777^[[2mms^[[22m^[[39m
verify	Run pnpm verify	2026-10-06T04:10:05.6880635Z  ^[[32m✓^[[39m apps/cloud-api/test/admin-replay.test.ts ^[[2m(^[[22m^[[2m5 tests^[[22m^[[2m)^[[22m^[[33m 2841^[[2mms^[[22m^[[39m
verify	Run pnpm verify	2026-10-06T04:10:06.6950236Z  ^[[32m✓^[[39m apps/ingestion-worker/test/rotation-confirmation.test.ts ^[[2m(^[[22m^[[2m8 tests^[[22m^[[2m)^[[22m^[[33m 3087^[[2mms^[[22m^[[39m
verify	Run pnpm verify	2026-10-06T04:10:07.2651848Z  ^[[32m✓^[[39m apps/admin-web/test/onboarding.test.tsx ^[[2m(^[[22m^[[2m11 tests^[[22m^[[2m)^[[22m^[[33m 3850^[[2mms^[[22m^[[39m
verify	Run pnpm verify	2026-10-06T04:10:07.2654560Z    ^[[33m^[[2m✓^[[22m^[[39m 列表与状态筛选：PENDING/APPROVED/REJECTED/TIMED_OUT 标签与状态列 ^[[33m 851^[[2mms^[[22m^[[39m
verify	Run pnpm verify	2026-10-06T04:10:07.2655759Z    ^[[33m^[[2m✓^[[22m^[[39m 权限门控：仅 canReview（SuperAdmin）且 PENDING 显示审批操作 ^[[33m 335^[[2mms^[[22m^[[39m
verify	Run pnpm verify	2026-10-06T04:10:07.2680368Z    ^[[33m^[[2m✓^[[22m^[[39m 批准：确认后提交并跳转设备详情（携带序列号，不伪造设备记录） ^[[33m 474^[[2mms^[[22m^[[39m
verify	Run pnpm verify	2026-10-06T04:10:07.2681011Z    ^[[33m^[[2m✓^[[22m^[[39m 拒绝：原因必填；提交后刷新列表 ^[[33m 801^[[2mms^[[22m^[[39m
verify	Run pnpm verify	2026-10-06T04:10:07.2681614Z    ^[[33m^[[2m✓^[[22m^[[39m 重复点击不会重复审批：在途期间后续提交被忽略 ^[[33m 460^[[2mms^[[22m^[[39m
verify	Run pnpm verify	2026-10-06T04:10:07.2682219Z    ^[[33m^[[2m✓^[[22m^[[39m 并发审批冲突：409 VERSION_CONFLICT 显示刷新提示 ^[[33m 310^[[2mms^[[22m^[[39m
verify	Run pnpm verify	2026-10-06T04:10:09.5282710Z  ^[[32m✓^[[39m apps/admin-web/test/i18n.test.tsx ^[[2m(^[[22m^[[2m7 tests^[[22m^[[2m)^[[22m^[[33m 2120^[[2mms^[[22m^[[39m
verify	Run pnpm verify	2026-10-06T04:10:09.5283797Z    ^[[33m^[[2m✓^[[22m^[[39m 切换语言：菜单/面包屑/共享组件文案即时完整更新；localStorage 与 <html lang> 同步 ^[[33m 1480^[[2mms^[[22m^[[39m
verify	Run pnpm verify	2026-10-06T04:10:09.5284433Z    ^[[33m^[[2m✓^[[22m^[[39m 刷新/重新登录后语言保持：重新挂载读取持久化值 ^[[33m 576^[[2mms^[[22m^[[39m
verify	Run pnpm verify	2026-10-06T04:10:09.9923410Z  ^[[32m✓^[[39m apps/cloud-api/test/admin-certificate-rotation.test.ts ^[[2m(^[[22m^[[2m4 tests^[[22m^[[2m)^[[22m^[[33m 2542^[[2mms^[[22m^[[39m
verify	Run pnpm verify	2026-10-06T04:10:10.3239501Z  ^[[32m✓^[[39m infra/test/deployment-governance.test.ts ^[[2m(^[[22m^[[2m2 tests^[[22m^[[2m)^[[22m^[[32m 5^[[2mms^[[22m^[[39m
verify	Run pnpm verify	2026-10-06T04:10:13.4626963Z  ^[[32m✓^[[39m apps/cloud-api/test/device-retirement-timeout.test.ts ^[[2m(^[[22m^[[2m5 tests^[[22m^[[2m)^[[22m^[[33m 2491^[[2mms^[[22m^[[39m
verify	Run pnpm verify	2026-10-06T04:10:13.5750719Z  ^[[32m✓^[[39m apps/admin-web/test/shell.test.tsx ^[[2m(^[[22m^[[2m8 tests^[[22m^[[2m)^[[22m^[[33m 2331^[[2mms^[[22m^[[39m
verify	Run pnpm verify	2026-10-06T04:10:13.5800567Z    ^[[33m^[[2m✓^[[22m^[[39m 菜单按角色过滤：PlatformSuperAdmin 见全部 17 项；CustomerViewer 不见受限项 ^[[33m 1417^[[2mms^[[22m^[[39m
verify	Run pnpm verify	2026-10-06T04:10:13.6439504Z  ^[[32m✓^[[39m packages/domain/test/contract.test.ts ^[[2m(^[[22m^[[2m9 tests^[[22m^[[2m)^[[22m^[[32m 7^[[2mms^[[22m^[[39m
verify	Run pnpm verify	2026-10-06T04:10:13.7297555Z  ^[[32m✓^[[39m apps/admin-web/test/session-manager.test.ts ^[[2m(^[[22m^[[2m10 tests^[[22m^[[2m)^[[22m^[[32m 5^[[2mms^[[22m^[[39m
verify	Run pnpm verify	2026-10-06T04:10:13.9850628Z  ^[[32m✓^[[39m apps/cloud-api/test/device-lambda-composition.test.ts ^[[2m(^[[22m^[[2m13 tests^[[22m^[[2m)^[[22m^[[32m 18^[[2mms^[[22m^[[39m
verify	Run pnpm verify	2026-10-06T04:10:14.3651912Z  ^[[32m✓^[[39m apps/cloud-api/test/admin-p1-strict-request.test.ts ^[[2m(^[[22m^[[2m2 tests^[[22m^[[2m)^[[22m^[[32m 20^[[2mms^[[22m^[[39m
verify	Run pnpm verify	2026-10-06T04:10:15.0910442Z  ^[[32m✓^[[39m apps/admin-web/test/sites.test.tsx ^[[2m(^[[22m^[[2m7 tests^[[22m^[[2m)^[[22m^[[33m 5930^[[2mms^[[22m^[[39m
verify	Run pnpm verify	2026-10-06T04:10:15.0914944Z    ^[[33m^[[2m✓^[[22m^[[39m 列表：Region/Subregion/时区/联系人/设备数/状态列完整；筛选可变更 ^[[33m 858^[[2mms^[[22m^[[39m
verify	Run pnpm verify	2026-10-06T04:10:15.0915591Z    ^[[33m^[[2m✓^[[22m^[[39m 详情：地址/时区/联系人/设备数完整展示 ^[[33m 315^[[2mms^[[22m^[[39m
verify	Run pnpm verify	2026-10-06T04:10:15.0916302Z    ^[[33m^[[2m✓^[[22m^[[39m 创建：非法时区客户端拦截不提交；合法输入提交成功 ^[[33m 1980^[[2mms^[[22m^[[39m
verify	Run pnpm verify	2026-10-06T04:10:15.0916929Z    ^[[33m^[[2m✓^[[22m^[[39m 编辑：customerId 不可变（只读展示）；提交携带当前 version ^[[33m 1180^[[2mms^[[22m^[[39m
verify	Run pnpm verify	2026-10-06T04:10:15.0917632Z    ^[[33m^[[2m✓^[[22m^[[39m 停用：展示关联设备数提示；原因必填；409 版本冲突提示刷新 ^[[33m 1466^[[2mms^[[22m^[[39m
verify	Run pnpm verify	2026-10-06T04:10:15.1559247Z Bundling asset Qa09Perf/IngestionFn/Code/Stage...
verify	Run pnpm verify	2026-10-06T04:10:15.4070152Z  ^[[32m✓^[[39m apps/admin-web/test/guard-menu.test.ts ^[[2m(^[[22m^[[2m13 tests^[[22m^[[2m)^[[22m^[[32m 8^[[2mms^[[22m^[[39m
verify	Run pnpm verify	2026-10-06T04:10:15.6211501Z  ^[[32m✓^[[39m packages/aws-clients/test/iot-device-policy.test.ts ^[[2m(^[[22m^[[2m12 tests^[[22m^[[2m)^[[22m^[[32m 6^[[2mms^[[22m^[[39m
verify	Run pnpm verify	2026-10-06T04:10:15.7888541Z  ^[[32m✓^[[39m apps/admin-web/test/http-client.test.ts ^[[2m(^[[22m^[[2m7 tests^[[22m^[[2m)^[[22m^[[32m 7^[[2mms^[[22m^[[39m
verify	Run pnpm verify	2026-10-06T04:10:15.8835397Z Bundling asset Qa09Perf/ArchiveFn/Code/Stage...
verify	Run pnpm verify	2026-10-06T04:10:16.2571186Z  ^[[32m✓^[[39m packages/database/test/observed-pg.test.ts ^[[2m(^[[22m^[[2m4 tests^[[22m^[[2m)^[[22m^[[32m 144^[[2mms^[[22m^[[39m
verify	Run pnpm verify	2026-10-06T04:10:16.3599618Z Bundling asset Qa09Perf/OutboxPublisherFn/Code/Stage...
verify	Run pnpm verify	2026-10-06T04:10:17.0652999Z Bundling asset Qa09Perf/NotificationPublisherFn/Code/Stage...
verify	Run pnpm verify	2026-10-06T04:10:17.9040654Z Bundling asset Qa09Perf/SummaryFn/Code/Stage...
verify	Run pnpm verify	2026-10-06T04:10:18.6205994Z Bundling asset Qa09Perf/ReplayTriggerPublisherFn/Code/Stage...
verify	Run pnpm verify	2026-10-06T04:10:18.7449760Z  ^[[32m✓^[[39m apps/admin-web/test/device-groups.test.tsx ^[[2m(^[[22m^[[2m6 tests^[[22m^[[2m)^[[22m^[[33m 3192^[[2mms^[[22m^[[39m
verify	Run pnpm verify	2026-10-06T04:10:18.7476357Z    ^[[33m^[[2m✓^[[22m^[[39m 列表字段覆盖矩阵：序号/区域/子区域/ID/别名/合约/租期/固件/四轴/操作 ^[[33m 945^[[2mms^[[22m^[[39m
verify	Run pnpm verify	2026-10-06T04:10:18.7477371Z    ^[[33m^[[2m✓^[[22m^[[39m 筛选：搜索应用草稿（关键字+四轴+授权），重置清空 ^[[33m 808^[[2mms^[[22m^[[39m
verify	Run pnpm verify	2026-10-06T04:10:18.7478035Z    ^[[33m^[[2m✓^[[22m^[[39m Region/Subregion/Site 联动筛选进入查询条件 ^[[33m 700^[[2mms^[[22m^[[39m
verify	Run pnpm verify	2026-10-06T04:10:19.1960874Z  ^[[32m✓^[[39m apps/ingestion-worker/test/ota-status-ack.test.ts ^[[2m(^[[22m^[[2m3 tests^[[22m^[[2m)^[[22m^[[33m 2548^[[2mms^[[22m^[[39m
verify	Run pnpm verify	2026-10-06T04:10:19.2020373Z      ^[[33m^[[2m✓^[[22m^[[39m 按冻结状态机完成下载、安装、成功；历史和审计同事务落库 ^[[33m 340^[[2mms^[[22m^[[39m
verify	Run pnpm verify	2026-10-06T04:10:19.3810197Z Bundling asset Qa09Perf/ReplayFn/Code/Stage...
verify	Run pnpm verify	2026-10-06T04:10:20.0989572Z Bundling asset Qa09Perf/CertPackageSweeperFn/Code/Stage...
verify	Run pnpm verify	2026-10-06T04:10:20.9340061Z Bundling asset Qa09Perf/OnboardingDeadlineFn/Code/Stage...
verify	Run pnpm verify	2026-10-06T04:10:21.7302236Z Bundling asset Qa09Perf/RetirementTimeoutFn/Code/Stage...
verify	Run pnpm verify	2026-10-06T04:10:22.2590808Z  ^[[32m✓^[[39m apps/cloud-api/test/provisioning-worker.test.ts ^[[2m(^[[22m^[[2m4 tests^[[22m^[[2m)^[[22m^[[33m 2735^[[2mms^[[22m^[[39m
verify	Run pnpm verify	2026-10-06T04:10:22.4406552Z Bundling asset Qa09Perf/ActivityExportFn/Code/Stage...
verify	Run pnpm verify	2026-10-06T04:10:23.0110275Z Bundling asset Qa09Perf/EsgExportFn/Code/Stage...
verify	Run pnpm verify	2026-10-06T04:10:23.5302182Z Bundling asset Qa09Perf/CommandPublisherFn/Code/Stage...
verify	Run pnpm verify	2026-10-06T04:10:24.1322717Z Bundling asset Qa09Perf/CommandTimeoutFn/Code/Stage...
verify	Run pnpm verify	2026-10-06T04:10:24.7301260Z Bundling asset Qa09Perf/OtaDispatcherFn/Code/Stage...
verify	Run pnpm verify	2026-10-06T04:10:25.3199648Z Bundling asset Qa09Perf/OnboardingApiFn/Code/Stage...
verify	Run pnpm verify	2026-10-06T04:10:25.9000489Z Bundling asset Qa09Perf/OnboardingProvisioningFn/Code/Stage...
verify	Run pnpm verify	2026-10-06T04:10:26.1441194Z  ^[[32m✓^[[39m apps/admin-web/test/app-smoke.test.tsx ^[[2m(^[[22m^[[2m10 tests^[[22m^[[2m)^[[22m^[[33m 1968^[[2mms^[[22m^[[39m
verify	Run pnpm verify	2026-10-06T04:10:26.1479944Z      ^[[33m^[[2m✓^[[22m^[[39m 未登录访问根路径会进入登录页，并在登录后返回 dashboard ^[[33m 411^[[2mms^[[22m^[[39m
verify	Run pnpm verify	2026-10-06T04:10:26.1540226Z      ^[[33m^[[2m✓^[[22m^[[39m 当前业务页面和打开的表单即时切换语言，同时保留未保存输入且不重新请求 ^[[33m 794^[[2mms^[[22m^[[39m
verify	Run pnpm verify	2026-10-06T04:10:26.4472242Z Bundling asset Qa09Perf/DeviceApiFn/Code/Stage...
verify	Run pnpm verify	2026-10-06T04:10:26.7741020Z  ^[[32m✓^[[39m apps/admin-web/test/customers.test.tsx ^[[2m(^[[22m^[[2m6 tests^[[22m^[[2m)^[[22m^[[33m 5738^[[2mms^[[22m^[[39m
verify	Run pnpm verify	2026-10-06T04:10:26.7771627Z    ^[[33m^[[2m✓^[[22m^[[39m 列表与状态筛选；详情展示版本相关字段 ^[[33m 767^[[2mms^[[22m^[[39m
verify	Run pnpm verify	2026-10-06T04:10:26.7830715Z    ^[[33m^[[2m✓^[[22m^[[39m 创建：名称为空禁用；提交成功后刷新 ^[[33m 967^[[2mms^[[22m^[[39m
verify	Run pnpm verify	2026-10-06T04:10:26.7866779Z    ^[[33m^[[2m✓^[[22m^[[39m 编辑：携带当前 version（If-Match 乐观锁） ^[[33m 942^[[2mms^[[22m^[[39m
verify	Run pnpm verify	2026-10-06T04:10:26.7911319Z    ^[[33m^[[2m✓^[[22m^[[39m 停用：原因必填（写审计）；成功后刷新 ^[[33m 1110^[[2mms^[[22m^[[39m
verify	Run pnpm verify	2026-10-06T04:10:26.7950380Z    ^[[33m^[[2m✓^[[22m^[[39m 并发冲突：409 VERSION_CONFLICT 提示刷新；409 CONFLICT 展示后端原因 ^[[33m 1804^[[2mms^[[22m^[[39m
verify	Run pnpm verify	2026-10-06T04:10:26.9446072Z  ^[[32m✓^[[39m packages/aws-clients/test/project-ca-certificate-issuer.test.ts ^[[2m(^[[22m^[[2m3 tests^[[22m^[[2m)^[[22m^[[33m 532^[[2mms^[[22m^[[39m
verify	Run pnpm verify	2026-10-06T04:10:26.9571023Z  ^[[32m✓^[[39m packages/observability/test/data-path.test.ts ^[[2m(^[[22m^[[2m6 tests^[[22m^[[2m)^[[22m^[[32m 6^[[2mms^[[22m^[[39m
verify	Run pnpm verify	2026-10-06T04:10:27.0776682Z Bundling asset Qa09Perf/ApiFn/Code/Stage...
verify	Run pnpm verify	2026-10-06T04:10:27.0926769Z  ^[[32m✓^[[39m packages/domain/test/consumable.test.ts ^[[2m(^[[22m^[[2m9 tests^[[22m^[[2m)^[[22m^[[32m 6^[[2mms^[[22m^[[39m
verify	Run pnpm verify	2026-10-06T04:10:27.2160870Z  ^[[32m✓^[[39m apps/admin-web/test/srp.test.ts ^[[2m(^[[22m^[[2m7 tests^[[22m^[[2m)^[[22m^[[32m 122^[[2mms^[[22m^[[39m
verify	Run pnpm verify	2026-10-06T04:10:27.4091592Z  ^[[32m✓^[[39m packages/domain/test/configuration.test.ts ^[[2m(^[[22m^[[2m8 tests^[[22m^[[2m)^[[22m^[[32m 13^[[2mms^[[22m^[[39m
verify	Run pnpm verify	2026-10-06T04:10:27.4951741Z  ^[[32m✓^[[39m packages/auth/test/cognito.test.ts ^[[2m(^[[22m^[[2m14 tests^[[22m^[[2m)^[[22m^[[32m 93^[[2mms^[[22m^[[39m
verify	Run pnpm verify	2026-10-06T04:10:27.7640786Z  ^[[32m✓^[[39m packages/auth/test/guard.test.ts ^[[2m(^[[22m^[[2m10 tests^[[22m^[[2m)^[[22m^[[32m 8^[[2mms^[[22m^[[39m
verify	Run pnpm verify	2026-10-06T04:10:28.0460866Z  ^[[32m✓^[[39m apps/ingestion-worker/test/replay-runtime.test.ts ^[[2m(^[[22m^[[2m4 tests^[[22m^[[2m)^[[22m^[[32m 8^[[2mms^[[22m^[[39m
verify	Run pnpm verify	2026-10-06T04:10:28.7747714Z  ^[[32m✓^[[39m apps/cloud-api/test/admin-cus-dev-strict-contract.test.ts ^[[2m(^[[22m^[[2m2 tests^[[22m^[[2m)^[[22m^[[32m 33^[[2mms^[[22m^[[39m
verify	Run pnpm verify	2026-10-06T04:10:28.9483547Z ^[[90mstdout^[[2m | apps/cloud-api/test/admin-cors.test.ts^[[2m > ^[[22m^[[2mactual Lambda entry returns preflight without DB Secret or Cognito configuration
verify	Run pnpm verify	2026-10-06T04:10:28.9540783Z ^[[22m^[[39m{"event":"admin.request.completed","gatewayRequestId":"unknown","gatewayExtendedRequestId":"unknown","lambdaRequestId":"unknown","operationId":"unknown","status":204,"elapsedMs":0}
verify	Run pnpm verify	2026-10-06T04:10:28.9569145Z 
verify	Run pnpm verify	2026-10-06T04:10:28.9596332Z  ^[[32m✓^[[39m apps/cloud-api/test/admin-cors.test.ts ^[[2m(^[[22m^[[2m6 tests^[[22m^[[2m)^[[22m^[[33m 694^[[2mms^[[22m^[[39m
verify	Run pnpm verify	2026-10-06T04:10:28.9599924Z    ^[[33m^[[2m✓^[[22m^[[39m actual Lambda entry returns preflight without DB Secret or Cognito configuration ^[[33m 688^[[2mms^[[22m^[[39m
verify	Run pnpm verify	2026-10-06T04:10:29.0904331Z  ^[[32m✓^[[39m packages/aws-clients/test/cognito-admin.test.ts ^[[2m(^[[22m^[[2m3 tests^[[22m^[[2m)^[[22m^[[32m 15^[[2mms^[[22m^[[39m
verify	Run pnpm verify	2026-10-06T04:10:29.3850446Z  ^[[32m✓^[[39m packages/auth/test/permission-matrix.test.ts ^[[2m(^[[22m^[[2m8 tests^[[22m^[[2m)^[[22m^[[32m 14^[[2mms^[[22m^[[39m
verify	Run pnpm verify	2026-10-06T04:10:29.6737845Z  ^[[32m✓^[[39m packages/observability/test/redaction.test.ts ^[[2m(^[[22m^[[2m8 tests^[[22m^[[2m)^[[22m^[[32m 4^[[2mms^[[22m^[[39m
verify	Run pnpm verify	2026-10-06T04:10:30.3071460Z Bundling asset TestStack/IngestionFn/Code/Stage...
verify	Run pnpm verify	2026-10-06T04:10:30.8740639Z  ^[[32m✓^[[39m apps/cloud-api/test/qa02-device-errors.test.ts ^[[2m(^[[22m^[[2m6 tests^[[22m^[[2m)^[[22m^[[32m 129^[[2mms^[[22m^[[39m
verify	Run pnpm verify	2026-10-06T04:10:30.9880532Z  ^[[32m✓^[[39m infra/test/qa09-performance.test.ts ^[[2m(^[[22m^[[2m3 tests^[[22m^[[2m)^[[22m^[[33m 15917^[[2mms^[[22m^[[39m
verify	Run pnpm verify	2026-10-06T04:10:30.9891349Z    ^[[33m^[[2m✓^[[22m^[[39m observability and immediate queue synth retain narrow logs and hard DB budgets ^[[33m 15912^[[2mms^[[22m^[[39m
verify	Run pnpm verify	2026-10-06T04:10:31.0466014Z  ^[[32m✓^[[39m apps/cloud-api/test/device-onboarding-lambda.test.ts ^[[2m(^[[22m^[[2m4 tests^[[22m^[[2m)^[[22m^[[32m 6^[[2mms^[[22m^[[39m
verify	Run pnpm verify	2026-10-06T04:10:31.1165203Z Bundling asset TestStack/ArchiveFn/Code/Stage...
verify	Run pnpm verify	2026-10-06T04:10:31.2546000Z  ^[[32m✓^[[39m packages/aws-clients/test/ota-firmware.test.ts ^[[2m(^[[22m^[[2m2 tests^[[22m^[[2m)^[[22m^[[32m 5^[[2mms^[[22m^[[39m
verify	Run pnpm verify	2026-10-06T04:10:31.3215203Z  ^[[32m✓^[[39m packages/aws-clients/test/iot-provisioning-client.test.ts ^[[2m(^[[22m^[[2m2 tests^[[22m^[[2m)^[[22m^[[32m 7^[[2mms^[[22m^[[39m
verify	Run pnpm verify	2026-10-06T04:10:31.5218297Z Bundling asset TestStack/OutboxPublisherFn/Code/Stage...
verify	Run pnpm verify	2026-10-06T04:10:31.6110929Z  ^[[32m✓^[[39m apps/ingestion-worker/test/certificate-package-sweeper.test.ts ^[[2m(^[[22m^[[2m4 tests^[[22m^[[2m)^[[22m^[[32m 5^[[2mms^[[22m^[[39m
verify	Run pnpm verify	2026-10-06T04:10:32.1760916Z Bundling asset TestStack/NotificationPublisherFn/Code/Stage...
verify	Run pnpm verify	2026-10-06T04:10:32.3113423Z  ^[[32m✓^[[39m apps/cloud-api/test/onboarding-contract-parity.test.ts ^[[2m(^[[22m^[[2m3 tests^[[22m^[[2m)^[[22m^[[32m 4^[[2mms^[[22m^[[39m
verify	Run pnpm verify	2026-10-06T04:10:32.3769103Z  ^[[32m✓^[[39m apps/cloud-api/test/device-user-verifier.test.ts ^[[2m(^[[22m^[[2m7 tests^[[22m^[[2m)^[[22m^[[33m 321^[[2mms^[[22m^[[39m
verify	Run pnpm verify	2026-10-06T04:10:32.7591778Z  ^[[32m✓^[[39m packages/auth/test/qa06-jwt-security.test.ts ^[[2m(^[[22m^[[2m1 test^[[22m^[[2m)^[[22m^[[32m 55^[[2mms^[[22m^[[39m
verify	Run pnpm verify	2026-10-06T04:10:32.7769465Z Bundling asset TestStack/SummaryFn/Code/Stage...
verify	Run pnpm verify	2026-10-06T04:10:32.9980529Z  ^[[32m✓^[[39m packages/aws-clients/test/kms-data-key-provider.test.ts ^[[2m(^[[22m^[[2m3 tests^[[22m^[[2m)^[[22m^[[32m 7^[[2mms^[[22m^[[39m
verify	Run pnpm verify	2026-10-06T04:10:33.3282129Z  ^[[32m✓^[[39m packages/aws-clients/test/s3-media-url-signer.test.ts ^[[2m(^[[22m^[[2m2 tests^[[22m^[[2m)^[[22m^[[32m 5^[[2mms^[[22m^[[39m
verify	Run pnpm verify	2026-10-06T04:10:33.4252912Z Bundling asset TestStack/ReplayTriggerPublisherFn/Code/Stage...
verify	Run pnpm verify	2026-10-06T04:10:33.4997380Z  ^[[32m✓^[[39m packages/database/test/transaction-observation.test.ts ^[[2m(^[[22m^[[2m5 tests^[[22m^[[2m)^[[22m^[[32m 5^[[2mms^[[22m^[[39m
verify	Run pnpm verify	2026-10-06T04:10:34.1380800Z Bundling asset TestStack/ReplayFn/Code/Stage...
verify	Run pnpm verify	2026-10-06T04:10:34.1797299Z  ^[[32m✓^[[39m apps/cloud-api/test/admin-onboarding-parity.test.ts ^[[2m(^[[22m^[[2m3 tests^[[22m^[[2m)^[[22m^[[32m 5^[[2mms^[[22m^[[39m
verify	Run pnpm verify	2026-10-06T04:10:34.3780905Z  ^[[32m✓^[[39m apps/admin-web/test/onboarding-network-security.test.ts ^[[2m(^[[22m^[[2m2 tests^[[22m^[[2m)^[[22m^[[32m 3^[[2mms^[[22m^[[39m
verify	Run pnpm verify	2026-10-06T04:10:34.8054401Z Bundling asset TestStack/CertPackageSweeperFn/Code/Stage...
verify	Run pnpm verify	2026-10-06T04:10:35.1660925Z  ^[[32m✓^[[39m apps/admin-web/test/app-foundation.test.ts ^[[2m(^[[22m^[[2m3 tests^[[22m^[[2m)^[[22m^[[32m 13^[[2mms^[[22m^[[39m
verify	Run pnpm verify	2026-10-06T04:10:35.4759791Z Bundling asset TestStack/OnboardingDeadlineFn/Code/Stage...
verify	Run pnpm verify	2026-10-06T04:10:35.7472397Z  ^[[32m✓^[[39m apps/admin-web/test/login-page.test.tsx ^[[2m(^[[22m^[[2m2 tests^[[22m^[[2m)^[[22m^[[33m 1743^[[2mms^[[22m^[[39m
verify	Run pnpm verify	2026-10-06T04:10:35.7474226Z    ^[[33m^[[2m✓^[[22m^[[39m 临时密码登录后突出显示首次登录改密说明与明确提交动作 ^[[33m 1057^[[2mms^[[22m^[[39m
verify	Run pnpm verify	2026-10-06T04:10:35.7476306Z    ^[[33m^[[2m✓^[[22m^[[39m 设置新密码失败时显示具体规则且不暴露身份服务英文错误 ^[[33m 685^[[2mms^[[22m^[[39m
verify	Run pnpm verify	2026-10-06T04:10:35.9635047Z  ^[[32m✓^[[39m apps/ingestion-worker/test/archive-drain.test.ts ^[[2m(^[[22m^[[2m3 tests^[[22m^[[2m)^[[22m^[[32m 4^[[2mms^[[22m^[[39m
verify	Run pnpm verify	2026-10-06T04:10:36.0952750Z Bundling asset TestStack/RetirementTimeoutFn/Code/Stage...
verify	Run pnpm verify	2026-10-06T04:10:36.2688619Z  ^[[32m✓^[[39m apps/cloud-api/test/retirement-timeout-lambda.test.ts ^[[2m(^[[22m^[[2m2 tests^[[22m^[[2m)^[[22m^[[32m 4^[[2mms^[[22m^[[39m
verify	Run pnpm verify	2026-10-06T04:10:36.7471361Z Bundling asset TestStack/ActivityExportFn/Code/Stage...
verify	Run pnpm verify	2026-10-06T04:10:37.5610084Z Bundling asset TestStack/EsgExportFn/Code/Stage...
verify	Run pnpm verify	2026-10-06T04:10:38.1605340Z  ^[[32m✓^[[39m apps/admin-web/test/ui-controls.test.tsx ^[[2m(^[[22m^[[2m2 tests^[[22m^[[2m)^[[22m^[[33m 1341^[[2mms^[[22m^[[39m
verify	Run pnpm verify	2026-10-06T04:10:38.1640348Z    ^[[33m^[[2m✓^[[22m^[[39m Library controls preserve native form submission and required validation ^[[33m 1206^[[2mms^[[22m^[[39m
verify	Run pnpm verify	2026-10-06T04:10:38.3869139Z  ^[[32m✓^[[39m infra/test/admin-bootstrap-execution-stack.test.ts ^[[2m(^[[22m^[[2m2 tests^[[22m^[[2m)^[[22m^[[33m 1683^[[2mms^[[22m^[[39m
verify	Run pnpm verify	2026-10-06T04:10:38.3891135Z    ^[[33m^[[2m✓^[[22m^[[39m admin bootstrap execution binds exact source, email and confirmation to one project ^[[33m 1677^[[2mms^[[22m^[[39m
verify	Run pnpm verify	2026-10-06T04:10:38.4551554Z Bundling asset TestStack/CommandPublisherFn/Code/Stage...
verify	Run pnpm verify	2026-10-06T04:10:38.6953742Z ^[[90mstderr^[[2m | apps/ingestion-worker/test/archive-runtime.test.ts^[[2m > ^[[22m^[[2mArchive SQS runtime^[[2m > ^[[22m^[[2m非法记录与业务拒绝记录进入 partial batch failure，合法记录仍处理
verify	Run pnpm verify	2026-10-06T04:10:38.6964618Z ^[[22m^[[39marchive validation rejected {
verify	Run pnpm verify	2026-10-06T04:10:38.6975763Z   kind: ^[[32m'archive.validation_rejected'^[[39m,
verify	Run pnpm verify	2026-10-06T04:10:38.6976617Z  ^[[32m✓^[[39m apps/ingestion-worker/test/archive-runtime.test.ts ^[[2m(^[[22m^[[2m2 tests^[[22m^[[2m)^[[22m^[[32m 6^[[2mms^[[22m^[[39m
verify	Run pnpm verify	2026-10-06T04:10:38.6977288Z   messageId: ^[[32m'sqs-invalid'^[[39m,
verify	Run pnpm verify	2026-10-06T04:10:38.6978643Z   eventId: ^[[1mnull^[[22m,
verify	Run pnpm verify	2026-10-06T04:10:38.6979090Z   errorPath: ^[[32m'$'^[[39m,
verify	Run pnpm verify	2026-10-06T04:10:38.6979665Z   reason: ^[[32m"Expected property name or '}' in JSON at position 1 (line 1 column 2)"^[[39m,
verify	Run pnpm verify	2026-10-06T04:10:38.6980149Z   rawBody: ^[[32m'{bad-json'^[[39m
verify	Run pnpm verify	2026-10-06T04:10:38.6982969Z }
verify	Run pnpm verify	2026-10-06T04:10:38.6983078Z 
verify	Run pnpm verify	2026-10-06T04:10:38.7111476Z  ^[[32m✓^[[39m packages/auth/test/rate-limit.test.ts ^[[2m(^[[22m^[[2m3 tests^[[22m^[[2m)^[[22m^[[32m 4^[[2mms^[[22m^[[39m
verify	Run pnpm verify	2026-10-06T04:10:38.8960918Z  ^[[32m✓^[[39m packages/observability/test/request-correlation.test.ts ^[[2m(^[[22m^[[2m2 tests^[[22m^[[2m)^[[22m^[[32m 5^[[2mms^[[22m^[[39m
verify	Run pnpm verify	2026-10-06T04:10:39.0250283Z Bundling asset TestStack/CommandTimeoutFn/Code/Stage...
verify	Run pnpm verify	2026-10-06T04:10:39.1452248Z  ^[[32m✓^[[39m packages/aws-clients/test/s3-activity-export.test.ts ^[[2m(^[[22m^[[2m1 test^[[22m^[[2m)^[[22m^[[32m 4^[[2mms^[[22m^[[39m
verify	Run pnpm verify	2026-10-06T04:10:39.5410500Z  ^[[32m✓^[[39m apps/admin-web/test/locale-value.test.tsx ^[[2m(^[[22m^[[2m2 tests^[[22m^[[2m)^[[22m^[[32m 53^[[2mms^[[22m^[[39m
verify	Run pnpm verify	2026-10-06T04:10:39.5950886Z  ^[[32m✓^[[39m packages/aws-clients/test/s3-media-object-storage.test.ts ^[[2m(^[[22m^[[2m2 tests^[[22m^[[2m)^[[22m^[[32m 6^[[2mms^[[22m^[[39m
verify	Run pnpm verify	2026-10-06T04:10:39.6160081Z Bundling asset TestStack/OtaDispatcherFn/Code/Stage...
verify	Run pnpm verify	2026-10-06T04:10:39.8911891Z  ^[[32m✓^[[39m packages/auth/test/contract-parity.test.ts ^[[2m(^[[22m^[[2m2 tests^[[22m^[[2m)^[[22m^[[32m 2^[[2mms^[[22m^[[39m
verify	Run pnpm verify	2026-10-06T04:10:40.1770912Z  ^[[32m✓^[[39m packages/aws-clients/test/s3-archive-store.test.ts ^[[2m(^[[22m^[[2m1 test^[[22m^[[2m)^[[22m^[[32m 10^[[2mms^[[22m^[[39m
verify	Run pnpm verify	2026-10-06T04:10:40.3493463Z Bundling asset TestStack/OnboardingApiFn/Code/Stage...
verify	Run pnpm verify	2026-10-06T04:10:40.4435317Z  ^[[32m✓^[[39m packages/aws-clients/test/database-secret.test.ts ^[[2m(^[[22m^[[2m2 tests^[[22m^[[2m)^[[22m^[[32m 11^[[2mms^[[22m^[[39m
verify	Run pnpm verify	2026-10-06T04:10:40.6460679Z  ^[[32m✓^[[39m infra/test/template-security.test.ts ^[[2m(^[[22m^[[2m4 tests^[[22m^[[2m)^[[22m^[[32m 3^[[2mms^[[22m^[[39m
verify	Run pnpm verify	2026-10-06T04:10:40.9150529Z  ^[[32m✓^[[39m packages/aws-clients/test/topic-parity.test.ts ^[[2m(^[[22m^[[2m1 test^[[22m^[[2m)^[[22m^[[32m 7^[[2mms^[[22m^[[39m
verify	Run pnpm verify	2026-10-06T04:10:41.1870779Z  ^[[32m✓^[[39m infra/test/topic-catalog-parity.test.ts ^[[2m(^[[22m^[[2m1 test^[[22m^[[2m)^[[22m^[[32m 3^[[2mms^[[22m^[[39m
verify	Run pnpm verify	2026-10-06T04:10:41.2410264Z Bundling asset TestStack/OnboardingProvisioningFn/Code/Stage...
verify	Run pnpm verify	2026-10-06T04:10:41.4780917Z  ^[[32m✓^[[39m packages/aws-clients/test/iot-data-publisher.test.ts ^[[2m(^[[22m^[[2m1 test^[[22m^[[2m)^[[22m^[[32m 9^[[2mms^[[22m^[[39m
verify	Run pnpm verify	2026-10-06T04:10:41.6161041Z  ^[[32m✓^[[39m infra/test/migration-execution-stack.test.ts ^[[2m(^[[22m^[[2m2 tests^[[22m^[[2m)^[[22m^[[33m 1649^[[2mms^[[22m^[[39m
verify	Run pnpm verify	2026-10-06T04:10:41.6180740Z    ^[[33m^[[2m✓^[[22m^[[39m migration execution is exact-version, exact-commit, and project-scoped ^[[33m 1640^[[2mms^[[22m^[[39m
verify	Run pnpm verify	2026-10-06T04:10:41.6928941Z  ^[[32m✓^[[39m apps/cloud-api/test/command-phase-observer.test.ts ^[[2m(^[[22m^[[2m1 test^[[22m^[[2m)^[[22m^[[32m 3^[[2mms^[[22m^[[39m
verify	Run pnpm verify	2026-10-06T04:10:41.8812751Z  ^[[32m✓^[[39m packages/aws-clients/test/sqs-archive-sender.test.ts ^[[2m(^[[22m^[[2m1 test^[[22m^[[2m)^[[22m^[[32m 3^[[2mms^[[22m^[[39m
verify	Run pnpm verify	2026-10-06T04:10:41.8908108Z Bundling asset TestStack/DeviceApiFn/Code/Stage...
verify	Run pnpm verify	2026-10-06T04:10:41.9078833Z  ^[[32m✓^[[39m apps/cloud-api/test/openapi-response.test.ts ^[[2m(^[[22m^[[2m2 tests^[[22m^[[2m)^[[22m^[[32m 7^[[2mms^[[22m^[[39m
verify	Run pnpm verify	2026-10-06T04:10:42.0555238Z  ^[[32m✓^[[39m apps/admin-web/test/jwt.test.ts ^[[2m(^[[22m^[[2m2 tests^[[22m^[[2m)^[[22m^[[32m 4^[[2mms^[[22m^[[39m
verify	Run pnpm verify	2026-10-06T04:10:42.1245649Z  ^[[32m✓^[[39m packages/database/test/index.test.ts ^[[2m(^[[22m^[[2m4 tests^[[22m^[[2m)^[[22m^[[32m 5^[[2mms^[[22m^[[39m
verify	Run pnpm verify	2026-10-06T04:10:42.3230870Z  ^[[32m✓^[[39m packages/aws-clients/test/sqs-json-sender.test.ts ^[[2m(^[[22m^[[2m1 test^[[22m^[[2m)^[[22m^[[32m 11^[[2mms^[[22m^[[39m
verify	Run pnpm verify	2026-10-06T04:10:42.5192349Z Bundling asset TestStack/ApiFn/Code/Stage...
verify	Run pnpm verify	2026-10-06T04:10:42.6871496Z  ^[[32m✓^[[39m apps/summary-worker/test/summary-runtime.test.ts ^[[2m(^[[22m^[[2m3 tests^[[22m^[[2m)^[[22m^[[32m 5^[[2mms^[[22m^[[39m
verify	Run pnpm verify	2026-10-06T04:10:43.0784860Z  ^[[32m✓^[[39m apps/cloud-api/test/index.test.ts ^[[2m(^[[22m^[[2m2 tests^[[22m^[[2m)^[[22m^[[32m 6^[[2mms^[[22m^[[39m
verify	Run pnpm verify	2026-10-06T04:10:43.2391060Z  ^[[32m✓^[[39m apps/summary-worker/test/index.test.ts ^[[2m(^[[22m^[[2m1 test^[[22m^[[2m)^[[22m^[[32m 2^[[2mms^[[22m^[[39m
verify	Run pnpm verify	2026-10-06T04:10:43.4122626Z  ^[[32m✓^[[39m apps/ingestion-worker/test/index.test.ts ^[[2m(^[[22m^[[2m1 test^[[22m^[[2m)^[[22m^[[32m 3^[[2mms^[[22m^[[39m
verify	Run pnpm verify	2026-10-06T04:10:43.8227633Z  ^[[32m✓^[[39m apps/archive-worker/test/index.test.ts ^[[2m(^[[22m^[[2m1 test^[[22m^[[2m)^[[22m^[[32m 3^[[2mms^[[22m^[[39m
verify	Run pnpm verify	2026-10-06T04:10:44.0288870Z  ^[[32m✓^[[39m packages/observability/test/index.test.ts ^[[2m(^[[22m^[[2m1 test^[[22m^[[2m)^[[22m^[[32m 2^[[2mms^[[22m^[[39m
verify	Run pnpm verify	2026-10-06T04:10:44.4704933Z  ^[[32m✓^[[39m packages/aws-clients/test/index.test.ts ^[[2m(^[[22m^[[2m1 test^[[22m^[[2m)^[[22m^[[32m 2^[[2mms^[[22m^[[39m
verify	Run pnpm verify	2026-10-06T04:10:44.5069348Z  ^[[32m✓^[[39m infra/test/index.test.ts ^[[2m(^[[22m^[[2m1 test^[[22m^[[2m)^[[22m^[[32m 3^[[2mms^[[22m^[[39m
verify	Run pnpm verify	2026-10-06T04:10:44.7250453Z  ^[[32m✓^[[39m packages/domain/test/index.test.ts ^[[2m(^[[22m^[[2m1 test^[[22m^[[2m)^[[22m^[[32m 7^[[2mms^[[22m^[[39m
verify	Run pnpm verify	2026-10-06T04:10:45.8225598Z  ^[[32m✓^[[39m apps/admin-web/test/index.test.ts ^[[2m(^[[22m^[[2m1 test^[[22m^[[2m)^[[22m^[[32m 2^[[2mms^[[22m^[[39m
verify	Run pnpm verify	2026-10-06T04:10:45.8923323Z  ^[[32m✓^[[39m infra/test/iot-rule-envelope.test.ts ^[[2m(^[[22m^[[2m3 tests^[[22m^[[2m)^[[22m^[[32m 4^[[2mms^[[22m^[[39m
verify	Run pnpm verify	2026-10-06T04:10:45.8971551Z 
verify	Run pnpm verify	2026-10-06T04:10:45.8977657Z ^[[2m Test Files ^[[22m ^[[1m^[[32m169 passed^[[39m^[[22m^[[90m (169)^[[39m
verify	Run pnpm verify	2026-10-06T04:10:45.8986280Z ^[[2m      Tests ^[[22m ^[[1m^[[32m1372 passed^[[39m^[[22m^[[90m (1372)^[[39m
verify	Run pnpm verify	2026-10-06T04:10:45.8986946Z ^[[2m   Start at ^[[22m 04:07:08
verify	Run pnpm verify	2026-10-06T04:10:45.8989533Z ^[[2m   Duration ^[[22m 217.74s^[[2m (transform 5.66s, setup 1.04s, import 188.98s, tests 422.76s, environment 13.19s)^[[22m
verify	Run pnpm verify	2026-10-06T04:10:45.8990432Z 
verify	Run pnpm verify	2026-10-06T04:10:46.2121915Z 
verify	Run pnpm verify	2026-10-06T04:10:46.2122941Z > food-digester-platform@0.0.0 test:contracts /home/runner/work/food-digester-platform/food-digester-platform
verify	Run pnpm verify	2026-10-06T04:10:46.2123576Z > pnpm --filter @fdp/contracts test
verify	Run pnpm verify	2026-10-06T04:10:46.2124217Z 
verify	Run pnpm verify	2026-10-06T04:10:46.3941355Z 
verify	Run pnpm verify	2026-10-06T04:10:46.3942364Z > @fdp/contracts@0.0.0 test /home/runner/work/food-digester-platform/food-digester-platform/contracts
verify	Run pnpm verify	2026-10-06T04:10:46.3945715Z > node --import tsx --test mqtt/*.test.ts mqtt/*.test.mjs domain/*.test.ts lifecycle/*.test.ts media/*.test.ts security/*.test.ts rest/*.test.ts iot/*.test.mjs archive/*.test.mjs configuration/*.test.ts settings/*.test.ts
verify	Run pnpm verify	2026-10-06T04:10:46.3946430Z 
verify	Run pnpm verify	2026-10-06T04:10:46.5740262Z ✔ 合法 Manifest fixtures 通过校验 (1.979166ms)
verify	Run pnpm verify	2026-10-06T04:10:46.5753256Z ✔ 非法 Manifest fixtures 被拒绝 (0.46869ms)
verify	Run pnpm verify	2026-10-06T04:10:46.5927135Z ✔ DEC-016 已冻结且策略覆盖全部阻塞任务 (1.333941ms)
verify	Run pnpm verify	2026-10-06T04:10:46.5928219Z ✔ 三类来源使用独立 Envelope 与互斥前缀 (0.296032ms)
verify	Run pnpm verify	2026-10-06T04:10:46.5963423Z ✔ License/OTA 禁止伪装为 MQTT 原文，OTA 记录类型封闭 (0.260579ms)
verify	Run pnpm verify	2026-10-06T04:10:46.6001447Z ✔ 归档 Envelope 判别字段和版本固定 (0.208822ms)
verify	Run pnpm verify	2026-10-06T04:10:46.6369780Z ✔ DEC-018 策略结构有效、已冻结且覆盖全部阻塞任务 (1.949922ms)
verify	Run pnpm verify	2026-10-06T04:10:46.6378097Z ✔ V1 只允许四字段，范围、单位、默认值与冻结值一致 (0.174991ms)
verify	Run pnpm verify	2026-10-06T04:10:46.6402546Z ✔ Admin Configuration 与 Device Sync OpenAPI 逐字段匹配统一策略 (0.314379ms)
verify	Run pnpm verify	2026-10-06T04:10:46.6403248Z ✔ TS 常量与 JSON 策略一致 (0.125908ms)
verify	Run pnpm verify	2026-10-06T04:10:46.7366287Z ✔ 策略 JSON 通过自身 JSON Schema 结构校验 (1.84186ms)
verify	Run pnpm verify	2026-10-06T04:10:46.7410264Z ✔ 负向结构：实时流启用、非法范围/刷新模式与缺失字段被 Schema 拒绝 (0.579195ms)
verify	Run pnpm verify	2026-10-06T04:10:46.7411425Z ✔ x-decision-versions 引用 DEC-009 且版本与决策登记一致；prototype-traceability.yaml 同步 (0.137295ms)
verify	Run pnpm verify	2026-10-06T04:10:46.7412315Z ✔ 冻结值定性规则可执行：仅最新授权 Media、手动刷新、禁实时流 (0.140519ms)
verify	Run pnpm verify	2026-10-06T04:10:46.7412902Z ✔ 策略消费者均为合法任务 ID 且覆盖 DEC-009 阻塞任务 (0.346778ms)
verify	Run pnpm verify	2026-10-06T04:10:46.7413563Z ✔ TS 常量与 camera-interaction-policy.json 完全一致 (0.210714ms)
verify	Run pnpm verify	2026-10-06T04:10:46.8039197Z ✔ 策略 JSON 通过自身 JSON Schema 结构校验 (2.071303ms)
verify	Run pnpm verify	2026-10-06T04:10:46.8080827Z ✔ 负向结构：数据来源篡改与缺失字段被 Schema 拒绝 (0.680355ms)
verify	Run pnpm verify	2026-10-06T04:10:46.8091692Z ✔ x-decision-versions 引用 DEC-008 且版本与决策登记一致；prototype-traceability.yaml 同步 (0.135532ms)
verify	Run pnpm verify	2026-10-06T04:10:46.8092851Z ✔ 冻结值定性规则可执行：封闭类型集合、仅设备上报、禁云端臆测 (0.200299ms)
verify	Run pnpm verify	2026-10-06T04:10:46.8093650Z ✔ 冻结参数可执行：正式名称、阈值和 24 小时过期规则 (0.461449ms)
verify	Run pnpm verify	2026-10-06T04:10:46.8094358Z ✔ 策略消费者均为合法任务 ID 且覆盖 DEC-008 阻塞任务 (0.316352ms)
verify	Run pnpm verify	2026-10-06T04:10:46.8095060Z ✔ TS 常量与 consumables-policy.json 完全一致 (0.183945ms)
verify	Run pnpm verify	2026-10-06T04:10:46.8635449Z ✔ 策略 JSON 通过自身 JSON Schema 结构校验 (1.492128ms)
verify	Run pnpm verify	2026-10-06T04:10:46.8664363Z ✔ 负向结构：联动规则反转与缺失字段被 Schema 拒绝 (0.580657ms)
verify	Run pnpm verify	2026-10-06T04:10:46.8683042Z ✔ x-decision-versions 引用 DEC-007 且版本与决策登记一致；prototype-traceability.yaml 同步 (0.177836ms)
verify	Run pnpm verify	2026-10-06T04:10:46.8689912Z ✔ 冻结值定性规则可执行：职责划分、联动与展示 (0.252196ms)
verify	Run pnpm verify	2026-10-06T04:10:46.8695736Z ✔ 策略消费者均为合法任务 ID 且覆盖 DEC-007 阻塞任务与关联任务 (0.272017ms)
verify	Run pnpm verify	2026-10-06T04:10:46.8696778Z ✔ TS 常量与 contract-license-relation.json 完全一致 (0.177004ms)
verify	Run pnpm verify	2026-10-06T04:10:46.9364659Z ✔ DEC-019 alias 策略已冻结且无待定参数 (1.250778ms)
verify	Run pnpm verify	2026-10-06T04:10:46.9379667Z ✔ TS、JSON 与 Admin Device OpenAPI 使用同一 alias 规则 (0.223374ms)
verify	Run pnpm verify	2026-10-06T04:10:47.0492705Z ✔ 策略 JSON 通过自身 JSON Schema 结构校验 (1.505819ms)
verify	Run pnpm verify	2026-10-06T04:10:47.0493338Z ✔ 负向结构：单字段混用、独立存储"启用"与缺失字段被 Schema 拒绝 (0.620536ms)
verify	Run pnpm verify	2026-10-06T04:10:47.0494399Z ✔ x-decision-versions 引用 DEC-010 且版本与决策登记一致；prototype-traceability.yaml 同步 (0.135713ms)
verify	Run pnpm verify	2026-10-06T04:10:47.0494941Z ✔ 冻结值定性规则可执行：四轴分离、禁单字段混用、派生原则 (0.212968ms)
verify	Run pnpm verify	2026-10-06T04:10:47.0495338Z ✔ 冻结参数可执行：启用由 Active 生命周期和有效 License 派生 (0.106879ms)
verify	Run pnpm verify	2026-10-06T04:10:47.0495754Z ✔ 策略消费者均为合法任务 ID 且覆盖 DEC-010 阻塞任务与关联任务 (0.251946ms)
verify	Run pnpm verify	2026-10-06T04:10:47.0496193Z ✔ TS 常量与 device-status-axes-policy.json 完全一致 (0.170875ms)
verify	Run pnpm verify	2026-10-06T04:10:47.0857987Z ✔ 策略 JSON 通过自身 JSON Schema 结构校验 (1.174915ms)
verify	Run pnpm verify	2026-10-06T04:10:47.0865854Z ✔ 负向结构：设备地域真值与缺失字段被 Schema 拒绝 (0.38843ms)
verify	Run pnpm verify	2026-10-06T04:10:47.0866760Z ✔ x-decision-versions 引用 DEC-011 且版本与决策登记一致；prototype-traceability.yaml 同步 (0.110745ms)
verify	Run pnpm verify	2026-10-06T04:10:47.0899919Z ✔ 冻结值定性规则可执行：层级链、Site 属性、设备仅关联 Site (0.202973ms)
verify	Run pnpm verify	2026-10-06T04:10:47.0922869Z ✔ 策略消费者均为合法任务 ID 且覆盖 DEC-011 阻塞任务 (0.273638ms)
verify	Run pnpm verify	2026-10-06T04:10:47.0945397Z ✔ TS 常量与 geo-model-policy.json 完全一致 (0.149463ms)
verify	Run pnpm verify	2026-10-06T04:10:47.1341348Z ✔ 策略 JSON 通过自身 JSON Schema 结构校验 (1.547451ms)
verify	Run pnpm verify	2026-10-06T04:10:47.1371059Z ✔ 负向结构：AWS 授权、矩阵可编辑与缺失字段被 Schema 拒绝 (0.667647ms)
verify	Run pnpm verify	2026-10-06T04:10:47.1402421Z ✔ x-decision-versions 引用 DEC-012 且版本与决策登记一致；prototype-traceability.yaml 同步 (0.147731ms)
verify	Run pnpm verify	2026-10-06T04:10:47.1403485Z ✔ 冻结值定性规则可执行：封闭映射、界面名、AWS 权限与矩阵规则 (0.280859ms)
verify	Run pnpm verify	2026-10-06T04:10:47.1430102Z ✔ 策略消费者均为合法任务 ID 且覆盖 DEC-012 阻塞任务 (0.278736ms)
verify	Run pnpm verify	2026-10-06T04:10:47.1453095Z ✔ TS 常量与 role-mapping-policy.json 完全一致 (0.162412ms)
verify	Run pnpm verify	2026-10-06T04:10:47.1898580Z ✔ Envelope 必填五个 iot* 上下文字段，Payload 平铺透传 (1.196817ms)
verify	Run pnpm verify	2026-10-06T04:10:47.1919944Z ✔ iotType 枚举与 topic-catalog 上行类型严格一致（8 个） (0.212447ms)
verify	Run pnpm verify	2026-10-06T04:10:47.1932290Z ✔ 所有合法 Fixture 通过校验（含 Payload 内不可信身份字段的样本） (0.721788ms)
verify	Run pnpm verify	2026-10-06T04:10:47.1963718Z ✔ 所有非法 Fixture 被稳定拒绝且错误路径正确 (0.278376ms)
verify	Run pnpm verify	2026-10-06T04:10:47.3192574Z ✔ 矩阵 JSON 通过自身 JSON Schema 结构校验 (1.72835ms)
verify	Run pnpm verify	2026-10-06T04:10:47.3213281Z ✔ 负向结构：缺失必填字段、非法枚举与额外行为键被 Schema 拒绝 (0.64951ms)
verify	Run pnpm verify	2026-10-06T04:10:47.3213927Z ✔ x-decision-versions 引用 DEC-001 且版本与决策登记一致 (0.123905ms)
verify	Run pnpm verify	2026-10-06T04:10:47.3237826Z ✔ 冻结值：独立状态；允许维护、同步、遥测、告警和 OTA (0.307158ms)
verify	Run pnpm verify	2026-10-06T04:10:47.3258259Z ✔ Maintenance Sync 节奏为 15 分钟（Suspended 节奏） (0.090045ms)
verify	Run pnpm verify	2026-10-06T04:10:47.3259235Z ✔ 失败关闭：未知行为拒绝并抛出稳定错误 (0.297684ms)
verify	Run pnpm verify	2026-10-06T04:10:47.3259897Z ✔ 命令策略与 command-catalog 一致：Maintenance 允许集合 == Suspended 允许集合 (0.186949ms)
verify	Run pnpm verify	2026-10-06T04:10:47.3260571Z ✔ 行为条目消费者均为合法任务 ID 且覆盖 DEC-001 阻塞任务 (0.243624ms)
verify	Run pnpm verify	2026-10-06T04:10:47.3261162Z ✔ TS 常量与 maintenance-behavior-matrix.json 完全一致 (0.344996ms)
verify	Run pnpm verify	2026-10-06T04:10:47.3550724Z ✔ DEC-017 策略结构有效、已冻结且覆盖全部阻塞任务 (1.421763ms)
verify	Run pnpm verify	2026-10-06T04:10:47.3596178Z ✔ 24 小时截止从证书包存储开始，截止边界包含在超时内 (0.35507ms)
verify	Run pnpm verify	2026-10-06T04:10:47.3609800Z ✔ 超时处置、迟到 Heartbeat 与重新申请规则失败关闭 (0.137095ms)
verify	Run pnpm verify	2026-10-06T04:10:47.3610569Z ✔ TS 常量与 JSON 策略一致 (0.121271ms)
verify	Run pnpm verify	2026-10-06T04:10:47.3956409Z ✔ 策略 JSON 通过自身 JSON Schema 结构校验 (1.7144ms)
verify	Run pnpm verify	2026-10-06T04:10:47.3975364Z ✔ 负向结构：存储位置篡改、非法处置行为与缺失字段被 Schema 拒绝 (0.604823ms)
verify	Run pnpm verify	2026-10-06T04:10:47.3999810Z ✔ x-decision-versions 引用 DEC-005 且版本与决策登记一致 (0.14064ms)
verify	Run pnpm verify	2026-10-06T04:10:47.4030586Z ✔ 冻结值定性规则可执行：RDS 元数据 / S3 文件分离 (0.20722ms)
verify	Run pnpm verify	2026-10-06T04:10:47.4060380Z ✔ 冻结参数可执行：元数据 365 天、文件 90 天且删除文件保留元数据 (0.151356ms)
verify	Run pnpm verify	2026-10-06T04:10:47.4061345Z ✔ 策略消费者均为合法任务 ID 且覆盖 DEC-005 阻塞任务与关联任务 (0.212337ms)
verify	Run pnpm verify	2026-10-06T04:10:47.4091473Z ✔ TS 常量与 media-retention-policy.json 完全一致 (0.438435ms)
verify	Run pnpm verify	2026-10-06T04:10:47.5440236Z ✔ 策略 JSON 通过自身 JSON Schema 结构校验 (1.203537ms)
verify	Run pnpm verify	2026-10-06T04:10:47.5447374Z ✔ 负向结构：客户端指定 Key、篡改冻结 TTL/配额与缺失字段被 Schema 拒绝 (0.424563ms)
verify	Run pnpm verify	2026-10-06T04:10:47.5452309Z ✔ 锁定规则：mediaTypes 与 CT-03 media.schema.json 枚举一致；客户端不得指定 Key (0.164706ms)
verify	Run pnpm verify	2026-10-06T04:10:47.5453078Z ✔ DEC-024 冻结值可执行且无待定参数 (0.078698ms)
verify	Run pnpm verify	2026-10-06T04:10:47.5453679Z ✔ TS 常量与 media-upload-policy.json 完全一致 (0.280759ms)
verify	Run pnpm verify	2026-10-06T04:10:47.5914424Z ✔ 22 个 Command 全部唯一且覆盖六大分类 (1.337117ms)
verify	Run pnpm verify	2026-10-06T04:10:47.5915309Z ✔ 13 个 Notification 全部唯一且有设备动作映射 (0.291014ms)
verify	Run pnpm verify	2026-10-06T04:10:47.5964794Z ✔ 高风险标记与文档一致（EMERGENCY_STOP/FACTORY_RESET/SHUTDOWN/全部加热、排料、电机控制） (0.185677ms)
verify	Run pnpm verify	2026-10-06T04:10:47.6019900Z ✔ 允许状态矩阵无遗漏：22 命令 × 4 状态 (0.226829ms)
verify	Run pnpm verify	2026-10-06T04:10:47.6051957Z ✔ Suspended 仅允许安全停止、诊断、同步和维护/恢复类命令 (0.179628ms)
verify	Run pnpm verify	2026-10-06T04:10:47.6055062Z ✔ MAINTENANCE 按 Suspended 限制（DEC-001 冻结值） (0.111046ms)
verify	Run pnpm verify	2026-10-06T04:10:47.6062653Z ✔ 未知命令/通知在运行时被拒绝 (0.42227ms)
verify	Run pnpm verify	2026-10-06T04:10:47.6063293Z ✔ denyReason 稳定且允许时返回 null (0.106659ms)
verify	Run pnpm verify	2026-10-06T04:10:47.6063980Z ✔ TS 常量与 command-catalog.json / notification-catalog.json 完全一致 (0.272506ms)
verify	Run pnpm verify	2026-10-06T04:10:47.6064752Z ✔ Schema 枚举与目录一致（cmd/ack command、notification type） (0.540477ms)
verify	Run pnpm verify	2026-10-06T04:10:47.6226425Z ✔ 策略 JSON 通过自身 JSON Schema 结构校验 (2.073947ms)
verify	Run pnpm verify	2026-10-06T04:10:47.6230306Z ✔ 负向结构：非法取值与缺失字段被 Schema 拒绝 (0.576511ms)
verify	Run pnpm verify	2026-10-06T04:10:47.6265209Z ✔ x-decision-versions 引用 DEC-006 且版本与决策登记一致 (0.132057ms)
verify	Run pnpm verify	2026-10-06T04:10:47.6284375Z ✔ 冻结值可执行：V1 下行 seq 可选、上行必填、Command 以 meta.id 幂等 (0.132458ms)
verify	Run pnpm verify	2026-10-06T04:10:47.6299689Z ✔ 策略与 common.schema.json 一致：下行 metaBase 不要求 seq、id 必填；上行 metaSeq 要求 seq (0.217515ms)
verify	Run pnpm verify	2026-10-06T04:10:47.6328171Z ✔ 下行/上行 Schema 的 meta 引用与策略一致 (0.593577ms)
verify	Run pnpm verify	2026-10-06T04:10:47.6328993Z ✔ 策略消费者均为合法任务 ID 且覆盖 DEC-006 阻塞任务 (0.77023ms)
verify	Run pnpm verify	2026-10-06T04:10:47.6329624Z ✔ TS 常量与 downlink-policy.json 完全一致 (0.269482ms)
verify	Run pnpm verify	2026-10-06T04:10:47.7497183Z ✔ DEC-015 策略冻结、可追溯且覆盖全部阻塞任务 (1.528262ms)
verify	Run pnpm verify	2026-10-06T04:10:47.7524246Z ✔ 唯一通道为既有 ACK；Topic 总数和 IoT 权限面不扩大 (0.162272ms)
verify	Run pnpm verify	2026-10-06T04:10:47.7559744Z ✔ ACK 判别字段、关联键和 OTA 状态与冻结策略一致 (0.122563ms)
verify	Run pnpm verify	2026-10-06T04:10:47.7560667Z ✔ 状态机只允许冻结的单向迁移；相同状态幂等 (0.144936ms)
verify	Run pnpm verify	2026-10-06T04:10:47.7561385Z ✔ TS 常量与 JSON 策略完全一致 (0.184315ms)
verify	Run pnpm verify	2026-10-06T04:10:47.8108578Z ✔ DEC-013 策略 JSON 通过自身 Schema 且覆盖登记阻塞任务 (1.664014ms)
verify	Run pnpm verify	2026-10-06T04:10:47.8116560Z ✔ DEC-013 策略关键值被 Schema 锁定，篡改时失败关闭 (0.981125ms)
verify	Run pnpm verify	2026-10-06T04:10:47.8133545Z ✔ DEC-013 策略冻结且无待定参数 (0.121791ms)
verify	Run pnpm verify	2026-10-06T04:10:47.8134304Z ✔ Heartbeat 旧嵌套结构在兼容期转换为正式扁平结构且不修改原对象 (0.413107ms)
verify	Run pnpm verify	2026-10-06T04:10:47.8135247Z ✔ Telemetry motorCurrentAmp 在兼容期转换为 currentAmp；同值并存允许、冲突失败关闭 (0.623621ms)
verify	Run pnpm verify	2026-10-06T04:10:47.8135998Z ✔ 兼容截止边界起拒绝嵌套结构、motorCurrentAmp 与 DISCHARING (0.205737ms)
verify	Run pnpm verify	2026-10-06T04:10:47.8150635Z ✔ RFC 8785 固定向量与 audit.hash 覆盖 {meta,data} (0.406557ms)
verify	Run pnpm verify	2026-10-06T04:10:47.8875426Z ✔ 11 类消息均有 Schema 和 Fixture，且每类 >=1 合法 + >=3 非法 (1.284778ms)
verify	Run pnpm verify	2026-10-06T04:10:47.8879112Z ✔ 所有合法 Fixture 通过校验 (2.52524ms)
verify	Run pnpm verify	2026-10-06T04:10:47.8891107Z ✔ 所有非法 Fixture 被稳定拒绝并返回明确错误路径 (3.756239ms)
verify	Run pnpm verify	2026-10-06T04:10:47.8891777Z ✔ 非法枚举被稳定拒绝且路径明确 (1.831625ms)
verify	Run pnpm verify	2026-10-06T04:10:47.8892509Z ✔ 单位/类型错误被拒绝（integer 不接受小数与字符串） (1.244168ms)
verify	Run pnpm verify	2026-10-06T04:10:47.8893189Z ✔ 缺少必填字段被拒绝（meta.id、上行 seq、Heartbeat 必填 data 字段） (0.470833ms)
verify	Run pnpm verify	2026-10-06T04:10:47.8893882Z ✔ 额外身份字段（customerId/tenantId/deviceId）在各层均被拒绝 (0.477493ms)
verify	Run pnpm verify	2026-10-06T04:10:47.8894649Z ✔ 下行消息 meta.seq 可选（DEC-006），上行强制 (0.203514ms)
verify	Run pnpm verify	2026-10-06T04:10:47.8895524Z ✔ Telemetry/Report/Tamper 强制 audit.hash；Command 禁止 audit（DEC-002） (0.571023ms)
verify	Run pnpm verify	2026-10-06T04:10:47.8896411Z ✔ DEC-013：Audited 合法 Fixture 携带可复算的 RFC 8785 audit.hash (2.050041ms)
verify	Run pnpm verify	2026-10-06T04:10:47.8897183Z ✔ schemaVer 缺省按 1.0 归一化；非法 schemaVer 被拒绝 (0.351205ms)
verify	Run pnpm verify	2026-10-06T04:10:47.8900131Z ✔ meta.id 字符集与长度固定 (0.160409ms)
verify	Run pnpm verify	2026-10-06T04:10:47.8900806Z ✔ payloads.ts 与 Schema 保持一致（生成器新鲜度） (3.335801ms)
verify	Run pnpm verify	2026-10-06T04:10:47.8903798Z ✔ 全部 Schema 的 x-decision-versions 可追溯到决策登记 (4.872866ms)
verify	Run pnpm verify	2026-10-06T04:10:47.9768631Z ✔ Telemetry current (2.556587ms)
verify	Run pnpm verify	2026-10-06T04:10:47.9799888Z ✔ Telemetry past 300s (0.108552ms)
verify	Run pnpm verify	2026-10-06T04:10:47.9805515Z ✔ Telemetry past 301s (0.068843ms)
verify	Run pnpm verify	2026-10-06T04:10:47.9806129Z ✔ Telemetry past 24h inclusive (0.059379ms)
verify	Run pnpm verify	2026-10-06T04:10:47.9806634Z ✔ Telemetry past 24h plus 1ms (0.06724ms)
verify	Run pnpm verify	2026-10-06T04:10:47.9807146Z ✔ Telemetry future 300s inclusive (0.517993ms)
verify	Run pnpm verify	2026-10-06T04:10:47.9807653Z ✔ Telemetry future 300s plus 1ms (0.187029ms)
verify	Run pnpm verify	2026-10-06T04:10:47.9811720Z ✔ other topics retain symmetric 300-second tolerance (0.136924ms)
verify	Run pnpm verify	2026-10-06T04:10:47.9812584Z ✔ configured tolerance affects future bound but cannot enlarge Telemetry history (0.169103ms)
verify	Run pnpm verify	2026-10-06T04:10:47.9813298Z ✔ invalid numeric policy inputs fail closed (0.151606ms)
verify	Run pnpm verify	2026-10-06T04:10:48.0534462Z ✔ Tier 登记 JSON 通过自身 JSON Schema 结构校验 (2.218232ms)
verify	Run pnpm verify	2026-10-06T04:10:48.0574572Z ✔ 负向结构：非法 Tier、未知 Topic 键与缺失字段被 Schema 拒绝 (0.618304ms)
verify	Run pnpm verify	2026-10-06T04:10:48.0600560Z ✔ x-decision-versions 引用 DEC-002 且版本与决策登记一致 (0.09368ms)
verify	Run pnpm verify	2026-10-06T04:10:48.0620655Z ✔ 冻结值：Telemetry/Report/Tamper 为 AUDITED，Command 及其余为 STANDARD (0.242802ms)
verify	Run pnpm verify	2026-10-06T04:10:48.0621963Z ✔ Tier 与 topic-catalog.json 的 payloadEnvelope 完全一致 (0.094221ms)
verify	Run pnpm verify	2026-10-06T04:10:48.0622614Z ✔ Tier 与 11 个 MQTT Schema 的 audit 强制完全一致 (0.427548ms)
verify	Run pnpm verify	2026-10-06T04:10:48.0623181Z ✔ 失败关闭：未知 Topic 拒绝并抛出稳定错误 (0.425124ms)
verify	Run pnpm verify	2026-10-06T04:10:48.0623748Z ✔ Tier 条目消费者均为合法任务 ID 且覆盖 DEC-002 阻塞任务 (0.318696ms)
verify	Run pnpm verify	2026-10-06T04:10:48.0624353Z ✔ 登记覆盖全部 11 个 Topic 且 TS 常量与 topic-tier.json 完全一致 (0.220309ms)
verify	Run pnpm verify	2026-10-06T04:10:48.0825448Z ✔ catalog 恰好包含 8 个上行和 3 个下行 Topic (1.934017ms)
verify	Run pnpm verify	2026-10-06T04:10:48.0839992Z ✔ 11 个 Topic 的方向与 QoS 矩阵全部符合契约 (0.256393ms)
verify	Run pnpm verify	2026-10-06T04:10:48.0840671Z ✔ TS 常量与 topic-catalog.json 完全一致 (0.215311ms)
verify	Run pnpm verify	2026-10-06T04:10:48.0841220Z ✔ 合法 Topic 可解析出 deviceId/type/direction (0.28119ms)
verify	Run pnpm verify	2026-10-06T04:10:48.0873373Z ✔ buildTopic 与 parseTopic 往返一致 (0.233859ms)
verify	Run pnpm verify	2026-10-06T04:10:48.0880317Z ✔ 未知层级和空 deviceId 被拒绝 (0.624082ms)
verify	Run pnpm verify	2026-10-06T04:10:48.0891010Z ✔ buildTopic 拒绝空和非法 deviceId (0.234881ms)
verify	Run pnpm verify	2026-10-06T04:10:48.0891582Z ✔ 权限模板：设备只能发布自身上行、只能订阅自身下行 (0.302732ms)
verify	Run pnpm verify	2026-10-06T04:10:48.0891916Z ✔ 权限模板拒绝非法 deviceId (0.229162ms)
verify	Run pnpm verify	2026-10-06T04:10:48.1720402Z ✔ 六个端点齐备且 CognitoJwt 认证；响应码齐备 (1.390055ms)
verify	Run pnpm verify	2026-10-06T04:10:48.1725613Z ✔ 筛选参数齐备：severity/status/device/site/时间范围 + 游标分页 (0.213198ms)
verify	Run pnpm verify	2026-10-06T04:10:48.1726468Z ✔ Schema 封闭：Alarm 处理字段（操作者/原因/时间）与 replayed 齐备；确认/清除强制 reason (0.146229ms)
verify	Run pnpm verify	2026-10-06T04:10:48.1740952Z ✔ 所有 $ref 可解析（内部引用 + 同目录相对引用 openapi-base.json） (1.878525ms)
verify	Run pnpm verify	2026-10-06T04:10:48.2623118Z ✔ 端点齐备且 CognitoJwt 认证：列表 + 详情 (1.414221ms)
verify	Run pnpm verify	2026-10-06T04:10:48.2659984Z ✔ 只读 API：不存在任何写路由（post/put/patch/delete） (0.173429ms)
verify	Run pnpm verify	2026-10-06T04:10:48.2671492Z ✔ 筛选参数齐备（actor/Customer/对象/动作/结果/时间 + 游标分页）；响应不暴露敏感字段 (0.248771ms)
verify	Run pnpm verify	2026-10-06T04:10:48.2700385Z ✔ 所有 $ref 可解析（内部引用 + openapi-base.json） (0.464865ms)
verify	Run pnpm verify	2026-10-06T04:10:48.2904416Z ✔ 端点存在且 Cognito 认证；轮换请求视图为七字段且不含密钥材料 (1.190177ms)
verify	Run pnpm verify	2026-10-06T04:10:48.2920361Z ✔ 所有 $ref 可解析（内部引用 + 同目录相对引用 openapi-base.json） (1.878014ms)
verify	Run pnpm verify	2026-10-06T04:10:48.3744795Z ✔ 端点齐备且 CognitoJwt 认证；201 创建 + 200 幂等重放 + 409 冲突/状态门 (1.34662ms)
verify	Run pnpm verify	2026-10-06T04:10:48.3745938Z ✔ 命令枚举与 CT-04 目录 22 个白名单一致；确认凭证与 timeoutSec 边界齐备 (0.260559ms)
verify	Run pnpm verify	2026-10-06T04:10:48.3753967Z ✔ 响应 Schema 封闭且含 requestedBy/expiresAt/replayed/confirmedBy (0.122633ms)
verify	Run pnpm verify	2026-10-06T04:10:48.3754765Z ✔ BE-CMD-03 查询端点齐备：列表/详情 + 状态枚举 + attempts/acks 时间线 (0.354038ms)
verify	Run pnpm verify	2026-10-06T04:10:48.3756009Z ✔ 所有 $ref 可解析（内部引用 + 同目录相对引用 openapi-base.json） (1.554871ms)
verify	Run pnpm verify	2026-10-06T04:10:48.4600188Z ✔ 七个端点齐备且 Cognito 认证；operationId 与响应码齐备 (1.417356ms)
verify	Run pnpm verify	2026-10-06T04:10:48.4630439Z ✔ Schema 封闭：DEC-018 冻结 V1 四字段、单位、范围与默认值 (0.362451ms)
verify	Run pnpm verify	2026-10-06T04:10:48.4670269Z ✔ 所有 $ref 可解析（内部引用 + 同目录相对引用 openapi-base.json） (0.788357ms)
verify	Run pnpm verify	2026-10-06T04:10:48.5016579Z ✔ 列表与按需联系人端点齐备且 Cognito 认证；筛选参数齐备 (1.465128ms)
verify	Run pnpm verify	2026-10-06T04:10:48.5017243Z ✔ Schema 封闭：两种耗材列恒在；列表零联系人 PII；按需联系人独立；百分比 0~100 (0.224124ms)
verify	Run pnpm verify	2026-10-06T04:10:48.5017783Z ✔ 所有 $ref 可解析（内部引用 + 同目录相对引用 openapi-base.json） (0.566936ms)
verify	Run pnpm verify	2026-10-06T04:10:48.5639204Z ✔ 六个端点齐备且 Cognito 认证；状态迁移强制 If-Match (1.789462ms)
verify	Run pnpm verify	2026-10-06T04:10:48.5640149Z ✔ Schema 封闭：四态枚举/source 固定 ADMIN/幂等 replayed/完整历史字段 (0.229623ms)
verify	Run pnpm verify	2026-10-06T04:10:48.5690293Z ✔ 所有 $ref 可解析（内部引用 + 同目录相对引用 openapi-base.json） (1.711365ms)
verify	Run pnpm verify	2026-10-06T04:10:48.6743054Z ✔ 八个端点齐备且 Cognito 认证；写操作强制 If-Match (1.430205ms)
verify	Run pnpm verify	2026-10-06T04:10:48.6750198Z ✔ Schema 封闭：五态枚举/唯一编号/强制原因/派生状态/最小权限 contact (0.235291ms)
verify	Run pnpm verify	2026-10-06T04:10:48.6751096Z ✔ 所有 $ref 可解析（内部引用 + 同目录相对引用 openapi-base.json） (2.031273ms)
verify	Run pnpm verify	2026-10-06T04:10:48.7087071Z ✔ 五个端点齐备且 Cognito 认证；operationId 与响应码齐备 (3.748206ms)
verify	Run pnpm verify	2026-10-06T04:10:48.7089257Z ✔ Schema 封闭：设备视图字段齐备/关联窗口/强制原因/批量语义 (0.239217ms)
verify	Run pnpm verify	2026-10-06T04:10:48.7119911Z ✔ 所有 $ref 可解析（内部引用 + 同目录相对引用 openapi-base.json） (0.631773ms)
verify	Run pnpm verify	2026-10-06T04:10:48.7803942Z ✔ 六端点齐备且 Cognito 认证；写操作声明 If-Match；响应码齐备 (1.315995ms)
verify	Run pnpm verify	2026-10-06T04:10:48.7830032Z ✔ Customer 视图六字段封闭；status 枚举 ACTIVE|SUSPENDED；请求体封闭 (0.186479ms)
verify	Run pnpm verify	2026-10-06T04:10:48.7859711Z ✔ 所有 $ref 可解析（内部引用 + 同目录相对引用 openapi-base.json） (0.753245ms)
verify	Run pnpm verify	2026-10-06T04:10:48.8830824Z ✔ 端点齐备且 CognitoJwt 认证：仅 GET 总览（只读，无写路由） (1.147744ms)
verify	Run pnpm verify	2026-10-06T04:10:48.8860118Z ✔ 总览 DTO 齐备：Contract/设备分布/在线率/今日 ESG/最新告警/设备卡片；四轴分离不合并 (0.332897ms)
verify	Run pnpm verify	2026-10-06T04:10:48.8890271Z ✔ 所有 $ref 可解析（内部引用 + openapi-base.json） (0.513026ms)
verify	Run pnpm verify	2026-10-06T04:10:48.9220348Z ✔ 列表/详情端点存在且 Cognito 认证；筛选参数齐备；响应码齐备 (1.562553ms)
verify	Run pnpm verify	2026-10-06T04:10:48.9221104Z ✔ Device 视图字段封闭（原型设备群表格字段均有来源）；证书仅摘要 (0.407508ms)
verify	Run pnpm verify	2026-10-06T04:10:48.9221751Z ✔ BE-DEV-06 元数据 PATCH 端点：白名单仅 alias + If-Match 乐观锁 + 409 冲突语义 (0.222372ms)
verify	Run pnpm verify	2026-10-06T04:10:48.9222414Z ✔ 所有 $ref 可解析（内部引用 + 同目录相对引用 openapi-base.json） (1.578166ms)
verify	Run pnpm verify	2026-10-06T04:10:49.0001176Z ✔ 分配/历史端点齐备且 Cognito 认证；响应码齐备 (1.227773ms)
verify	Run pnpm verify	2026-10-06T04:10:49.0032839Z ✔ DeviceAssignment 视图封闭：授权窗口（assignedAt/endedAt）+ 幂等/通知字段齐备 (0.207069ms)
verify	Run pnpm verify	2026-10-06T04:10:49.0043190Z ✔ 所有 $ref 可解析（内部引用 + 同目录相对引用 openapi-base.json） (0.446317ms)
verify	Run pnpm verify	2026-10-06T04:10:49.1101556Z ✔ 端点齐备且 CognitoJwt 认证：console/activities/export/导出详情 (2.211131ms)
verify	Run pnpm verify	2026-10-06T04:10:49.1129499Z ✔ 四轴分离 + 数据块 observedAt/stale/单位；最新 Media 可选块稳定可空 (0.278056ms)
verify	Run pnpm verify	2026-10-06T04:10:49.1139537Z ✔ 不透传 MQTT 原始消息、不含实时流/运维字段；所有 $ref 可解析 (1.819136ms)
verify	Run pnpm verify	2026-10-06T04:10:49.1321516Z ✔ retire/force-complete 端点齐备且 Cognito 认证；响应码齐备 (1.401413ms)
verify	Run pnpm verify	2026-10-06T04:10:49.1322507Z ✔ 请求体封闭：retire 强制原因 + confirm 恒 true；视图封闭且通知枚举正确 (0.226919ms)
verify	Run pnpm verify	2026-10-06T04:10:49.1323106Z ✔ 所有 $ref 可解析（内部引用 + 同目录相对引用 openapi-base.json） (0.465505ms)
verify	Run pnpm verify	2026-10-06T04:10:49.1880565Z ✔ suspend/reactivate 端点齐备且 Cognito 认证；响应码齐备 (1.366751ms)
verify	Run pnpm verify	2026-10-06T04:10:49.1920089Z ✔ 请求体封闭：挂起强制原因；恢复强制原因 + issueResolved 恒 true；通知枚举正确 (0.357824ms)
verify	Run pnpm verify	2026-10-06T04:10:49.1940089Z ✔ 所有 $ref 可解析（内部引用 + 同目录相对引用 openapi-base.json） (0.644783ms)
verify	Run pnpm verify	2026-10-06T04:10:49.2761420Z ✔ 七个端点齐备且 Cognito 认证；写操作强制 If-Match (1.541542ms)
verify	Run pnpm verify	2026-10-06T04:10:49.2785921Z ✔ Schema 封闭：管理 DTO 无 PHC；写接口只受控接收 writeOnly password (0.233789ms)
verify	Run pnpm verify	2026-10-06T04:10:49.2795766Z ✔ 所有 $ref 可解析（内部引用 + 同目录相对引用 openapi-base.json） (0.75662ms)
verify	Run pnpm verify	2026-10-06T04:10:49.3371297Z ✔ 八个端点齐备且 CognitoJwt 认证；导出创建返回 202 (1.336756ms)
verify	Run pnpm verify	2026-10-06T04:10:49.3400456Z ✔ 查询筛选参数齐备（customerId/siteId/deviceId/时间范围 + 游标）；reports 含 reportType (0.227349ms)
verify	Run pnpm verify	2026-10-06T04:10:49.3436780Z ✔ Schema 封闭：导出数据集枚举、短期 URL 过期字段、CSV 一致性字段 (0.175753ms)
verify	Run pnpm verify	2026-10-06T04:10:49.3437748Z ✔ 所有 $ref 可解析（内部引用 + 同目录相对引用 openapi-base.json） (1.583474ms)
verify	Run pnpm verify	2026-10-06T04:10:49.3783343Z ✔ 八个端点齐备且 Cognito 认证；operationId 与响应码齐备 (1.556073ms)
verify	Run pnpm verify	2026-10-06T04:10:49.3787862Z ✔ Schema 封闭：七态枚举/Entitlement 三码/签名字段/强制原因/幂等与派生字段 (0.24802ms)
verify	Run pnpm verify	2026-10-06T04:10:49.3825356Z ✔ 所有 $ref 可解析（内部引用 + 同目录相对引用 openapi-base.json） (1.97547ms)
verify	Run pnpm verify	2026-10-06T04:10:49.4934006Z ✔ 四个审批端点存在且使用 Cognito JWT 认证 (1.483835ms)
verify	Run pnpm verify	2026-10-06T04:10:49.4956522Z ✔ approve/reject 强制 If-Match；reject 强制 reason (0.25436ms)
verify	Run pnpm verify	2026-10-06T04:10:49.4979862Z ✔ 申请 DTO 不含 CSR 原文 (0.112027ms)
verify	Run pnpm verify	2026-10-06T04:10:49.5010557Z ✔ 管理端明确暴露内部 TIMED_OUT，列表状态过滤为封闭枚举 (0.121381ms)
verify	Run pnpm verify	2026-10-06T04:10:49.5041733Z ✔ 所有 $ref 可解析（内部引用 + 同目录相对引用 openapi-base.json） (0.651763ms)
verify	Run pnpm verify	2026-10-06T04:10:49.5683089Z ✔ 端点齐备且 CognitoJwt 认证：创建/列表/详情/targets/扩大批次/pause/resume/cancel/retry (1.630264ms)
verify	Run pnpm verify	2026-10-06T04:10:49.5684314Z ✔ 首批强制恰好 1 台；最终全量审批契约封闭；状态机枚举封闭 (0.192368ms)
verify	Run pnpm verify	2026-10-06T04:10:49.5684921Z ✔ 视图封闭且不泄露内部字段；批次/重试结果结构稳定 (0.163354ms)
verify	Run pnpm verify	2026-10-06T04:10:49.5685494Z ✔ 所有 $ref 可解析（内部引用 + 同目录相对引用 openapi-base.json） (0.965301ms)
verify	Run pnpm verify	2026-10-06T04:10:49.6103201Z ✔ 端点齐备且 CognitoJwt 认证：上传会话/complete/列表/详情 (3.81727ms)
verify	Run pnpm verify	2026-10-06T04:10:49.6132692Z ✔ packageType/sha256 与 CT-03 OTA Schema 一致；创建字段封闭且签名必填 (0.240019ms)
verify	Run pnpm verify	2026-10-06T04:10:49.6140253Z ✔ 状态机封闭：UPLOADED/VERIFIED/RETIRED；可发布=VERIFIED；视图不泄露信任根 (0.231896ms)
verify	Run pnpm verify	2026-10-06T04:10:49.6141105Z ✔ 所有 $ref 可解析（内部引用 + 同目录相对引用 openapi-base.json） (0.587878ms)
verify	Run pnpm verify	2026-10-06T04:10:49.6933644Z ✔ 端点存在且 Cognito 认证；三端点（create/list/detail）响应码齐备 (1.419389ms)
verify	Run pnpm verify	2026-10-06T04:10:49.6934726Z ✔ ReplayJob 视图七字段封闭；状态枚举与统计字段齐备；scope 封闭 (0.29511ms)
verify	Run pnpm verify	2026-10-06T04:10:49.6959821Z ✔ 所有 $ref 可解析（内部引用 + 同目录相对引用 openapi-base.json） (0.613476ms)
verify	Run pnpm verify	2026-10-06T04:10:49.7953202Z ✔ 端点齐备且 CognitoJwt 认证：列表/读取/更新（无删除与新建路由） (1.412359ms)
verify	Run pnpm verify	2026-10-06T04:10:49.8011347Z ✔ 封闭 key 集与乐观锁版本控制；固定枚举不可经 API 改写 (0.418645ms)
verify	Run pnpm verify	2026-10-06T04:10:49.8065561Z ✔ 所有 $ref 可解析（内部引用 + openapi-base.json） (0.601408ms)
verify	Run pnpm verify	2026-10-06T04:10:49.8384531Z ✔ 六端点齐备且 Cognito 认证；写操作声明 If-Match；响应码齐备 (1.382955ms)
verify	Run pnpm verify	2026-10-06T04:10:49.8390146Z ✔ Site 视图字段封闭（含 deviceCount/version）；status 枚举；请求体封闭且更新体不含 customerId (0.222091ms)
verify	Run pnpm verify	2026-10-06T04:10:49.8404712Z ✔ 所有 $ref 可解析（内部引用 + 同目录相对引用 openapi-base.json） (1.987387ms)
verify	Run pnpm verify	2026-10-06T04:10:49.9094230Z ✔ 端点齐备且 CognitoJwt 认证：列表/邀请/角色/scope/停用/密码重置 (1.518066ms)
verify	Run pnpm verify	2026-10-06T04:10:49.9157829Z ✔ 角色封闭集与 DEC-012 映射；输入不含密码字段；响应不含凭证材料 (0.264485ms)
verify	Run pnpm verify	2026-10-06T04:10:49.9189605Z ✔ 所有 $ref 可解析（内部引用 + openapi-base.json） (1.845376ms)
verify	Run pnpm verify	2026-10-06T04:10:50.0090678Z ✔ 端点存在且使用 Device mTLS 认证 (1.333381ms)
verify	Run pnpm verify	2026-10-06T04:10:50.0145720Z ✔ 轮换契约：请求强制 currentCertificateId；响应五字段；409/403/400/401 齐整 (0.230564ms)
verify	Run pnpm verify	2026-10-06T04:10:50.0147000Z ✔ 状态契约为四态枚举且响应不含 PEM/私钥字段 (0.134892ms)
verify	Run pnpm verify	2026-10-06T04:10:50.0147825Z ✔ 状态查询由 mTLS 身份定位证书，不增加源稿未定义的 deviceId Query (0.092188ms)
verify	Run pnpm verify	2026-10-06T04:10:50.0148622Z ✔ 所有 $ref 可解析（内部引用 + 同目录相对引用 openapi-base.json） (0.617151ms)
verify	Run pnpm verify	2026-10-06T04:10:50.0429988Z ✔ deactivate 端点齐备且 DeviceMtls 认证；响应码齐备 (1.322225ms)
verify	Run pnpm verify	2026-10-06T04:10:50.0449250Z ✔ 响应视图封闭：退役记录 + 证书摘要（无证书材料字段）；幂等字段齐备 (0.485505ms)
verify	Run pnpm verify	2026-10-06T04:10:50.0450127Z ✔ 所有 $ref 可解析（内部引用 + 同目录相对引用 openapi-base.json） (0.679625ms)
verify	Run pnpm verify	2026-10-06T04:10:50.1184348Z ✔ BE-ONB-01 端点存在且 CSR 首次申请无需预置 Token (1.219671ms)
verify	Run pnpm verify	2026-10-06T04:10:50.1199736Z ✔ 请求体包含设备资料和必填 CSR (0.208632ms)
verify	Run pnpm verify	2026-10-06T04:10:50.1219070Z ✔ 成功响应含 requestId 与 PENDING 状态（200 幂等重放 / 201 新建） (0.157715ms)
verify	Run pnpm verify	2026-10-06T04:10:50.1222787Z ✔ 匿名申请负向响应覆盖稳定错误码语义：400/404/409/429/500 (0.172248ms)
verify	Run pnpm verify	2026-10-06T04:10:50.1223686Z ✔ 所有 $ref 可解析（内部引用 + 同目录相对引用 openapi-base.json） (0.650612ms)
verify	Run pnpm verify	2026-10-06T04:10:50.1224388Z ✔ BE-ONB-03 status 端点：requestId 与 CSR 私钥签名，三态响应不含设备私钥 (0.373828ms)
verify	Run pnpm verify	2026-10-06T04:10:50.2033037Z ✔ BE-OTA-03 下载兑换必须使用 Device mTLS 且绑定 target/token (1.216837ms)
verify	Run pnpm verify	2026-10-06T04:10:50.2059942Z ✔ 一次性兑换响应禁止缓存，并封闭安全失败状态 (0.192477ms)
verify	Run pnpm verify	2026-10-06T04:10:50.2536679Z ✔ 六个设备 Endpoint 的 Method、Path 完整且认证方式符合 DEC-025 (1.314232ms)
verify	Run pnpm verify	2026-10-06T04:10:50.2589264Z ✔ Onboarding 按 DEC-026 增加 chain 与 REST，保留顶层结构，不使用 data/meta 包裹 (0.159598ms)
verify	Run pnpm verify	2026-10-06T04:10:50.2610364Z ✔ Certificate 与 Sync 关键字段遵循源稿日期、枚举、用户和配置结构 (0.216624ms)
verify	Run pnpm verify	2026-10-06T04:10:50.2611051Z ✔ 管理端 License/Device 投影不把源稿 OTA entitlement 改名为 OTA_UPDATE (0.097906ms)
verify	Run pnpm verify	2026-10-06T04:10:50.2652896Z ✔ 所有 REST OpenAPI 使用当前正式决策登记版本且无非法 SEC 决策引用 (14.510236ms)
verify	Run pnpm verify	2026-10-06T04:10:50.3108003Z ✔ sync 端点齐备且 DeviceMtls 认证；响应码齐备 (1.384397ms)
verify	Run pnpm verify	2026-10-06T04:10:50.3134447Z ✔ 请求体封闭：lastSyncTime 与可选许可证确认 (0.165117ms)
verify	Run pnpm verify	2026-10-06T04:10:50.3172937Z ✔ 快照顶层与源稿六域同形，兼容元数据不成为必填线协议 (0.397313ms)
verify	Run pnpm verify	2026-10-06T04:10:50.3200101Z ✔ Retired 退役确认待处理设备仍可 Sync，契约不在认证层全局拒绝 (0.181161ms)
verify	Run pnpm verify	2026-10-06T04:10:50.3206111Z ✔ 所有 $ref 可解析（内部引用 + 同目录相对引用 openapi-base.json） (1.449314ms)
verify	Run pnpm verify	2026-10-06T04:10:50.3229703Z ✔ 许可证确认绑定版本与快照，规范验签输入保留完整UTC时间 (0.161341ms)
verify	Run pnpm verify	2026-10-06T04:10:50.4365048Z ✔ 基座 SuccessResponse 结构：data + meta(requestId, UTC timestamp) (1.618427ms)
verify	Run pnpm verify	2026-10-06T04:10:50.4377962Z ✔ 游标分页响应与往返解析 (0.263012ms)
verify	Run pnpm verify	2026-10-06T04:10:50.4378506Z ✔ 非法游标返回 CURSOR_INVALID（400） (0.350974ms)
verify	Run pnpm verify	2026-10-06T04:10:50.4379070Z ✔ limit 归一化：默认 50，范围 1~100 (0.197966ms)
verify	Run pnpm verify	2026-10-06T04:10:50.4393747Z ✔ Idempotency-Key：缺失/非法被拒绝，合法值透传 (0.18065ms)
verify	Run pnpm verify	2026-10-06T04:10:50.4409758Z ✔ If-Match 并发版本冲突返回确定的 409 (0.363623ms)
verify	Run pnpm verify	2026-10-06T04:10:50.4415052Z ✔ 验证失败有确定响应（400 + VALIDATION_FAILED） (0.182713ms)
verify	Run pnpm verify	2026-10-06T04:10:50.4415636Z ✔ 异常映射器不泄露堆栈、SQL 或 AWS 内部错误 (0.126599ms)
verify	Run pnpm verify	2026-10-06T04:10:50.4416250Z ✔ 错误码目录、HTTP 状态映射与 OpenAPI ErrorCode 枚举三者一致 (0.177264ms)
verify	Run pnpm verify	2026-10-06T04:10:50.4416874Z ✔ OpenAPI 基座结构有效：四个 API 分组与安全方案 (0.185286ms)
verify	Run pnpm verify	2026-10-06T04:10:50.4417887Z ✔ OpenAPI 基座所有内部 $ref 均可解析（无悬空引用） (0.284194ms)
verify	Run pnpm verify	2026-10-06T04:10:50.4733354Z ✔ 设备端：上传会话端点齐备且 DeviceMtls 认证；输入封闭；objectPath 由服务端签发 (0.908457ms)
verify	Run pnpm verify	2026-10-06T04:10:50.4760292Z ✔ 管理端：列表/下载端点齐备且 CognitoJwt 认证；视图不泄露内部存储信息 (0.312707ms)
verify	Run pnpm verify	2026-10-06T04:10:50.4790081Z ✔ Media 状态枚举封闭（AVAILABLE/DELETED）；配额/大小/TTL 引用 DEC-024 冻结值 (0.131025ms)
verify	Run pnpm verify	2026-10-06T04:10:50.4797481Z ✔ 所有 $ref 可解析（内部引用 + openapi-base.json） (0.501168ms)
verify	Run pnpm verify	2026-10-06T04:10:50.5630900Z ✔ 策略 JSON 通过自身 JSON Schema 结构校验 (1.555793ms)
verify	Run pnpm verify	2026-10-06T04:10:50.5631679Z ✔ 负向结构：非法枚举、非空待冻结参数与缺失字段被 Schema 拒绝 (0.726515ms)
verify	Run pnpm verify	2026-10-06T04:10:50.5632331Z ✔ x-decision-versions 引用 DEC-003 且版本与决策登记一致 (0.30108ms)
verify	Run pnpm verify	2026-10-06T04:10:50.5633033Z ✔ 暂定值定性规则可执行：KMS 信封、一次性领取、成功即销毁、丢失重签 (0.179178ms)
verify	Run pnpm verify	2026-10-06T04:10:50.5633552Z ✔ 冻结参数可直接执行：24 小时、一次成功领取、无待定参数 (0.162743ms)
verify	Run pnpm verify	2026-10-06T04:10:50.5634107Z ✔ 策略消费者均为合法任务 ID 且覆盖 DEC-003 阻塞任务与 SEC-01 (0.259257ms)
verify	Run pnpm verify	2026-10-06T04:10:50.5634712Z ✔ TS 常量与 certificate-package-policy.json 完全一致 (0.449531ms)
verify	Run pnpm verify	2026-10-06T04:10:50.6470458Z ✔ 策略 JSON 通过自身 JSON Schema 结构校验 (1.496094ms)
verify	Run pnpm verify	2026-10-06T04:10:50.6491671Z ✔ 负向结构：复用云端 Hash、非独立 salt 与非法字段被 Schema 拒绝 (0.761047ms)
verify	Run pnpm verify	2026-10-06T04:10:50.6520607Z ✔ x-decision-versions 引用 DEC-004 且版本与决策登记一致 (0.135011ms)
verify	Run pnpm verify	2026-10-06T04:10:50.6539925Z ✔ 暂定值定性规则可执行：设备本地专用、禁复用云端 Hash、每用户 salt、仅 Sync 下发 (0.23434ms)
verify	Run pnpm verify	2026-10-06T04:10:50.6600220Z ✔ 冻结参数可直接执行：Argon2id PHC、固定参数与长度 (0.178236ms)
verify	Run pnpm verify	2026-10-06T04:10:50.6629776Z ✔ 策略消费者均为合法任务 ID 且覆盖 DEC-004 阻塞任务 (0.239398ms)
verify	Run pnpm verify	2026-10-06T04:10:50.6659933Z ✔ TS 常量与 device-user-verifier-policy.json 完全一致 (0.684422ms)
verify	Run pnpm verify	2026-10-06T04:10:50.6952895Z ✔ 策略 JSON 通过自身 JSON Schema 结构校验 (1.311378ms)
verify	Run pnpm verify	2026-10-06T04:10:50.6960027Z ✔ 负向结构：跳过服务端验签、非失败关闭与内嵌信任根被 Schema 拒绝 (0.430443ms)
verify	Run pnpm verify	2026-10-06T04:10:50.6960607Z ✔ 暂定值定性规则可执行：服务端验签强制、失败关闭、载荷字段锁定、信任根带外分发 (0.146018ms)
verify	Run pnpm verify	2026-10-06T04:10:50.6961023Z ✔ DEC-022 冻结算法、信任根类型、编码且无待定参数 (0.076955ms)
verify	Run pnpm verify	2026-10-06T04:10:50.6961402Z ✔ DEC-022 固定 RSA/SHA-256 测试向量可复验 (0.965672ms)
verify	Run pnpm verify	2026-10-06T04:10:50.6961774Z ✔ 策略消费者均为合法任务 ID 且覆盖 BE-OTA-01 (0.199868ms)
verify	Run pnpm verify	2026-10-06T04:10:50.6962220Z ✔ TS 常量与 ota-package-signature-policy.json 完全一致 (0.185036ms)
verify	Run pnpm verify	2026-10-06T04:10:50.8265553Z ✔ 四类业务设置共享版本化 JSON Schema 与运行时校验器 (43.314613ms)
verify	Run pnpm verify	2026-10-06T04:10:50.8460618Z ℹ tests 302
verify	Run pnpm verify	2026-10-06T04:10:50.8460967Z ℹ suites 0
verify	Run pnpm verify	2026-10-06T04:10:50.8461164Z ℹ pass 302
verify	Run pnpm verify	2026-10-06T04:10:50.8461363Z ℹ fail 0
verify	Run pnpm verify	2026-10-06T04:10:50.8461570Z ℹ cancelled 0
verify	Run pnpm verify	2026-10-06T04:10:50.8461794Z ℹ skipped 0
verify	Run pnpm verify	2026-10-06T04:10:50.8461988Z ℹ todo 0
verify	Run pnpm verify	2026-10-06T04:10:50.8462299Z ℹ duration_ms 4430.762085
verify	Run pnpm verify	2026-10-06T04:10:51.0367652Z 
verify	Run pnpm verify	2026-10-06T04:10:51.0368959Z > food-digester-platform@0.0.0 test:scripts /home/runner/work/food-digester-platform/food-digester-platform
verify	Run pnpm verify	2026-10-06T04:10:51.0369680Z > node --import tsx --test scripts/*.test.mjs
verify	Run pnpm verify	2026-10-06T04:10:51.0369929Z 
verify	Run pnpm verify	2026-10-06T04:10:54.3833346Z ✔ bootstrap input is bound to the normalized email and never accepts a password (1.54064ms)
verify	Run pnpm verify	2026-10-06T04:10:54.3905037Z ✔ successful bootstrap creates Cognito identity before committing linked database user (0.609931ms)
verify	Run pnpm verify	2026-10-06T04:10:54.3905858Z ✔ non-pristine Cognito or database fails before any mutation (0.423602ms)
verify	Run pnpm verify	2026-10-06T04:10:54.3906920Z ✔ database failure deletes Cognito identity and records compensated failure (0.458915ms)
verify	Run pnpm verify	2026-10-06T04:10:54.3907578Z ✔ failed Cognito compensation keeps reconciliation required (0.392096ms)
verify	Run pnpm verify	2026-10-06T04:10:54.3908235Z ✔ source approval requires exact SHA and packager embeds committed SHA (3168.808934ms)
verify	Run pnpm verify	2026-10-06T04:10:54.3909034Z ✔ runner without approved source fails closed without leaking configuration (30.701772ms)
verify	Run pnpm verify	2026-10-06T04:10:54.4170560Z ✔ serial and parallel repeated browser receipts are validated (7.22018ms)
verify	Run pnpm verify	2026-10-06T04:10:54.4171188Z ✔ fail closed: missing required flow (0.54217ms)
verify	Run pnpm verify	2026-10-06T04:10:54.4171597Z ✔ fail closed: skipped execution (0.660876ms)
verify	Run pnpm verify	2026-10-06T04:10:54.4171976Z ✔ fail closed: flaky execution (0.244725ms)
verify	Run pnpm verify	2026-10-06T04:10:54.4172385Z ✔ fail closed: retry hides failure (0.208261ms)
verify	Run pnpm verify	2026-10-06T04:10:54.4172771Z ✔ fail closed: unexpected error (0.430814ms)
verify	Run pnpm verify	2026-10-06T04:10:54.4173204Z ✔ fail closed: missing isolated trace (0.970099ms)
verify	Run pnpm verify	2026-10-06T04:10:54.4173606Z ✔ fail closed: data prefix reused (1.123788ms)
verify	Run pnpm verify	2026-10-06T04:10:54.4174027Z ✔ fail closed: context cleanup failed (0.993033ms)
verify	Run pnpm verify	2026-10-06T04:10:54.4174440Z ✔ fail closed: unmocked network request (1.616784ms)
verify	Run pnpm verify	2026-10-06T04:10:54.4174857Z ✔ fail closed: missing role proof (0.832122ms)
verify	Run pnpm verify	2026-10-06T04:10:54.4175252Z ✔ fail closed: wrong route permission (2.108739ms)
verify	Run pnpm verify	2026-10-06T04:10:54.4175691Z ✔ fail closed: Auditor OTA write enabled (0.868927ms)
verify	Run pnpm verify	2026-10-06T04:10:54.4176106Z ✔ fail closed: missing MFA assertion (0.780766ms)
verify	Run pnpm verify	2026-10-06T04:10:54.4176524Z ✔ fail closed: missing conflict response (0.364555ms)
verify	Run pnpm verify	2026-10-06T04:10:54.4176958Z ✔ fail closed: missing forbidden response (1.439178ms)
verify	Run pnpm verify	2026-10-06T04:10:54.4177347Z ✔ fail closed: missing repeat (0.17393ms)
verify	Run pnpm verify	2026-10-06T04:10:54.4177813Z ✔ repeat traces cannot duplicate the first execution (0.611343ms)
verify	Run pnpm verify	2026-10-06T04:10:54.4178396Z ✔ manifest exactly matches independent Playwright discovery (1050.619317ms)
verify	Run pnpm verify	2026-10-06T04:10:54.4179014Z ✔ discovery fails closed: missing case (0.56912ms)
verify	Run pnpm verify	2026-10-06T04:10:54.4179410Z ✔ discovery fails closed: extra case (0.282271ms)
verify	Run pnpm verify	2026-10-06T04:10:54.4179907Z ✔ discovery fails closed: duplicate replacing required case (0.225898ms)
verify	Run pnpm verify	2026-10-06T04:10:54.4180450Z ✔ old Viewer permission cannot pass the updated matrix (0.44175ms)
verify	Run pnpm verify	2026-10-06T04:10:54.4181252Z ✔ required behavioral proof cannot be missing: QA-09 设备管理长别名和序列号在375px完整换行且不裁切 (0.537773ms)
verify	Run pnpm verify	2026-10-06T04:10:54.4181998Z ✔ required behavioral proof cannot be missing: H-01 API 拒绝停用会话后清除浏览器会话并返回登录 (0.365766ms)
verify	Run pnpm verify	2026-10-06T04:10:54.4182801Z ✔ required behavioral proof cannot be missing: M-01 CustomerViewer 从菜单查询设备用户详情，全部写入口隐藏 (1.40692ms)
verify	Run pnpm verify	2026-10-06T04:10:54.4183633Z ✔ required behavioral proof cannot be missing: UI redesign: all business routes at 1366x768 (0.379987ms)
verify	Run pnpm verify	2026-10-06T04:10:54.4184520Z ✔ required behavioral proof cannot be missing: UI redesign: all business routes at 1440x900 (1.134053ms)
verify	Run pnpm verify	2026-10-06T04:10:54.4185444Z ✔ required behavioral proof cannot be missing: UI redesign: all business routes at 1920x1080 (0.278686ms)
verify	Run pnpm verify	2026-10-06T04:10:54.4186465Z ✔ required behavioral proof cannot be missing: QA05 login SRP MFA error success logout without persisting password (0.266558ms)
verify	Run pnpm verify	2026-10-06T04:10:54.4187495Z ✔ required behavioral proof cannot be missing: QA05 ESG cursor totals export snapshot timezone and empty state (0.213859ms)
verify	Run pnpm verify	2026-10-06T04:10:54.4188518Z ✔ required behavioral proof cannot be missing: QA05 Command dangerous confirmation terminal result and publish failure (0.218606ms)
verify	Run pnpm verify	2026-10-06T04:10:54.4220427Z ✔ required behavioral proof cannot be missing: QA05 Media expiry renew 403 and audit read-only zero writes (0.224806ms)
verify	Run pnpm verify	2026-10-06T04:10:54.4221300Z ✔ serial and repeated phases require all 108 independent prefixes (0.685043ms)
verify	Run pnpm verify	2026-10-06T04:10:54.4222096Z ✔ phase budget accounts for startup, executions and worker slots, with a finite ceiling (0.117034ms)
verify	Run pnpm verify	2026-10-06T04:10:54.4222752Z ✔ invalid phase budget rejected: repeat=0 workers=1 (0.163674ms)
verify	Run pnpm verify	2026-10-06T04:10:54.4223688Z ✔ invalid phase budget rejected: repeat=1 workers=0 (0.061102ms)
verify	Run pnpm verify	2026-10-06T04:10:54.4224192Z ✔ invalid phase budget rejected: repeat=0.5 workers=1 (0.046009ms)
verify	Run pnpm verify	2026-10-06T04:10:54.4224680Z ✔ invalid phase budget rejected: repeat=1 workers=0.5 (0.049084ms)
verify	Run pnpm verify	2026-10-06T04:10:54.4225196Z ✔ invalid phase budget rejected: repeat=Infinity workers=1 (0.042974ms)
verify	Run pnpm verify	2026-10-06T04:10:54.4225876Z ✔ invalid phase budget rejected: repeat=1 workers=NaN (0.042904ms)
verify	Run pnpm verify	2026-10-06T04:10:54.4226499Z ✔ real child-process timeout is classified and cannot create a successful phase (52.426378ms)
verify	Run pnpm verify	2026-10-06T04:10:54.4227081Z ✔ failed/killed process cannot pass: status=1 (0.188581ms)
verify	Run pnpm verify	2026-10-06T04:10:54.4227563Z ✔ failed/killed process cannot pass: status=null (0.075092ms)
verify	Run pnpm verify	2026-10-06T04:10:54.4228111Z ✔ spawn errors reject without disclosing raw process error details (0.46187ms)
verify	Run pnpm verify	2026-10-06T04:10:54.4228897Z ✔ successful process may proceed to the strict report and trace validator (0.199668ms)
verify	Run pnpm verify	2026-10-06T04:10:54.4229468Z ✔ 真实 OpenAPI 片段可确定性打包且无外部引用 (75.861209ms)
verify	Run pnpm verify	2026-10-06T04:10:54.4229834Z ✔ bundle 新鲜度检查拒绝缺失或过期产物 (110.484244ms)
verify	Run pnpm verify	2026-10-06T04:10:54.4230240Z ✔ 失败示例：非法 OpenAPI 版本与缺少 responses 被拒绝 (0.365877ms)
verify	Run pnpm verify	2026-10-06T04:10:54.4230596Z ✔ 失败示例：全局重复 operationId 被拒绝 (0.165868ms)
verify	Run pnpm verify	2026-10-06T04:10:54.4230984Z ✔ 失败示例：非法 parameter 与 Schema 被拒绝 (0.253749ms)
verify	Run pnpm verify	2026-10-06T04:10:54.4231366Z ✔ 仓库提交的统一 bundle 与当前片段一致 (26.602621ms)
verify	Run pnpm verify	2026-10-06T04:10:54.4231952Z ✔ scoped Gate accepts the archived real-target receipt, without promoting full acceptance (10.477163ms)
verify	Run pnpm verify	2026-10-06T04:10:54.4232509Z ✔ scoped Gate rejects missing role (10.328331ms)
verify	Run pnpm verify	2026-10-06T04:10:54.4232889Z ✔ scoped Gate rejects wrong SHA (12.123312ms)
verify	Run pnpm verify	2026-10-06T04:10:54.4233288Z ✔ scoped Gate rejects unverified Lambda (9.714595ms)
verify	Run pnpm verify	2026-10-06T04:10:54.4233674Z ✔ scoped Gate rejects runtime drift (9.78508ms)
verify	Run pnpm verify	2026-10-06T04:10:54.4234038Z ✔ scoped Gate rejects mocked API (9.116132ms)
verify	Run pnpm verify	2026-10-06T04:10:54.4234407Z ✔ scoped Gate rejects empty tenant (7.046331ms)
verify	Run pnpm verify	2026-10-06T04:10:54.4234810Z ✔ scoped Gate rejects cross-Customer list leak (9.828926ms)
verify	Run pnpm verify	2026-10-06T04:10:54.4235265Z ✔ scoped Gate rejects Viewer mutation accepted (10.232408ms)
verify	Run pnpm verify	2026-10-06T04:10:54.4235700Z ✔ scoped Gate rejects expired old Token (17.730062ms)
verify	Run pnpm verify	2026-10-06T04:10:54.4236133Z ✔ scoped Gate rejects two duplicate successes (8.327724ms)
verify	Run pnpm verify	2026-10-06T04:10:54.4236581Z ✔ scoped Gate rejects two optimistic successes (8.211321ms)
verify	Run pnpm verify	2026-10-06T04:10:54.4237006Z ✔ scoped Gate rejects bundled Firefox (9.263301ms)
verify	Run pnpm verify	2026-10-06T04:10:54.4237436Z ✔ scoped Gate rejects missing browser-role case (9.183582ms)
verify	Run pnpm verify	2026-10-06T04:10:54.4237973Z ✔ scoped Gate rejects persisted edit belongs to another record (11.326492ms)
verify	Run pnpm verify	2026-10-06T04:10:54.4238865Z ✔ scoped Gate rejects forbidden page rendered as business page (18.403658ms)
verify	Run pnpm verify	2026-10-06T04:10:54.4239338Z ✔ scoped Gate rejects missing screenshot (9.552643ms)
verify	Run pnpm verify	2026-10-06T04:10:54.4239802Z ✔ scoped Gate rejects cleanup duplicate hides missing ID (8.264059ms)
verify	Run pnpm verify	2026-10-06T04:10:54.4240281Z ✔ scoped Gate rejects cleanup incomplete (8.266032ms)
verify	Run pnpm verify	2026-10-06T04:10:54.4240733Z ✔ scoped Gate rejects private credentials retained (8.801793ms)
verify	Run pnpm verify	2026-10-06T04:10:54.4241167Z ✔ scoped Gate rejects scope promoted (8.447593ms)
verify	Run pnpm verify	2026-10-06T04:10:54.4241598Z ✔ 当前管理后台源代码满足入口与组合根交付约束 (11.485ms)
verify	Run pnpm verify	2026-10-06T04:10:54.4241907Z ✔ 缺少入口和构建产物时失败关闭 (0.506526ms)
verify	Run pnpm verify	2026-10-06T04:10:54.4242542Z ✔ FE-06 至 FE-19 任一任务或路由从事实源缺失时失败关闭 (12.522868ms)
verify	Run pnpm verify	2026-10-06T04:10:54.4242934Z ✔ FE-11 至 FE-15 任一任务、路由或页面标识缺失时失败关闭 (7.59473ms)
verify	Run pnpm verify	2026-10-06T04:10:54.4243346Z ✔ FE-06 至 FE-15 任一控制器或 operationId 缺失时失败关闭 (5.389847ms)
verify	Run pnpm verify	2026-10-06T04:10:54.4243755Z ✔ FE-11 至 FE-15 控制器或 operationId 缺失时失败关闭 (6.27571ms)
verify	Run pnpm verify	2026-10-06T04:10:54.4244220Z ✔ FE-16 至 FE-19 任一任务、路由、控制器、页面标识或 operationId 缺失时失败关闭 (9.024905ms)
verify	Run pnpm verify	2026-10-06T04:10:54.4244595Z ✔ App 移除显式页面分支时失败关闭 (5.699871ms)
verify	Run pnpm verify	2026-10-06T04:10:54.4244970Z ✔ 完整目标回执覆盖双提交、隔离环境、五角色、七路由、五闭环与清理 (57.761054ms)
verify	Run pnpm verify	2026-10-06T04:10:54.4245324Z ✔ 缺路由、角色、闭环或审计拒绝角色时失败关闭 (43.482444ms)
verify	Run pnpm verify	2026-10-06T04:10:54.4245897Z ✔ mock、泄露、短链持久化、危险操作与只读写请求均失败关闭 (29.985882ms)
verify	Run pnpm verify	2026-10-06T04:10:54.4246286Z ✔ 缺失回执、双部署提交漂移、HEAD 不一致与未清理均失败关闭 (32.218806ms)
verify	Run pnpm verify	2026-10-06T04:10:54.4246668Z ✔ 目标 Gate 是显式发布步骤且不进入普通 verify (0.395951ms)
verify	Run pnpm verify	2026-10-06T04:10:54.4247075Z ✔ 完整回执覆盖双提交、隔离环境、五角色、五路由、四闭环、隐私、双语布局与清理 (82.077812ms)
verify	Run pnpm verify	2026-10-06T04:10:54.4247463Z ✔ 缺路由、角色、闭环、locale 或 viewport 时失败关闭 (44.273484ms)
verify	Run pnpm verify	2026-10-06T04:10:54.4247828Z ✔ mock、权限、并发、泄露或布局不合格时失败关闭 (41.76513ms)
verify	Run pnpm verify	2026-10-06T04:10:54.4248208Z ✔ 缺失回执、双部署提交漂移、HEAD 不一致与未清理均失败关闭 (31.731128ms)
verify	Run pnpm verify	2026-10-06T04:10:54.4248564Z ✔ 目标 Gate 是显式发布步骤且不进入普通 verify (0.491725ms)
verify	Run pnpm verify	2026-10-06T04:10:54.4261130Z ✔ 完整路由、五角色、五业务闭环、租户、并发、敏感字段与清理回执通过 (1.52005ms)
verify	Run pnpm verify	2026-10-06T04:10:54.4261534Z ✔ 缺路由、角色或业务闭环时失败关闭 (0.310975ms)
verify	Run pnpm verify	2026-10-06T04:10:54.4261946Z ✔ Cognito、部署 API、跨租户、并发与敏感字段证据不满足约束时失败关闭 (0.206498ms)
verify	Run pnpm verify	2026-10-06T04:10:54.4262368Z ✔ 缺失回执、部署提交或 sourceCommit 不一致时失败关闭 (0.590942ms)
verify	Run pnpm verify	2026-10-06T04:10:54.4262777Z ✔ 完整的 58 API、五角色、并发、ESG 与清理目标 AWS 回执通过 (1.383186ms)
verify	Run pnpm verify	2026-10-06T04:10:54.4263214Z ✔ 58 个回执 operationId 与九份正式业务 OpenAPI 精确一致 (3.308079ms)
verify	Run pnpm verify	2026-10-06T04:10:54.4263652Z ✔ API 缺项、角色缺项与跨 Customer 放行均失败关闭 (0.418816ms)
verify	Run pnpm verify	2026-10-06T04:10:54.4264004Z ✔ 并发或 ESG 证据不满足生产约束时失败关闭 (0.249793ms)
verify	Run pnpm verify	2026-10-06T04:10:54.4264352Z ✔ 缺失回执与 sourceCommit 不匹配均失败关闭 (0.983779ms)
verify	Run pnpm verify	2026-10-06T04:10:54.4264758Z ✔ 完整覆盖 25 API、五角色、竞态、退役与导出的隔离 AWS 回执通过 (1.920477ms)
verify	Run pnpm verify	2026-10-06T04:10:54.4265284Z ✔ 缺 operation、跨租户放行、竞态双成功、证书未失活与 MQTT/S3 缺口均失败关闭 (0.475641ms)
verify	Run pnpm verify	2026-10-06T04:10:54.4265730Z ✔ operation 成功状态与负向状态集合不完整时失败关闭 (0.27462ms)
verify	Run pnpm verify	2026-10-06T04:10:54.4266157Z ✔ 回执缺失、非法 JSON 或 sourceCommit 不一致时独立发布 Gate 失败 (0.96487ms)
verify	Run pnpm verify	2026-10-06T04:10:54.4266600Z ✔ 完整 Archive、Replay、Summary 目标 AWS 回执通过 (1.758315ms)
verify	Run pnpm verify	2026-10-06T04:10:54.4267028Z ✔ 缺探针、重复归档、Replay 复制业务行和空 Summary 均失败关闭 (0.42203ms)
verify	Run pnpm verify	2026-10-06T04:10:54.4267392Z ✔ 缺少回执或提交不一致时独立 Gate 失败 (1.015977ms)
verify	Run pnpm verify	2026-10-06T04:10:54.4267793Z ✔ 完整隔离 AWS 回执覆盖 8 Topic、负向路径、QA-03 与清理时通过 (1.713228ms)
verify	Run pnpm verify	2026-10-06T04:10:54.4268274Z ✔ 缺 Topic、未知 Topic 命中、Error Action 未恢复和原文漂移均失败关闭 (0.344284ms)
verify	Run pnpm verify	2026-10-06T04:10:54.4280416Z ✔ 未提供目标 AWS 回执时独立发布 Gate 明确失败 (0.539145ms)
verify	Run pnpm verify	2026-10-06T04:10:54.4280849Z ✔ 回执必须对应待发布的精确 Git 提交 (0.593086ms)
verify	Run pnpm verify	2026-10-06T04:10:54.4281319Z ✔ 完整的 15 API、角色、Cognito、并发、S3、Dashboard、审计与清理回执通过 (2.214056ms)
verify	Run pnpm verify	2026-10-06T04:10:54.4281783Z ✔ 15 个 operationId 与六份正式 OpenAPI 精确一致 (1.496484ms)
verify	Run pnpm verify	2026-10-06T04:10:54.4282169Z ✔ API、角色、租户或安全/并发探针缺口均失败关闭 (0.565835ms)
verify	Run pnpm verify	2026-10-06T04:10:54.4282514Z ✔ 缺失回执与 sourceCommit 不匹配均失败关闭 (0.686656ms)
verify	Run pnpm verify	2026-10-06T04:10:54.4283097Z ✔ 干净的依赖图通过检查 (1.459579ms)
verify	Run pnpm verify	2026-10-06T04:10:54.4283421Z ✔ 共享包反向依赖 apps 被识别为边界违规 (0.655679ms)
verify	Run pnpm verify	2026-10-06T04:10:54.4283768Z ✔ contracts 反向依赖 apps 被识别为边界违规 (0.4353ms)
verify	Run pnpm verify	2026-10-06T04:10:54.4284116Z ✔ apps 之间互相依赖被识别为边界违规 (0.446587ms)
verify	Run pnpm verify	2026-10-06T04:10:54.4284411Z ✔ 工作区循环依赖被检出 (0.667156ms)
verify	Run pnpm verify	2026-10-06T04:10:54.4284720Z ✔ 非工作区依赖（外部 npm 包）不参与检查 (0.287249ms)
verify	Run pnpm verify	2026-10-06T04:10:54.4285039Z ✔ 当前仓库通过边界与循环依赖检查 (0.601368ms)
verify	Run pnpm verify	2026-10-06T04:10:54.4285394Z ✔ CDK WARNING 与规则校验编号会触发 Gate (0.969117ms)
verify	Run pnpm verify	2026-10-06T04:10:54.4285772Z ✔ 正常 synth 输出不会误报 (0.628238ms)
verify	Run pnpm verify	2026-10-06T04:10:54.4286177Z ✔ 已交付 Lambda 缺失或回退到内联 501 占位时 Gate 失败 (0.329291ms)
verify	Run pnpm verify	2026-10-06T04:10:54.4286587Z ✔ 已交付 Lambda 使用 S3 asset 时 Gate 通过 (0.130625ms)
verify	Run pnpm verify	2026-10-06T04:10:54.4287008Z ✔ CMD/OTA 生产接线 Gate 对 Worker/调度任一缺失均失败关闭 (0.376381ms)
verify	Run pnpm verify	2026-10-06T04:10:54.4287438Z ✔ CMD/OTA 生产接线 Gate 对 IoT/S3/KMS 权限缺失失败关闭 (0.714076ms)
verify	Run pnpm verify	2026-10-06T04:10:54.4287845Z ✔ 真实登记文件：结构校验通过，并准确识别当前未决 DEC (2.900541ms)
verify	Run pnpm verify	2026-10-06T04:10:54.4288251Z ✔ 真实契约版本文件：decisionRegisterVersion 与登记一致 (0.52196ms)
verify	Run pnpm verify	2026-10-06T04:10:54.4288622Z ✔ 契约版本不一致被拒绝 (0.45579ms)
verify	Run pnpm verify	2026-10-06T04:10:54.4289078Z ✔ 重复决策 ID 被拒绝（已知冲突必须有唯一决策 ID） (0.250314ms)
verify	Run pnpm verify	2026-10-06T04:10:54.4289414Z ✔ 原则与决策之间 ID 也全局唯一 (0.284164ms)
verify	Run pnpm verify	2026-10-06T04:10:54.4289737Z ✔ pending 决策携带批准人被拒绝 (0.106008ms)
verify	Run pnpm verify	2026-10-06T04:10:54.4290102Z ✔ frozen 决策必须有批准人、批准时间和 >=1.0.0 版本 (0.149203ms)
verify	Run pnpm verify	2026-10-06T04:10:54.4290460Z ✔ blockingTasks 为空或格式非法被拒绝 (0.156083ms)
verify	Run pnpm verify	2026-10-06T04:10:54.4290803Z ✔ history 必须非空且末条版本与条目版本一致 (0.190344ms)
verify	Run pnpm verify	2026-10-06T04:10:54.4291103Z ✔ 非 UTC 时间戳被拒绝 (0.215892ms)
verify	Run pnpm verify	2026-10-06T04:10:54.4291789Z ✔ CLI validate 模式：真实文件退出码 0 且输出实际未决数；--fail-on-pending 按实际未决数返回 (1.286831ms)
verify	Run pnpm verify	2026-10-06T04:10:54.4292218Z ✔ CLI：结构错误退出码 1 (0.626536ms)
verify	Run pnpm verify	2026-10-06T04:10:54.4292636Z ✔ 追溯校验：合法 x-decision-versions 引用通过（Schema 可追溯到决策版本） (1.718666ms)
verify	Run pnpm verify	2026-10-06T04:10:54.4293015Z ✔ 追溯校验：不存在的决策 ID 被拒绝 (0.644533ms)
verify	Run pnpm verify	2026-10-06T04:10:54.4293325Z ✔ 追溯校验：引用版本与登记版本不一致被拒绝 (0.675529ms)
verify	Run pnpm verify	2026-10-06T04:10:54.4293692Z ✔ 追溯校验：缺少 x-decision-versions 或格式非法被拒绝 (0.779204ms)
verify	Run pnpm verify	2026-10-06T04:10:54.4294197Z ✔ 追溯校验：嵌套在 OpenAPI info 下的 x-decision-versions 可被递归发现 (0.664602ms)
verify	Run pnpm verify	2026-10-06T04:10:54.4294711Z ✔ 已交付 API（含管理后台 P1）的 129 个 OpenAPI operation 与生产路由双向一致 (9.198434ms)
verify	Run pnpm verify	2026-10-06T04:10:54.4295104Z ✔ 版本化已交付清单缺失、重复或引用不存在文件时失败关闭 (0.761027ms)
verify	Run pnpm verify	2026-10-06T04:10:54.4295438Z ✔ 缺失、额外、重复及 method/path 漂移均失败关闭 (0.360298ms)
verify	Run pnpm verify	2026-10-06T04:10:54.4295847Z ✔ CMD/OTA 治理 Gate 校验四份 REST 契约及 DEC-022/023 冻结状态 (6.281539ms)
verify	Run pnpm verify	2026-10-06T04:10:54.4296232Z ✔ 有效链接、无易漂移计数且工具链配对正确时通过 (2.163761ms)
verify	Run pnpm verify	2026-10-06T04:10:54.4296540Z ✔ 损坏的仓库内 Markdown 链接被拒绝 (0.686976ms)
verify	Run pnpm verify	2026-10-06T04:10:54.4296848Z ✔ 陈旧测试计数或不兼容工具链声明被拒绝 (0.579024ms)
verify	Run pnpm verify	2026-10-06T04:10:54.4297387Z ✔ 当前仓库 ENG/DB/DOM 与 IAC/AUTH/SEC 任务文档证据一致 (13.941196ms)
verify	Run pnpm verify	2026-10-06T04:10:54.4297765Z ✔ BE-IOT-01～08 文档全部纳入默认链接与证据门禁 (0.233278ms)
verify	Run pnpm verify	2026-10-06T04:10:54.4298158Z ✔ BE-ARC/RPL/ESG 四份文档及 P2 回归纳入默认证据门禁 (0.123615ms)
verify	Run pnpm verify	2026-10-06T04:10:54.4298532Z ✔ 11 份管理后台业务文档全部纳入默认链接与证据门禁 (0.094781ms)
verify	Run pnpm verify	2026-10-06T04:10:54.4299059Z ✔ BE-MED/RBAC/AUD/DASH/SET 五份文档纳入状态与 AWS 证据门禁 (1.128084ms)
verify	Run pnpm verify	2026-10-06T04:10:54.4299637Z ✔ FE-06～FE-10 五份前端文档纳入四层状态与目标回执门禁 (0.364715ms)
verify	Run pnpm verify	2026-10-06T04:10:54.4300003Z ✔ FE-11～FE-15 五份前端文档纳入四层状态与独立目标回执门禁 (0.353438ms)
verify	Run pnpm verify	2026-10-06T04:10:54.4300398Z ✔ 前端任务文档拒绝缺层级、问题责任字段、目标 Gate 和 P1 陈旧描述 (0.28098ms)
verify	Run pnpm verify	2026-10-06T04:10:54.4300781Z ✔ FE-11～FE-15 文档拒绝旧缺陷、任务级勾选及旧目标 Gate (0.156263ms)
verify	Run pnpm verify	2026-10-06T04:10:54.4301209Z ✔ BE-MED/RBAC/AUD/DASH/SET 文档拒绝缺状态层、陈旧参数和设置生效误述 (0.136153ms)
verify	Run pnpm verify	2026-10-06T04:10:54.4301602Z ✔ 管理后台业务文档拒绝缺证据引用和陈旧决策或部署说法 (0.152899ms)
verify	Run pnpm verify	2026-10-06T04:10:54.4301988Z ✔ BE-ARC/RPL/ESG 文档拒绝缺审计快照和生产接线边界外旧说法 (0.24814ms)
verify	Run pnpm verify	2026-10-06T04:10:54.4302439Z ✔ BE-IOT 文档拒绝缺少审计快照、Report P2002 与 Media 另路由旧说法 (0.535319ms)
verify	Run pnpm verify	2026-10-06T04:10:54.4302872Z ✔ BE-IOT 严格负向探针必须保留为可定位的永久回归 (0.439306ms)
verify	Run pnpm verify	2026-10-06T04:10:54.4303274Z ✔ 安全任务文档拒绝历史计数、缺少 verify 命令与陈旧 DEC-012 状态 (0.112819ms)
verify	Run pnpm verify	2026-10-06T04:10:54.4303665Z ✔ 安全任务文档接受当前命令、审计快照引用与 frozen 决策 (0.094972ms)
verify	Run pnpm verify	2026-10-06T04:10:54.4304044Z ✔ 当前仓库（DB-01 已落地）Migration 结构通过 (11.651647ms)
verify	Run pnpm verify	2026-10-06T04:10:54.4304432Z ✔ schema.prisma 未落地时跳过并通过（骨架期行为） (0.334139ms)
verify	Run pnpm verify	2026-10-06T04:10:54.4304895Z ✔ 失败示例：Schema 已存在但无任何 Migration（未提交 Migration） (0.416342ms)
verify	Run pnpm verify	2026-10-06T04:10:54.4305357Z ✔ 失败示例：migrations/ 为空且缺少 migration_lock.toml (0.457703ms)
verify	Run pnpm verify	2026-10-06T04:10:54.4305796Z ✔ 失败示例：Migration 目录名非法与空 migration.sql (1.460811ms)
verify	Run pnpm verify	2026-10-06T04:10:54.4306156Z ✔ 合法 Migration 结构通过 (0.60268ms)
verify	Run pnpm verify	2026-10-06T04:10:54.4306536Z ✔ 失败示例：已有旧 Migration 但 Schema 已变化且未登记快照 (0.612445ms)
verify	Run pnpm verify	2026-10-06T04:10:54.4306875Z ✔ 真实矩阵通过完整性检查 (2.124652ms)
verify	Run pnpm verify	2026-10-06T04:10:54.4307231Z ✔ 真实引用集合：41 个矩阵 API 与 13 个 routeId 全部可解析 (1.447792ms)
verify	Run pnpm verify	2026-10-06T04:10:54.4307698Z ✔ index19.html 源清单：9 个菜单、12 个页面、128 个元素与矩阵双向覆盖 (0.689639ms)
verify	Run pnpm verify	2026-10-06T04:10:54.4308119Z ✔ 真实矩阵：9 菜单、12 页面、每项均有处置结论 (0.589029ms)
verify	Run pnpm verify	2026-10-06T04:10:54.4308465Z ✔ 被拒绝的实时流、明文密码、状态混用不携带实现任务 (0.376933ms)
verify	Run pnpm verify	2026-10-06T04:10:54.4345111Z ✔ 矩阵的 x-decision-versions 可追溯到决策登记（DEC-007~012） (1.745476ms)
verify	Run pnpm verify	2026-10-06T04:10:54.4345612Z ✔ 缺少菜单或页面被拒绝 (0.644983ms)
verify	Run pnpm verify	2026-10-06T04:10:54.4345878Z ✔ 重复元素 ID 被拒绝 (0.166919ms)
verify	Run pnpm verify	2026-10-06T04:10:54.4346180Z ✔ Adapt/Reject 缺少依据被拒绝 (0.225286ms)
verify	Run pnpm verify	2026-10-06T04:10:54.4346811Z ✔ Adopt/Adapt 生产字段缺少 API 来源被拒绝 (0.245767ms)
verify	Run pnpm verify	2026-10-06T04:10:54.4347219Z ✔ rejectCategory 项非 Reject 或携带实现任务被拒绝 (0.165337ms)
verify	Run pnpm verify	2026-10-06T04:10:54.4347559Z ✔ 未知角色被拒绝（R7） (0.158717ms)
verify	Run pnpm verify	2026-10-06T04:10:54.4347914Z ✔ 格式合法但不存在的 operationId、routeId 与响应字段被拒绝 (1.933176ms)
verify	Run pnpm verify	2026-10-06T04:10:54.4348306Z ✔ planned operation 的任务归属漂移被拒绝 (0.537383ms)
verify	Run pnpm verify	2026-10-06T04:10:54.4348951Z ✔ 源清单与矩阵任一侧删除元素均被双向覆盖检查拒绝 (2.953469ms)
verify	Run pnpm verify	2026-10-06T04:10:54.4349321Z ✔ index19.html 内容变化但未重新盘点源清单时失败关闭 (2.695925ms)
verify	Run pnpm verify	2026-10-06T04:10:54.4349710Z ✔ 重复 operationId 与 routeId 被引用索引拒绝 (0.671333ms)
verify	Run pnpm verify	2026-10-06T04:10:54.4350292Z ✔ CLI：真实矩阵退出码 0，违规矩阵退出码 1 (33.365478ms)
verify	Run pnpm verify	2026-10-06T04:10:54.4350848Z ✔ remaining scope cannot replace full core, Active acceptance or failed cleanups (0.733595ms)
verify	Run pnpm verify	2026-10-06T04:10:54.4351451Z ✔ 当前仓库全部 Schema、OpenAPI 片段与统一 bundle 通过引用校验 (172.061045ms)
verify	Run pnpm verify	2026-10-06T04:10:54.4351840Z ✔ 失败示例：悬空内部 $ref 被拒绝 (0.675018ms)
verify	Run pnpm verify	2026-10-06T04:10:54.4352164Z ✔ 失败示例：同目录相对 $ref 目标文件不存在被拒绝 (0.295812ms)
verify	Run pnpm verify	2026-10-06T04:10:54.4352512Z ✔ 失败示例：JSON 语法损坏的 Schema 被拒绝 (0.426647ms)
verify	Run pnpm verify	2026-10-06T04:10:54.4352951Z ✔ 失败示例：JSON Schema 2020-12 非法 type 被元 Schema 拒绝 (1.460951ms)
verify	Run pnpm verify	2026-10-06T04:10:54.4353360Z ✔ 失败示例：OpenAPI 基座缺少 paths 被拒绝 (0.352096ms)
verify	Run pnpm verify	2026-10-06T04:10:54.4353697Z ✔ 同目录相对 $ref 可解析时通过 (1.143497ms)
verify	Run pnpm verify	2026-10-06T04:10:54.6894884Z ✔ 失败示例：PEM 私钥块被检出 (1.033112ms)
verify	Run pnpm verify	2026-10-06T04:10:54.6909821Z ✔ 失败示例：AWS Access Key ID 被检出 (0.157355ms)
verify	Run pnpm verify	2026-10-06T04:10:54.6939510Z ✔ 失败示例：GitHub 令牌被检出 (0.108872ms)
verify	Run pnpm verify	2026-10-06T04:10:54.6989900Z ✔ 失败示例：Slack 令牌被检出 (0.119609ms)
verify	Run pnpm verify	2026-10-06T04:10:54.7019541Z ✔ 正常内容不误报 (0.652915ms)
verify	Run pnpm verify	2026-10-06T04:10:54.7023766Z ✔ 失败示例：未跟踪且未忽略文件中的私钥也被扫描 (11.513ms)
verify	Run pnpm verify	2026-10-06T04:10:54.7024420Z ✔ 当前仓库通过敏感信息扫描 (538.020916ms)
verify	Run pnpm verify	2026-10-06T04:10:54.7150330Z ✔ 生产源码直接 console 与 raw trace API 均被拒绝 (1.994599ms)
verify	Run pnpm verify	2026-10-06T04:10:54.7160308Z ✔ 测试目录可使用 console，生产统一 logger 允许 (3.88393ms)
verify	Run pnpm verify	2026-10-06T04:10:54.7190466Z ✔ 当前仓库生产源码通过 sink 门禁 (45.342622ms)
verify	Run pnpm verify	2026-10-06T04:10:55.1162968Z ✔ QA-02 MQTT heartbeat: all valid/invalid fixtures, missing meta and type mutation (11.021016ms)
verify	Run pnpm verify	2026-10-06T04:10:55.1166883Z ✔ QA-02 MQTT telemetry: all valid/invalid fixtures, missing meta and type mutation (5.146864ms)
verify	Run pnpm verify	2026-10-06T04:10:55.1167605Z ✔ QA-02 MQTT report: all valid/invalid fixtures, missing meta and type mutation (5.509686ms)
verify	Run pnpm verify	2026-10-06T04:10:55.1168286Z ✔ QA-02 MQTT alarm: all valid/invalid fixtures, missing meta and type mutation (4.066401ms)
verify	Run pnpm verify	2026-10-06T04:10:55.1169238Z ✔ QA-02 MQTT event: all valid/invalid fixtures, missing meta and type mutation (2.231893ms)
verify	Run pnpm verify	2026-10-06T04:10:55.1182337Z ✔ QA-02 MQTT ack: all valid/invalid fixtures, missing meta and type mutation (3.656279ms)
verify	Run pnpm verify	2026-10-06T04:10:55.1184843Z ✔ QA-02 MQTT tamper: all valid/invalid fixtures, missing meta and type mutation (4.423946ms)
verify	Run pnpm verify	2026-10-06T04:10:55.1185815Z ✔ QA-02 MQTT media: all valid/invalid fixtures, missing meta and type mutation (3.225737ms)
verify	Run pnpm verify	2026-10-06T04:10:55.1186586Z ✔ QA-02 MQTT cmd: all valid/invalid fixtures, missing meta and type mutation (3.300018ms)
verify	Run pnpm verify	2026-10-06T04:10:55.1187338Z ✔ QA-02 MQTT ota: all valid/invalid fixtures, missing meta and type mutation (3.089193ms)
verify	Run pnpm verify	2026-10-06T04:10:55.1188170Z ✔ QA-02 MQTT notification: all valid/invalid fixtures, missing meta and type mutation (2.876765ms)
verify	Run pnpm verify	2026-10-06T04:10:55.1189109Z ✔ MQTT semantic hash, discriminator and UTC calendar errors fail closed (1.015867ms)
verify	Run pnpm verify	2026-10-06T04:10:55.1190028Z ✔ full REST response: field deletion/type mutation/envelope/date/errors/status/headers are enforced (6.6305ms)
verify	Run pnpm verify	2026-10-06T04:10:55.1191093Z ✔ REST request validation: required body/path/query/header, optional Sync, bodyless Deactivate, no type coercion in JSON (8.419801ms)
verify	Run pnpm verify	2026-10-06T04:10:55.1192638Z ✔ all device operations and declared response JSON Schemas compile; stable error catalog has no duplicates (57.250511ms)
verify	Run pnpm verify	2026-10-06T04:10:55.1193648Z ✔ predecessor MQTT is compatible; known REST break requires exact version and frozen DEC approvals (38.056102ms)
verify	Run pnpm verify	2026-10-06T04:10:55.1194697Z ✔ breaking contract mutations fail: removing fields/operations/status, changing type/required/security (94.451187ms)
verify	Run pnpm verify	2026-10-06T04:10:55.1195959Z ✔ receipt coverage gate fails closed for missing operations/statuses, no valid request and forged records (0.567147ms)
verify	Run pnpm verify	2026-10-06T04:10:55.1197638Z ✔ archived CSR upgrade mapping still verifies original baselines without rewriting history (4.302554ms)
verify	Run pnpm verify	2026-10-06T04:10:55.1445333Z ✔ QA04 coverage Gate accepts complete matrix and proofs (1.60685ms)
verify	Run pnpm verify	2026-10-06T04:10:55.1446652Z ✔ QA04 coverage Gate rejects missing domain (0.5491ms)
verify	Run pnpm verify	2026-10-06T04:10:55.1447261Z ✔ QA04 coverage Gate rejects no negative path (0.296152ms)
verify	Run pnpm verify	2026-10-06T04:10:55.1447935Z ✔ QA04 coverage Gate rejects untrusted handler (0.220249ms)
verify	Run pnpm verify	2026-10-06T04:10:55.1448864Z ✔ QA04 coverage Gate rejects missing role (1.458338ms)
verify	Run pnpm verify	2026-10-06T04:10:55.1465086Z ✔ QA04 coverage Gate rejects cross-tenant leak (0.390553ms)
verify	Run pnpm verify	2026-10-06T04:10:55.1465663Z ✔ QA04 coverage Gate rejects two write winners (0.295782ms)
verify	Run pnpm verify	2026-10-06T04:10:55.1466313Z ✔ QA04 coverage Gate rejects duplicate audit (0.338796ms)
verify	Run pnpm verify	2026-10-06T04:10:55.1466854Z ✔ QA04 coverage Gate rejects rollback missing (0.364665ms)
verify	Run pnpm verify	2026-10-06T04:10:55.1467358Z ✔ QA04 coverage Gate rejects unclean resource (0.383733ms)
verify	Run pnpm verify	2026-10-06T04:10:55.1467942Z ✔ QA04 coverage Gate rejects reused isolation (0.260358ms)
verify	Run pnpm verify	2026-10-06T04:10:55.1468458Z ✔ QA04 coverage Gate rejects no observed replay (0.292828ms)
verify	Run pnpm verify	2026-10-06T04:10:55.1480392Z ✔ QA04 required acceptance cases are enforced (3.73024ms)
verify	Run pnpm verify	2026-10-06T04:10:55.1481053Z ✔ QA04 skipped assertion fails execution Gate (0.131817ms)
verify	Run pnpm verify	2026-10-06T04:10:55.1481706Z ✔ QA04 removed state-machine assertion fails coverage Gate (1.561751ms)
verify	Run pnpm verify	2026-10-06T04:10:58.0965738Z ✔ migration source requires exact approved commit (0.653917ms)
verify	Run pnpm verify	2026-10-06T04:10:58.1060607Z ✔ migration connection requires complete secret and verified TLS; special credentials are encoded (0.288861ms)
verify	Run pnpm verify	2026-10-06T04:10:58.1061636Z ✔ database verification derives every mapped Prisma table (0.58216ms)
verify	Run pnpm verify	2026-10-06T04:10:58.1111458Z ✔ runner without approved source fails without reporting credentials or driver details (26.691223ms)
verify	Run pnpm verify	2026-10-06T04:10:58.1160633Z ✔ source packager archives committed tree, includes exact SHA and refuses overwriting ZIP (3317.227006ms)
verify	Run pnpm verify	2026-10-06T04:10:58.1250597Z ✔ local TLS broker: 10 independent certificate sessions, QoS1, downlinks, reconnect and broker ACL rejection (705.598038ms)
verify	Run pnpm verify	2026-10-06T04:10:58.1259952Z ✔ 10 concurrent sessions: all topics, exact 5% duplicates / 2% delayed telemetry, replay and isolated bad Schema (136.928639ms)
verify	Run pnpm verify	2026-10-06T04:10:58.1301255Z ✔ cross-device publish, subscribe, receive and wildcard denied (0.965552ms)
verify	Run pnpm verify	2026-10-06T04:10:58.1319782Z ✔ invalid configuration, OTA transitions and test credential gate fail closed (0.675639ms)
verify	Run pnpm verify	2026-10-06T04:10:58.1349718Z ✔ scripted failed command, missing target mapping and illegal downlink do not generate mixed ACK (2.157893ms)
verify	Run pnpm verify	2026-10-06T04:10:58.1350580Z ✔ all sessions close when one transport fails; no successful receipt (82.060706ms)
verify	Run pnpm verify	2026-10-06T04:10:58.1412110Z ✔ MQTT adapter rejects SUBACK denial and connection failures (0.497663ms)
verify	Run pnpm verify	2026-10-06T04:10:58.1413129Z ✔ CLI creates offline receipt and refuses ungated mqtts before reading credential paths (418.002995ms)
verify	Run pnpm verify	2026-10-06T04:10:58.1429624Z ✔ CDK wrapper accepts synth/diff and requires explicit deploy stack (1.732036ms)
verify	Run pnpm verify	2026-10-06T04:10:58.1459720Z ✔ CDK wrapper builds the whole workspace and fails closed on build errors (0.215662ms)
verify	Run pnpm verify	2026-10-06T04:10:58.1467048Z ✔ CDK wrapper uses local SSO but requires OIDC credentials in GitHub Actions (0.160299ms)
verify	Run pnpm verify	2026-10-06T04:10:58.1468431Z ✔ QA03 Gate accepts complete local integration receipt (1.043237ms)
verify	Run pnpm verify	2026-10-06T04:10:58.1469730Z ✔ QA03 Gate rejects missing scenario (0.316293ms)
verify	Run pnpm verify	2026-10-06T04:10:58.1470256Z ✔ QA03 Gate rejects unclean resources (0.209864ms)
verify	Run pnpm verify	2026-10-06T04:10:58.1470799Z ✔ QA03 Gate rejects reused isolation prefix (0.183794ms)
verify	Run pnpm verify	2026-10-06T04:10:58.1471315Z ✔ QA03 Gate rejects lost message (0.136684ms)
verify	Run pnpm verify	2026-10-06T04:10:58.1471845Z ✔ QA03 Gate rejects duplicate business record (0.417302ms)
verify	Run pnpm verify	2026-10-06T04:10:58.1472571Z ✔ QA03 Gate rejects missing raw proof (0.456272ms)
verify	Run pnpm verify	2026-10-06T04:10:58.1473086Z ✔ QA03 Gate rejects missing fault probe (1.470887ms)
verify	Run pnpm verify	2026-10-06T04:10:58.1473663Z ✔ receipt covers all 128 decisions in two viewports (5.647432ms)
verify	Run pnpm verify	2026-10-06T04:10:58.1474189Z ✔ fail closed: missing page (1.016728ms)
verify	Run pnpm verify	2026-10-06T04:10:58.1474643Z ✔ fail closed: skipped case (1.365329ms)
verify	Run pnpm verify	2026-10-06T04:10:58.1475098Z ✔ fail closed: flaky success (0.535249ms)
verify	Run pnpm verify	2026-10-06T04:10:58.1475530Z ✔ fail closed: retry (0.361129ms)
verify	Run pnpm verify	2026-10-06T04:10:58.1476019Z ✔ fail closed: unexpected external network (0.273889ms)
verify	Run pnpm verify	2026-10-06T04:10:58.1476544Z ✔ fail closed: fixture collision (0.281831ms)
verify	Run pnpm verify	2026-10-06T04:10:58.1477016Z ✔ fail closed: missing cleanup (0.227069ms)
verify	Run pnpm verify	2026-10-06T04:10:58.1477593Z ✔ fail closed: updated baseline masquerades as regression (0.335762ms)
verify	Run pnpm verify	2026-10-06T04:10:58.1478191Z ✔ fail closed: missing group (0.375311ms)
verify	Run pnpm verify	2026-10-06T04:10:58.1478646Z ✔ fail closed: duplicate group (0.500156ms)
verify	Run pnpm verify	2026-10-06T04:10:58.1479288Z ✔ fail closed: missing rejection assertion (0.634728ms)
verify	Run pnpm verify	2026-10-06T04:10:58.1479835Z ✔ fail closed: missing menu (0.494569ms)
verify	Run pnpm verify	2026-10-06T04:10:58.1480316Z ✔ fail closed: missing behavior guard (0.479315ms)
verify	Run pnpm verify	2026-10-06T04:10:58.1480802Z ✔ fail closed: wrong viewport (0.563561ms)
verify	Run pnpm verify	2026-10-06T04:10:58.1481288Z ✔ fail closed: snapshot hash mismatch (0.504283ms)
verify	Run pnpm verify	2026-10-06T04:10:58.1481948Z ✔ binding omission, duplication and reject implementation fail closed (0.579425ms)
verify	Run pnpm verify	2026-10-06T04:10:58.1482775Z ✔ real gzip bytes bind exact own devices, raw outbox hash and canonical published hash (5.186064ms)
verify	Run pnpm verify	2026-10-06T04:10:58.1483682Z ✔ scope expansion, unknown customer/device, modified bytes and missing archive fail closed (3.900174ms)
verify	Run pnpm verify	2026-10-06T04:10:58.1484625Z ✔ IoT normalized raw body binds outbox bytes while original publication binds canonical payload (2.721643ms)
verify	Run pnpm verify	2026-10-06T04:10:58.1485578Z ✔ quick MQTT profile requires exact additional telemetry ledger and cannot waive missing archives (3.956758ms)
verify	Run pnpm verify	2026-10-06T04:10:58.1486538Z ✔ archive deadline uses actual S3 modification times and cannot green an eventual late archive (5.370569ms)
verify	Run pnpm verify	2026-10-06T04:10:58.1487552Z ✔ redelivery rejects foreign archives, unbounded inventories and unbound certificates before AWS operations (1.869932ms)
verify	Run pnpm verify	2026-10-06T04:10:58.1488418Z ✔ nominal 30x profile cannot conceal a slower real publish window (3.762247ms)
verify	Run pnpm verify	2026-10-06T04:10:58.1489740Z ✔ version proof requires CI deploy Amplify exact commit and 19 distinct verified artifact bytes (0.784692ms)
verify	Run pnpm verify	2026-10-06T04:10:58.1490728Z ✔ own-fixture fault grant rejects shared changes and unknown faults while retaining deployment boundary (0.466206ms)
verify	Run pnpm verify	2026-10-06T04:10:58.1491700Z ✔ database proof rejects foreign build, source, role and nonzero cleanup instead of trusting child PASS (0.927335ms)
verify	Run pnpm verify	2026-10-06T04:10:58.9854357Z ✔ target gates reject missing finish cleanup required case and foreign device before live calls (1.251168ms)
verify	Run pnpm verify	2026-10-06T04:10:58.9871495Z ✔ business cleanup preserves outside rows, rejects baseline drift and deletes own dependent rows atomically (2061.755573ms)
verify	Run pnpm verify	2026-10-06T04:10:58.9874614Z ✔ fault injection rejects missing authorization and foreign export identity without mutation (1.172561ms)
verify	Run pnpm verify	2026-10-06T04:10:58.9875720Z ✔ assertion-only validation cannot stand in for cleanup or whole target acceptance (0.320899ms)
verify	Run pnpm verify	2026-10-06T04:10:58.9876630Z ✔ nonActive scope cannot enter the full wave that contains Active dependent probes (1.905605ms)
verify	Run pnpm verify	2026-10-06T04:10:58.9877454Z ✔ foundation mode cannot be mistaken for full core or browser acceptance (0.203404ms)
verify	Run pnpm verify	2026-10-06T04:10:59.0490907Z ✔ complete intermediate/root chain matches truststore and private key (7.042676ms)
verify	Run pnpm verify	2026-10-06T04:10:59.0610473Z ✔ missing root is distinguished from valid signing certificate and key (0.960514ms)
verify	Run pnpm verify	2026-10-06T04:10:59.0670219Z ✔ wrong parent, expired chain and wrong private key fail independently (1.56708ms)
verify	Run pnpm verify	2026-10-06T04:10:59.0692097Z ✔ oversized worker chain, malformed values and arbitrary canaries never leak (1.910613ms)
verify	Run pnpm verify	2026-10-06T04:10:59.0761676Z ✔ receipt gate accepts completed diagnostic with invalid chain, rejects data leak and missing cleanup (6.986933ms)
verify	Run pnpm verify	2026-10-06T04:10:59.0782207Z ✔ approved exact Worker, Secret, KMS and original expiry scope is accepted (1.56029ms)
verify	Run pnpm verify	2026-10-06T04:10:59.0783057Z ✔ removing role condition, wildcard Secret or extended expiry is rejected (2.359162ms)
verify	Run pnpm verify	2026-10-06T04:10:59.0844446Z ✔ unrestricted KMS, different context or extra secret permissions are rejected (0.404815ms)
verify	Run pnpm verify	2026-10-06T04:10:59.0900346Z ✔ repair gate requires retained versions, exact output binding and all cleanup (7.523793ms)
verify	Run pnpm verify	2026-10-06T04:10:59.0935514Z ✔ only root field changes, original version remains immutable and AWSPREVIOUS (6.277122ms)
verify	Run pnpm verify	2026-10-06T04:10:59.0960772Z ✔ baseline drift prevents all writes (0.338205ms)
verify	Run pnpm verify	2026-10-06T04:10:59.0997685Z ✔ wrong fixed root prevents all writes (0.670661ms)
verify	Run pnpm verify	2026-10-06T04:10:59.1087176Z ✔ unknown put outcome recovers immutable token without a second put (2.522656ms)
verify	Run pnpm verify	2026-10-06T04:10:59.1119829Z ✔ candidate mutation fails before promotion (0.707487ms)
verify	Run pnpm verify	2026-10-06T04:10:59.1169982Z ✔ concurrent current movement after candidate write is preserved (1.269375ms)
verify	Run pnpm verify	2026-10-06T04:10:59.1189170Z ✔ unknown promotion response is recovered from current stages (2.361015ms)
verify	Run pnpm verify	2026-10-06T04:10:59.1260487Z ✔ post-promotion failed readback rolls back only the known current candidate (1.749593ms)
verify	Run pnpm verify	2026-10-06T04:10:59.1282276Z ✔ invalid version token rejects before accessing any secret (0.774617ms)
verify	Run pnpm verify	2026-10-06T04:10:59.1283399Z ✔ rollback refuses to overwrite a concurrent foreign current version (1.598426ms)
verify	Run pnpm verify	2026-10-06T04:10:59.1284399Z ✔ unknown AWS errors are returned as fixed codes without secret exception text (0.310183ms)
verify	Run pnpm verify	2026-10-06T04:10:59.1285663Z ✔ successful promotion waits for metadata visibility without repeating stage writes (1.926927ms)
verify	Run pnpm verify	2026-10-06T04:10:59.1286954Z ✔ existing current candidate is verified using read-only store without new versions or stage writes (1.719597ms)
verify	Run pnpm verify	2026-10-06T04:10:59.1289159Z ✔ read-only recovery rejects changed fields without rolling back an existing current version (0.653857ms)
verify	Run pnpm verify	2026-10-06T04:10:59.1290707Z ✔ capacity planning includes operational and rotation idle overlap and rejects naive concurrency increase (0.758283ms)
verify	Run pnpm verify	2026-10-06T04:10:59.1291740Z ✔ range reads keep the original default and permit bounded slow-link retry (0.778142ms)
verify	Run pnpm verify	2026-10-06T04:10:59.1292774Z ✔ range reads reject unbounded, ambiguous and below-default timeouts (0.458645ms)
verify	Run pnpm verify	2026-10-06T04:10:59.1294214Z ✔ read-only asset concurrency stays bounded independently of DB/API capacity (0.252757ms)
verify	Run pnpm verify	2026-10-06T04:10:59.1295507Z ✔ DLQ scope requires closed ledger, 20 exact IDs and fresh empty database proof (4.771494ms)
verify	Run pnpm verify	2026-10-06T04:10:59.1297068Z ✔ one-shot worker deletes only exact retired pointers, restores unknown visibility, and exports no bodies or handles (2.35076ms)
verify	Run pnpm verify	2026-10-06T04:10:59.1298258Z ✔ six exact request/time/status/extended/Lambda links pass without saving unrelated fields or requests (51.084405ms)
verify	Run pnpm verify	2026-10-06T04:10:59.1300006Z ✔ correlation refuses complete proof for time (51.537682ms)
verify	Run pnpm verify	2026-10-06T04:10:59.1301001Z ✔ correlation refuses complete proof for lambda-id (48.097706ms)
verify	Run pnpm verify	2026-10-06T04:10:59.1302353Z ✔ correlation refuses complete proof for duplicate (74.735308ms)
verify	Run pnpm verify	2026-10-06T04:10:59.1303458Z ✔ correlation refuses complete proof for missing-http (53.789413ms)
verify	Run pnpm verify	2026-10-06T04:10:59.1304309Z ✔ audit GET binds list/detail operation and timeout UUID without claiming client success (102.984367ms)
verify	Run pnpm verify	2026-10-06T04:10:59.1305535Z ✔ phase proof covers success, conditional conflict and all audit reads without declaring latency/cleanup acceptance (2.27698ms)
verify	Run pnpm verify	2026-10-06T04:10:59.1307356Z ✔ cold 409 gate requires matching cold phase flags and successful runtime initialization (4.605046ms)
verify	Run pnpm verify	2026-10-06T04:10:59.1308170Z ✔ new account gate requires nested hook, Prisma query, first driver query and checkout on every request (0.43525ms)
verify	Run pnpm verify	2026-10-06T04:10:59.1309292Z ✔ account gate rejects missing (0.447869ms)
verify	Run pnpm verify	2026-10-06T04:10:59.1309699Z ✔ account gate rejects duplicate (0.565744ms)
verify	Run pnpm verify	2026-10-06T04:10:59.1310053Z ✔ account gate rejects failure (0.813745ms)
verify	Run pnpm verify	2026-10-06T04:10:59.1310515Z ✔ account gate rejects wait-boundary (0.843299ms)
verify	Run pnpm verify	2026-10-06T04:10:59.1311312Z ✔ account gate rejects timestamp (0.310764ms)
verify	Run pnpm verify	2026-10-06T04:10:59.1311747Z ✔ account gate rejects outside-hook (0.584012ms)
verify	Run pnpm verify	2026-10-06T04:10:59.1312188Z ✔ phase proof rejects foreign-invocation (0.413517ms)
verify	Run pnpm verify	2026-10-06T04:10:59.1312845Z ✔ phase proof rejects missing-transaction (0.451665ms)
verify	Run pnpm verify	2026-10-06T04:10:59.1313276Z ✔ phase proof rejects conflict-code (0.503162ms)
verify	Run pnpm verify	2026-10-06T04:10:59.1313650Z ✔ phase proof rejects missing-http (3.404764ms)
verify	Run pnpm verify	2026-10-06T04:10:59.1314248Z ✔ phase proof rejects other-run (0.101041ms)
verify	Run pnpm verify	2026-10-06T04:10:59.4285912Z ✔ success audits bind precisely and conflicts never have a success audit (0.720295ms)
verify	Run pnpm verify	2026-10-06T04:10:59.4315388Z ✔ audit proof rejects duplicate (0.311155ms)
verify	Run pnpm verify	2026-10-06T04:10:59.4371812Z ✔ audit proof rejects wrong-version (0.143414ms)
verify	Run pnpm verify	2026-10-06T04:10:59.4378513Z ✔ audit proof rejects conflict-success (0.096884ms)
verify	Run pnpm verify	2026-10-06T04:10:59.4379771Z ✔ Gateway overlap cannot conceal serialized Lambda executions (0.636781ms)
verify	Run pnpm verify	2026-10-06T04:10:59.6418486Z ✔ three races accept either winner, bind every successful write to audit and advance once per version (16.812053ms)
verify	Run pnpm verify	2026-10-06T04:10:59.6450347Z ✔ early failure still drains the late sibling before readback and never retries or reports PASS (2.944637ms)
verify	Run pnpm verify	2026-10-06T04:10:59.6484346Z ✔ race fails closed for double-winner (4.054174ms)
verify	Run pnpm verify	2026-10-06T04:10:59.6540355Z ✔ race fails closed for gateway-id (5.25068ms)
verify	Run pnpm verify	2026-10-06T04:10:59.6687602Z ✔ race fails closed for audit-id (13.775549ms)
verify	Run pnpm verify	2026-10-06T04:10:59.6720062Z ✔ foreign context fails before dispatch or receipt writes (0.643331ms)
verify	Run pnpm verify	2026-10-06T04:10:59.6741397Z ✔ historical read scope rejects any resource outside the exact sealed old contract before live calls (0.204926ms)
verify	Run pnpm verify	2026-10-06T04:10:59.7698565Z ✔ read-only completion accepts only all six settled exact successful PATCH receipts (1.39282ms)
verify	Run pnpm verify	2026-10-06T04:10:59.7740213Z ✔ cleanup/completion guard rejects unknown-write (0.451334ms)
verify	Run pnpm verify	2026-10-06T04:10:59.7807444Z ✔ cleanup/completion guard rejects foreign-site (0.214691ms)
verify	Run pnpm verify	2026-10-06T04:10:59.7809303Z ✔ cleanup/completion guard rejects wrong-account (0.162683ms)
verify	Run pnpm verify	2026-10-06T04:10:59.7812923Z ✔ cleanup/completion guard rejects unfinished (0.250073ms)
verify	Run pnpm verify	2026-10-06T04:10:59.7813572Z ✔ cleanup/completion guard rejects gateway-id (0.187379ms)
verify	Run pnpm verify	2026-10-06T04:10:59.8266911Z ✔ log projection redacts payload/error details and rejects unrecognized events (1.000243ms)
verify	Run pnpm verify	2026-10-06T04:10:59.8290292Z ✔ serialized AWS log projection preserves closed event names through the 20-sequence Gate (3.893804ms)
verify	Run pnpm verify	2026-10-06T04:10:59.8302372Z ✔ specific redelivery needs matching SQS ID, final disposition and durable duplicate receipt (0.417593ms)
verify	Run pnpm verify	2026-10-06T04:10:59.8305030Z ✔ 20 sequence stage Gate rejects incomplete coverage and unrelated device evidence (1.238579ms)
verify	Run pnpm verify	2026-10-06T04:10:59.8306697Z ✔ completed Build result tolerates delayed/truncated CloudWatch visibility and transient read failure without rerunning SQL (1.232029ms)
verify	Run pnpm verify	2026-10-06T04:10:59.8308018Z ✔ wrong/multiple/failed frames and AccessDenied reject immediately, absent result fails closed after bounded reads (1.114574ms)
verify	Run pnpm verify	2026-10-06T04:10:59.8350018Z ✔ expired SSO is a terminal authentication condition, never a transient log retry (0.209172ms)
verify	Run pnpm verify	2026-10-06T04:10:59.9679863Z ✔ CloudWatch 250000-character fragments reassemble exact source-bound metadata without accepting truncation or another frame (11.397408ms)
verify	Run pnpm verify	2026-10-06T04:10:59.9763451Z ✔ large fixture observations round-trip through bounded gzip without losing metadata (27.052313ms)
verify	Run pnpm verify	2026-10-06T04:10:59.9769627Z ✔ compressed fixture frames reject corruption, noncanonical data and decompression bombs (61.459947ms)
verify	Run pnpm verify	2026-10-06T04:10:59.9800955Z ✔ compressed metadata still requires the exact expected source/build/action binding (5.860981ms)
verify	Run pnpm verify	2026-10-06T04:10:59.9972272Z ✔ fixed manifest rejects unsafe SQL identifiers, missing hash and duplicates (1.246492ms)
verify	Run pnpm verify	2026-10-06T04:11:00.0000489Z ✔ migration comparison distinguishes missing, tampered, unfinished and rolled-back migrations (0.30142ms)
verify	Run pnpm verify	2026-10-06T04:11:00.0015398Z ✔ snapshot uses repeatable read/read only, timeouts, fixed SELECTs and always rolls back (0.700025ms)
verify	Run pnpm verify	2026-10-06T04:11:00.0017692Z ✔ writable transaction rejected before business queries and rolled back (0.540888ms)
verify	Run pnpm verify	2026-10-06T04:11:00.0049587Z ✔ query failure rolls back instead of yielding partial PASS (0.264085ms)
verify	Run pnpm verify	2026-10-06T04:11:00.0072076Z ✔ dedicated query project never changes migration project or passes StartBuild overrides (21.169399ms)
verify	Run pnpm verify	2026-10-06T04:11:00.0108432Z ✔ legacy onboarding rows without CSR columns require reconciliation before migration (0.337423ms)
verify	Run pnpm verify	2026-10-06T04:11:00.0133031Z ✔ query success preserves real migration BLOCKED instead of promoting readiness (1.426029ms)
verify	Run pnpm verify	2026-10-06T04:11:00.0134700Z ✔ wrong build, writable transaction, unbound hash and fabricated migration PASS rejected (0.664722ms)
verify	Run pnpm verify	2026-10-06T04:11:00.0160097Z ✔ missing table count cannot become complete SQL evidence (0.887685ms)
verify	Run pnpm verify	2026-10-06T04:11:00.5696432Z ✔ entity merge requires actual decisions on both viewports, scoped devices, versions and cleanup (1.396846ms)
verify	Run pnpm verify	2026-10-06T04:11:00.5780663Z ✔ certificate merge cannot use review-only parent to claim real dual-channel certificate entity (0.27484ms)
verify	Run pnpm verify	2026-10-06T04:11:00.5906044Z ✔ request UUID is durable before a single dispatch and credentials never enter receipts (18.515315ms)
verify	Run pnpm verify	2026-10-06T04:11:00.5930090Z ✔ failed AWAIT_HEADERS preserves correlation without retry (0.759073ms)
verify	Run pnpm verify	2026-10-06T04:11:00.5953905Z ✔ failed READ_BODY preserves correlation without retry (0.339637ms)
verify	Run pnpm verify	2026-10-06T04:11:00.5954708Z ✔ malformed JSON cannot become a successful HTTP receipt (0.400659ms)
verify	Run pnpm verify	2026-10-06T04:11:00.5955561Z ✔ layout diagnostic fails closed before AWS calls for foreign, finished or unbound fixtures (0.951311ms)
verify	Run pnpm verify	2026-10-06T04:11:00.5957616Z ✔ diagnostic cleanup retains all actions and fails closed: absent (0.913484ms)
verify	Run pnpm verify	2026-10-06T04:11:00.5958414Z ✔ diagnostic cleanup retains all actions and fails closed: still-present (0.123374ms)
verify	Run pnpm verify	2026-10-06T04:11:00.5959463Z ✔ diagnostic cleanup retains all actions and fails closed: read-denied (0.121681ms)
verify	Run pnpm verify	2026-10-06T04:11:00.5960271Z ✔ diagnostic cleanup retains all actions and fails closed: signout-failed (0.138657ms)
verify	Run pnpm verify	2026-10-06T04:11:00.5961157Z ✔ diagnostic cleanup retains all actions and fails closed: delete-failed (0.13337ms)
verify	Run pnpm verify	2026-10-06T04:11:02.8914116Z ✔ snapshot must be available encrypted manual and exact whitelist cannot expand (0.970469ms)
verify	Run pnpm verify	2026-10-06T04:11:02.8940465Z ✔ real local SQL retires exactly two jobs/requests and preserves every other table (2338.954714ms)
verify	Run pnpm verify	2026-10-06T04:11:04.2250581Z ✔ live status drift aborts with original rows intact (1333.664803ms)
verify	Run pnpm verify	2026-10-06T04:11:05.3964444Z ✔ unexpected cascade/trigger changing a preserved table rolls back all deletes (1176.116936ms)
verify	Run pnpm verify	2026-10-06T04:11:05.4712658Z ✔ valid HTTP writes cannot be inflated by malformed, wrong role, wrong method or failed requests (1.974078ms)
verify	Run pnpm verify	2026-10-06T04:11:05.4770630Z ✔ target License wire sequence proves ExpiringSoon renewal and Renewed activation using real handlers and PostgreSQL (2851.347874ms)
verify	Run pnpm verify	2026-10-06T04:11:05.4791394Z ✔ recovery sub-gate checks all preserved tables without accepting full QA09 (1.398769ms)
verify	Run pnpm verify	2026-10-06T04:11:05.4823564Z ✔ version mismatch, missing migration and changed certificate/other business data fail closed (5.903624ms)
verify	Run pnpm verify	2026-10-06T04:11:05.4825064Z ✔ retirement evidence cannot hide wrong deleted IDs or lose preservation proof (0.723731ms)
verify	Run pnpm verify	2026-10-06T04:11:05.4825892Z ✔ retirement project has fixed source and never modifies readonly/migration runner (34.620042ms)
verify	Run pnpm verify	2026-10-06T04:11:05.4826749Z ✔ real Sync observation redacts secret domains and cannot treat delivery as firmware verification (1.278899ms)
verify	Run pnpm verify	2026-10-06T04:11:05.4827655Z ✔ receipt runner sends only RECEIVED and redacts complete snapshots even with device password hashes (0.94424ms)
verify	Run pnpm verify	2026-10-06T04:11:05.4828485Z ✔ receipt runner fails closed for mismatched snapshots and refused confirmation (0.32109ms)
verify	Run pnpm verify	2026-10-06T04:11:05.4829329Z ✔ 117 elements require both real viewport receipts (12.259364ms)
verify	Run pnpm verify	2026-10-06T04:11:05.4829972Z ✔ one failure fails all elements in the affected behavior group (2.335858ms)
verify	Run pnpm verify	2026-10-06T04:11:05.4830725Z ✔ Active dependent operations are explicit NOT_RUN, not successful disabled checks (1.42678ms)
verify	Run pnpm verify	2026-10-06T04:11:05.4831435Z ✔ duplicate, foreign and invalid viewport receipts fail closed (1.617475ms)
verify	Run pnpm verify	2026-10-06T04:11:05.4832041Z ✔ Defer and Reject failures also block the browser Gate (2.13628ms)
verify	Run pnpm verify	2026-10-06T04:11:05.4832725Z ✔ CSV proof rejects empty, foreign and malformed downloads while parsing quoted data (0.616691ms)
verify	Run pnpm verify	2026-10-06T04:11:05.4833494Z ✔ reopens own TLS session after same-clientId negative probe and closes on failure (1.417557ms)
verify	Run pnpm verify	2026-10-06T04:11:05.4834140Z ✔ foreign MQTT scope is rejected before connection (0.242072ms)
verify	Run pnpm verify	2026-10-06T04:11:05.4834917Z ✔ S3 fallback accepts exact owned version cleanup and rejects bucket, customer and pagination expansion (2.465031ms)
verify	Run pnpm verify	2026-10-06T04:11:05.4835695Z ✔ export scope rejects a foreign device before API, AWS or output writes (1.251288ms)
verify	Run pnpm verify	2026-10-06T04:11:05.4836498Z ✔ domain cleanup refuses live run, foreign customer name, missing DB cleanup and out-of-scope objects (1.240643ms)
verify	Run pnpm verify	2026-10-06T04:11:05.4837364Z ✔ unseeded identity cleanup rejects unfinished, foreign, seeded and pre-existing admin ledgers (2.356659ms)
verify	Run pnpm verify	2026-10-06T04:11:05.4838221Z ✔ Cognito canonical UUID is allowed only with exact own email and creation within this failed run (1.449143ms)
verify	Run pnpm verify	2026-10-06T04:11:05.4839072Z ✔ P95 uses all actual samples and rejects empty or invalid measurements (4.150648ms)
verify	Run pnpm verify	2026-10-06T04:11:05.4839788Z ✔ complete P95 excludes censored timeouts and refuses partial sample acceptance (0.33441ms)
verify	Run pnpm verify	2026-10-06T04:11:05.4840579Z ✔ performance summary refuses to report P95 PASS for missing or incomplete actual samples (68.996048ms)
verify	Run pnpm verify	2026-10-06T04:11:05.4841443Z ✔ read-only pool probe distinguishes one connection, recovery and incomplete capacity acceptance (5.248857ms)
verify	Run pnpm verify	2026-10-06T04:11:05.4842205Z ✔ observed connection-budget violation refuses a pool PASS receipt (2.733701ms)
verify	Run pnpm verify	2026-10-06T04:11:05.4842865Z ✔ foreign probe application name is rejected before database access (0.23429ms)
verify	Run pnpm verify	2026-10-06T04:11:05.4843667Z ✔ scheduled publishing overlaps slow PUBACK and drains failures without abandoning in-flight writes (24.045083ms)
verify	Run pnpm verify	2026-10-06T04:11:05.4844370Z ✔ only exact test account and readonly role accepted (0.70291ms)
verify	Run pnpm verify	2026-10-06T04:11:05.4844952Z ✔ stack identity, region, project and test tag fail closed (0.175693ms)
verify	Run pnpm verify	2026-10-06T04:11:05.4845552Z ✔ permission denial is unverified, never classified as absent (0.199238ms)
verify	Run pnpm verify	2026-10-06T04:11:05.4846208Z ✔ metadata health never promotes missing business evidence to AWS PASS (0.370333ms)
verify	Run pnpm verify	2026-10-06T04:11:05.4846926Z ✔ five groups with unconfirmed or disabled users do not prove usable identities (0.114231ms)
verify	Run pnpm verify	2026-10-06T04:11:05.4847813Z ✔ missing target receipts and version mismatch remain blockers (0.144406ms)
verify	Run pnpm verify	2026-10-06T04:11:05.4848630Z ✔ existing test environment requires neither new account nor stack and retains real-response/cleanup boundaries (0.437764ms)
verify	Run pnpm verify	2026-10-06T04:11:05.4849468Z ✔ real sub-scope acceptance cannot claim whole QA09 (2.06943ms)
verify	Run pnpm verify	2026-10-06T04:11:05.4850320Z ✔ unfinished execution, missing role probe and failed assertion rejected (0.281009ms)
verify	Run pnpm verify	2026-10-06T04:11:05.4851462Z ✔ missing cleanup, wrong target, secrets and source tampering rejected (1.985405ms)
verify	Run pnpm verify	2026-10-06T04:11:05.4852176Z ✔ identity cleanup only accepts this run and the five known role identities (0.957109ms)
verify	Run pnpm verify	2026-10-06T04:11:05.4852900Z ✔ record cleanup requires exact run namespace, not merely a partial prefix (0.302522ms)
verify	Run pnpm verify	2026-10-06T04:11:05.4853732Z ✔ recovery excludes explicitly later own SLO records without waiving original bytes or deadlines (23.423114ms)
verify	Run pnpm verify	2026-10-06T04:11:05.4854505Z ✔ later record exemption never includes other devices or customers (6.525633ms)
verify	Run pnpm verify	2026-10-06T04:11:06.1320588Z ✔ site compensation rejects foreign-route before any AWS command (265.836694ms)
verify	Run pnpm verify	2026-10-06T04:11:06.1372673Z ✔ site compensation rejects failed-cleanup before any AWS command (302.166869ms)
verify	Run pnpm verify	2026-10-06T04:11:06.1402066Z ✔ site compensation rejects unbound-parent before any AWS command (321.696119ms)
verify	Run pnpm verify	2026-10-06T04:11:06.1552557Z ✔ remaining target rejects foreign fixture before an API or database call (1.904724ms)
verify	Run pnpm verify	2026-10-06T04:11:06.1579915Z ✔ unproved license activation fails legal stage and independent stage failures remain explicit without credentials (1.006694ms)
verify	Run pnpm verify	2026-10-06T04:11:06.1581226Z ✔ per-request service throttling requires both unique IDs and bound access-row time/status, never minute metrics (0.7833ms)
verify	Run pnpm verify	2026-10-06T04:11:06.1590399Z ✔ QA09 rollout separates logging, budget and event publication and rejects silent phase mistakes (1.321764ms)
verify	Run pnpm verify	2026-10-06T04:11:06.4430993Z ✔ security retest rejects foreign fixture before any credential or live API access (1.122476ms)
verify	Run pnpm verify	2026-10-06T04:11:06.4464331Z ✔ six tampered tokens require HTTP rejection and keep credentials out of receipt (1.402194ms)
verify	Run pnpm verify	2026-10-06T04:11:06.4863441Z ✔ unknown seed outcome requires observed complete own set or proven empty set, never a blind retry (4.213261ms)
verify	Run pnpm verify	2026-10-06T04:11:10.6937156Z ✔ semantic SQL creates two scoped read models without lifecycle or authentication claims and refuses reuse (2551.180891ms)
verify	Run pnpm verify	2026-10-06T04:11:10.6938379Z ✔ semantic SQL refuses scope/state drift: lifecycle_status='Active' (330.782396ms)
verify	Run pnpm verify	2026-10-06T04:11:10.6959863Z ✔ semantic SQL refuses scope/state drift: site_id=NULL (265.89391ms)
verify	Run pnpm verify	2026-10-06T04:11:10.6990298Z ✔ semantic SQL refuses scope/state drift: customer_id='22222222-2222-2222-2222-222222222222' WHERE customer_id='11111111-1111-1111-1111-111111111111' (305.962687ms)
verify	Run pnpm verify	2026-10-06T04:11:10.7011447Z ✔ semantic SQL refuses scope/state drift: name='outside' (306.072051ms)
verify	Run pnpm verify	2026-10-06T04:11:10.7012914Z ✔ platform exports require the exact ledger and own frozen filters; foreign jobs remain unchanged (420.992159ms)
verify	Run pnpm verify	2026-10-06T04:11:10.7551945Z ✔ business session cleanup never accepts a foreign email id role scope or lifecycle (1.178329ms)
verify	Run pnpm verify	2026-10-06T04:11:10.7552486Z ✔ session fixtures require exact own customer and site binding before cleanup (0.350723ms)
verify	Run pnpm verify	2026-10-06T04:11:10.7552889Z ✔ complete narrow real-environment scope never accepts full QA09 (5.796775ms)
verify	Run pnpm verify	2026-10-06T04:11:10.7553329Z ✔ missing mTLS, shared keys, different ingress/archive bytes and missing cleanup fail closed (1.611105ms)
verify	Run pnpm verify	2026-10-06T04:11:10.8434094Z ✔ CodeBuild inline source fits service limit and decompresses to exact reviewed bytes (19.79726ms)
verify	Run pnpm verify	2026-10-06T04:11:10.8435259Z ✔ exact own-ten plan rejects expansion, historical identity and wrong customer namespace (11.748492ms)
verify	Run pnpm verify	2026-10-06T04:11:10.8436255Z ✔ real SQL creates exact fixtures and cleanup preserves original devices/certificates (1823.607402ms)
verify	Run pnpm verify	2026-10-06T04:11:10.8437674Z ✔ unexpected original-data trigger mutation rolls back fixture creation (888.802993ms)
verify	Run pnpm verify	2026-10-06T04:11:10.8438506Z ✔ processing provisioning job prevents cleanup without deleting any own devices (848.523562ms)
verify	Run pnpm verify	2026-10-06T04:11:10.8439493Z ✔ CSR proofs bind method, path, request ID, timestamp, nonce and independent key (101.340083ms)
verify	Run pnpm verify	2026-10-06T04:11:11.5224439Z ✔ closed-fixture audit and request outbox cleanup require ledger and preserve unrelated events (677.278825ms)
verify	Run pnpm verify	2026-10-06T04:11:12.2124495Z ✔ closed-fixture access rejects missing approval audit and live customer (691.913235ms)
verify	Run pnpm verify	2026-10-06T04:11:12.8851039Z ✔ unseeded capacity attempt has read-only empty audit with deleted customers and fixed original baseline (670.472741ms)
verify	Run pnpm verify	2026-10-06T04:11:13.5700718Z ✔ business-only Onboarded fixtures preserve original rows, refuse reuse and make no certificate/authentication claim (684.664732ms)
verify	Run pnpm verify	2026-10-06T04:11:14.2470572Z ✔ unseeded timeout audit reads only exact prefix and cannot mutate original or retry customer creation (678.190826ms)
verify	Run pnpm verify	2026-10-06T04:11:14.9139950Z ✔ active lifecycle fixture changes exactly two own states and never claims a natural path (667.051784ms)
verify	Run pnpm verify	2026-10-06T04:11:15.5809528Z ✔ capacity probe executes a read-only transaction and leaves fixture and original rows unchanged (667.318312ms)
verify	Run pnpm verify	2026-10-06T04:11:15.5810445Z ✔ review-only mode cannot run without an explicit review hook or with unknown options (0.71657ms)
verify	Run pnpm verify	2026-10-06T04:11:15.5811235Z ✔ fixture CLI distinguishes expired SSO from authorization rejection and transport timeouts (0.260829ms)
verify	Run pnpm verify	2026-10-06T04:11:15.6336342Z ✔ version binding preserves prior defaults and accepts exact new target (1.280703ms)
verify	Run pnpm verify	2026-10-06T04:11:15.6336844Z ✔ invalid version input is rejected before any AWS operation (0.378666ms)
verify	Run pnpm verify	2026-10-06T04:11:15.6337254Z ✔ all delivered writes have an explicit permission and own or absent object path (1.410626ms)
verify	Run pnpm verify	2026-10-06T04:11:15.6337723Z ✔ identical claims still change signed payload bytes rather than unused base64 signature bits (0.250304ms)
verify	Run pnpm verify	2026-10-06T04:11:15.6338204Z ✔ Gateway 403 rejects tampered signatures while protected 2xx must fail (7.520759ms)
verify	Run pnpm verify	2026-10-06T04:11:15.6338663Z ✔ quick has exact cadence, 24 historical hours, 30x burst, 5% duplicates and 2% delayed delivery (8.352421ms)
verify	Run pnpm verify	2026-10-06T04:11:15.6339603Z ✔ full plan contains 86400 historical Telemetry samples for 10 devices at 10-second cadence (308.697931ms)
verify	Run pnpm verify	2026-10-06T04:11:15.6340137Z ✔ unknown profile fails closed (0.425255ms)
verify	Run pnpm verify	2026-10-06T04:11:15.6340427Z ✔ P95 uses nearest rank and does not mutate input (0.298286ms)
verify	Run pnpm verify	2026-10-06T04:11:15.6340695Z ✔ invalid latency  rejected (0.15456ms)
verify	Run pnpm verify	2026-10-06T04:11:15.6340902Z ✔ invalid latency NaN rejected (0.094521ms)
verify	Run pnpm verify	2026-10-06T04:11:15.6341130Z ✔ invalid latency Infinity rejected (0.10028ms)
verify	Run pnpm verify	2026-10-06T04:11:15.6341353Z ✔ invalid latency -1 rejected (0.111236ms)
verify	Run pnpm verify	2026-10-06T04:11:15.6341684Z ✔ independent checker verifies count average min max and UTC buckets (0.647727ms)
verify	Run pnpm verify	2026-10-06T04:11:15.6341993Z ✔ complete reliability proof passes (1.599518ms)
verify	Run pnpm verify	2026-10-06T04:11:15.6342307Z ✔ Gate rejects missing trace (3.206698ms)
verify	Run pnpm verify	2026-10-06T04:11:15.6342649Z ✔ Gate rejects duplicate trace (1.016177ms)
verify	Run pnpm verify	2026-10-06T04:11:15.6342992Z ✔ Gate rejects failed cleanup (0.866634ms)
verify	Run pnpm verify	2026-10-06T04:11:15.6343320Z ✔ Gate rejects wrong profile (5.150801ms)
verify	Run pnpm verify	2026-10-06T04:11:15.6343656Z ✔ Gate rejects wrong cadence (1.125801ms)
verify	Run pnpm verify	2026-10-06T04:11:15.6344006Z ✔ Gate rejects untracked loss (3.154119ms)
verify	Run pnpm verify	2026-10-06T04:11:15.6344324Z ✔ Gate rejects duplicate business row (0.87766ms)
verify	Run pnpm verify	2026-10-06T04:11:15.6345142Z ✔ Gate rejects missing archive (0.866264ms)
verify	Run pnpm verify	2026-10-06T04:11:15.6345469Z ✔ Gate rejects missing reorder (0.859384ms)
verify	Run pnpm verify	2026-10-06T04:11:15.6345793Z ✔ Gate rejects missing retry (5.192613ms)
verify	Run pnpm verify	2026-10-06T04:11:15.6346143Z ✔ Gate rejects unresolved gap (1.060153ms)
verify	Run pnpm verify	2026-10-06T04:11:15.6346475Z ✔ Gate rejects worker not paused (3.969307ms)
verify	Run pnpm verify	2026-10-06T04:11:15.6346688Z ✔ Gate rejects no backlog (1.022898ms)
verify	Run pnpm verify	2026-10-06T04:11:15.6347088Z ✔ Gate rejects unscoped replay (0.891561ms)
verify	Run pnpm verify	2026-10-06T04:11:15.6347320Z ✔ Gate rejects duplicate MQTT publish (3.707215ms)
verify	Run pnpm verify	2026-10-06T04:11:15.6347586Z ✔ Gate rejects late ACK changed terminal state (0.998921ms)
verify	Run pnpm verify	2026-10-06T04:11:15.6347843Z ✔ Gate rejects telemetry P95 failed (0.998431ms)
verify	Run pnpm verify	2026-10-06T04:11:15.6348079Z ✔ Gate rejects command P95 failed (15.312273ms)
verify	Run pnpm verify	2026-10-06T04:11:15.6348293Z ✔ Gate rejects NaN P95 (2.273264ms)
verify	Run pnpm verify	2026-10-06T04:11:15.6348515Z ✔ Gate rejects missing latency samples (2.935443ms)
verify	Run pnpm verify	2026-10-06T04:11:15.6349068Z ✔ security receipt accepts complete execution and all observed acceptance proofs (6.865841ms)
verify	Run pnpm verify	2026-10-06T04:11:15.6349434Z ✔ execution fails closed: deleted required test (1.318018ms)
verify	Run pnpm verify	2026-10-06T04:11:15.6349698Z ✔ execution fails closed: missing file (0.236904ms)
verify	Run pnpm verify	2026-10-06T04:11:15.6349945Z ✔ execution fails closed: pending test (0.259838ms)
verify	Run pnpm verify	2026-10-06T04:11:15.6350211Z ✔ execution fails closed: failed test (2.219604ms)
verify	Run pnpm verify	2026-10-06T04:11:15.6350457Z ✔ proof fails closed: missing proof (0.303133ms)
verify	Run pnpm verify	2026-10-06T04:11:15.6350720Z ✔ proof fails closed: reused prefix (0.457623ms)
verify	Run pnpm verify	2026-10-06T04:11:15.6351010Z ✔ proof fails closed: cleanup incomplete (0.457693ms)
verify	Run pnpm verify	2026-10-06T04:11:15.6351287Z ✔ proof fails closed: expired JWT accepted (0.204675ms)
verify	Run pnpm verify	2026-10-06T04:11:15.6351570Z ✔ proof fails closed: missing write operation (1.145761ms)
verify	Run pnpm verify	2026-10-06T04:11:15.6351846Z ✔ proof fails closed: forged identity accepted (0.329902ms)
verify	Run pnpm verify	2026-10-06T04:11:15.6352163Z ✔ proof fails closed: route resolved before auth (0.184446ms)
verify	Run pnpm verify	2026-10-06T04:11:15.6352492Z ✔ proof fails closed: cross tenant allowed (0.440317ms)
verify	Run pnpm verify	2026-10-06T04:11:15.6352787Z ✔ proof fails closed: unauthorized side effect (0.343993ms)
verify	Run pnpm verify	2026-10-06T04:11:15.6353071Z ✔ proof fails closed: prototype pollution (0.544904ms)
verify	Run pnpm verify	2026-10-06T04:11:15.6353370Z ✔ proof fails closed: malicious media signed (0.178316ms)
verify	Run pnpm verify	2026-10-06T04:11:15.6353667Z ✔ proof fails closed: malicious media persisted (0.137515ms)
verify	Run pnpm verify	2026-10-06T04:11:15.6353956Z ✔ proof fails closed: leak ignored (0.910029ms)
verify	Run pnpm verify	2026-10-06T04:11:15.6354232Z ✔ proof fails closed: unscanned audit (0.358746ms)
verify	Run pnpm verify	2026-10-06T04:11:15.6354499Z ✔ proof fails closed: unscanned snapshot (0.479125ms)
verify	Run pnpm verify	2026-10-06T04:11:15.6354802Z ✔ proof fails closed: partial response scan (0.164796ms)
verify	Run pnpm verify	2026-10-06T04:11:15.6355257Z ✔ independent scanner rejects nested secrets raw JWT Error private key and signed URL without echoing values (1.59367ms)
verify	Run pnpm verify	2026-10-06T04:11:15.6355798Z ✔ scanner detects opaque canary leakage and permits null redacted values and public certificate (0.126559ms)
verify	Run pnpm verify	2026-10-06T04:11:15.6356110Z ℹ tests 549
verify	Run pnpm verify	2026-10-06T04:11:15.6356238Z ℹ suites 0
verify	Run pnpm verify	2026-10-06T04:11:15.6356375Z ℹ pass 549
verify	Run pnpm verify	2026-10-06T04:11:15.6356497Z ℹ fail 0
verify	Run pnpm verify	2026-10-06T04:11:15.6356619Z ℹ cancelled 0
verify	Run pnpm verify	2026-10-06T04:11:15.6356766Z ℹ skipped 0
verify	Run pnpm verify	2026-10-06T04:11:15.6356889Z ℹ todo 0
verify	Run pnpm verify	2026-10-06T04:11:15.6357049Z ℹ duration_ms 24575.253338
verify	Run pnpm verify	2026-10-06T04:11:15.8389743Z 
verify	Run pnpm verify	2026-10-06T04:11:15.8391175Z > food-digester-platform@0.0.0 build /home/runner/work/food-digester-platform/food-digester-platform
verify	Run pnpm verify	2026-10-06T04:11:15.8392142Z > turbo run build
verify	Run pnpm verify	2026-10-06T04:11:15.8392362Z 
verify	Run pnpm verify	2026-10-06T04:11:15.8779465Z 
verify	Run pnpm verify	2026-10-06T04:11:15.8802518Z    • Packages in scope: @fdp/admin-web, @fdp/archive-worker, @fdp/auth, @fdp/aws-clients, @fdp/cloud-api, @fdp/contracts, @fdp/database, @fdp/domain, @fdp/infra, @fdp/ingestion-worker, @fdp/media, @fdp/observability, @fdp/summary-worker
verify	Run pnpm verify	2026-10-06T04:11:15.8803588Z    • Running build in 13 packages
verify	Run pnpm verify	2026-10-06T04:11:15.8803875Z    • Remote caching disabled
verify	Run pnpm verify	2026-10-06T04:11:15.8804025Z 
verify	Run pnpm verify	2026-10-06T04:11:15.8890060Z ##[group]@fdp/contracts:build
verify	Run pnpm verify	2026-10-06T04:11:15.8890973Z cache hit, replaying logs badb40bf08f6da73
verify	Run pnpm verify	2026-10-06T04:11:15.8902828Z 
verify	Run pnpm verify	2026-10-06T04:11:15.8904322Z > @fdp/contracts@0.0.0 build /home/runner/work/food-digester-platform/food-digester-platform/contracts
verify	Run pnpm verify	2026-10-06T04:11:15.8906147Z > node -e "console.log('@fdp/contracts 为源码契约包：内部使用 .ts 扩展名互引，不经 tsc 构建；消费方经 tsx/打包器直接使用源码')"
verify	Run pnpm verify	2026-10-06T04:11:15.8906464Z 
verify	Run pnpm verify	2026-10-06T04:11:15.8907135Z @fdp/contracts 为源码契约包：内部使用 .ts 扩展名互引，不经 tsc 构建；消费方经 tsx/打包器直接使用源码
verify	Run pnpm verify	2026-10-06T04:11:15.8907686Z ##[endgroup]
verify	Run pnpm verify	2026-10-06T04:11:15.8908059Z ##[group]@fdp/database:generate
verify	Run pnpm verify	2026-10-06T04:11:15.8908357Z cache hit, replaying logs 6f29d7861b790d41
verify	Run pnpm verify	2026-10-06T04:11:15.8908525Z 
verify	Run pnpm verify	2026-10-06T04:11:15.8908925Z > @fdp/database@0.0.0 generate /home/runner/work/food-digester-platform/food-digester-platform/packages/database
verify	Run pnpm verify	2026-10-06T04:11:15.8909223Z > prisma generate
verify	Run pnpm verify	2026-10-06T04:11:15.8909298Z 
verify	Run pnpm verify	2026-10-06T04:11:15.8909393Z Loaded Prisma config from prisma.config.ts.
verify	Run pnpm verify	2026-10-06T04:11:15.8909525Z 
verify	Run pnpm verify	2026-10-06T04:11:15.8909627Z Prisma schema loaded from prisma/schema.prisma.
verify	Run pnpm verify	2026-10-06T04:11:15.8909750Z 
verify	Run pnpm verify	2026-10-06T04:11:15.8909936Z ✔ Generated Prisma Client (7.9.1) to ./src/generated in 968ms
verify	Run pnpm verify	2026-10-06T04:11:15.8910127Z 
verify	Run pnpm verify	2026-10-06T04:11:15.8910359Z ##[endgroup]
verify	Run pnpm verify	2026-10-06T04:11:15.8910703Z ##[group]@fdp/aws-clients:build
verify	Run pnpm verify	2026-10-06T04:11:15.8911014Z cache hit, replaying logs 72b741ff8e28f9c8
verify	Run pnpm verify	2026-10-06T04:11:15.8911207Z 
verify	Run pnpm verify	2026-10-06T04:11:15.8911630Z > @fdp/aws-clients@0.0.0 build /home/runner/work/food-digester-platform/food-digester-platform/packages/aws-clients
verify	Run pnpm verify	2026-10-06T04:11:15.8912126Z > tsc -p tsconfig.build.json
verify	Run pnpm verify	2026-10-06T04:11:15.8912282Z 
verify	Run pnpm verify	2026-10-06T04:11:15.8912485Z ##[endgroup]
verify	Run pnpm verify	2026-10-06T04:11:15.8912789Z ##[group]@fdp/domain:build
verify	Run pnpm verify	2026-10-06T04:11:15.8913069Z cache hit, replaying logs 47ef0249a0b99843
verify	Run pnpm verify	2026-10-06T04:11:15.8913246Z 
verify	Run pnpm verify	2026-10-06T04:11:15.8913628Z > @fdp/domain@0.0.0 build /home/runner/work/food-digester-platform/food-digester-platform/packages/domain
verify	Run pnpm verify	2026-10-06T04:11:15.8914105Z > tsc -p tsconfig.build.json
verify	Run pnpm verify	2026-10-06T04:11:15.8914251Z 
verify	Run pnpm verify	2026-10-06T04:11:15.8914450Z ##[endgroup]
verify	Run pnpm verify	2026-10-06T04:11:15.8914749Z ##[group]@fdp/observability:build
verify	Run pnpm verify	2026-10-06T04:11:15.8915035Z cache hit, replaying logs b22046eabd7182a9
verify	Run pnpm verify	2026-10-06T04:11:15.8915200Z 
verify	Run pnpm verify	2026-10-06T04:11:15.8915618Z > @fdp/observability@0.0.0 build /home/runner/work/food-digester-platform/food-digester-platform/packages/observability
verify	Run pnpm verify	2026-10-06T04:11:15.8916059Z > tsc -p tsconfig.build.json
verify	Run pnpm verify	2026-10-06T04:11:15.8916155Z 
verify	Run pnpm verify	2026-10-06T04:11:15.8916332Z ##[endgroup]
verify	Run pnpm verify	2026-10-06T04:11:15.8916526Z ##[group]@fdp/database:build
verify	Run pnpm verify	2026-10-06T04:11:15.8916701Z cache hit, replaying logs d2e9504f281a7867
verify	Run pnpm verify	2026-10-06T04:11:15.8916812Z 
verify	Run pnpm verify	2026-10-06T04:11:15.8917042Z > @fdp/database@0.0.0 build /home/runner/work/food-digester-platform/food-digester-platform/packages/database
verify	Run pnpm verify	2026-10-06T04:11:15.8917337Z > tsc -p tsconfig.build.json
verify	Run pnpm verify	2026-10-06T04:11:15.8917428Z 
verify	Run pnpm verify	2026-10-06T04:11:15.8917551Z ##[endgroup]
verify	Run pnpm verify	2026-10-06T04:11:15.8917746Z ##[group]@fdp/auth:build
verify	Run pnpm verify	2026-10-06T04:11:15.8917914Z cache hit, replaying logs 161d25a0bb288877
verify	Run pnpm verify	2026-10-06T04:11:15.8918021Z 
verify	Run pnpm verify	2026-10-06T04:11:15.8918232Z > @fdp/auth@0.0.0 build /home/runner/work/food-digester-platform/food-digester-platform/packages/auth
verify	Run pnpm verify	2026-10-06T04:11:15.8918504Z > tsc -p tsconfig.build.json
verify	Run pnpm verify	2026-10-06T04:11:15.8918596Z 
verify	Run pnpm verify	2026-10-06T04:11:15.8918925Z ##[endgroup]
verify	Run pnpm verify	2026-10-06T04:11:15.8919115Z ##[group]@fdp/media:build
verify	Run pnpm verify	2026-10-06T04:11:15.8919288Z cache hit, replaying logs 8b966babc723bb0c
verify	Run pnpm verify	2026-10-06T04:11:15.8919399Z 
verify	Run pnpm verify	2026-10-06T04:11:15.8919686Z > @fdp/media@0.0.0 build /home/runner/work/food-digester-platform/food-digester-platform/packages/media
verify	Run pnpm verify	2026-10-06T04:11:15.8920133Z > tsc -p tsconfig.build.json
verify	Run pnpm verify	2026-10-06T04:11:15.8920276Z 
verify	Run pnpm verify	2026-10-06T04:11:15.8920467Z ##[endgroup]
verify	Run pnpm verify	2026-10-06T04:11:20.5958924Z ##[group]@fdp/archive-worker:build
verify	Run pnpm verify	2026-10-06T04:11:20.5989557Z cache miss, executing a0e6c0cec6c3151d
verify	Run pnpm verify	2026-10-06T04:11:20.6040979Z 
verify	Run pnpm verify	2026-10-06T04:11:20.6100192Z > @fdp/archive-worker@0.0.0 build /home/runner/work/food-digester-platform/food-digester-platform/apps/archive-worker
verify	Run pnpm verify	2026-10-06T04:11:20.6101817Z > tsc -p tsconfig.build.json
verify	Run pnpm verify	2026-10-06T04:11:20.6102127Z 
verify	Run pnpm verify	2026-10-06T04:11:20.6102595Z ##[endgroup]
verify	Run pnpm verify	2026-10-06T04:11:21.1600673Z ##[group]@fdp/summary-worker:build
verify	Run pnpm verify	2026-10-06T04:11:21.1619569Z cache miss, executing 77d113d7dc4b62c3
verify	Run pnpm verify	2026-10-06T04:11:21.1649373Z 
verify	Run pnpm verify	2026-10-06T04:11:21.1672641Z > @fdp/summary-worker@0.0.0 build /home/runner/work/food-digester-platform/food-digester-platform/apps/summary-worker
verify	Run pnpm verify	2026-10-06T04:11:21.1713228Z > tsc -p tsconfig.build.json
verify	Run pnpm verify	2026-10-06T04:11:21.1744660Z 
verify	Run pnpm verify	2026-10-06T04:11:21.1750190Z ##[endgroup]
verify	Run pnpm verify	2026-10-06T04:11:22.7180090Z ##[group]@fdp/ingestion-worker:build
verify	Run pnpm verify	2026-10-06T04:11:22.7180885Z cache miss, executing 936ac9a6e582a305
verify	Run pnpm verify	2026-10-06T04:11:22.7181433Z 
verify	Run pnpm verify	2026-10-06T04:11:22.7210035Z > @fdp/ingestion-worker@0.0.0 build /home/runner/work/food-digester-platform/food-digester-platform/apps/ingestion-worker
verify	Run pnpm verify	2026-10-06T04:11:22.7220728Z > tsc -p tsconfig.build.json
verify	Run pnpm verify	2026-10-06T04:11:22.7221222Z 
verify	Run pnpm verify	2026-10-06T04:11:22.7221860Z ##[endgroup]
verify	Run pnpm verify	2026-10-06T04:11:23.5494894Z ##[group]@fdp/infra:build
verify	Run pnpm verify	2026-10-06T04:11:23.5517142Z cache miss, executing ae15db771adc85e4
verify	Run pnpm verify	2026-10-06T04:11:23.5529421Z 
verify	Run pnpm verify	2026-10-06T04:11:23.5530420Z > @fdp/infra@0.0.0 build /home/runner/work/food-digester-platform/food-digester-platform/infra
verify	Run pnpm verify	2026-10-06T04:11:23.5530976Z > tsc -p tsconfig.build.json
verify	Run pnpm verify	2026-10-06T04:11:23.5531256Z 
verify	Run pnpm verify	2026-10-06T04:11:23.5550298Z ##[endgroup]
verify	Run pnpm verify	2026-10-06T04:11:24.4463592Z ##[group]@fdp/cloud-api:build
verify	Run pnpm verify	2026-10-06T04:11:24.4463941Z cache miss, executing f68e31080bcf62ee
verify	Run pnpm verify	2026-10-06T04:11:24.4464206Z 
verify	Run pnpm verify	2026-10-06T04:11:24.4464933Z > @fdp/cloud-api@0.0.0 build /home/runner/work/food-digester-platform/food-digester-platform/apps/cloud-api
verify	Run pnpm verify	2026-10-06T04:11:24.4465364Z > tsc -p tsconfig.build.json
verify	Run pnpm verify	2026-10-06T04:11:24.4465563Z 
verify	Run pnpm verify	2026-10-06T04:11:24.4465931Z ##[endgroup]
verify	Run pnpm verify	2026-10-06T04:11:26.3570124Z ##[group]@fdp/admin-web:build
verify	Run pnpm verify	2026-10-06T04:11:26.3570612Z cache miss, executing e6f245876b04286c
verify	Run pnpm verify	2026-10-06T04:11:26.3570864Z 
verify	Run pnpm verify	2026-10-06T04:11:26.3571285Z > @fdp/admin-web@0.0.0 build /home/runner/work/food-digester-platform/food-digester-platform/apps/admin-web
verify	Run pnpm verify	2026-10-06T04:11:26.3571860Z > tsc -p tsconfig.build.json && vite build
verify	Run pnpm verify	2026-10-06T04:11:26.3572055Z 
verify	Run pnpm verify	2026-10-06T04:11:26.3572495Z ^[[36mvite v8.2.2 ^[[32mbuilding client environment for production...^[[36m^[[39m
verify	Run pnpm verify	2026-10-06T04:11:26.3572744Z transforming...
verify	Run pnpm verify	2026-10-06T04:11:26.3572930Z ✓ 1609 modules transformed.
verify	Run pnpm verify	2026-10-06T04:11:26.3573089Z rendering chunks...
verify	Run pnpm verify	2026-10-06T04:11:26.3573224Z computing gzip size...
verify	Run pnpm verify	2026-10-06T04:11:26.3573479Z dist/web/index.html                     0.46 kB │ gzip:   0.32 kB
verify	Run pnpm verify	2026-10-06T04:11:26.3573795Z dist/web/assets/index-CecZB0A0.css     19.08 kB │ gzip:   5.07 kB
verify	Run pnpm verify	2026-10-06T04:11:26.3574114Z dist/web/assets/index-D1EpTElP.js   1,357.74 kB │ gzip: 417.92 kB
verify	Run pnpm verify	2026-10-06T04:11:26.3574252Z 
verify	Run pnpm verify	2026-10-06T04:11:26.3574344Z ^[[32m✓ built in 381ms^[[39m
verify	Run pnpm verify	2026-10-06T04:11:26.3574532Z ^[[33m[plugin builtin:vite-reporter] 
verify	Run pnpm verify	2026-10-06T04:11:26.3574793Z (!) Some chunks are larger than 500 kB after minification. Consider:
verify	Run pnpm verify	2026-10-06T04:11:26.3575058Z - Using dynamic import() to code-split the application
verify	Run pnpm verify	2026-10-06T04:11:26.3575501Z - Use build.rolldownOptions.output.codeSplitting to improve chunking: https://rolldown.rs/reference/OutputOptions.codeSplitting
verify	Run pnpm verify	2026-10-06T04:11:26.3576000Z - Adjust chunk size limit for this warning via build.chunkSizeWarningLimit.^[[39m
verify	Run pnpm verify	2026-10-06T04:11:26.3576332Z ##[endgroup]
verify	Run pnpm verify	2026-10-06T04:11:26.3597060Z 
verify	Run pnpm verify	2026-10-06T04:11:26.3597487Z  Tasks:    14 successful, 14 total
verify	Run pnpm verify	2026-10-06T04:11:26.3597795Z Cached:    8 cached, 14 total
verify	Run pnpm verify	2026-10-06T04:11:26.3598015Z   Time:    10.495s 
verify	Run pnpm verify	2026-10-06T04:11:26.3598133Z 
verify	Run pnpm verify	2026-10-06T04:11:26.5740826Z 
verify	Run pnpm verify	2026-10-06T04:11:26.5741912Z > food-digester-platform@0.0.0 check:boundaries /home/runner/work/food-digester-platform/food-digester-platform
verify	Run pnpm verify	2026-10-06T04:11:26.5742539Z > node scripts/check-boundaries.mjs
verify	Run pnpm verify	2026-10-06T04:11:26.5742723Z 
verify	Run pnpm verify	2026-10-06T04:11:26.5955578Z 检查 13 个工作区包
verify	Run pnpm verify	2026-10-06T04:11:26.5955969Z 模块边界与循环依赖检查通过
verify	Run pnpm verify	2026-10-06T04:11:26.7759527Z 
verify	Run pnpm verify	2026-10-06T04:11:26.7760572Z > food-digester-platform@0.0.0 check:schemas /home/runner/work/food-digester-platform/food-digester-platform
verify	Run pnpm verify	2026-10-06T04:11:26.7761211Z > node scripts/check-schemas.mjs
verify	Run pnpm verify	2026-10-06T04:11:26.7761385Z 
verify	Run pnpm verify	2026-10-06T04:11:26.8857792Z OpenAPI / JSON Schema 校验通过
verify	Run pnpm verify	2026-10-06T04:11:27.0662828Z 
verify	Run pnpm verify	2026-10-06T04:11:27.0664047Z > food-digester-platform@0.0.0 check:migrations /home/runner/work/food-digester-platform/food-digester-platform
verify	Run pnpm verify	2026-10-06T04:11:27.0664528Z > node scripts/check-migrations.mjs
verify	Run pnpm verify	2026-10-06T04:11:27.0664657Z 
verify	Run pnpm verify	2026-10-06T04:11:29.7441414Z Migration 结构与 Prisma Schema 漂移检查通过
verify	Run pnpm verify	2026-10-06T04:11:29.9245220Z 
verify	Run pnpm verify	2026-10-06T04:11:29.9246246Z > food-digester-platform@0.0.0 check:evidence /home/runner/work/food-digester-platform/food-digester-platform
verify	Run pnpm verify	2026-10-06T04:11:29.9246884Z > node scripts/check-eng-db-dom-evidence.mjs
verify	Run pnpm verify	2026-10-06T04:11:29.9247089Z 
verify	Run pnpm verify	2026-10-06T04:11:29.9520641Z ENG/DB/DOM/IAC/AUTH/SEC/BE-IOT/BE-ARC/RPL/ESG/管理后台业务与前端 证据与开发文档检查通过
verify	Run pnpm verify	2026-10-06T04:11:30.1369516Z 
verify	Run pnpm verify	2026-10-06T04:11:30.1370298Z > food-digester-platform@0.0.0 check:secrets /home/runner/work/food-digester-platform/food-digester-platform
verify	Run pnpm verify	2026-10-06T04:11:30.1370678Z > node scripts/check-secrets.mjs
verify	Run pnpm verify	2026-10-06T04:11:30.1370787Z 
verify	Run pnpm verify	2026-10-06T04:11:30.4617226Z 敏感信息扫描通过
verify	Run pnpm verify	2026-10-06T04:11:30.6885152Z 
verify	Run pnpm verify	2026-10-06T04:11:30.6886367Z > food-digester-platform@0.0.0 check:sensitive-sinks /home/runner/work/food-digester-platform/food-digester-platform
verify	Run pnpm verify	2026-10-06T04:11:30.6887249Z > node scripts/check-sensitive-sinks.mjs
verify	Run pnpm verify	2026-10-06T04:11:30.6887528Z 
verify	Run pnpm verify	2026-10-06T04:11:30.7347664Z 生产日志与 Trace sink 脱敏门禁通过
verify	Run pnpm verify	2026-10-06T04:11:30.9171442Z 
verify	Run pnpm verify	2026-10-06T04:11:30.9172514Z > food-digester-platform@0.0.0 check:admin-web-delivery /home/runner/work/food-digester-platform/food-digester-platform
verify	Run pnpm verify	2026-10-06T04:11:30.9173163Z > node scripts/check-admin-web-delivery.mjs
verify	Run pnpm verify	2026-10-06T04:11:30.9173366Z 
verify	Run pnpm verify	2026-10-06T04:11:30.9585530Z 管理后台交付检查通过：入口、组合根、路由页面、OpenAPI operationId、CSS 与浏览器构建产物均已就绪
verify	Run pnpm verify	2026-10-06T04:11:31.1340920Z 
verify	Run pnpm verify	2026-10-06T04:11:31.1342093Z > food-digester-platform@0.0.0 check:admin-web-e2e /home/runner/work/food-digester-platform/food-digester-platform
verify	Run pnpm verify	2026-10-06T04:11:31.1342744Z > pnpm --filter @fdp/admin-web test:e2e
verify	Run pnpm verify	2026-10-06T04:11:31.1342942Z 
verify	Run pnpm verify	2026-10-06T04:11:31.3125494Z 
verify	Run pnpm verify	2026-10-06T04:11:31.3126517Z > @fdp/admin-web@0.0.0 test:e2e /home/runner/work/food-digester-platform/food-digester-platform/apps/admin-web
verify	Run pnpm verify	2026-10-06T04:11:31.3127127Z > playwright test
verify	Run pnpm verify	2026-10-06T04:11:31.3127260Z 
verify	Run pnpm verify	2026-10-06T04:11:36.5684918Z [WebServer] [plugin builtin:vite-reporter] 
verify	Run pnpm verify	2026-10-06T04:11:36.5685816Z [WebServer] (!) Some chunks are larger than 500 kB after minification. Consider:
verify	Run pnpm verify	2026-10-06T04:11:36.5686523Z [WebServer] - Using dynamic import() to code-split the application
verify	Run pnpm verify	2026-10-06T04:11:36.5687383Z [WebServer] - Use build.rolldownOptions.output.codeSplitting to improve chunking: https://rolldown.rs/reference/OutputOptions.codeSplitting
verify	Run pnpm verify	2026-10-06T04:11:36.5688289Z [WebServer] - Adjust chunk size limit for this warning via build.chunkSizeWarningLimit.
verify	Run pnpm verify	2026-10-06T04:11:36.5697111Z 
verify	Run pnpm verify	2026-10-06T04:11:37.5566683Z 
verify	Run pnpm verify	2026-10-06T04:11:37.5567397Z Running 36 tests using 1 worker
verify	Run pnpm verify	2026-10-06T04:11:37.5567647Z 
verify	Run pnpm verify	2026-10-06T04:11:37.8141687Z [1/36] e2e/admin-web.spec.ts:15:1 › H-01 API 拒绝停用会话后清除浏览器会话并返回登录
verify	Run pnpm verify	2026-10-06T04:11:38.3478659Z [2/36] e2e/admin-web.spec.ts:42:1 › M-01 CustomerViewer 从菜单查询设备用户详情，全部写入口隐藏
verify	Run pnpm verify	2026-10-06T04:11:38.8053056Z [3/36] e2e/admin-web.spec.ts:88:1 › 无 Token 安全回登录；五角色菜单和受限路由均由组合根守卫
verify	Run pnpm verify	2026-10-06T04:11:41.5457673Z [4/36] e2e/admin-web.spec.ts:116:1 › 刷新失败清会话，API 403 保留会话并呈现无权
verify	Run pnpm verify	2026-10-06T04:11:42.1422279Z [5/36] e2e/admin-web.spec.ts:138:1 › Customer scope 与 Dashboard 离线/无 entitlement 动作在真实浏览器失败关闭
verify	Run pnpm verify	2026-10-06T04:11:42.6755553Z [6/36] e2e/admin-web.spec.ts:175:1 › Onboarding 审批双击只提交一次，展示录入来源和证书状态
verify	Run pnpm verify	2026-10-06T04:11:43.1797089Z [7/36] e2e/admin-web.spec.ts:220:1 › Customer/Site CRUD 关键路径：创建、非法时区、关联停用提示与 409
verify	Run pnpm verify	2026-10-06T04:11:44.8991997Z [8/36] e2e/admin-web.spec.ts:343:1 › 1440/768/375 响应式布局、横向表格和对话框键盘边界
verify	Run pnpm verify	2026-10-06T04:11:46.6116854Z [9/36] e2e/admin-web.spec.ts:429:1 › FE-06 至 FE-10 六个生产路由可运行，并覆盖成功、空态、分页入口、时区与响应式
verify	Run pnpm verify	2026-10-06T04:11:48.1040097Z [10/36] e2e/admin-web.spec.ts:471:1 › FE-06 至 FE-10 在 403/404、Customer scope、详情焦点与重复提交场景失败关闭
verify	Run pnpm verify	2026-10-06T04:11:49.9419315Z [11/36] e2e/admin-web.spec.ts:547:1 › FE-11 至 FE-15 七个生产路由由真实控制器驱动，并覆盖媒体签发与审计详情
verify	Run pnpm verify	2026-10-06T04:11:53.8710553Z [12/36] e2e/admin-web.spec.ts:611:1 › FE-11 至 FE-15 API 403 与路由角色边界在真实浏览器失败关闭
verify	Run pnpm verify	2026-10-06T04:11:54.4369165Z [13/36] e2e/admin-web.spec.ts:628:1 › FE-17 新建权限与零设备第二阶段在真实浏览器失败关闭
verify	Run pnpm verify	2026-10-06T04:11:55.1953436Z [14/36] e2e/admin-web.spec.ts:699:1 › FE-18 Chromium 覆盖 unknown/stale、联系人按需零预载与申请状态机
verify	Run pnpm verify	2026-10-06T04:11:56.1095375Z [15/36] e2e/admin-web.spec.ts:803:1 › FE-16 Chromium 覆盖邀请、角色、Scope、重置与设置 409 回源
verify	Run pnpm verify	2026-10-06T04:11:57.5641470Z [16/36] e2e/admin-web.spec.ts:927:1 › FE-17 Chromium 覆盖绑定、解绑、续约与终止并保留 License 边界
verify	Run pnpm verify	2026-10-06T04:11:58.9850718Z [17/36] e2e/admin-web.spec.ts:1102:5 › FE-19 Chromium 22 个生产路由：zh-CN / 375px
verify	Run pnpm verify	2026-10-06T04:12:03.7026699Z [18/36] e2e/admin-web.spec.ts:1102:5 › FE-19 Chromium 22 个生产路由：zh-CN / 768px
verify	Run pnpm verify	2026-10-06T04:12:08.1806372Z [19/36] e2e/admin-web.spec.ts:1102:5 › FE-19 Chromium 22 个生产路由：zh-CN / 1440px
verify	Run pnpm verify	2026-10-06T04:12:12.6792602Z [20/36] e2e/admin-web.spec.ts:1102:5 › FE-19 Chromium 22 个生产路由：en / 375px
verify	Run pnpm verify	2026-10-06T04:12:17.0106126Z [21/36] e2e/admin-web.spec.ts:1102:5 › FE-19 Chromium 22 个生产路由：en / 768px
verify	Run pnpm verify	2026-10-06T04:12:21.3376706Z [22/36] e2e/admin-web.spec.ts:1102:5 › FE-19 Chromium 22 个生产路由：en / 1440px
verify	Run pnpm verify	2026-10-06T04:12:25.9533692Z [23/36] e2e/admin-web.spec.ts:1123:1 › FE-19 语言选择在刷新后保持
verify	Run pnpm verify	2026-10-06T04:12:26.4431799Z [24/36] e2e/admin-web.spec.ts:1135:1 › QA-09 设备管理长别名和序列号在375px完整换行且不裁切
verify	Run pnpm verify	2026-10-06T04:12:27.7348440Z [25/36] e2e/qa05-workflows.spec.ts:33:3 › QA05 role route and button matrix PlatformSuperAdmin
verify	Run pnpm verify	2026-10-06T04:12:34.5759095Z [26/36] e2e/qa05-workflows.spec.ts:33:3 › QA05 role route and button matrix PlatformOperator
verify	Run pnpm verify	2026-10-06T04:12:40.8941182Z [27/36] e2e/qa05-workflows.spec.ts:33:3 › QA05 role route and button matrix Auditor
verify	Run pnpm verify	2026-10-06T04:12:47.0119228Z [28/36] e2e/qa05-workflows.spec.ts:33:3 › QA05 role route and button matrix CustomerAdmin
verify	Run pnpm verify	2026-10-06T04:12:52.1842673Z [29/36] e2e/qa05-workflows.spec.ts:33:3 › QA05 role route and button matrix CustomerViewer
verify	Run pnpm verify	2026-10-06T04:12:57.2042660Z [30/36] e2e/qa05-workflows.spec.ts:80:1 › QA05 login SRP MFA error success logout without persisting password
verify	Run pnpm verify	2026-10-06T04:12:57.9257043Z [31/36] e2e/qa05-workflows.spec.ts:146:1 › QA05 ESG cursor totals export snapshot timezone and empty state
verify	Run pnpm verify	2026-10-06T04:12:58.7743389Z [32/36] e2e/qa05-workflows.spec.ts:216:1 › QA05 Command dangerous confirmation terminal result and publish failure
verify	Run pnpm verify	2026-10-06T04:12:59.8416980Z [33/36] e2e/qa05-workflows.spec.ts:271:1 › QA05 Media expiry renew 403 and audit read-only zero writes
verify	Run pnpm verify	2026-10-06T04:13:00.7424434Z [34/36] e2e/ui-redesign.spec.ts:12:3 › UI redesign: all business routes at 1366x768
verify	Run pnpm verify	2026-10-06T04:13:16.8786396Z [35/36] e2e/ui-redesign.spec.ts:12:3 › UI redesign: all business routes at 1440x900
verify	Run pnpm verify	2026-10-06T04:13:32.8841677Z [36/36] e2e/ui-redesign.spec.ts:12:3 › UI redesign: all business routes at 1920x1080
verify	Run pnpm verify	2026-10-06T04:13:49.0691215Z   36 passed (2.3m)
verify	Run pnpm verify	2026-10-06T04:13:49.2788184Z 
verify	Run pnpm verify	2026-10-06T04:13:49.2789663Z > food-digester-platform@0.0.0 check:cmd-ota-delivery /home/runner/work/food-digester-platform/food-digester-platform
verify	Run pnpm verify	2026-10-06T04:13:49.2791552Z > pnpm check:runtime && pnpm check:cdk
verify	Run pnpm verify	2026-10-06T04:13:49.2792549Z 
verify	Run pnpm verify	2026-10-06T04:13:49.4533537Z 
verify	Run pnpm verify	2026-10-06T04:13:49.4534591Z > food-digester-platform@0.0.0 check:runtime /home/runner/work/food-digester-platform/food-digester-platform
verify	Run pnpm verify	2026-10-06T04:13:49.4535308Z > node --import tsx scripts/check-delivered-runtime.mjs
verify	Run pnpm verify	2026-10-06T04:13:49.4535548Z 
verify	Run pnpm verify	2026-10-06T04:13:49.5209864Z 已交付 REST 生产路由与 OpenAPI 双向一致（129 operations）
verify	Run pnpm verify	2026-10-06T04:13:49.7429056Z 
verify	Run pnpm verify	2026-10-06T04:13:49.7430151Z > food-digester-platform@0.0.0 check:cdk /home/runner/work/food-digester-platform/food-digester-platform
verify	Run pnpm verify	2026-10-06T04:13:49.7430799Z > node scripts/check-cdk-synth.mjs
verify	Run pnpm verify	2026-10-06T04:13:49.7430986Z 
verify	Run pnpm verify	2026-10-06T04:13:59.7732917Z CDK synth 无 warning；已交付 Lambda asset 与 CMD/OTA 生产接线 Gate 通过
verify	Run pnpm verify	2026-10-06T04:13:59.9534434Z 
verify	Run pnpm verify	2026-10-06T04:13:59.9535465Z > food-digester-platform@0.0.0 test:device-contracts /home/runner/work/food-digester-platform/food-digester-platform
verify	Run pnpm verify	2026-10-06T04:13:59.9536284Z > node --import tsx scripts/run-contract-suite.mjs /tmp/fdp-device-contracts-gate.json
verify	Run pnpm verify	2026-10-06T04:13:59.9536688Z 
verify	Run pnpm verify	2026-10-06T04:14:00.5224815Z ✔ QA-02 MQTT heartbeat: all valid/invalid fixtures, missing meta and type mutation (6.531733ms)
verify	Run pnpm verify	2026-10-06T04:14:00.5225691Z ✔ QA-02 MQTT telemetry: all valid/invalid fixtures, missing meta and type mutation (2.840501ms)
verify	Run pnpm verify	2026-10-06T04:14:00.5226400Z ✔ QA-02 MQTT report: all valid/invalid fixtures, missing meta and type mutation (2.954431ms)
verify	Run pnpm verify	2026-10-06T04:14:00.5227124Z ✔ QA-02 MQTT alarm: all valid/invalid fixtures, missing meta and type mutation (2.286274ms)
verify	Run pnpm verify	2026-10-06T04:14:00.5227808Z ✔ QA-02 MQTT event: all valid/invalid fixtures, missing meta and type mutation (1.567401ms)
verify	Run pnpm verify	2026-10-06T04:14:00.5228517Z ✔ QA-02 MQTT ack: all valid/invalid fixtures, missing meta and type mutation (2.209058ms)
verify	Run pnpm verify	2026-10-06T04:14:00.5229345Z ✔ QA-02 MQTT tamper: all valid/invalid fixtures, missing meta and type mutation (2.428657ms)
verify	Run pnpm verify	2026-10-06T04:14:00.5235154Z ✔ QA-02 MQTT media: all valid/invalid fixtures, missing meta and type mutation (2.813541ms)
verify	Run pnpm verify	2026-10-06T04:14:00.5239480Z ✔ QA-02 MQTT cmd: all valid/invalid fixtures, missing meta and type mutation (2.127206ms)
verify	Run pnpm verify	2026-10-06T04:14:00.5240194Z ✔ QA-02 MQTT ota: all valid/invalid fixtures, missing meta and type mutation (2.075879ms)
verify	Run pnpm verify	2026-10-06T04:14:00.5240894Z ✔ QA-02 MQTT notification: all valid/invalid fixtures, missing meta and type mutation (1.818616ms)
verify	Run pnpm verify	2026-10-06T04:14:00.5241589Z ✔ MQTT semantic hash, discriminator and UTC calendar errors fail closed (0.665124ms)
verify	Run pnpm verify	2026-10-06T04:14:00.5242395Z ✔ full REST response: field deletion/type mutation/envelope/date/errors/status/headers are enforced (4.229184ms)
verify	Run pnpm verify	2026-10-06T04:14:00.5243368Z ✔ REST request validation: required body/path/query/header, optional Sync, bodyless Deactivate, no type coercion in JSON (5.770967ms)
verify	Run pnpm verify	2026-10-06T04:14:00.5244314Z ✔ all device operations and declared response JSON Schemas compile; stable error catalog has no duplicates (36.904481ms)
verify	Run pnpm verify	2026-10-06T04:14:00.5245187Z ✔ predecessor MQTT is compatible; known REST break requires exact version and frozen DEC approvals (22.04143ms)
verify	Run pnpm verify	2026-10-06T04:14:00.5246280Z ✔ breaking contract mutations fail: removing fields/operations/status, changing type/required/security (60.946298ms)
verify	Run pnpm verify	2026-10-06T04:14:00.5247335Z ✔ receipt coverage gate fails closed for missing operations/statuses, no valid request and forged records (0.42202ms)
verify	Run pnpm verify	2026-10-06T04:14:00.5248421Z ✔ archived CSR upgrade mapping still verifies original baselines without rewriting history (2.696857ms)
verify	Run pnpm verify	2026-10-06T04:14:00.5249103Z ℹ tests 19
verify	Run pnpm verify	2026-10-06T04:14:00.5249352Z ℹ suites 0
verify	Run pnpm verify	2026-10-06T04:14:00.5249600Z ℹ pass 19
verify	Run pnpm verify	2026-10-06T04:14:00.5250277Z ℹ fail 0
verify	Run pnpm verify	2026-10-06T04:14:00.5250464Z ℹ cancelled 0
verify	Run pnpm verify	2026-10-06T04:14:00.5250656Z ℹ skipped 0
verify	Run pnpm verify	2026-10-06T04:14:00.5250840Z ℹ todo 0
verify	Run pnpm verify	2026-10-06T04:14:00.5251053Z ℹ duration_ms 366.781924
verify	Run pnpm verify	2026-10-06T04:14:15.0358175Z 
verify	Run pnpm verify	2026-10-06T04:14:15.0359784Z ^[[1m^[[30m^[[46m RUN ^[[49m^[[39m^[[22m ^[[36mv4.1.11 ^[[39m^[[90m/home/runner/work/food-digester-platform/food-digester-platform^[[39m
verify	Run pnpm verify	2026-10-06T04:14:15.0360103Z 
verify	Run pnpm verify	2026-10-06T04:14:15.0360829Z  ^[[32m✓^[[39m apps/cloud-api/test/license-sync-lifecycle.test.ts ^[[2m(^[[22m^[[2m10 tests^[[22m^[[2m)^[[22m^[[33m 3754^[[2mms^[[22m^[[39m
verify	Run pnpm verify	2026-10-06T04:14:15.0361463Z    ^[[33m^[[2m✓^[[22m^[[39m real PostgreSQL: served snapshot and signed local verification drive Assigned→Licensed→Active once ^[[33m 753^[[2mms^[[22m^[[39m
verify	Run pnpm verify	2026-10-06T04:14:15.0362027Z  ^[[32m✓^[[39m apps/cloud-api/test/ota-dispatch.test.ts ^[[2m(^[[22m^[[2m16 tests^[[22m^[[2m)^[[22m^[[33m 3909^[[2mms^[[22m^[[39m
verify	Run pnpm verify	2026-10-06T04:14:15.0362523Z  ^[[32m✓^[[39m apps/cloud-api/test/certificate-rotate.test.ts ^[[2m(^[[22m^[[2m8 tests^[[22m^[[2m)^[[22m^[[33m 5282^[[2mms^[[22m^[[39m
verify	Run pnpm verify	2026-10-06T04:14:15.0363038Z      ^[[33m^[[2m✓^[[22m^[[39m 缺失 CSR 不签发；AWS attach 失败保留可重试停用记录并保留旧证 ^[[33m 490^[[2mms^[[22m^[[39m
verify	Run pnpm verify	2026-10-06T04:14:15.0363417Z      ^[[33m^[[2m✓^[[22m^[[39m 旧证书错误/跨设备拒绝：缺字段 400；与身份不符 403（含他设备证书） ^[[33m 459^[[2mms^[[22m^[[39m
verify	Run pnpm verify	2026-10-06T04:14:15.0363759Z      ^[[33m^[[2m✓^[[22m^[[39m 响应不确定重试：撤销未确认证书并重签，不重复下发同一私钥 ^[[33m 487^[[2mms^[[22m^[[39m
verify	Run pnpm verify	2026-10-06T04:14:15.0364160Z  ^[[32m✓^[[39m apps/cloud-api/test/csr-onboarding.test.ts ^[[2m(^[[22m^[[2m1 test^[[22m^[[2m)^[[22m^[[33m 2676^[[2mms^[[22m^[[39m
verify	Run pnpm verify	2026-10-06T04:14:15.0364581Z      ^[[33m^[[2m✓^[[22m^[[39m 匿名申请、相同公钥幂等、换钥冲突；签名轮询拒绝重放 ^[[33m 441^[[2mms^[[22m^[[39m
verify	Run pnpm verify	2026-10-06T04:14:15.0364965Z  ^[[32m✓^[[39m apps/cloud-api/test/device-sync.test.ts ^[[2m(^[[22m^[[2m13 tests^[[22m^[[2m)^[[22m^[[33m 3813^[[2mms^[[22m^[[39m
verify	Run pnpm verify	2026-10-06T04:14:15.0365500Z      ^[[33m^[[2m✓^[[22m^[[39m 六域齐备：Assignment/Alias/License+签名/Device Users+验证材料/Configuration/Operational Status ^[[33m 540^[[2mms^[[22m^[[39m
verify	Run pnpm verify	2026-10-06T04:14:15.0366016Z  ^[[32m✓^[[39m apps/cloud-api/test/certificate-status.test.ts ^[[2m(^[[22m^[[2m8 tests^[[22m^[[2m)^[[22m^[[33m 3077^[[2mms^[[22m^[[39m
verify	Run pnpm verify	2026-10-06T04:14:15.0366522Z  ^[[32m✓^[[39m apps/cloud-api/test/device-deactivate.test.ts ^[[2m(^[[22m^[[2m11 tests^[[22m^[[2m)^[[22m^[[33m 3097^[[2mms^[[22m^[[39m
verify	Run pnpm verify	2026-10-06T04:14:15.0367028Z  ^[[32m✓^[[39m apps/cloud-api/test/device-lambda-composition.test.ts ^[[2m(^[[22m^[[2m13 tests^[[22m^[[2m)^[[22m^[[32m 15^[[2mms^[[22m^[[39m
verify	Run pnpm verify	2026-10-06T04:14:15.0367527Z  ^[[32m✓^[[39m apps/cloud-api/test/qa02-device-errors.test.ts ^[[2m(^[[22m^[[2m6 tests^[[22m^[[2m)^[[22m^[[32m 79^[[2mms^[[22m^[[39m
verify	Run pnpm verify	2026-10-06T04:14:15.0368039Z  ^[[32m✓^[[39m apps/cloud-api/test/media.test.ts ^[[2m(^[[22m^[[2m12 tests^[[22m^[[2m)^[[22m^[[33m 2134^[[2mms^[[22m^[[39m
verify	Run pnpm verify	2026-10-06T04:14:15.0368379Z 
verify	Run pnpm verify	2026-10-06T04:14:15.0368652Z ^[[2m Test Files ^[[22m ^[[1m^[[32m10 passed^[[39m^[[22m^[[90m (10)^[[39m
verify	Run pnpm verify	2026-10-06T04:14:15.0369242Z ^[[2m      Tests ^[[22m ^[[1m^[[32m98 passed^[[39m^[[22m^[[90m (98)^[[39m
verify	Run pnpm verify	2026-10-06T04:14:15.0369611Z ^[[2m   Start at ^[[22m 04:14:00
verify	Run pnpm verify	2026-10-06T04:14:15.0370018Z ^[[2m   Duration ^[[22m 14.24s^[[2m (transform 2.50s, setup 109ms, import 10.49s, tests 27.84s, environment 1ms)^[[22m
verify	Run pnpm verify	2026-10-06T04:14:15.0370246Z 
verify	Run pnpm verify	2026-10-06T04:14:15.0401481Z QA-02 PASS: 11 MQTT schemas, 8 device operations, 168 checked Handler responses
verify	Run pnpm verify	2026-10-06T04:14:15.2285757Z 
verify	Run pnpm verify	2026-10-06T04:14:15.2286856Z > food-digester-platform@0.0.0 test:iot-integration /home/runner/work/food-digester-platform/food-digester-platform
verify	Run pnpm verify	2026-10-06T04:14:15.2287702Z > node --import tsx scripts/run-iot-integration.mjs /tmp/fdp-iot-integration-gate.json
verify	Run pnpm verify	2026-10-06T04:14:15.2288553Z 
verify	Run pnpm verify	2026-10-06T04:14:23.5448670Z 
verify	Run pnpm verify	2026-10-06T04:14:23.5450132Z ^[[1m^[[30m^[[46m RUN ^[[49m^[[39m^[[22m ^[[36mv4.1.11 ^[[39m^[[90m/home/runner/work/food-digester-platform/food-digester-platform^[[39m
verify	Run pnpm verify	2026-10-06T04:14:23.5450595Z 
verify	Run pnpm verify	2026-10-06T04:14:23.5451124Z  ^[[32m✓^[[39m apps/ingestion-worker/test/qa03-data-path.test.ts ^[[2m(^[[22m^[[2m5 tests^[[22m^[[2m)^[[22m^[[33m 7198^[[2mms^[[22m^[[39m
verify	Run pnpm verify	2026-10-06T04:14:23.5452038Z    ^[[33m^[[2m✓^[[22m^[[39m QA03 eight routes: business + receipts + outbox + raw archive, duplicate redelivery ^[[33m 2676^[[2mms^[[22m^[[39m
verify	Run pnpm verify	2026-10-06T04:14:23.5452983Z    ^[[33m^[[2m✓^[[22m^[[39m QA03 partial failure, quarantine retry, payload conflict and gap recovery ^[[33m 1007^[[2mms^[[22m^[[39m
verify	Run pnpm verify	2026-10-06T04:14:23.5453493Z    ^[[33m^[[2m✓^[[22m^[[39m QA03 archive queue outage and manifest failure converge with stable objects ^[[33m 898^[[2mms^[[22m^[[39m
verify	Run pnpm verify	2026-10-06T04:14:23.5453975Z    ^[[33m^[[2m✓^[[22m^[[39m QA03 business/receipt/outbox transaction rollback then retry ^[[33m 902^[[2mms^[[22m^[[39m
verify	Run pnpm verify	2026-10-06T04:14:23.5454626Z    ^[[33m^[[2m✓^[[22m^[[39m QA03 isolated resources are cleaned even when the scenario throws ^[[33m 1713^[[2mms^[[22m^[[39m
verify	Run pnpm verify	2026-10-06T04:14:23.5454984Z 
verify	Run pnpm verify	2026-10-06T04:14:23.5455566Z ^[[90mstderr^[[2m | apps/ingestion-worker/test/qa03-data-path.test.ts^[[2m > ^[[22m^[[2mQA03 partial failure, quarantine retry, payload conflict and gap recovery
verify	Run pnpm verify	2026-10-06T04:14:23.5455991Z ^[[22m^[[39mingestion message quarantined {
verify	Run pnpm verify	2026-10-06T04:14:23.5456211Z   event: ^[[32m'ingestion.quarantined'^[[39m,
verify	Run pnpm verify	2026-10-06T04:14:23.5456432Z   messageId: ^[[32m'QA03-invalid-json'^[[39m,
verify	Run pnpm verify	2026-10-06T04:14:23.5456635Z   errorType: ^[[32m'INVALID_JSON'^[[39m,
verify	Run pnpm verify	2026-10-06T04:14:23.5456830Z   errorPath: ^[[32m'(root)'^[[39m,
verify	Run pnpm verify	2026-10-06T04:14:23.5457057Z   reason: ^[[32m'message body is not valid JSON'^[[39m
verify	Run pnpm verify	2026-10-06T04:14:23.5457231Z }
verify	Run pnpm verify	2026-10-06T04:14:23.5457295Z 
verify	Run pnpm verify	2026-10-06T04:14:23.5457682Z ^[[90mstderr^[[2m | apps/ingestion-worker/test/qa03-data-path.test.ts^[[2m > ^[[22m^[[2mQA03 partial failure, quarantine retry, payload conflict and gap recovery
verify	Run pnpm verify	2026-10-06T04:14:23.5458092Z ^[[22m^[[39mingestion message quarantined {
verify	Run pnpm verify	2026-10-06T04:14:23.5458299Z   event: ^[[32m'ingestion.quarantined'^[[39m,
verify	Run pnpm verify	2026-10-06T04:14:23.5458504Z   messageId: ^[[32m'QA03-invalid-json'^[[39m,
verify	Run pnpm verify	2026-10-06T04:14:23.5459144Z   errorType: ^[[32m'INVALID_JSON'^[[39m,
verify	Run pnpm verify	2026-10-06T04:14:23.5459482Z   errorPath: ^[[32m'(root)'^[[39m,
verify	Run pnpm verify	2026-10-06T04:14:23.5459817Z   reason: ^[[32m'message body is not valid JSON'^[[39m
verify	Run pnpm verify	2026-10-06T04:14:23.5460088Z }
verify	Run pnpm verify	2026-10-06T04:14:23.5460178Z 
verify	Run pnpm verify	2026-10-06T04:14:23.5460846Z ^[[90mstderr^[[2m | apps/ingestion-worker/test/qa03-data-path.test.ts^[[2m > ^[[22m^[[2mQA03 partial failure, quarantine retry, payload conflict and gap recovery
verify	Run pnpm verify	2026-10-06T04:14:23.5461516Z ^[[22m^[[39mingestion message quarantined {
verify	Run pnpm verify	2026-10-06T04:14:23.5461850Z   event: ^[[32m'ingestion.quarantined'^[[39m,
verify	Run pnpm verify	2026-10-06T04:14:23.5462166Z   messageId: ^[[32m'conflict'^[[39m,
verify	Run pnpm verify	2026-10-06T04:14:23.5462479Z   errorType: ^[[32m'PAYLOAD_CONFLICT'^[[39m,
verify	Run pnpm verify	2026-10-06T04:14:23.5462799Z   errorPath: ^[[32m'meta.seq'^[[39m,
verify	Run pnpm verify	2026-10-06T04:14:23.5463467Z   reason: ^[[32m'receipt key QA03-E6C29604F6A4-DEV0:telemetry:1 already recorded with different payload hash (security anomaly)'^[[39m,
verify	Run pnpm verify	2026-10-06T04:14:23.5464039Z   iotTopic: ^[[32m'bnx/device/QA03-E6C29604F6A4-DEV0/telemetry'^[[39m,
verify	Run pnpm verify	2026-10-06T04:14:23.5464305Z   iotDeviceId: ^[[32m'QA03-E6C29604F6A4-DEV0'^[[39m
verify	Run pnpm verify	2026-10-06T04:14:23.5464472Z }
verify	Run pnpm verify	2026-10-06T04:14:23.5464533Z 
verify	Run pnpm verify	2026-10-06T04:14:23.5464918Z ^[[90mstderr^[[2m | apps/ingestion-worker/test/qa03-data-path.test.ts^[[2m > ^[[22m^[[2mQA03 partial failure, quarantine retry, payload conflict and gap recovery
verify	Run pnpm verify	2026-10-06T04:14:23.5465324Z ^[[22m^[[39mingestion message quarantined {
verify	Run pnpm verify	2026-10-06T04:14:23.5465528Z   event: ^[[32m'ingestion.quarantined'^[[39m,
verify	Run pnpm verify	2026-10-06T04:14:23.5465724Z   messageId: ^[[32m'schema'^[[39m,
verify	Run pnpm verify	2026-10-06T04:14:23.5465916Z   errorType: ^[[32m'SCHEMA_VIOLATION'^[[39m,
verify	Run pnpm verify	2026-10-06T04:14:23.5466122Z   errorPath: ^[[32m'data.deviceStatus'^[[39m,
verify	Run pnpm verify	2026-10-06T04:14:23.5466702Z   reason: ^[[32m'payload violates heartbeat.schema.json: 非法枚举值 "BROKEN"，允许值: ONLINE, DEGRADED, OFFLINE'^[[39m,
verify	Run pnpm verify	2026-10-06T04:14:23.5467083Z   iotTopic: ^[[32m'bnx/device/QA03-E6C29604F6A4-DEV0/heartbeat'^[[39m,
verify	Run pnpm verify	2026-10-06T04:14:23.5467345Z   iotDeviceId: ^[[32m'QA03-E6C29604F6A4-DEV0'^[[39m
verify	Run pnpm verify	2026-10-06T04:14:23.5467510Z }
verify	Run pnpm verify	2026-10-06T04:14:23.5467569Z 
verify	Run pnpm verify	2026-10-06T04:14:23.5467961Z ^[[90mstderr^[[2m | apps/ingestion-worker/test/qa03-data-path.test.ts^[[2m > ^[[22m^[[2mQA03 partial failure, quarantine retry, payload conflict and gap recovery
verify	Run pnpm verify	2026-10-06T04:14:23.5468363Z ^[[22m^[[39mingestion message quarantined {
verify	Run pnpm verify	2026-10-06T04:14:23.5468671Z   event: ^[[32m'ingestion.quarantined'^[[39m,
verify	Run pnpm verify	2026-10-06T04:14:23.5469172Z   messageId: ^[[32m'identity'^[[39m,
verify	Run pnpm verify	2026-10-06T04:14:23.5469375Z   errorType: ^[[32m'IDENTITY_VIOLATION'^[[39m,
verify	Run pnpm verify	2026-10-06T04:14:23.5469585Z   errorPath: ^[[32m'iotDeviceId'^[[39m,
verify	Run pnpm verify	2026-10-06T04:14:23.5469853Z   reason: ^[[32m'topic device does not match certificate binding'^[[39m,
verify	Run pnpm verify	2026-10-06T04:14:23.5470157Z   iotTopic: ^[[32m'bnx/device/QA03-E6C29604F6A4-DEV0/event'^[[39m,
verify	Run pnpm verify	2026-10-06T04:14:23.5470411Z   iotDeviceId: ^[[32m'QA03-E6C29604F6A4-DEV0'^[[39m
verify	Run pnpm verify	2026-10-06T04:14:23.5470573Z }
verify	Run pnpm verify	2026-10-06T04:14:23.5470629Z 
verify	Run pnpm verify	2026-10-06T04:14:23.5471021Z ^[[90mstderr^[[2m | apps/ingestion-worker/test/qa03-data-path.test.ts^[[2m > ^[[22m^[[2mQA03 archive queue outage and manifest failure converge with stable objects
verify	Run pnpm verify	2026-10-06T04:14:23.5471425Z ^[[22m^[[39marchive validation rejected {
verify	Run pnpm verify	2026-10-06T04:14:23.5471642Z   kind: ^[[32m'archive.validation_rejected'^[[39m,
verify	Run pnpm verify	2026-10-06T04:14:23.5471861Z   messageId: ^[[32m'invalid-archive'^[[39m,
verify	Run pnpm verify	2026-10-06T04:14:23.5472144Z ^[[2m Test Files ^[[22m ^[[1m^[[32m1 passed^[[39m^[[22m^[[90m (1)^[[39m
verify	Run pnpm verify	2026-10-06T04:14:23.5472436Z ^[[2m      Tests ^[[22m ^[[1m^[[32m5 passed^[[39m^[[22m^[[90m (5)^[[39m
verify	Run pnpm verify	2026-10-06T04:14:23.5472668Z ^[[2m   Start at ^[[22m 04:14:15
verify	Run pnpm verify	2026-10-06T04:14:23.5473038Z ^[[2m   Duration ^[[22m 7.94s^[[2m (transform 381ms, setup 14ms, import 646ms, tests 7.20s, environment 0ms)^[[22m
verify	Run pnpm verify	2026-10-06T04:14:23.5473261Z 
verify	Run pnpm verify	2026-10-06T04:14:23.5473347Z   eventId: ^[[1mnull^[[22m,
verify	Run pnpm verify	2026-10-06T04:14:23.5473505Z   errorPath: ^[[32m'$'^[[39m,
verify	Run pnpm verify	2026-10-06T04:14:23.5473803Z   reason: ^[[32m"Expected property name or '}' in JSON at position 1 (line 1 column 2)"^[[39m,
verify	Run pnpm verify	2026-10-06T04:14:23.5474069Z   rawBody: ^[[32m'{bad'^[[39m
verify	Run pnpm verify	2026-10-06T04:14:23.5474237Z }
verify	Run pnpm verify	2026-10-06T04:14:23.5474296Z 
verify	Run pnpm verify	2026-10-06T04:14:23.7512299Z 
verify	Run pnpm verify	2026-10-06T04:14:23.7513150Z > food-digester-platform@0.0.0 test:core-api-integration /home/runner/work/food-digester-platform/food-digester-platform
verify	Run pnpm verify	2026-10-06T04:14:23.7513748Z > node --import tsx scripts/run-core-api-integration.mjs /tmp/fdp-core-api-integration-gate.json
verify	Run pnpm verify	2026-10-06T04:14:23.7514023Z 
verify	Run pnpm verify	2026-10-06T04:14:48.6513122Z 
verify	Run pnpm verify	2026-10-06T04:14:48.6514374Z ^[[1m^[[30m^[[46m RUN ^[[49m^[[39m^[[22m ^[[36mv4.1.11 ^[[39m^[[90m/home/runner/work/food-digester-platform/food-digester-platform^[[39m
verify	Run pnpm verify	2026-10-06T04:14:48.6514791Z 
verify	Run pnpm verify	2026-10-06T04:14:48.6515297Z  ^[[32m✓^[[39m apps/cloud-api/test/device-sync.test.ts ^[[2m(^[[22m^[[2m13 tests^[[22m^[[2m)^[[22m^[[33m 4123^[[2mms^[[22m^[[39m
verify	Run pnpm verify	2026-10-06T04:14:48.6516566Z      ^[[33m^[[2m✓^[[22m^[[39m 六域齐备：Assignment/Alias/License+签名/Device Users+验证材料/Configuration/Operational Status ^[[33m 449^[[2mms^[[22m^[[39m
verify	Run pnpm verify	2026-10-06T04:14:48.6529427Z  ^[[32m✓^[[39m apps/cloud-api/test/admin-command.test.ts ^[[2m(^[[22m^[[2m15 tests^[[22m^[[2m)^[[22m^[[33m 4552^[[2mms^[[22m^[[39m
verify	Run pnpm verify	2026-10-06T04:14:48.6530177Z      ^[[33m^[[2m✓^[[22m^[[39m ACTIVE 设备：22 个命令全部创建成功并进入 AUTHORIZED ^[[33m 656^[[2mms^[[22m^[[39m
verify	Run pnpm verify	2026-10-06T04:14:48.6530872Z  ^[[32m✓^[[39m apps/cloud-api/test/qa04-core-api.test.ts ^[[2m(^[[22m^[[2m3 tests^[[22m^[[2m)^[[22m^[[33m 7504^[[2mms^[[22m^[[39m
verify	Run pnpm verify	2026-10-06T04:14:48.6531702Z    ^[[33m^[[2m✓^[[22m^[[39m QA04 five roles, two tenants: read scope, mutation and audit boundaries ^[[33m 3757^[[2mms^[[22m^[[39m
verify	Run pnpm verify	2026-10-06T04:14:48.6532297Z    ^[[33m^[[2m✓^[[22m^[[39m QA04 concurrent If-Match writes have one winner and one success audit ^[[33m 1648^[[2mms^[[22m^[[39m
verify	Run pnpm verify	2026-10-06T04:14:48.6532872Z    ^[[33m^[[2m✓^[[22m^[[39m QA04 audit failure rolls back lifecycle/outbox; retry and replay preserve exactly one audit ^[[33m 2095^[[2mms^[[22m^[[39m
verify	Run pnpm verify	2026-10-06T04:14:48.6533789Z  ^[[32m✓^[[39m apps/cloud-api/test/admin-contract-device.test.ts ^[[2m(^[[22m^[[2m8 tests^[[22m^[[2m)^[[22m^[[33m 3944^[[2mms^[[22m^[[39m
verify	Run pnpm verify	2026-10-06T04:14:48.6534346Z      ^[[33m^[[2m✓^[[22m^[[39m 批量关联全成：ACTIVE 关联 + 审计一次；Contract 设备视图含四轴/固件/Region/别名/租期 ^[[33m 312^[[2mms^[[22m^[[39m
verify	Run pnpm verify	2026-10-06T04:14:48.6534876Z  ^[[32m✓^[[39m apps/cloud-api/test/admin-device-assignment.test.ts ^[[2m(^[[22m^[[2m9 tests^[[22m^[[2m)^[[22m^[[33m 3774^[[2mms^[[22m^[[39m
verify	Run pnpm verify	2026-10-06T04:14:48.6535443Z      ^[[33m^[[2m✓^[[22m^[[39m Onboarded → Assigned：归属更新 + 状态历史 + 授权窗口 + 恰好一次通知 + 审计 ^[[33m 425^[[2mms^[[22m^[[39m
verify	Run pnpm verify	2026-10-06T04:14:48.6536105Z  ^[[32m✓^[[39m apps/cloud-api/test/admin-consumable-request.test.ts ^[[2m(^[[22m^[[2m8 tests^[[22m^[[2m)^[[22m^[[33m 3603^[[2mms^[[22m^[[39m
verify	Run pnpm verify	2026-10-06T04:14:48.6536561Z      ^[[33m^[[2m✓^[[22m^[[39m 创建→处理→完成；每步状态/处理人/备注/完成时间/审计 ^[[33m 471^[[2mms^[[22m^[[39m
verify	Run pnpm verify	2026-10-06T04:14:48.6536985Z  ^[[32m✓^[[39m apps/cloud-api/test/admin-device-status.test.ts ^[[2m(^[[22m^[[2m8 tests^[[22m^[[2m)^[[22m^[[33m 3260^[[2mms^[[22m^[[39m
verify	Run pnpm verify	2026-10-06T04:14:48.6537483Z  ^[[32m✓^[[39m apps/cloud-api/test/admin-audit.test.ts ^[[2m(^[[22m^[[2m7 tests^[[22m^[[2m)^[[22m^[[33m 3493^[[2mms^[[22m^[[39m
verify	Run pnpm verify	2026-10-06T04:14:48.6537945Z  ^[[32m✓^[[39m apps/cloud-api/test/admin-alarm.test.ts ^[[2m(^[[22m^[[2m10 tests^[[22m^[[2m)^[[22m^[[33m 3647^[[2mms^[[22m^[[39m
verify	Run pnpm verify	2026-10-06T04:14:48.6538874Z  ^[[32m✓^[[39m apps/cloud-api/test/admin-onboarding.test.ts ^[[2m(^[[22m^[[2m13 tests^[[22m^[[2m)^[[22m^[[33m 3781^[[2mms^[[22m^[[39m
verify	Run pnpm verify	2026-10-06T04:14:48.6539643Z  ^[[32m✓^[[39m apps/cloud-api/test/admin-license.test.ts ^[[2m(^[[22m^[[2m11 tests^[[22m^[[2m)^[[22m^[[33m 3943^[[2mms^[[22m^[[39m
verify	Run pnpm verify	2026-10-06T04:14:48.6540273Z      ^[[33m^[[2m✓^[[22m^[[39m 完整链路：每步状态/签名/历史/审计/通知各一次 ^[[33m 423^[[2mms^[[22m^[[39m
verify	Run pnpm verify	2026-10-06T04:14:48.6540915Z  ^[[32m✓^[[39m apps/cloud-api/test/admin-esg.test.ts ^[[2m(^[[22m^[[2m10 tests^[[22m^[[2m)^[[22m^[[33m 3436^[[2mms^[[22m^[[39m
verify	Run pnpm verify	2026-10-06T04:14:48.6541480Z  ^[[32m✓^[[39m apps/cloud-api/test/admin-contract.test.ts ^[[2m(^[[22m^[[2m9 tests^[[22m^[[2m)^[[22m^[[33m 2995^[[2mms^[[22m^[[39m
verify	Run pnpm verify	2026-10-06T04:14:48.6541998Z  ^[[32m✓^[[39m apps/cloud-api/test/admin-device-retirement.test.ts ^[[2m(^[[22m^[[2m7 tests^[[22m^[[2m)^[[22m^[[33m 2970^[[2mms^[[22m^[[39m
verify	Run pnpm verify	2026-10-06T04:14:48.6542246Z 
verify	Run pnpm verify	2026-10-06T04:14:48.6542427Z ^[[2m Test Files ^[[22m ^[[1m^[[32m14 passed^[[39m^[[22m^[[90m (14)^[[39m
verify	Run pnpm verify	2026-10-06T04:14:48.6542728Z ^[[2m      Tests ^[[22m ^[[1m^[[32m131 passed^[[39m^[[22m^[[90m (131)^[[39m
verify	Run pnpm verify	2026-10-06T04:14:48.6542971Z ^[[2m   Start at ^[[22m 04:14:24
verify	Run pnpm verify	2026-10-06T04:14:48.6543540Z ^[[2m   Duration ^[[22m 24.53s^[[2m (transform 2.49s, setup 283ms, import 13.79s, tests 55.02s, environment 1ms)^[[22m
verify	Run pnpm verify	2026-10-06T04:14:48.6543890Z 
verify	Run pnpm verify	2026-10-06T04:14:48.6544096Z JSON report written to /tmp/qa04-core-api-ZbMTwt/vitest.json
verify	Run pnpm verify	2026-10-06T04:14:48.6544754Z ^[[90mstderr^[[2m | apps/cloud-api/test/qa04-core-api.test.ts^[[2m > ^[[22m^[[2mQA04 audit failure rolls back lifecycle/outbox; retry and replay preserve exactly one audit
verify	Run pnpm verify	2026-10-06T04:14:48.6545306Z ^[[22m^[[39maudit FAILURE 记录写入失败 Error [PrismaClientKnownRequestError]: 
verify	Run pnpm verify	2026-10-06T04:14:48.6545669Z Invalid `client.auditLog.create()` invocation in
verify	Run pnpm verify	2026-10-06T04:14:48.6546286Z /home/runner/work/food-digester-platform/food-digester-platform/packages/database/src/audit.ts:72:25
verify	Run pnpm verify	2026-10-06T04:14:48.6546685Z 
verify	Run pnpm verify	2026-10-06T04:14:48.6546899Z   69 /** 写一条审计记录。可在事务内（tx）或根 client 上调用。 */
verify	Run pnpm verify	2026-10-06T04:14:48.6547389Z   70 export async function recordAudit(client: DbClient, entry: AuditEntry): Promise<void> {
verify	Run pnpm verify	2026-10-06T04:14:48.6547838Z   71   const ctx = getRequestContext();
verify	Run pnpm verify	2026-10-06T04:14:48.6548182Z → 72   await client.auditLog.create(
verify	Run pnpm verify	2026-10-06T04:14:48.6548575Z Database error. Code: `P0001`. Message: `QA04 audit unavailable`
verify	Run pnpm verify	2026-10-06T04:14:48.6549785Z     at redactSensitive ^[[90m(/home/runner/work/food-digester-platform/food-digester-platform/^[[39mpackages/observability/src/redaction.ts:43:19^[[90m)^[[39m
verify	Run pnpm verify	2026-10-06T04:14:48.6550410Z     at Array.map (<anonymous>)
verify	Run pnpm verify	2026-10-06T04:14:48.6550899Z     at Object.error ^[[90m(/home/runner/work/food-digester-platform/food-digester-platform/^[[39mpackages/observability/src/redaction.ts:70:18^[[90m)^[[39m
verify	Run pnpm verify	2026-10-06T04:14:48.6551851Z     at audited ^[[90m(/home/runner/work/food-digester-platform/food-digester-platform/^[[39mpackages/database/src/audit.ts:144:14^[[90m)^[[39m
verify	Run pnpm verify	2026-10-06T04:14:48.6552353Z ^[[90m    at processTicksAndRejections (node:internal/process/task_queues:103:5)^[[39m
verify	Run pnpm verify	2026-10-06T04:14:48.6553223Z     at ^[[90m/home/runner/work/food-digester-platform/food-digester-platform/^[[39mapps/cloud-api/src/admin/device-status/handler.ts:79:20
verify	Run pnpm verify	2026-10-06T04:14:48.6553900Z     at ^[[90m/home/runner/work/food-digester-platform/food-digester-platform/^[[39mapps/cloud-api/src/admin/device-status/handler.ts:104:16
verify	Run pnpm verify	2026-10-06T04:14:48.6554546Z     at Object.suspend ^[[90m(/home/runner/work/food-digester-platform/food-digester-platform/^[[39mapps/cloud-api/test/qa04-observe.ts:18:28^[[90m)^[[39m
verify	Run pnpm verify	2026-10-06T04:14:48.6555539Z     at ^[[90m/home/runner/work/food-digester-platform/food-digester-platform/^[[39mapps/cloud-api/test/qa04-core-api.test.ts:193:20
verify	Run pnpm verify	2026-10-06T04:14:48.6556488Z     at withFixture ^[[90m(/home/runner/work/food-digester-platform/food-digester-platform/^[[39mapps/cloud-api/test/qa04-core-api.test.ts:50:13^[[90m)^[[39m
verify	Run pnpm verify	2026-10-06T04:14:48.6556806Z 
verify	Run pnpm verify	2026-10-06T04:14:48.8710896Z 
verify	Run pnpm verify	2026-10-06T04:14:48.8712041Z > food-digester-platform@0.0.0 test:admin-e2e-suite /home/runner/work/food-digester-platform/food-digester-platform
verify	Run pnpm verify	2026-10-06T04:14:48.8712778Z > node scripts/run-admin-e2e.mjs /tmp/fdp-admin-e2e-gate.json
verify	Run pnpm verify	2026-10-06T04:14:48.8713061Z 
verify	Run pnpm verify	2026-10-06T04:14:49.3231849Z QA05 phase=serial executions=36 workers=1 timeoutMs=660000
verify	Run pnpm verify	2026-10-06T04:17:12.9361198Z 
verify	Run pnpm verify	2026-10-06T04:17:12.9361262Z 
verify	Run pnpm verify	2026-10-06T04:17:12.9361844Z Running 36 tests using 1 worker
verify	Run pnpm verify	2026-10-06T04:17:12.9362097Z 
verify	Run pnpm verify	2026-10-06T04:17:12.9362757Z [1/36] e2e/admin-web.spec.ts:15:1 › H-01 API 拒绝停用会话后清除浏览器会话并返回登录
verify	Run pnpm verify	2026-10-06T04:17:12.9363376Z [2/36] e2e/admin-web.spec.ts:42:1 › M-01 CustomerViewer 从菜单查询设备用户详情，全部写入口隐藏
verify	Run pnpm verify	2026-10-06T04:17:12.9363946Z [3/36] e2e/admin-web.spec.ts:88:1 › 无 Token 安全回登录；五角色菜单和受限路由均由组合根守卫
verify	Run pnpm verify	2026-10-06T04:17:12.9364495Z [4/36] e2e/admin-web.spec.ts:116:1 › 刷新失败清会话，API 403 保留会话并呈现无权
verify	Run pnpm verify	2026-10-06T04:17:12.9365171Z [5/36] e2e/admin-web.spec.ts:138:1 › Customer scope 与 Dashboard 离线/无 entitlement 动作在真实浏览器失败关闭
verify	Run pnpm verify	2026-10-06T04:17:12.9365820Z [6/36] e2e/admin-web.spec.ts:175:1 › Onboarding 审批双击只提交一次，展示录入来源和证书状态
verify	Run pnpm verify	2026-10-06T04:17:12.9366470Z [7/36] e2e/admin-web.spec.ts:220:1 › Customer/Site CRUD 关键路径：创建、非法时区、关联停用提示与 409
verify	Run pnpm verify	2026-10-06T04:17:12.9367068Z [8/36] e2e/admin-web.spec.ts:343:1 › 1440/768/375 响应式布局、横向表格和对话框键盘边界
verify	Run pnpm verify	2026-10-06T04:17:12.9367665Z [9/36] e2e/admin-web.spec.ts:429:1 › FE-06 至 FE-10 六个生产路由可运行，并覆盖成功、空态、分页入口、时区与响应式
verify	Run pnpm verify	2026-10-06T04:17:12.9368380Z [10/36] e2e/admin-web.spec.ts:471:1 › FE-06 至 FE-10 在 403/404、Customer scope、详情焦点与重复提交场景失败关闭
verify	Run pnpm verify	2026-10-06T04:17:12.9369630Z [11/36] e2e/admin-web.spec.ts:547:1 › FE-11 至 FE-15 七个生产路由由真实控制器驱动，并覆盖媒体签发与审计详情
verify	Run pnpm verify	2026-10-06T04:17:12.9370231Z [12/36] e2e/admin-web.spec.ts:611:1 › FE-11 至 FE-15 API 403 与路由角色边界在真实浏览器失败关闭
verify	Run pnpm verify	2026-10-06T04:17:12.9370782Z [13/36] e2e/admin-web.spec.ts:628:1 › FE-17 新建权限与零设备第二阶段在真实浏览器失败关闭
verify	Run pnpm verify	2026-10-06T04:17:12.9371394Z [14/36] e2e/admin-web.spec.ts:699:1 › FE-18 Chromium 覆盖 unknown/stale、联系人按需零预载与申请状态机
verify	Run pnpm verify	2026-10-06T04:17:12.9372010Z [15/36] e2e/admin-web.spec.ts:803:1 › FE-16 Chromium 覆盖邀请、角色、Scope、重置与设置 409 回源
verify	Run pnpm verify	2026-10-06T04:17:12.9372614Z [16/36] e2e/admin-web.spec.ts:927:1 › FE-17 Chromium 覆盖绑定、解绑、续约与终止并保留 License 边界
verify	Run pnpm verify	2026-10-06T04:17:12.9373230Z [17/36] e2e/admin-web.spec.ts:1102:5 › FE-19 Chromium 22 个生产路由：zh-CN / 375px
verify	Run pnpm verify	2026-10-06T04:17:12.9373820Z [18/36] e2e/admin-web.spec.ts:1102:5 › FE-19 Chromium 22 个生产路由：zh-CN / 768px
verify	Run pnpm verify	2026-10-06T04:17:12.9374967Z [19/36] e2e/admin-web.spec.ts:1102:5 › FE-19 Chromium 22 个生产路由：zh-CN / 1440px
verify	Run pnpm verify	2026-10-06T04:17:12.9375607Z [20/36] e2e/admin-web.spec.ts:1102:5 › FE-19 Chromium 22 个生产路由：en / 375px
verify	Run pnpm verify	2026-10-06T04:17:12.9376239Z [21/36] e2e/admin-web.spec.ts:1102:5 › FE-19 Chromium 22 个生产路由：en / 768px
verify	Run pnpm verify	2026-10-06T04:17:12.9376871Z [22/36] e2e/admin-web.spec.ts:1102:5 › FE-19 Chromium 22 个生产路由：en / 1440px
verify	Run pnpm verify	2026-10-06T04:17:12.9377630Z [23/36] e2e/admin-web.spec.ts:1123:1 › FE-19 语言选择在刷新后保持
verify	Run pnpm verify	2026-10-06T04:17:12.9378229Z [24/36] e2e/admin-web.spec.ts:1135:1 › QA-09 设备管理长别名和序列号在375px完整换行且不裁切
verify	Run pnpm verify	2026-10-06T04:17:12.9379006Z [25/36] e2e/qa05-workflows.spec.ts:33:3 › QA05 role route and button matrix PlatformSuperAdmin
verify	Run pnpm verify	2026-10-06T04:17:12.9379738Z [26/36] e2e/qa05-workflows.spec.ts:33:3 › QA05 role route and button matrix PlatformOperator
verify	Run pnpm verify	2026-10-06T04:17:12.9380282Z [WebServer] [plugin builtin:vite-reporter] 
verify	Run pnpm verify	2026-10-06T04:17:12.9380776Z [WebServer] (!) Some chunks are larger than 500 kB after minification. Consider:
verify	Run pnpm verify	2026-10-06T04:17:12.9381326Z [WebServer] - Using dynamic import() to code-split the application
verify	Run pnpm verify	2026-10-06T04:17:12.9382181Z [WebServer] - Use build.rolldownOptions.output.codeSplitting to improve chunking: https://rolldown.rs/reference/OutputOptions.codeSplitting
verify	Run pnpm verify	2026-10-06T04:17:12.9383041Z [WebServer] - Adjust chunk size limit for this warning via build.chunkSizeWarningLimit.
verify	Run pnpm verify	2026-10-06T04:17:12.9383755Z [27/36] e2e/qa05-workflows.spec.ts:33:3 › QA05 role route and button matrix Auditor
verify	Run pnpm verify	2026-10-06T04:17:12.9384449Z [28/36] e2e/qa05-workflows.spec.ts:33:3 › QA05 role route and button matrix CustomerAdmin
verify	Run pnpm verify	2026-10-06T04:17:12.9385144Z [29/36] e2e/qa05-workflows.spec.ts:33:3 › QA05 role route and button matrix CustomerViewer
verify	Run pnpm verify	2026-10-06T04:17:12.9385934Z [30/36] e2e/qa05-workflows.spec.ts:80:1 › QA05 login SRP MFA error success logout without persisting password
verify	Run pnpm verify	2026-10-06T04:17:12.9386769Z [31/36] e2e/qa05-workflows.spec.ts:146:1 › QA05 ESG cursor totals export snapshot timezone and empty state
verify	Run pnpm verify	2026-10-06T04:17:12.9387619Z [32/36] e2e/qa05-workflows.spec.ts:216:1 › QA05 Command dangerous confirmation terminal result and publish failure
verify	Run pnpm verify	2026-10-06T04:17:12.9388444Z [33/36] e2e/qa05-workflows.spec.ts:271:1 › QA05 Media expiry renew 403 and audit read-only zero writes
verify	Run pnpm verify	2026-10-06T04:17:12.9393688Z [34/36] e2e/ui-redesign.spec.ts:12:3 › UI redesign: all business routes at 1366x768
verify	Run pnpm verify	2026-10-06T04:17:12.9394364Z [35/36] e2e/ui-redesign.spec.ts:12:3 › UI redesign: all business routes at 1440x900
verify	Run pnpm verify	2026-10-06T04:17:12.9395002Z [36/36] e2e/ui-redesign.spec.ts:12:3 › UI redesign: all business routes at 1920x1080
verify	Run pnpm verify	2026-10-06T04:17:12.9395384Z   36 passed (2.4m)
verify	Run pnpm verify	2026-10-06T04:17:12.9395654Z QA05 phase=serial durationMs=143612
verify	Run pnpm verify	2026-10-06T04:17:12.9447017Z QA05 phase=parallel-repeat executions=72 workers=2 timeoutMs=660000
verify	Run pnpm verify	2026-10-06T04:20:12.4578020Z [WebServer] [plugin builtin:vite-reporter] 
verify	Run pnpm verify	2026-10-06T04:20:12.4578371Z 
verify	Run pnpm verify	2026-10-06T04:20:12.4578390Z 
verify	Run pnpm verify	2026-10-06T04:20:12.4578532Z Running 72 tests using 2 workers
verify	Run pnpm verify	2026-10-06T04:20:12.4578862Z 
verify	Run pnpm verify	2026-10-06T04:20:12.4579557Z [1/72] e2e/admin-web.spec.ts:42:1 › M-01 CustomerViewer 从菜单查询设备用户详情，全部写入口隐藏
verify	Run pnpm verify	2026-10-06T04:20:12.4580154Z [2/72] e2e/admin-web.spec.ts:15:1 › H-01 API 拒绝停用会话后清除浏览器会话并返回登录
verify	Run pnpm verify	2026-10-06T04:20:12.4580672Z [3/72] e2e/admin-web.spec.ts:88:1 › 无 Token 安全回登录；五角色菜单和受限路由均由组合根守卫
verify	Run pnpm verify	2026-10-06T04:20:12.4581178Z [4/72] e2e/admin-web.spec.ts:116:1 › 刷新失败清会话，API 403 保留会话并呈现无权
verify	Run pnpm verify	2026-10-06T04:20:12.4582309Z [5/72] e2e/admin-web.spec.ts:138:1 › Customer scope 与 Dashboard 离线/无 entitlement 动作在真实浏览器失败关闭
verify	Run pnpm verify	2026-10-06T04:20:12.4582922Z [6/72] e2e/admin-web.spec.ts:175:1 › Onboarding 审批双击只提交一次，展示录入来源和证书状态
verify	Run pnpm verify	2026-10-06T04:20:12.4583502Z [7/72] e2e/admin-web.spec.ts:220:1 › Customer/Site CRUD 关键路径：创建、非法时区、关联停用提示与 409
verify	Run pnpm verify	2026-10-06T04:20:12.4584049Z [8/72] e2e/admin-web.spec.ts:343:1 › 1440/768/375 响应式布局、横向表格和对话框键盘边界
verify	Run pnpm verify	2026-10-06T04:20:12.4584595Z [9/72] e2e/admin-web.spec.ts:429:1 › FE-06 至 FE-10 六个生产路由可运行，并覆盖成功、空态、分页入口、时区与响应式
verify	Run pnpm verify	2026-10-06T04:20:12.4585001Z [10/72] e2e/admin-web.spec.ts:471:1 › FE-06 至 FE-10 在 403/404、Customer scope、详情焦点与重复提交场景失败关闭
verify	Run pnpm verify	2026-10-06T04:20:12.4585560Z [11/72] e2e/admin-web.spec.ts:547:1 › FE-11 至 FE-15 七个生产路由由真实控制器驱动，并覆盖媒体签发与审计详情
verify	Run pnpm verify	2026-10-06T04:20:12.4585902Z [12/72] e2e/admin-web.spec.ts:611:1 › FE-11 至 FE-15 API 403 与路由角色边界在真实浏览器失败关闭
verify	Run pnpm verify	2026-10-06T04:20:12.4586238Z [13/72] e2e/admin-web.spec.ts:628:1 › FE-17 新建权限与零设备第二阶段在真实浏览器失败关闭
verify	Run pnpm verify	2026-10-06T04:20:12.4586583Z [14/72] e2e/admin-web.spec.ts:699:1 › FE-18 Chromium 覆盖 unknown/stale、联系人按需零预载与申请状态机
verify	Run pnpm verify	2026-10-06T04:20:12.4586952Z [15/72] e2e/admin-web.spec.ts:803:1 › FE-16 Chromium 覆盖邀请、角色、Scope、重置与设置 409 回源
verify	Run pnpm verify	2026-10-06T04:20:12.4587303Z [16/72] e2e/admin-web.spec.ts:927:1 › FE-17 Chromium 覆盖绑定、解绑、续约与终止并保留 License 边界
verify	Run pnpm verify	2026-10-06T04:20:12.4587680Z [WebServer] (!) Some chunks are larger than 500 kB after minification. Consider:
verify	Run pnpm verify	2026-10-06T04:20:12.4587983Z [WebServer] - Using dynamic import() to code-split the application
verify	Run pnpm verify	2026-10-06T04:20:12.4588465Z [WebServer] - Use build.rolldownOptions.output.codeSplitting to improve chunking: https://rolldown.rs/reference/OutputOptions.codeSplitting
verify	Run pnpm verify	2026-10-06T04:20:12.4589157Z [WebServer] - Adjust chunk size limit for this warning via build.chunkSizeWarningLimit.
verify	Run pnpm verify	2026-10-06T04:20:12.4589537Z [17/72] e2e/admin-web.spec.ts:1102:5 › FE-19 Chromium 22 个生产路由：zh-CN / 375px
verify	Run pnpm verify	2026-10-06T04:20:12.4589876Z [18/72] e2e/admin-web.spec.ts:1102:5 › FE-19 Chromium 22 个生产路由：zh-CN / 768px
verify	Run pnpm verify	2026-10-06T04:20:12.4590208Z [19/72] e2e/admin-web.spec.ts:1102:5 › FE-19 Chromium 22 个生产路由：zh-CN / 1440px
verify	Run pnpm verify	2026-10-06T04:20:12.4590543Z [20/72] e2e/admin-web.spec.ts:1102:5 › FE-19 Chromium 22 个生产路由：en / 375px
verify	Run pnpm verify	2026-10-06T04:20:12.4590861Z [21/72] e2e/admin-web.spec.ts:1102:5 › FE-19 Chromium 22 个生产路由：en / 768px
verify	Run pnpm verify	2026-10-06T04:20:12.4591179Z [22/72] e2e/admin-web.spec.ts:1102:5 › FE-19 Chromium 22 个生产路由：en / 1440px
verify	Run pnpm verify	2026-10-06T04:20:12.4591477Z [23/72] e2e/admin-web.spec.ts:1123:1 › FE-19 语言选择在刷新后保持
verify	Run pnpm verify	2026-10-06T04:20:12.4591801Z [24/72] e2e/admin-web.spec.ts:1135:1 › QA-09 设备管理长别名和序列号在375px完整换行且不裁切
verify	Run pnpm verify	2026-10-06T04:20:12.4592182Z [25/72] e2e/qa05-workflows.spec.ts:33:3 › QA05 role route and button matrix PlatformSuperAdmin
verify	Run pnpm verify	2026-10-06T04:20:12.4592596Z [26/72] e2e/qa05-workflows.spec.ts:33:3 › QA05 role route and button matrix PlatformOperator
verify	Run pnpm verify	2026-10-06T04:20:12.4592972Z [27/72] e2e/qa05-workflows.spec.ts:33:3 › QA05 role route and button matrix Auditor
verify	Run pnpm verify	2026-10-06T04:20:12.4593342Z [28/72] e2e/qa05-workflows.spec.ts:33:3 › QA05 role route and button matrix CustomerAdmin
verify	Run pnpm verify	2026-10-06T04:20:12.4593901Z [29/72] e2e/qa05-workflows.spec.ts:33:3 › QA05 role route and button matrix CustomerViewer
verify	Run pnpm verify	2026-10-06T04:20:12.4594337Z [30/72] e2e/qa05-workflows.spec.ts:80:1 › QA05 login SRP MFA error success logout without persisting password
verify	Run pnpm verify	2026-10-06T04:20:12.4594795Z [31/72] e2e/qa05-workflows.spec.ts:146:1 › QA05 ESG cursor totals export snapshot timezone and empty state
verify	Run pnpm verify	2026-10-06T04:20:12.4595268Z [32/72] e2e/qa05-workflows.spec.ts:216:1 › QA05 Command dangerous confirmation terminal result and publish failure
verify	Run pnpm verify	2026-10-06T04:20:12.4595726Z [33/72] e2e/qa05-workflows.spec.ts:271:1 › QA05 Media expiry renew 403 and audit read-only zero writes
verify	Run pnpm verify	2026-10-06T04:20:12.4596218Z [34/72] e2e/ui-redesign.spec.ts:12:3 › UI redesign: all business routes at 1366x768
verify	Run pnpm verify	2026-10-06T04:20:12.4596584Z [35/72] e2e/ui-redesign.spec.ts:12:3 › UI redesign: all business routes at 1440x900
verify	Run pnpm verify	2026-10-06T04:20:12.4596943Z [36/72] e2e/ui-redesign.spec.ts:12:3 › UI redesign: all business routes at 1920x1080
verify	Run pnpm verify	2026-10-06T04:20:12.4597290Z [37/72] e2e/admin-web.spec.ts:15:1 › H-01 API 拒绝停用会话后清除浏览器会话并返回登录
verify	Run pnpm verify	2026-10-06T04:20:12.4597624Z [38/72] e2e/admin-web.spec.ts:42:1 › M-01 CustomerViewer 从菜单查询设备用户详情，全部写入口隐藏
verify	Run pnpm verify	2026-10-06T04:20:12.4597950Z [39/72] e2e/admin-web.spec.ts:88:1 › 无 Token 安全回登录；五角色菜单和受限路由均由组合根守卫
verify	Run pnpm verify	2026-10-06T04:20:12.4598256Z [40/72] e2e/admin-web.spec.ts:116:1 › 刷新失败清会话，API 403 保留会话并呈现无权
verify	Run pnpm verify	2026-10-06T04:20:12.4598626Z [41/72] e2e/admin-web.spec.ts:138:1 › Customer scope 与 Dashboard 离线/无 entitlement 动作在真实浏览器失败关闭
verify	Run pnpm verify	2026-10-06T04:20:12.4599124Z [42/72] e2e/admin-web.spec.ts:175:1 › Onboarding 审批双击只提交一次，展示录入来源和证书状态
verify	Run pnpm verify	2026-10-06T04:20:12.4599484Z [43/72] e2e/admin-web.spec.ts:220:1 › Customer/Site CRUD 关键路径：创建、非法时区、关联停用提示与 409
verify	Run pnpm verify	2026-10-06T04:20:12.4599821Z [44/72] e2e/admin-web.spec.ts:343:1 › 1440/768/375 响应式布局、横向表格和对话框键盘边界
verify	Run pnpm verify	2026-10-06T04:20:12.4600160Z [45/72] e2e/admin-web.spec.ts:429:1 › FE-06 至 FE-10 六个生产路由可运行，并覆盖成功、空态、分页入口、时区与响应式
verify	Run pnpm verify	2026-10-06T04:20:12.4600759Z [46/72] e2e/admin-web.spec.ts:471:1 › FE-06 至 FE-10 在 403/404、Customer scope、详情焦点与重复提交场景失败关闭
verify	Run pnpm verify	2026-10-06T04:20:12.4601401Z [47/72] e2e/admin-web.spec.ts:547:1 › FE-11 至 FE-15 七个生产路由由真实控制器驱动，并覆盖媒体签发与审计详情
verify	Run pnpm verify	2026-10-06T04:20:12.4601764Z [48/72] e2e/admin-web.spec.ts:611:1 › FE-11 至 FE-15 API 403 与路由角色边界在真实浏览器失败关闭
verify	Run pnpm verify	2026-10-06T04:20:12.4602086Z [49/72] e2e/admin-web.spec.ts:628:1 › FE-17 新建权限与零设备第二阶段在真实浏览器失败关闭
verify	Run pnpm verify	2026-10-06T04:20:12.4602458Z [50/72] e2e/admin-web.spec.ts:699:1 › FE-18 Chromium 覆盖 unknown/stale、联系人按需零预载与申请状态机
verify	Run pnpm verify	2026-10-06T04:20:12.4602832Z [51/72] e2e/admin-web.spec.ts:803:1 › FE-16 Chromium 覆盖邀请、角色、Scope、重置与设置 409 回源
verify	Run pnpm verify	2026-10-06T04:20:12.4603227Z [52/72] e2e/admin-web.spec.ts:927:1 › FE-17 Chromium 覆盖绑定、解绑、续约与终止并保留 License 边界
verify	Run pnpm verify	2026-10-06T04:20:12.4603616Z [53/72] e2e/admin-web.spec.ts:1102:5 › FE-19 Chromium 22 个生产路由：zh-CN / 375px
verify	Run pnpm verify	2026-10-06T04:20:12.4603948Z [54/72] e2e/admin-web.spec.ts:1102:5 › FE-19 Chromium 22 个生产路由：zh-CN / 768px
verify	Run pnpm verify	2026-10-06T04:20:12.4604280Z [55/72] e2e/admin-web.spec.ts:1102:5 › FE-19 Chromium 22 个生产路由：zh-CN / 1440px
verify	Run pnpm verify	2026-10-06T04:20:12.4604606Z [56/72] e2e/admin-web.spec.ts:1102:5 › FE-19 Chromium 22 个生产路由：en / 375px
verify	Run pnpm verify	2026-10-06T04:20:12.4604933Z [57/72] e2e/admin-web.spec.ts:1102:5 › FE-19 Chromium 22 个生产路由：en / 768px
verify	Run pnpm verify	2026-10-06T04:20:12.4605254Z [58/72] e2e/admin-web.spec.ts:1102:5 › FE-19 Chromium 22 个生产路由：en / 1440px
verify	Run pnpm verify	2026-10-06T04:20:12.4605549Z [59/72] e2e/admin-web.spec.ts:1123:1 › FE-19 语言选择在刷新后保持
verify	Run pnpm verify	2026-10-06T04:20:12.4605860Z [60/72] e2e/admin-web.spec.ts:1135:1 › QA-09 设备管理长别名和序列号在375px完整换行且不裁切
verify	Run pnpm verify	2026-10-06T04:20:12.4606229Z [61/72] e2e/qa05-workflows.spec.ts:33:3 › QA05 role route and button matrix PlatformSuperAdmin
verify	Run pnpm verify	2026-10-06T04:20:12.4606820Z [62/72] e2e/qa05-workflows.spec.ts:33:3 › QA05 role route and button matrix PlatformOperator
verify	Run pnpm verify	2026-10-06T04:20:12.4607197Z [63/72] e2e/qa05-workflows.spec.ts:33:3 › QA05 role route and button matrix Auditor
verify	Run pnpm verify	2026-10-06T04:20:12.4607571Z [64/72] e2e/qa05-workflows.spec.ts:33:3 › QA05 role route and button matrix CustomerAdmin
verify	Run pnpm verify	2026-10-06T04:20:12.4607963Z [65/72] e2e/qa05-workflows.spec.ts:33:3 › QA05 role route and button matrix CustomerViewer
verify	Run pnpm verify	2026-10-06T04:20:12.4608505Z [66/72] e2e/qa05-workflows.spec.ts:80:1 › QA05 login SRP MFA error success logout without persisting password
verify	Run pnpm verify	2026-10-06T04:20:12.4609505Z [67/72] e2e/qa05-workflows.spec.ts:146:1 › QA05 ESG cursor totals export snapshot timezone and empty state
verify	Run pnpm verify	2026-10-06T04:20:12.4610282Z [68/72] e2e/qa05-workflows.spec.ts:216:1 › QA05 Command dangerous confirmation terminal result and publish failure
verify	Run pnpm verify	2026-10-06T04:20:12.4611025Z [69/72] e2e/qa05-workflows.spec.ts:271:1 › QA05 Media expiry renew 403 and audit read-only zero writes
verify	Run pnpm verify	2026-10-06T04:20:12.4611660Z [70/72] e2e/ui-redesign.spec.ts:12:3 › UI redesign: all business routes at 1366x768
verify	Run pnpm verify	2026-10-06T04:20:12.4612241Z [71/72] e2e/ui-redesign.spec.ts:12:3 › UI redesign: all business routes at 1440x900
verify	Run pnpm verify	2026-10-06T04:20:12.4612815Z [72/72] e2e/ui-redesign.spec.ts:12:3 › UI redesign: all business routes at 1920x1080
verify	Run pnpm verify	2026-10-06T04:20:12.4613169Z   72 passed (3.0m)
verify	Run pnpm verify	2026-10-06T04:20:12.4613397Z QA05 phase=parallel-repeat durationMs=179513
verify	Run pnpm verify	2026-10-06T04:20:12.6746768Z 
verify	Run pnpm verify	2026-10-06T04:20:12.6747820Z > food-digester-platform@0.0.0 test:security-suite /home/runner/work/food-digester-platform/food-digester-platform
verify	Run pnpm verify	2026-10-06T04:20:12.6748583Z > node --import tsx scripts/run-security-suite.mjs /tmp/fdp-security-gate.json
verify	Run pnpm verify	2026-10-06T04:20:12.6749055Z 
verify	Run pnpm verify	2026-10-06T04:20:35.5789625Z 
verify	Run pnpm verify	2026-10-06T04:20:35.5791091Z ^[[1m^[[30m^[[46m RUN ^[[49m^[[39m^[[22m ^[[36mv4.1.11 ^[[39m^[[90m/home/runner/work/food-digester-platform/food-digester-platform^[[39m
verify	Run pnpm verify	2026-10-06T04:20:35.5791573Z 
verify	Run pnpm verify	2026-10-06T04:20:35.5792115Z  ^[[32m✓^[[39m apps/cloud-api/test/admin-command.test.ts ^[[2m(^[[22m^[[2m15 tests^[[22m^[[2m)^[[22m^[[33m 4024^[[2mms^[[22m^[[39m
verify	Run pnpm verify	2026-10-06T04:20:35.5792924Z      ^[[33m^[[2m✓^[[22m^[[39m ACTIVE 设备：22 个命令全部创建成功并进入 AUTHORIZED ^[[33m 444^[[2mms^[[22m^[[39m
verify	Run pnpm verify	2026-10-06T04:20:35.5793669Z  ^[[32m✓^[[39m apps/cloud-api/test/certificate-rotate.test.ts ^[[2m(^[[22m^[[2m8 tests^[[22m^[[2m)^[[22m^[[33m 5332^[[2mms^[[22m^[[39m
verify	Run pnpm verify	2026-10-06T04:20:35.5794385Z      ^[[33m^[[2m✓^[[22m^[[39m 缺失 CSR 不签发；AWS attach 失败保留可重试停用记录并保留旧证 ^[[33m 558^[[2mms^[[22m^[[39m
verify	Run pnpm verify	2026-10-06T04:20:35.5795011Z      ^[[33m^[[2m✓^[[22m^[[39m 正向：返回五字段证书包；双证书窗口（旧证仍可用）；私钥不落库/审计 ^[[33m 413^[[2mms^[[22m^[[39m
verify	Run pnpm verify	2026-10-06T04:20:35.5795580Z      ^[[33m^[[2m✓^[[22m^[[39m 旧证书错误/跨设备拒绝：缺字段 400；与身份不符 403（含他设备证书） ^[[33m 424^[[2mms^[[22m^[[39m
verify	Run pnpm verify	2026-10-06T04:20:35.5796127Z      ^[[33m^[[2m✓^[[22m^[[39m 响应不确定重试：撤销未确认证书并重签，不重复下发同一私钥 ^[[33m 337^[[2mms^[[22m^[[39m
verify	Run pnpm verify	2026-10-06T04:20:35.5796661Z      ^[[33m^[[2m✓^[[22m^[[39m 部分失败（发证后 attach 失败）可重试：不建孤儿业务记录，重试成功 ^[[33m 337^[[2mms^[[22m^[[39m
verify	Run pnpm verify	2026-10-06T04:20:35.5797287Z  ^[[32m✓^[[39m apps/cloud-api/test/qa06-security.test.ts ^[[2m(^[[22m^[[2m4 tests^[[22m^[[2m)^[[22m^[[33m 6772^[[2mms^[[22m^[[39m
verify	Run pnpm verify	2026-10-06T04:20:35.5798181Z    ^[[33m^[[2m✓^[[22m^[[39m QA06 signed tenant scope and SQL JSON injection cannot cross boundaries or corrupt business state ^[[33m 3440^[[2mms^[[22m^[[39m
verify	Run pnpm verify	2026-10-06T04:20:35.5799260Z    ^[[33m^[[2m✓^[[22m^[[39m QA06 malicious media filenames and metadata reject before signing or persistence ^[[33m 1435^[[2mms^[[22m^[[39m
verify	Run pnpm verify	2026-10-06T04:20:35.5800702Z    ^[[33m^[[2m✓^[[22m^[[39m QA06 raw canaries are absent from actual logger trace audit and snapshot artifacts ^[[33m 1746^[[2mms^[[22m^[[39m
verify	Run pnpm verify	2026-10-06T04:20:35.5801560Z  ^[[32m✓^[[39m apps/cloud-api/test/ota-dispatch.test.ts ^[[2m(^[[22m^[[2m16 tests^[[22m^[[2m)^[[22m^[[33m 4650^[[2mms^[[22m^[[39m
verify	Run pnpm verify	2026-10-06T04:20:35.5802491Z      ^[[33m^[[2m✓^[[22m^[[39m 成功下发：OTA Topic + CT-03 载荷（schema 校验）+ 15 分钟 URL + NOTIFIED + 历史 + OTA_AVAILABLE + PUBLICATION 归档 ^[[33m 509^[[2mms^[[22m^[[39m
verify	Run pnpm verify	2026-10-06T04:20:35.5803288Z  ^[[32m✓^[[39m apps/cloud-api/test/admin-audit.test.ts ^[[2m(^[[22m^[[2m7 tests^[[22m^[[2m)^[[22m^[[33m 2588^[[2mms^[[22m^[[39m
verify	Run pnpm verify	2026-10-06T04:20:35.5804296Z  ^[[32m✓^[[39m apps/cloud-api/test/admin-user.test.ts ^[[2m(^[[22m^[[2m31 tests^[[22m^[[2m)^[[22m^[[33m 4235^[[2mms^[[22m^[[39m
verify	Run pnpm verify	2026-10-06T04:20:35.5804980Z      ^[[33m^[[2m✓^[[22m^[[39m PlatformSuperAdmin 停用后旧 id Token 不再进入读写路由 ^[[33m 365^[[2mms^[[22m^[[39m
verify	Run pnpm verify	2026-10-06T04:20:35.5805712Z  ^[[32m✓^[[39m packages/auth/test/secure-package.test.ts ^[[2m(^[[22m^[[2m14 tests^[[22m^[[2m)^[[22m^[[33m 3346^[[2mms^[[22m^[[39m
verify	Run pnpm verify	2026-10-06T04:20:35.5806478Z  ^[[32m✓^[[39m packages/auth/test/device-mtls.test.ts ^[[2m(^[[22m^[[2m11 tests^[[22m^[[2m)^[[22m^[[33m 3276^[[2mms^[[22m^[[39m
verify	Run pnpm verify	2026-10-06T04:20:35.5807286Z  ^[[32m✓^[[39m apps/cloud-api/test/admin-device-user.test.ts ^[[2m(^[[22m^[[2m8 tests^[[22m^[[2m)^[[22m^[[33m 4534^[[2mms^[[22m^[[39m
verify	Run pnpm verify	2026-10-06T04:20:35.5807785Z      ^[[33m^[[2m✓^[[22m^[[39m 仅匹配具有目标设备 ACTIVE 分配的设备操作员 ^[[33m 502^[[2mms^[[22m^[[39m
verify	Run pnpm verify	2026-10-06T04:20:35.5808160Z  ^[[32m✓^[[39m packages/database/test/db03.test.ts ^[[2m(^[[22m^[[2m10 tests^[[22m^[[2m)^[[22m^[[33m 3073^[[2mms^[[22m^[[39m
verify	Run pnpm verify	2026-10-06T04:20:35.5808660Z      ^[[33m^[[2m✓^[[22m^[[39m actor/requestId 默认取 AsyncLocalStorage 上下文，显式传参优先 ^[[33m 349^[[2mms^[[22m^[[39m
verify	Run pnpm verify	2026-10-06T04:20:35.5809380Z  ^[[32m✓^[[39m apps/cloud-api/test/csr-onboarding.test.ts ^[[2m(^[[22m^[[2m1 test^[[22m^[[2m)^[[22m^[[33m 3483^[[2mms^[[22m^[[39m
verify	Run pnpm verify	2026-10-06T04:20:35.5809882Z      ^[[33m^[[2m✓^[[22m^[[39m 匿名申请、相同公钥幂等、换钥冲突；签名轮询拒绝重放 ^[[33m 367^[[2mms^[[22m^[[39m
verify	Run pnpm verify	2026-10-06T04:20:35.5810270Z  ^[[32m✓^[[39m apps/cloud-api/test/admin-settings.test.ts ^[[2m(^[[22m^[[2m10 tests^[[22m^[[2m)^[[22m^[[33m 3114^[[2mms^[[22m^[[39m
verify	Run pnpm verify	2026-10-06T04:20:35.5810769Z  ^[[32m✓^[[39m apps/cloud-api/test/admin-lambda-composition.test.ts ^[[2m(^[[22m^[[2m12 tests^[[22m^[[2m)^[[22m^[[33m 562^[[2mms^[[22m^[[39m
verify	Run pnpm verify	2026-10-06T04:20:35.5811228Z  ^[[32m✓^[[39m packages/auth/test/cognito.test.ts ^[[2m(^[[22m^[[2m14 tests^[[22m^[[2m)^[[22m^[[32m 188^[[2mms^[[22m^[[39m
verify	Run pnpm verify	2026-10-06T04:20:35.5811702Z  ^[[32m✓^[[39m apps/cloud-api/test/device-lambda-composition.test.ts ^[[2m(^[[22m^[[2m13 tests^[[22m^[[2m)^[[22m^[[32m 28^[[2mms^[[22m^[[39m
verify	Run pnpm verify	2026-10-06T04:20:35.5812207Z  ^[[32m✓^[[39m packages/auth/test/qa06-jwt-security.test.ts ^[[2m(^[[22m^[[2m1 test^[[22m^[[2m)^[[22m^[[32m 84^[[2mms^[[22m^[[39m
verify	Run pnpm verify	2026-10-06T04:20:35.5812693Z  ^[[32m✓^[[39m packages/aws-clients/test/iot-device-policy.test.ts ^[[2m(^[[22m^[[2m12 tests^[[22m^[[2m)^[[22m^[[32m 9^[[2mms^[[22m^[[39m
verify	Run pnpm verify	2026-10-06T04:20:35.5813143Z  ^[[32m✓^[[39m packages/auth/test/guard.test.ts ^[[2m(^[[22m^[[2m10 tests^[[22m^[[2m)^[[22m^[[32m 9^[[2mms^[[22m^[[39m
verify	Run pnpm verify	2026-10-06T04:20:35.5813588Z  ^[[32m✓^[[39m packages/observability/test/redaction.test.ts ^[[2m(^[[22m^[[2m8 tests^[[22m^[[2m)^[[22m^[[32m 5^[[2mms^[[22m^[[39m
verify	Run pnpm verify	2026-10-06T04:20:35.5814033Z  ^[[32m✓^[[39m apps/cloud-api/test/media.test.ts ^[[2m(^[[22m^[[2m12 tests^[[22m^[[2m)^[[22m^[[33m 2498^[[2mms^[[22m^[[39m
verify	Run pnpm verify	2026-10-06T04:20:35.5814238Z 
verify	Run pnpm verify	2026-10-06T04:20:35.5814410Z ^[[2m Test Files ^[[22m ^[[1m^[[32m20 passed^[[39m^[[22m^[[90m (20)^[[39m
verify	Run pnpm verify	2026-10-06T04:20:35.5814705Z ^[[2m      Tests ^[[22m ^[[1m^[[32m217 passed^[[39m^[[22m^[[90m (217)^[[39m
verify	Run pnpm verify	2026-10-06T04:20:35.5814945Z ^[[2m   Start at ^[[22m 04:20:12
verify	Run pnpm verify	2026-10-06T04:20:35.5815308Z ^[[2m   Duration ^[[22m 22.54s^[[2m (transform 2.17s, setup 127ms, import 11.14s, tests 51.81s, environment 2ms)^[[22m
verify	Run pnpm verify	2026-10-06T04:20:35.5815705Z 
verify	Run pnpm verify	2026-10-06T04:20:35.5815836Z JSON report written to /tmp/qa06-security-2xMMoE/vitest.json
verify	Run pnpm verify	2026-10-06T04:20:35.8112005Z 
verify	Run pnpm verify	2026-10-06T04:20:35.8113032Z > food-digester-platform@0.0.0 test:reliability-suite /home/runner/work/food-digester-platform/food-digester-platform
verify	Run pnpm verify	2026-10-06T04:20:35.8113538Z > node --import tsx scripts/run-reliability-suite.mjs /tmp/fdp-reliability-gate.json
verify	Run pnpm verify	2026-10-06T04:20:35.8114147Z 
verify	Run pnpm verify	2026-10-06T04:21:12.7199892Z JSON report written to /tmp/qa07-reliability-ZVRPqz/vitest.json
verify	Run pnpm verify	2026-10-06T04:21:12.9316761Z 
verify	Run pnpm verify	2026-10-06T04:21:12.9317898Z > food-digester-platform@0.0.0 test:prototype-regression /home/runner/work/food-digester-platform/food-digester-platform
verify	Run pnpm verify	2026-10-06T04:21:12.9318901Z > node scripts/run-prototype-regression.mjs /tmp/fdp-prototype-regression-gate.json
verify	Run pnpm verify	2026-10-06T04:21:12.9319263Z 
verify	Run pnpm verify	2026-10-06T04:23:36.4366417Z 
verify	Run pnpm verify	2026-10-06T04:23:36.4366485Z 
verify	Run pnpm verify	2026-10-06T04:23:36.4367106Z Running 24 tests using 1 worker
verify	Run pnpm verify	2026-10-06T04:23:36.4367405Z 
verify	Run pnpm verify	2026-10-06T04:23:36.4367989Z [1/24] e2e/qa08-prototype.spec.ts:461:5 › QA08 dashboard 375
verify	Run pnpm verify	2026-10-06T04:23:36.4368510Z [2/24] e2e/qa08-prototype.spec.ts:461:5 › QA08 device-view 375
verify	Run pnpm verify	2026-10-06T04:23:36.4369183Z [3/24] e2e/qa08-prototype.spec.ts:461:5 › QA08 device-operate 375
verify	Run pnpm verify	2026-10-06T04:23:36.4369701Z [4/24] e2e/qa08-prototype.spec.ts:461:5 › QA08 device-group 375
verify	Run pnpm verify	2026-10-06T04:23:36.4370167Z [WebServer] [plugin builtin:vite-reporter] 
verify	Run pnpm verify	2026-10-06T04:23:36.4370647Z [WebServer] (!) Some chunks are larger than 500 kB after minification. Consider:
verify	Run pnpm verify	2026-10-06T04:23:36.4371178Z [WebServer] - Using dynamic import() to code-split the application
verify	Run pnpm verify	2026-10-06T04:23:36.4372031Z [WebServer] - Use build.rolldownOptions.output.codeSplitting to improve chunking: https://rolldown.rs/reference/OutputOptions.codeSplitting
verify	Run pnpm verify	2026-10-06T04:23:36.4372896Z [WebServer] - Adjust chunk size limit for this warning via build.chunkSizeWarningLimit.
verify	Run pnpm verify	2026-10-06T04:23:36.4373582Z [5/24] e2e/qa08-prototype.spec.ts:461:5 › QA08 device-manage 375
verify	Run pnpm verify	2026-10-06T04:23:36.4374138Z [6/24] e2e/qa08-prototype.spec.ts:461:5 › QA08 device-consumable 375
verify	Run pnpm verify	2026-10-06T04:23:36.4374671Z [7/24] e2e/qa08-prototype.spec.ts:461:5 › QA08 contract-modify 375
verify	Run pnpm verify	2026-10-06T04:23:36.4375179Z [8/24] e2e/qa08-prototype.spec.ts:461:5 › QA08 contract-new 375
verify	Run pnpm verify	2026-10-06T04:23:36.4375673Z [9/24] e2e/qa08-prototype.spec.ts:461:5 › QA08 contract-detail 375
verify	Run pnpm verify	2026-10-06T04:23:36.4376197Z [10/24] e2e/qa08-prototype.spec.ts:461:5 › QA08 esg-overview 375
verify	Run pnpm verify	2026-10-06T04:23:36.4376691Z [11/24] e2e/qa08-prototype.spec.ts:461:5 › QA08 esg-device 375
verify	Run pnpm verify	2026-10-06T04:23:36.4377173Z [12/24] e2e/qa08-prototype.spec.ts:461:5 › QA08 settings 375
verify	Run pnpm verify	2026-10-06T04:23:36.4377631Z [13/24] e2e/qa08-prototype.spec.ts:461:5 › QA08 dashboard 1440
verify	Run pnpm verify	2026-10-06T04:23:36.4378111Z [14/24] e2e/qa08-prototype.spec.ts:461:5 › QA08 device-view 1440
verify	Run pnpm verify	2026-10-06T04:23:36.4378617Z [15/24] e2e/qa08-prototype.spec.ts:461:5 › QA08 device-operate 1440
verify	Run pnpm verify	2026-10-06T04:23:36.4379418Z [16/24] e2e/qa08-prototype.spec.ts:461:5 › QA08 device-group 1440
verify	Run pnpm verify	2026-10-06T04:23:36.4379956Z [17/24] e2e/qa08-prototype.spec.ts:461:5 › QA08 device-manage 1440
verify	Run pnpm verify	2026-10-06T04:23:36.4380497Z [18/24] e2e/qa08-prototype.spec.ts:461:5 › QA08 device-consumable 1440
verify	Run pnpm verify	2026-10-06T04:23:36.4381036Z [19/24] e2e/qa08-prototype.spec.ts:461:5 › QA08 contract-modify 1440
verify	Run pnpm verify	2026-10-06T04:23:36.4381535Z [20/24] e2e/qa08-prototype.spec.ts:461:5 › QA08 contract-new 1440
verify	Run pnpm verify	2026-10-06T04:23:36.4382056Z [21/24] e2e/qa08-prototype.spec.ts:461:5 › QA08 contract-detail 1440
verify	Run pnpm verify	2026-10-06T04:23:36.4382563Z [22/24] e2e/qa08-prototype.spec.ts:461:5 › QA08 esg-overview 1440
verify	Run pnpm verify	2026-10-06T04:23:36.4383066Z [23/24] e2e/qa08-prototype.spec.ts:461:5 › QA08 esg-device 1440
verify	Run pnpm verify	2026-10-06T04:23:36.4383538Z [24/24] e2e/qa08-prototype.spec.ts:461:5 › QA08 settings 1440
verify	Run pnpm verify	2026-10-06T04:23:36.4383854Z   24 passed (2.4m)
