deploy-test	Run pnpm verify	﻿2026-10-06T04:15:37.9708124Z ##[group]Run pnpm verify
deploy-test	Run pnpm verify	2026-10-06T04:15:37.9708381Z ^[[36;1mpnpm verify^[[0m
deploy-test	Run pnpm verify	2026-10-06T04:15:37.9765763Z shell: /usr/bin/bash -e {0}
deploy-test	Run pnpm verify	2026-10-06T04:15:37.9766008Z env:
deploy-test	Run pnpm verify	2026-10-06T04:15:37.9766405Z   FDP_DEVICE_API_CERTIFICATE_ARN: arn:aws:acm:ap-southeast-1:065986019555:certificate/db3daf4f-de27-4cb3-8813-5f1f068478e0
deploy-test	Run pnpm verify	2026-10-06T04:15:37.9767014Z   FDP_PUBLIC_API_CERTIFICATE_ARN: arn:aws:acm:ap-southeast-1:065986019555:certificate/2777e55f-df6e-4e7d-8ce8-22cd3cf2babb
deploy-test	Run pnpm verify	2026-10-06T04:15:37.9767486Z   FDP_TRUSTSTORE_BUCKET_NAME: fdp-test-mtls-truststore-065986019555
deploy-test	Run pnpm verify	2026-10-06T04:15:37.9767855Z   FDP_TRUSTSTORE_VERSION: FtN.3H5AydTqt6cgxf0wzeOcNQHFxCOx
deploy-test	Run pnpm verify	2026-10-06T04:15:37.9768131Z   FDP_QA09_ROLLOUT_PHASE: immediate
deploy-test	Run pnpm verify	2026-10-06T04:15:37.9768387Z   PNPM_HOME: /home/runner/setup-pnpm/node_modules/.bin
deploy-test	Run pnpm verify	2026-10-06T04:15:37.9768633Z ##[endgroup]
deploy-test	Run pnpm verify	2026-10-06T04:15:38.1989809Z 
deploy-test	Run pnpm verify	2026-10-06T04:15:38.1990436Z > food-digester-platform@0.0.0 verify /home/runner/work/food-digester-platform/food-digester-platform
deploy-test	Run pnpm verify	2026-10-06T04:15:38.1994001Z > pnpm lint && pnpm format:check && pnpm typecheck && pnpm openapi:check && pnpm test && pnpm build && pnpm check:boundaries && pnpm check:schemas && pnpm check:migrations && pnpm check:evidence && pnpm check:secrets && pnpm check:sensitive-sinks && pnpm check:admin-web-delivery && pnpm check:admin-web-e2e && pnpm check:cmd-ota-delivery && pnpm test:device-contracts /tmp/fdp-device-contracts-gate.json && pnpm test:iot-integration /tmp/fdp-iot-integration-gate.json && pnpm test:core-api-integration /tmp/fdp-core-api-integration-gate.json && pnpm test:admin-e2e-suite /tmp/fdp-admin-e2e-gate.json && pnpm test:security-suite /tmp/fdp-security-gate.json && pnpm test:reliability-suite /tmp/fdp-reliability-gate.json && pnpm test:prototype-regression /tmp/fdp-prototype-regression-gate.json
deploy-test	Run pnpm verify	2026-10-06T04:15:38.1997026Z 
deploy-test	Run pnpm verify	2026-10-06T04:15:38.4259048Z 
deploy-test	Run pnpm verify	2026-10-06T04:15:38.4259992Z > food-digester-platform@0.0.0 lint /home/runner/work/food-digester-platform/food-digester-platform
deploy-test	Run pnpm verify	2026-10-06T04:15:38.4260480Z > eslint .
deploy-test	Run pnpm verify	2026-10-06T04:15:38.4260586Z 
deploy-test	Run pnpm verify	2026-10-06T04:15:48.0874939Z 
deploy-test	Run pnpm verify	2026-10-06T04:15:48.0876077Z > food-digester-platform@0.0.0 format:check /home/runner/work/food-digester-platform/food-digester-platform
deploy-test	Run pnpm verify	2026-10-06T04:15:48.0876827Z > prettier --check .
deploy-test	Run pnpm verify	2026-10-06T04:15:48.0877030Z 
deploy-test	Run pnpm verify	2026-10-06T04:15:48.1525698Z Checking formatting...
deploy-test	Run pnpm verify	2026-10-06T04:15:58.5942992Z All matched files use Prettier code style!
deploy-test	Run pnpm verify	2026-10-06T04:15:58.8882582Z 
deploy-test	Run pnpm verify	2026-10-06T04:15:58.8883712Z > food-digester-platform@0.0.0 typecheck /home/runner/work/food-digester-platform/food-digester-platform
deploy-test	Run pnpm verify	2026-10-06T04:15:58.8884483Z > turbo run typecheck
deploy-test	Run pnpm verify	2026-10-06T04:15:58.8884680Z 
deploy-test	Run pnpm verify	2026-10-06T04:15:58.9158476Z 
deploy-test	Run pnpm verify	2026-10-06T04:15:58.9160093Z Attention:
deploy-test	Run pnpm verify	2026-10-06T04:15:58.9161082Z Turborepo now collects completely anonymous telemetry regarding usage.
deploy-test	Run pnpm verify	2026-10-06T04:15:58.9162384Z This information is used to shape the Turborepo roadmap and prioritize features.
deploy-test	Run pnpm verify	2026-10-06T04:15:58.9219749Z You can learn more, including how to opt-out if you'd not like to participate in this anonymous program, by visiting the following URL:
deploy-test	Run pnpm verify	2026-10-06T04:15:58.9220872Z https://turborepo.dev/docs/telemetry
deploy-test	Run pnpm verify	2026-10-06T04:15:58.9221147Z 
deploy-test	Run pnpm verify	2026-10-06T04:15:58.9319871Z 
deploy-test	Run pnpm verify	2026-10-06T04:15:58.9322240Z    • Packages in scope: @fdp/admin-web, @fdp/archive-worker, @fdp/auth, @fdp/aws-clients, @fdp/cloud-api, @fdp/contracts, @fdp/database, @fdp/domain, @fdp/infra, @fdp/ingestion-worker, @fdp/media, @fdp/observability, @fdp/summary-worker
deploy-test	Run pnpm verify	2026-10-06T04:15:58.9332781Z    • Running typecheck in 13 packages
deploy-test	Run pnpm verify	2026-10-06T04:15:58.9333369Z    • Remote caching disabled
deploy-test	Run pnpm verify	2026-10-06T04:15:58.9333684Z 
deploy-test	Run pnpm verify	2026-10-06T04:15:59.9805959Z ##[group]@fdp/contracts:build
deploy-test	Run pnpm verify	2026-10-06T04:15:59.9842909Z cache miss, executing badb40bf08f6da73
deploy-test	Run pnpm verify	2026-10-06T04:15:59.9969710Z 
deploy-test	Run pnpm verify	2026-10-06T04:16:00.0090902Z > @fdp/contracts@0.0.0 build /home/runner/work/food-digester-platform/food-digester-platform/contracts
deploy-test	Run pnpm verify	2026-10-06T04:16:00.0163033Z > node -e "console.log('@fdp/contracts 为源码契约包：内部使用 .ts 扩展名互引，不经 tsc 构建；消费方经 tsx/打包器直接使用源码')"
deploy-test	Run pnpm verify	2026-10-06T04:16:00.0225318Z 
deploy-test	Run pnpm verify	2026-10-06T04:16:00.0250931Z @fdp/contracts 为源码契约包：内部使用 .ts 扩展名互引，不经 tsc 构建；消费方经 tsx/打包器直接使用源码
deploy-test	Run pnpm verify	2026-10-06T04:16:00.0387595Z ##[endgroup]
deploy-test	Run pnpm verify	2026-10-06T04:16:02.2209553Z ##[group]@fdp/observability:typecheck
deploy-test	Run pnpm verify	2026-10-06T04:16:02.2232243Z cache miss, executing 85676c47b5f4ab95
deploy-test	Run pnpm verify	2026-10-06T04:16:02.2260818Z 
deploy-test	Run pnpm verify	2026-10-06T04:16:02.2311009Z > @fdp/observability@0.0.0 typecheck /home/runner/work/food-digester-platform/food-digester-platform/packages/observability
deploy-test	Run pnpm verify	2026-10-06T04:16:02.2337352Z > tsc -p tsconfig.json
deploy-test	Run pnpm verify	2026-10-06T04:16:02.2376656Z 
deploy-test	Run pnpm verify	2026-10-06T04:16:02.2377782Z ##[endgroup]
deploy-test	Run pnpm verify	2026-10-06T04:16:02.9445070Z ##[group]@fdp/observability:build
deploy-test	Run pnpm verify	2026-10-06T04:16:02.9475330Z cache miss, executing b22046eabd7182a9
deploy-test	Run pnpm verify	2026-10-06T04:16:02.9504269Z 
deploy-test	Run pnpm verify	2026-10-06T04:16:02.9530863Z > @fdp/observability@0.0.0 build /home/runner/work/food-digester-platform/food-digester-platform/packages/observability
deploy-test	Run pnpm verify	2026-10-06T04:16:02.9551471Z > tsc -p tsconfig.build.json
deploy-test	Run pnpm verify	2026-10-06T04:16:02.9579915Z 
deploy-test	Run pnpm verify	2026-10-06T04:16:02.9640458Z ##[endgroup]
deploy-test	Run pnpm verify	2026-10-06T04:16:04.2151998Z ##[group]@fdp/domain:build
deploy-test	Run pnpm verify	2026-10-06T04:16:04.2196839Z cache miss, executing 47ef0249a0b99843
deploy-test	Run pnpm verify	2026-10-06T04:16:04.2263364Z 
deploy-test	Run pnpm verify	2026-10-06T04:16:04.2300874Z > @fdp/domain@0.0.0 build /home/runner/work/food-digester-platform/food-digester-platform/packages/domain
deploy-test	Run pnpm verify	2026-10-06T04:16:04.2397179Z > tsc -p tsconfig.build.json
deploy-test	Run pnpm verify	2026-10-06T04:16:04.2489799Z 
deploy-test	Run pnpm verify	2026-10-06T04:16:04.2551964Z ##[endgroup]
deploy-test	Run pnpm verify	2026-10-06T04:16:05.0032723Z ##[group]@fdp/domain:typecheck
deploy-test	Run pnpm verify	2026-10-06T04:16:05.0033813Z cache miss, executing fd26312a4c0953c8
deploy-test	Run pnpm verify	2026-10-06T04:16:05.0066829Z 
deploy-test	Run pnpm verify	2026-10-06T04:16:05.0067925Z > @fdp/domain@0.0.0 typecheck /home/runner/work/food-digester-platform/food-digester-platform/packages/domain
deploy-test	Run pnpm verify	2026-10-06T04:16:05.0068968Z > tsc -p tsconfig.json
deploy-test	Run pnpm verify	2026-10-06T04:16:05.0069495Z 
deploy-test	Run pnpm verify	2026-10-06T04:16:05.0070016Z ##[endgroup]
deploy-test	Run pnpm verify	2026-10-06T04:16:05.6385500Z ##[group]@fdp/database:generate
deploy-test	Run pnpm verify	2026-10-06T04:16:05.6460438Z cache miss, executing 6f29d7861b790d41
deploy-test	Run pnpm verify	2026-10-06T04:16:05.6464659Z 
deploy-test	Run pnpm verify	2026-10-06T04:16:05.6465602Z > @fdp/database@0.0.0 generate /home/runner/work/food-digester-platform/food-digester-platform/packages/database
deploy-test	Run pnpm verify	2026-10-06T04:16:05.6466529Z > prisma generate
deploy-test	Run pnpm verify	2026-10-06T04:16:05.6466886Z 
deploy-test	Run pnpm verify	2026-10-06T04:16:05.6467285Z Loaded Prisma config from prisma.config.ts.
deploy-test	Run pnpm verify	2026-10-06T04:16:05.6467730Z 
deploy-test	Run pnpm verify	2026-10-06T04:16:05.6468134Z Prisma schema loaded from prisma/schema.prisma.
deploy-test	Run pnpm verify	2026-10-06T04:16:05.6468674Z 
deploy-test	Run pnpm verify	2026-10-06T04:16:05.6469634Z ✔ Generated Prisma Client (7.9.1) to ./src/generated in 1.34s
deploy-test	Run pnpm verify	2026-10-06T04:16:05.6470530Z 
deploy-test	Run pnpm verify	2026-10-06T04:16:05.6471119Z ##[endgroup]
deploy-test	Run pnpm verify	2026-10-06T04:16:06.3740626Z ##[group]@fdp/contracts:typecheck
deploy-test	Run pnpm verify	2026-10-06T04:16:06.3800433Z cache miss, executing aa15856efcfb63ca
deploy-test	Run pnpm verify	2026-10-06T04:16:06.3850718Z 
deploy-test	Run pnpm verify	2026-10-06T04:16:06.3851841Z > @fdp/contracts@0.0.0 typecheck /home/runner/work/food-digester-platform/food-digester-platform/contracts
deploy-test	Run pnpm verify	2026-10-06T04:16:06.3854534Z > tsc -p tsconfig.json
deploy-test	Run pnpm verify	2026-10-06T04:16:06.3854969Z 
deploy-test	Run pnpm verify	2026-10-06T04:16:06.3855520Z ##[endgroup]
deploy-test	Run pnpm verify	2026-10-06T04:16:06.6960731Z ##[group]@fdp/aws-clients:build
deploy-test	Run pnpm verify	2026-10-06T04:16:06.6962568Z cache miss, executing 72b741ff8e28f9c8
deploy-test	Run pnpm verify	2026-10-06T04:16:06.7003479Z 
deploy-test	Run pnpm verify	2026-10-06T04:16:06.7052635Z > @fdp/aws-clients@0.0.0 build /home/runner/work/food-digester-platform/food-digester-platform/packages/aws-clients
deploy-test	Run pnpm verify	2026-10-06T04:16:06.7070097Z > tsc -p tsconfig.build.json
deploy-test	Run pnpm verify	2026-10-06T04:16:06.7100296Z 
deploy-test	Run pnpm verify	2026-10-06T04:16:06.7105574Z ##[endgroup]
deploy-test	Run pnpm verify	2026-10-06T04:16:07.0900712Z ##[group]@fdp/aws-clients:typecheck
deploy-test	Run pnpm verify	2026-10-06T04:16:07.0931204Z cache miss, executing 767e47322641a244
deploy-test	Run pnpm verify	2026-10-06T04:16:07.0983913Z 
deploy-test	Run pnpm verify	2026-10-06T04:16:07.1001197Z > @fdp/aws-clients@0.0.0 typecheck /home/runner/work/food-digester-platform/food-digester-platform/packages/aws-clients
deploy-test	Run pnpm verify	2026-10-06T04:16:07.1006112Z > tsc -p tsconfig.json
deploy-test	Run pnpm verify	2026-10-06T04:16:07.1006366Z 
deploy-test	Run pnpm verify	2026-10-06T04:16:07.1007102Z ##[endgroup]
deploy-test	Run pnpm verify	2026-10-06T04:16:09.5572580Z ##[group]@fdp/infra:typecheck
deploy-test	Run pnpm verify	2026-10-06T04:16:09.5573144Z cache miss, executing 4222ae3dde92f349
deploy-test	Run pnpm verify	2026-10-06T04:16:09.5573703Z 
deploy-test	Run pnpm verify	2026-10-06T04:16:09.5574218Z > @fdp/infra@0.0.0 typecheck /home/runner/work/food-digester-platform/food-digester-platform/infra
deploy-test	Run pnpm verify	2026-10-06T04:16:09.5574831Z > tsc -p tsconfig.json
deploy-test	Run pnpm verify	2026-10-06T04:16:09.5575000Z 
deploy-test	Run pnpm verify	2026-10-06T04:16:09.5575301Z ##[endgroup]
deploy-test	Run pnpm verify	2026-10-06T04:16:09.6936036Z ##[group]@fdp/database:typecheck
deploy-test	Run pnpm verify	2026-10-06T04:16:09.6936485Z cache miss, executing 31ac5516cf4b4c63
deploy-test	Run pnpm verify	2026-10-06T04:16:09.6943437Z 
deploy-test	Run pnpm verify	2026-10-06T04:16:09.6944184Z > @fdp/database@0.0.0 typecheck /home/runner/work/food-digester-platform/food-digester-platform/packages/database
deploy-test	Run pnpm verify	2026-10-06T04:16:09.6944818Z > tsc -p tsconfig.json
deploy-test	Run pnpm verify	2026-10-06T04:16:09.6944946Z 
deploy-test	Run pnpm verify	2026-10-06T04:16:09.6945190Z ##[endgroup]
deploy-test	Run pnpm verify	2026-10-06T04:16:10.1154698Z ##[group]@fdp/database:build
deploy-test	Run pnpm verify	2026-10-06T04:16:10.1155306Z cache miss, executing d2e9504f281a7867
deploy-test	Run pnpm verify	2026-10-06T04:16:10.1155563Z 
deploy-test	Run pnpm verify	2026-10-06T04:16:10.1156186Z > @fdp/database@0.0.0 build /home/runner/work/food-digester-platform/food-digester-platform/packages/database
deploy-test	Run pnpm verify	2026-10-06T04:16:10.1156909Z > tsc -p tsconfig.build.json
deploy-test	Run pnpm verify	2026-10-06T04:16:10.1157159Z 
deploy-test	Run pnpm verify	2026-10-06T04:16:10.1157457Z ##[endgroup]
deploy-test	Run pnpm verify	2026-10-06T04:16:13.5491992Z ##[group]@fdp/media:typecheck
deploy-test	Run pnpm verify	2026-10-06T04:16:13.5520609Z cache miss, executing b6cf0ab300a221c4
deploy-test	Run pnpm verify	2026-10-06T04:16:13.5563531Z 
deploy-test	Run pnpm verify	2026-10-06T04:16:13.5586572Z > @fdp/media@0.0.0 typecheck /home/runner/work/food-digester-platform/food-digester-platform/packages/media
deploy-test	Run pnpm verify	2026-10-06T04:16:13.5587670Z > tsc -p tsconfig.json
deploy-test	Run pnpm verify	2026-10-06T04:16:13.5588169Z 
deploy-test	Run pnpm verify	2026-10-06T04:16:13.5588848Z ##[endgroup]
deploy-test	Run pnpm verify	2026-10-06T04:16:14.1871125Z ##[group]@fdp/media:build
deploy-test	Run pnpm verify	2026-10-06T04:16:14.1872107Z cache miss, executing 8b966babc723bb0c
deploy-test	Run pnpm verify	2026-10-06T04:16:14.1872580Z 
deploy-test	Run pnpm verify	2026-10-06T04:16:14.1873301Z > @fdp/media@0.0.0 build /home/runner/work/food-digester-platform/food-digester-platform/packages/media
deploy-test	Run pnpm verify	2026-10-06T04:16:14.1874220Z > tsc -p tsconfig.build.json
deploy-test	Run pnpm verify	2026-10-06T04:16:14.1874586Z 
deploy-test	Run pnpm verify	2026-10-06T04:16:14.1875048Z ##[endgroup]
deploy-test	Run pnpm verify	2026-10-06T04:16:15.0850983Z ##[group]@fdp/archive-worker:typecheck
deploy-test	Run pnpm verify	2026-10-06T04:16:15.0875636Z cache miss, executing 52499f59bca6748f
deploy-test	Run pnpm verify	2026-10-06T04:16:15.0876043Z 
deploy-test	Run pnpm verify	2026-10-06T04:16:15.0877723Z > @fdp/archive-worker@0.0.0 typecheck /home/runner/work/food-digester-platform/food-digester-platform/apps/archive-worker
deploy-test	Run pnpm verify	2026-10-06T04:16:15.0878535Z > tsc -p tsconfig.json
deploy-test	Run pnpm verify	2026-10-06T04:16:15.0878775Z 
deploy-test	Run pnpm verify	2026-10-06T04:16:15.0900044Z ##[endgroup]
deploy-test	Run pnpm verify	2026-10-06T04:16:15.6636944Z ##[group]@fdp/summary-worker:typecheck
deploy-test	Run pnpm verify	2026-10-06T04:16:15.6642255Z cache miss, executing e39c112ae5d2bb05
deploy-test	Run pnpm verify	2026-10-06T04:16:15.6642778Z 
deploy-test	Run pnpm verify	2026-10-06T04:16:15.6643878Z > @fdp/summary-worker@0.0.0 typecheck /home/runner/work/food-digester-platform/food-digester-platform/apps/summary-worker
deploy-test	Run pnpm verify	2026-10-06T04:16:15.6644888Z > tsc -p tsconfig.json
deploy-test	Run pnpm verify	2026-10-06T04:16:15.6645243Z 
deploy-test	Run pnpm verify	2026-10-06T04:16:15.6645757Z ##[endgroup]
deploy-test	Run pnpm verify	2026-10-06T04:16:15.6843047Z ##[group]@fdp/auth:build
deploy-test	Run pnpm verify	2026-10-06T04:16:15.6843947Z cache miss, executing 161d25a0bb288877
deploy-test	Run pnpm verify	2026-10-06T04:16:15.6844467Z 
deploy-test	Run pnpm verify	2026-10-06T04:16:15.6845219Z > @fdp/auth@0.0.0 build /home/runner/work/food-digester-platform/food-digester-platform/packages/auth
deploy-test	Run pnpm verify	2026-10-06T04:16:15.6846248Z > tsc -p tsconfig.build.json
deploy-test	Run pnpm verify	2026-10-06T04:16:15.6846630Z 
deploy-test	Run pnpm verify	2026-10-06T04:16:15.6847094Z ##[endgroup]
deploy-test	Run pnpm verify	2026-10-06T04:16:16.0826523Z ##[group]@fdp/auth:typecheck
deploy-test	Run pnpm verify	2026-10-06T04:16:16.0827173Z cache miss, executing d6b21957570b42f6
deploy-test	Run pnpm verify	2026-10-06T04:16:16.0827447Z 
deploy-test	Run pnpm verify	2026-10-06T04:16:16.0828354Z > @fdp/auth@0.0.0 typecheck /home/runner/work/food-digester-platform/food-digester-platform/packages/auth
deploy-test	Run pnpm verify	2026-10-06T04:16:16.0829026Z > tsc -p tsconfig.json
deploy-test	Run pnpm verify	2026-10-06T04:16:16.0829562Z 
deploy-test	Run pnpm verify	2026-10-06T04:16:23.0170930Z ##[endgroup]
deploy-test	Run pnpm verify	2026-10-06T04:16:23.0171496Z ##[group]@fdp/ingestion-worker:typecheck
deploy-test	Run pnpm verify	2026-10-06T04:16:23.0172262Z cache miss, executing be9f2a0b0e7740fd
deploy-test	Run pnpm verify	2026-10-06T04:16:23.0172626Z 
deploy-test	Run pnpm verify	2026-10-06T04:16:23.0173479Z > @fdp/ingestion-worker@0.0.0 typecheck /home/runner/work/food-digester-platform/food-digester-platform/apps/ingestion-worker
deploy-test	Run pnpm verify	2026-10-06T04:16:23.0174222Z > tsc -p tsconfig.json
deploy-test	Run pnpm verify	2026-10-06T04:16:23.0174488Z 
deploy-test	Run pnpm verify	2026-10-06T04:16:23.0174817Z ##[endgroup]
deploy-test	Run pnpm verify	2026-10-06T04:16:26.8631560Z ##[group]@fdp/admin-web:typecheck
deploy-test	Run pnpm verify	2026-10-06T04:16:26.8632176Z cache miss, executing c07355e5713f6ca0
deploy-test	Run pnpm verify	2026-10-06T04:16:26.8632433Z 
deploy-test	Run pnpm verify	2026-10-06T04:16:26.8633063Z > @fdp/admin-web@0.0.0 typecheck /home/runner/work/food-digester-platform/food-digester-platform/apps/admin-web
deploy-test	Run pnpm verify	2026-10-06T04:16:26.8633892Z > tsc -p tsconfig.json && tsc -p tsconfig.e2e.json
deploy-test	Run pnpm verify	2026-10-06T04:16:26.8634183Z 
deploy-test	Run pnpm verify	2026-10-06T04:16:26.8634476Z ##[endgroup]
deploy-test	Run pnpm verify	2026-10-06T04:16:26.8865480Z ##[group]@fdp/cloud-api:typecheck
deploy-test	Run pnpm verify	2026-10-06T04:16:26.8866071Z cache miss, executing d0559b6282b3f1ef
deploy-test	Run pnpm verify	2026-10-06T04:16:26.8866315Z 
deploy-test	Run pnpm verify	2026-10-06T04:16:26.8866891Z > @fdp/cloud-api@0.0.0 typecheck /home/runner/work/food-digester-platform/food-digester-platform/apps/cloud-api
deploy-test	Run pnpm verify	2026-10-06T04:16:26.8867561Z > tsc -p tsconfig.json
deploy-test	Run pnpm verify	2026-10-06T04:16:26.8867746Z 
deploy-test	Run pnpm verify	2026-10-06T04:16:26.8868039Z ##[endgroup]
deploy-test	Run pnpm verify	2026-10-06T04:16:26.8879583Z 
deploy-test	Run pnpm verify	2026-10-06T04:16:26.8880166Z  Tasks:    21 successful, 21 total
deploy-test	Run pnpm verify	2026-10-06T04:16:26.8880580Z Cached:    0 cached, 21 total
deploy-test	Run pnpm verify	2026-10-06T04:16:26.8880929Z   Time:    27.97s 
deploy-test	Run pnpm verify	2026-10-06T04:16:26.8881186Z 
deploy-test	Run pnpm verify	2026-10-06T04:16:27.1169524Z 
deploy-test	Run pnpm verify	2026-10-06T04:16:27.1170681Z > food-digester-platform@0.0.0 openapi:check /home/runner/work/food-digester-platform/food-digester-platform
deploy-test	Run pnpm verify	2026-10-06T04:16:27.1172360Z > node scripts/build-openapi.mjs --check && redocly lint contracts/rest/openapi-base.json "contracts/rest/*-api.json" contracts/rest/openapi.bundle.json --extends spec
deploy-test	Run pnpm verify	2026-10-06T04:16:27.1173163Z 
deploy-test	Run pnpm verify	2026-10-06T04:16:27.1796087Z OpenAPI bundle 新鲜：contracts/rest/openapi.bundle.json
deploy-test	Run pnpm verify	2026-10-06T04:16:27.3984497Z ^[[90mvalidating contracts/rest/openapi-base.json...
deploy-test	Run pnpm verify	2026-10-06T04:16:27.4151142Z ^[[39m^[[90mcontracts/rest/openapi-base.json: validated in 17ms
deploy-test	Run pnpm verify	2026-10-06T04:16:27.4162710Z 
deploy-test	Run pnpm verify	2026-10-06T04:16:27.4163724Z ^[[39m^[[90mvalidating contracts/rest/prototype-planned-api.json...
deploy-test	Run pnpm verify	2026-10-06T04:16:27.4330442Z ^[[39m^[[90mcontracts/rest/prototype-planned-api.json: validated in 19ms
deploy-test	Run pnpm verify	2026-10-06T04:16:27.4331243Z 
deploy-test	Run pnpm verify	2026-10-06T04:16:27.4331945Z ^[[39m^[[90mvalidating contracts/rest/device-sync-api.json...
deploy-test	Run pnpm verify	2026-10-06T04:16:27.4474919Z ^[[39m^[[90mcontracts/rest/device-sync-api.json: validated in 15ms
deploy-test	Run pnpm verify	2026-10-06T04:16:27.4475363Z 
deploy-test	Run pnpm verify	2026-10-06T04:16:27.4475729Z ^[[39m^[[90mvalidating contracts/rest/device-ota-api.json...
deploy-test	Run pnpm verify	2026-10-06T04:16:27.4537061Z ^[[39m^[[90mcontracts/rest/device-ota-api.json: validated in 7ms
deploy-test	Run pnpm verify	2026-10-06T04:16:27.4537494Z 
deploy-test	Run pnpm verify	2026-10-06T04:16:27.4537895Z ^[[39m^[[90mvalidating contracts/rest/device-onboarding-api.json...
deploy-test	Run pnpm verify	2026-10-06T04:16:27.4634040Z ^[[39m^[[90mcontracts/rest/device-onboarding-api.json: validated in 10ms
deploy-test	Run pnpm verify	2026-10-06T04:16:27.4634526Z 
deploy-test	Run pnpm verify	2026-10-06T04:16:27.4634929Z ^[[39m^[[90mvalidating contracts/rest/device-media-api.json...
deploy-test	Run pnpm verify	2026-10-06T04:16:27.4690889Z ^[[39m^[[90mcontracts/rest/device-media-api.json: validated in 6ms
deploy-test	Run pnpm verify	2026-10-06T04:16:27.4691444Z 
deploy-test	Run pnpm verify	2026-10-06T04:16:27.4694149Z ^[[39m^[[90mvalidating contracts/rest/device-deactivate-api.json...
deploy-test	Run pnpm verify	2026-10-06T04:16:27.4765766Z ^[[39m^[[90mcontracts/rest/device-deactivate-api.json: validated in 8ms
deploy-test	Run pnpm verify	2026-10-06T04:16:27.4783672Z 
deploy-test	Run pnpm verify	2026-10-06T04:16:27.4784421Z ^[[39m^[[90mvalidating contracts/rest/device-certificate-api.json...
deploy-test	Run pnpm verify	2026-10-06T04:16:27.4805852Z ^[[39m^[[90mcontracts/rest/device-certificate-api.json: validated in 5ms
deploy-test	Run pnpm verify	2026-10-06T04:16:27.4806388Z 
deploy-test	Run pnpm verify	2026-10-06T04:16:27.4807022Z ^[[39m^[[90mvalidating contracts/rest/admin-user-api.json...
deploy-test	Run pnpm verify	2026-10-06T04:16:27.4874693Z ^[[39m^[[90mcontracts/rest/admin-user-api.json: validated in 7ms
deploy-test	Run pnpm verify	2026-10-06T04:16:27.4889088Z 
deploy-test	Run pnpm verify	2026-10-06T04:16:27.4896382Z ^[[39m^[[90mvalidating contracts/rest/admin-site-api.json...
deploy-test	Run pnpm verify	2026-10-06T04:16:27.4972881Z ^[[39m^[[90mcontracts/rest/admin-site-api.json: validated in 11ms
deploy-test	Run pnpm verify	2026-10-06T04:16:27.4973851Z 
deploy-test	Run pnpm verify	2026-10-06T04:16:27.4974705Z ^[[39m^[[90mvalidating contracts/rest/admin-settings-api.json...
deploy-test	Run pnpm verify	2026-10-06T04:16:27.5024666Z ^[[39m^[[90mcontracts/rest/admin-settings-api.json: validated in 6ms
deploy-test	Run pnpm verify	2026-10-06T04:16:27.5025066Z 
deploy-test	Run pnpm verify	2026-10-06T04:16:27.5036228Z ^[[39m^[[90mvalidating contracts/rest/admin-replay-api.json...
deploy-test	Run pnpm verify	2026-10-06T04:16:27.5074928Z ^[[39m^[[90mcontracts/rest/admin-replay-api.json: validated in 6ms
deploy-test	Run pnpm verify	2026-10-06T04:16:27.5075747Z 
deploy-test	Run pnpm verify	2026-10-06T04:16:27.5076224Z ^[[39m^[[90mvalidating contracts/rest/admin-ota-package-api.json...
deploy-test	Run pnpm verify	2026-10-06T04:16:27.5139126Z ^[[39m^[[90mcontracts/rest/admin-ota-package-api.json: validated in 7ms
deploy-test	Run pnpm verify	2026-10-06T04:16:27.5139725Z 
deploy-test	Run pnpm verify	2026-10-06T04:16:27.5140330Z ^[[39m^[[90mvalidating contracts/rest/admin-ota-campaign-api.json...
deploy-test	Run pnpm verify	2026-10-06T04:16:27.5225895Z ^[[39m^[[90mcontracts/rest/admin-ota-campaign-api.json: validated in 9ms
deploy-test	Run pnpm verify	2026-10-06T04:16:27.5226206Z 
deploy-test	Run pnpm verify	2026-10-06T04:16:27.5226474Z ^[[39m^[[90mvalidating contracts/rest/admin-onboarding-api.json...
deploy-test	Run pnpm verify	2026-10-06T04:16:27.5290225Z ^[[39m^[[90mcontracts/rest/admin-onboarding-api.json: validated in 6ms
deploy-test	Run pnpm verify	2026-10-06T04:16:27.5319719Z 
deploy-test	Run pnpm verify	2026-10-06T04:16:27.5339794Z ^[[39m^[[90mvalidating contracts/rest/admin-media-api.json...
deploy-test	Run pnpm verify	2026-10-06T04:16:27.5391306Z ^[[39m^[[90mcontracts/rest/admin-media-api.json: validated in 12ms
deploy-test	Run pnpm verify	2026-10-06T04:16:27.5391724Z 
deploy-test	Run pnpm verify	2026-10-06T04:16:27.5392186Z ^[[39m^[[90mvalidating contracts/rest/admin-license-api.json...
deploy-test	Run pnpm verify	2026-10-06T04:16:27.5439744Z ^[[39m^[[90mcontracts/rest/admin-license-api.json: validated in 5ms
deploy-test	Run pnpm verify	2026-10-06T04:16:27.5440152Z 
deploy-test	Run pnpm verify	2026-10-06T04:16:27.5440575Z ^[[39m^[[90mvalidating contracts/rest/admin-esg-api.json...
deploy-test	Run pnpm verify	2026-10-06T04:16:27.5522880Z ^[[39m^[[90mcontracts/rest/admin-esg-api.json: validated in 9ms
deploy-test	Run pnpm verify	2026-10-06T04:16:27.5523273Z 
deploy-test	Run pnpm verify	2026-10-06T04:16:27.5523709Z ^[[39m^[[90mvalidating contracts/rest/admin-device-user-api.json...
deploy-test	Run pnpm verify	2026-10-06T04:16:27.5568758Z ^[[39m^[[90mcontracts/rest/admin-device-user-api.json: validated in 5ms
deploy-test	Run pnpm verify	2026-10-06T04:16:27.5569543Z 
deploy-test	Run pnpm verify	2026-10-06T04:16:27.5569814Z ^[[39m^[[90mvalidating contracts/rest/admin-device-status-api.json...
deploy-test	Run pnpm verify	2026-10-06T04:16:27.5597178Z ^[[39m^[[90mcontracts/rest/admin-device-status-api.json: validated in 3ms
deploy-test	Run pnpm verify	2026-10-06T04:16:27.5597564Z 
deploy-test	Run pnpm verify	2026-10-06T04:16:27.5597972Z ^[[39m^[[90mvalidating contracts/rest/admin-device-retirement-api.json...
deploy-test	Run pnpm verify	2026-10-06T04:16:27.5626312Z ^[[39m^[[90mcontracts/rest/admin-device-retirement-api.json: validated in 3ms
deploy-test	Run pnpm verify	2026-10-06T04:16:27.5626713Z 
deploy-test	Run pnpm verify	2026-10-06T04:16:27.5627091Z ^[[39m^[[90mvalidating contracts/rest/admin-device-console-api.json...
deploy-test	Run pnpm verify	2026-10-06T04:16:27.5697421Z ^[[39m^[[90mcontracts/rest/admin-device-console-api.json: validated in 8ms
deploy-test	Run pnpm verify	2026-10-06T04:16:27.5697835Z 
deploy-test	Run pnpm verify	2026-10-06T04:16:27.5698238Z ^[[39m^[[90mvalidating contracts/rest/admin-device-assignment-api.json...
deploy-test	Run pnpm verify	2026-10-06T04:16:27.5742849Z ^[[39m^[[90mcontracts/rest/admin-device-assignment-api.json: validated in 5ms
deploy-test	Run pnpm verify	2026-10-06T04:16:27.5743363Z 
deploy-test	Run pnpm verify	2026-10-06T04:16:27.5743831Z ^[[39m^[[90mvalidating contracts/rest/admin-device-api.json...
deploy-test	Run pnpm verify	2026-10-06T04:16:27.5785778Z ^[[39m^[[90mcontracts/rest/admin-device-api.json: validated in 5ms
deploy-test	Run pnpm verify	2026-10-06T04:16:27.5786137Z 
deploy-test	Run pnpm verify	2026-10-06T04:16:27.5786643Z ^[[39m^[[90mvalidating contracts/rest/admin-dashboard-api.json...
deploy-test	Run pnpm verify	2026-10-06T04:16:27.5825242Z ^[[39m^[[90mcontracts/rest/admin-dashboard-api.json: validated in 4ms
deploy-test	Run pnpm verify	2026-10-06T04:16:27.5825629Z 
deploy-test	Run pnpm verify	2026-10-06T04:16:27.5826115Z ^[[39m^[[90mvalidating contracts/rest/admin-customer-api.json...
deploy-test	Run pnpm verify	2026-10-06T04:16:27.5862183Z ^[[39m^[[90mcontracts/rest/admin-customer-api.json: validated in 4ms
deploy-test	Run pnpm verify	2026-10-06T04:16:27.5862539Z 
deploy-test	Run pnpm verify	2026-10-06T04:16:27.5862961Z ^[[39m^[[90mvalidating contracts/rest/admin-contract-device-api.json...
deploy-test	Run pnpm verify	2026-10-06T04:16:27.5908174Z ^[[39m^[[90mcontracts/rest/admin-contract-device-api.json: validated in 5ms
deploy-test	Run pnpm verify	2026-10-06T04:16:27.5908526Z 
deploy-test	Run pnpm verify	2026-10-06T04:16:27.5908854Z ^[[39m^[[90mvalidating contracts/rest/admin-contract-api.json...
deploy-test	Run pnpm verify	2026-10-06T04:16:27.5952314Z ^[[39m^[[90mcontracts/rest/admin-contract-api.json: validated in 5ms
deploy-test	Run pnpm verify	2026-10-06T04:16:27.5952751Z 
deploy-test	Run pnpm verify	2026-10-06T04:16:27.5953270Z ^[[39m^[[90mvalidating contracts/rest/admin-consumable-request-api.json...
deploy-test	Run pnpm verify	2026-10-06T04:16:27.5994580Z ^[[39m^[[90mcontracts/rest/admin-consumable-request-api.json: validated in 5ms
deploy-test	Run pnpm verify	2026-10-06T04:16:27.5995206Z 
deploy-test	Run pnpm verify	2026-10-06T04:16:27.5995882Z ^[[39m^[[90mvalidating contracts/rest/admin-consumable-api.json...
deploy-test	Run pnpm verify	2026-10-06T04:16:27.6041849Z ^[[39m^[[90mcontracts/rest/admin-consumable-api.json: validated in 5ms
deploy-test	Run pnpm verify	2026-10-06T04:16:27.6042530Z 
deploy-test	Run pnpm verify	2026-10-06T04:16:27.6043071Z ^[[39m^[[90mvalidating contracts/rest/admin-configuration-api.json...
deploy-test	Run pnpm verify	2026-10-06T04:16:27.6099554Z ^[[39m^[[90mcontracts/rest/admin-configuration-api.json: validated in 6ms
deploy-test	Run pnpm verify	2026-10-06T04:16:27.6100002Z 
deploy-test	Run pnpm verify	2026-10-06T04:16:27.6100367Z ^[[39m^[[90mvalidating contracts/rest/admin-command-api.json...
deploy-test	Run pnpm verify	2026-10-06T04:16:27.6138658Z ^[[39m^[[90mcontracts/rest/admin-command-api.json: validated in 4ms
deploy-test	Run pnpm verify	2026-10-06T04:16:27.6139088Z 
deploy-test	Run pnpm verify	2026-10-06T04:16:27.6139727Z ^[[39m^[[90mvalidating contracts/rest/admin-certificate-rotation-api.json...
deploy-test	Run pnpm verify	2026-10-06T04:16:27.6162086Z ^[[39m^[[90mcontracts/rest/admin-certificate-rotation-api.json: validated in 3ms
deploy-test	Run pnpm verify	2026-10-06T04:16:27.6162652Z 
deploy-test	Run pnpm verify	2026-10-06T04:16:27.6163052Z ^[[39m^[[90mvalidating contracts/rest/admin-audit-api.json...
deploy-test	Run pnpm verify	2026-10-06T04:16:27.6191882Z ^[[39m^[[90mcontracts/rest/admin-audit-api.json: validated in 3ms
deploy-test	Run pnpm verify	2026-10-06T04:16:27.6192265Z 
deploy-test	Run pnpm verify	2026-10-06T04:16:27.6192636Z ^[[39m^[[90mvalidating contracts/rest/admin-alarm-api.json...
deploy-test	Run pnpm verify	2026-10-06T04:16:27.6249764Z ^[[39m^[[90mcontracts/rest/admin-alarm-api.json: validated in 6ms
deploy-test	Run pnpm verify	2026-10-06T04:16:27.6250315Z 
deploy-test	Run pnpm verify	2026-10-06T04:16:27.6250734Z ^[[39m^[[90mvalidating contracts/rest/openapi.bundle.json...
deploy-test	Run pnpm verify	2026-10-06T04:16:27.6964368Z ^[[39m^[[90mcontracts/rest/openapi.bundle.json: validated in 72ms
deploy-test	Run pnpm verify	2026-10-06T04:16:27.6964841Z 
deploy-test	Run pnpm verify	2026-10-06T04:16:27.6973828Z ^[[39m^[[32mWoohoo! Your API descriptions are valid. 🎉
deploy-test	Run pnpm verify	2026-10-06T04:16:27.6974355Z ^[[39m
deploy-test	Run pnpm verify	2026-10-06T04:16:28.4122661Z 
deploy-test	Run pnpm verify	2026-10-06T04:16:28.4123667Z > food-digester-platform@0.0.0 test /home/runner/work/food-digester-platform/food-digester-platform
deploy-test	Run pnpm verify	2026-10-06T04:16:28.4124980Z > vitest run && pnpm test:contracts && pnpm test:scripts
deploy-test	Run pnpm verify	2026-10-06T04:16:28.4125265Z 
deploy-test	Run pnpm verify	2026-10-06T04:16:28.6481821Z 
deploy-test	Run pnpm verify	2026-10-06T04:16:28.6485689Z ^[[1m^[[30m^[[46m RUN ^[[49m^[[39m^[[22m ^[[36mv4.1.11 ^[[39m^[[90m/home/runner/work/food-digester-platform/food-digester-platform^[[39m
deploy-test	Run pnpm verify	2026-10-06T04:16:28.6486484Z 
deploy-test	Run pnpm verify	2026-10-06T04:16:29.8474984Z Bundling asset TestStack/IngestionFn/Code/Stage...
deploy-test	Run pnpm verify	2026-10-06T04:16:30.5880812Z Bundling asset TestStack/ArchiveFn/Code/Stage...
deploy-test	Run pnpm verify	2026-10-06T04:16:31.0974560Z Bundling asset TestStack/OutboxPublisherFn/Code/Stage...
deploy-test	Run pnpm verify	2026-10-06T04:16:32.3148430Z Bundling asset TestStack/NotificationPublisherFn/Code/Stage...
deploy-test	Run pnpm verify	2026-10-06T04:16:33.1470992Z Bundling asset TestStack/SummaryFn/Code/Stage...
deploy-test	Run pnpm verify	2026-10-06T04:16:34.1390693Z Bundling asset TestStack/ReplayTriggerPublisherFn/Code/Stage...
deploy-test	Run pnpm verify	2026-10-06T04:16:34.9215512Z Bundling asset TestStack/ReplayFn/Code/Stage...
deploy-test	Run pnpm verify	2026-10-06T04:16:34.9763469Z  ^[[32m✓^[[39m apps/cloud-api/test/ota-dispatch.test.ts ^[[2m(^[[22m^[[2m16 tests^[[22m^[[2m)^[[22m^[[33m 4487^[[2mms^[[22m^[[39m
deploy-test	Run pnpm verify	2026-10-06T04:16:35.5474235Z  ^[[32m✓^[[39m apps/cloud-api/test/admin-user.test.ts ^[[2m(^[[22m^[[2m31 tests^[[22m^[[2m)^[[22m^[[33m 5062^[[2mms^[[22m^[[39m
deploy-test	Run pnpm verify	2026-10-06T04:16:35.5482449Z      ^[[33m^[[2m✓^[[22m^[[39m PlatformSuperAdmin 停用后旧 id Token 不再进入读写路由 ^[[33m 447^[[2mms^[[22m^[[39m
deploy-test	Run pnpm verify	2026-10-06T04:16:35.5958887Z Bundling asset TestStack/CertPackageSweeperFn/Code/Stage...
deploy-test	Run pnpm verify	2026-10-06T04:16:36.2293275Z  ^[[32m✓^[[39m apps/admin-web/test/contract-parity.test.ts ^[[2m(^[[22m^[[2m23 tests^[[22m^[[2m)^[[22m^[[32m 26^[[2mms^[[22m^[[39m
deploy-test	Run pnpm verify	2026-10-06T04:16:36.4018931Z Bundling asset TestStack/OnboardingDeadlineFn/Code/Stage...
deploy-test	Run pnpm verify	2026-10-06T04:16:37.3804572Z Bundling asset TestStack/RetirementTimeoutFn/Code/Stage...
deploy-test	Run pnpm verify	2026-10-06T04:16:38.2600711Z Bundling asset TestStack/ActivityExportFn/Code/Stage...
deploy-test	Run pnpm verify	2026-10-06T04:16:39.2490512Z Bundling asset TestStack/EsgExportFn/Code/Stage...
deploy-test	Run pnpm verify	2026-10-06T04:16:39.6412709Z  ^[[32m✓^[[39m apps/cloud-api/test/admin-device-console.test.ts ^[[2m(^[[22m^[[2m11 tests^[[22m^[[2m)^[[22m^[[33m 3684^[[2mms^[[22m^[[39m
deploy-test	Run pnpm verify	2026-10-06T04:16:40.0398264Z Bundling asset TestStack/CommandPublisherFn/Code/Stage...
deploy-test	Run pnpm verify	2026-10-06T04:16:40.8890779Z Bundling asset TestStack/CommandTimeoutFn/Code/Stage...
deploy-test	Run pnpm verify	2026-10-06T04:16:41.0162474Z  ^[[32m✓^[[39m apps/cloud-api/test/admin-ota-campaign.test.ts ^[[2m(^[[22m^[[2m14 tests^[[22m^[[2m)^[[22m^[[33m 3879^[[2mms^[[22m^[[39m
deploy-test	Run pnpm verify	2026-10-06T04:16:41.6030655Z Bundling asset TestStack/OtaDispatcherFn/Code/Stage...
deploy-test	Run pnpm verify	2026-10-06T04:16:42.3930417Z Bundling asset TestStack/OnboardingApiFn/Code/Stage...
deploy-test	Run pnpm verify	2026-10-06T04:16:43.0422989Z Bundling asset TestStack/OnboardingProvisioningFn/Code/Stage...
deploy-test	Run pnpm verify	2026-10-06T04:16:43.8171600Z Bundling asset TestStack/DeviceApiFn/Code/Stage...
deploy-test	Run pnpm verify	2026-10-06T04:16:44.5676944Z Bundling asset TestStack/ApiFn/Code/Stage...
deploy-test	Run pnpm verify	2026-10-06T04:16:48.5272393Z Bundling asset TestStack/IngestionFn/Code/Stage...
deploy-test	Run pnpm verify	2026-10-06T04:16:48.8965263Z  ^[[32m✓^[[39m apps/admin-web/test/device-manage.test.tsx ^[[2m(^[[22m^[[2m28 tests^[[22m^[[2m)^[[22m^[[33m 7130^[[2mms^[[22m^[[39m
deploy-test	Run pnpm verify	2026-10-06T04:16:48.9031093Z    ^[[33m^[[2m✓^[[22m^[[39m 状态矩阵：Active 设备（SuperAdmin）可挂起/退役/改名/轮换，不可分配/恢复 ^[[33m 336^[[2mms^[[22m^[[39m
deploy-test	Run pnpm verify	2026-10-06T04:16:48.9044397Z    ^[[33m^[[2m✓^[[22m^[[39m 挂起：原因必填；确认后提交原因并回源刷新（操作后历史刷新） ^[[33m 454^[[2mms^[[22m^[[39m
deploy-test	Run pnpm verify	2026-10-06T04:16:48.9070289Z    ^[[33m^[[2m✓^[[22m^[[39m 退役：不可恢复警告 + 原因必填；成功后提示等待设备确认 ^[[33m 380^[[2mms^[[22m^[[39m
deploy-test	Run pnpm verify	2026-10-06T04:16:48.9120438Z    ^[[33m^[[2m✓^[[22m^[[39m 别名：编辑/保存/清除；超长禁用保存；提交后回源刷新 ^[[33m 505^[[2mms^[[22m^[[39m
deploy-test	Run pnpm verify	2026-10-06T04:16:48.9150215Z    ^[[33m^[[2m✓^[[22m^[[39m 别名：空输入保存禁用；超过 64 字符保存禁用 ^[[33m 804^[[2mms^[[22m^[[39m
deploy-test	Run pnpm verify	2026-10-06T04:16:48.9182151Z    ^[[33m^[[2m✓^[[22m^[[39m 别名按 Unicode 码点计数并在提交前执行 NFC 规范化 ^[[33m 1771^[[2mms^[[22m^[[39m
deploy-test	Run pnpm verify	2026-10-06T04:16:48.9220187Z    ^[[33m^[[2m✓^[[22m^[[39m 分配：站点选项随客户过滤；未选齐禁用提交；成功后回源刷新历史 ^[[33m 643^[[2mms^[[22m^[[39m
deploy-test	Run pnpm verify	2026-10-06T04:16:48.9281002Z    ^[[33m^[[2m✓^[[22m^[[39m 分配原因为空时不携带 reason 字段 ^[[33m 394^[[2mms^[[22m^[[39m
deploy-test	Run pnpm verify	2026-10-06T04:16:49.2990406Z Bundling asset TestStack/ArchiveFn/Code/Stage...
deploy-test	Run pnpm verify	2026-10-06T04:16:49.7779589Z Bundling asset TestStack/OutboxPublisherFn/Code/Stage...
deploy-test	Run pnpm verify	2026-10-06T04:16:50.5600779Z Bundling asset TestStack/NotificationPublisherFn/Code/Stage...
deploy-test	Run pnpm verify	2026-10-06T04:16:51.8813852Z Bundling asset TestStack/SummaryFn/Code/Stage...
deploy-test	Run pnpm verify	2026-10-06T04:16:52.7175558Z Bundling asset TestStack/ReplayTriggerPublisherFn/Code/Stage...
deploy-test	Run pnpm verify	2026-10-06T04:16:52.8592679Z  ^[[32m✓^[[39m apps/cloud-api/test/media.test.ts ^[[2m(^[[22m^[[2m12 tests^[[22m^[[2m)^[[22m^[[33m 3040^[[2mms^[[22m^[[39m
deploy-test	Run pnpm verify	2026-10-06T04:16:53.4530953Z Bundling asset TestStack/ReplayFn/Code/Stage...
deploy-test	Run pnpm verify	2026-10-06T04:16:54.1931930Z Bundling asset TestStack/CertPackageSweeperFn/Code/Stage...
deploy-test	Run pnpm verify	2026-10-06T04:16:55.1110573Z Bundling asset TestStack/OnboardingDeadlineFn/Code/Stage...
deploy-test	Run pnpm verify	2026-10-06T04:16:55.9270690Z Bundling asset TestStack/RetirementTimeoutFn/Code/Stage...
deploy-test	Run pnpm verify	2026-10-06T04:16:56.7737248Z Bundling asset TestStack/ActivityExportFn/Code/Stage...
deploy-test	Run pnpm verify	2026-10-06T04:16:56.8381259Z  ^[[32m✓^[[39m apps/cloud-api/test/admin-license.test.ts ^[[2m(^[[22m^[[2m11 tests^[[22m^[[2m)^[[22m^[[33m 3147^[[2mms^[[22m^[[39m
deploy-test	Run pnpm verify	2026-10-06T04:16:56.8382774Z      ^[[33m^[[2m✓^[[22m^[[39m 完整链路：每步状态/签名/历史/审计/通知各一次 ^[[33m 383^[[2mms^[[22m^[[39m
deploy-test	Run pnpm verify	2026-10-06T04:16:57.4764540Z Bundling asset TestStack/EsgExportFn/Code/Stage...
deploy-test	Run pnpm verify	2026-10-06T04:16:57.9998267Z  ^[[32m✓^[[39m apps/admin-web/test/ota.test.tsx ^[[2m(^[[22m^[[2m19 tests^[[22m^[[2m)^[[22m^[[33m 14983^[[2mms^[[22m^[[39m
deploy-test	Run pnpm verify	2026-10-06T04:16:58.0032798Z    ^[[33m^[[2m✓^[[22m^[[39m 包列表：VERIFIED 显示“可发布”徽标；UPLOADED 不可发布；筛选回调 ^[[33m 941^[[2mms^[[22m^[[39m
deploy-test	Run pnpm verify	2026-10-06T04:16:58.0033929Z    ^[[33m^[[2m✓^[[22m^[[39m 上传会话：字段级校验阻止非法元数据（sha256 非 hex64 → 提交禁用） ^[[33m 1390^[[2mms^[[22m^[[39m
deploy-test	Run pnpm verify	2026-10-06T04:16:58.0034706Z    ^[[33m^[[2m✓^[[22m^[[39m 上传 E2E：创建会话 → 直传 + complete 校验 → VERIFIED 可发布并回源刷新 ^[[33m 3337^[[2mms^[[22m^[[39m
deploy-test	Run pnpm verify	2026-10-06T04:16:58.0035516Z    ^[[33m^[[2m✓^[[22m^[[39m 坏包不可建 Campaign：包下拉仅 VERIFIED 可发布包；校验函数拒绝非 VERIFIED 包 ^[[33m 369^[[2mms^[[22m^[[39m
deploy-test	Run pnpm verify	2026-10-06T04:16:58.0036236Z    ^[[33m^[[2m✓^[[22m^[[39m 创建 Campaign E2E：VERIFIED 包 + 首批 1 台 → RUNNING/CANARY 提示并回源刷新 ^[[33m 990^[[2mms^[[22m^[[39m
deploy-test	Run pnpm verify	2026-10-06T04:16:58.0036903Z    ^[[33m^[[2m✓^[[22m^[[39m 目标状态看板：total 与 8 状态计数渲染；目标列表批次/状态展示 ^[[33m 401^[[2mms^[[22m^[[39m
deploy-test	Run pnpm verify	2026-10-06T04:16:58.0037609Z    ^[[33m^[[2m✓^[[22m^[[39m 暂停/恢复/取消：RUNNING→已暂停（不再产生新下发）；PAUSED→恢复；取消需明确确认 ^[[33m 1261^[[2mms^[[22m^[[39m
deploy-test	Run pnpm verify	2026-10-06T04:16:58.0038314Z    ^[[33m^[[2m✓^[[22m^[[39m 动作矩阵：终态（COMPLETED/CANCELLED）全部动作禁用；Auditor 无 ota:write 禁用 ^[[33m 444^[[2mms^[[22m^[[39m
deploy-test	Run pnpm verify	2026-10-06T04:16:58.0038952Z    ^[[33m^[[2m✓^[[22m^[[39m 扩大批次：普通角色不能审批最终全量；部分选择仍可提交 ^[[33m 1126^[[2mms^[[22m^[[39m
deploy-test	Run pnpm verify	2026-10-06T04:16:58.0039683Z    ^[[33m^[[2m✓^[[22m^[[39m 扩大批次：最终全量须既有 targets 全部成功并精确确认 ^[[33m 2226^[[2mms^[[22m^[[39m
deploy-test	Run pnpm verify	2026-10-06T04:16:58.0040671Z    ^[[33m^[[2m✓^[[22m^[[39m 失败重试：缺省重试全部 FAILED；勾选子集携 targetIds ^[[33m 1520^[[2mms^[[22m^[[39m
deploy-test	Run pnpm verify	2026-10-06T04:16:58.0041237Z    ^[[33m^[[2m✓^[[22m^[[39m 目标筛选：状态/批次号经 onApplyTargetFilter 应用 ^[[33m 583^[[2mms^[[22m^[[39m
deploy-test	Run pnpm verify	2026-10-06T04:16:58.2895452Z Bundling asset TestStack/CommandPublisherFn/Code/Stage...
deploy-test	Run pnpm verify	2026-10-06T04:16:59.3180645Z Bundling asset TestStack/CommandTimeoutFn/Code/Stage...
deploy-test	Run pnpm verify	2026-10-06T04:17:00.1508333Z Bundling asset TestStack/OtaDispatcherFn/Code/Stage...
deploy-test	Run pnpm verify	2026-10-06T04:17:00.7290556Z ^[[90mstderr^[[2m | apps/ingestion-worker/test/ingest-pipeline.test.ts^[[2m > ^[[22m^[[2mcreateIngestionHandler（BE-IOT-02 校验管线）^[[2m > ^[[22m^[[2m单条坏消息不导致整批重复：坏消息进 Quarantine，其余照常处理
deploy-test	Run pnpm verify	2026-10-06T04:17:00.7312460Z ^[[22m^[[39mingestion message quarantined {
deploy-test	Run pnpm verify	2026-10-06T04:17:00.7340701Z   event: ^[[32m'ingestion.quarantined'^[[39m,
deploy-test	Run pnpm verify	2026-10-06T04:17:00.7359566Z   messageId: ^[[32m'sqs-bad'^[[39m,
deploy-test	Run pnpm verify	2026-10-06T04:17:00.7381481Z   errorType: ^[[32m'INVALID_JSON'^[[39m,
deploy-test	Run pnpm verify	2026-10-06T04:17:00.7426506Z   errorPath: ^[[32m'(root)'^[[39m,
deploy-test	Run pnpm verify	2026-10-06T04:17:00.7427417Z   reason: ^[[32m'message body is not valid JSON'^[[39m
deploy-test	Run pnpm verify	2026-10-06T04:17:00.7427948Z }
deploy-test	Run pnpm verify	2026-10-06T04:17:00.7428237Z 
deploy-test	Run pnpm verify	2026-10-06T04:17:00.7695558Z ^[[90mstderr^[[2m | apps/ingestion-worker/test/ingest-pipeline.test.ts^[[2m > ^[[22m^[[2mcreateIngestionHandler（BE-IOT-02 校验管线）^[[2m > ^[[22m^[[2mQuarantine 投递失败只重试当前记录，批次后续记录继续隔离
deploy-test	Run pnpm verify	2026-10-06T04:17:00.7750987Z ^[[22m^[[39mingestion message quarantined {
deploy-test	Run pnpm verify	2026-10-06T04:17:00.7765602Z   event: ^[[32m'ingestion.quarantined'^[[39m,
deploy-test	Run pnpm verify	2026-10-06T04:17:00.7778513Z   messageId: ^[[32m'sqs-quarantine-down'^[[39m,
deploy-test	Run pnpm verify	2026-10-06T04:17:00.7841027Z   errorType: ^[[32m'INVALID_JSON'^[[39m,
deploy-test	Run pnpm verify	2026-10-06T04:17:00.7890690Z   errorPath: ^[[32m'(root)'^[[39m,
deploy-test	Run pnpm verify	2026-10-06T04:17:00.7891295Z   reason: ^[[32m'message body is not valid JSON'^[[39m
deploy-test	Run pnpm verify	2026-10-06T04:17:00.7891564Z }
deploy-test	Run pnpm verify	2026-10-06T04:17:00.7891655Z 
deploy-test	Run pnpm verify	2026-10-06T04:17:00.7892940Z ^[[90mstderr^[[2m | apps/ingestion-worker/test/ingest-pipeline.test.ts^[[2m > ^[[22m^[[2mcreateIngestionHandler（BE-IOT-02 校验管线）^[[2m > ^[[22m^[[2mQuarantine 投递失败只重试当前记录，批次后续记录继续隔离
deploy-test	Run pnpm verify	2026-10-06T04:17:00.7894057Z ^[[22m^[[39mingestion message quarantined {
deploy-test	Run pnpm verify	2026-10-06T04:17:00.7894532Z   event: ^[[32m'ingestion.quarantined'^[[39m,
deploy-test	Run pnpm verify	2026-10-06T04:17:00.7895002Z   messageId: ^[[32m'sqs-quarantine-next'^[[39m,
deploy-test	Run pnpm verify	2026-10-06T04:17:00.7895460Z   errorType: ^[[32m'INVALID_JSON'^[[39m,
deploy-test	Run pnpm verify	2026-10-06T04:17:00.7895884Z   errorPath: ^[[32m'(root)'^[[39m,
deploy-test	Run pnpm verify	2026-10-06T04:17:00.7896351Z   reason: ^[[32m'message body is not valid JSON'^[[39m
deploy-test	Run pnpm verify	2026-10-06T04:17:00.7896747Z }
deploy-test	Run pnpm verify	2026-10-06T04:17:00.7896875Z 
deploy-test	Run pnpm verify	2026-10-06T04:17:00.8091754Z ^[[90mstderr^[[2m | apps/ingestion-worker/test/ingest-pipeline.test.ts^[[2m > ^[[22m^[[2mcreateIngestionHandler（BE-IOT-02 校验管线）^[[2m > ^[[22m^[[2mSchema 违规进 Quarantine（含错误路径）；字段范围由 Schema 覆盖
deploy-test	Run pnpm verify	2026-10-06T04:17:00.8200774Z ^[[22m^[[39mingestion message quarantined {
deploy-test	Run pnpm verify	2026-10-06T04:17:00.8207667Z   event: ^[[32m'ingestion.quarantined'^[[39m,
deploy-test	Run pnpm verify	2026-10-06T04:17:00.8260828Z   messageId: ^[[32m'sqs-1'^[[39m,
deploy-test	Run pnpm verify	2026-10-06T04:17:00.8291110Z   errorType: ^[[32m'SCHEMA_VIOLATION'^[[39m,
deploy-test	Run pnpm verify	2026-10-06T04:17:00.8292284Z   errorPath: ^[[32m'data.deviceStatus'^[[39m,
deploy-test	Run pnpm verify	2026-10-06T04:17:00.8329251Z   reason: ^[[32m'payload violates heartbeat.schema.json: 非法枚举值 "BROKEN"，允许值: ONLINE, DEGRADED, OFFLINE'^[[39m,
deploy-test	Run pnpm verify	2026-10-06T04:17:00.8342487Z   iotTopic: ^[[32m'bnx/device/dev-ing-5/heartbeat'^[[39m,
deploy-test	Run pnpm verify	2026-10-06T04:17:00.8371811Z   iotDeviceId: ^[[32m'dev-ing-5'^[[39m
deploy-test	Run pnpm verify	2026-10-06T04:17:00.8378231Z }
deploy-test	Run pnpm verify	2026-10-06T04:17:00.8378517Z 
deploy-test	Run pnpm verify	2026-10-06T04:17:00.9221920Z ^[[90mstderr^[[2m | apps/ingestion-worker/test/ingest-pipeline.test.ts^[[2m > ^[[22m^[[2mcreateIngestionHandler（BE-IOT-02 校验管线）^[[2m > ^[[22m^[[2mDEC-013：兼容截止边界起旧格式进入 Quarantine
deploy-test	Run pnpm verify	2026-10-06T04:17:00.9288492Z ^[[22m^[[39mingestion message quarantined {
deploy-test	Run pnpm verify	2026-10-06T04:17:00.9289169Z   event: ^[[32m'ingestion.quarantined'^[[39m,
deploy-test	Run pnpm verify	2026-10-06T04:17:00.9290018Z   messageId: ^[[32m'sqs-expired'^[[39m,
deploy-test	Run pnpm verify	2026-10-06T04:17:00.9290492Z   errorType: ^[[32m'SCHEMA_VIOLATION'^[[39m,
deploy-test	Run pnpm verify	2026-10-06T04:17:00.9290927Z   errorPath: ^[[32m'data'^[[39m,
deploy-test	Run pnpm verify	2026-10-06T04:17:00.9291727Z   reason: ^[[32m'LEGACY_FORMAT_EXPIRED: DEC-013 legacy compatibility expired at 2026-12-03T09:46:26Z'^[[39m,
deploy-test	Run pnpm verify	2026-10-06T04:17:00.9292595Z   iotTopic: ^[[32m'bnx/device/dev-ing-8/heartbeat'^[[39m,
deploy-test	Run pnpm verify	2026-10-06T04:17:00.9293095Z   iotDeviceId: ^[[32m'dev-ing-8'^[[39m
deploy-test	Run pnpm verify	2026-10-06T04:17:00.9293440Z }
deploy-test	Run pnpm verify	2026-10-06T04:17:00.9293578Z 
deploy-test	Run pnpm verify	2026-10-06T04:17:00.9383999Z ^[[90mstderr^[[2m | apps/ingestion-worker/test/ingest-pipeline.test.ts^[[2m > ^[[22m^[[2mcreateIngestionHandler（BE-IOT-02 校验管线）^[[2m > ^[[22m^[[2mDEC-013：Audited Topic 验证 RFC 8785 audit.hash，不匹配时隔离
deploy-test	Run pnpm verify	2026-10-06T04:17:00.9400364Z ^[[22m^[[39mingestion message quarantined {
deploy-test	Run pnpm verify	2026-10-06T04:17:00.9430381Z   event: ^[[32m'ingestion.quarantined'^[[39m,
deploy-test	Run pnpm verify	2026-10-06T04:17:00.9456735Z   messageId: ^[[32m'sqs-audit-bad'^[[39m,
deploy-test	Run pnpm verify	2026-10-06T04:17:00.9510669Z   errorType: ^[[32m'AUDIT_HASH_MISMATCH'^[[39m,
deploy-test	Run pnpm verify	2026-10-06T04:17:00.9538566Z   errorPath: ^[[32m'audit.hash'^[[39m,
deploy-test	Run pnpm verify	2026-10-06T04:17:00.9600957Z   reason: ^[[32m'audit.hash must equal SHA-256(RFC8785({meta,data}))'^[[39m,
deploy-test	Run pnpm verify	2026-10-06T04:17:00.9610236Z   iotTopic: ^[[32m'bnx/device/dev-ing-9/telemetry'^[[39m,
deploy-test	Run pnpm verify	2026-10-06T04:17:00.9610866Z   iotDeviceId: ^[[32m'dev-ing-9'^[[39m
deploy-test	Run pnpm verify	2026-10-06T04:17:00.9611198Z }
deploy-test	Run pnpm verify	2026-10-06T04:17:00.9611327Z 
deploy-test	Run pnpm verify	2026-10-06T04:17:00.9612696Z ^[[90mstderr^[[2m | apps/ingestion-worker/test/ingest-pipeline.test.ts^[[2m > ^[[22m^[[2mcreateIngestionHandler（BE-IOT-02 校验管线）^[[2m > ^[[22m^[[2m身份违规进 Quarantine：未知/撤销证书、非审批态 PENDING_CLAIM、Topic 绑定不一致
deploy-test	Run pnpm verify	2026-10-06T04:17:00.9613822Z ^[[22m^[[39mingestion message quarantined {
deploy-test	Run pnpm verify	2026-10-06T04:17:00.9614279Z   event: ^[[32m'ingestion.quarantined'^[[39m,
deploy-test	Run pnpm verify	2026-10-06T04:17:00.9614749Z   messageId: ^[[32m'sqs-unknown'^[[39m,
deploy-test	Run pnpm verify	2026-10-06T04:17:00.9615177Z   errorType: ^[[32m'UNKNOWN_DEVICE'^[[39m,
deploy-test	Run pnpm verify	2026-10-06T04:17:00.9615609Z   errorPath: ^[[32m'iotPrincipal'^[[39m,
deploy-test	Run pnpm verify	2026-10-06T04:17:00.9616164Z   reason: ^[[32m'certificate not registered in device ledger'^[[39m,
deploy-test	Run pnpm verify	2026-10-06T04:17:00.9616773Z   iotTopic: ^[[32m'bnx/device/dev-ing-10/heartbeat'^[[39m,
deploy-test	Run pnpm verify	2026-10-06T04:17:00.9617249Z   iotDeviceId: ^[[32m'dev-ing-10'^[[39m
deploy-test	Run pnpm verify	2026-10-06T04:17:00.9617559Z }
deploy-test	Run pnpm verify	2026-10-06T04:17:00.9617698Z 
deploy-test	Run pnpm verify	2026-10-06T04:17:00.9618918Z ^[[90mstderr^[[2m | apps/ingestion-worker/test/ingest-pipeline.test.ts^[[2m > ^[[22m^[[2mcreateIngestionHandler（BE-IOT-02 校验管线）^[[2m > ^[[22m^[[2m身份违规进 Quarantine：未知/撤销证书、非审批态 PENDING_CLAIM、Topic 绑定不一致
deploy-test	Run pnpm verify	2026-10-06T04:17:00.9620218Z ^[[22m^[[39mingestion message quarantined {
deploy-test	Run pnpm verify	2026-10-06T04:17:00.9620726Z   event: ^[[32m'ingestion.quarantined'^[[39m,
deploy-test	Run pnpm verify	2026-10-06T04:17:00.9621198Z   messageId: ^[[32m'sqs-revoked'^[[39m,
deploy-test	Run pnpm verify	2026-10-06T04:17:00.9621664Z   errorType: ^[[32m'IDENTITY_VIOLATION'^[[39m,
deploy-test	Run pnpm verify	2026-10-06T04:17:00.9622142Z   errorPath: ^[[32m'iotPrincipal'^[[39m,
deploy-test	Run pnpm verify	2026-10-06T04:17:00.9622847Z   reason: ^[[32m'certificate is neither ACTIVE nor an approved onboarding certificate'^[[39m,
deploy-test	Run pnpm verify	2026-10-06T04:17:00.9623593Z   iotTopic: ^[[32m'bnx/device/dev-ing-12/heartbeat'^[[39m,
deploy-test	Run pnpm verify	2026-10-06T04:17:00.9624093Z   iotDeviceId: ^[[32m'dev-ing-12'^[[39m
deploy-test	Run pnpm verify	2026-10-06T04:17:00.9624418Z }
deploy-test	Run pnpm verify	2026-10-06T04:17:00.9624544Z 
deploy-test	Run pnpm verify	2026-10-06T04:17:00.9793128Z ^[[90mstderr^[[2m | apps/ingestion-worker/test/ingest-pipeline.test.ts^[[2m > ^[[22m^[[2mcreateIngestionHandler（BE-IOT-02 校验管线）^[[2m > ^[[22m^[[2m身份违规进 Quarantine：未知/撤销证书、非审批态 PENDING_CLAIM、Topic 绑定不一致
deploy-test	Run pnpm verify	2026-10-06T04:17:00.9891808Z ^[[22m^[[39mingestion message quarantined {
deploy-test	Run pnpm verify	2026-10-06T04:17:00.9920708Z   event: ^[[32m'ingestion.quarantined'^[[39m,
deploy-test	Run pnpm verify	2026-10-06T04:17:00.9950578Z   messageId: ^[[32m'sqs-unapproved-pending'^[[39m,
deploy-test	Run pnpm verify	2026-10-06T04:17:00.9970937Z   errorType: ^[[32m'IDENTITY_VIOLATION'^[[39m,
deploy-test	Run pnpm verify	2026-10-06T04:17:00.9994754Z   errorPath: ^[[32m'iotPrincipal'^[[39m,
deploy-test	Run pnpm verify	2026-10-06T04:17:01.0010664Z   reason: ^[[32m'certificate is neither ACTIVE nor an approved onboarding certificate'^[[39m,
deploy-test	Run pnpm verify	2026-10-06T04:17:01.0043417Z   iotTopic: ^[[32m'bnx/device/dev-ing-13/heartbeat'^[[39m,
deploy-test	Run pnpm verify	2026-10-06T04:17:01.0070392Z   iotDeviceId: ^[[32m'dev-ing-13'^[[39m
deploy-test	Run pnpm verify	2026-10-06T04:17:01.0070849Z }
deploy-test	Run pnpm verify	2026-10-06T04:17:01.0089777Z 
deploy-test	Run pnpm verify	2026-10-06T04:17:01.0116636Z ^[[90mstderr^[[2m | apps/ingestion-worker/test/ingest-pipeline.test.ts^[[2m > ^[[22m^[[2mcreateIngestionHandler（BE-IOT-02 校验管线）^[[2m > ^[[22m^[[2m身份违规进 Quarantine：未知/撤销证书、非审批态 PENDING_CLAIM、Topic 绑定不一致
deploy-test	Run pnpm verify	2026-10-06T04:17:01.0144978Z ^[[22m^[[39mingestion message quarantined {
deploy-test	Run pnpm verify	2026-10-06T04:17:01.0180516Z   event: ^[[32m'ingestion.quarantined'^[[39m,
deploy-test	Run pnpm verify	2026-10-06T04:17:01.0181111Z   messageId: ^[[32m'sqs-mismatch'^[[39m,
deploy-test	Run pnpm verify	2026-10-06T04:17:01.0181588Z   errorType: ^[[32m'IDENTITY_VIOLATION'^[[39m,
deploy-test	Run pnpm verify	2026-10-06T04:17:01.0182048Z   errorPath: ^[[32m'iotDeviceId'^[[39m,
deploy-test	Run pnpm verify	2026-10-06T04:17:01.0182638Z   reason: ^[[32m'topic device does not match certificate binding'^[[39m,
deploy-test	Run pnpm verify	2026-10-06T04:17:01.0183355Z   iotTopic: ^[[32m'bnx/device/dev-ing-11/heartbeat'^[[39m,
deploy-test	Run pnpm verify	2026-10-06T04:17:01.0183854Z   iotDeviceId: ^[[32m'dev-ing-11'^[[39m
deploy-test	Run pnpm verify	2026-10-06T04:17:01.0184190Z }
deploy-test	Run pnpm verify	2026-10-06T04:17:01.0184312Z 
deploy-test	Run pnpm verify	2026-10-06T04:17:01.0185644Z ^[[90mstderr^[[2m | apps/ingestion-worker/test/ingest-pipeline.test.ts^[[2m > ^[[22m^[[2mcreateIngestionHandler（BE-IOT-02 校验管线）^[[2m > ^[[22m^[[2mRetired 设备即使证书仍 ACTIVE，八类业务 MQTT 也全部失败关闭
deploy-test	Run pnpm verify	2026-10-06T04:17:01.0210310Z ^[[22m^[[39mingestion message quarantined {
deploy-test	Run pnpm verify	2026-10-06T04:17:01.0230422Z   event: ^[[32m'ingestion.quarantined'^[[39m,
deploy-test	Run pnpm verify	2026-10-06T04:17:01.0240148Z   messageId: ^[[32m'sqs-retired-heartbeat'^[[39m,
deploy-test	Run pnpm verify	2026-10-06T04:17:01.0250503Z   errorType: ^[[32m'IDENTITY_VIOLATION'^[[39m,
deploy-test	Run pnpm verify	2026-10-06T04:17:01.0251167Z   errorPath: ^[[32m'iotDeviceId'^[[39m,
deploy-test	Run pnpm verify	2026-10-06T04:17:01.0251830Z   reason: ^[[32m'retired device business MQTT is disabled'^[[39m,
deploy-test	Run pnpm verify	2026-10-06T04:17:01.0252545Z   iotTopic: ^[[32m'bnx/device/dev-ing-14/heartbeat'^[[39m,
deploy-test	Run pnpm verify	2026-10-06T04:17:01.0253137Z   iotDeviceId: ^[[32m'dev-ing-14'^[[39m
deploy-test	Run pnpm verify	2026-10-06T04:17:01.0253591Z }
deploy-test	Run pnpm verify	2026-10-06T04:17:01.0253827Z 
deploy-test	Run pnpm verify	2026-10-06T04:17:01.0255203Z ^[[90mstderr^[[2m | apps/ingestion-worker/test/ingest-pipeline.test.ts^[[2m > ^[[22m^[[2mcreateIngestionHandler（BE-IOT-02 校验管线）^[[2m > ^[[22m^[[2mRetired 设备即使证书仍 ACTIVE，八类业务 MQTT 也全部失败关闭
deploy-test	Run pnpm verify	2026-10-06T04:17:01.0256398Z ^[[22m^[[39mingestion message quarantined {
deploy-test	Run pnpm verify	2026-10-06T04:17:01.0256958Z   event: ^[[32m'ingestion.quarantined'^[[39m,
deploy-test	Run pnpm verify	2026-10-06T04:17:01.0257549Z   messageId: ^[[32m'sqs-retired-telemetry'^[[39m,
deploy-test	Run pnpm verify	2026-10-06T04:17:01.0258129Z   errorType: ^[[32m'IDENTITY_VIOLATION'^[[39m,
deploy-test	Run pnpm verify	2026-10-06T04:17:01.0258689Z   errorPath: ^[[32m'iotDeviceId'^[[39m,
deploy-test	Run pnpm verify	2026-10-06T04:17:01.0259466Z   reason: ^[[32m'retired device business MQTT is disabled'^[[39m,
deploy-test	Run pnpm verify	2026-10-06T04:17:01.0260175Z   iotTopic: ^[[32m'bnx/device/dev-ing-14/telemetry'^[[39m,
deploy-test	Run pnpm verify	2026-10-06T04:17:01.0260738Z   iotDeviceId: ^[[32m'dev-ing-14'^[[39m
deploy-test	Run pnpm verify	2026-10-06T04:17:01.0261130Z }
deploy-test	Run pnpm verify	2026-10-06T04:17:01.0261337Z 
deploy-test	Run pnpm verify	2026-10-06T04:17:01.0262503Z ^[[90mstderr^[[2m | apps/ingestion-worker/test/ingest-pipeline.test.ts^[[2m > ^[[22m^[[2mcreateIngestionHandler（BE-IOT-02 校验管线）^[[2m > ^[[22m^[[2mRetired 设备即使证书仍 ACTIVE，八类业务 MQTT 也全部失败关闭
deploy-test	Run pnpm verify	2026-10-06T04:17:01.0263837Z ^[[22m^[[39mingestion message quarantined {
deploy-test	Run pnpm verify	2026-10-06T04:17:01.0264405Z   event: ^[[32m'ingestion.quarantined'^[[39m,
deploy-test	Run pnpm verify	2026-10-06T04:17:01.0264954Z   messageId: ^[[32m'sqs-retired-report'^[[39m,
deploy-test	Run pnpm verify	2026-10-06T04:17:01.0265529Z   errorType: ^[[32m'IDENTITY_VIOLATION'^[[39m,
deploy-test	Run pnpm verify	2026-10-06T04:17:01.0266064Z   errorPath: ^[[32m'iotDeviceId'^[[39m,
deploy-test	Run pnpm verify	2026-10-06T04:17:01.0266691Z   reason: ^[[32m'retired device business MQTT is disabled'^[[39m,
deploy-test	Run pnpm verify	2026-10-06T04:17:01.0267801Z   iotTopic: ^[[32m'bnx/device/dev-ing-14/report'^[[39m,
deploy-test	Run pnpm verify	2026-10-06T04:17:01.0268376Z   iotDeviceId: ^[[32m'dev-ing-14'^[[39m
deploy-test	Run pnpm verify	2026-10-06T04:17:01.0268806Z }
deploy-test	Run pnpm verify	2026-10-06T04:17:01.0269016Z 
deploy-test	Run pnpm verify	2026-10-06T04:17:01.0270415Z ^[[90mstderr^[[2m | apps/ingestion-worker/test/ingest-pipeline.test.ts^[[2m > ^[[22m^[[2mcreateIngestionHandler（BE-IOT-02 校验管线）^[[2m > ^[[22m^[[2mRetired 设备即使证书仍 ACTIVE，八类业务 MQTT 也全部失败关闭
deploy-test	Run pnpm verify	2026-10-06T04:17:01.0271647Z ^[[22m^[[39mingestion message quarantined {
deploy-test	Run pnpm verify	2026-10-06T04:17:01.0272421Z   event: ^[[32m'ingestion.quarantined'^[[39m,
deploy-test	Run pnpm verify	2026-10-06T04:17:01.0272957Z   messageId: ^[[32m'sqs-retired-alarm'^[[39m,
deploy-test	Run pnpm verify	2026-10-06T04:17:01.0273542Z   errorType: ^[[32m'IDENTITY_VIOLATION'^[[39m,
deploy-test	Run pnpm verify	2026-10-06T04:17:01.0274145Z   errorPath: ^[[32m'iotDeviceId'^[[39m,
deploy-test	Run pnpm verify	2026-10-06T04:17:01.0274747Z   reason: ^[[32m'retired device business MQTT is disabled'^[[39m,
deploy-test	Run pnpm verify	2026-10-06T04:17:01.0275392Z   iotTopic: ^[[32m'bnx/device/dev-ing-14/alarm'^[[39m,
deploy-test	Run pnpm verify	2026-10-06T04:17:01.0275952Z   iotDeviceId: ^[[32m'dev-ing-14'^[[39m
deploy-test	Run pnpm verify	2026-10-06T04:17:01.0276346Z }
deploy-test	Run pnpm verify	2026-10-06T04:17:01.0276545Z 
deploy-test	Run pnpm verify	2026-10-06T04:17:01.0277742Z ^[[90mstderr^[[2m | apps/ingestion-worker/test/ingest-pipeline.test.ts^[[2m > ^[[22m^[[2mcreateIngestionHandler（BE-IOT-02 校验管线）^[[2m > ^[[22m^[[2mRetired 设备即使证书仍 ACTIVE，八类业务 MQTT 也全部失败关闭
deploy-test	Run pnpm verify	2026-10-06T04:17:01.0278885Z ^[[22m^[[39mingestion message quarantined {
deploy-test	Run pnpm verify	2026-10-06T04:17:01.0279640Z   event: ^[[32m'ingestion.quarantined'^[[39m,
deploy-test	Run pnpm verify	2026-10-06T04:17:01.0280243Z   messageId: ^[[32m'sqs-retired-event'^[[39m,
deploy-test	Run pnpm verify	2026-10-06T04:17:01.0280811Z   errorType: ^[[32m'IDENTITY_VIOLATION'^[[39m,
deploy-test	Run pnpm verify	2026-10-06T04:17:01.0281358Z   errorPath: ^[[32m'iotDeviceId'^[[39m,
deploy-test	Run pnpm verify	2026-10-06T04:17:01.0281959Z   reason: ^[[32m'retired device business MQTT is disabled'^[[39m,
deploy-test	Run pnpm verify	2026-10-06T04:17:01.0282624Z   iotTopic: ^[[32m'bnx/device/dev-ing-14/event'^[[39m,
deploy-test	Run pnpm verify	2026-10-06T04:17:01.0283198Z   iotDeviceId: ^[[32m'dev-ing-14'^[[39m
deploy-test	Run pnpm verify	2026-10-06T04:17:01.0283608Z }
deploy-test	Run pnpm verify	2026-10-06T04:17:01.0283820Z 
deploy-test	Run pnpm verify	2026-10-06T04:17:01.0285002Z ^[[90mstderr^[[2m | apps/ingestion-worker/test/ingest-pipeline.test.ts^[[2m > ^[[22m^[[2mcreateIngestionHandler（BE-IOT-02 校验管线）^[[2m > ^[[22m^[[2mRetired 设备即使证书仍 ACTIVE，八类业务 MQTT 也全部失败关闭
deploy-test	Run pnpm verify	2026-10-06T04:17:01.0286277Z ^[[22m^[[39mingestion message quarantined {
deploy-test	Run pnpm verify	2026-10-06T04:17:01.0286866Z   event: ^[[32m'ingestion.quarantined'^[[39m,
deploy-test	Run pnpm verify	2026-10-06T04:17:01.0287443Z   messageId: ^[[32m'sqs-retired-ack'^[[39m,
deploy-test	Run pnpm verify	2026-10-06T04:17:01.0288016Z   errorType: ^[[32m'IDENTITY_VIOLATION'^[[39m,
deploy-test	Run pnpm verify	2026-10-06T04:17:01.0288562Z   errorPath: ^[[32m'iotDeviceId'^[[39m,
deploy-test	Run pnpm verify	2026-10-06T04:17:01.0289235Z   reason: ^[[32m'retired device business MQTT is disabled'^[[39m,
deploy-test	Run pnpm verify	2026-10-06T04:17:01.0290054Z   iotTopic: ^[[32m'bnx/device/dev-ing-14/ack'^[[39m,
deploy-test	Run pnpm verify	2026-10-06T04:17:01.0290641Z   iotDeviceId: ^[[32m'dev-ing-14'^[[39m
deploy-test	Run pnpm verify	2026-10-06T04:17:01.0291041Z }
deploy-test	Run pnpm verify	2026-10-06T04:17:01.0291242Z 
deploy-test	Run pnpm verify	2026-10-06T04:17:01.0292463Z ^[[90mstderr^[[2m | apps/ingestion-worker/test/ingest-pipeline.test.ts^[[2m > ^[[22m^[[2mcreateIngestionHandler（BE-IOT-02 校验管线）^[[2m > ^[[22m^[[2mRetired 设备即使证书仍 ACTIVE，八类业务 MQTT 也全部失败关闭
deploy-test	Run pnpm verify	2026-10-06T04:17:01.0293626Z ^[[22m^[[39mingestion message quarantined {
deploy-test	Run pnpm verify	2026-10-06T04:17:01.0294170Z   event: ^[[32m'ingestion.quarantined'^[[39m,
deploy-test	Run pnpm verify	2026-10-06T04:17:01.0294754Z   messageId: ^[[32m'sqs-retired-tamper'^[[39m,
deploy-test	Run pnpm verify	2026-10-06T04:17:01.0295316Z   errorType: ^[[32m'IDENTITY_VIOLATION'^[[39m,
deploy-test	Run pnpm verify	2026-10-06T04:17:01.0295846Z   errorPath: ^[[32m'iotDeviceId'^[[39m,
deploy-test	Run pnpm verify	2026-10-06T04:17:01.0296570Z   reason: ^[[32m'retired device business MQTT is disabled'^[[39m,
deploy-test	Run pnpm verify	2026-10-06T04:17:01.0297248Z   iotTopic: ^[[32m'bnx/device/dev-ing-14/tamper'^[[39m,
deploy-test	Run pnpm verify	2026-10-06T04:17:01.0297823Z   iotDeviceId: ^[[32m'dev-ing-14'^[[39m
deploy-test	Run pnpm verify	2026-10-06T04:17:01.0298285Z }
deploy-test	Run pnpm verify	2026-10-06T04:17:01.0298504Z 
deploy-test	Run pnpm verify	2026-10-06T04:17:01.0299861Z ^[[90mstderr^[[2m | apps/ingestion-worker/test/ingest-pipeline.test.ts^[[2m > ^[[22m^[[2mcreateIngestionHandler（BE-IOT-02 校验管线）^[[2m > ^[[22m^[[2mRetired 设备即使证书仍 ACTIVE，八类业务 MQTT 也全部失败关闭
deploy-test	Run pnpm verify	2026-10-06T04:17:01.0301050Z ^[[22m^[[39mingestion message quarantined {
deploy-test	Run pnpm verify	2026-10-06T04:17:01.0301607Z   event: ^[[32m'ingestion.quarantined'^[[39m,
deploy-test	Run pnpm verify	2026-10-06T04:17:01.0302535Z   messageId: ^[[32m'sqs-retired-media'^[[39m,
deploy-test	Run pnpm verify	2026-10-06T04:17:01.0303093Z   errorType: ^[[32m'IDENTITY_VIOLATION'^[[39m,
deploy-test	Run pnpm verify	2026-10-06T04:17:01.0303910Z   errorPath: ^[[32m'iotDeviceId'^[[39m,
deploy-test	Run pnpm verify	2026-10-06T04:17:01.0304556Z   reason: ^[[32m'retired device business MQTT is disabled'^[[39m,
deploy-test	Run pnpm verify	2026-10-06T04:17:01.0305254Z   iotTopic: ^[[32m'bnx/device/dev-ing-14/media'^[[39m,
deploy-test	Run pnpm verify	2026-10-06T04:17:01.0305842Z   iotDeviceId: ^[[32m'dev-ing-14'^[[39m
deploy-test	Run pnpm verify	2026-10-06T04:17:01.0306260Z }
deploy-test	Run pnpm verify	2026-10-06T04:17:01.0306463Z 
deploy-test	Run pnpm verify	2026-10-06T04:17:01.0307979Z ^[[90mstderr^[[2m | apps/ingestion-worker/test/ingest-pipeline.test.ts^[[2m > ^[[22m^[[2mcreateIngestionHandler（BE-IOT-02 校验管线）^[[2m > ^[[22m^[[2m时钟偏差超阈值进 Quarantine（CLOCK_SKEW，路径 meta.ts）
deploy-test	Run pnpm verify	2026-10-06T04:17:01.0309150Z ^[[22m^[[39mingestion message quarantined {
deploy-test	Run pnpm verify	2026-10-06T04:17:01.0330567Z   event: ^[[32m'ingestion.quarantined'^[[39m,
deploy-test	Run pnpm verify	2026-10-06T04:17:01.0331319Z   messageId: ^[[32m'sqs-1'^[[39m,
deploy-test	Run pnpm verify	2026-10-06T04:17:01.0364551Z   errorType: ^[[32m'CLOCK_SKEW'^[[39m,
deploy-test	Run pnpm verify	2026-10-06T04:17:01.0373865Z   errorPath: ^[[32m'meta.ts'^[[39m,
deploy-test	Run pnpm verify	2026-10-06T04:17:01.0375015Z   reason: ^[[32m'device timestamp outside allowed window: skew 3600s, past 300s, future 300s'^[[39m,
deploy-test	Run pnpm verify	2026-10-06T04:17:01.0376091Z   iotTopic: ^[[32m'bnx/device/dev-ing-15/heartbeat'^[[39m,
deploy-test	Run pnpm verify	2026-10-06T04:17:01.0376751Z   iotDeviceId: ^[[32m'dev-ing-15'^[[39m
deploy-test	Run pnpm verify	2026-10-06T04:17:01.0377256Z }
deploy-test	Run pnpm verify	2026-10-06T04:17:01.0377507Z 
deploy-test	Run pnpm verify	2026-10-06T04:17:01.0379144Z ^[[90mstderr^[[2m | apps/ingestion-worker/test/ingest-pipeline.test.ts^[[2m > ^[[22m^[[2mcreateIngestionHandler（BE-IOT-02 校验管线）^[[2m > ^[[22m^[[2mEnvelope 失败关闭：字段缺失、Topic 上下文不一致及额外 iot* 字段均隔离
deploy-test	Run pnpm verify	2026-10-06T04:17:01.0380716Z ^[[22m^[[39mingestion message quarantined {
deploy-test	Run pnpm verify	2026-10-06T04:17:01.0381393Z   event: ^[[32m'ingestion.quarantined'^[[39m,
deploy-test	Run pnpm verify	2026-10-06T04:17:01.0382065Z   messageId: ^[[32m'sqs-missing'^[[39m,
deploy-test	Run pnpm verify	2026-10-06T04:17:01.0382703Z   errorType: ^[[32m'INVALID_ENVELOPE'^[[39m,
deploy-test	Run pnpm verify	2026-10-06T04:17:01.0383316Z   errorPath: ^[[32m'iotPrincipal'^[[39m,
deploy-test	Run pnpm verify	2026-10-06T04:17:01.0383907Z   reason: ^[[32m'iotPrincipal missing'^[[39m
deploy-test	Run pnpm verify	2026-10-06T04:17:01.0384411Z }
deploy-test	Run pnpm verify	2026-10-06T04:17:01.0384675Z 
deploy-test	Run pnpm verify	2026-10-06T04:17:01.0386070Z ^[[90mstderr^[[2m | apps/ingestion-worker/test/ingest-pipeline.test.ts^[[2m > ^[[22m^[[2mcreateIngestionHandler（BE-IOT-02 校验管线）^[[2m > ^[[22m^[[2mEnvelope 失败关闭：字段缺失、Topic 上下文不一致及额外 iot* 字段均隔离
deploy-test	Run pnpm verify	2026-10-06T04:17:01.0387495Z ^[[22m^[[39mingestion message quarantined {
deploy-test	Run pnpm verify	2026-10-06T04:17:01.0388184Z   event: ^[[32m'ingestion.quarantined'^[[39m,
deploy-test	Run pnpm verify	2026-10-06T04:17:01.0389865Z   messageId: ^[[32m'sqs-mismatch'^[[39m,
deploy-test	Run pnpm verify	2026-10-06T04:17:01.0390533Z   errorType: ^[[32m'INVALID_ENVELOPE'^[[39m,
deploy-test	Run pnpm verify	2026-10-06T04:17:01.0391149Z   errorPath: ^[[32m'iotType'^[[39m,
deploy-test	Run pnpm verify	2026-10-06T04:17:01.0391860Z   reason: ^[[32m'iotType missing or inconsistent with iotTopic'^[[39m
deploy-test	Run pnpm verify	2026-10-06T04:17:01.0392477Z }
deploy-test	Run pnpm verify	2026-10-06T04:17:01.0392752Z 
deploy-test	Run pnpm verify	2026-10-06T04:17:01.0394119Z ^[[90mstderr^[[2m | apps/ingestion-worker/test/ingest-pipeline.test.ts^[[2m > ^[[22m^[[2mcreateIngestionHandler（BE-IOT-02 校验管线）^[[2m > ^[[22m^[[2mEnvelope 失败关闭：字段缺失、Topic 上下文不一致及额外 iot* 字段均隔离
deploy-test	Run pnpm verify	2026-10-06T04:17:01.0395553Z ^[[22m^[[39mingestion message quarantined {
deploy-test	Run pnpm verify	2026-10-06T04:17:01.0402976Z   event: ^[[32m'ingestion.quarantined'^[[39m,
deploy-test	Run pnpm verify	2026-10-06T04:17:01.0403710Z   messageId: ^[[32m'sqs-device-mismatch'^[[39m,
deploy-test	Run pnpm verify	2026-10-06T04:17:01.0404351Z   errorType: ^[[32m'INVALID_ENVELOPE'^[[39m,
deploy-test	Run pnpm verify	2026-10-06T04:17:01.0404948Z   errorPath: ^[[32m'iotDeviceId'^[[39m,
deploy-test	Run pnpm verify	2026-10-06T04:17:01.0405662Z   reason: ^[[32m'iotDeviceId is inconsistent with iotTopic'^[[39m
deploy-test	Run pnpm verify	2026-10-06T04:17:01.0406229Z }
deploy-test	Run pnpm verify	2026-10-06T04:17:01.0406473Z 
deploy-test	Run pnpm verify	2026-10-06T04:17:01.0407773Z ^[[90mstderr^[[2m | apps/ingestion-worker/test/ingest-pipeline.test.ts^[[2m > ^[[22m^[[2mcreateIngestionHandler（BE-IOT-02 校验管线）^[[2m > ^[[22m^[[2mEnvelope 失败关闭：字段缺失、Topic 上下文不一致及额外 iot* 字段均隔离
deploy-test	Run pnpm verify	2026-10-06T04:17:01.0409530Z ^[[22m^[[39mingestion message quarantined {
deploy-test	Run pnpm verify	2026-10-06T04:17:01.0410215Z   event: ^[[32m'ingestion.quarantined'^[[39m,
deploy-test	Run pnpm verify	2026-10-06T04:17:01.0410841Z   messageId: ^[[32m'sqs-extra-iot'^[[39m,
deploy-test	Run pnpm verify	2026-10-06T04:17:01.0411446Z   errorType: ^[[32m'SCHEMA_VIOLATION'^[[39m,
deploy-test	Run pnpm verify	2026-10-06T04:17:01.0412018Z   errorPath: ^[[32m'(root)'^[[39m,
deploy-test	Run pnpm verify	2026-10-06T04:17:01.0412877Z   reason: ^[[32m'payload violates heartbeat.schema.json: 不允许的额外字段 iotSpoofedContext'^[[39m,
deploy-test	Run pnpm verify	2026-10-06T04:17:01.0413797Z   iotTopic: ^[[32m'bnx/device/dev-ing-17/heartbeat'^[[39m,
deploy-test	Run pnpm verify	2026-10-06T04:17:01.0414462Z   iotDeviceId: ^[[32m'dev-ing-17'^[[39m
deploy-test	Run pnpm verify	2026-10-06T04:17:01.0414925Z }
deploy-test	Run pnpm verify	2026-10-06T04:17:01.0415183Z 
deploy-test	Run pnpm verify	2026-10-06T04:17:01.0485174Z  ^[[32m✓^[[39m apps/ingestion-worker/test/ingest-pipeline.test.ts ^[[2m(^[[22m^[[2m15 tests^[[22m^[[2m)^[[22m^[[33m 3554^[[2mms^[[22m^[[39m
deploy-test	Run pnpm verify	2026-10-06T04:17:01.0487356Z      ^[[33m^[[2m✓^[[22m^[[39m 生产组合根闭环：SQS → 身份/Schema 校验 → Heartbeat → Onboarded ^[[33m 493^[[2mms^[[22m^[[39m
deploy-test	Run pnpm verify	2026-10-06T04:17:01.1925789Z Bundling asset TestStack/OnboardingApiFn/Code/Stage...
deploy-test	Run pnpm verify	2026-10-06T04:17:01.9274549Z Bundling asset TestStack/OnboardingProvisioningFn/Code/Stage...
deploy-test	Run pnpm verify	2026-10-06T04:17:02.7681953Z Bundling asset TestStack/DeviceApiFn/Code/Stage...
deploy-test	Run pnpm verify	2026-10-06T04:17:02.8551302Z  ^[[32m✓^[[39m apps/cloud-api/test/device-sync.test.ts ^[[2m(^[[22m^[[2m13 tests^[[22m^[[2m)^[[22m^[[33m 3684^[[2mms^[[22m^[[39m
deploy-test	Run pnpm verify	2026-10-06T04:17:02.8554742Z      ^[[33m^[[2m✓^[[22m^[[39m 六域齐备：Assignment/Alias/License+签名/Device Users+验证材料/Configuration/Operational Status ^[[33m 332^[[2mms^[[22m^[[39m
deploy-test	Run pnpm verify	2026-10-06T04:17:03.5510535Z Bundling asset TestStack/ApiFn/Code/Stage...
deploy-test	Run pnpm verify	2026-10-06T04:17:05.9856294Z Bundling asset TestStack/IngestionFn/Code/Stage...
deploy-test	Run pnpm verify	2026-10-06T04:17:06.7561423Z  ^[[32m✓^[[39m apps/cloud-api/test/admin-ota-package.test.ts ^[[2m(^[[22m^[[2m13 tests^[[22m^[[2m)^[[22m^[[33m 3036^[[2mms^[[22m^[[39m
deploy-test	Run pnpm verify	2026-10-06T04:17:06.8783800Z Bundling asset TestStack/ArchiveFn/Code/Stage...
deploy-test	Run pnpm verify	2026-10-06T04:17:07.3327001Z Bundling asset TestStack/OutboxPublisherFn/Code/Stage...
deploy-test	Run pnpm verify	2026-10-06T04:17:08.1322433Z Bundling asset TestStack/NotificationPublisherFn/Code/Stage...
deploy-test	Run pnpm verify	2026-10-06T04:17:09.0720302Z Bundling asset TestStack/SummaryFn/Code/Stage...
deploy-test	Run pnpm verify	2026-10-06T04:17:09.8510908Z Bundling asset TestStack/ReplayTriggerPublisherFn/Code/Stage...
deploy-test	Run pnpm verify	2026-10-06T04:17:10.6040729Z Bundling asset TestStack/ReplayFn/Code/Stage...
deploy-test	Run pnpm verify	2026-10-06T04:17:11.2070629Z Bundling asset TestStack/CertPackageSweeperFn/Code/Stage...
deploy-test	Run pnpm verify	2026-10-06T04:17:11.3025929Z  ^[[32m✓^[[39m apps/cloud-api/test/admin-device-user.test.ts ^[[2m(^[[22m^[[2m8 tests^[[22m^[[2m)^[[22m^[[33m 3742^[[2mms^[[22m^[[39m
deploy-test	Run pnpm verify	2026-10-06T04:17:11.3031726Z      ^[[33m^[[2m✓^[[22m^[[39m 仅匹配具有目标设备 ACTIVE 分配的设备操作员 ^[[33m 427^[[2mms^[[22m^[[39m
deploy-test	Run pnpm verify	2026-10-06T04:17:11.3846477Z  ^[[32m✓^[[39m apps/admin-web/test/contracts.test.tsx ^[[2m(^[[22m^[[2m11 tests^[[22m^[[2m)^[[22m^[[33m 8235^[[2mms^[[22m^[[39m
deploy-test	Run pnpm verify	2026-10-06T04:17:11.3849611Z    ^[[33m^[[2m✓^[[22m^[[39m 列表：客户名解析、设备计数、服务期限、派生状态标签、筛选回调 ^[[33m 1102^[[2mms^[[22m^[[39m
deploy-test	Run pnpm verify	2026-10-06T04:17:11.3850862Z    ^[[33m^[[2m✓^[[22m^[[39m 新建：创建 DRAFT（不自动激活 License）→ eligible 设备两步关联 ^[[33m 1273^[[2mms^[[22m^[[39m
deploy-test	Run pnpm verify	2026-10-06T04:17:11.3851810Z    ^[[33m^[[2m✓^[[22m^[[39m 新建：编号重复 409 → 明确错误呈现 ^[[33m 524^[[2mms^[[22m^[[39m
deploy-test	Run pnpm verify	2026-10-06T04:17:11.3870686Z    ^[[33m^[[2m✓^[[22m^[[39m 详情：编辑携带 version（If-Match）+ 强制原因；EFFECTIVE 不可改有效期 ^[[33m 815^[[2mms^[[22m^[[39m
deploy-test	Run pnpm verify	2026-10-06T04:17:11.3871811Z    ^[[33m^[[2m✓^[[22m^[[39m 详情：续约校验（newEndAt 须晚于当前）+ 提交；激活/终止强制原因确认 ^[[33m 2004^[[2mms^[[22m^[[39m
deploy-test	Run pnpm verify	2026-10-06T04:17:11.3873328Z    ^[[33m^[[2m✓^[[22m^[[39m 详情：绑定 eligible 设备（重叠租期 409 呈现）；解绑不撤销 License（License 展示不变） ^[[33m 1877^[[2mms^[[22m^[[39m
deploy-test	Run pnpm verify	2026-10-06T04:17:11.9455385Z Bundling asset TestStack/OnboardingDeadlineFn/Code/Stage...
deploy-test	Run pnpm verify	2026-10-06T04:17:12.8992625Z Bundling asset TestStack/RetirementTimeoutFn/Code/Stage...
deploy-test	Run pnpm verify	2026-10-06T04:17:14.1200455Z Bundling asset TestStack/ActivityExportFn/Code/Stage...
deploy-test	Run pnpm verify	2026-10-06T04:17:14.9852374Z Bundling asset TestStack/EsgExportFn/Code/Stage...
deploy-test	Run pnpm verify	2026-10-06T04:17:15.7201613Z  ^[[32m✓^[[39m apps/cloud-api/test/admin-dashboard.test.ts ^[[2m(^[[22m^[[2m8 tests^[[22m^[[2m)^[[22m^[[33m 3674^[[2mms^[[22m^[[39m
deploy-test	Run pnpm verify	2026-10-06T04:17:15.9346541Z Bundling asset TestStack/CommandPublisherFn/Code/Stage...
deploy-test	Run pnpm verify	2026-10-06T04:17:16.0712248Z  ^[[32m✓^[[39m apps/cloud-api/test/admin-configuration.test.ts ^[[2m(^[[22m^[[2m9 tests^[[22m^[[2m)^[[22m^[[33m 3759^[[2mms^[[22m^[[39m
deploy-test	Run pnpm verify	2026-10-06T04:17:16.0722887Z      ^[[33m^[[2m✓^[[22m^[[39m 创建配置（按设备/按型号）与不可变版本；版本号递增；二选一与目标校验 ^[[33m 376^[[2mms^[[22m^[[39m
deploy-test	Run pnpm verify	2026-10-06T04:17:16.6392545Z Bundling asset TestStack/CommandTimeoutFn/Code/Stage...
deploy-test	Run pnpm verify	2026-10-06T04:17:17.5966936Z Bundling asset TestStack/OtaDispatcherFn/Code/Stage...
deploy-test	Run pnpm verify	2026-10-06T04:17:18.7570649Z Bundling asset TestStack/OnboardingApiFn/Code/Stage...
deploy-test	Run pnpm verify	2026-10-06T04:17:19.7640701Z Bundling asset TestStack/OnboardingProvisioningFn/Code/Stage...
deploy-test	Run pnpm verify	2026-10-06T04:17:20.3388408Z  ^[[32m✓^[[39m apps/cloud-api/test/admin-site.test.ts ^[[2m(^[[22m^[[2m13 tests^[[22m^[[2m)^[[22m^[[33m 3668^[[2mms^[[22m^[[39m
deploy-test	Run pnpm verify	2026-10-06T04:17:20.6894910Z Bundling asset TestStack/DeviceApiFn/Code/Stage...
deploy-test	Run pnpm verify	2026-10-06T04:17:21.1692442Z  ^[[32m✓^[[39m apps/cloud-api/test/admin-command.test.ts ^[[2m(^[[22m^[[2m15 tests^[[22m^[[2m)^[[22m^[[33m 4234^[[2mms^[[22m^[[39m
deploy-test	Run pnpm verify	2026-10-06T04:17:21.1695842Z      ^[[33m^[[2m✓^[[22m^[[39m ACTIVE 设备：22 个命令全部创建成功并进入 AUTHORIZED ^[[33m 501^[[2mms^[[22m^[[39m
deploy-test	Run pnpm verify	2026-10-06T04:17:21.5122434Z Bundling asset TestStack/ApiFn/Code/Stage...
deploy-test	Run pnpm verify	2026-10-06T04:17:24.3090660Z Bundling asset TestStack/IngestionFn/Code/Stage...
deploy-test	Run pnpm verify	2026-10-06T04:17:25.1510878Z Bundling asset TestStack/ArchiveFn/Code/Stage...
deploy-test	Run pnpm verify	2026-10-06T04:17:25.1625966Z  ^[[32m✓^[[39m apps/cloud-api/test/admin-device.test.ts ^[[2m(^[[22m^[[2m10 tests^[[22m^[[2m)^[[22m^[[33m 3760^[[2mms^[[22m^[[39m
deploy-test	Run pnpm verify	2026-10-06T04:17:25.1640249Z      ^[[33m^[[2m✓^[[22m^[[39m 原型设备群表格字段均有来源；证书仅摘要（不泄露 PEM/私钥/证书包） ^[[33m 348^[[2mms^[[22m^[[39m
deploy-test	Run pnpm verify	2026-10-06T04:17:25.7170900Z Bundling asset TestStack/OutboxPublisherFn/Code/Stage...
deploy-test	Run pnpm verify	2026-10-06T04:17:25.8163568Z  ^[[32m✓^[[39m apps/cloud-api/test/admin-alarm.test.ts ^[[2m(^[[22m^[[2m10 tests^[[22m^[[2m)^[[22m^[[33m 3545^[[2mms^[[22m^[[39m
deploy-test	Run pnpm verify	2026-10-06T04:17:26.3710899Z Bundling asset TestStack/NotificationPublisherFn/Code/Stage...
deploy-test	Run pnpm verify	2026-10-06T04:17:26.9805232Z  ^[[32m✓^[[39m apps/cloud-api/test/admin-lambda-composition.test.ts ^[[2m(^[[22m^[[2m12 tests^[[22m^[[2m)^[[22m^[[33m 773^[[2mms^[[22m^[[39m
deploy-test	Run pnpm verify	2026-10-06T04:17:27.0189925Z Bundling asset TestStack/SummaryFn/Code/Stage...
deploy-test	Run pnpm verify	2026-10-06T04:17:27.8380707Z Bundling asset TestStack/ReplayTriggerPublisherFn/Code/Stage...
deploy-test	Run pnpm verify	2026-10-06T04:17:28.7183059Z Bundling asset TestStack/ReplayFn/Code/Stage...
deploy-test	Run pnpm verify	2026-10-06T04:17:29.6770804Z Bundling asset TestStack/CertPackageSweeperFn/Code/Stage...
deploy-test	Run pnpm verify	2026-10-06T04:17:30.5481278Z Bundling asset TestStack/OnboardingDeadlineFn/Code/Stage...
deploy-test	Run pnpm verify	2026-10-06T04:17:30.7350755Z  ^[[32m✓^[[39m apps/cloud-api/test/admin-esg.test.ts ^[[2m(^[[22m^[[2m10 tests^[[22m^[[2m)^[[22m^[[33m 2872^[[2mms^[[22m^[[39m
deploy-test	Run pnpm verify	2026-10-06T04:17:31.3535586Z Bundling asset TestStack/RetirementTimeoutFn/Code/Stage...
deploy-test	Run pnpm verify	2026-10-06T04:17:32.1412057Z Bundling asset TestStack/ActivityExportFn/Code/Stage...
deploy-test	Run pnpm verify	2026-10-06T04:17:33.0953800Z Bundling asset TestStack/EsgExportFn/Code/Stage...
deploy-test	Run pnpm verify	2026-10-06T04:17:33.8522205Z Bundling asset TestStack/CommandPublisherFn/Code/Stage...
deploy-test	Run pnpm verify	2026-10-06T04:17:34.6437480Z  ^[[32m✓^[[39m apps/cloud-api/test/admin-contract.test.ts ^[[2m(^[[22m^[[2m9 tests^[[22m^[[2m)^[[22m^[[33m 3068^[[2mms^[[22m^[[39m
deploy-test	Run pnpm verify	2026-10-06T04:17:34.6632714Z Bundling asset TestStack/CommandTimeoutFn/Code/Stage...
deploy-test	Run pnpm verify	2026-10-06T04:17:35.3824498Z Bundling asset TestStack/OtaDispatcherFn/Code/Stage...
deploy-test	Run pnpm verify	2026-10-06T04:17:36.1960607Z Bundling asset TestStack/OnboardingApiFn/Code/Stage...
deploy-test	Run pnpm verify	2026-10-06T04:17:36.6721261Z  ^[[32m✓^[[39m apps/admin-web/test/device-operate.test.tsx ^[[2m(^[[22m^[[2m13 tests^[[22m^[[2m)^[[22m^[[33m 9409^[[2mms^[[22m^[[39m
deploy-test	Run pnpm verify	2026-10-06T04:17:36.6791250Z    ^[[33m^[[2m✓^[[22m^[[39m PUBLISH_FAILED 可筛选展示；温度命令仅保留协议 parity、不可由后台提交 ^[[33m 862^[[2mms^[[22m^[[39m
deploy-test	Run pnpm verify	2026-10-06T04:17:36.6792295Z    ^[[33m^[[2m✓^[[22m^[[39m 无协议 command code 禁止提交：未知 code 抛错；模式切换表单只能选组内真实命令 ^[[33m 627^[[2mms^[[22m^[[39m
deploy-test	Run pnpm verify	2026-10-06T04:17:36.6847175Z    ^[[33m^[[2m✓^[[22m^[[39m 高风险命令：confirmText 必须与命令名完全一致；客户端不提交确认时间 ^[[33m 2093^[[2mms^[[22m^[[39m
deploy-test	Run pnpm verify	2026-10-06T04:17:36.6860106Z    ^[[33m^[[2m✓^[[22m^[[39m 低风险命令无需确认凭证；timeoutSec 越界禁止提交 ^[[33m 1455^[[2mms^[[22m^[[39m
deploy-test	Run pnpm verify	2026-10-06T04:17:36.6871315Z    ^[[33m^[[2m✓^[[22m^[[39m DEC-018 排除 M/N 入口；温度阈值跳转 Configuration 且不产生命令提交 ^[[33m 440^[[2mms^[[22m^[[39m
deploy-test	Run pnpm verify	2026-10-06T04:17:36.6971166Z    ^[[33m^[[2m✓^[[22m^[[39m 门控：Suspended/Retired/离线/无 Entitlement/无 command:send 均禁用且原因展示 ^[[33m 1428^[[2mms^[[22m^[[39m
deploy-test	Run pnpm verify	2026-10-06T04:17:36.7061044Z    ^[[33m^[[2m✓^[[22m^[[39m Suspended 设备仍允许安全停止类命令（STOP/REBOOT 等 catalog allowedStatuses） ^[[33m 385^[[2mms^[[22m^[[39m
deploy-test	Run pnpm verify	2026-10-06T04:17:36.7151401Z    ^[[33m^[[2m✓^[[22m^[[39m 状态 E2E：提交受理（AUTHORIZED，requestedBy 身份上下文）→ 下发 → ACK → 成功；表单无 requestedBy 输入 ^[[33m 621^[[2mms^[[22m^[[39m
deploy-test	Run pnpm verify	2026-10-06T04:17:36.7210988Z    ^[[33m^[[2m✓^[[22m^[[39m 媒体面板：仅最新 Media + 手动刷新；无播放/停止按钮（DEC-009） ^[[33m 353^[[2mms^[[22m^[[39m
deploy-test	Run pnpm verify	2026-10-06T04:17:36.7211940Z    ^[[33m^[[2m✓^[[22m^[[39m 活动日志：级别/类型筛选应用；导出快照与当前筛选一致；表格渲染 ^[[33m 912^[[2mms^[[22m^[[39m
deploy-test	Run pnpm verify	2026-10-06T04:17:37.1580752Z Bundling asset TestStack/OnboardingProvisioningFn/Code/Stage...
deploy-test	Run pnpm verify	2026-10-06T04:17:37.9534070Z Bundling asset TestStack/DeviceApiFn/Code/Stage...
deploy-test	Run pnpm verify	2026-10-06T04:17:38.9022947Z Bundling asset TestStack/ApiFn/Code/Stage...
deploy-test	Run pnpm verify	2026-10-06T04:17:39.5251737Z  ^[[32m✓^[[39m apps/cloud-api/test/provisioning.test.ts ^[[2m(^[[22m^[[2m8 tests^[[22m^[[2m)^[[22m^[[33m 3997^[[2mms^[[22m^[[39m
deploy-test	Run pnpm verify	2026-10-06T04:17:39.5297279Z      ^[[33m^[[2m✓^[[22m^[[39m 正向：Thing/Policy/attach 全链调用；证书 PENDING_CLAIM；私钥仅以信封密文落库 ^[[33m 322^[[2mms^[[22m^[[39m
deploy-test	Run pnpm verify	2026-10-06T04:17:41.1076564Z  ^[[32m✓^[[39m apps/cloud-api/test/admin-consumable.test.ts ^[[2m(^[[22m^[[2m9 tests^[[22m^[[2m)^[[22m^[[33m 3335^[[2mms^[[22m^[[39m
deploy-test	Run pnpm verify	2026-10-06T04:17:41.6840934Z Bundling asset TestStack/IngestionFn/Code/Stage...
deploy-test	Run pnpm verify	2026-10-06T04:17:42.6146739Z Bundling asset TestStack/ArchiveFn/Code/Stage...
deploy-test	Run pnpm verify	2026-10-06T04:17:43.1292724Z Bundling asset TestStack/OutboxPublisherFn/Code/Stage...
deploy-test	Run pnpm verify	2026-10-06T04:17:44.2052364Z Bundling asset TestStack/NotificationPublisherFn/Code/Stage...
deploy-test	Run pnpm verify	2026-10-06T04:17:44.2339045Z  ^[[32m✓^[[39m apps/cloud-api/test/command-publisher.test.ts ^[[2m(^[[22m^[[2m15 tests^[[22m^[[2m)^[[22m^[[33m 3828^[[2mms^[[22m^[[39m
deploy-test	Run pnpm verify	2026-10-06T04:17:44.2341658Z      ^[[33m^[[2m✓^[[22m^[[39m AUTHORIZED 命令发布成功：正确 Topic、QoS 1、Payload 符合 cmd.schema.json，状态 PUBLISHED + attempts 落行 ^[[33m 318^[[2mms^[[22m^[[39m
deploy-test	Run pnpm verify	2026-10-06T04:17:45.1004361Z Bundling asset TestStack/SummaryFn/Code/Stage...
deploy-test	Run pnpm verify	2026-10-06T04:17:45.9255958Z Bundling asset TestStack/ReplayTriggerPublisherFn/Code/Stage...
deploy-test	Run pnpm verify	2026-10-06T04:17:45.9257907Z  ^[[32m✓^[[39m apps/cloud-api/test/admin-contract-device.test.ts ^[[2m(^[[22m^[[2m8 tests^[[22m^[[2m)^[[22m^[[33m 3593^[[2mms^[[22m^[[39m
deploy-test	Run pnpm verify	2026-10-06T04:17:45.9259640Z      ^[[33m^[[2m✓^[[22m^[[39m 批量关联全成：ACTIVE 关联 + 审计一次；Contract 设备视图含四轴/固件/Region/别名/租期 ^[[33m 372^[[2mms^[[22m^[[39m
deploy-test	Run pnpm verify	2026-10-06T04:17:46.8081067Z Bundling asset TestStack/ReplayFn/Code/Stage...
deploy-test	Run pnpm verify	2026-10-06T04:17:47.5423164Z Bundling asset TestStack/CertPackageSweeperFn/Code/Stage...
deploy-test	Run pnpm verify	2026-10-06T04:17:48.6600565Z Bundling asset TestStack/OnboardingDeadlineFn/Code/Stage...
deploy-test	Run pnpm verify	2026-10-06T04:17:49.5093662Z Bundling asset TestStack/RetirementTimeoutFn/Code/Stage...
deploy-test	Run pnpm verify	2026-10-06T04:17:50.0371930Z ^[[90mstderr^[[2m | apps/cloud-api/test/admin-customer.test.ts^[[2m > ^[[22m^[[2mPATCH /admin/customers/{customerId}（更新：If-Match 乐观锁）^[[2m > ^[[22m^[[2m更新成功 version 自增 + 审计；If-Match 缺失 400；版本不符 409
deploy-test	Run pnpm verify	2026-10-06T04:17:50.0390696Z ^[[22m^[[39maudit FAILURE 记录写入失败 Error [PrismaClientKnownRequestError]: 
deploy-test	Run pnpm verify	2026-10-06T04:17:50.0391446Z Invalid `client.auditLog.create()` invocation in
deploy-test	Run pnpm verify	2026-10-06T04:17:50.0392390Z /home/runner/work/food-digester-platform/food-digester-platform/packages/database/src/audit.ts:72:25
deploy-test	Run pnpm verify	2026-10-06T04:17:50.0393054Z 
deploy-test	Run pnpm verify	2026-10-06T04:17:50.0414648Z   69 /** 写一条审计记录。可在事务内（tx）或根 client 上调用。 */
deploy-test	Run pnpm verify	2026-10-06T04:17:50.0461479Z   70 export async function recordAudit(client: DbClient, entry: AuditEntry): Promise<void> {
deploy-test	Run pnpm verify	2026-10-06T04:17:50.0470096Z   71   const ctx = getRequestContext();
deploy-test	Run pnpm verify	2026-10-06T04:17:50.0535911Z → 72   await client.auditLog.create(
deploy-test	Run pnpm verify	2026-10-06T04:17:50.0581087Z Foreign key constraint violated on the constraint: `audit_logs_customer_id_fkey`
deploy-test	Run pnpm verify	2026-10-06T04:17:50.0582251Z     at redactSensitive ^[[90m(/home/runner/work/food-digester-platform/food-digester-platform/^[[39mpackages/observability/src/redaction.ts:43:19^[[90m)^[[39m
deploy-test	Run pnpm verify	2026-10-06T04:17:50.0582922Z     at Array.map (<anonymous>)
deploy-test	Run pnpm verify	2026-10-06T04:17:50.0583990Z     at Object.error ^[[90m(/home/runner/work/food-digester-platform/food-digester-platform/^[[39mpackages/observability/src/redaction.ts:70:18^[[90m)^[[39m
deploy-test	Run pnpm verify	2026-10-06T04:17:50.0585482Z     at audited ^[[90m(/home/runner/work/food-digester-platform/food-digester-platform/^[[39mpackages/database/src/audit.ts:144:14^[[90m)^[[39m
deploy-test	Run pnpm verify	2026-10-06T04:17:50.0586709Z ^[[90m    at processTicksAndRejections (node:internal/process/task_queues:103:5)^[[39m
deploy-test	Run pnpm verify	2026-10-06T04:17:50.0587885Z     at ^[[90m/home/runner/work/food-digester-platform/food-digester-platform/^[[39mapps/cloud-api/src/admin/customer/handler.ts:127:23
deploy-test	Run pnpm verify	2026-10-06T04:17:50.0589584Z     at Object.update ^[[90m(/home/runner/work/food-digester-platform/food-digester-platform/^[[39mapps/cloud-api/src/admin/customer/handler.ts:165:16^[[90m)^[[39m
deploy-test	Run pnpm verify	2026-10-06T04:17:50.0590981Z     at ^[[90m/home/runner/work/food-digester-platform/food-digester-platform/^[[39mapps/cloud-api/test/admin-customer.test.ts:247:21
deploy-test	Run pnpm verify	2026-10-06T04:17:50.0592462Z     at ^[[90mfile:///home/runner/work/food-digester-platform/food-digester-platform/^[[39mnode_modules/^[[4m@vitest/runner^[[24m/dist/chunk-artifact.js:1903:20
deploy-test	Run pnpm verify	2026-10-06T04:17:50.0593263Z 
deploy-test	Run pnpm verify	2026-10-06T04:17:50.1587380Z  ^[[32m✓^[[39m apps/cloud-api/test/admin-customer.test.ts ^[[2m(^[[22m^[[2m14 tests^[[22m^[[2m)^[[22m^[[33m 2998^[[2mms^[[22m^[[39m
deploy-test	Run pnpm verify	2026-10-06T04:17:50.2024179Z Bundling asset TestStack/ActivityExportFn/Code/Stage...
deploy-test	Run pnpm verify	2026-10-06T04:17:50.8079769Z Bundling asset TestStack/EsgExportFn/Code/Stage...
deploy-test	Run pnpm verify	2026-10-06T04:17:51.4734648Z Bundling asset TestStack/CommandPublisherFn/Code/Stage...
deploy-test	Run pnpm verify	2026-10-06T04:17:52.3746422Z Bundling asset TestStack/CommandTimeoutFn/Code/Stage...
deploy-test	Run pnpm verify	2026-10-06T04:17:53.0163551Z Bundling asset TestStack/OtaDispatcherFn/Code/Stage...
deploy-test	Run pnpm verify	2026-10-06T04:17:53.6561356Z Bundling asset TestStack/OnboardingApiFn/Code/Stage...
deploy-test	Run pnpm verify	2026-10-06T04:17:53.7715249Z  ^[[32m✓^[[39m apps/cloud-api/test/admin-device-retirement.test.ts ^[[2m(^[[22m^[[2m7 tests^[[22m^[[2m)^[[22m^[[33m 2806^[[2mms^[[22m^[[39m
deploy-test	Run pnpm verify	2026-10-06T04:17:54.2662207Z Bundling asset TestStack/OnboardingProvisioningFn/Code/Stage...
deploy-test	Run pnpm verify	2026-10-06T04:17:54.9306140Z Bundling asset TestStack/DeviceApiFn/Code/Stage...
deploy-test	Run pnpm verify	2026-10-06T04:17:55.5160736Z Bundling asset TestStack/ApiFn/Code/Stage...
deploy-test	Run pnpm verify	2026-10-06T04:17:57.3473478Z Bundling asset TestStack/IngestionFn/Code/Stage...
deploy-test	Run pnpm verify	2026-10-06T04:17:57.9749973Z Bundling asset TestStack/ArchiveFn/Code/Stage...
deploy-test	Run pnpm verify	2026-10-06T04:17:58.3437347Z Bundling asset TestStack/OutboxPublisherFn/Code/Stage...
deploy-test	Run pnpm verify	2026-10-06T04:17:58.9337902Z Bundling asset TestStack/NotificationPublisherFn/Code/Stage...
deploy-test	Run pnpm verify	2026-10-06T04:17:59.5044782Z Bundling asset TestStack/SummaryFn/Code/Stage...
deploy-test	Run pnpm verify	2026-10-06T04:18:00.0840961Z Bundling asset TestStack/ReplayTriggerPublisherFn/Code/Stage...
deploy-test	Run pnpm verify	2026-10-06T04:18:00.6155195Z Bundling asset TestStack/ReplayFn/Code/Stage...
deploy-test	Run pnpm verify	2026-10-06T04:18:01.1730699Z Bundling asset TestStack/CertPackageSweeperFn/Code/Stage...
deploy-test	Run pnpm verify	2026-10-06T04:18:01.7176897Z Bundling asset TestStack/OnboardingDeadlineFn/Code/Stage...
deploy-test	Run pnpm verify	2026-10-06T04:18:02.2533888Z Bundling asset TestStack/RetirementTimeoutFn/Code/Stage...
deploy-test	Run pnpm verify	2026-10-06T04:18:02.8740587Z Bundling asset TestStack/ActivityExportFn/Code/Stage...
deploy-test	Run pnpm verify	2026-10-06T04:18:03.4450176Z Bundling asset TestStack/EsgExportFn/Code/Stage...
deploy-test	Run pnpm verify	2026-10-06T04:18:03.9213737Z  ^[[32m✓^[[39m apps/admin-web/test/settings.test.tsx ^[[2m(^[[22m^[[2m14 tests^[[22m^[[2m)^[[22m^[[33m 8408^[[2mms^[[22m^[[39m
deploy-test	Run pnpm verify	2026-10-06T04:18:03.9215645Z    ^[[33m^[[2m✓^[[22m^[[39m 标签页按权限可见：SuperAdmin 三个；CustomerAdmin 仅设备用户 ^[[33m 675^[[2mms^[[22m^[[39m
deploy-test	Run pnpm verify	2026-10-06T04:18:03.9230636Z    ^[[33m^[[2m✓^[[22m^[[39m 邀请：表单无永久密码字段；提交体不含 password；提示 Cognito 临时凭证 ^[[33m 1318^[[2mms^[[22m^[[39m
deploy-test	Run pnpm verify	2026-10-06T04:18:03.9231755Z    ^[[33m^[[2m✓^[[22m^[[39m 邀请校验：平台/Customer 混绑拒绝；Customer 角色缺 customerId 拒绝 ^[[33m 1117^[[2mms^[[22m^[[39m
deploy-test	Run pnpm verify	2026-10-06T04:18:03.9232703Z    ^[[33m^[[2m✓^[[22m^[[39m 角色变更：高风险明确确认后整体替换；混绑禁用提交 ^[[33m 1107^[[2mms^[[22m^[[39m
deploy-test	Run pnpm verify	2026-10-06T04:18:03.9233593Z    ^[[33m^[[2m✓^[[22m^[[39m 停用与重置：明确确认；重置提示不接触密码 ^[[33m 798^[[2mms^[[22m^[[39m
deploy-test	Run pnpm verify	2026-10-06T04:18:03.9234576Z    ^[[33m^[[2m✓^[[22m^[[39m 自我提权/越权：403 经 ErrorNotice 正确呈现 ^[[33m 796^[[2mms^[[22m^[[39m
deploy-test	Run pnpm verify	2026-10-06T04:18:03.9235459Z    ^[[33m^[[2m✓^[[22m^[[39m 用户列表筛选回调（roleType/status/customerId/q） ^[[33m 835^[[2mms^[[22m^[[39m
deploy-test	Run pnpm verify	2026-10-06T04:18:03.9236341Z    ^[[33m^[[2m✓^[[22m^[[39m 设置编辑：非法 JSON 禁用提交；合法提交携 version 乐观锁 ^[[33m 709^[[2mms^[[22m^[[39m
deploy-test	Run pnpm verify	2026-10-06T04:18:03.9237263Z    ^[[33m^[[2m✓^[[22m^[[39m 并发冲突可恢复：409 VERSION_CONFLICT → 提示刷新并回调 onRefresh ^[[33m 489^[[2mms^[[22m^[[39m
deploy-test	Run pnpm verify	2026-10-06T04:18:04.0515227Z Bundling asset TestStack/CommandPublisherFn/Code/Stage...
deploy-test	Run pnpm verify	2026-10-06T04:18:04.7250885Z Bundling asset TestStack/CommandTimeoutFn/Code/Stage...
deploy-test	Run pnpm verify	2026-10-06T04:18:05.6362947Z Bundling asset TestStack/OtaDispatcherFn/Code/Stage...
deploy-test	Run pnpm verify	2026-10-06T04:18:06.2546073Z Bundling asset TestStack/OnboardingApiFn/Code/Stage...
deploy-test	Run pnpm verify	2026-10-06T04:18:06.5832990Z ^[[90mstderr^[[2m | apps/ingestion-worker/test/ack-dispatch.test.ts^[[2m > ^[[22m^[[2mBE-IOT-08 端到端分发：SQS → 管线 → 分发器 → ACK Handler^[[2m > ^[[22m^[[2mMedia 生产链路：SQS → 校验 → receipt → BE-MED-01 核心 → MediaObject；过期会话稳定隔离
deploy-test	Run pnpm verify	2026-10-06T04:18:06.5872321Z ^[[22m^[[39mingestion message quarantined {
deploy-test	Run pnpm verify	2026-10-06T04:18:06.5910358Z   event: ^[[32m'ingestion.quarantined'^[[39m,
deploy-test	Run pnpm verify	2026-10-06T04:18:06.5953741Z   messageId: ^[[32m'sqs-media-expired'^[[39m,
deploy-test	Run pnpm verify	2026-10-06T04:18:06.5954568Z   errorType: ^[[32m'MEDIA_SESSION_EXPIRED'^[[39m,
deploy-test	Run pnpm verify	2026-10-06T04:18:06.5955330Z   errorPath: ^[[32m'data.objectPath'^[[39m,
deploy-test	Run pnpm verify	2026-10-06T04:18:06.5956450Z   reason: ^[[32m'media metadata rejected: SESSION_EXPIRED'^[[39m,
deploy-test	Run pnpm verify	2026-10-06T04:18:06.5957277Z   iotTopic: ^[[32m'bnx/device/dev-ackd-2/media'^[[39m,
deploy-test	Run pnpm verify	2026-10-06T04:18:06.5957976Z   iotDeviceId: ^[[32m'dev-ackd-2'^[[39m
deploy-test	Run pnpm verify	2026-10-06T04:18:06.5958483Z }
deploy-test	Run pnpm verify	2026-10-06T04:18:06.5958763Z 
deploy-test	Run pnpm verify	2026-10-06T04:18:06.6470850Z ^[[90mstderr^[[2m | apps/ingestion-worker/test/ack-dispatch.test.ts^[[2m > ^[[22m^[[2mBE-IOT-08 端到端分发：SQS → 管线 → 分发器 → ACK Handler^[[2m > ^[[22m^[[2m未知/冲突 ACK → 确定异常路径（Quarantine），不误更新其他命令
deploy-test	Run pnpm verify	2026-10-06T04:18:06.6494983Z ^[[22m^[[39mingestion message quarantined {
deploy-test	Run pnpm verify	2026-10-06T04:18:06.6528739Z   event: ^[[32m'ingestion.quarantined'^[[39m,
deploy-test	Run pnpm verify	2026-10-06T04:18:06.6540075Z   messageId: ^[[32m'sqs-unk'^[[39m,
deploy-test	Run pnpm verify	2026-10-06T04:18:06.6570032Z   errorType: ^[[32m'UNKNOWN_COMMAND'^[[39m,
deploy-test	Run pnpm verify	2026-10-06T04:18:06.6589629Z   errorPath: ^[[32m'data.commandId'^[[39m,
deploy-test	Run pnpm verify	2026-10-06T04:18:06.6600171Z   reason: ^[[32m'ack references unknown command CMD-GHOST'^[[39m,
deploy-test	Run pnpm verify	2026-10-06T04:18:06.6630034Z   iotTopic: ^[[32m'bnx/device/dev-ackd-4/ack'^[[39m,
deploy-test	Run pnpm verify	2026-10-06T04:18:06.6640195Z   iotDeviceId: ^[[32m'dev-ackd-4'^[[39m
deploy-test	Run pnpm verify	2026-10-06T04:18:06.6684225Z }
deploy-test	Run pnpm verify	2026-10-06T04:18:06.6689776Z 
deploy-test	Run pnpm verify	2026-10-06T04:18:06.6718830Z ^[[90mstderr^[[2m | apps/ingestion-worker/test/ack-dispatch.test.ts^[[2m > ^[[22m^[[2mBE-IOT-08 端到端分发：SQS → 管线 → 分发器 → ACK Handler^[[2m > ^[[22m^[[2m未知/冲突 ACK → 确定异常路径（Quarantine），不误更新其他命令
deploy-test	Run pnpm verify	2026-10-06T04:18:06.6720260Z ^[[22m^[[39mingestion message quarantined {
deploy-test	Run pnpm verify	2026-10-06T04:18:06.6720852Z   event: ^[[32m'ingestion.quarantined'^[[39m,
deploy-test	Run pnpm verify	2026-10-06T04:18:06.6721941Z   messageId: ^[[32m'sqs-mis'^[[39m,
deploy-test	Run pnpm verify	2026-10-06T04:18:06.6722472Z   errorType: ^[[32m'COMMAND_MISMATCH'^[[39m,
deploy-test	Run pnpm verify	2026-10-06T04:18:06.6723021Z   errorPath: ^[[32m'data.command'^[[39m,
deploy-test	Run pnpm verify	2026-10-06T04:18:06.6723682Z   reason: ^[[32m'ack command START does not match original STOP'^[[39m,
deploy-test	Run pnpm verify	2026-10-06T04:18:06.6724363Z   iotTopic: ^[[32m'bnx/device/dev-ackd-4/ack'^[[39m,
deploy-test	Run pnpm verify	2026-10-06T04:18:06.6724916Z   iotDeviceId: ^[[32m'dev-ackd-4'^[[39m
deploy-test	Run pnpm verify	2026-10-06T04:18:06.6725322Z }
deploy-test	Run pnpm verify	2026-10-06T04:18:06.6725543Z 
deploy-test	Run pnpm verify	2026-10-06T04:18:06.6969146Z ^[[90mstderr^[[2m | apps/ingestion-worker/test/ack-dispatch.test.ts^[[2m > ^[[22m^[[2mBE-IOT-08 端到端分发：SQS → 管线 → 分发器 → ACK Handler^[[2m > ^[[22m^[[2mDEC-015 隔离：OTA_TARGET ACK 只更新 OTA 状态与历史，不回改 Command；COMMAND 混入 OTA 字段 → 隔离
deploy-test	Run pnpm verify	2026-10-06T04:18:06.6990072Z ^[[22m^[[39mingestion message quarantined {
deploy-test	Run pnpm verify	2026-10-06T04:18:06.7011551Z   event: ^[[32m'ingestion.quarantined'^[[39m,
deploy-test	Run pnpm verify	2026-10-06T04:18:06.7039882Z   messageId: ^[[32m'sqs-mixed'^[[39m,
deploy-test	Run pnpm verify	2026-10-06T04:18:06.7041626Z   errorType: ^[[32m'INVALID_ENVELOPE'^[[39m,
deploy-test	Run pnpm verify	2026-10-06T04:18:06.7042262Z   errorPath: ^[[32m'data.objectType'^[[39m,
deploy-test	Run pnpm verify	2026-10-06T04:18:06.7042853Z   reason: ^[[32m'COMMAND ack cannot contain OTA target fields'^[[39m,
deploy-test	Run pnpm verify	2026-10-06T04:18:06.7043326Z   iotTopic: ^[[32m'bnx/device/dev-ackd-6/ack'^[[39m,
deploy-test	Run pnpm verify	2026-10-06T04:18:06.7043651Z   iotDeviceId: ^[[32m'dev-ackd-6'^[[39m
deploy-test	Run pnpm verify	2026-10-06T04:18:06.7043874Z }
deploy-test	Run pnpm verify	2026-10-06T04:18:06.7043965Z 
deploy-test	Run pnpm verify	2026-10-06T04:18:06.7621737Z  ^[[32m✓^[[39m apps/ingestion-worker/test/ack-dispatch.test.ts ^[[2m(^[[22m^[[2m6 tests^[[22m^[[2m)^[[22m^[[33m 2523^[[2mms^[[22m^[[39m
deploy-test	Run pnpm verify	2026-10-06T04:18:06.9880946Z Bundling asset TestStack/OnboardingProvisioningFn/Code/Stage...
deploy-test	Run pnpm verify	2026-10-06T04:18:07.5768044Z Bundling asset TestStack/DeviceApiFn/Code/Stage...
deploy-test	Run pnpm verify	2026-10-06T04:18:08.1273525Z Bundling asset TestStack/ApiFn/Code/Stage...
deploy-test	Run pnpm verify	2026-10-06T04:18:09.8512051Z Bundling asset TestStack/IngestionFn/Code/Stage...
deploy-test	Run pnpm verify	2026-10-06T04:18:10.4546089Z Bundling asset TestStack/ArchiveFn/Code/Stage...
deploy-test	Run pnpm verify	2026-10-06T04:18:10.7887081Z Bundling asset TestStack/OutboxPublisherFn/Code/Stage...
deploy-test	Run pnpm verify	2026-10-06T04:18:11.3483369Z Bundling asset TestStack/NotificationPublisherFn/Code/Stage...
deploy-test	Run pnpm verify	2026-10-06T04:18:11.8914613Z Bundling asset TestStack/SummaryFn/Code/Stage...
deploy-test	Run pnpm verify	2026-10-06T04:18:12.3532597Z  ^[[32m✓^[[39m apps/admin-web/test/device-users.test.tsx ^[[2m(^[[22m^[[2m11 tests^[[22m^[[2m)^[[22m^[[33m 3973^[[2mms^[[22m^[[39m
deploy-test	Run pnpm verify	2026-10-06T04:18:12.3535224Z    ^[[33m^[[2m✓^[[22m^[[39m 敏感字段快照为 0：任何响应与 DOM 不显示 passwordHash；密码输入不回显 ^[[33m 1048^[[2mms^[[22m^[[39m
deploy-test	Run pnpm verify	2026-10-06T04:18:12.3536390Z    ^[[33m^[[2m✓^[[22m^[[39m 重置密码：仅一次受控提交 + 必填原因；提交后清空不回显 ^[[33m 393^[[2mms^[[22m^[[39m
deploy-test	Run pnpm verify	2026-10-06T04:18:12.3550314Z    ^[[33m^[[2m✓^[[22m^[[39m 创建：username/password 必填校验；platform 角色需选客户 ^[[33m 430^[[2mms^[[22m^[[39m
deploy-test	Run pnpm verify	2026-10-06T04:18:12.3551533Z    ^[[33m^[[2m✓^[[22m^[[39m 筛选：Customer/Region/Subregion/Device/status/keyword 使用权威拓扑并可重置 ^[[33m 721^[[2mms^[[22m^[[39m
deploy-test	Run pnpm verify	2026-10-06T04:18:12.3566317Z    ^[[33m^[[2m✓^[[22m^[[39m 分配：批量勾选 + 强制原因；撤销仅列 ACTIVE 分配 ^[[33m 758^[[2mms^[[22m^[[39m
deploy-test	Run pnpm verify	2026-10-06T04:18:12.4616169Z Bundling asset TestStack/ReplayTriggerPublisherFn/Code/Stage...
deploy-test	Run pnpm verify	2026-10-06T04:18:13.0606850Z Bundling asset TestStack/ReplayFn/Code/Stage...
deploy-test	Run pnpm verify	2026-10-06T04:18:13.5989656Z Bundling asset TestStack/CertPackageSweeperFn/Code/Stage...
deploy-test	Run pnpm verify	2026-10-06T04:18:14.2317488Z Bundling asset TestStack/OnboardingDeadlineFn/Code/Stage...
deploy-test	Run pnpm verify	2026-10-06T04:18:14.8860790Z Bundling asset TestStack/RetirementTimeoutFn/Code/Stage...
deploy-test	Run pnpm verify	2026-10-06T04:18:15.4829009Z Bundling asset TestStack/ActivityExportFn/Code/Stage...
deploy-test	Run pnpm verify	2026-10-06T04:18:15.5368239Z  ^[[32m✓^[[39m apps/admin-web/test/esg.test.tsx ^[[2m(^[[22m^[[2m10 tests^[[22m^[[2m)^[[22m^[[33m 1487^[[2mms^[[22m^[[39m
deploy-test	Run pnpm verify	2026-10-06T04:18:15.5370008Z    ^[[33m^[[2m✓^[[22m^[[39m 日期按用户时区转 UTC：Asia/Shanghai 日历日 → UTC 区间并展示换算结果 ^[[33m 361^[[2mms^[[22m^[[39m
deploy-test	Run pnpm verify	2026-10-06T04:18:15.5371140Z    ^[[33m^[[2m✓^[[22m^[[39m 设备页：九项指标 + 完整率 + 计算版本；ScopeFilter 联动；CT-06 锚点齐全 ^[[33m 432^[[2mms^[[22m^[[39m
deploy-test	Run pnpm verify	2026-10-06T04:18:16.0573732Z Bundling asset TestStack/EsgExportFn/Code/Stage...
deploy-test	Run pnpm verify	2026-10-06T04:18:16.6350671Z Bundling asset TestStack/CommandPublisherFn/Code/Stage...
deploy-test	Run pnpm verify	2026-10-06T04:18:17.2282402Z Bundling asset TestStack/CommandTimeoutFn/Code/Stage...
deploy-test	Run pnpm verify	2026-10-06T04:18:17.9301758Z Bundling asset TestStack/OtaDispatcherFn/Code/Stage...
deploy-test	Run pnpm verify	2026-10-06T04:18:18.4668433Z Bundling asset TestStack/OnboardingApiFn/Code/Stage...
deploy-test	Run pnpm verify	2026-10-06T04:18:19.1230789Z Bundling asset TestStack/OnboardingProvisioningFn/Code/Stage...
deploy-test	Run pnpm verify	2026-10-06T04:18:19.9270656Z Bundling asset TestStack/DeviceApiFn/Code/Stage...
deploy-test	Run pnpm verify	2026-10-06T04:18:20.7390753Z Bundling asset TestStack/ApiFn/Code/Stage...
deploy-test	Run pnpm verify	2026-10-06T04:18:22.9632780Z Bundling asset Named/IngestionFn/Code/Stage...
deploy-test	Run pnpm verify	2026-10-06T04:18:23.6950550Z Bundling asset Named/ArchiveFn/Code/Stage...
deploy-test	Run pnpm verify	2026-10-06T04:18:24.1398438Z Bundling asset Named/OutboxPublisherFn/Code/Stage...
deploy-test	Run pnpm verify	2026-10-06T04:18:24.9984726Z Bundling asset Named/NotificationPublisherFn/Code/Stage...
deploy-test	Run pnpm verify	2026-10-06T04:18:25.6081109Z Bundling asset Named/SummaryFn/Code/Stage...
deploy-test	Run pnpm verify	2026-10-06T04:18:25.8489238Z  ^[[32m✓^[[39m apps/admin-web/test/consumables.test.tsx ^[[2m(^[[22m^[[2m10 tests^[[22m^[[2m)^[[22m^[[33m 8722^[[2mms^[[22m^[[39m
deploy-test	Run pnpm verify	2026-10-06T04:18:25.8490890Z    ^[[33m^[[2m✓^[[22m^[[39m 列表：列与筛选覆盖（Region/Subregion/Site/连接/关键字/阈值/类型） ^[[33m 1986^[[2mms^[[22m^[[39m
deploy-test	Run pnpm verify	2026-10-06T04:18:25.8491979Z    ^[[33m^[[2m✓^[[22m^[[39m unknown 不画正常进度条；stale 徽标清晰；阈值分级（暂定阈值 prop 驱动） ^[[33m 312^[[2mms^[[22m^[[39m
deploy-test	Run pnpm verify	2026-10-06T04:18:25.8492966Z    ^[[33m^[[2m✓^[[22m^[[39m 联系方式：列表零 PII，点击后才请求独立端点；403 不显示号码 ^[[33m 1014^[[2mms^[[22m^[[39m
deploy-test	Run pnpm verify	2026-10-06T04:18:25.8493802Z    ^[[33m^[[2m✓^[[22m^[[39m 阈值来源显示设置版本或明确回退原因 ^[[33m 477^[[2mms^[[22m^[[39m
deploy-test	Run pnpm verify	2026-10-06T04:18:25.8494696Z    ^[[33m^[[2m✓^[[22m^[[39m 处理→完成全流程：操作携带 version + 备注（complete 强制备注） ^[[33m 1887^[[2mms^[[22m^[[39m
deploy-test	Run pnpm verify	2026-10-06T04:18:25.8495595Z    ^[[33m^[[2m✓^[[22m^[[39m 创建申请：成功提示；开放申请重复创建幂等（replayed 提示） ^[[33m 1826^[[2mms^[[22m^[[39m
deploy-test	Run pnpm verify	2026-10-06T04:18:25.8496507Z    ^[[33m^[[2m✓^[[22m^[[39m 非法跳级/漂移：409 错误呈现；写权限门控（Viewer 按钮禁用） ^[[33m 1049^[[2mms^[[22m^[[39m
deploy-test	Run pnpm verify	2026-10-06T04:18:26.3107270Z ^[[90mstderr^[[2m | apps/ingestion-worker/test/qa07-reliability.test.ts^[[2m > ^[[22m^[[2mQA07 production timestamp boundaries quarantine old or future Telemetry without weakening other topics
deploy-test	Run pnpm verify	2026-10-06T04:18:26.3140250Z ^[[22m^[[39mingestion message quarantined {
deploy-test	Run pnpm verify	2026-10-06T04:18:26.3170338Z   event: ^[[32m'ingestion.quarantined'^[[39m,
deploy-test	Run pnpm verify	2026-10-06T04:18:26.3171496Z   messageId: ^[[32m'SQS-82dc3f2f-b8c3-4987-a69a-48da2f9a6311'^[[39m,
deploy-test	Run pnpm verify	2026-10-06T04:18:26.3200039Z   errorType: ^[[32m'CLOCK_SKEW'^[[39m,
deploy-test	Run pnpm verify	2026-10-06T04:18:26.3230095Z   errorPath: ^[[32m'meta.ts'^[[39m,
deploy-test	Run pnpm verify	2026-10-06T04:18:26.3260318Z   reason: ^[[32m'device timestamp outside allowed window: skew 86400s, past 86400s, future 300s'^[[39m,
deploy-test	Run pnpm verify	2026-10-06T04:18:26.3261493Z   iotTopic: ^[[32m'bnx/device/QA07-75384A43EC45-DEV0/telemetry'^[[39m,
deploy-test	Run pnpm verify	2026-10-06T04:18:26.3289892Z   iotDeviceId: ^[[32m'QA07-75384A43EC45-DEV0'^[[39m
deploy-test	Run pnpm verify	2026-10-06T04:18:26.3335384Z }
deploy-test	Run pnpm verify	2026-10-06T04:18:26.3336065Z 
deploy-test	Run pnpm verify	2026-10-06T04:18:26.3360581Z  ^[[32m✓^[[39m apps/ingestion-worker/test/qa07-reliability.test.ts ^[[2m(^[[22m^[[2m2 tests^[[22m^[[2m)^[[22m^[[33m 41383^[[2mms^[[22m^[[39m
deploy-test	Run pnpm verify	2026-10-06T04:18:26.3390889Z ^[[90mstderr^[[2m | apps/ingestion-worker/test/qa07-reliability.test.ts^[[2m > ^[[22m^[[2mQA07 production timestamp boundaries quarantine old or future Telemetry without weakening other topics
deploy-test	Run pnpm verify	2026-10-06T04:18:26.3399876Z ^[[22m^[[39mingestion message quarantined {
deploy-test	Run pnpm verify	2026-10-06T04:18:26.3406816Z    ^[[33m^[[2m✓^[[22m^[[39m QA07 paced load, historical backfill, burst, pause recovery, scoped replay and command reliability ^[[33m 39514^[[2mms^[[22m^[[39m
deploy-test	Run pnpm verify	2026-10-06T04:18:26.3430406Z    ^[[33m^[[2m✓^[[22m^[[39m QA07 production timestamp boundaries quarantine old or future Telemetry without weakening other topics ^[[33m 1867^[[2mms^[[22m^[[39m
deploy-test	Run pnpm verify	2026-10-06T04:18:26.3470442Z   event: ^[[32m'ingestion.quarantined'^[[39m,
deploy-test	Run pnpm verify	2026-10-06T04:18:26.3500334Z   messageId: ^[[32m'SQS-875006b7-04c3-49fe-ae32-162dbd0dd099'^[[39m,
deploy-test	Run pnpm verify	2026-10-06T04:18:26.3519829Z   errorType: ^[[32m'CLOCK_SKEW'^[[39m,
deploy-test	Run pnpm verify	2026-10-06T04:18:26.3530415Z   errorPath: ^[[32m'meta.ts'^[[39m,
deploy-test	Run pnpm verify	2026-10-06T04:18:26.3577197Z   reason: ^[[32m'device timestamp outside allowed window: skew 300s, past 86400s, future 300s'^[[39m,
deploy-test	Run pnpm verify	2026-10-06T04:18:26.3578567Z   iotTopic: ^[[32m'bnx/device/QA07-75384A43EC45-DEV0/telemetry'^[[39m,
deploy-test	Run pnpm verify	2026-10-06T04:18:26.3579483Z   iotDeviceId: ^[[32m'QA07-75384A43EC45-DEV0'^[[39m
deploy-test	Run pnpm verify	2026-10-06T04:18:26.3580029Z }
deploy-test	Run pnpm verify	2026-10-06T04:18:26.3580228Z 
deploy-test	Run pnpm verify	2026-10-06T04:18:26.3581370Z ^[[90mstderr^[[2m | apps/ingestion-worker/test/qa07-reliability.test.ts^[[2m > ^[[22m^[[2mQA07 production timestamp boundaries quarantine old or future Telemetry without weakening other topics
deploy-test	Run pnpm verify	2026-10-06T04:18:26.3582529Z ^[[22m^[[39mingestion message quarantined {
deploy-test	Run pnpm verify	2026-10-06T04:18:26.3583099Z   event: ^[[32m'ingestion.quarantined'^[[39m,
deploy-test	Run pnpm verify	2026-10-06T04:18:26.3583745Z   messageId: ^[[32m'SQS-e49d04d3-0480-42ff-a43d-1b2ce7da38b2'^[[39m,
deploy-test	Run pnpm verify	2026-10-06T04:18:26.3584347Z   errorType: ^[[32m'CLOCK_SKEW'^[[39m,
deploy-test	Run pnpm verify	2026-10-06T04:18:26.3584864Z   errorPath: ^[[32m'meta.ts'^[[39m,
deploy-test	Run pnpm verify	2026-10-06T04:18:26.3585576Z   reason: ^[[32m'device timestamp outside allowed window: skew 300s, past 300s, future 300s'^[[39m,
deploy-test	Run pnpm verify	2026-10-06T04:18:26.3586397Z   iotTopic: ^[[32m'bnx/device/QA07-75384A43EC45-DEV0/heartbeat'^[[39m,
deploy-test	Run pnpm verify	2026-10-06T04:18:26.3587031Z   iotDeviceId: ^[[32m'QA07-75384A43EC45-DEV0'^[[39m
deploy-test	Run pnpm verify	2026-10-06T04:18:26.3587458Z }
deploy-test	Run pnpm verify	2026-10-06T04:18:26.3587658Z 
deploy-test	Run pnpm verify	2026-10-06T04:18:26.3588881Z ^[[90mstderr^[[2m | apps/ingestion-worker/test/qa07-reliability.test.ts^[[2m > ^[[22m^[[2mQA07 production timestamp boundaries quarantine old or future Telemetry without weakening other topics
deploy-test	Run pnpm verify	2026-10-06T04:18:26.3590297Z ^[[22m^[[39mingestion message quarantined {
deploy-test	Run pnpm verify	2026-10-06T04:18:26.3590869Z   event: ^[[32m'ingestion.quarantined'^[[39m,
deploy-test	Run pnpm verify	2026-10-06T04:18:26.3591399Z   messageId: ^[[32m'QA07-bad-hash'^[[39m,
deploy-test	Run pnpm verify	2026-10-06T04:18:26.3591929Z   errorType: ^[[32m'AUDIT_HASH_MISMATCH'^[[39m,
deploy-test	Run pnpm verify	2026-10-06T04:18:26.3592461Z   errorPath: ^[[32m'audit.hash'^[[39m,
deploy-test	Run pnpm verify	2026-10-06T04:18:26.3593121Z   reason: ^[[32m'audit.hash must equal SHA-256(RFC8785({meta,data}))'^[[39m,
deploy-test	Run pnpm verify	2026-10-06T04:18:26.3593865Z   iotTopic: ^[[32m'bnx/device/QA07-75384A43EC45-DEV0/telemetry'^[[39m,
deploy-test	Run pnpm verify	2026-10-06T04:18:26.3594544Z   iotDeviceId: ^[[32m'QA07-75384A43EC45-DEV0'^[[39m
deploy-test	Run pnpm verify	2026-10-06T04:18:26.3594982Z }
deploy-test	Run pnpm verify	2026-10-06T04:18:26.3595179Z 
deploy-test	Run pnpm verify	2026-10-06T04:18:26.3918651Z Bundling asset Named/ReplayTriggerPublisherFn/Code/Stage...
deploy-test	Run pnpm verify	2026-10-06T04:18:27.1490578Z Bundling asset Named/ReplayFn/Code/Stage...
deploy-test	Run pnpm verify	2026-10-06T04:18:28.0788969Z Bundling asset Named/CertPackageSweeperFn/Code/Stage...
deploy-test	Run pnpm verify	2026-10-06T04:18:29.0160426Z Bundling asset Named/OnboardingDeadlineFn/Code/Stage...
deploy-test	Run pnpm verify	2026-10-06T04:18:29.7860858Z Bundling asset Named/RetirementTimeoutFn/Code/Stage...
deploy-test	Run pnpm verify	2026-10-06T04:18:30.1677566Z  ^[[32m✓^[[39m apps/cloud-api/test/admin-onboarding.test.ts ^[[2m(^[[22m^[[2m13 tests^[[22m^[[2m)^[[22m^[[33m 3122^[[2mms^[[22m^[[39m
deploy-test	Run pnpm verify	2026-10-06T04:18:30.5296677Z Bundling asset Named/ActivityExportFn/Code/Stage...
deploy-test	Run pnpm verify	2026-10-06T04:18:31.3397607Z Bundling asset Named/EsgExportFn/Code/Stage...
deploy-test	Run pnpm verify	2026-10-06T04:18:32.2790345Z Bundling asset Named/CommandPublisherFn/Code/Stage...
deploy-test	Run pnpm verify	2026-10-06T04:18:33.0540829Z Bundling asset Named/CommandTimeoutFn/Code/Stage...
deploy-test	Run pnpm verify	2026-10-06T04:18:33.5118875Z  ^[[32m✓^[[39m apps/cloud-api/test/admin-audit.test.ts ^[[2m(^[[22m^[[2m7 tests^[[22m^[[2m)^[[22m^[[33m 2618^[[2mms^[[22m^[[39m
deploy-test	Run pnpm verify	2026-10-06T04:18:33.8700777Z Bundling asset Named/OtaDispatcherFn/Code/Stage...
deploy-test	Run pnpm verify	2026-10-06T04:18:34.6811308Z Bundling asset Named/OnboardingApiFn/Code/Stage...
deploy-test	Run pnpm verify	2026-10-06T04:18:35.6422781Z Bundling asset Named/OnboardingProvisioningFn/Code/Stage...
deploy-test	Run pnpm verify	2026-10-06T04:18:35.9631432Z  ^[[32m✓^[[39m apps/admin-web/test/licenses.test.tsx ^[[2m(^[[22m^[[2m11 tests^[[22m^[[2m)^[[22m^[[33m 8031^[[2mms^[[22m^[[39m
deploy-test	Run pnpm verify	2026-10-06T04:18:35.9656850Z    ^[[33m^[[2m✓^[[22m^[[39m 列表：正式 License 实体包含有效与终态历史记录 ^[[33m 970^[[2mms^[[22m^[[39m
deploy-test	Run pnpm verify	2026-10-06T04:18:35.9657765Z    ^[[33m^[[2m✓^[[22m^[[39m 筛选：草稿筛选经搜索应用；重置清空 ^[[33m 679^[[2mms^[[22m^[[39m
deploy-test	Run pnpm verify	2026-10-06T04:18:35.9658860Z    ^[[33m^[[2m✓^[[22m^[[39m 状态矩阵：Draft 仅签发；Issued 仅激活；Active 仅撤销；ExpiringSoon 仅续期；Renewed/Revoked 无动作 ^[[33m 1009^[[2mms^[[22m^[[39m
deploy-test	Run pnpm verify	2026-10-06T04:18:35.9660263Z    ^[[33m^[[2m✓^[[22m^[[39m E2E：创建 Draft（Entitlement 配置）→ 签发 → 激活，逐步推进且每步回源刷新 ^[[33m 2275^[[2mms^[[22m^[[39m
deploy-test	Run pnpm verify	2026-10-06T04:18:35.9661231Z    ^[[33m^[[2m✓^[[22m^[[39m 续期：ExpiringSoon → 新到期日期校验（须晚于当前）→ Renewed ^[[33m 818^[[2mms^[[22m^[[39m
deploy-test	Run pnpm verify	2026-10-06T04:18:35.9662123Z    ^[[33m^[[2m✓^[[22m^[[39m 撤销：强制原因（空原因禁止确认）→ Revoked；操作后回源 ^[[33m 497^[[2mms^[[22m^[[39m
deploy-test	Run pnpm verify	2026-10-06T04:18:35.9663051Z    ^[[33m^[[2m✓^[[22m^[[39m 两个有效 License：创建遇 409 CONFLICT 错误可读（后端 message 原样呈现） ^[[33m 1295^[[2mms^[[22m^[[39m
deploy-test	Run pnpm verify	2026-10-06T04:18:35.9663958Z    ^[[33m^[[2m✓^[[22m^[[39m 详情加载 403 呈现无权；历史时间线渲染 from→to/操作人/原因 ^[[33m 317^[[2mms^[[22m^[[39m
deploy-test	Run pnpm verify	2026-10-06T04:18:36.4490675Z Bundling asset Named/DeviceApiFn/Code/Stage...
deploy-test	Run pnpm verify	2026-10-06T04:18:36.8370982Z  ^[[32m✓^[[39m apps/ingestion-worker/test/outbox-publisher.test.ts ^[[2m(^[[22m^[[2m10 tests^[[22m^[[2m)^[[22m^[[33m 2912^[[2mms^[[22m^[[39m
deploy-test	Run pnpm verify	2026-10-06T04:18:37.3170535Z Bundling asset Named/ApiFn/Code/Stage...
deploy-test	Run pnpm verify	2026-10-06T04:18:38.6220694Z Bundling asset TestStack/IngestionFn/Code/Stage...
deploy-test	Run pnpm verify	2026-10-06T04:18:39.6433969Z Bundling asset TestStack/ArchiveFn/Code/Stage...
deploy-test	Run pnpm verify	2026-10-06T04:18:40.2119192Z Bundling asset TestStack/OutboxPublisherFn/Code/Stage...
deploy-test	Run pnpm verify	2026-10-06T04:18:40.8432224Z  ^[[32m✓^[[39m apps/cloud-api/test/business-notifier.test.ts ^[[2m(^[[22m^[[2m10 tests^[[22m^[[2m)^[[22m^[[33m 3833^[[2mms^[[22m^[[39m
deploy-test	Run pnpm verify	2026-10-06T04:18:40.9770119Z  ^[[32m✓^[[39m apps/ingestion-worker/test/heartbeat-handler.test.ts ^[[2m(^[[22m^[[2m6 tests^[[22m^[[2m)^[[22m^[[33m 3620^[[2mms^[[22m^[[39m
deploy-test	Run pnpm verify	2026-10-06T04:18:41.1550844Z Bundling asset TestStack/NotificationPublisherFn/Code/Stage...
deploy-test	Run pnpm verify	2026-10-06T04:18:41.9333571Z Bundling asset TestStack/SummaryFn/Code/Stage...
deploy-test	Run pnpm verify	2026-10-06T04:18:42.8293837Z Bundling asset TestStack/ReplayTriggerPublisherFn/Code/Stage...
deploy-test	Run pnpm verify	2026-10-06T04:18:44.0744709Z Bundling asset TestStack/ReplayFn/Code/Stage...
deploy-test	Run pnpm verify	2026-10-06T04:18:44.8964311Z Bundling asset TestStack/CertPackageSweeperFn/Code/Stage...
deploy-test	Run pnpm verify	2026-10-06T04:18:45.4279259Z  ^[[32m✓^[[39m apps/cloud-api/test/admin-consumable-request.test.ts ^[[2m(^[[22m^[[2m8 tests^[[22m^[[2m)^[[22m^[[33m 3605^[[2mms^[[22m^[[39m
deploy-test	Run pnpm verify	2026-10-06T04:18:45.5091366Z  ^[[32m✓^[[39m apps/cloud-api/test/admin-device-assignment.test.ts ^[[2m(^[[22m^[[2m9 tests^[[22m^[[2m)^[[22m^[[33m 3761^[[2mms^[[22m^[[39m
deploy-test	Run pnpm verify	2026-10-06T04:18:45.5127381Z      ^[[33m^[[2m✓^[[22m^[[39m Onboarded → Assigned：归属更新 + 状态历史 + 授权窗口 + 恰好一次通知 + 审计 ^[[33m 314^[[2mms^[[22m^[[39m
deploy-test	Run pnpm verify	2026-10-06T04:18:45.8333145Z Bundling asset TestStack/OnboardingDeadlineFn/Code/Stage...
deploy-test	Run pnpm verify	2026-10-06T04:18:46.7020765Z Bundling asset TestStack/RetirementTimeoutFn/Code/Stage...
deploy-test	Run pnpm verify	2026-10-06T04:18:47.6246815Z Bundling asset TestStack/ActivityExportFn/Code/Stage...
deploy-test	Run pnpm verify	2026-10-06T04:18:48.4400579Z Bundling asset TestStack/EsgExportFn/Code/Stage...
deploy-test	Run pnpm verify	2026-10-06T04:18:49.0881314Z  ^[[32m✓^[[39m apps/ingestion-worker/test/onboarding-completion.test.ts ^[[2m(^[[22m^[[2m8 tests^[[22m^[[2m)^[[22m^[[33m 3197^[[2mms^[[22m^[[39m
deploy-test	Run pnpm verify	2026-10-06T04:18:49.2493643Z Bundling asset TestStack/CommandPublisherFn/Code/Stage...
deploy-test	Run pnpm verify	2026-10-06T04:18:50.0290707Z Bundling asset TestStack/CommandTimeoutFn/Code/Stage...
deploy-test	Run pnpm verify	2026-10-06T04:18:50.3771266Z  ^[[32m✓^[[39m apps/admin-web/test/components.test.tsx ^[[2m(^[[22m^[[2m18 tests^[[22m^[[2m)^[[22m^[[33m 2638^[[2mms^[[22m^[[39m
deploy-test	Run pnpm verify	2026-10-06T04:18:50.3800701Z    ^[[33m^[[2m✓^[[22m^[[39m CursorTable：数据行渲染与游标分页（下一页携 nextCursor，无下一页时禁用） ^[[33m 513^[[2mms^[[22m^[[39m
deploy-test	Run pnpm verify	2026-10-06T04:18:50.3801583Z    ^[[33m^[[2m✓^[[22m^[[39m ConfirmDialog：原因必填（标签关联 + 确认门控）+ 确认回传原因 ^[[33m 365^[[2mms^[[22m^[[39m
deploy-test	Run pnpm verify	2026-10-06T04:18:50.3802858Z    ^[[33m^[[2m✓^[[22m^[[39m ScopeFilter：三级联动（上游变更清空下游），标签均可用 ^[[33m 390^[[2mms^[[22m^[[39m
deploy-test	Run pnpm verify	2026-10-06T04:18:50.9950621Z Bundling asset TestStack/OtaDispatcherFn/Code/Stage...
deploy-test	Run pnpm verify	2026-10-06T04:18:51.8840767Z Bundling asset TestStack/OnboardingApiFn/Code/Stage...
deploy-test	Run pnpm verify	2026-10-06T04:18:52.9511448Z Bundling asset TestStack/OnboardingProvisioningFn/Code/Stage...
deploy-test	Run pnpm verify	2026-10-06T04:18:53.3460072Z  ^[[32m✓^[[39m apps/ingestion-worker/test/signals-ack.test.ts ^[[2m(^[[22m^[[2m13 tests^[[22m^[[2m)^[[22m^[[33m 3466^[[2mms^[[22m^[[39m
deploy-test	Run pnpm verify	2026-10-06T04:18:53.3466389Z      ^[[33m^[[2m✓^[[22m^[[39m PUBLISHED + SUCCESS → SUCCEEDED；ack 落行；审计与归档齐备 ^[[33m 325^[[2mms^[[22m^[[39m
deploy-test	Run pnpm verify	2026-10-06T04:18:53.8025533Z Bundling asset TestStack/DeviceApiFn/Code/Stage...
deploy-test	Run pnpm verify	2026-10-06T04:18:53.8030327Z  ^[[32m✓^[[39m apps/ingestion-worker/test/archive-worker.test.ts ^[[2m(^[[22m^[[2m11 tests^[[22m^[[2m)^[[22m^[[32m 19^[[2mms^[[22m^[[39m
deploy-test	Run pnpm verify	2026-10-06T04:18:54.6828870Z Bundling asset TestStack/ApiFn/Code/Stage...
deploy-test	Run pnpm verify	2026-10-06T04:18:54.9171444Z  ^[[32m✓^[[39m apps/summary-worker/test/aggregation-worker.test.ts ^[[2m(^[[22m^[[2m6 tests^[[22m^[[2m)^[[22m^[[33m 3593^[[2mms^[[22m^[[39m
deploy-test	Run pnpm verify	2026-10-06T04:18:54.9173310Z      ^[[33m^[[2m✓^[[22m^[[39m 固定输入产生确定输出：hourly 完整率（缺失序号）、daily 加权 rollup、ESG 日汇总 + 计算版本 ^[[33m 414^[[2mms^[[22m^[[39m
deploy-test	Run pnpm verify	2026-10-06T04:18:56.7812511Z  ^[[32m✓^[[39m packages/database/test/db01.test.ts ^[[2m(^[[22m^[[2m21 tests^[[22m^[[2m)^[[22m^[[33m 2751^[[2mms^[[22m^[[39m
deploy-test	Run pnpm verify	2026-10-06T04:18:57.1100073Z  ^[[32m✓^[[39m infra/test/app-stack.test.ts ^[[2m(^[[22m^[[2m39 tests^[[22m^[[2m)^[[22m^[[33m 34184^[[2mms^[[22m^[[39m
deploy-test	Run pnpm verify	2026-10-06T04:18:57.1150079Z      ^[[33m^[[2m✓^[[22m^[[39m Stack 物理名带环境前缀 ^[[33m 15451^[[2mms^[[22m^[[39m
deploy-test	Run pnpm verify	2026-10-06T04:18:57.1151342Z      ^[[33m^[[2m✓^[[22m^[[39m 仅显式 local/test 模式可保留无 mTLS 的默认入口 ^[[33m 18468^[[2mms^[[22m^[[39m
deploy-test	Run pnpm verify	2026-10-06T04:19:01.0879900Z  ^[[32m✓^[[39m apps/ingestion-worker/test/signals-handlers.test.ts ^[[2m(^[[22m^[[2m8 tests^[[22m^[[2m)^[[22m^[[33m 3473^[[2mms^[[22m^[[39m
deploy-test	Run pnpm verify	2026-10-06T04:19:01.0884379Z      ^[[33m^[[2m✓^[[22m^[[39m ACTIVE 建行（字段映射）→ CLEARED 正确闭合；重复 CLEAR 幂等；各生成归档事件 ^[[33m 336^[[2mms^[[22m^[[39m
deploy-test	Run pnpm verify	2026-10-06T04:19:01.9933926Z  ^[[32m✓^[[39m apps/admin-web/test/configuration.test.tsx ^[[2m(^[[22m^[[2m9 tests^[[22m^[[2m)^[[22m^[[33m 4742^[[2mms^[[22m^[[39m
deploy-test	Run pnpm verify	2026-10-06T04:19:01.9960826Z    ^[[33m^[[2m✓^[[22m^[[39m 版本表单只渲染 V1 四字段且单位正确；候选扩展字段不存在于 DOM ^[[33m 750^[[2mms^[[22m^[[39m
deploy-test	Run pnpm verify	2026-10-06T04:19:01.9980353Z    ^[[33m^[[2m✓^[[22m^[[39m 非法范围/非整数有字段级错误且禁止提交；合法后提交四字段快照 ^[[33m 2125^[[2mms^[[22m^[[39m
deploy-test	Run pnpm verify	2026-10-06T04:19:02.0016669Z    ^[[33m^[[2m✓^[[22m^[[39m 发布：生效时间可选且需合法；成功后提示 CONFIG_CHANGED 通知 ^[[33m 886^[[2mms^[[22m^[[39m
deploy-test	Run pnpm verify	2026-10-06T04:19:02.0030491Z    ^[[33m^[[2m✓^[[22m^[[39m 列表与筛选：行渲染；筛选应用与重置；新建配置目标二选一 ^[[33m 724^[[2mms^[[22m^[[39m
deploy-test	Run pnpm verify	2026-10-06T04:19:02.8670428Z  ^[[32m✓^[[39m apps/ingestion-worker/test/ingest-receipt.test.ts ^[[2m(^[[22m^[[2m9 tests^[[22m^[[2m)^[[22m^[[33m 5570^[[2mms^[[22m^[[39m
deploy-test	Run pnpm verify	2026-10-06T04:19:02.8690766Z      ^[[33m^[[2m✓^[[22m^[[39m 5% 重复 + 2% 乱序模拟：无重复业务记录，全部到达后无未解除缺口 ^[[33m 2016^[[2mms^[[22m^[[39m
deploy-test	Run pnpm verify	2026-10-06T04:19:04.5063649Z  ^[[32m✓^[[39m apps/ingestion-worker/test/replay-worker.test.ts ^[[2m(^[[22m^[[2m6 tests^[[22m^[[2m)^[[22m^[[33m 2979^[[2mms^[[22m^[[39m
deploy-test	Run pnpm verify	2026-10-06T04:19:08.6741280Z  ^[[32m✓^[[39m apps/cloud-api/test/admin-device-status.test.ts ^[[2m(^[[22m^[[2m8 tests^[[22m^[[2m)^[[22m^[[33m 2922^[[2mms^[[22m^[[39m
deploy-test	Run pnpm verify	2026-10-06T04:19:09.4118164Z  ^[[32m✓^[[39m apps/admin-web/test/alarms.test.tsx ^[[2m(^[[22m^[[2m10 tests^[[22m^[[2m)^[[22m^[[33m 4974^[[2mms^[[22m^[[39m
deploy-test	Run pnpm verify	2026-10-06T04:19:09.4170950Z    ^[[33m^[[2m✓^[[22m^[[39m 状态更新：ACTIVE 可确认/清除 → ACKNOWLEDGED 仅清除 → CLEARED 无动作；每步原因必填 ^[[33m 2402^[[2mms^[[22m^[[39m
deploy-test	Run pnpm verify	2026-10-06T04:19:09.4200562Z    ^[[33m^[[2m✓^[[22m^[[39m 重复操作幂等：replayed=true 提示已幂等忽略且不重复写入语义 ^[[33m 669^[[2mms^[[22m^[[39m
deploy-test	Run pnpm verify	2026-10-06T04:19:09.4230564Z    ^[[33m^[[2m✓^[[22m^[[39m 后端拒绝呈现：CLEARED 终态确认 → 409 CONFLICT；无 alarm:write → 403/按钮禁用 ^[[33m 582^[[2mms^[[22m^[[39m
deploy-test	Run pnpm verify	2026-10-06T04:19:09.4289678Z    ^[[33m^[[2m✓^[[22m^[[39m 筛选参数与 URL 同步：应用后 replaceState；urlStateFromSearch 可回读 ^[[33m 452^[[2mms^[[22m^[[39m
deploy-test	Run pnpm verify	2026-10-06T04:19:09.4291325Z    ^[[33m^[[2m✓^[[22m^[[39m 三个 Tab 切换；Event/Tamper 只读（无操作列）；Tamper details 原样 JSON 透传 ^[[33m 338^[[2mms^[[22m^[[39m
deploy-test	Run pnpm verify	2026-10-06T04:19:10.0030112Z  ^[[32m✓^[[39m apps/cloud-api/test/certificate-rotate.test.ts ^[[2m(^[[22m^[[2m8 tests^[[22m^[[2m)^[[22m^[[33m 6091^[[2mms^[[22m^[[39m
deploy-test	Run pnpm verify	2026-10-06T04:19:10.0050368Z      ^[[33m^[[2m✓^[[22m^[[39m 缺失 CSR 不签发；AWS attach 失败保留可重试停用记录并保留旧证 ^[[33m 499^[[2mms^[[22m^[[39m
deploy-test	Run pnpm verify	2026-10-06T04:19:10.0051464Z      ^[[33m^[[2m✓^[[22m^[[39m 正向：返回五字段证书包；双证书窗口（旧证仍可用）；私钥不落库/审计 ^[[33m 319^[[2mms^[[22m^[[39m
deploy-test	Run pnpm verify	2026-10-06T04:19:10.0052488Z      ^[[33m^[[2m✓^[[22m^[[39m 旧证书错误/跨设备拒绝：缺字段 400；与身份不符 403（含他设备证书） ^[[33m 399^[[2mms^[[22m^[[39m
deploy-test	Run pnpm verify	2026-10-06T04:19:10.0053359Z      ^[[33m^[[2m✓^[[22m^[[39m 响应不确定重试：撤销未确认证书并重签，不重复下发同一私钥 ^[[33m 359^[[2mms^[[22m^[[39m
deploy-test	Run pnpm verify	2026-10-06T04:19:10.0054351Z      ^[[33m^[[2m✓^[[22m^[[39m 成功提交后、首个新证 Heartbeat 前重复请求稳定冲突且不撤证重签 ^[[33m 381^[[2mms^[[22m^[[39m
deploy-test	Run pnpm verify	2026-10-06T04:19:10.0055242Z      ^[[33m^[[2m✓^[[22m^[[39m 部分失败（发证后 attach 失败）可重试：不建孤儿业务记录，重试成功 ^[[33m 460^[[2mms^[[22m^[[39m
deploy-test	Run pnpm verify	2026-10-06T04:19:13.5038628Z  ^[[32m✓^[[39m apps/cloud-api/test/license-sync-lifecycle.test.ts ^[[2m(^[[22m^[[2m10 tests^[[22m^[[2m)^[[22m^[[33m 4337^[[2mms^[[22m^[[39m
deploy-test	Run pnpm verify	2026-10-06T04:19:13.5070707Z    ^[[33m^[[2m✓^[[22m^[[39m real PostgreSQL: served snapshot and signed local verification drive Assigned→Licensed→Active once ^[[33m 721^[[2mms^[[22m^[[39m
deploy-test	Run pnpm verify	2026-10-06T04:19:13.5100290Z    ^[[33m^[[2m✓^[[22m^[[39m expired/revoked licenses and changed assignment cannot activate a device ^[[33m 361^[[2mms^[[22m^[[39m
deploy-test	Run pnpm verify	2026-10-06T04:19:13.6715631Z  ^[[32m✓^[[39m apps/cloud-api/test/admin-settings.test.ts ^[[2m(^[[22m^[[2m10 tests^[[22m^[[2m)^[[22m^[[33m 3136^[[2mms^[[22m^[[39m
deploy-test	Run pnpm verify	2026-10-06T04:19:17.6101391Z  ^[[32m✓^[[39m packages/auth/test/secure-package.test.ts ^[[2m(^[[22m^[[2m14 tests^[[22m^[[2m)^[[22m^[[33m 3591^[[2mms^[[22m^[[39m
deploy-test	Run pnpm verify	2026-10-06T04:19:17.7587468Z  ^[[32m✓^[[39m apps/cloud-api/test/admin-device-metadata.test.ts ^[[2m(^[[22m^[[2m10 tests^[[22m^[[2m)^[[22m^[[33m 3255^[[2mms^[[22m^[[39m
deploy-test	Run pnpm verify	2026-10-06T04:19:19.9030117Z  ^[[32m✓^[[39m apps/admin-web/test/media.test.tsx ^[[2m(^[[22m^[[2m13 tests^[[22m^[[2m)^[[22m^[[33m 7165^[[2mms^[[22m^[[39m
deploy-test	Run pnpm verify	2026-10-06T04:19:19.9083638Z    ^[[33m^[[2m✓^[[22m^[[39m 列表渲染元数据；类型/设备/状态/时间筛选经回调应用（时间转 UTC ISO） ^[[33m 1657^[[2mms^[[22m^[[39m
deploy-test	Run pnpm verify	2026-10-06T04:19:19.9111070Z    ^[[33m^[[2m✓^[[22m^[[39m Customer 角色不暴露 customerId 筛选（服务端强制租户隔离） ^[[33m 453^[[2mms^[[22m^[[39m
deploy-test	Run pnpm verify	2026-10-06T04:19:19.9112809Z    ^[[33m^[[2m✓^[[22m^[[39m 时间范围倒置时失败关闭且不发起筛选 ^[[33m 360^[[2mms^[[22m^[[39m
deploy-test	Run pnpm verify	2026-10-06T04:19:19.9184212Z    ^[[33m^[[2m✓^[[22m^[[39m 手动刷新回源（获取最新设备媒体） ^[[33m 312^[[2mms^[[22m^[[39m
deploy-test	Run pnpm verify	2026-10-06T04:19:19.9242159Z    ^[[33m^[[2m✓^[[22m^[[39m 图片查看：实时签发短期 URL → img 渲染 + 下载链接 + 有效期提示 ^[[33m 778^[[2mms^[[22m^[[39m
deploy-test	Run pnpm verify	2026-10-06T04:19:19.9270728Z    ^[[33m^[[2m✓^[[22m^[[39m 视频查看：录制文件受控查看（video 元素）；页面无实时流语义 ^[[33m 576^[[2mms^[[22m^[[39m
deploy-test	Run pnpm verify	2026-10-06T04:19:19.9330980Z    ^[[33m^[[2m✓^[[22m^[[39m 链接过期后重新申请：注入时钟判定过期 → 重新申请实时重签 ^[[33m 857^[[2mms^[[22m^[[39m
deploy-test	Run pnpm verify	2026-10-06T04:19:19.9375017Z    ^[[33m^[[2m✓^[[22m^[[39m 关闭预览即弃用授权 URL（不持久缓存）：重开重新申请 ^[[33m 603^[[2mms^[[22m^[[39m
deploy-test	Run pnpm verify	2026-10-06T04:19:19.9420724Z    ^[[33m^[[2m✓^[[22m^[[39m 未知媒体类型安全降级：不渲染 img/video、不提供下载，仅元数据 ^[[33m 400^[[2mms^[[22m^[[39m
deploy-test	Run pnpm verify	2026-10-06T04:19:19.9450717Z    ^[[33m^[[2m✓^[[22m^[[39m 跨 Customer 资源不可访问：列表 403 → 无权界面；下载 404 → 错误可读并可重试 ^[[33m 1056^[[2mms^[[22m^[[39m
deploy-test	Run pnpm verify	2026-10-06T04:19:21.6385488Z  ^[[32m✓^[[39m apps/ingestion-worker/test/report-handler.test.ts ^[[2m(^[[22m^[[2m7 tests^[[22m^[[2m)^[[22m^[[33m 3503^[[2mms^[[22m^[[39m
deploy-test	Run pnpm verify	2026-10-06T04:19:24.5276201Z ^[[90mstderr^[[2m | apps/ingestion-worker/test/telemetry-handler.test.ts^[[2m > ^[[22m^[[2mcreateTelemetryHandler（BE-IOT-05）^[[2m > ^[[22m^[[2m字段范围错误被隔离（端到端）：humidityPct>100 进 Quarantine，无聚合/归档；同批合法消息照常处理
deploy-test	Run pnpm verify	2026-10-06T04:19:24.5315906Z ^[[22m^[[39mingestion message quarantined {
deploy-test	Run pnpm verify	2026-10-06T04:19:24.5340671Z   event: ^[[32m'ingestion.quarantined'^[[39m,
deploy-test	Run pnpm verify	2026-10-06T04:19:24.5371029Z   messageId: ^[[32m'sqs-bad'^[[39m,
deploy-test	Run pnpm verify	2026-10-06T04:19:24.5431647Z   errorType: ^[[32m'SCHEMA_VIOLATION'^[[39m,
deploy-test	Run pnpm verify	2026-10-06T04:19:24.5432977Z   errorPath: ^[[32m'data.humidityPct'^[[39m,
deploy-test	Run pnpm verify	2026-10-06T04:19:24.5460653Z   reason: ^[[32m'payload violates telemetry.schema.json: 150 > 100'^[[39m,
deploy-test	Run pnpm verify	2026-10-06T04:19:24.5461658Z   iotTopic: ^[[32m'bnx/device/dev-tel-5/telemetry'^[[39m,
deploy-test	Run pnpm verify	2026-10-06T04:19:24.5490572Z   iotDeviceId: ^[[32m'dev-tel-5'^[[39m
deploy-test	Run pnpm verify	2026-10-06T04:19:24.5502606Z }
deploy-test	Run pnpm verify	2026-10-06T04:19:24.5502929Z 
deploy-test	Run pnpm verify	2026-10-06T04:19:24.5991970Z  ^[[32m✓^[[39m apps/ingestion-worker/test/telemetry-handler.test.ts ^[[2m(^[[22m^[[2m6 tests^[[22m^[[2m)^[[22m^[[33m 4005^[[2mms^[[22m^[[39m
deploy-test	Run pnpm verify	2026-10-06T04:19:24.6020905Z      ^[[33m^[[2m✓^[[22m^[[39m 同设备同窗口并发 20 条：sampleCount 与 metrics 原子累计不丢增量 ^[[33m 350^[[2mms^[[22m^[[39m
deploy-test	Run pnpm verify	2026-10-06T04:19:24.8711250Z  ^[[32m✓^[[39m packages/domain/test/device-lifecycle.test.ts ^[[2m(^[[22m^[[2m98 tests^[[22m^[[2m)^[[22m^[[32m 27^[[2mms^[[22m^[[39m
deploy-test	Run pnpm verify	2026-10-06T04:19:26.3461464Z  ^[[32m✓^[[39m apps/cloud-api/test/device-deactivate.test.ts ^[[2m(^[[22m^[[2m11 tests^[[22m^[[2m)^[[22m^[[33m 3263^[[2mms^[[22m^[[39m
deploy-test	Run pnpm verify	2026-10-06T04:19:26.8079815Z  ^[[32m✓^[[39m apps/cloud-api/test/qa06-security.test.ts ^[[2m(^[[22m^[[2m4 tests^[[22m^[[2m)^[[22m^[[33m 8290^[[2mms^[[22m^[[39m
deploy-test	Run pnpm verify	2026-10-06T04:19:26.8087809Z    ^[[33m^[[2m✓^[[22m^[[39m QA06 signed tenant scope and SQL JSON injection cannot cross boundaries or corrupt business state ^[[33m 3739^[[2mms^[[22m^[[39m
deploy-test	Run pnpm verify	2026-10-06T04:19:26.8089562Z    ^[[33m^[[2m✓^[[22m^[[39m QA06 malicious media filenames and metadata reject before signing or persistence ^[[33m 2324^[[2mms^[[22m^[[39m
deploy-test	Run pnpm verify	2026-10-06T04:19:26.8091239Z    ^[[33m^[[2m✓^[[22m^[[39m QA06 raw canaries are absent from actual logger trace audit and snapshot artifacts ^[[33m 1983^[[2mms^[[22m^[[39m
deploy-test	Run pnpm verify	2026-10-06T04:19:29.8086034Z  ^[[32m✓^[[39m packages/database/test/db02.test.ts ^[[2m(^[[22m^[[2m13 tests^[[22m^[[2m)^[[22m^[[33m 3123^[[2mms^[[22m^[[39m
deploy-test	Run pnpm verify	2026-10-06T04:19:30.0730416Z  ^[[32m✓^[[39m apps/admin-web/test/dashboard.test.tsx ^[[2m(^[[22m^[[2m12 tests^[[22m^[[2m)^[[22m^[[33m 2956^[[2mms^[[22m^[[39m
deploy-test	Run pnpm verify	2026-10-06T04:19:30.0790949Z    ^[[33m^[[2m✓^[[22m^[[39m 10 设备 Fixture：全部指标与卡片值一致 ^[[33m 626^[[2mms^[[22m^[[39m
deploy-test	Run pnpm verify	2026-10-06T04:19:30.0828542Z    ^[[33m^[[2m✓^[[22m^[[39m 耗材：unknown 显示“—”不画进度条；stale 标记数据过期 ^[[33m 384^[[2mms^[[22m^[[39m
deploy-test	Run pnpm verify	2026-10-06T04:19:30.0830174Z    ^[[33m^[[2m✓^[[22m^[[39m 命令提交：确认后调用提交器并显示 Pending（非“成功”） ^[[33m 1293^[[2mms^[[22m^[[39m
deploy-test	Run pnpm verify	2026-10-06T04:19:31.1171292Z  ^[[32m✓^[[39m apps/cloud-api/test/admin-command-query.test.ts ^[[2m(^[[22m^[[2m4 tests^[[22m^[[2m)^[[22m^[[33m 3432^[[2mms^[[22m^[[39m
deploy-test	Run pnpm verify	2026-10-06T04:19:31.3820682Z Bundling asset DeployTest/IngestionFn/Code/Stage...
deploy-test	Run pnpm verify	2026-10-06T04:19:32.5659734Z Bundling asset DeployTest/ArchiveFn/Code/Stage...
deploy-test	Run pnpm verify	2026-10-06T04:19:33.0691434Z Bundling asset DeployTest/OutboxPublisherFn/Code/Stage...
deploy-test	Run pnpm verify	2026-10-06T04:19:34.2724737Z Bundling asset DeployTest/NotificationPublisherFn/Code/Stage...
deploy-test	Run pnpm verify	2026-10-06T04:19:35.0862519Z Bundling asset DeployTest/SummaryFn/Code/Stage...
deploy-test	Run pnpm verify	2026-10-06T04:19:35.8794508Z Bundling asset DeployTest/ReplayTriggerPublisherFn/Code/Stage...
deploy-test	Run pnpm verify	2026-10-06T04:19:36.7035148Z Bundling asset DeployTest/ReplayFn/Code/Stage...
deploy-test	Run pnpm verify	2026-10-06T04:19:37.5979454Z Bundling asset DeployTest/CertPackageSweeperFn/Code/Stage...
deploy-test	Run pnpm verify	2026-10-06T04:19:38.2479932Z ^[[90mstderr^[[2m | apps/ingestion-worker/test/qa03-data-path.test.ts^[[2m > ^[[22m^[[2mQA03 partial failure, quarantine retry, payload conflict and gap recovery
deploy-test	Run pnpm verify	2026-10-06T04:19:38.2531143Z ^[[22m^[[39mingestion message quarantined {
deploy-test	Run pnpm verify	2026-10-06T04:19:38.2543521Z   event: ^[[32m'ingestion.quarantined'^[[39m,
deploy-test	Run pnpm verify	2026-10-06T04:19:38.2547114Z   messageId: ^[[32m'QA03-invalid-json'^[[39m,
deploy-test	Run pnpm verify	2026-10-06T04:19:38.2547455Z   errorType: ^[[32m'INVALID_JSON'^[[39m,
deploy-test	Run pnpm verify	2026-10-06T04:19:38.2547778Z   errorPath: ^[[32m'(root)'^[[39m,
deploy-test	Run pnpm verify	2026-10-06T04:19:38.2548079Z   reason: ^[[32m'message body is not valid JSON'^[[39m
deploy-test	Run pnpm verify	2026-10-06T04:19:38.2548325Z }
deploy-test	Run pnpm verify	2026-10-06T04:19:38.2548411Z 
deploy-test	Run pnpm verify	2026-10-06T04:19:38.3022077Z ^[[90mstderr^[[2m | apps/ingestion-worker/test/qa03-data-path.test.ts^[[2m > ^[[22m^[[2mQA03 partial failure, quarantine retry, payload conflict and gap recovery
deploy-test	Run pnpm verify	2026-10-06T04:19:38.3071612Z ^[[22m^[[39mingestion message quarantined {
deploy-test	Run pnpm verify	2026-10-06T04:19:38.3082745Z   event: ^[[32m'ingestion.quarantined'^[[39m,
deploy-test	Run pnpm verify	2026-10-06T04:19:38.3083287Z   messageId: ^[[32m'QA03-invalid-json'^[[39m,
deploy-test	Run pnpm verify	2026-10-06T04:19:38.3083714Z   errorType: ^[[32m'INVALID_JSON'^[[39m,
deploy-test	Run pnpm verify	2026-10-06T04:19:38.3084093Z   errorPath: ^[[32m'(root)'^[[39m,
deploy-test	Run pnpm verify	2026-10-06T04:19:38.3084528Z   reason: ^[[32m'message body is not valid JSON'^[[39m
deploy-test	Run pnpm verify	2026-10-06T04:19:38.3084867Z }
deploy-test	Run pnpm verify	2026-10-06T04:19:38.3084985Z 
deploy-test	Run pnpm verify	2026-10-06T04:19:38.3085910Z ^[[90mstderr^[[2m | apps/ingestion-worker/test/qa03-data-path.test.ts^[[2m > ^[[22m^[[2mQA03 partial failure, quarantine retry, payload conflict and gap recovery
deploy-test	Run pnpm verify	2026-10-06T04:19:38.3241052Z ^[[22m^[[39mingestion message quarantined {
deploy-test	Run pnpm verify	2026-10-06T04:19:38.3310485Z   event: ^[[32m'ingestion.quarantined'^[[39m,
deploy-test	Run pnpm verify	2026-10-06T04:19:38.3390941Z   messageId: ^[[32m'conflict'^[[39m,
deploy-test	Run pnpm verify	2026-10-06T04:19:38.3490698Z   errorType: ^[[32m'PAYLOAD_CONFLICT'^[[39m,
deploy-test	Run pnpm verify	2026-10-06T04:19:38.3550495Z   errorPath: ^[[32m'meta.seq'^[[39m,
deploy-test	Run pnpm verify	2026-10-06T04:19:38.3605476Z   reason: ^[[32m'receipt key QA03-214A8C5BA21B-DEV0:telemetry:1 already recorded with different payload hash (security anomaly)'^[[39m,
deploy-test	Run pnpm verify	2026-10-06T04:19:38.3607384Z   iotTopic: ^[[32m'bnx/device/QA03-214A8C5BA21B-DEV0/telemetry'^[[39m,
deploy-test	Run pnpm verify	2026-10-06T04:19:38.3608178Z   iotDeviceId: ^[[32m'QA03-214A8C5BA21B-DEV0'^[[39m
deploy-test	Run pnpm verify	2026-10-06T04:19:38.3608680Z }
deploy-test	Run pnpm verify	2026-10-06T04:19:38.3609059Z 
deploy-test	Run pnpm verify	2026-10-06T04:19:38.3610442Z ^[[90mstderr^[[2m | apps/ingestion-worker/test/qa03-data-path.test.ts^[[2m > ^[[22m^[[2mQA03 partial failure, quarantine retry, payload conflict and gap recovery
deploy-test	Run pnpm verify	2026-10-06T04:19:38.3611615Z ^[[22m^[[39mingestion message quarantined {
deploy-test	Run pnpm verify	2026-10-06T04:19:38.3612263Z   event: ^[[32m'ingestion.quarantined'^[[39m,
deploy-test	Run pnpm verify	2026-10-06T04:19:38.3612869Z   messageId: ^[[32m'schema'^[[39m,
deploy-test	Run pnpm verify	2026-10-06T04:19:38.3613441Z   errorType: ^[[32m'SCHEMA_VIOLATION'^[[39m,
deploy-test	Run pnpm verify	2026-10-06T04:19:38.3614054Z   errorPath: ^[[32m'data.deviceStatus'^[[39m,
deploy-test	Run pnpm verify	2026-10-06T04:19:38.3615122Z   reason: ^[[32m'payload violates heartbeat.schema.json: 非法枚举值 "BROKEN"，允许值: ONLINE, DEGRADED, OFFLINE'^[[39m,
deploy-test	Run pnpm verify	2026-10-06T04:19:38.3616168Z   iotTopic: ^[[32m'bnx/device/QA03-214A8C5BA21B-DEV0/heartbeat'^[[39m,
deploy-test	Run pnpm verify	2026-10-06T04:19:38.3616967Z   iotDeviceId: ^[[32m'QA03-214A8C5BA21B-DEV0'^[[39m
deploy-test	Run pnpm verify	2026-10-06T04:19:38.3617502Z }
deploy-test	Run pnpm verify	2026-10-06T04:19:38.3617769Z 
deploy-test	Run pnpm verify	2026-10-06T04:19:38.3618874Z ^[[90mstderr^[[2m | apps/ingestion-worker/test/qa03-data-path.test.ts^[[2m > ^[[22m^[[2mQA03 partial failure, quarantine retry, payload conflict and gap recovery
deploy-test	Run pnpm verify	2026-10-06T04:19:38.3620222Z ^[[22m^[[39mingestion message quarantined {
deploy-test	Run pnpm verify	2026-10-06T04:19:38.3620876Z   event: ^[[32m'ingestion.quarantined'^[[39m,
deploy-test	Run pnpm verify	2026-10-06T04:19:38.3621800Z   messageId: ^[[32m'identity'^[[39m,
deploy-test	Run pnpm verify	2026-10-06T04:19:38.3622390Z   errorType: ^[[32m'IDENTITY_VIOLATION'^[[39m,
deploy-test	Run pnpm verify	2026-10-06T04:19:38.3622992Z   errorPath: ^[[32m'iotDeviceId'^[[39m,
deploy-test	Run pnpm verify	2026-10-06T04:19:38.3623723Z   reason: ^[[32m'topic device does not match certificate binding'^[[39m,
deploy-test	Run pnpm verify	2026-10-06T04:19:38.3624542Z   iotTopic: ^[[32m'bnx/device/QA03-214A8C5BA21B-DEV0/event'^[[39m,
deploy-test	Run pnpm verify	2026-10-06T04:19:38.3625255Z   iotDeviceId: ^[[32m'QA03-214A8C5BA21B-DEV0'^[[39m
deploy-test	Run pnpm verify	2026-10-06T04:19:38.3625773Z }
deploy-test	Run pnpm verify	2026-10-06T04:19:38.3626036Z 
deploy-test	Run pnpm verify	2026-10-06T04:19:38.4291924Z Bundling asset DeployTest/OnboardingDeadlineFn/Code/Stage...
deploy-test	Run pnpm verify	2026-10-06T04:19:38.9261529Z ^[[90mstderr^[[2m | apps/cloud-api/test/qa04-core-api.test.ts^[[2m > ^[[22m^[[2mQA04 audit failure rolls back lifecycle/outbox; retry and replay preserve exactly one audit
deploy-test	Run pnpm verify	2026-10-06T04:19:38.9290684Z ^[[22m^[[39maudit FAILURE 记录写入失败 Error [PrismaClientKnownRequestError]: 
deploy-test	Run pnpm verify	2026-10-06T04:19:38.9317238Z Invalid `client.auditLog.create()` invocation in
deploy-test	Run pnpm verify	2026-10-06T04:19:38.9330758Z /home/runner/work/food-digester-platform/food-digester-platform/packages/database/src/audit.ts:72:25
deploy-test	Run pnpm verify	2026-10-06T04:19:38.9331786Z 
deploy-test	Run pnpm verify	2026-10-06T04:19:38.9332449Z   69 /** 写一条审计记录。可在事务内（tx）或根 client 上调用。 */
deploy-test	Run pnpm verify	2026-10-06T04:19:38.9333278Z   70 export async function recordAudit(client: DbClient, entry: AuditEntry): Promise<void> {
deploy-test	Run pnpm verify	2026-10-06T04:19:38.9334063Z   71   const ctx = getRequestContext();
deploy-test	Run pnpm verify	2026-10-06T04:19:38.9334771Z → 72   await client.auditLog.create(
deploy-test	Run pnpm verify	2026-10-06T04:19:38.9335536Z Database error. Code: `P0001`. Message: `QA04 audit unavailable`
deploy-test	Run pnpm verify	2026-10-06T04:19:38.9337015Z     at redactSensitive ^[[90m(/home/runner/work/food-digester-platform/food-digester-platform/^[[39mpackages/observability/src/redaction.ts:43:19^[[90m)^[[39m
deploy-test	Run pnpm verify	2026-10-06T04:19:38.9338170Z     at Array.map (<anonymous>)
deploy-test	Run pnpm verify	2026-10-06T04:19:38.9339597Z     at Object.error ^[[90m(/home/runner/work/food-digester-platform/food-digester-platform/^[[39mpackages/observability/src/redaction.ts:70:18^[[90m)^[[39m
deploy-test	Run pnpm verify	2026-10-06T04:19:38.9380685Z     at audited ^[[90m(/home/runner/work/food-digester-platform/food-digester-platform/^[[39mpackages/database/src/audit.ts:144:14^[[90m)^[[39m
deploy-test	Run pnpm verify	2026-10-06T04:19:38.9414465Z ^[[90m    at processTicksAndRejections (node:internal/process/task_queues:103:5)^[[39m
deploy-test	Run pnpm verify	2026-10-06T04:19:38.9416404Z     at ^[[90m/home/runner/work/food-digester-platform/food-digester-platform/^[[39mapps/cloud-api/src/admin/device-status/handler.ts:79:20
deploy-test	Run pnpm verify	2026-10-06T04:19:38.9440630Z     at Object.suspend ^[[90m(/home/runner/work/food-digester-platform/food-digester-platform/^[[39mapps/cloud-api/src/admin/device-status/handler.ts:104:16^[[90m)^[[39m
deploy-test	Run pnpm verify	2026-10-06T04:19:38.9470502Z     at ^[[90m/home/runner/work/food-digester-platform/food-digester-platform/^[[39mapps/cloud-api/test/qa04-core-api.test.ts:193:20
deploy-test	Run pnpm verify	2026-10-06T04:19:38.9472390Z     at withFixture ^[[90m(/home/runner/work/food-digester-platform/food-digester-platform/^[[39mapps/cloud-api/test/qa04-core-api.test.ts:50:13^[[90m)^[[39m
deploy-test	Run pnpm verify	2026-10-06T04:19:38.9500688Z     at ^[[90m/home/runner/work/food-digester-platform/food-digester-platform/^[[39mapps/cloud-api/test/qa04-core-api.test.ts:184:3
deploy-test	Run pnpm verify	2026-10-06T04:19:38.9530295Z 
deploy-test	Run pnpm verify	2026-10-06T04:19:38.9822208Z  ^[[32m✓^[[39m apps/cloud-api/test/qa04-core-api.test.ts ^[[2m(^[[22m^[[2m3 tests^[[22m^[[2m)^[[22m^[[33m 6820^[[2mms^[[22m^[[39m
deploy-test	Run pnpm verify	2026-10-06T04:19:38.9858831Z    ^[[33m^[[2m✓^[[22m^[[39m QA04 five roles, two tenants: read scope, mutation and audit boundaries ^[[33m 3064^[[2mms^[[22m^[[39m
deploy-test	Run pnpm verify	2026-10-06T04:19:38.9869902Z    ^[[33m^[[2m✓^[[22m^[[39m QA04 concurrent If-Match writes have one winner and one success audit ^[[33m 1821^[[2mms^[[22m^[[39m
deploy-test	Run pnpm verify	2026-10-06T04:19:38.9871583Z    ^[[33m^[[2m✓^[[22m^[[39m QA04 audit failure rolls back lifecycle/outbox; retry and replay preserve exactly one audit ^[[33m 1933^[[2mms^[[22m^[[39m
deploy-test	Run pnpm verify	2026-10-06T04:19:39.2784737Z Bundling asset DeployTest/RetirementTimeoutFn/Code/Stage...
deploy-test	Run pnpm verify	2026-10-06T04:19:40.1040455Z Bundling asset DeployTest/ActivityExportFn/Code/Stage...
deploy-test	Run pnpm verify	2026-10-06T04:19:40.2331701Z ^[[90mstderr^[[2m | apps/ingestion-worker/test/qa03-data-path.test.ts^[[2m > ^[[22m^[[2mQA03 archive queue outage and manifest failure converge with stable objects
deploy-test	Run pnpm verify	2026-10-06T04:19:40.2360081Z ^[[22m^[[39marchive validation rejected {
deploy-test	Run pnpm verify	2026-10-06T04:19:40.2369988Z   kind: ^[[32m'archive.validation_rejected'^[[39m,
deploy-test	Run pnpm verify	2026-10-06T04:19:40.2400011Z   messageId: ^[[32m'invalid-archive'^[[39m,
deploy-test	Run pnpm verify	2026-10-06T04:19:40.2420003Z   eventId: ^[[1mnull^[[22m,
deploy-test	Run pnpm verify	2026-10-06T04:19:40.2450050Z   errorPath: ^[[32m'$'^[[39m,
deploy-test	Run pnpm verify	2026-10-06T04:19:40.2460150Z   reason: ^[[32m"Expected property name or '}' in JSON at position 1 (line 1 column 2)"^[[39m,
deploy-test	Run pnpm verify	2026-10-06T04:19:40.2460852Z   rawBody: ^[[32m'{bad'^[[39m
deploy-test	Run pnpm verify	2026-10-06T04:19:40.2484744Z }
deploy-test	Run pnpm verify	2026-10-06T04:19:40.2509549Z 
deploy-test	Run pnpm verify	2026-10-06T04:19:41.1026054Z Bundling asset DeployTest/EsgExportFn/Code/Stage...
deploy-test	Run pnpm verify	2026-10-06T04:19:41.8840649Z Bundling asset DeployTest/CommandPublisherFn/Code/Stage...
deploy-test	Run pnpm verify	2026-10-06T04:19:42.4194424Z  ^[[32m✓^[[39m packages/auth/test/device-mtls.test.ts ^[[2m(^[[22m^[[2m11 tests^[[22m^[[2m)^[[22m^[[33m 3034^[[2mms^[[22m^[[39m
deploy-test	Run pnpm verify	2026-10-06T04:19:42.7470259Z Bundling asset DeployTest/CommandTimeoutFn/Code/Stage...
deploy-test	Run pnpm verify	2026-10-06T04:19:43.5120817Z Bundling asset DeployTest/OtaDispatcherFn/Code/Stage...
deploy-test	Run pnpm verify	2026-10-06T04:19:44.2644307Z Bundling asset DeployTest/OnboardingApiFn/Code/Stage...
deploy-test	Run pnpm verify	2026-10-06T04:19:45.0836037Z Bundling asset DeployTest/OnboardingProvisioningFn/Code/Stage...
deploy-test	Run pnpm verify	2026-10-06T04:19:45.8496685Z  ^[[32m✓^[[39m apps/ingestion-worker/test/qa03-data-path.test.ts ^[[2m(^[[22m^[[2m5 tests^[[22m^[[2m)^[[22m^[[33m 15332^[[2mms^[[22m^[[39m
deploy-test	Run pnpm verify	2026-10-06T04:19:45.8498407Z    ^[[33m^[[2m✓^[[22m^[[39m QA03 eight routes: business + receipts + outbox + raw archive, duplicate redelivery ^[[33m 5855^[[2mms^[[22m^[[39m
deploy-test	Run pnpm verify	2026-10-06T04:19:45.8500026Z    ^[[33m^[[2m✓^[[22m^[[39m QA03 partial failure, quarantine retry, payload conflict and gap recovery ^[[33m 1941^[[2mms^[[22m^[[39m
deploy-test	Run pnpm verify	2026-10-06T04:19:45.8501366Z    ^[[33m^[[2m✓^[[22m^[[39m QA03 archive queue outage and manifest failure converge with stable objects ^[[33m 1925^[[2mms^[[22m^[[39m
deploy-test	Run pnpm verify	2026-10-06T04:19:45.8502631Z    ^[[33m^[[2m✓^[[22m^[[39m QA03 business/receipt/outbox transaction rollback then retry ^[[33m 2108^[[2mms^[[22m^[[39m
deploy-test	Run pnpm verify	2026-10-06T04:19:45.8503877Z    ^[[33m^[[2m✓^[[22m^[[39m QA03 isolated resources are cleaned even when the scenario throws ^[[33m 3500^[[2mms^[[22m^[[39m
deploy-test	Run pnpm verify	2026-10-06T04:19:45.9048168Z Bundling asset DeployTest/DeviceApiFn/Code/Stage...
deploy-test	Run pnpm verify	2026-10-06T04:19:46.6163912Z Bundling asset DeployTest/ApiFn/Code/Stage...
deploy-test	Run pnpm verify	2026-10-06T04:19:48.7142156Z  ^[[32m✓^[[39m apps/admin-web/test/audit-logs.test.tsx ^[[2m(^[[22m^[[2m9 tests^[[22m^[[2m)^[[22m^[[33m 4256^[[2mms^[[22m^[[39m
deploy-test	Run pnpm verify	2026-10-06T04:19:48.7191087Z    ^[[33m^[[2m✓^[[22m^[[39m 筛选：actor/Customer/对象/动作/结果/时间全字段回调（时间转 UTC ISO） ^[[33m 2242^[[2mms^[[22m^[[39m
deploy-test	Run pnpm verify	2026-10-06T04:19:48.7192724Z    ^[[33m^[[2m✓^[[22m^[[39m 时间范围倒置时失败关闭且不发起筛选 ^[[33m 328^[[2mms^[[22m^[[39m
deploy-test	Run pnpm verify	2026-10-06T04:19:48.7193530Z    ^[[33m^[[2m✓^[[22m^[[39m 分页正确：下一页携带 nextCursor ^[[33m 462^[[2mms^[[22m^[[39m
deploy-test	Run pnpm verify	2026-10-06T04:19:48.7194327Z    ^[[33m^[[2m✓^[[22m^[[39m 只读性：页面无编辑/删除/修改入口；API 装配仅 GET ^[[33m 488^[[2mms^[[22m^[[39m
deploy-test	Run pnpm verify	2026-10-06T04:19:49.0228511Z  ^[[32m✓^[[39m packages/domain/test/command.test.ts ^[[2m(^[[22m^[[2m16 tests^[[22m^[[2m)^[[22m^[[32m 9^[[2mms^[[22m^[[39m
deploy-test	Run pnpm verify	2026-10-06T04:19:50.4311173Z  ^[[32m✓^[[39m apps/admin-web/test/auth-flow.test.ts ^[[2m(^[[22m^[[2m18 tests^[[22m^[[2m)^[[22m^[[33m 993^[[2mms^[[22m^[[39m
deploy-test	Run pnpm verify	2026-10-06T04:19:50.7940367Z  ^[[32m✓^[[39m apps/cloud-api/test/csr-onboarding.test.ts ^[[2m(^[[22m^[[2m1 test^[[22m^[[2m)^[[22m^[[33m 3894^[[2mms^[[22m^[[39m
deploy-test	Run pnpm verify	2026-10-06T04:19:50.7950627Z      ^[[33m^[[2m✓^[[22m^[[39m 匿名申请、相同公钥幂等、换钥冲突；签名轮询拒绝重放 ^[[33m 594^[[2mms^[[22m^[[39m
deploy-test	Run pnpm verify	2026-10-06T04:19:51.1170870Z  ^[[32m✓^[[39m packages/domain/test/license.test.ts ^[[2m(^[[22m^[[2m17 tests^[[22m^[[2m)^[[22m^[[32m 12^[[2mms^[[22m^[[39m
deploy-test	Run pnpm verify	2026-10-06T04:19:51.7451845Z  ^[[32m✓^[[39m infra/test/deployment-config.test.ts ^[[2m(^[[22m^[[2m2 tests^[[22m^[[2m)^[[22m^[[33m 20581^[[2mms^[[22m^[[39m
deploy-test	Run pnpm verify	2026-10-06T04:19:51.7453007Z    ^[[33m^[[2m✓^[[22m^[[39m deployment template: unauthed OPTIONS only, fixed origin errors, pinned truststore and private one-shot migration ^[[33m 20572^[[2mms^[[22m^[[39m
deploy-test	Run pnpm verify	2026-10-06T04:19:53.8244726Z  ^[[32m✓^[[39m packages/database/test/db03.test.ts ^[[2m(^[[22m^[[2m10 tests^[[22m^[[2m)^[[22m^[[33m 2897^[[2mms^[[22m^[[39m
deploy-test	Run pnpm verify	2026-10-06T04:19:54.9606824Z  ^[[32m✓^[[39m apps/admin-web/test/device-view.test.tsx ^[[2m(^[[22m^[[2m6 tests^[[22m^[[2m)^[[22m^[[33m 1451^[[2mms^[[22m^[[39m
deploy-test	Run pnpm verify	2026-10-06T04:19:54.9608550Z    ^[[33m^[[2m✓^[[22m^[[39m 选择设备并应用：四级联动；未选设备禁用应用 ^[[33m 938^[[2mms^[[22m^[[39m
deploy-test	Run pnpm verify	2026-10-06T04:19:56.0595498Z  ^[[32m✓^[[39m apps/cloud-api/test/certificate-status.test.ts ^[[2m(^[[22m^[[2m8 tests^[[22m^[[2m)^[[22m^[[33m 3073^[[2mms^[[22m^[[39m
deploy-test	Run pnpm verify	2026-10-06T04:19:59.0982894Z  ^[[32m✓^[[39m apps/cloud-api/test/admin-replay.test.ts ^[[2m(^[[22m^[[2m5 tests^[[22m^[[2m)^[[22m^[[33m 3339^[[2mms^[[22m^[[39m
deploy-test	Run pnpm verify	2026-10-06T04:20:00.0099064Z  ^[[32m✓^[[39m apps/ingestion-worker/test/rotation-confirmation.test.ts ^[[2m(^[[22m^[[2m8 tests^[[22m^[[2m)^[[22m^[[33m 3448^[[2mms^[[22m^[[39m
deploy-test	Run pnpm verify	2026-10-06T04:20:00.4495927Z  ^[[32m✓^[[39m apps/admin-web/test/onboarding.test.tsx ^[[2m(^[[22m^[[2m11 tests^[[22m^[[2m)^[[22m^[[33m 4351^[[2mms^[[22m^[[39m
deploy-test	Run pnpm verify	2026-10-06T04:20:00.4498663Z    ^[[33m^[[2m✓^[[22m^[[39m 列表与状态筛选：PENDING/APPROVED/REJECTED/TIMED_OUT 标签与状态列 ^[[33m 711^[[2mms^[[22m^[[39m
deploy-test	Run pnpm verify	2026-10-06T04:20:00.4499917Z    ^[[33m^[[2m✓^[[22m^[[39m 详情：设备资料与申请信息完整；REJECTED 显示拒绝原因 ^[[33m 352^[[2mms^[[22m^[[39m
deploy-test	Run pnpm verify	2026-10-06T04:20:00.4500795Z    ^[[33m^[[2m✓^[[22m^[[39m 批准：确认后提交并跳转设备详情（携带序列号，不伪造设备记录） ^[[33m 688^[[2mms^[[22m^[[39m
deploy-test	Run pnpm verify	2026-10-06T04:20:00.4520300Z    ^[[33m^[[2m✓^[[22m^[[39m 拒绝：原因必填；提交后刷新列表 ^[[33m 943^[[2mms^[[22m^[[39m
deploy-test	Run pnpm verify	2026-10-06T04:20:00.4521216Z    ^[[33m^[[2m✓^[[22m^[[39m 重复点击不会重复审批：在途期间后续提交被忽略 ^[[33m 551^[[2mms^[[22m^[[39m
deploy-test	Run pnpm verify	2026-10-06T04:20:00.4522098Z    ^[[33m^[[2m✓^[[22m^[[39m 并发审批冲突：409 VERSION_CONFLICT 显示刷新提示 ^[[33m 416^[[2mms^[[22m^[[39m
deploy-test	Run pnpm verify	2026-10-06T04:20:03.3692693Z  ^[[32m✓^[[39m apps/admin-web/test/i18n.test.tsx ^[[2m(^[[22m^[[2m7 tests^[[22m^[[2m)^[[22m^[[33m 2256^[[2mms^[[22m^[[39m
deploy-test	Run pnpm verify	2026-10-06T04:20:03.3704732Z    ^[[33m^[[2m✓^[[22m^[[39m 切换语言：菜单/面包屑/共享组件文案即时完整更新；localStorage 与 <html lang> 同步 ^[[33m 1480^[[2mms^[[22m^[[39m
deploy-test	Run pnpm verify	2026-10-06T04:20:03.3705921Z    ^[[33m^[[2m✓^[[22m^[[39m 刷新/重新登录后语言保持：重新挂载读取持久化值 ^[[33m 719^[[2mms^[[22m^[[39m
deploy-test	Run pnpm verify	2026-10-06T04:20:03.7791671Z  ^[[32m✓^[[39m apps/cloud-api/test/admin-certificate-rotation.test.ts ^[[2m(^[[22m^[[2m4 tests^[[22m^[[2m)^[[22m^[[33m 2995^[[2mms^[[22m^[[39m
deploy-test	Run pnpm verify	2026-10-06T04:20:04.2298897Z  ^[[32m✓^[[39m infra/test/deployment-governance.test.ts ^[[2m(^[[22m^[[2m2 tests^[[22m^[[2m)^[[22m^[[32m 6^[[2mms^[[22m^[[39m
deploy-test	Run pnpm verify	2026-10-06T04:20:07.8321227Z  ^[[32m✓^[[39m apps/admin-web/test/shell.test.tsx ^[[2m(^[[22m^[[2m8 tests^[[22m^[[2m)^[[22m^[[33m 2585^[[2mms^[[22m^[[39m
deploy-test	Run pnpm verify	2026-10-06T04:20:07.8349547Z    ^[[33m^[[2m✓^[[22m^[[39m 菜单按角色过滤：PlatformSuperAdmin 见全部 17 项；CustomerViewer 不见受限项 ^[[33m 1638^[[2mms^[[22m^[[39m
deploy-test	Run pnpm verify	2026-10-06T04:20:07.8353131Z    ^[[33m^[[2m✓^[[22m^[[39m 菜单展开/路由/面包屑一致：当前页 aria-current，面包屑含分组与页面 ^[[33m 331^[[2mms^[[22m^[[39m
deploy-test	Run pnpm verify	2026-10-06T04:20:07.8503327Z  ^[[32m✓^[[39m apps/cloud-api/test/device-retirement-timeout.test.ts ^[[2m(^[[22m^[[2m5 tests^[[22m^[[2m)^[[22m^[[33m 2934^[[2mms^[[22m^[[39m
deploy-test	Run pnpm verify	2026-10-06T04:20:08.0226649Z  ^[[32m✓^[[39m packages/domain/test/contract.test.ts ^[[2m(^[[22m^[[2m9 tests^[[22m^[[2m)^[[22m^[[32m 8^[[2mms^[[22m^[[39m
deploy-test	Run pnpm verify	2026-10-06T04:20:08.0571599Z  ^[[32m✓^[[39m apps/admin-web/test/session-manager.test.ts ^[[2m(^[[22m^[[2m10 tests^[[22m^[[2m)^[[22m^[[32m 9^[[2mms^[[22m^[[39m
deploy-test	Run pnpm verify	2026-10-06T04:20:08.3477977Z  ^[[32m✓^[[39m apps/cloud-api/test/device-lambda-composition.test.ts ^[[2m(^[[22m^[[2m13 tests^[[22m^[[2m)^[[22m^[[32m 17^[[2mms^[[22m^[[39m
deploy-test	Run pnpm verify	2026-10-06T04:20:08.8044687Z  ^[[32m✓^[[39m apps/cloud-api/test/admin-p1-strict-request.test.ts ^[[2m(^[[22m^[[2m2 tests^[[22m^[[2m)^[[22m^[[32m 29^[[2mms^[[22m^[[39m
deploy-test	Run pnpm verify	2026-10-06T04:20:09.1293629Z  ^[[32m✓^[[39m apps/admin-web/test/sites.test.tsx ^[[2m(^[[22m^[[2m7 tests^[[22m^[[2m)^[[22m^[[33m 6374^[[2mms^[[22m^[[39m
deploy-test	Run pnpm verify	2026-10-06T04:20:09.1295331Z    ^[[33m^[[2m✓^[[22m^[[39m 列表：Region/Subregion/时区/联系人/设备数/状态列完整；筛选可变更 ^[[33m 936^[[2mms^[[22m^[[39m
deploy-test	Run pnpm verify	2026-10-06T04:20:09.1298758Z    ^[[33m^[[2m✓^[[22m^[[39m 详情：地址/时区/联系人/设备数完整展示 ^[[33m 339^[[2mms^[[22m^[[39m
deploy-test	Run pnpm verify	2026-10-06T04:20:09.1299960Z    ^[[33m^[[2m✓^[[22m^[[39m 创建：非法时区客户端拦截不提交；合法输入提交成功 ^[[33m 1838^[[2mms^[[22m^[[39m
deploy-test	Run pnpm verify	2026-10-06T04:20:09.1301003Z    ^[[33m^[[2m✓^[[22m^[[39m 编辑：customerId 不可变（只读展示）；提交携带当前 version ^[[33m 1440^[[2mms^[[22m^[[39m
deploy-test	Run pnpm verify	2026-10-06T04:20:09.1302017Z    ^[[33m^[[2m✓^[[22m^[[39m 停用：展示关联设备数提示；原因必填；409 版本冲突提示刷新 ^[[33m 1650^[[2mms^[[22m^[[39m
deploy-test	Run pnpm verify	2026-10-06T04:20:09.4725034Z  ^[[32m✓^[[39m apps/admin-web/test/guard-menu.test.ts ^[[2m(^[[22m^[[2m13 tests^[[22m^[[2m)^[[22m^[[32m 7^[[2mms^[[22m^[[39m
deploy-test	Run pnpm verify	2026-10-06T04:20:09.6451284Z  ^[[32m✓^[[39m packages/aws-clients/test/iot-device-policy.test.ts ^[[2m(^[[22m^[[2m12 tests^[[22m^[[2m)^[[22m^[[32m 10^[[2mms^[[22m^[[39m
deploy-test	Run pnpm verify	2026-10-06T04:20:09.7335559Z Bundling asset Qa09Perf/IngestionFn/Code/Stage...
deploy-test	Run pnpm verify	2026-10-06T04:20:09.8142518Z  ^[[32m✓^[[39m apps/admin-web/test/http-client.test.ts ^[[2m(^[[22m^[[2m7 tests^[[22m^[[2m)^[[22m^[[32m 6^[[2mms^[[22m^[[39m
deploy-test	Run pnpm verify	2026-10-06T04:20:10.2653862Z  ^[[32m✓^[[39m packages/database/test/observed-pg.test.ts ^[[2m(^[[22m^[[2m4 tests^[[22m^[[2m)^[[22m^[[32m 208^[[2mms^[[22m^[[39m
deploy-test	Run pnpm verify	2026-10-06T04:20:10.6750615Z Bundling asset Qa09Perf/ArchiveFn/Code/Stage...
deploy-test	Run pnpm verify	2026-10-06T04:20:11.1991049Z Bundling asset Qa09Perf/OutboxPublisherFn/Code/Stage...
deploy-test	Run pnpm verify	2026-10-06T04:20:12.2080685Z Bundling asset Qa09Perf/NotificationPublisherFn/Code/Stage...
deploy-test	Run pnpm verify	2026-10-06T04:20:13.0380519Z Bundling asset Qa09Perf/SummaryFn/Code/Stage...
deploy-test	Run pnpm verify	2026-10-06T04:20:13.6636147Z  ^[[32m✓^[[39m apps/ingestion-worker/test/ota-status-ack.test.ts ^[[2m(^[[22m^[[2m3 tests^[[22m^[[2m)^[[22m^[[33m 2982^[[2mms^[[22m^[[39m
deploy-test	Run pnpm verify	2026-10-06T04:20:13.6650485Z      ^[[33m^[[2m✓^[[22m^[[39m 按冻结状态机完成下载、安装、成功；历史和审计同事务落库 ^[[33m 311^[[2mms^[[22m^[[39m
deploy-test	Run pnpm verify	2026-10-06T04:20:13.8850696Z Bundling asset Qa09Perf/ReplayTriggerPublisherFn/Code/Stage...
deploy-test	Run pnpm verify	2026-10-06T04:20:14.0457844Z  ^[[32m✓^[[39m apps/admin-web/test/device-groups.test.tsx ^[[2m(^[[22m^[[2m6 tests^[[22m^[[2m)^[[22m^[[33m 3734^[[2mms^[[22m^[[39m
deploy-test	Run pnpm verify	2026-10-06T04:20:14.0460802Z    ^[[33m^[[2m✓^[[22m^[[39m 列表字段覆盖矩阵：序号/区域/子区域/ID/别名/合约/租期/固件/四轴/操作 ^[[33m 1123^[[2mms^[[22m^[[39m
deploy-test	Run pnpm verify	2026-10-06T04:20:14.0462405Z    ^[[33m^[[2m✓^[[22m^[[39m 缺失值显示“—”（无合约/无别名/无固件/无站点） ^[[33m 367^[[2mms^[[22m^[[39m
deploy-test	Run pnpm verify	2026-10-06T04:20:14.0463292Z    ^[[33m^[[2m✓^[[22m^[[39m 筛选：搜索应用草稿（关键字+四轴+授权），重置清空 ^[[33m 958^[[2mms^[[22m^[[39m
deploy-test	Run pnpm verify	2026-10-06T04:20:14.0464197Z    ^[[33m^[[2m✓^[[22m^[[39m Region/Subregion/Site 联动筛选进入查询条件 ^[[33m 769^[[2mms^[[22m^[[39m
deploy-test	Run pnpm verify	2026-10-06T04:20:14.0465044Z    ^[[33m^[[2m✓^[[22m^[[39m 操作列“管理”跳转设备管理详情（状态操作由 FE-07 提供） ^[[33m 321^[[2mms^[[22m^[[39m
deploy-test	Run pnpm verify	2026-10-06T04:20:14.6267906Z Bundling asset Qa09Perf/ReplayFn/Code/Stage...
deploy-test	Run pnpm verify	2026-10-06T04:20:15.4690647Z Bundling asset Qa09Perf/CertPackageSweeperFn/Code/Stage...
deploy-test	Run pnpm verify	2026-10-06T04:20:16.4029816Z Bundling asset Qa09Perf/OnboardingDeadlineFn/Code/Stage...
deploy-test	Run pnpm verify	2026-10-06T04:20:17.1820719Z Bundling asset Qa09Perf/RetirementTimeoutFn/Code/Stage...
deploy-test	Run pnpm verify	2026-10-06T04:20:17.4003472Z  ^[[32m✓^[[39m apps/cloud-api/test/provisioning-worker.test.ts ^[[2m(^[[22m^[[2m4 tests^[[22m^[[2m)^[[22m^[[33m 3002^[[2mms^[[22m^[[39m
deploy-test	Run pnpm verify	2026-10-06T04:20:17.9047525Z Bundling asset Qa09Perf/ActivityExportFn/Code/Stage...
deploy-test	Run pnpm verify	2026-10-06T04:20:18.6200044Z Bundling asset Qa09Perf/EsgExportFn/Code/Stage...
deploy-test	Run pnpm verify	2026-10-06T04:20:19.3010408Z Bundling asset Qa09Perf/CommandPublisherFn/Code/Stage...
deploy-test	Run pnpm verify	2026-10-06T04:20:19.9610725Z Bundling asset Qa09Perf/CommandTimeoutFn/Code/Stage...
deploy-test	Run pnpm verify	2026-10-06T04:20:20.7260892Z Bundling asset Qa09Perf/OtaDispatcherFn/Code/Stage...
deploy-test	Run pnpm verify	2026-10-06T04:20:21.4438513Z Bundling asset Qa09Perf/OnboardingApiFn/Code/Stage...
deploy-test	Run pnpm verify	2026-10-06T04:20:21.7423186Z  ^[[32m✓^[[39m apps/admin-web/test/app-smoke.test.tsx ^[[2m(^[[22m^[[2m10 tests^[[22m^[[2m)^[[22m^[[33m 2176^[[2mms^[[22m^[[39m
deploy-test	Run pnpm verify	2026-10-06T04:20:21.7425116Z      ^[[33m^[[2m✓^[[22m^[[39m 未登录访问根路径会进入登录页，并在登录后返回 dashboard ^[[33m 505^[[2mms^[[22m^[[39m
deploy-test	Run pnpm verify	2026-10-06T04:20:21.7426322Z      ^[[33m^[[2m✓^[[22m^[[39m 当前业务页面和打开的表单即时切换语言，同时保留未保存输入且不重新请求 ^[[33m 896^[[2mms^[[22m^[[39m
deploy-test	Run pnpm verify	2026-10-06T04:20:22.1530025Z  ^[[32m✓^[[39m apps/admin-web/test/customers.test.tsx ^[[2m(^[[22m^[[2m6 tests^[[22m^[[2m)^[[22m^[[33m 5865^[[2mms^[[22m^[[39m
deploy-test	Run pnpm verify	2026-10-06T04:20:22.1532401Z    ^[[33m^[[2m✓^[[22m^[[39m 列表与状态筛选；详情展示版本相关字段 ^[[33m 773^[[2mms^[[22m^[[39m
deploy-test	Run pnpm verify	2026-10-06T04:20:22.1533384Z    ^[[33m^[[2m✓^[[22m^[[39m 创建：名称为空禁用；提交成功后刷新 ^[[33m 1006^[[2mms^[[22m^[[39m
deploy-test	Run pnpm verify	2026-10-06T04:20:22.1534264Z    ^[[33m^[[2m✓^[[22m^[[39m 编辑：携带当前 version（If-Match 乐观锁） ^[[33m 880^[[2mms^[[22m^[[39m
deploy-test	Run pnpm verify	2026-10-06T04:20:22.1580057Z    ^[[33m^[[2m✓^[[22m^[[39m 停用：原因必填（写审计）；成功后刷新 ^[[33m 1225^[[2mms^[[22m^[[39m
deploy-test	Run pnpm verify	2026-10-06T04:20:22.1581159Z    ^[[33m^[[2m✓^[[22m^[[39m 并发冲突：409 VERSION_CONFLICT 提示刷新；409 CONFLICT 展示后端原因 ^[[33m 1854^[[2mms^[[22m^[[39m
deploy-test	Run pnpm verify	2026-10-06T04:20:22.1721234Z Bundling asset Qa09Perf/OnboardingProvisioningFn/Code/Stage...
deploy-test	Run pnpm verify	2026-10-06T04:20:22.3127580Z  ^[[32m✓^[[39m packages/observability/test/data-path.test.ts ^[[2m(^[[22m^[[2m6 tests^[[22m^[[2m)^[[22m^[[32m 6^[[2mms^[[22m^[[39m
deploy-test	Run pnpm verify	2026-10-06T04:20:22.4479095Z  ^[[32m✓^[[39m packages/domain/test/consumable.test.ts ^[[2m(^[[22m^[[2m9 tests^[[22m^[[2m)^[[22m^[[32m 6^[[2mms^[[22m^[[39m
deploy-test	Run pnpm verify	2026-10-06T04:20:22.6493097Z  ^[[32m✓^[[39m packages/aws-clients/test/project-ca-certificate-issuer.test.ts ^[[2m(^[[22m^[[2m3 tests^[[22m^[[2m)^[[22m^[[33m 608^[[2mms^[[22m^[[39m
deploy-test	Run pnpm verify	2026-10-06T04:20:22.7956628Z  ^[[32m✓^[[39m apps/admin-web/test/srp.test.ts ^[[2m(^[[22m^[[2m7 tests^[[22m^[[2m)^[[22m^[[32m 203^[[2mms^[[22m^[[39m
deploy-test	Run pnpm verify	2026-10-06T04:20:22.8488257Z Bundling asset Qa09Perf/DeviceApiFn/Code/Stage...
deploy-test	Run pnpm verify	2026-10-06T04:20:22.9747199Z  ^[[32m✓^[[39m packages/domain/test/configuration.test.ts ^[[2m(^[[22m^[[2m8 tests^[[22m^[[2m)^[[22m^[[32m 8^[[2mms^[[22m^[[39m
deploy-test	Run pnpm verify	2026-10-06T04:20:23.1380048Z  ^[[32m✓^[[39m packages/auth/test/cognito.test.ts ^[[2m(^[[22m^[[2m14 tests^[[22m^[[2m)^[[22m^[[32m 157^[[2mms^[[22m^[[39m
deploy-test	Run pnpm verify	2026-10-06T04:20:23.3745718Z  ^[[32m✓^[[39m packages/auth/test/guard.test.ts ^[[2m(^[[22m^[[2m10 tests^[[22m^[[2m)^[[22m^[[32m 9^[[2mms^[[22m^[[39m
deploy-test	Run pnpm verify	2026-10-06T04:20:23.5428145Z Bundling asset Qa09Perf/ApiFn/Code/Stage...
deploy-test	Run pnpm verify	2026-10-06T04:20:23.6879938Z  ^[[32m✓^[[39m apps/ingestion-worker/test/replay-runtime.test.ts ^[[2m(^[[22m^[[2m4 tests^[[22m^[[2m)^[[22m^[[32m 10^[[2mms^[[22m^[[39m
deploy-test	Run pnpm verify	2026-10-06T04:20:24.2621382Z  ^[[32m✓^[[39m apps/cloud-api/test/admin-cus-dev-strict-contract.test.ts ^[[2m(^[[22m^[[2m2 tests^[[22m^[[2m)^[[22m^[[32m 40^[[2mms^[[22m^[[39m
deploy-test	Run pnpm verify	2026-10-06T04:20:24.4533866Z ^[[90mstdout^[[2m | apps/cloud-api/test/admin-cors.test.ts^[[2m > ^[[22m^[[2mactual Lambda entry returns preflight without DB Secret or Cognito configuration
deploy-test	Run pnpm verify	2026-10-06T04:20:24.4557437Z ^[[22m^[[39m{"event":"admin.request.completed","gatewayRequestId":"unknown","gatewayExtendedRequestId":"unknown","lambdaRequestId":"unknown","operationId":"unknown","status":204,"elapsedMs":0}
deploy-test	Run pnpm verify	2026-10-06T04:20:24.4561276Z 
deploy-test	Run pnpm verify	2026-10-06T04:20:24.4617566Z  ^[[32m✓^[[39m apps/cloud-api/test/admin-cors.test.ts ^[[2m(^[[22m^[[2m6 tests^[[22m^[[2m)^[[22m^[[33m 626^[[2mms^[[22m^[[39m
deploy-test	Run pnpm verify	2026-10-06T04:20:24.4619805Z    ^[[33m^[[2m✓^[[22m^[[39m actual Lambda entry returns preflight without DB Secret or Cognito configuration ^[[33m 621^[[2mms^[[22m^[[39m
deploy-test	Run pnpm verify	2026-10-06T04:20:24.5145714Z  ^[[32m✓^[[39m packages/aws-clients/test/cognito-admin.test.ts ^[[2m(^[[22m^[[2m3 tests^[[22m^[[2m)^[[22m^[[32m 7^[[2mms^[[22m^[[39m
deploy-test	Run pnpm verify	2026-10-06T04:20:24.9294162Z  ^[[32m✓^[[39m packages/auth/test/permission-matrix.test.ts ^[[2m(^[[22m^[[2m8 tests^[[22m^[[2m)^[[22m^[[32m 7^[[2mms^[[22m^[[39m
deploy-test	Run pnpm verify	2026-10-06T04:20:25.1648735Z  ^[[32m✓^[[39m packages/observability/test/redaction.test.ts ^[[2m(^[[22m^[[2m8 tests^[[22m^[[2m)^[[22m^[[32m 7^[[2mms^[[22m^[[39m
deploy-test	Run pnpm verify	2026-10-06T04:20:25.8390537Z Bundling asset TestStack/IngestionFn/Code/Stage...
deploy-test	Run pnpm verify	2026-10-06T04:20:26.8641140Z  ^[[32m✓^[[39m apps/cloud-api/test/qa02-device-errors.test.ts ^[[2m(^[[22m^[[2m6 tests^[[22m^[[2m)^[[22m^[[32m 193^[[2mms^[[22m^[[39m
deploy-test	Run pnpm verify	2026-10-06T04:20:27.0821500Z  ^[[32m✓^[[39m apps/cloud-api/test/device-onboarding-lambda.test.ts ^[[2m(^[[22m^[[2m4 tests^[[22m^[[2m)^[[22m^[[32m 6^[[2mms^[[22m^[[39m
deploy-test	Run pnpm verify	2026-10-06T04:20:27.1222863Z Bundling asset TestStack/ArchiveFn/Code/Stage...
deploy-test	Run pnpm verify	2026-10-06T04:20:27.4951655Z  ^[[32m✓^[[39m packages/aws-clients/test/ota-firmware.test.ts ^[[2m(^[[22m^[[2m2 tests^[[22m^[[2m)^[[22m^[[32m 6^[[2mms^[[22m^[[39m
deploy-test	Run pnpm verify	2026-10-06T04:20:27.6414812Z Bundling asset TestStack/OutboxPublisherFn/Code/Stage...
deploy-test	Run pnpm verify	2026-10-06T04:20:27.7541066Z  ^[[32m✓^[[39m infra/test/qa09-performance.test.ts ^[[2m(^[[22m^[[2m3 tests^[[22m^[[2m)^[[22m^[[33m 18112^[[2mms^[[22m^[[39m
deploy-test	Run pnpm verify	2026-10-06T04:20:27.7548860Z    ^[[33m^[[2m✓^[[22m^[[39m observability and immediate queue synth retain narrow logs and hard DB budgets ^[[33m 18106^[[2mms^[[22m^[[39m
deploy-test	Run pnpm verify	2026-10-06T04:20:27.8571459Z  ^[[32m✓^[[39m packages/aws-clients/test/iot-provisioning-client.test.ts ^[[2m(^[[22m^[[2m2 tests^[[22m^[[2m)^[[22m^[[32m 6^[[2mms^[[22m^[[39m
deploy-test	Run pnpm verify	2026-10-06T04:20:28.1535075Z  ^[[32m✓^[[39m apps/ingestion-worker/test/certificate-package-sweeper.test.ts ^[[2m(^[[22m^[[2m4 tests^[[22m^[[2m)^[[22m^[[32m 6^[[2mms^[[22m^[[39m
deploy-test	Run pnpm verify	2026-10-06T04:20:28.4093231Z Bundling asset TestStack/NotificationPublisherFn/Code/Stage...
deploy-test	Run pnpm verify	2026-10-06T04:20:28.8293955Z  ^[[32m✓^[[39m apps/cloud-api/test/onboarding-contract-parity.test.ts ^[[2m(^[[22m^[[2m3 tests^[[22m^[[2m)^[[22m^[[32m 5^[[2mms^[[22m^[[39m
deploy-test	Run pnpm verify	2026-10-06T04:20:28.8910284Z  ^[[32m✓^[[39m apps/cloud-api/test/device-user-verifier.test.ts ^[[2m(^[[22m^[[2m7 tests^[[22m^[[2m)^[[22m^[[32m 299^[[2mms^[[22m^[[39m
deploy-test	Run pnpm verify	2026-10-06T04:20:29.1090918Z Bundling asset TestStack/SummaryFn/Code/Stage...
deploy-test	Run pnpm verify	2026-10-06T04:20:29.2690135Z  ^[[32m✓^[[39m packages/auth/test/qa06-jwt-security.test.ts ^[[2m(^[[22m^[[2m1 test^[[22m^[[2m)^[[22m^[[32m 62^[[2mms^[[22m^[[39m
deploy-test	Run pnpm verify	2026-10-06T04:20:29.4672054Z  ^[[32m✓^[[39m packages/aws-clients/test/kms-data-key-provider.test.ts ^[[2m(^[[22m^[[2m3 tests^[[22m^[[2m)^[[22m^[[32m 6^[[2mms^[[22m^[[39m
deploy-test	Run pnpm verify	2026-10-06T04:20:29.7908444Z  ^[[32m✓^[[39m packages/aws-clients/test/s3-media-url-signer.test.ts ^[[2m(^[[22m^[[2m2 tests^[[22m^[[2m)^[[22m^[[32m 7^[[2mms^[[22m^[[39m
deploy-test	Run pnpm verify	2026-10-06T04:20:29.8469702Z Bundling asset TestStack/ReplayTriggerPublisherFn/Code/Stage...
deploy-test	Run pnpm verify	2026-10-06T04:20:29.9714669Z  ^[[32m✓^[[39m packages/database/test/transaction-observation.test.ts ^[[2m(^[[22m^[[2m5 tests^[[22m^[[2m)^[[22m^[[32m 7^[[2mms^[[22m^[[39m
deploy-test	Run pnpm verify	2026-10-06T04:20:30.5277529Z Bundling asset TestStack/ReplayFn/Code/Stage...
deploy-test	Run pnpm verify	2026-10-06T04:20:30.7171628Z  ^[[32m✓^[[39m apps/cloud-api/test/admin-onboarding-parity.test.ts ^[[2m(^[[22m^[[2m3 tests^[[22m^[[2m)^[[22m^[[32m 5^[[2mms^[[22m^[[39m
deploy-test	Run pnpm verify	2026-10-06T04:20:30.9181183Z  ^[[32m✓^[[39m apps/admin-web/test/onboarding-network-security.test.ts ^[[2m(^[[22m^[[2m2 tests^[[22m^[[2m)^[[22m^[[32m 10^[[2mms^[[22m^[[39m
deploy-test	Run pnpm verify	2026-10-06T04:20:31.3387996Z Bundling asset TestStack/CertPackageSweeperFn/Code/Stage...
deploy-test	Run pnpm verify	2026-10-06T04:20:31.7397288Z  ^[[32m✓^[[39m apps/admin-web/test/app-foundation.test.ts ^[[2m(^[[22m^[[2m3 tests^[[22m^[[2m)^[[22m^[[32m 17^[[2mms^[[22m^[[39m
deploy-test	Run pnpm verify	2026-10-06T04:20:32.0681758Z Bundling asset TestStack/OnboardingDeadlineFn/Code/Stage...
deploy-test	Run pnpm verify	2026-10-06T04:20:32.3314957Z  ^[[32m✓^[[39m apps/admin-web/test/login-page.test.tsx ^[[2m(^[[22m^[[2m2 tests^[[22m^[[2m)^[[22m^[[33m 1663^[[2mms^[[22m^[[39m
deploy-test	Run pnpm verify	2026-10-06T04:20:32.3316933Z    ^[[33m^[[2m✓^[[22m^[[39m 临时密码登录后突出显示首次登录改密说明与明确提交动作 ^[[33m 1015^[[2mms^[[22m^[[39m
deploy-test	Run pnpm verify	2026-10-06T04:20:32.3317788Z    ^[[33m^[[2m✓^[[22m^[[39m 设置新密码失败时显示具体规则且不暴露身份服务英文错误 ^[[33m 646^[[2mms^[[22m^[[39m
deploy-test	Run pnpm verify	2026-10-06T04:20:32.5261294Z  ^[[32m✓^[[39m apps/ingestion-worker/test/archive-drain.test.ts ^[[2m(^[[22m^[[2m3 tests^[[22m^[[2m)^[[22m^[[32m 5^[[2mms^[[22m^[[39m
deploy-test	Run pnpm verify	2026-10-06T04:20:32.7263791Z Bundling asset TestStack/RetirementTimeoutFn/Code/Stage...
deploy-test	Run pnpm verify	2026-10-06T04:20:32.9011312Z  ^[[32m✓^[[39m apps/cloud-api/test/retirement-timeout-lambda.test.ts ^[[2m(^[[22m^[[2m2 tests^[[22m^[[2m)^[[22m^[[32m 3^[[2mms^[[22m^[[39m
deploy-test	Run pnpm verify	2026-10-06T04:20:33.4831725Z Bundling asset TestStack/ActivityExportFn/Code/Stage...
deploy-test	Run pnpm verify	2026-10-06T04:20:34.4277280Z Bundling asset TestStack/EsgExportFn/Code/Stage...
deploy-test	Run pnpm verify	2026-10-06T04:20:34.8801145Z  ^[[32m✓^[[39m apps/admin-web/test/ui-controls.test.tsx ^[[2m(^[[22m^[[2m2 tests^[[22m^[[2m)^[[22m^[[33m 1258^[[2mms^[[22m^[[39m
deploy-test	Run pnpm verify	2026-10-06T04:20:34.8871010Z    ^[[33m^[[2m✓^[[22m^[[39m Library controls preserve native form submission and required validation ^[[33m 1125^[[2mms^[[22m^[[39m
deploy-test	Run pnpm verify	2026-10-06T04:20:35.4047465Z  ^[[32m✓^[[39m infra/test/admin-bootstrap-execution-stack.test.ts ^[[2m(^[[22m^[[2m2 tests^[[22m^[[2m)^[[22m^[[33m 2024^[[2mms^[[22m^[[39m
deploy-test	Run pnpm verify	2026-10-06T04:20:35.4070639Z    ^[[33m^[[2m✓^[[22m^[[39m admin bootstrap execution binds exact source, email and confirmation to one project ^[[33m 2015^[[2mms^[[22m^[[39m
deploy-test	Run pnpm verify	2026-10-06T04:20:35.4623220Z ^[[90mstderr^[[2m | apps/ingestion-worker/test/archive-runtime.test.ts^[[2m > ^[[22m^[[2mArchive SQS runtime^[[2m > ^[[22m^[[2m非法记录与业务拒绝记录进入 partial batch failure，合法记录仍处理
deploy-test	Run pnpm verify	2026-10-06T04:20:35.4628496Z ^[[22m^[[39marchive validation rejected {
deploy-test	Run pnpm verify	2026-10-06T04:20:35.4629145Z   kind: ^[[32m'archive.validation_rejected'^[[39m,
deploy-test	Run pnpm verify	2026-10-06T04:20:35.4630070Z   messageId: ^[[32m'sqs-invalid'^[[39m,
deploy-test	Run pnpm verify	2026-10-06T04:20:35.4630656Z   eventId: ^[[1mnull^[[22m,
deploy-test	Run pnpm verify	2026-10-06T04:20:35.4631145Z   errorPath: ^[[32m'$'^[[39m,
deploy-test	Run pnpm verify	2026-10-06T04:20:35.4631970Z   reason: ^[[32m"Expected property name or '}' in JSON at position 1 (line 1 column 2)"^[[39m,
deploy-test	Run pnpm verify	2026-10-06T04:20:35.4632803Z   rawBody: ^[[32m'{bad-json'^[[39m
deploy-test	Run pnpm verify	2026-10-06T04:20:35.4633320Z }
deploy-test	Run pnpm verify	2026-10-06T04:20:35.4633596Z 
deploy-test	Run pnpm verify	2026-10-06T04:20:35.4654072Z  ^[[32m✓^[[39m apps/ingestion-worker/test/archive-runtime.test.ts ^[[2m(^[[22m^[[2m2 tests^[[22m^[[2m)^[[22m^[[32m 8^[[2mms^[[22m^[[39m
deploy-test	Run pnpm verify	2026-10-06T04:20:35.4982166Z Bundling asset TestStack/CommandPublisherFn/Code/Stage...
deploy-test	Run pnpm verify	2026-10-06T04:20:35.7340077Z  ^[[32m✓^[[39m packages/auth/test/rate-limit.test.ts ^[[2m(^[[22m^[[2m3 tests^[[22m^[[2m)^[[22m^[[32m 4^[[2mms^[[22m^[[39m
deploy-test	Run pnpm verify	2026-10-06T04:20:35.9230492Z  ^[[32m✓^[[39m packages/observability/test/request-correlation.test.ts ^[[2m(^[[22m^[[2m2 tests^[[22m^[[2m)^[[22m^[[32m 5^[[2mms^[[22m^[[39m
deploy-test	Run pnpm verify	2026-10-06T04:20:36.2257381Z Bundling asset TestStack/CommandTimeoutFn/Code/Stage...
deploy-test	Run pnpm verify	2026-10-06T04:20:36.2376814Z  ^[[32m✓^[[39m packages/aws-clients/test/s3-activity-export.test.ts ^[[2m(^[[22m^[[2m1 test^[[22m^[[2m)^[[22m^[[32m 5^[[2mms^[[22m^[[39m
deploy-test	Run pnpm verify	2026-10-06T04:20:36.3220311Z  ^[[32m✓^[[39m apps/admin-web/test/locale-value.test.tsx ^[[2m(^[[22m^[[2m2 tests^[[22m^[[2m)^[[22m^[[32m 42^[[2mms^[[22m^[[39m
deploy-test	Run pnpm verify	2026-10-06T04:20:36.7098420Z  ^[[32m✓^[[39m packages/aws-clients/test/s3-media-object-storage.test.ts ^[[2m(^[[22m^[[2m2 tests^[[22m^[[2m)^[[22m^[[32m 6^[[2mms^[[22m^[[39m
deploy-test	Run pnpm verify	2026-10-06T04:20:36.9760453Z Bundling asset TestStack/OtaDispatcherFn/Code/Stage...
deploy-test	Run pnpm verify	2026-10-06T04:20:37.0701237Z  ^[[32m✓^[[39m packages/auth/test/contract-parity.test.ts ^[[2m(^[[22m^[[2m2 tests^[[22m^[[2m)^[[22m^[[32m 3^[[2mms^[[22m^[[39m
deploy-test	Run pnpm verify	2026-10-06T04:20:37.4921736Z  ^[[32m✓^[[39m packages/aws-clients/test/s3-archive-store.test.ts ^[[2m(^[[22m^[[2m1 test^[[22m^[[2m)^[[22m^[[32m 13^[[2mms^[[22m^[[39m
deploy-test	Run pnpm verify	2026-10-06T04:20:37.7581279Z  ^[[32m✓^[[39m packages/aws-clients/test/database-secret.test.ts ^[[2m(^[[22m^[[2m2 tests^[[22m^[[2m)^[[22m^[[32m 19^[[2mms^[[22m^[[39m
deploy-test	Run pnpm verify	2026-10-06T04:20:37.9976881Z  ^[[32m✓^[[39m infra/test/template-security.test.ts ^[[2m(^[[22m^[[2m4 tests^[[22m^[[2m)^[[22m^[[32m 6^[[2mms^[[22m^[[39m
deploy-test	Run pnpm verify	2026-10-06T04:20:38.0111574Z Bundling asset TestStack/OnboardingApiFn/Code/Stage...
deploy-test	Run pnpm verify	2026-10-06T04:20:38.2615906Z  ^[[32m✓^[[39m packages/aws-clients/test/topic-parity.test.ts ^[[2m(^[[22m^[[2m1 test^[[22m^[[2m)^[[22m^[[32m 3^[[2mms^[[22m^[[39m
deploy-test	Run pnpm verify	2026-10-06T04:20:38.5171563Z  ^[[32m✓^[[39m infra/test/topic-catalog-parity.test.ts ^[[2m(^[[22m^[[2m1 test^[[22m^[[2m)^[[22m^[[32m 4^[[2mms^[[22m^[[39m
deploy-test	Run pnpm verify	2026-10-06T04:20:38.5536524Z  ^[[32m✓^[[39m infra/test/migration-execution-stack.test.ts ^[[2m(^[[22m^[[2m2 tests^[[22m^[[2m)^[[22m^[[33m 1713^[[2mms^[[22m^[[39m
deploy-test	Run pnpm verify	2026-10-06T04:20:38.5537611Z    ^[[33m^[[2m✓^[[22m^[[39m migration execution is exact-version, exact-commit, and project-scoped ^[[33m 1707^[[2mms^[[22m^[[39m
deploy-test	Run pnpm verify	2026-10-06T04:20:38.7121295Z  ^[[32m✓^[[39m apps/cloud-api/test/command-phase-observer.test.ts ^[[2m(^[[22m^[[2m1 test^[[22m^[[2m)^[[22m^[[32m 4^[[2mms^[[22m^[[39m
deploy-test	Run pnpm verify	2026-10-06T04:20:38.7631467Z  ^[[32m✓^[[39m packages/aws-clients/test/iot-data-publisher.test.ts ^[[2m(^[[22m^[[2m1 test^[[22m^[[2m)^[[22m^[[32m 4^[[2mms^[[22m^[[39m
deploy-test	Run pnpm verify	2026-10-06T04:20:38.8671180Z Bundling asset TestStack/OnboardingProvisioningFn/Code/Stage...
deploy-test	Run pnpm verify	2026-10-06T04:20:38.9711906Z  ^[[32m✓^[[39m packages/aws-clients/test/sqs-archive-sender.test.ts ^[[2m(^[[22m^[[2m1 test^[[22m^[[2m)^[[22m^[[32m 5^[[2mms^[[22m^[[39m
deploy-test	Run pnpm verify	2026-10-06T04:20:38.9994002Z  ^[[32m✓^[[39m apps/cloud-api/test/openapi-response.test.ts ^[[2m(^[[22m^[[2m2 tests^[[22m^[[2m)^[[22m^[[32m 14^[[2mms^[[22m^[[39m
deploy-test	Run pnpm verify	2026-10-06T04:20:39.1349924Z  ^[[32m✓^[[39m apps/admin-web/test/jwt.test.ts ^[[2m(^[[22m^[[2m2 tests^[[22m^[[2m)^[[22m^[[32m 4^[[2mms^[[22m^[[39m
deploy-test	Run pnpm verify	2026-10-06T04:20:39.3125112Z  ^[[32m✓^[[39m packages/database/test/index.test.ts ^[[2m(^[[22m^[[2m4 tests^[[22m^[[2m)^[[22m^[[32m 6^[[2mms^[[22m^[[39m
deploy-test	Run pnpm verify	2026-10-06T04:20:39.4071382Z  ^[[32m✓^[[39m packages/aws-clients/test/sqs-json-sender.test.ts ^[[2m(^[[22m^[[2m1 test^[[22m^[[2m)^[[22m^[[32m 9^[[2mms^[[22m^[[39m
deploy-test	Run pnpm verify	2026-10-06T04:20:39.5893864Z Bundling asset TestStack/DeviceApiFn/Code/Stage...
deploy-test	Run pnpm verify	2026-10-06T04:20:39.8677535Z  ^[[32m✓^[[39m apps/summary-worker/test/summary-runtime.test.ts ^[[2m(^[[22m^[[2m3 tests^[[22m^[[2m)^[[22m^[[32m 5^[[2mms^[[22m^[[39m
deploy-test	Run pnpm verify	2026-10-06T04:20:40.2032569Z  ^[[32m✓^[[39m apps/cloud-api/test/index.test.ts ^[[2m(^[[22m^[[2m2 tests^[[22m^[[2m)^[[22m^[[32m 3^[[2mms^[[22m^[[39m
deploy-test	Run pnpm verify	2026-10-06T04:20:40.3470220Z Bundling asset TestStack/ApiFn/Code/Stage...
deploy-test	Run pnpm verify	2026-10-06T04:20:40.4071304Z  ^[[32m✓^[[39m apps/summary-worker/test/index.test.ts ^[[2m(^[[22m^[[2m1 test^[[22m^[[2m)^[[22m^[[32m 3^[[2mms^[[22m^[[39m
deploy-test	Run pnpm verify	2026-10-06T04:20:40.5221838Z  ^[[32m✓^[[39m apps/ingestion-worker/test/index.test.ts ^[[2m(^[[22m^[[2m1 test^[[22m^[[2m)^[[22m^[[32m 4^[[2mms^[[22m^[[39m
deploy-test	Run pnpm verify	2026-10-06T04:20:40.9031188Z  ^[[32m✓^[[39m apps/archive-worker/test/index.test.ts ^[[2m(^[[22m^[[2m1 test^[[22m^[[2m)^[[22m^[[32m 3^[[2mms^[[22m^[[39m
deploy-test	Run pnpm verify	2026-10-06T04:20:41.0794215Z  ^[[32m✓^[[39m packages/observability/test/index.test.ts ^[[2m(^[[22m^[[2m1 test^[[22m^[[2m)^[[22m^[[32m 3^[[2mms^[[22m^[[39m
deploy-test	Run pnpm verify	2026-10-06T04:20:41.4272998Z  ^[[32m✓^[[39m infra/test/index.test.ts ^[[2m(^[[22m^[[2m1 test^[[22m^[[2m)^[[22m^[[32m 3^[[2mms^[[22m^[[39m
deploy-test	Run pnpm verify	2026-10-06T04:20:41.5825090Z  ^[[32m✓^[[39m packages/aws-clients/test/index.test.ts ^[[2m(^[[22m^[[2m1 test^[[22m^[[2m)^[[22m^[[32m 3^[[2mms^[[22m^[[39m
deploy-test	Run pnpm verify	2026-10-06T04:20:41.6849689Z  ^[[32m✓^[[39m packages/domain/test/index.test.ts ^[[2m(^[[22m^[[2m1 test^[[22m^[[2m)^[[22m^[[32m 3^[[2mms^[[22m^[[39m
deploy-test	Run pnpm verify	2026-10-06T04:20:43.1971155Z  ^[[32m✓^[[39m apps/admin-web/test/index.test.ts ^[[2m(^[[22m^[[2m1 test^[[22m^[[2m)^[[22m^[[32m 2^[[2mms^[[22m^[[39m
deploy-test	Run pnpm verify	2026-10-06T04:20:43.6569946Z  ^[[32m✓^[[39m infra/test/iot-rule-envelope.test.ts ^[[2m(^[[22m^[[2m3 tests^[[22m^[[2m)^[[22m^[[32m 5^[[2mms^[[22m^[[39m
deploy-test	Run pnpm verify	2026-10-06T04:20:43.6617621Z 
deploy-test	Run pnpm verify	2026-10-06T04:20:43.6622636Z ^[[2m Test Files ^[[22m ^[[1m^[[32m169 passed^[[39m^[[22m^[[90m (169)^[[39m
deploy-test	Run pnpm verify	2026-10-06T04:20:43.6629867Z ^[[2m      Tests ^[[22m ^[[1m^[[32m1372 passed^[[39m^[[22m^[[90m (1372)^[[39m
deploy-test	Run pnpm verify	2026-10-06T04:20:43.6630409Z ^[[2m   Start at ^[[22m 04:16:28
deploy-test	Run pnpm verify	2026-10-06T04:20:43.6632657Z ^[[2m   Duration ^[[22m 255.00s^[[2m (transform 6.60s, setup 1.04s, import 225.79s, tests 491.69s, environment 16.25s)^[[22m
deploy-test	Run pnpm verify	2026-10-06T04:20:43.6634264Z 
deploy-test	Run pnpm verify	2026-10-06T04:20:43.9567303Z 
deploy-test	Run pnpm verify	2026-10-06T04:20:43.9568232Z > food-digester-platform@0.0.0 test:contracts /home/runner/work/food-digester-platform/food-digester-platform
deploy-test	Run pnpm verify	2026-10-06T04:20:43.9569029Z > pnpm --filter @fdp/contracts test
deploy-test	Run pnpm verify	2026-10-06T04:20:43.9569408Z 
deploy-test	Run pnpm verify	2026-10-06T04:20:44.1834934Z 
deploy-test	Run pnpm verify	2026-10-06T04:20:44.1835977Z > @fdp/contracts@0.0.0 test /home/runner/work/food-digester-platform/food-digester-platform/contracts
deploy-test	Run pnpm verify	2026-10-06T04:20:44.1837410Z > node --import tsx --test mqtt/*.test.ts mqtt/*.test.mjs domain/*.test.ts lifecycle/*.test.ts media/*.test.ts security/*.test.ts rest/*.test.ts iot/*.test.mjs archive/*.test.mjs configuration/*.test.ts settings/*.test.ts
deploy-test	Run pnpm verify	2026-10-06T04:20:44.1837953Z 
deploy-test	Run pnpm verify	2026-10-06T04:20:44.3680543Z ✔ 合法 Manifest fixtures 通过校验 (2.146951ms)
deploy-test	Run pnpm verify	2026-10-06T04:20:44.3703988Z ✔ 非法 Manifest fixtures 被拒绝 (0.622899ms)
deploy-test	Run pnpm verify	2026-10-06T04:20:44.3847354Z ✔ DEC-016 已冻结且策略覆盖全部阻塞任务 (1.494467ms)
deploy-test	Run pnpm verify	2026-10-06T04:20:44.3852888Z ✔ 三类来源使用独立 Envelope 与互斥前缀 (0.335576ms)
deploy-test	Run pnpm verify	2026-10-06T04:20:44.3853658Z ✔ License/OTA 禁止伪装为 MQTT 原文，OTA 记录类型封闭 (0.240495ms)
deploy-test	Run pnpm verify	2026-10-06T04:20:44.3854315Z ✔ 归档 Envelope 判别字段和版本固定 (0.144473ms)
deploy-test	Run pnpm verify	2026-10-06T04:20:44.4675397Z ✔ DEC-018 策略结构有效、已冻结且覆盖全部阻塞任务 (2.534473ms)
deploy-test	Run pnpm verify	2026-10-06T04:20:44.4709495Z ✔ V1 只允许四字段，范围、单位、默认值与冻结值一致 (0.202469ms)
deploy-test	Run pnpm verify	2026-10-06T04:20:44.4779024Z ✔ Admin Configuration 与 Device Sync OpenAPI 逐字段匹配统一策略 (0.3453ms)
deploy-test	Run pnpm verify	2026-10-06T04:20:44.4787057Z ✔ TS 常量与 JSON 策略一致 (0.16304ms)
deploy-test	Run pnpm verify	2026-10-06T04:20:44.5681011Z ✔ 策略 JSON 通过自身 JSON Schema 结构校验 (2.646499ms)
deploy-test	Run pnpm verify	2026-10-06T04:20:44.5722892Z ✔ 负向结构：实时流启用、非法范围/刷新模式与缺失字段被 Schema 拒绝 (0.826ms)
deploy-test	Run pnpm verify	2026-10-06T04:20:44.5754467Z ✔ x-decision-versions 引用 DEC-009 且版本与决策登记一致；prototype-traceability.yaml 同步 (0.198513ms)
deploy-test	Run pnpm verify	2026-10-06T04:20:44.5772879Z ✔ 冻结值定性规则可执行：仅最新授权 Media、手动刷新、禁实时流 (0.18286ms)
deploy-test	Run pnpm verify	2026-10-06T04:20:44.5790388Z ✔ 策略消费者均为合法任务 ID 且覆盖 DEC-009 阻塞任务 (0.409244ms)
deploy-test	Run pnpm verify	2026-10-06T04:20:44.5829696Z ✔ TS 常量与 camera-interaction-policy.json 完全一致 (0.271982ms)
deploy-test	Run pnpm verify	2026-10-06T04:20:44.6344668Z ✔ 策略 JSON 通过自身 JSON Schema 结构校验 (1.852206ms)
deploy-test	Run pnpm verify	2026-10-06T04:20:44.6360968Z ✔ 负向结构：数据来源篡改与缺失字段被 Schema 拒绝 (0.786251ms)
deploy-test	Run pnpm verify	2026-10-06T04:20:44.6370635Z ✔ x-decision-versions 引用 DEC-008 且版本与决策登记一致；prototype-traceability.yaml 同步 (0.163932ms)
deploy-test	Run pnpm verify	2026-10-06T04:20:44.6401217Z ✔ 冻结值定性规则可执行：封闭类型集合、仅设备上报、禁云端臆测 (0.26422ms)
deploy-test	Run pnpm verify	2026-10-06T04:20:44.6459804Z ✔ 冻结参数可执行：正式名称、阈值和 24 小时过期规则 (0.551545ms)
deploy-test	Run pnpm verify	2026-10-06T04:20:44.6462629Z ✔ 策略消费者均为合法任务 ID 且覆盖 DEC-008 阻塞任务 (0.28435ms)
deploy-test	Run pnpm verify	2026-10-06T04:20:44.6463524Z ✔ TS 常量与 consumables-policy.json 完全一致 (0.273263ms)
deploy-test	Run pnpm verify	2026-10-06T04:20:44.7469988Z ✔ 策略 JSON 通过自身 JSON Schema 结构校验 (1.788922ms)
deploy-test	Run pnpm verify	2026-10-06T04:20:44.7510368Z ✔ 负向结构：联动规则反转与缺失字段被 Schema 拒绝 (0.701496ms)
deploy-test	Run pnpm verify	2026-10-06T04:20:44.7538393Z ✔ x-decision-versions 引用 DEC-007 且版本与决策登记一致；prototype-traceability.yaml 同步 (0.168889ms)
deploy-test	Run pnpm verify	2026-10-06T04:20:44.7539595Z ✔ 冻结值定性规则可执行：职责划分、联动与展示 (0.342346ms)
deploy-test	Run pnpm verify	2026-10-06T04:20:44.7540205Z ✔ 策略消费者均为合法任务 ID 且覆盖 DEC-007 阻塞任务与关联任务 (0.337639ms)
deploy-test	Run pnpm verify	2026-10-06T04:20:44.7541216Z ✔ TS 常量与 contract-license-relation.json 完全一致 (0.215368ms)
deploy-test	Run pnpm verify	2026-10-06T04:20:44.8136805Z ✔ DEC-019 alias 策略已冻结且无待定参数 (1.417063ms)
deploy-test	Run pnpm verify	2026-10-06T04:20:44.8164050Z ✔ TS、JSON 与 Admin Device OpenAPI 使用同一 alias 规则 (0.272192ms)
deploy-test	Run pnpm verify	2026-10-06T04:20:44.9186428Z ✔ 策略 JSON 通过自身 JSON Schema 结构校验 (1.827819ms)
deploy-test	Run pnpm verify	2026-10-06T04:20:44.9241774Z ✔ 负向结构：单字段混用、独立存储"启用"与缺失字段被 Schema 拒绝 (0.730148ms)
deploy-test	Run pnpm verify	2026-10-06T04:20:44.9274320Z ✔ x-decision-versions 引用 DEC-010 且版本与决策登记一致；prototype-traceability.yaml 同步 (0.17607ms)
deploy-test	Run pnpm verify	2026-10-06T04:20:44.9297872Z ✔ 冻结值定性规则可执行：四轴分离、禁单字段混用、派生原则 (0.280625ms)
deploy-test	Run pnpm verify	2026-10-06T04:20:44.9327958Z ✔ 冻结参数可执行：启用由 Active 生命周期和有效 License 派生 (0.157813ms)
deploy-test	Run pnpm verify	2026-10-06T04:20:44.9340299Z ✔ 策略消费者均为合法任务 ID 且覆盖 DEC-010 阻塞任务与关联任务 (0.289678ms)
deploy-test	Run pnpm verify	2026-10-06T04:20:44.9371387Z ✔ TS 常量与 device-status-axes-policy.json 完全一致 (0.204893ms)
deploy-test	Run pnpm verify	2026-10-06T04:20:45.0298464Z ✔ 策略 JSON 通过自身 JSON Schema 结构校验 (2.061644ms)
deploy-test	Run pnpm verify	2026-10-06T04:20:45.0317434Z ✔ 负向结构：设备地域真值与缺失字段被 Schema 拒绝 (0.554338ms)
deploy-test	Run pnpm verify	2026-10-06T04:20:45.0318293Z ✔ x-decision-versions 引用 DEC-011 且版本与决策登记一致；prototype-traceability.yaml 同步 (0.170291ms)
deploy-test	Run pnpm verify	2026-10-06T04:20:45.0319130Z ✔ 冻结值定性规则可执行：层级链、Site 属性、设备仅关联 Site (0.292171ms)
deploy-test	Run pnpm verify	2026-10-06T04:20:45.0319808Z ✔ 策略消费者均为合法任务 ID 且覆盖 DEC-011 阻塞任务 (0.247676ms)
deploy-test	Run pnpm verify	2026-10-06T04:20:45.0320318Z ✔ TS 常量与 geo-model-policy.json 完全一致 (0.129491ms)
deploy-test	Run pnpm verify	2026-10-06T04:20:45.0791448Z ✔ 策略 JSON 通过自身 JSON Schema 结构校验 (3.317019ms)
deploy-test	Run pnpm verify	2026-10-06T04:20:45.0817396Z ✔ 负向结构：AWS 授权、矩阵可编辑与缺失字段被 Schema 拒绝 (1.316515ms)
deploy-test	Run pnpm verify	2026-10-06T04:20:45.0870951Z ✔ x-decision-versions 引用 DEC-012 且版本与决策登记一致；prototype-traceability.yaml 同步 (0.213625ms)
deploy-test	Run pnpm verify	2026-10-06T04:20:45.0872176Z ✔ 冻结值定性规则可执行：封闭映射、界面名、AWS 权限与矩阵规则 (0.413951ms)
deploy-test	Run pnpm verify	2026-10-06T04:20:45.0872762Z ✔ 策略消费者均为合法任务 ID 且覆盖 DEC-012 阻塞任务 (0.586486ms)
deploy-test	Run pnpm verify	2026-10-06T04:20:45.0873479Z ✔ TS 常量与 role-mapping-policy.json 完全一致 (0.439619ms)
deploy-test	Run pnpm verify	2026-10-06T04:20:45.1150163Z ✔ Envelope 必填五个 iot* 上下文字段，Payload 平铺透传 (1.152892ms)
deploy-test	Run pnpm verify	2026-10-06T04:20:45.1180779Z ✔ iotType 枚举与 topic-catalog 上行类型严格一致（8 个） (0.415704ms)
deploy-test	Run pnpm verify	2026-10-06T04:20:45.1200530Z ✔ 所有合法 Fixture 通过校验（含 Payload 内不可信身份字段的样本） (0.898487ms)
deploy-test	Run pnpm verify	2026-10-06T04:20:45.1201312Z ✔ 所有非法 Fixture 被稳定拒绝且错误路径正确 (0.350438ms)
deploy-test	Run pnpm verify	2026-10-06T04:20:45.2911480Z ✔ 矩阵 JSON 通过自身 JSON Schema 结构校验 (2.323922ms)
deploy-test	Run pnpm verify	2026-10-06T04:20:45.2944860Z ✔ 负向结构：缺失必填字段、非法枚举与额外行为键被 Schema 拒绝 (1.334221ms)
deploy-test	Run pnpm verify	2026-10-06T04:20:45.2946124Z ✔ x-decision-versions 引用 DEC-001 且版本与决策登记一致 (0.179415ms)
deploy-test	Run pnpm verify	2026-10-06T04:20:45.2946940Z ✔ 冻结值：独立状态；允许维护、同步、遥测、告警和 OTA (0.219053ms)
deploy-test	Run pnpm verify	2026-10-06T04:20:45.2947760Z ✔ Maintenance Sync 节奏为 15 分钟（Suspended 节奏） (0.268076ms)
deploy-test	Run pnpm verify	2026-10-06T04:20:45.2953485Z ✔ 失败关闭：未知行为拒绝并抛出稳定错误 (0.465026ms)
deploy-test	Run pnpm verify	2026-10-06T04:20:45.2959493Z ✔ 命令策略与 command-catalog 一致：Maintenance 允许集合 == Suspended 允许集合 (0.484225ms)
deploy-test	Run pnpm verify	2026-10-06T04:20:45.2972257Z ✔ 行为条目消费者均为合法任务 ID 且覆盖 DEC-001 阻塞任务 (0.329777ms)
deploy-test	Run pnpm verify	2026-10-06T04:20:45.2985477Z ✔ TS 常量与 maintenance-behavior-matrix.json 完全一致 (0.76512ms)
deploy-test	Run pnpm verify	2026-10-06T04:20:45.3274761Z ✔ DEC-017 策略结构有效、已冻结且覆盖全部阻塞任务 (1.774821ms)
deploy-test	Run pnpm verify	2026-10-06T04:20:45.3301018Z ✔ 24 小时截止从证书包存储开始，截止边界包含在超时内 (0.414923ms)
deploy-test	Run pnpm verify	2026-10-06T04:20:45.3302119Z ✔ 超时处置、迟到 Heartbeat 与重新申请规则失败关闭 (0.163782ms)
deploy-test	Run pnpm verify	2026-10-06T04:20:45.3303270Z ✔ TS 常量与 JSON 策略一致 (0.168549ms)
deploy-test	Run pnpm verify	2026-10-06T04:20:45.3610945Z ✔ 策略 JSON 通过自身 JSON Schema 结构校验 (2.555974ms)
deploy-test	Run pnpm verify	2026-10-06T04:20:45.3612198Z ✔ 负向结构：存储位置篡改、非法处置行为与缺失字段被 Schema 拒绝 (0.760553ms)
deploy-test	Run pnpm verify	2026-10-06T04:20:45.3650378Z ✔ x-decision-versions 引用 DEC-005 且版本与决策登记一致 (0.178303ms)
deploy-test	Run pnpm verify	2026-10-06T04:20:45.3707420Z ✔ 冻结值定性规则可执行：RDS 元数据 / S3 文件分离 (0.261686ms)
deploy-test	Run pnpm verify	2026-10-06T04:20:45.3750575Z ✔ 冻结参数可执行：元数据 365 天、文件 90 天且删除文件保留元数据 (0.195859ms)
deploy-test	Run pnpm verify	2026-10-06T04:20:45.3894325Z ✔ 策略消费者均为合法任务 ID 且覆盖 DEC-005 阻塞任务与关联任务 (0.294215ms)
deploy-test	Run pnpm verify	2026-10-06T04:20:45.3990930Z ✔ TS 常量与 media-retention-policy.json 完全一致 (0.506278ms)
deploy-test	Run pnpm verify	2026-10-06T04:20:45.5379962Z ✔ 策略 JSON 通过自身 JSON Schema 结构校验 (1.974536ms)
deploy-test	Run pnpm verify	2026-10-06T04:20:45.5381066Z ✔ 负向结构：客户端指定 Key、篡改冻结 TTL/配额与缺失字段被 Schema 拒绝 (0.54223ms)
deploy-test	Run pnpm verify	2026-10-06T04:20:45.5382069Z ✔ 锁定规则：mediaTypes 与 CT-03 media.schema.json 枚举一致；客户端不得指定 Key (0.203911ms)
deploy-test	Run pnpm verify	2026-10-06T04:20:45.5382906Z ✔ DEC-024 冻结值可执行且无待定参数 (0.109521ms)
deploy-test	Run pnpm verify	2026-10-06T04:20:45.5400078Z ✔ TS 常量与 media-upload-policy.json 完全一致 (0.237741ms)
deploy-test	Run pnpm verify	2026-10-06T04:20:45.5700936Z ✔ 22 个 Command 全部唯一且覆盖六大分类 (1.538983ms)
deploy-test	Run pnpm verify	2026-10-06T04:20:45.5725965Z ✔ 13 个 Notification 全部唯一且有设备动作映射 (0.308085ms)
deploy-test	Run pnpm verify	2026-10-06T04:20:45.5780922Z ✔ 高风险标记与文档一致（EMERGENCY_STOP/FACTORY_RESET/SHUTDOWN/全部加热、排料、电机控制） (0.222479ms)
deploy-test	Run pnpm verify	2026-10-06T04:20:45.5813749Z ✔ 允许状态矩阵无遗漏：22 命令 × 4 状态 (0.312802ms)
deploy-test	Run pnpm verify	2026-10-06T04:20:45.5852023Z ✔ Suspended 仅允许安全停止、诊断、同步和维护/恢复类命令 (0.208498ms)
deploy-test	Run pnpm verify	2026-10-06T04:20:45.5855872Z ✔ MAINTENANCE 按 Suspended 限制（DEC-001 冻结值） (0.174999ms)
deploy-test	Run pnpm verify	2026-10-06T04:20:45.5856489Z ✔ 未知命令/通知在运行时被拒绝 (0.559436ms)
deploy-test	Run pnpm verify	2026-10-06T04:20:45.5856950Z ✔ denyReason 稳定且允许时返回 null (0.152836ms)
deploy-test	Run pnpm verify	2026-10-06T04:20:45.5857657Z ✔ TS 常量与 command-catalog.json / notification-catalog.json 完全一致 (0.293814ms)
deploy-test	Run pnpm verify	2026-10-06T04:20:45.5858465Z ✔ Schema 枚举与目录一致（cmd/ack command、notification type） (0.529632ms)
deploy-test	Run pnpm verify	2026-10-06T04:20:45.6562489Z ✔ 策略 JSON 通过自身 JSON Schema 结构校验 (1.882009ms)
deploy-test	Run pnpm verify	2026-10-06T04:20:45.6590563Z ✔ 负向结构：非法取值与缺失字段被 Schema 拒绝 (0.680325ms)
deploy-test	Run pnpm verify	2026-10-06T04:20:45.6608893Z ✔ x-decision-versions 引用 DEC-006 且版本与决策登记一致 (0.147578ms)
deploy-test	Run pnpm verify	2026-10-06T04:20:45.6634351Z ✔ 冻结值可执行：V1 下行 seq 可选、上行必填、Command 以 meta.id 幂等 (0.187287ms)
deploy-test	Run pnpm verify	2026-10-06T04:20:45.6695890Z ✔ 策略与 common.schema.json 一致：下行 metaBase 不要求 seq、id 必填；上行 metaSeq 要求 seq (0.267375ms)
deploy-test	Run pnpm verify	2026-10-06T04:20:45.6730317Z ✔ 下行/上行 Schema 的 meta 引用与策略一致 (0.721205ms)
deploy-test	Run pnpm verify	2026-10-06T04:20:45.6731118Z ✔ 策略消费者均为合法任务 ID 且覆盖 DEC-006 阻塞任务 (0.54858ms)
deploy-test	Run pnpm verify	2026-10-06T04:20:45.6731802Z ✔ TS 常量与 downlink-policy.json 完全一致 (0.281135ms)
deploy-test	Run pnpm verify	2026-10-06T04:20:45.7604056Z ✔ DEC-015 策略冻结、可追溯且覆盖全部阻塞任务 (1.64531ms)
deploy-test	Run pnpm verify	2026-10-06T04:20:45.7606624Z ✔ 唯一通道为既有 ACK；Topic 总数和 IoT 权限面不扩大 (0.320453ms)
deploy-test	Run pnpm verify	2026-10-06T04:20:45.7613238Z ✔ ACK 判别字段、关联键和 OTA 状态与冻结策略一致 (0.161439ms)
deploy-test	Run pnpm verify	2026-10-06T04:20:45.7618920Z ✔ 状态机只允许冻结的单向迁移；相同状态幂等 (0.203641ms)
deploy-test	Run pnpm verify	2026-10-06T04:20:45.7625657Z ✔ TS 常量与 JSON 策略完全一致 (0.265903ms)
deploy-test	Run pnpm verify	2026-10-06T04:20:45.8199640Z ✔ DEC-013 策略 JSON 通过自身 Schema 且覆盖登记阻塞任务 (2.309982ms)
deploy-test	Run pnpm verify	2026-10-06T04:20:45.8242321Z ✔ DEC-013 策略关键值被 Schema 锁定，篡改时失败关闭 (0.459269ms)
deploy-test	Run pnpm verify	2026-10-06T04:20:45.8281454Z ✔ DEC-013 策略冻结且无待定参数 (0.146426ms)
deploy-test	Run pnpm verify	2026-10-06T04:20:45.8282942Z ✔ Heartbeat 旧嵌套结构在兼容期转换为正式扁平结构且不修改原对象 (0.639875ms)
deploy-test	Run pnpm verify	2026-10-06T04:20:45.8283939Z ✔ Telemetry motorCurrentAmp 在兼容期转换为 currentAmp；同值并存允许、冲突失败关闭 (0.781865ms)
deploy-test	Run pnpm verify	2026-10-06T04:20:45.8284803Z ✔ 兼容截止边界起拒绝嵌套结构、motorCurrentAmp 与 DISCHARING (0.271751ms)
deploy-test	Run pnpm verify	2026-10-06T04:20:45.8285597Z ✔ RFC 8785 固定向量与 audit.hash 覆盖 {meta,data} (0.791339ms)
deploy-test	Run pnpm verify	2026-10-06T04:20:45.8726077Z ✔ 11 类消息均有 Schema 和 Fixture，且每类 >=1 合法 + >=3 非法 (1.567995ms)
deploy-test	Run pnpm verify	2026-10-06T04:20:45.8754706Z ✔ 所有合法 Fixture 通过校验 (3.936223ms)
deploy-test	Run pnpm verify	2026-10-06T04:20:45.8756060Z ✔ 所有非法 Fixture 被稳定拒绝并返回明确错误路径 (2.261691ms)
deploy-test	Run pnpm verify	2026-10-06T04:20:45.8756745Z ✔ 非法枚举被稳定拒绝且路径明确 (0.248828ms)
deploy-test	Run pnpm verify	2026-10-06T04:20:45.8757417Z ✔ 单位/类型错误被拒绝（integer 不接受小数与字符串） (0.632043ms)
deploy-test	Run pnpm verify	2026-10-06T04:20:45.8758188Z ✔ 缺少必填字段被拒绝（meta.id、上行 seq、Heartbeat 必填 data 字段） (0.454721ms)
deploy-test	Run pnpm verify	2026-10-06T04:20:45.8759016Z ✔ 额外身份字段（customerId/tenantId/deviceId）在各层均被拒绝 (0.54206ms)
deploy-test	Run pnpm verify	2026-10-06T04:20:45.8759906Z ✔ 下行消息 meta.seq 可选（DEC-006），上行强制 (0.276949ms)
deploy-test	Run pnpm verify	2026-10-06T04:20:45.8761482Z ✔ Telemetry/Report/Tamper 强制 audit.hash；Command 禁止 audit（DEC-002） (3.092577ms)
deploy-test	Run pnpm verify	2026-10-06T04:20:45.8762526Z ✔ DEC-013：Audited 合法 Fixture 携带可复算的 RFC 8785 audit.hash (1.798266ms)
deploy-test	Run pnpm verify	2026-10-06T04:20:45.8763363Z ✔ schemaVer 缺省按 1.0 归一化；非法 schemaVer 被拒绝 (0.69082ms)
deploy-test	Run pnpm verify	2026-10-06T04:20:45.8764029Z ✔ meta.id 字符集与长度固定 (0.271871ms)
deploy-test	Run pnpm verify	2026-10-06T04:20:45.8764738Z ✔ payloads.ts 与 Schema 保持一致（生成器新鲜度） (2.567141ms)
deploy-test	Run pnpm verify	2026-10-06T04:20:45.8781132Z ✔ 全部 Schema 的 x-decision-versions 可追溯到决策登记 (2.052621ms)
deploy-test	Run pnpm verify	2026-10-06T04:20:46.0213559Z ✔ Telemetry current (0.825008ms)
deploy-test	Run pnpm verify	2026-10-06T04:20:46.0234349Z ✔ Telemetry past 300s (0.098746ms)
deploy-test	Run pnpm verify	2026-10-06T04:20:46.0234872Z ✔ Telemetry past 301s (0.077905ms)
deploy-test	Run pnpm verify	2026-10-06T04:20:46.0235359Z ✔ Telemetry past 24h inclusive (0.063324ms)
deploy-test	Run pnpm verify	2026-10-06T04:20:46.0235869Z ✔ Telemetry past 24h plus 1ms (0.075982ms)
deploy-test	Run pnpm verify	2026-10-06T04:20:46.0236385Z ✔ Telemetry future 300s inclusive (0.105116ms)
deploy-test	Run pnpm verify	2026-10-06T04:20:46.0236931Z ✔ Telemetry future 300s plus 1ms (0.080078ms)
deploy-test	Run pnpm verify	2026-10-06T04:20:46.0237586Z ✔ other topics retain symmetric 300-second tolerance (0.174528ms)
deploy-test	Run pnpm verify	2026-10-06T04:20:46.0238588Z ✔ configured tolerance affects future bound but cannot enlarge Telemetry history (0.151744ms)
deploy-test	Run pnpm verify	2026-10-06T04:20:46.0240165Z ✔ invalid numeric policy inputs fail closed (0.224282ms)
deploy-test	Run pnpm verify	2026-10-06T04:20:46.0997022Z ✔ Tier 登记 JSON 通过自身 JSON Schema 结构校验 (2.547973ms)
deploy-test	Run pnpm verify	2026-10-06T04:20:46.1047150Z ✔ 负向结构：非法 Tier、未知 Topic 键与缺失字段被 Schema 拒绝 (1.387149ms)
deploy-test	Run pnpm verify	2026-10-06T04:20:46.1090605Z ✔ x-decision-versions 引用 DEC-002 且版本与决策登记一致 (0.183901ms)
deploy-test	Run pnpm verify	2026-10-06T04:20:46.1104473Z ✔ 冻结值：Telemetry/Report/Tamper 为 AUDITED，Command 及其余为 STANDARD (0.401352ms)
deploy-test	Run pnpm verify	2026-10-06T04:20:46.1108819Z ✔ Tier 与 topic-catalog.json 的 payloadEnvelope 完全一致 (0.264631ms)
deploy-test	Run pnpm verify	2026-10-06T04:20:46.1110653Z ✔ Tier 与 11 个 MQTT Schema 的 audit 强制完全一致 (0.777358ms)
deploy-test	Run pnpm verify	2026-10-06T04:20:46.1111388Z ✔ 失败关闭：未知 Topic 拒绝并抛出稳定错误 (0.652223ms)
deploy-test	Run pnpm verify	2026-10-06T04:20:46.1112063Z ✔ Tier 条目消费者均为合法任务 ID 且覆盖 DEC-002 阻塞任务 (0.415814ms)
deploy-test	Run pnpm verify	2026-10-06T04:20:46.1112825Z ✔ 登记覆盖全部 11 个 Topic 且 TS 常量与 topic-tier.json 完全一致 (0.73826ms)
deploy-test	Run pnpm verify	2026-10-06T04:20:46.1330813Z ✔ catalog 恰好包含 8 个上行和 3 个下行 Topic (1.632841ms)
deploy-test	Run pnpm verify	2026-10-06T04:20:46.1359098Z ✔ 11 个 Topic 的方向与 QoS 矩阵全部符合契约 (0.265252ms)
deploy-test	Run pnpm verify	2026-10-06T04:20:46.1366910Z ✔ TS 常量与 topic-catalog.json 完全一致 (0.236629ms)
deploy-test	Run pnpm verify	2026-10-06T04:20:46.1367762Z ✔ 合法 Topic 可解析出 deviceId/type/direction (0.254215ms)
deploy-test	Run pnpm verify	2026-10-06T04:20:46.1368509Z ✔ buildTopic 与 parseTopic 往返一致 (0.207637ms)
deploy-test	Run pnpm verify	2026-10-06T04:20:46.1369161Z ✔ 未知层级和空 deviceId 被拒绝 (0.512837ms)
deploy-test	Run pnpm verify	2026-10-06T04:20:46.1369920Z ✔ buildTopic 拒绝空和非法 deviceId (0.443846ms)
deploy-test	Run pnpm verify	2026-10-06T04:20:46.1370617Z ✔ 权限模板：设备只能发布自身上行、只能订阅自身下行 (0.287845ms)
deploy-test	Run pnpm verify	2026-10-06T04:20:46.1371579Z ✔ 权限模板拒绝非法 deviceId (0.251221ms)
deploy-test	Run pnpm verify	2026-10-06T04:20:46.2707120Z ✔ 六个端点齐备且 CognitoJwt 认证；响应码齐备 (1.230286ms)
deploy-test	Run pnpm verify	2026-10-06T04:20:46.2715065Z ✔ 筛选参数齐备：severity/status/device/site/时间范围 + 游标分页 (0.197171ms)
deploy-test	Run pnpm verify	2026-10-06T04:20:46.2716354Z ✔ Schema 封闭：Alarm 处理字段（操作者/原因/时间）与 replayed 齐备；确认/清除强制 reason (0.144784ms)
deploy-test	Run pnpm verify	2026-10-06T04:20:46.2730483Z ✔ 所有 $ref 可解析（内部引用 + 同目录相对引用 openapi-base.json） (0.864977ms)
deploy-test	Run pnpm verify	2026-10-06T04:20:46.3231572Z ✔ 端点齐备且 CognitoJwt 认证：列表 + 详情 (1.59773ms)
deploy-test	Run pnpm verify	2026-10-06T04:20:46.3241735Z ✔ 只读 API：不存在任何写路由（post/put/patch/delete） (0.214357ms)
deploy-test	Run pnpm verify	2026-10-06T04:20:46.3254834Z ✔ 筛选参数齐备（actor/Customer/对象/动作/结果/时间 + 游标分页）；响应不暴露敏感字段 (0.31171ms)
deploy-test	Run pnpm verify	2026-10-06T04:20:46.3262554Z ✔ 所有 $ref 可解析（内部引用 + openapi-base.json） (0.571054ms)
deploy-test	Run pnpm verify	2026-10-06T04:20:46.3523243Z ✔ 端点存在且 Cognito 认证；轮换请求视图为七字段且不含密钥材料 (1.355312ms)
deploy-test	Run pnpm verify	2026-10-06T04:20:46.3524519Z ✔ 所有 $ref 可解析（内部引用 + 同目录相对引用 openapi-base.json） (1.405436ms)
deploy-test	Run pnpm verify	2026-10-06T04:20:46.5219055Z ✔ 端点齐备且 CognitoJwt 认证；201 创建 + 200 幂等重放 + 409 冲突/状态门 (1.354506ms)
deploy-test	Run pnpm verify	2026-10-06T04:20:46.5235584Z ✔ 命令枚举与 CT-04 目录 22 个白名单一致；确认凭证与 timeoutSec 边界齐备 (0.24412ms)
deploy-test	Run pnpm verify	2026-10-06T04:20:46.5272834Z ✔ 响应 Schema 封闭且含 requestedBy/expiresAt/replayed/confirmedBy (0.151283ms)
deploy-test	Run pnpm verify	2026-10-06T04:20:46.5274498Z ✔ BE-CMD-03 查询端点齐备：列表/详情 + 状态枚举 + attempts/acks 时间线 (0.256008ms)
deploy-test	Run pnpm verify	2026-10-06T04:20:46.5275487Z ✔ 所有 $ref 可解析（内部引用 + 同目录相对引用 openapi-base.json） (1.834279ms)
deploy-test	Run pnpm verify	2026-10-06T04:20:46.5500336Z ✔ 七个端点齐备且 Cognito 认证；operationId 与响应码齐备 (2.998263ms)
deploy-test	Run pnpm verify	2026-10-06T04:20:46.5503717Z ✔ Schema 封闭：DEC-018 冻结 V1 四字段、单位、范围与默认值 (0.397107ms)
deploy-test	Run pnpm verify	2026-10-06T04:20:46.5521154Z ✔ 所有 $ref 可解析（内部引用 + 同目录相对引用 openapi-base.json） (3.226875ms)
deploy-test	Run pnpm verify	2026-10-06T04:20:46.5736518Z ✔ 列表与按需联系人端点齐备且 Cognito 认证；筛选参数齐备 (1.741461ms)
deploy-test	Run pnpm verify	2026-10-06T04:20:46.5760865Z ✔ Schema 封闭：两种耗材列恒在；列表零联系人 PII；按需联系人独立；百分比 0~100 (0.225844ms)
deploy-test	Run pnpm verify	2026-10-06T04:20:46.5786813Z ✔ 所有 $ref 可解析（内部引用 + 同目录相对引用 openapi-base.json） (0.661487ms)
deploy-test	Run pnpm verify	2026-10-06T04:20:46.7534739Z ✔ 六个端点齐备且 Cognito 认证；状态迁移强制 If-Match (1.365116ms)
deploy-test	Run pnpm verify	2026-10-06T04:20:46.7546820Z ✔ Schema 封闭：四态枚举/source 固定 ADMIN/幂等 replayed/完整历史字段 (0.251992ms)
deploy-test	Run pnpm verify	2026-10-06T04:20:46.7547830Z ✔ 所有 $ref 可解析（内部引用 + 同目录相对引用 openapi-base.json） (1.674974ms)
deploy-test	Run pnpm verify	2026-10-06T04:20:46.7805513Z ✔ 八个端点齐备且 Cognito 认证；写操作强制 If-Match (1.903471ms)
deploy-test	Run pnpm verify	2026-10-06T04:20:46.7820334Z ✔ Schema 封闭：五态枚举/唯一编号/强制原因/派生状态/最小权限 contact (0.262848ms)
deploy-test	Run pnpm verify	2026-10-06T04:20:46.7821558Z ✔ 所有 $ref 可解析（内部引用 + 同目录相对引用 openapi-base.json） (2.565059ms)
deploy-test	Run pnpm verify	2026-10-06T04:20:46.8002050Z ✔ 五个端点齐备且 Cognito 认证；operationId 与响应码齐备 (2.770632ms)
deploy-test	Run pnpm verify	2026-10-06T04:20:46.8017205Z ✔ Schema 封闭：设备视图字段齐备/关联窗口/强制原因/批量语义 (0.255367ms)
deploy-test	Run pnpm verify	2026-10-06T04:20:46.8018681Z ✔ 所有 $ref 可解析（内部引用 + 同目录相对引用 openapi-base.json） (0.790607ms)
deploy-test	Run pnpm verify	2026-10-06T04:20:46.9480967Z ✔ 六端点齐备且 Cognito 认证；写操作声明 If-Match；响应码齐备 (1.355161ms)
deploy-test	Run pnpm verify	2026-10-06T04:20:46.9483753Z ✔ Customer 视图六字段封闭；status 枚举 ACTIVE|SUSPENDED；请求体封闭 (0.152255ms)
deploy-test	Run pnpm verify	2026-10-06T04:20:46.9484799Z ✔ 所有 $ref 可解析（内部引用 + 同目录相对引用 openapi-base.json） (0.680585ms)
deploy-test	Run pnpm verify	2026-10-06T04:20:47.0021031Z ✔ 端点齐备且 CognitoJwt 认证：仅 GET 总览（只读，无写路由） (1.468027ms)
deploy-test	Run pnpm verify	2026-10-06T04:20:47.0051987Z ✔ 总览 DTO 齐备：Contract/设备分布/在线率/今日 ESG/最新告警/设备卡片；四轴分离不合并 (0.54151ms)
deploy-test	Run pnpm verify	2026-10-06T04:20:47.0081330Z ✔ 所有 $ref 可解析（内部引用 + openapi-base.json） (1.759548ms)
deploy-test	Run pnpm verify	2026-10-06T04:20:47.0254050Z ✔ 列表/详情端点存在且 Cognito 认证；筛选参数齐备；响应码齐备 (1.84143ms)
deploy-test	Run pnpm verify	2026-10-06T04:20:47.0255317Z ✔ Device 视图字段封闭（原型设备群表格字段均有来源）；证书仅摘要 (0.463734ms)
deploy-test	Run pnpm verify	2026-10-06T04:20:47.0256549Z ✔ BE-DEV-06 元数据 PATCH 端点：白名单仅 alias + If-Match 乐观锁 + 409 冲突语义 (0.234706ms)
deploy-test	Run pnpm verify	2026-10-06T04:20:47.0257510Z ✔ 所有 $ref 可解析（内部引用 + 同目录相对引用 openapi-base.json） (2.062936ms)
deploy-test	Run pnpm verify	2026-10-06T04:20:47.1736924Z ✔ 分配/历史端点齐备且 Cognito 认证；响应码齐备 (1.048628ms)
deploy-test	Run pnpm verify	2026-10-06T04:20:47.1749804Z ✔ DeviceAssignment 视图封闭：授权窗口（assignedAt/endedAt）+ 幂等/通知字段齐备 (0.19643ms)
deploy-test	Run pnpm verify	2026-10-06T04:20:47.1768717Z ✔ 所有 $ref 可解析（内部引用 + 同目录相对引用 openapi-base.json） (0.459038ms)
deploy-test	Run pnpm verify	2026-10-06T04:20:47.2314826Z ✔ 端点齐备且 CognitoJwt 认证：console/activities/export/导出详情 (1.575186ms)
deploy-test	Run pnpm verify	2026-10-06T04:20:47.2323762Z ✔ 四轴分离 + 数据块 observedAt/stale/单位；最新 Media 可选块稳定可空 (0.310999ms)
deploy-test	Run pnpm verify	2026-10-06T04:20:47.2333994Z ✔ 不透传 MQTT 原始消息、不含实时流/运维字段；所有 $ref 可解析 (3.796136ms)
deploy-test	Run pnpm verify	2026-10-06T04:20:47.2641226Z ✔ retire/force-complete 端点齐备且 Cognito 认证；响应码齐备 (1.488508ms)
deploy-test	Run pnpm verify	2026-10-06T04:20:47.2677252Z ✔ 请求体封闭：retire 强制原因 + confirm 恒 true；视图封闭且通知枚举正确 (0.367763ms)
deploy-test	Run pnpm verify	2026-10-06T04:20:47.2712659Z ✔ 所有 $ref 可解析（内部引用 + 同目录相对引用 openapi-base.json） (0.714255ms)
deploy-test	Run pnpm verify	2026-10-06T04:20:47.4152995Z ✔ suspend/reactivate 端点齐备且 Cognito 认证；响应码齐备 (1.068879ms)
deploy-test	Run pnpm verify	2026-10-06T04:20:47.4156576Z ✔ 请求体封闭：挂起强制原因；恢复强制原因 + issueResolved 恒 true；通知枚举正确 (0.189029ms)
deploy-test	Run pnpm verify	2026-10-06T04:20:47.4157496Z ✔ 所有 $ref 可解析（内部引用 + 同目录相对引用 openapi-base.json） (0.46715ms)
deploy-test	Run pnpm verify	2026-10-06T04:20:47.4638798Z ✔ 七个端点齐备且 Cognito 认证；写操作强制 If-Match (2.235622ms)
deploy-test	Run pnpm verify	2026-10-06T04:20:47.4650533Z ✔ Schema 封闭：管理 DTO 无 PHC；写接口只受控接收 writeOnly password (0.31868ms)
deploy-test	Run pnpm verify	2026-10-06T04:20:47.4674013Z ✔ 所有 $ref 可解析（内部引用 + 同目录相对引用 openapi-base.json） (2.1127ms)
deploy-test	Run pnpm verify	2026-10-06T04:20:47.5128733Z ✔ 八个端点齐备且 CognitoJwt 认证；导出创建返回 202 (1.561967ms)
deploy-test	Run pnpm verify	2026-10-06T04:20:47.5153684Z ✔ 查询筛选参数齐备（customerId/siteId/deviceId/时间范围 + 游标）；reports 含 reportType (0.22375ms)
deploy-test	Run pnpm verify	2026-10-06T04:20:47.5180937Z ✔ Schema 封闭：导出数据集枚举、短期 URL 过期字段、CSV 一致性字段 (0.190892ms)
deploy-test	Run pnpm verify	2026-10-06T04:20:47.5181700Z ✔ 所有 $ref 可解析（内部引用 + 同目录相对引用 openapi-base.json） (2.859733ms)
deploy-test	Run pnpm verify	2026-10-06T04:20:47.6658454Z ✔ 八个端点齐备且 Cognito 认证；operationId 与响应码齐备 (1.973595ms)
deploy-test	Run pnpm verify	2026-10-06T04:20:47.6673454Z ✔ Schema 封闭：七态枚举/Entitlement 三码/签名字段/强制原因/幂等与派生字段 (0.247736ms)
deploy-test	Run pnpm verify	2026-10-06T04:20:47.6697917Z ✔ 所有 $ref 可解析（内部引用 + 同目录相对引用 openapi-base.json） (1.9296ms)
deploy-test	Run pnpm verify	2026-10-06T04:20:47.7472378Z ✔ 四个审批端点存在且使用 Cognito JWT 认证 (3.186026ms)
deploy-test	Run pnpm verify	2026-10-06T04:20:47.7500623Z ✔ approve/reject 强制 If-Match；reject 强制 reason (0.780453ms)
deploy-test	Run pnpm verify	2026-10-06T04:20:47.7570705Z ✔ 申请 DTO 不含 CSR 原文 (0.399019ms)
deploy-test	Run pnpm verify	2026-10-06T04:20:47.7572003Z ✔ 管理端明确暴露内部 TIMED_OUT，列表状态过滤为封闭枚举 (0.700324ms)
deploy-test	Run pnpm verify	2026-10-06T04:20:47.7594720Z ✔ 所有 $ref 可解析（内部引用 + 同目录相对引用 openapi-base.json） (1.00895ms)
deploy-test	Run pnpm verify	2026-10-06T04:20:47.8006298Z ✔ 端点齐备且 CognitoJwt 认证：创建/列表/详情/targets/扩大批次/pause/resume/cancel/retry (1.705179ms)
deploy-test	Run pnpm verify	2026-10-06T04:20:47.8038977Z ✔ 首批强制恰好 1 台；最终全量审批契约封闭；状态机枚举封闭 (0.228808ms)
deploy-test	Run pnpm verify	2026-10-06T04:20:47.8076715Z ✔ 视图封闭且不泄露内部字段；批次/重试结果结构稳定 (0.197041ms)
deploy-test	Run pnpm verify	2026-10-06T04:20:47.8112024Z ✔ 所有 $ref 可解析（内部引用 + 同目录相对引用 openapi-base.json） (3.009885ms)
deploy-test	Run pnpm verify	2026-10-06T04:20:47.9057775Z ✔ 端点齐备且 CognitoJwt 认证：上传会话/complete/列表/详情 (1.071092ms)
deploy-test	Run pnpm verify	2026-10-06T04:20:47.9058779Z ✔ packageType/sha256 与 CT-03 OTA Schema 一致；创建字段封闭且签名必填 (0.192774ms)
deploy-test	Run pnpm verify	2026-10-06T04:20:47.9089751Z ✔ 状态机封闭：UPLOADED/VERIFIED/RETIRED；可发布=VERIFIED；视图不泄露信任根 (0.224331ms)
deploy-test	Run pnpm verify	2026-10-06T04:20:47.9098849Z ✔ 所有 $ref 可解析（内部引用 + 同目录相对引用 openapi-base.json） (0.542732ms)
deploy-test	Run pnpm verify	2026-10-06T04:20:47.9947937Z ✔ 端点存在且 Cognito 认证；三端点（create/list/detail）响应码齐备 (1.308001ms)
deploy-test	Run pnpm verify	2026-10-06T04:20:47.9953958Z ✔ ReplayJob 视图七字段封闭；状态枚举与统计字段齐备；scope 封闭 (0.29066ms)
deploy-test	Run pnpm verify	2026-10-06T04:20:47.9965265Z ✔ 所有 $ref 可解析（内部引用 + 同目录相对引用 openapi-base.json） (0.496854ms)
deploy-test	Run pnpm verify	2026-10-06T04:20:48.0594379Z ✔ 端点齐备且 CognitoJwt 认证：列表/读取/更新（无删除与新建路由） (1.501718ms)
deploy-test	Run pnpm verify	2026-10-06T04:20:48.0629118Z ✔ 封闭 key 集与乐观锁版本控制；固定枚举不可经 API 改写 (0.300184ms)
deploy-test	Run pnpm verify	2026-10-06T04:20:48.0640349Z ✔ 所有 $ref 可解析（内部引用 + openapi-base.json） (0.518646ms)
deploy-test	Run pnpm verify	2026-10-06T04:20:48.1623908Z ✔ 六端点齐备且 Cognito 认证；写操作声明 If-Match；响应码齐备 (2.366985ms)
deploy-test	Run pnpm verify	2026-10-06T04:20:48.1650813Z ✔ Site 视图字段封闭（含 deviceCount/version）；status 枚举；请求体封闭且更新体不含 customerId (0.300163ms)
deploy-test	Run pnpm verify	2026-10-06T04:20:48.1680573Z ✔ 所有 $ref 可解析（内部引用 + 同目录相对引用 openapi-base.json） (1.062689ms)
deploy-test	Run pnpm verify	2026-10-06T04:20:48.2360174Z ✔ 端点齐备且 CognitoJwt 认证：列表/邀请/角色/scope/停用/密码重置 (1.796733ms)
deploy-test	Run pnpm verify	2026-10-06T04:20:48.2384595Z ✔ 角色封闭集与 DEC-012 映射；输入不含密码字段；响应不含凭证材料 (0.254656ms)
deploy-test	Run pnpm verify	2026-10-06T04:20:48.2385708Z ✔ 所有 $ref 可解析（内部引用 + openapi-base.json） (1.94983ms)
deploy-test	Run pnpm verify	2026-10-06T04:20:48.2677816Z ✔ 端点存在且使用 Device mTLS 认证 (1.303505ms)
deploy-test	Run pnpm verify	2026-10-06T04:20:48.2694636Z ✔ 轮换契约：请求强制 currentCertificateId；响应五字段；409/403/400/401 齐整 (0.498556ms)
deploy-test	Run pnpm verify	2026-10-06T04:20:48.2718163Z ✔ 状态契约为四态枚举且响应不含 PEM/私钥字段 (0.197272ms)
deploy-test	Run pnpm verify	2026-10-06T04:20:48.2730830Z ✔ 状态查询由 mTLS 身份定位证书，不增加源稿未定义的 deviceId Query (0.125044ms)
deploy-test	Run pnpm verify	2026-10-06T04:20:48.2747810Z ✔ 所有 $ref 可解析（内部引用 + 同目录相对引用 openapi-base.json） (0.755195ms)
deploy-test	Run pnpm verify	2026-10-06T04:20:48.3917348Z ✔ deactivate 端点齐备且 DeviceMtls 认证；响应码齐备 (1.067116ms)
deploy-test	Run pnpm verify	2026-10-06T04:20:48.3921452Z ✔ 响应视图封闭：退役记录 + 证书摘要（无证书材料字段）；幂等字段齐备 (0.321539ms)
deploy-test	Run pnpm verify	2026-10-06T04:20:48.3928506Z ✔ 所有 $ref 可解析（内部引用 + 同目录相对引用 openapi-base.json） (0.443825ms)
deploy-test	Run pnpm verify	2026-10-06T04:20:48.4755622Z ✔ BE-ONB-01 端点存在且 CSR 首次申请无需预置 Token (1.351987ms)
deploy-test	Run pnpm verify	2026-10-06T04:20:48.4756876Z ✔ 请求体包含设备资料和必填 CSR (0.246684ms)
deploy-test	Run pnpm verify	2026-10-06T04:20:48.4757951Z ✔ 成功响应含 requestId 与 PENDING 状态（200 幂等重放 / 201 新建） (0.180947ms)
deploy-test	Run pnpm verify	2026-10-06T04:20:48.4758960Z ✔ 匿名申请负向响应覆盖稳定错误码语义：400/404/409/429/500 (0.176201ms)
deploy-test	Run pnpm verify	2026-10-06T04:20:48.4760112Z ✔ 所有 $ref 可解析（内部引用 + 同目录相对引用 openapi-base.json） (0.763888ms)
deploy-test	Run pnpm verify	2026-10-06T04:20:48.4761526Z ✔ BE-ONB-03 status 端点：requestId 与 CSR 私钥签名，三态响应不含设备私钥 (0.386782ms)
deploy-test	Run pnpm verify	2026-10-06T04:20:48.5098618Z ✔ BE-OTA-03 下载兑换必须使用 Device mTLS 且绑定 target/token (1.553625ms)
deploy-test	Run pnpm verify	2026-10-06T04:20:48.5151931Z ✔ 一次性兑换响应禁止缓存，并封闭安全失败状态 (0.213585ms)
deploy-test	Run pnpm verify	2026-10-06T04:20:48.6503638Z ✔ 六个设备 Endpoint 的 Method、Path 完整且认证方式符合 DEC-025 (2.05869ms)
deploy-test	Run pnpm verify	2026-10-06T04:20:48.6524638Z ✔ Onboarding 按 DEC-026 增加 chain 与 REST，保留顶层结构，不使用 data/meta 包裹 (0.26398ms)
deploy-test	Run pnpm verify	2026-10-06T04:20:48.6525800Z ✔ Certificate 与 Sync 关键字段遵循源稿日期、枚举、用户和配置结构 (0.247034ms)
deploy-test	Run pnpm verify	2026-10-06T04:20:48.6527209Z ✔ 管理端 License/Device 投影不把源稿 OTA entitlement 改名为 OTA_UPDATE (0.144464ms)
deploy-test	Run pnpm verify	2026-10-06T04:20:48.6528680Z ✔ 所有 REST OpenAPI 使用当前正式决策登记版本且无非法 SEC 决策引用 (15.840663ms)
deploy-test	Run pnpm verify	2026-10-06T04:20:48.7082651Z ✔ sync 端点齐备且 DeviceMtls 认证；响应码齐备 (1.214764ms)
deploy-test	Run pnpm verify	2026-10-06T04:20:48.7102218Z ✔ 请求体封闭：lastSyncTime 与可选许可证确认 (0.153297ms)
deploy-test	Run pnpm verify	2026-10-06T04:20:48.7109481Z ✔ 快照顶层与源稿六域同形，兼容元数据不成为必填线协议 (0.421963ms)
deploy-test	Run pnpm verify	2026-10-06T04:20:48.7110389Z ✔ Retired 退役确认待处理设备仍可 Sync，契约不在认证层全局拒绝 (0.206906ms)
deploy-test	Run pnpm verify	2026-10-06T04:20:48.7111447Z ✔ 所有 $ref 可解析（内部引用 + 同目录相对引用 openapi-base.json） (0.688818ms)
deploy-test	Run pnpm verify	2026-10-06T04:20:48.7112577Z ✔ 许可证确认绑定版本与快照，规范验签输入保留完整UTC时间 (0.184553ms)
deploy-test	Run pnpm verify	2026-10-06T04:20:48.7661726Z ✔ 基座 SuccessResponse 结构：data + meta(requestId, UTC timestamp) (2.120862ms)
deploy-test	Run pnpm verify	2026-10-06T04:20:48.7719859Z ✔ 游标分页响应与往返解析 (0.386481ms)
deploy-test	Run pnpm verify	2026-10-06T04:20:48.7740847Z ✔ 非法游标返回 CURSOR_INVALID（400） (0.378078ms)
deploy-test	Run pnpm verify	2026-10-06T04:20:48.7750359Z ✔ limit 归一化：默认 50，范围 1~100 (0.193666ms)
deploy-test	Run pnpm verify	2026-10-06T04:20:48.7780641Z ✔ Idempotency-Key：缺失/非法被拒绝，合法值透传 (0.480349ms)
deploy-test	Run pnpm verify	2026-10-06T04:20:48.7812264Z ✔ If-Match 并发版本冲突返回确定的 409 (0.761474ms)
deploy-test	Run pnpm verify	2026-10-06T04:20:48.7852006Z ✔ 验证失败有确定响应（400 + VALIDATION_FAILED） (0.219565ms)
deploy-test	Run pnpm verify	2026-10-06T04:20:48.7870408Z ✔ 异常映射器不泄露堆栈、SQL 或 AWS 内部错误 (0.185534ms)
deploy-test	Run pnpm verify	2026-10-06T04:20:48.7900935Z ✔ 错误码目录、HTTP 状态映射与 OpenAPI ErrorCode 枚举三者一致 (0.633917ms)
deploy-test	Run pnpm verify	2026-10-06T04:20:48.7921307Z ✔ OpenAPI 基座结构有效：四个 API 分组与安全方案 (0.538004ms)
deploy-test	Run pnpm verify	2026-10-06T04:20:48.7932070Z ✔ OpenAPI 基座所有内部 $ref 均可解析（无悬空引用） (0.503383ms)
deploy-test	Run pnpm verify	2026-10-06T04:20:48.9046806Z ✔ 设备端：上传会话端点齐备且 DeviceMtls 认证；输入封闭；objectPath 由服务端签发 (1.437953ms)
deploy-test	Run pnpm verify	2026-10-06T04:20:48.9054244Z ✔ 管理端：列表/下载端点齐备且 CognitoJwt 认证；视图不泄露内部存储信息 (0.25054ms)
deploy-test	Run pnpm verify	2026-10-06T04:20:48.9060216Z ✔ Media 状态枚举封闭（AVAILABLE/DELETED）；配额/大小/TTL 引用 DEC-024 冻结值 (0.155359ms)
deploy-test	Run pnpm verify	2026-10-06T04:20:48.9065415Z ✔ 所有 $ref 可解析（内部引用 + openapi-base.json） (0.531675ms)
deploy-test	Run pnpm verify	2026-10-06T04:20:48.9737348Z ✔ 策略 JSON 通过自身 JSON Schema 结构校验 (2.18675ms)
deploy-test	Run pnpm verify	2026-10-06T04:20:48.9782596Z ✔ 负向结构：非法枚举、非空待冻结参数与缺失字段被 Schema 拒绝 (1.072935ms)
deploy-test	Run pnpm verify	2026-10-06T04:20:48.9815044Z ✔ x-decision-versions 引用 DEC-003 且版本与决策登记一致 (0.153457ms)
deploy-test	Run pnpm verify	2026-10-06T04:20:48.9875203Z ✔ 暂定值定性规则可执行：KMS 信封、一次性领取、成功即销毁、丢失重签 (0.194026ms)
deploy-test	Run pnpm verify	2026-10-06T04:20:48.9876295Z ✔ 冻结参数可直接执行：24 小时、一次成功领取、无待定参数 (0.237912ms)
deploy-test	Run pnpm verify	2026-10-06T04:20:48.9900427Z ✔ 策略消费者均为合法任务 ID 且覆盖 DEC-003 阻塞任务与 SEC-01 (0.29781ms)
deploy-test	Run pnpm verify	2026-10-06T04:20:48.9920390Z ✔ TS 常量与 certificate-package-policy.json 完全一致 (0.314074ms)
deploy-test	Run pnpm verify	2026-10-06T04:20:49.0491247Z ✔ 策略 JSON 通过自身 JSON Schema 结构校验 (2.685727ms)
deploy-test	Run pnpm verify	2026-10-06T04:20:49.0508165Z ✔ 负向结构：复用云端 Hash、非独立 salt 与非法字段被 Schema 拒绝 (0.88739ms)
deploy-test	Run pnpm verify	2026-10-06T04:20:49.0511260Z ✔ x-decision-versions 引用 DEC-004 且版本与决策登记一致 (0.151503ms)
deploy-test	Run pnpm verify	2026-10-06T04:20:49.0512207Z ✔ 暂定值定性规则可执行：设备本地专用、禁复用云端 Hash、每用户 salt、仅 Sync 下发 (0.255918ms)
deploy-test	Run pnpm verify	2026-10-06T04:20:49.0512942Z ✔ 冻结参数可直接执行：Argon2id PHC、固定参数与长度 (0.206666ms)
deploy-test	Run pnpm verify	2026-10-06T04:20:49.0513622Z ✔ 策略消费者均为合法任务 ID 且覆盖 DEC-004 阻塞任务 (0.381763ms)
deploy-test	Run pnpm verify	2026-10-06T04:20:49.0514358Z ✔ TS 常量与 device-user-verifier-policy.json 完全一致 (0.26429ms)
deploy-test	Run pnpm verify	2026-10-06T04:20:49.1305629Z ✔ 策略 JSON 通过自身 JSON Schema 结构校验 (1.50335ms)
deploy-test	Run pnpm verify	2026-10-06T04:20:49.1306701Z ✔ 负向结构：跳过服务端验签、非失败关闭与内嵌信任根被 Schema 拒绝 (0.560077ms)
deploy-test	Run pnpm verify	2026-10-06T04:20:49.1316968Z ✔ 暂定值定性规则可执行：服务端验签强制、失败关闭、载荷字段锁定、信任根带外分发 (0.188708ms)
deploy-test	Run pnpm verify	2026-10-06T04:20:49.1317943Z ✔ DEC-022 冻结算法、信任根类型、编码且无待定参数 (0.139556ms)
deploy-test	Run pnpm verify	2026-10-06T04:20:49.1319056Z ✔ DEC-022 固定 RSA/SHA-256 测试向量可复验 (1.168145ms)
deploy-test	Run pnpm verify	2026-10-06T04:20:49.1328133Z ✔ 策略消费者均为合法任务 ID 且覆盖 BE-OTA-01 (0.204702ms)
deploy-test	Run pnpm verify	2026-10-06T04:20:49.1329689Z ✔ TS 常量与 ota-package-signature-policy.json 完全一致 (0.22359ms)
deploy-test	Run pnpm verify	2026-10-06T04:20:49.2987480Z ✔ 四类业务设置共享版本化 JSON Schema 与运行时校验器 (60.938522ms)
deploy-test	Run pnpm verify	2026-10-06T04:20:49.3186520Z ℹ tests 302
deploy-test	Run pnpm verify	2026-10-06T04:20:49.3186822Z ℹ suites 0
deploy-test	Run pnpm verify	2026-10-06T04:20:49.3187006Z ℹ pass 302
deploy-test	Run pnpm verify	2026-10-06T04:20:49.3187175Z ℹ fail 0
deploy-test	Run pnpm verify	2026-10-06T04:20:49.3187360Z ℹ cancelled 0
deploy-test	Run pnpm verify	2026-10-06T04:20:49.3187561Z ℹ skipped 0
deploy-test	Run pnpm verify	2026-10-06T04:20:49.3187734Z ℹ todo 0
deploy-test	Run pnpm verify	2026-10-06T04:20:49.3187945Z ℹ duration_ms 5110.528544
deploy-test	Run pnpm verify	2026-10-06T04:20:49.5650914Z 
deploy-test	Run pnpm verify	2026-10-06T04:20:49.5652103Z > food-digester-platform@0.0.0 test:scripts /home/runner/work/food-digester-platform/food-digester-platform
deploy-test	Run pnpm verify	2026-10-06T04:20:49.5653113Z > node --import tsx --test scripts/*.test.mjs
deploy-test	Run pnpm verify	2026-10-06T04:20:49.5653446Z 
deploy-test	Run pnpm verify	2026-10-06T04:20:53.3801073Z ✔ bootstrap input is bound to the normalized email and never accepts a password (1.989999ms)
deploy-test	Run pnpm verify	2026-10-06T04:20:53.3802556Z ✔ successful bootstrap creates Cognito identity before committing linked database user (0.496804ms)
deploy-test	Run pnpm verify	2026-10-06T04:20:53.3803753Z ✔ non-pristine Cognito or database fails before any mutation (0.441582ms)
deploy-test	Run pnpm verify	2026-10-06T04:20:53.3805237Z ✔ database failure deletes Cognito identity and records compensated failure (0.468021ms)
deploy-test	Run pnpm verify	2026-10-06T04:20:53.3806387Z ✔ failed Cognito compensation keeps reconciliation required (0.35843ms)
deploy-test	Run pnpm verify	2026-10-06T04:20:53.3809053Z ✔ source approval requires exact SHA and packager embeds committed SHA (3592.922107ms)
deploy-test	Run pnpm verify	2026-10-06T04:20:53.3814769Z ✔ runner without approved source fails closed without leaking configuration (41.898504ms)
deploy-test	Run pnpm verify	2026-10-06T04:20:53.4091282Z ✔ serial and parallel repeated browser receipts are validated (7.241383ms)
deploy-test	Run pnpm verify	2026-10-06T04:20:53.4092857Z ✔ fail closed: missing required flow (0.502672ms)
deploy-test	Run pnpm verify	2026-10-06T04:20:53.4099765Z ✔ fail closed: skipped execution (1.072534ms)
deploy-test	Run pnpm verify	2026-10-06T04:20:53.4100570Z ✔ fail closed: flaky execution (0.255857ms)
deploy-test	Run pnpm verify	2026-10-06T04:20:53.4101277Z ✔ fail closed: retry hides failure (0.269448ms)
deploy-test	Run pnpm verify	2026-10-06T04:20:53.4101930Z ✔ fail closed: unexpected error (0.509722ms)
deploy-test	Run pnpm verify	2026-10-06T04:20:53.4102600Z ✔ fail closed: missing isolated trace (0.332862ms)
deploy-test	Run pnpm verify	2026-10-06T04:20:53.4103315Z ✔ fail closed: data prefix reused (1.695985ms)
deploy-test	Run pnpm verify	2026-10-06T04:20:53.4104005Z ✔ fail closed: context cleanup failed (1.227162ms)
deploy-test	Run pnpm verify	2026-10-06T04:20:53.4104705Z ✔ fail closed: unmocked network request (1.912093ms)
deploy-test	Run pnpm verify	2026-10-06T04:20:53.4105394Z ✔ fail closed: missing role proof (0.894561ms)
deploy-test	Run pnpm verify	2026-10-06T04:20:53.4106074Z ✔ fail closed: wrong route permission (0.471747ms)
deploy-test	Run pnpm verify	2026-10-06T04:20:53.4106784Z ✔ fail closed: Auditor OTA write enabled (0.479498ms)
deploy-test	Run pnpm verify	2026-10-06T04:20:53.4107463Z ✔ fail closed: missing MFA assertion (0.503203ms)
deploy-test	Run pnpm verify	2026-10-06T04:20:53.4108606Z ✔ fail closed: missing conflict response (0.453931ms)
deploy-test	Run pnpm verify	2026-10-06T04:20:53.4109441Z ✔ fail closed: missing forbidden response (2.207605ms)
deploy-test	Run pnpm verify	2026-10-06T04:20:53.4110119Z ✔ fail closed: missing repeat (0.262978ms)
deploy-test	Run pnpm verify	2026-10-06T04:20:53.4110872Z ✔ repeat traces cannot duplicate the first execution (0.459529ms)
deploy-test	Run pnpm verify	2026-10-06T04:20:53.4111819Z ✔ manifest exactly matches independent Playwright discovery (1206.727691ms)
deploy-test	Run pnpm verify	2026-10-06T04:20:53.4112651Z ✔ discovery fails closed: missing case (0.601949ms)
deploy-test	Run pnpm verify	2026-10-06T04:20:53.4113355Z ✔ discovery fails closed: extra case (0.265583ms)
deploy-test	Run pnpm verify	2026-10-06T04:20:53.4114173Z ✔ discovery fails closed: duplicate replacing required case (0.252092ms)
deploy-test	Run pnpm verify	2026-10-06T04:20:53.4115096Z ✔ old Viewer permission cannot pass the updated matrix (2.231816ms)
deploy-test	Run pnpm verify	2026-10-06T04:20:53.4116219Z ✔ required behavioral proof cannot be missing: QA-09 设备管理长别名和序列号在375px完整换行且不裁切 (0.569922ms)
deploy-test	Run pnpm verify	2026-10-06T04:20:53.4117707Z ✔ required behavioral proof cannot be missing: H-01 API 拒绝停用会话后清除浏览器会话并返回登录 (0.4741ms)
deploy-test	Run pnpm verify	2026-10-06T04:20:53.4118970Z ✔ required behavioral proof cannot be missing: M-01 CustomerViewer 从菜单查询设备用户详情，全部写入口隐藏 (0.489833ms)
deploy-test	Run pnpm verify	2026-10-06T04:20:53.4121294Z ✔ required behavioral proof cannot be missing: UI redesign: all business routes at 1366x768 (0.844147ms)
deploy-test	Run pnpm verify	2026-10-06T04:20:53.4122602Z ✔ required behavioral proof cannot be missing: UI redesign: all business routes at 1440x900 (1.417544ms)
deploy-test	Run pnpm verify	2026-10-06T04:20:53.4123887Z ✔ required behavioral proof cannot be missing: UI redesign: all business routes at 1920x1080 (0.472949ms)
deploy-test	Run pnpm verify	2026-10-06T04:20:53.4125565Z ✔ required behavioral proof cannot be missing: QA05 login SRP MFA error success logout without persisting password (0.847782ms)
deploy-test	Run pnpm verify	2026-10-06T04:20:53.4127019Z ✔ required behavioral proof cannot be missing: QA05 ESG cursor totals export snapshot timezone and empty state (0.29798ms)
deploy-test	Run pnpm verify	2026-10-06T04:20:53.4129243Z ✔ required behavioral proof cannot be missing: QA05 Command dangerous confirmation terminal result and publish failure (0.333192ms)
deploy-test	Run pnpm verify	2026-10-06T04:20:53.4130935Z ✔ required behavioral proof cannot be missing: QA05 Media expiry renew 403 and audit read-only zero writes (0.299803ms)
deploy-test	Run pnpm verify	2026-10-06T04:20:53.4132184Z ✔ serial and repeated phases require all 108 independent prefixes (0.970523ms)
deploy-test	Run pnpm verify	2026-10-06T04:20:53.4133350Z ✔ phase budget accounts for startup, executions and worker slots, with a finite ceiling (0.313193ms)
deploy-test	Run pnpm verify	2026-10-06T04:20:53.4134361Z ✔ invalid phase budget rejected: repeat=0 workers=1 (0.262417ms)
deploy-test	Run pnpm verify	2026-10-06T04:20:53.4135206Z ✔ invalid phase budget rejected: repeat=1 workers=0 (0.104474ms)
deploy-test	Run pnpm verify	2026-10-06T04:20:53.4136046Z ✔ invalid phase budget rejected: repeat=0.5 workers=1 (0.089602ms)
deploy-test	Run pnpm verify	2026-10-06T04:20:53.4136888Z ✔ invalid phase budget rejected: repeat=1 workers=0.5 (0.078797ms)
deploy-test	Run pnpm verify	2026-10-06T04:20:53.4137758Z ✔ invalid phase budget rejected: repeat=Infinity workers=1 (0.080749ms)
deploy-test	Run pnpm verify	2026-10-06T04:20:53.4138633Z ✔ invalid phase budget rejected: repeat=1 workers=NaN (0.078106ms)
deploy-test	Run pnpm verify	2026-10-06T04:20:53.4139779Z ✔ real child-process timeout is classified and cannot create a successful phase (54.255462ms)
deploy-test	Run pnpm verify	2026-10-06T04:20:53.4141062Z ✔ failed/killed process cannot pass: status=1 (0.16263ms)
deploy-test	Run pnpm verify	2026-10-06T04:20:53.4141871Z ✔ failed/killed process cannot pass: status=null (0.074811ms)
deploy-test	Run pnpm verify	2026-10-06T04:20:53.4142782Z ✔ spawn errors reject without disclosing raw process error details (0.462983ms)
deploy-test	Run pnpm verify	2026-10-06T04:20:53.4143838Z ✔ successful process may proceed to the strict report and trace validator (0.639845ms)
deploy-test	Run pnpm verify	2026-10-06T04:20:53.4144692Z ✔ 真实 OpenAPI 片段可确定性打包且无外部引用 (88.977118ms)
deploy-test	Run pnpm verify	2026-10-06T04:20:53.4145308Z ✔ bundle 新鲜度检查拒绝缺失或过期产物 (150.89759ms)
deploy-test	Run pnpm verify	2026-10-06T04:20:53.4145966Z ✔ 失败示例：非法 OpenAPI 版本与缺少 responses 被拒绝 (0.381013ms)
deploy-test	Run pnpm verify	2026-10-06T04:20:53.4146609Z ✔ 失败示例：全局重复 operationId 被拒绝 (0.204231ms)
deploy-test	Run pnpm verify	2026-10-06T04:20:53.4147251Z ✔ 失败示例：非法 parameter 与 Schema 被拒绝 (0.296328ms)
deploy-test	Run pnpm verify	2026-10-06T04:20:53.4147884Z ✔ 仓库提交的统一 bundle 与当前片段一致 (31.095511ms)
deploy-test	Run pnpm verify	2026-10-06T04:20:53.4148874Z ✔ scoped Gate accepts the archived real-target receipt, without promoting full acceptance (16.235746ms)
deploy-test	Run pnpm verify	2026-10-06T04:20:53.4150165Z ✔ scoped Gate rejects missing role (17.584233ms)
deploy-test	Run pnpm verify	2026-10-06T04:20:53.4150857Z ✔ scoped Gate rejects wrong SHA (12.163427ms)
deploy-test	Run pnpm verify	2026-10-06T04:20:53.4151545Z ✔ scoped Gate rejects unverified Lambda (12.73402ms)
deploy-test	Run pnpm verify	2026-10-06T04:20:53.4152238Z ✔ scoped Gate rejects runtime drift (12.948031ms)
deploy-test	Run pnpm verify	2026-10-06T04:20:53.4152918Z ✔ scoped Gate rejects mocked API (14.698266ms)
deploy-test	Run pnpm verify	2026-10-06T04:20:53.4153591Z ✔ scoped Gate rejects empty tenant (12.218594ms)
deploy-test	Run pnpm verify	2026-10-06T04:20:53.4154355Z ✔ scoped Gate rejects cross-Customer list leak (14.89086ms)
deploy-test	Run pnpm verify	2026-10-06T04:20:53.4155148Z ✔ scoped Gate rejects Viewer mutation accepted (11.786215ms)
deploy-test	Run pnpm verify	2026-10-06T04:20:53.4155885Z ✔ scoped Gate rejects expired old Token (10.837454ms)
deploy-test	Run pnpm verify	2026-10-06T04:20:53.4156643Z ✔ scoped Gate rejects two duplicate successes (10.785718ms)
deploy-test	Run pnpm verify	2026-10-06T04:20:53.4157441Z ✔ scoped Gate rejects two optimistic successes (10.772769ms)
deploy-test	Run pnpm verify	2026-10-06T04:20:53.4158173Z ✔ scoped Gate rejects bundled Firefox (9.931136ms)
deploy-test	Run pnpm verify	2026-10-06T04:20:53.4158958Z ✔ scoped Gate rejects missing browser-role case (10.037443ms)
deploy-test	Run pnpm verify	2026-10-06T04:20:53.4160068Z ✔ scoped Gate rejects persisted edit belongs to another record (11.765185ms)
deploy-test	Run pnpm verify	2026-10-06T04:20:53.4161205Z ✔ scoped Gate rejects forbidden page rendered as business page (11.915206ms)
deploy-test	Run pnpm verify	2026-10-06T04:20:53.4162221Z ✔ scoped Gate rejects missing screenshot (4.074947ms)
deploy-test	Run pnpm verify	2026-10-06T04:20:53.4163264Z ✔ scoped Gate rejects cleanup duplicate hides missing ID (10.78043ms)
deploy-test	Run pnpm verify	2026-10-06T04:20:53.4164051Z ✔ scoped Gate rejects cleanup incomplete (14.847577ms)
deploy-test	Run pnpm verify	2026-10-06T04:20:53.4164968Z ✔ scoped Gate rejects private credentials retained (13.872016ms)
deploy-test	Run pnpm verify	2026-10-06T04:20:53.4165613Z ✔ scoped Gate rejects scope promoted (26.354099ms)
deploy-test	Run pnpm verify	2026-10-06T04:20:53.4166187Z ✔ 当前管理后台源代码满足入口与组合根交付约束 (14.004081ms)
deploy-test	Run pnpm verify	2026-10-06T04:20:53.4166610Z ✔ 缺少入口和构建产物时失败关闭 (0.58271ms)
deploy-test	Run pnpm verify	2026-10-06T04:20:53.4167103Z ✔ FE-06 至 FE-19 任一任务或路由从事实源缺失时失败关闭 (16.084513ms)
deploy-test	Run pnpm verify	2026-10-06T04:20:53.4167643Z ✔ FE-11 至 FE-15 任一任务、路由或页面标识缺失时失败关闭 (10.350115ms)
deploy-test	Run pnpm verify	2026-10-06T04:20:53.4168239Z ✔ FE-06 至 FE-15 任一控制器或 operationId 缺失时失败关闭 (10.455751ms)
deploy-test	Run pnpm verify	2026-10-06T04:20:53.4190315Z ✔ FE-11 至 FE-15 控制器或 operationId 缺失时失败关闭 (10.465675ms)
deploy-test	Run pnpm verify	2026-10-06T04:20:53.4191113Z ✔ FE-16 至 FE-19 任一任务、路由、控制器、页面标识或 operationId 缺失时失败关闭 (6.329207ms)
deploy-test	Run pnpm verify	2026-10-06T04:20:53.4191687Z ✔ App 移除显式页面分支时失败关闭 (7.764206ms)
deploy-test	Run pnpm verify	2026-10-06T04:20:53.4192187Z ✔ 完整目标回执覆盖双提交、隔离环境、五角色、七路由、五闭环与清理 (102.050384ms)
deploy-test	Run pnpm verify	2026-10-06T04:20:53.4192696Z ✔ 缺路由、角色、闭环或审计拒绝角色时失败关闭 (52.225485ms)
deploy-test	Run pnpm verify	2026-10-06T04:20:53.4193219Z ✔ mock、泄露、短链持久化、危险操作与只读写请求均失败关闭 (37.574694ms)
deploy-test	Run pnpm verify	2026-10-06T04:20:53.4193784Z ✔ 缺失回执、双部署提交漂移、HEAD 不一致与未清理均失败关闭 (29.988606ms)
deploy-test	Run pnpm verify	2026-10-06T04:20:53.4194302Z ✔ 目标 Gate 是显式发布步骤且不进入普通 verify (0.397407ms)
deploy-test	Run pnpm verify	2026-10-06T04:20:53.4194863Z ✔ 完整回执覆盖双提交、隔离环境、五角色、五路由、四闭环、隐私、双语布局与清理 (93.607441ms)
deploy-test	Run pnpm verify	2026-10-06T04:20:53.4195412Z ✔ 缺路由、角色、闭环、locale 或 viewport 时失败关闭 (48.878797ms)
deploy-test	Run pnpm verify	2026-10-06T04:20:53.4195932Z ✔ mock、权限、并发、泄露或布局不合格时失败关闭 (39.682697ms)
deploy-test	Run pnpm verify	2026-10-06T04:20:53.4196435Z ✔ 缺失回执、双部署提交漂移、HEAD 不一致与未清理均失败关闭 (47.856563ms)
deploy-test	Run pnpm verify	2026-10-06T04:20:53.4197183Z ✔ 目标 Gate 是显式发布步骤且不进入普通 verify (0.585996ms)
deploy-test	Run pnpm verify	2026-10-06T04:20:53.4197700Z ✔ 完整路由、五角色、五业务闭环、租户、并发、敏感字段与清理回执通过 (1.960576ms)
deploy-test	Run pnpm verify	2026-10-06T04:20:53.4198159Z ✔ 缺路由、角色或业务闭环时失败关闭 (0.378379ms)
deploy-test	Run pnpm verify	2026-10-06T04:20:53.4198684Z ✔ Cognito、部署 API、跨租户、并发与敏感字段证据不满足约束时失败关闭 (0.431617ms)
deploy-test	Run pnpm verify	2026-10-06T04:20:53.4199245Z ✔ 缺失回执、部署提交或 sourceCommit 不一致时失败关闭 (0.671081ms)
deploy-test	Run pnpm verify	2026-10-06T04:20:53.4199981Z ✔ 完整的 58 API、五角色、并发、ESG 与清理目标 AWS 回执通过 (2.122975ms)
deploy-test	Run pnpm verify	2026-10-06T04:20:53.4200678Z ✔ 58 个回执 operationId 与九份正式业务 OpenAPI 精确一致 (4.345107ms)
deploy-test	Run pnpm verify	2026-10-06T04:20:53.4201271Z ✔ API 缺项、角色缺项与跨 Customer 放行均失败关闭 (0.647326ms)
deploy-test	Run pnpm verify	2026-10-06T04:20:53.4201758Z ✔ 并发或 ESG 证据不满足生产约束时失败关闭 (0.266754ms)
deploy-test	Run pnpm verify	2026-10-06T04:20:53.4202228Z ✔ 缺失回执与 sourceCommit 不匹配均失败关闭 (0.945316ms)
deploy-test	Run pnpm verify	2026-10-06T04:20:53.4202769Z ✔ 完整覆盖 25 API、五角色、竞态、退役与导出的隔离 AWS 回执通过 (1.879486ms)
deploy-test	Run pnpm verify	2026-10-06T04:20:53.4203404Z ✔ 缺 operation、跨租户放行、竞态双成功、证书未失活与 MQTT/S3 缺口均失败关闭 (0.554208ms)
deploy-test	Run pnpm verify	2026-10-06T04:20:53.4203980Z ✔ operation 成功状态与负向状态集合不完整时失败关闭 (0.484115ms)
deploy-test	Run pnpm verify	2026-10-06T04:20:53.4204606Z ✔ 回执缺失、非法 JSON 或 sourceCommit 不一致时独立发布 Gate 失败 (1.234433ms)
deploy-test	Run pnpm verify	2026-10-06T04:20:53.4205242Z ✔ 完整 Archive、Replay、Summary 目标 AWS 回执通过 (2.095685ms)
deploy-test	Run pnpm verify	2026-10-06T04:20:53.4205833Z ✔ 缺探针、重复归档、Replay 复制业务行和空 Summary 均失败关闭 (0.581538ms)
deploy-test	Run pnpm verify	2026-10-06T04:20:53.4206326Z ✔ 缺少回执或提交不一致时独立 Gate 失败 (0.817938ms)
deploy-test	Run pnpm verify	2026-10-06T04:20:53.4206854Z ✔ 完整隔离 AWS 回执覆盖 8 Topic、负向路径、QA-03 与清理时通过 (2.253869ms)
deploy-test	Run pnpm verify	2026-10-06T04:20:53.4207486Z ✔ 缺 Topic、未知 Topic 命中、Error Action 未恢复和原文漂移均失败关闭 (0.433169ms)
deploy-test	Run pnpm verify	2026-10-06T04:20:53.4208043Z ✔ 未提供目标 AWS 回执时独立发布 Gate 明确失败 (0.613376ms)
deploy-test	Run pnpm verify	2026-10-06T04:20:53.4208691Z ✔ 回执必须对应待发布的精确 Git 提交 (0.567728ms)
deploy-test	Run pnpm verify	2026-10-06T04:20:53.4209545Z ✔ 完整的 15 API、角色、Cognito、并发、S3、Dashboard、审计与清理回执通过 (2.347547ms)
deploy-test	Run pnpm verify	2026-10-06T04:20:53.4210183Z ✔ 15 个 operationId 与六份正式 OpenAPI 精确一致 (1.728563ms)
deploy-test	Run pnpm verify	2026-10-06T04:20:53.4210695Z ✔ API、角色、租户或安全/并发探针缺口均失败关闭 (0.611203ms)
deploy-test	Run pnpm verify	2026-10-06T04:20:53.4211173Z ✔ 缺失回执与 sourceCommit 不匹配均失败关闭 (3.412169ms)
deploy-test	Run pnpm verify	2026-10-06T04:20:53.4211600Z ✔ 干净的依赖图通过检查 (5.523738ms)
deploy-test	Run pnpm verify	2026-10-06T04:20:53.4212020Z ✔ 共享包反向依赖 apps 被识别为边界违规 (1.162637ms)
deploy-test	Run pnpm verify	2026-10-06T04:20:53.4212706Z ✔ contracts 反向依赖 apps 被识别为边界违规 (0.674235ms)
deploy-test	Run pnpm verify	2026-10-06T04:20:53.4213173Z ✔ apps 之间互相依赖被识别为边界违规 (0.680515ms)
deploy-test	Run pnpm verify	2026-10-06T04:20:53.4213578Z ✔ 工作区循环依赖被检出 (0.843495ms)
deploy-test	Run pnpm verify	2026-10-06T04:20:53.4214012Z ✔ 非工作区依赖（外部 npm 包）不参与检查 (0.416455ms)
deploy-test	Run pnpm verify	2026-10-06T04:20:53.4214420Z ✔ 当前仓库通过边界与循环依赖检查 (1.25914ms)
deploy-test	Run pnpm verify	2026-10-06T04:20:53.4214884Z ✔ CDK WARNING 与规则校验编号会触发 Gate (1.093244ms)
deploy-test	Run pnpm verify	2026-10-06T04:20:53.4215312Z ✔ 正常 synth 输出不会误报 (0.74501ms)
deploy-test	Run pnpm verify	2026-10-06T04:20:53.4215808Z ✔ 已交付 Lambda 缺失或回退到内联 501 占位时 Gate 失败 (0.368354ms)
deploy-test	Run pnpm verify	2026-10-06T04:20:53.4216369Z ✔ 已交付 Lambda 使用 S3 asset 时 Gate 通过 (0.16258ms)
deploy-test	Run pnpm verify	2026-10-06T04:20:53.4216941Z ✔ CMD/OTA 生产接线 Gate 对 Worker/调度任一缺失均失败关闭 (0.504345ms)
deploy-test	Run pnpm verify	2026-10-06T04:20:53.4217519Z ✔ CMD/OTA 生产接线 Gate 对 IoT/S3/KMS 权限缺失失败关闭 (0.633175ms)
deploy-test	Run pnpm verify	2026-10-06T04:20:53.4218065Z ✔ 真实登记文件：结构校验通过，并准确识别当前未决 DEC (3.581729ms)
deploy-test	Run pnpm verify	2026-10-06T04:20:53.4218627Z ✔ 真实契约版本文件：decisionRegisterVersion 与登记一致 (2.141783ms)
deploy-test	Run pnpm verify	2026-10-06T04:20:53.4219081Z ✔ 契约版本不一致被拒绝 (0.849634ms)
deploy-test	Run pnpm verify	2026-10-06T04:20:53.4219798Z ✔ 重复决策 ID 被拒绝（已知冲突必须有唯一决策 ID） (0.508421ms)
deploy-test	Run pnpm verify	2026-10-06T04:20:53.4220277Z ✔ 原则与决策之间 ID 也全局唯一 (0.279433ms)
deploy-test	Run pnpm verify	2026-10-06T04:20:53.4220706Z ✔ pending 决策携带批准人被拒绝 (0.177562ms)
deploy-test	Run pnpm verify	2026-10-06T04:20:53.4221189Z ✔ frozen 决策必须有批准人、批准时间和 >=1.0.0 版本 (0.393641ms)
deploy-test	Run pnpm verify	2026-10-06T04:20:53.4221694Z ✔ blockingTasks 为空或格式非法被拒绝 (0.219685ms)
deploy-test	Run pnpm verify	2026-10-06T04:20:53.4233663Z ✔ history 必须非空且末条版本与条目版本一致 (0.207016ms)
deploy-test	Run pnpm verify	2026-10-06T04:20:53.4234094Z ✔ 非 UTC 时间戳被拒绝 (0.21636ms)
deploy-test	Run pnpm verify	2026-10-06T04:20:53.4234811Z ✔ CLI validate 模式：真实文件退出码 0 且输出实际未决数；--fail-on-pending 按实际未决数返回 (2.312395ms)
deploy-test	Run pnpm verify	2026-10-06T04:20:53.4235373Z ✔ CLI：结构错误退出码 1 (0.600707ms)
deploy-test	Run pnpm verify	2026-10-06T04:20:53.4235984Z ✔ 追溯校验：合法 x-decision-versions 引用通过（Schema 可追溯到决策版本） (2.649873ms)
deploy-test	Run pnpm verify	2026-10-06T04:20:53.4236524Z ✔ 追溯校验：不存在的决策 ID 被拒绝 (0.97509ms)
deploy-test	Run pnpm verify	2026-10-06T04:20:53.4236980Z ✔ 追溯校验：引用版本与登记版本不一致被拒绝 (1.058664ms)
deploy-test	Run pnpm verify	2026-10-06T04:20:53.4237462Z ✔ 追溯校验：缺少 x-decision-versions 或格式非法被拒绝 (1.074847ms)
deploy-test	Run pnpm verify	2026-10-06T04:20:53.4238081Z ✔ 追溯校验：嵌套在 OpenAPI info 下的 x-decision-versions 可被递归发现 (1.519504ms)
deploy-test	Run pnpm verify	2026-10-06T04:20:53.4238733Z ✔ 已交付 API（含管理后台 P1）的 129 个 OpenAPI operation 与生产路由双向一致 (10.870263ms)
deploy-test	Run pnpm verify	2026-10-06T04:20:53.4239448Z ✔ 版本化已交付清单缺失、重复或引用不存在文件时失败关闭 (1.059194ms)
deploy-test	Run pnpm verify	2026-10-06T04:20:53.4239924Z ✔ 缺失、额外、重复及 method/path 漂移均失败关闭 (0.314925ms)
deploy-test	Run pnpm verify	2026-10-06T04:20:53.4240487Z ✔ CMD/OTA 治理 Gate 校验四份 REST 契约及 DEC-022/023 冻结状态 (6.603292ms)
deploy-test	Run pnpm verify	2026-10-06T04:20:53.4241008Z ✔ 有效链接、无易漂移计数且工具链配对正确时通过 (2.860514ms)
deploy-test	Run pnpm verify	2026-10-06T04:20:53.4241440Z ✔ 损坏的仓库内 Markdown 链接被拒绝 (0.789786ms)
deploy-test	Run pnpm verify	2026-10-06T04:20:53.4241864Z ✔ 陈旧测试计数或不兼容工具链声明被拒绝 (0.708566ms)
deploy-test	Run pnpm verify	2026-10-06T04:20:53.4242378Z ✔ 当前仓库 ENG/DB/DOM 与 IAC/AUTH/SEC 任务文档证据一致 (14.755545ms)
deploy-test	Run pnpm verify	2026-10-06T04:20:53.4243145Z ✔ BE-IOT-01～08 文档全部纳入默认链接与证据门禁 (0.175069ms)
deploy-test	Run pnpm verify	2026-10-06T04:20:53.4243665Z ✔ BE-ARC/RPL/ESG 四份文档及 P2 回归纳入默认证据门禁 (0.126597ms)
deploy-test	Run pnpm verify	2026-10-06T04:20:53.4244173Z ✔ 11 份管理后台业务文档全部纳入默认链接与证据门禁 (0.099447ms)
deploy-test	Run pnpm verify	2026-10-06T04:20:53.4244719Z ✔ BE-MED/RBAC/AUD/DASH/SET 五份文档纳入状态与 AWS 证据门禁 (0.853271ms)
deploy-test	Run pnpm verify	2026-10-06T04:20:53.4245301Z ✔ FE-06～FE-10 五份前端文档纳入四层状态与目标回执门禁 (0.188999ms)
deploy-test	Run pnpm verify	2026-10-06T04:20:53.4245813Z ✔ FE-11～FE-15 五份前端文档纳入四层状态与独立目标回执门禁 (0.232162ms)
deploy-test	Run pnpm verify	2026-10-06T04:20:53.4246494Z ✔ 前端任务文档拒绝缺层级、问题责任字段、目标 Gate 和 P1 陈旧描述 (0.211493ms)
deploy-test	Run pnpm verify	2026-10-06T04:20:53.4247089Z ✔ FE-11～FE-15 文档拒绝旧缺陷、任务级勾选及旧目标 Gate (0.168038ms)
deploy-test	Run pnpm verify	2026-10-06T04:20:53.4247695Z ✔ BE-MED/RBAC/AUD/DASH/SET 文档拒绝缺状态层、陈旧参数和设置生效误述 (0.178123ms)
deploy-test	Run pnpm verify	2026-10-06T04:20:53.4248262Z ✔ 管理后台业务文档拒绝缺证据引用和陈旧决策或部署说法 (0.174908ms)
deploy-test	Run pnpm verify	2026-10-06T04:20:53.4248778Z ✔ BE-ARC/RPL/ESG 文档拒绝缺审计快照和生产接线边界外旧说法 (0.172064ms)
deploy-test	Run pnpm verify	2026-10-06T04:20:53.4249541Z ✔ BE-IOT 文档拒绝缺少审计快照、Report P2002 与 Media 另路由旧说法 (0.200667ms)
deploy-test	Run pnpm verify	2026-10-06T04:20:53.4250134Z ✔ BE-IOT 严格负向探针必须保留为可定位的永久回归 (0.539257ms)
deploy-test	Run pnpm verify	2026-10-06T04:20:53.4250663Z ✔ 安全任务文档拒绝历史计数、缺少 verify 命令与陈旧 DEC-012 状态 (0.114358ms)
deploy-test	Run pnpm verify	2026-10-06T04:20:53.4251160Z ✔ 安全任务文档接受当前命令、审计快照引用与 frozen 决策 (0.072087ms)
deploy-test	Run pnpm verify	2026-10-06T04:20:53.4251673Z ✔ 当前仓库（DB-01 已落地）Migration 结构通过 (12.362596ms)
deploy-test	Run pnpm verify	2026-10-06T04:20:53.4252260Z ✔ schema.prisma 未落地时跳过并通过（骨架期行为） (0.406571ms)
deploy-test	Run pnpm verify	2026-10-06T04:20:53.4252885Z ✔ 失败示例：Schema 已存在但无任何 Migration（未提交 Migration） (0.512467ms)
deploy-test	Run pnpm verify	2026-10-06T04:20:53.4253455Z ✔ 失败示例：migrations/ 为空且缺少 migration_lock.toml (0.531145ms)
deploy-test	Run pnpm verify	2026-10-06T04:20:53.4254000Z ✔ 失败示例：Migration 目录名非法与空 migration.sql (0.882543ms)
deploy-test	Run pnpm verify	2026-10-06T04:20:53.4254453Z ✔ 合法 Migration 结构通过 (1.612561ms)
deploy-test	Run pnpm verify	2026-10-06T04:20:53.4254945Z ✔ 失败示例：已有旧 Migration 但 Schema 已变化且未登记快照 (0.748496ms)
deploy-test	Run pnpm verify	2026-10-06T04:20:53.4255397Z ✔ 真实矩阵通过完整性检查 (3.371198ms)
deploy-test	Run pnpm verify	2026-10-06T04:20:53.4255887Z ✔ 真实引用集合：41 个矩阵 API 与 13 个 routeId 全部可解析 (2.460313ms)
deploy-test	Run pnpm verify	2026-10-06T04:20:53.4256485Z ✔ index19.html 源清单：9 个菜单、12 个页面、128 个元素与矩阵双向覆盖 (0.716899ms)
deploy-test	Run pnpm verify	2026-10-06T04:20:53.4257007Z ✔ 真实矩阵：9 菜单、12 页面、每项均有处置结论 (0.564374ms)
deploy-test	Run pnpm verify	2026-10-06T04:20:53.4257720Z ✔ 被拒绝的实时流、明文密码、状态混用不携带实现任务 (0.607217ms)
deploy-test	Run pnpm verify	2026-10-06T04:20:53.4258299Z ✔ 矩阵的 x-decision-versions 可追溯到决策登记（DEC-007~012） (2.243363ms)
deploy-test	Run pnpm verify	2026-10-06T04:20:53.4258795Z ✔ 缺少菜单或页面被拒绝 (0.753824ms)
deploy-test	Run pnpm verify	2026-10-06T04:20:53.4259142Z ✔ 重复元素 ID 被拒绝 (0.216399ms)
deploy-test	Run pnpm verify	2026-10-06T04:20:53.4260928Z ✔ Adapt/Reject 缺少依据被拒绝 (0.248197ms)
deploy-test	Run pnpm verify	2026-10-06T04:20:53.4261467Z ✔ Adopt/Adapt 生产字段缺少 API 来源被拒绝 (0.310388ms)
deploy-test	Run pnpm verify	2026-10-06T04:20:53.4262031Z ✔ rejectCategory 项非 Reject 或携带实现任务被拒绝 (0.207847ms)
deploy-test	Run pnpm verify	2026-10-06T04:20:53.4262562Z ✔ 未知角色被拒绝（R7） (0.701957ms)
deploy-test	Run pnpm verify	2026-10-06T04:20:53.4263080Z ✔ 格式合法但不存在的 operationId、routeId 与响应字段被拒绝 (2.059111ms)
deploy-test	Run pnpm verify	2026-10-06T04:20:53.4263609Z ✔ planned operation 的任务归属漂移被拒绝 (0.743718ms)
deploy-test	Run pnpm verify	2026-10-06T04:20:53.4264155Z ✔ 源清单与矩阵任一侧删除元素均被双向覆盖检查拒绝 (3.686123ms)
deploy-test	Run pnpm verify	2026-10-06T04:20:53.4264629Z ✔ index19.html 内容变化但未重新盘点源清单时失败关闭 (3.442704ms)
deploy-test	Run pnpm verify	2026-10-06T04:20:53.4265152Z ✔ 重复 operationId 与 routeId 被引用索引拒绝 (1.179632ms)
deploy-test	Run pnpm verify	2026-10-06T04:20:53.4265668Z ✔ CLI：真实矩阵退出码 0，违规矩阵退出码 1 (39.281099ms)
deploy-test	Run pnpm verify	2026-10-06T04:20:53.4266468Z ✔ remaining scope cannot replace full core, Active acceptance or failed cleanups (1.217858ms)
deploy-test	Run pnpm verify	2026-10-06T04:20:53.4267277Z ✔ 当前仓库全部 Schema、OpenAPI 片段与统一 bundle 通过引用校验 (145.73777ms)
deploy-test	Run pnpm verify	2026-10-06T04:20:53.4267798Z ✔ 失败示例：悬空内部 $ref 被拒绝 (0.807072ms)
deploy-test	Run pnpm verify	2026-10-06T04:20:53.4268255Z ✔ 失败示例：同目录相对 $ref 目标文件不存在被拒绝 (0.362295ms)
deploy-test	Run pnpm verify	2026-10-06T04:20:53.4268737Z ✔ 失败示例：JSON 语法损坏的 Schema 被拒绝 (0.351019ms)
deploy-test	Run pnpm verify	2026-10-06T04:20:53.4269507Z ✔ 失败示例：JSON Schema 2020-12 非法 type 被元 Schema 拒绝 (1.091492ms)
deploy-test	Run pnpm verify	2026-10-06T04:20:53.4270372Z ✔ 失败示例：OpenAPI 基座缺少 paths 被拒绝 (0.50788ms)
deploy-test	Run pnpm verify	2026-10-06T04:20:53.4270857Z ✔ 同目录相对 $ref 可解析时通过 (0.543793ms)
deploy-test	Run pnpm verify	2026-10-06T04:20:53.8131231Z ✔ 失败示例：PEM 私钥块被检出 (1.287661ms)
deploy-test	Run pnpm verify	2026-10-06T04:20:53.8150439Z ✔ 失败示例：AWS Access Key ID 被检出 (0.2097ms)
deploy-test	Run pnpm verify	2026-10-06T04:20:53.8156278Z ✔ 失败示例：GitHub 令牌被检出 (0.159967ms)
deploy-test	Run pnpm verify	2026-10-06T04:20:53.8157033Z ✔ 失败示例：Slack 令牌被检出 (0.16901ms)
deploy-test	Run pnpm verify	2026-10-06T04:20:53.8162878Z ✔ 正常内容不误报 (0.814803ms)
deploy-test	Run pnpm verify	2026-10-06T04:20:53.8169963Z ✔ 失败示例：未跟踪且未忽略文件中的私钥也被扫描 (12.794415ms)
deploy-test	Run pnpm verify	2026-10-06T04:20:53.8176427Z ✔ 当前仓库通过敏感信息扫描 (687.572072ms)
deploy-test	Run pnpm verify	2026-10-06T04:20:53.8480991Z ✔ 生产源码直接 console 与 raw trace API 均被拒绝 (1.668223ms)
deploy-test	Run pnpm verify	2026-10-06T04:20:53.8511741Z ✔ 测试目录可使用 console，生产统一 logger 允许 (0.489392ms)
deploy-test	Run pnpm verify	2026-10-06T04:20:53.8540324Z ✔ 当前仓库生产源码通过 sink 门禁 (36.166585ms)
deploy-test	Run pnpm verify	2026-10-06T04:20:54.1531044Z ✔ QA-02 MQTT heartbeat: all valid/invalid fixtures, missing meta and type mutation (15.910115ms)
deploy-test	Run pnpm verify	2026-10-06T04:20:54.1549575Z ✔ QA-02 MQTT telemetry: all valid/invalid fixtures, missing meta and type mutation (7.769734ms)
deploy-test	Run pnpm verify	2026-10-06T04:20:54.1570535Z ✔ QA-02 MQTT report: all valid/invalid fixtures, missing meta and type mutation (5.140101ms)
deploy-test	Run pnpm verify	2026-10-06T04:20:54.1591816Z ✔ QA-02 MQTT alarm: all valid/invalid fixtures, missing meta and type mutation (5.853213ms)
deploy-test	Run pnpm verify	2026-10-06T04:20:54.1593115Z ✔ QA-02 MQTT event: all valid/invalid fixtures, missing meta and type mutation (3.283579ms)
deploy-test	Run pnpm verify	2026-10-06T04:20:54.1594479Z ✔ QA-02 MQTT ack: all valid/invalid fixtures, missing meta and type mutation (3.962141ms)
deploy-test	Run pnpm verify	2026-10-06T04:20:54.1595756Z ✔ QA-02 MQTT tamper: all valid/invalid fixtures, missing meta and type mutation (5.975174ms)
deploy-test	Run pnpm verify	2026-10-06T04:20:54.1596866Z ✔ QA-02 MQTT media: all valid/invalid fixtures, missing meta and type mutation (3.307234ms)
deploy-test	Run pnpm verify	2026-10-06T04:20:54.1602758Z ✔ QA-02 MQTT cmd: all valid/invalid fixtures, missing meta and type mutation (4.300371ms)
deploy-test	Run pnpm verify	2026-10-06T04:20:54.1603908Z ✔ QA-02 MQTT ota: all valid/invalid fixtures, missing meta and type mutation (6.323999ms)
deploy-test	Run pnpm verify	2026-10-06T04:20:54.1605059Z ✔ QA-02 MQTT notification: all valid/invalid fixtures, missing meta and type mutation (3.276108ms)
deploy-test	Run pnpm verify	2026-10-06T04:20:54.1606212Z ✔ MQTT semantic hash, discriminator and UTC calendar errors fail closed (1.093405ms)
deploy-test	Run pnpm verify	2026-10-06T04:20:54.1607442Z ✔ full REST response: field deletion/type mutation/envelope/date/errors/status/headers are enforced (7.38071ms)
deploy-test	Run pnpm verify	2026-10-06T04:20:54.1608962Z ✔ REST request validation: required body/path/query/header, optional Sync, bodyless Deactivate, no type coercion in JSON (13.819689ms)
deploy-test	Run pnpm verify	2026-10-06T04:20:54.1610983Z ✔ all device operations and declared response JSON Schemas compile; stable error catalog has no duplicates (72.208724ms)
deploy-test	Run pnpm verify	2026-10-06T04:20:54.1612365Z ✔ predecessor MQTT is compatible; known REST break requires exact version and frozen DEC approvals (52.006862ms)
deploy-test	Run pnpm verify	2026-10-06T04:20:54.1613852Z ✔ breaking contract mutations fail: removing fields/operations/status, changing type/required/security (113.384276ms)
deploy-test	Run pnpm verify	2026-10-06T04:20:54.1615430Z ✔ receipt coverage gate fails closed for missing operations/statuses, no valid request and forged records (0.527509ms)
deploy-test	Run pnpm verify	2026-10-06T04:20:54.1617164Z ✔ archived CSR upgrade mapping still verifies original baselines without rewriting history (5.755709ms)
deploy-test	Run pnpm verify	2026-10-06T04:20:54.1908229Z ✔ QA04 coverage Gate accepts complete matrix and proofs (1.912394ms)
deploy-test	Run pnpm verify	2026-10-06T04:20:54.1915247Z ✔ QA04 coverage Gate rejects missing domain (0.549041ms)
deploy-test	Run pnpm verify	2026-10-06T04:20:54.1916197Z ✔ QA04 coverage Gate rejects no negative path (0.333944ms)
deploy-test	Run pnpm verify	2026-10-06T04:20:54.1917028Z ✔ QA04 coverage Gate rejects untrusted handler (0.258111ms)
deploy-test	Run pnpm verify	2026-10-06T04:20:54.1917854Z ✔ QA04 coverage Gate rejects missing role (0.508251ms)
deploy-test	Run pnpm verify	2026-10-06T04:20:54.1918602Z ✔ QA04 coverage Gate rejects cross-tenant leak (1.198981ms)
deploy-test	Run pnpm verify	2026-10-06T04:20:54.1919489Z ✔ QA04 coverage Gate rejects two write winners (0.372851ms)
deploy-test	Run pnpm verify	2026-10-06T04:20:54.1920265Z ✔ QA04 coverage Gate rejects duplicate audit (0.330368ms)
deploy-test	Run pnpm verify	2026-10-06T04:20:54.1921083Z ✔ QA04 coverage Gate rejects rollback missing (0.465527ms)
deploy-test	Run pnpm verify	2026-10-06T04:20:54.1949231Z ✔ QA04 coverage Gate rejects unclean resource (0.384999ms)
deploy-test	Run pnpm verify	2026-10-06T04:20:54.1950725Z ✔ QA04 coverage Gate rejects reused isolation (0.325941ms)
deploy-test	Run pnpm verify	2026-10-06T04:20:54.1951547Z ✔ QA04 coverage Gate rejects no observed replay (0.346391ms)
deploy-test	Run pnpm verify	2026-10-06T04:20:54.1952358Z ✔ QA04 required acceptance cases are enforced (4.235785ms)
deploy-test	Run pnpm verify	2026-10-06T04:20:54.1953141Z ✔ QA04 skipped assertion fails execution Gate (0.200196ms)
deploy-test	Run pnpm verify	2026-10-06T04:20:54.1954008Z ✔ QA04 removed state-machine assertion fails coverage Gate (1.522478ms)
deploy-test	Run pnpm verify	2026-10-06T04:20:57.4651185Z ✔ migration source requires exact approved commit (0.90706ms)
deploy-test	Run pnpm verify	2026-10-06T04:20:57.4695750Z ✔ migration connection requires complete secret and verified TLS; special credentials are encoded (0.39977ms)
deploy-test	Run pnpm verify	2026-10-06T04:20:57.4697097Z ✔ database verification derives every mapped Prisma table (0.696469ms)
deploy-test	Run pnpm verify	2026-10-06T04:20:57.4721284Z ✔ runner without approved source fails without reporting credentials or driver details (32.9907ms)
deploy-test	Run pnpm verify	2026-10-06T04:20:57.4751352Z ✔ source packager archives committed tree, includes exact SHA and refuses overwriting ZIP (3740.309621ms)
deploy-test	Run pnpm verify	2026-10-06T04:20:57.5151278Z ✔ local TLS broker: 10 independent certificate sessions, QoS1, downlinks, reconnect and broker ACL rejection (837.641283ms)
deploy-test	Run pnpm verify	2026-10-06T04:20:57.5220893Z ✔ 10 concurrent sessions: all topics, exact 5% duplicates / 2% delayed telemetry, replay and isolated bad Schema (183.707893ms)
deploy-test	Run pnpm verify	2026-10-06T04:20:57.5280518Z ✔ cross-device publish, subscribe, receive and wildcard denied (1.01522ms)
deploy-test	Run pnpm verify	2026-10-06T04:20:57.5310328Z ✔ invalid configuration, OTA transitions and test credential gate fail closed (0.935261ms)
deploy-test	Run pnpm verify	2026-10-06T04:20:57.5311930Z ✔ scripted failed command, missing target mapping and illegal downlink do not generate mixed ACK (0.58276ms)
deploy-test	Run pnpm verify	2026-10-06T04:20:57.5370820Z ✔ all sessions close when one transport fails; no successful receipt (101.943827ms)
deploy-test	Run pnpm verify	2026-10-06T04:20:57.5420558Z ✔ MQTT adapter rejects SUBACK denial and connection failures (0.443385ms)
deploy-test	Run pnpm verify	2026-10-06T04:20:57.5490664Z ✔ CLI creates offline receipt and refuses ungated mqtts before reading credential paths (635.974975ms)
deploy-test	Run pnpm verify	2026-10-06T04:20:57.5540547Z ✔ CDK wrapper accepts synth/diff and requires explicit deploy stack (1.743194ms)
deploy-test	Run pnpm verify	2026-10-06T04:20:57.5610623Z ✔ CDK wrapper builds the whole workspace and fails closed on build errors (0.415754ms)
deploy-test	Run pnpm verify	2026-10-06T04:20:57.5640463Z ✔ CDK wrapper uses local SSO but requires OIDC credentials in GitHub Actions (0.198743ms)
deploy-test	Run pnpm verify	2026-10-06T04:20:57.5670299Z ✔ QA03 Gate accepts complete local integration receipt (0.982121ms)
deploy-test	Run pnpm verify	2026-10-06T04:20:57.5730531Z ✔ QA03 Gate rejects missing scenario (0.352861ms)
deploy-test	Run pnpm verify	2026-10-06T04:20:57.5790700Z ✔ QA03 Gate rejects unclean resources (0.200917ms)
deploy-test	Run pnpm verify	2026-10-06T04:20:57.5850879Z ✔ QA03 Gate rejects reused isolation prefix (0.227326ms)
deploy-test	Run pnpm verify	2026-10-06T04:20:57.5910574Z ✔ QA03 Gate rejects lost message (0.241336ms)
deploy-test	Run pnpm verify	2026-10-06T04:20:57.5970554Z ✔ QA03 Gate rejects duplicate business record (0.293854ms)
deploy-test	Run pnpm verify	2026-10-06T04:20:57.6030553Z ✔ QA03 Gate rejects missing raw proof (0.538415ms)
deploy-test	Run pnpm verify	2026-10-06T04:20:57.6070933Z ✔ QA03 Gate rejects missing fault probe (0.416535ms)
deploy-test	Run pnpm verify	2026-10-06T04:20:57.6130760Z ✔ receipt covers all 128 decisions in two viewports (5.654981ms)
deploy-test	Run pnpm verify	2026-10-06T04:20:57.6150328Z ✔ fail closed: missing page (1.461959ms)
deploy-test	Run pnpm verify	2026-10-06T04:20:57.6190595Z ✔ fail closed: skipped case (2.268741ms)
deploy-test	Run pnpm verify	2026-10-06T04:20:57.6250642Z ✔ fail closed: flaky success (1.431604ms)
deploy-test	Run pnpm verify	2026-10-06T04:20:57.6303301Z ✔ fail closed: retry (0.689098ms)
deploy-test	Run pnpm verify	2026-10-06T04:20:57.6330296Z ✔ fail closed: unexpected external network (0.535621ms)
deploy-test	Run pnpm verify	2026-10-06T04:20:57.6360540Z ✔ fail closed: fixture collision (0.55531ms)
deploy-test	Run pnpm verify	2026-10-06T04:20:57.6420793Z ✔ fail closed: missing cleanup (0.532547ms)
deploy-test	Run pnpm verify	2026-10-06T04:20:57.6453352Z ✔ fail closed: updated baseline masquerades as regression (0.919488ms)
deploy-test	Run pnpm verify	2026-10-06T04:20:57.6460178Z ✔ fail closed: missing group (0.926999ms)
deploy-test	Run pnpm verify	2026-10-06T04:20:57.6505775Z ✔ fail closed: duplicate group (0.574689ms)
deploy-test	Run pnpm verify	2026-10-06T04:20:57.6530366Z ✔ fail closed: missing rejection assertion (1.032104ms)
deploy-test	Run pnpm verify	2026-10-06T04:20:57.6531394Z ✔ fail closed: missing menu (1.355507ms)
deploy-test	Run pnpm verify	2026-10-06T04:20:57.6532124Z ✔ fail closed: missing behavior guard (0.64967ms)
deploy-test	Run pnpm verify	2026-10-06T04:20:57.6532793Z ✔ fail closed: wrong viewport (0.628157ms)
deploy-test	Run pnpm verify	2026-10-06T04:20:57.6533441Z ✔ fail closed: snapshot hash mismatch (0.621378ms)
deploy-test	Run pnpm verify	2026-10-06T04:20:57.6534353Z ✔ binding omission, duplication and reject implementation fail closed (0.896073ms)
deploy-test	Run pnpm verify	2026-10-06T04:20:57.6535528Z ✔ real gzip bytes bind exact own devices, raw outbox hash and canonical published hash (8.033604ms)
deploy-test	Run pnpm verify	2026-10-06T04:20:57.6539205Z ✔ scope expansion, unknown customer/device, modified bytes and missing archive fail closed (5.195903ms)
deploy-test	Run pnpm verify	2026-10-06T04:20:57.6540741Z ✔ IoT normalized raw body binds outbox bytes while original publication binds canonical payload (3.342556ms)
deploy-test	Run pnpm verify	2026-10-06T04:20:57.6542178Z ✔ quick MQTT profile requires exact additional telemetry ledger and cannot waive missing archives (4.957511ms)
deploy-test	Run pnpm verify	2026-10-06T04:20:57.6543549Z ✔ archive deadline uses actual S3 modification times and cannot green an eventual late archive (4.567264ms)
deploy-test	Run pnpm verify	2026-10-06T04:20:57.6545033Z ✔ redelivery rejects foreign archives, unbounded inventories and unbound certificates before AWS operations (1.614604ms)
deploy-test	Run pnpm verify	2026-10-06T04:20:57.6546245Z ✔ nominal 30x profile cannot conceal a slower real publish window (4.233792ms)
deploy-test	Run pnpm verify	2026-10-06T04:20:57.6547409Z ✔ version proof requires CI deploy Amplify exact commit and 19 distinct verified artifact bytes (0.730719ms)
deploy-test	Run pnpm verify	2026-10-06T04:20:57.6548817Z ✔ own-fixture fault grant rejects shared changes and unknown faults while retaining deployment boundary (0.408914ms)
deploy-test	Run pnpm verify	2026-10-06T04:20:57.6551123Z ✔ database proof rejects foreign build, source, role and nonzero cleanup instead of trusting child PASS (0.675788ms)
deploy-test	Run pnpm verify	2026-10-06T04:20:59.0094097Z ✔ target gates reject missing finish cleanup required case and foreign device before live calls (1.307511ms)
deploy-test	Run pnpm verify	2026-10-06T04:20:59.0121416Z ✔ business cleanup preserves outside rows, rejects baseline drift and deletes own dependent rows atomically (2567.693689ms)
deploy-test	Run pnpm verify	2026-10-06T04:20:59.0150550Z ✔ fault injection rejects missing authorization and foreign export identity without mutation (1.193172ms)
deploy-test	Run pnpm verify	2026-10-06T04:20:59.0170438Z ✔ assertion-only validation cannot stand in for cleanup or whole target acceptance (0.315606ms)
deploy-test	Run pnpm verify	2026-10-06T04:20:59.0200486Z ✔ nonActive scope cannot enter the full wave that contains Active dependent probes (2.099801ms)
deploy-test	Run pnpm verify	2026-10-06T04:20:59.0250633Z ✔ foundation mode cannot be mistaken for full core or browser acceptance (0.234907ms)
deploy-test	Run pnpm verify	2026-10-06T04:20:59.0761435Z ✔ complete intermediate/root chain matches truststore and private key (7.050547ms)
deploy-test	Run pnpm verify	2026-10-06T04:20:59.0784478Z ✔ missing root is distinguished from valid signing certificate and key (1.211178ms)
deploy-test	Run pnpm verify	2026-10-06T04:20:59.0785777Z ✔ wrong parent, expired chain and wrong private key fail independently (1.996148ms)
deploy-test	Run pnpm verify	2026-10-06T04:20:59.0786927Z ✔ oversized worker chain, malformed values and arbitrary canaries never leak (2.866814ms)
deploy-test	Run pnpm verify	2026-10-06T04:20:59.0788230Z ✔ receipt gate accepts completed diagnostic with invalid chain, rejects data leak and missing cleanup (3.685593ms)
deploy-test	Run pnpm verify	2026-10-06T04:20:59.0801974Z ✔ approved exact Worker, Secret, KMS and original expiry scope is accepted (1.709374ms)
deploy-test	Run pnpm verify	2026-10-06T04:20:59.0803108Z ✔ removing role condition, wildcard Secret or extended expiry is rejected (2.298805ms)
deploy-test	Run pnpm verify	2026-10-06T04:20:59.0804157Z ✔ unrestricted KMS, different context or extra secret permissions are rejected (0.393101ms)
deploy-test	Run pnpm verify	2026-10-06T04:20:59.0805208Z ✔ repair gate requires retained versions, exact output binding and all cleanup (2.928585ms)
deploy-test	Run pnpm verify	2026-10-06T04:20:59.0806361Z ✔ only root field changes, original version remains immutable and AWSPREVIOUS (10.20522ms)
deploy-test	Run pnpm verify	2026-10-06T04:20:59.0807211Z ✔ baseline drift prevents all writes (0.468642ms)
deploy-test	Run pnpm verify	2026-10-06T04:20:59.0807871Z ✔ wrong fixed root prevents all writes (3.57538ms)
deploy-test	Run pnpm verify	2026-10-06T04:20:59.0808689Z ✔ unknown put outcome recovers immutable token without a second put (3.515592ms)
deploy-test	Run pnpm verify	2026-10-06T04:20:59.0809668Z ✔ candidate mutation fails before promotion (1.093035ms)
deploy-test	Run pnpm verify	2026-10-06T04:20:59.0810593Z ✔ concurrent current movement after candidate write is preserved (1.806238ms)
deploy-test	Run pnpm verify	2026-10-06T04:20:59.0811544Z ✔ unknown promotion response is recovered from current stages (2.46477ms)
deploy-test	Run pnpm verify	2026-10-06T04:20:59.0812535Z ✔ post-promotion failed readback rolls back only the known current candidate (3.928141ms)
deploy-test	Run pnpm verify	2026-10-06T04:20:59.0813552Z ✔ invalid version token rejects before accessing any secret (0.843435ms)
deploy-test	Run pnpm verify	2026-10-06T04:20:59.0815423Z ✔ rollback refuses to overwrite a concurrent foreign current version (2.033153ms)
deploy-test	Run pnpm verify	2026-10-06T04:20:59.0816619Z ✔ unknown AWS errors are returned as fixed codes without secret exception text (0.346923ms)
deploy-test	Run pnpm verify	2026-10-06T04:20:59.0817748Z ✔ successful promotion waits for metadata visibility without repeating stage writes (2.57304ms)
deploy-test	Run pnpm verify	2026-10-06T04:20:59.0819000Z ✔ existing current candidate is verified using read-only store without new versions or stage writes (2.382478ms)
deploy-test	Run pnpm verify	2026-10-06T04:20:59.0820449Z ✔ read-only recovery rejects changed fields without rolling back an existing current version (0.891706ms)
deploy-test	Run pnpm verify	2026-10-06T04:20:59.0821811Z ✔ capacity planning includes operational and rotation idle overlap and rejects naive concurrency increase (1.457623ms)
deploy-test	Run pnpm verify	2026-10-06T04:20:59.0822974Z ✔ range reads keep the original default and permit bounded slow-link retry (0.898016ms)
deploy-test	Run pnpm verify	2026-10-06T04:20:59.0824001Z ✔ range reads reject unbounded, ambiguous and below-default timeouts (0.471777ms)
deploy-test	Run pnpm verify	2026-10-06T04:20:59.0825056Z ✔ read-only asset concurrency stays bounded independently of DB/API capacity (0.285141ms)
deploy-test	Run pnpm verify	2026-10-06T04:20:59.0826542Z ✔ DLQ scope requires closed ledger, 20 exact IDs and fresh empty database proof (1.883972ms)
deploy-test	Run pnpm verify	2026-10-06T04:20:59.0827887Z ✔ one-shot worker deletes only exact retired pointers, restores unknown visibility, and exports no bodies or handles (3.813562ms)
deploy-test	Run pnpm verify	2026-10-06T04:20:59.0829400Z ✔ six exact request/time/status/extended/Lambda links pass without saving unrelated fields or requests (57.144749ms)
deploy-test	Run pnpm verify	2026-10-06T04:20:59.0830458Z ✔ correlation refuses complete proof for time (51.037091ms)
deploy-test	Run pnpm verify	2026-10-06T04:20:59.0831315Z ✔ correlation refuses complete proof for lambda-id (73.264324ms)
deploy-test	Run pnpm verify	2026-10-06T04:20:59.0832173Z ✔ correlation refuses complete proof for duplicate (63.650617ms)
deploy-test	Run pnpm verify	2026-10-06T04:20:59.0833054Z ✔ correlation refuses complete proof for missing-http (54.031171ms)
deploy-test	Run pnpm verify	2026-10-06T04:20:59.0834176Z ✔ audit GET binds list/detail operation and timeout UUID without claiming client success (104.564557ms)
deploy-test	Run pnpm verify	2026-10-06T04:20:59.0835647Z ✔ phase proof covers success, conditional conflict and all audit reads without declaring latency/cleanup acceptance (2.288389ms)
deploy-test	Run pnpm verify	2026-10-06T04:20:59.0837048Z ✔ cold 409 gate requires matching cold phase flags and successful runtime initialization (4.054558ms)
deploy-test	Run pnpm verify	2026-10-06T04:20:59.0838388Z ✔ new account gate requires nested hook, Prisma query, first driver query and checkout on every request (0.545205ms)
deploy-test	Run pnpm verify	2026-10-06T04:20:59.0839468Z ✔ account gate rejects missing (0.497335ms)
deploy-test	Run pnpm verify	2026-10-06T04:20:59.0840129Z ✔ account gate rejects duplicate (0.468371ms)
deploy-test	Run pnpm verify	2026-10-06T04:20:59.0840995Z ✔ account gate rejects failure (0.42683ms)
deploy-test	Run pnpm verify	2026-10-06T04:20:59.0841659Z ✔ account gate rejects wait-boundary (0.48795ms)
deploy-test	Run pnpm verify	2026-10-06T04:20:59.0842320Z ✔ account gate rejects timestamp (0.746303ms)
deploy-test	Run pnpm verify	2026-10-06T04:20:59.0842980Z ✔ account gate rejects outside-hook (0.440861ms)
deploy-test	Run pnpm verify	2026-10-06T04:20:59.0843684Z ✔ phase proof rejects foreign-invocation (0.359561ms)
deploy-test	Run pnpm verify	2026-10-06T04:20:59.0844406Z ✔ phase proof rejects missing-transaction (0.21672ms)
deploy-test	Run pnpm verify	2026-10-06T04:20:59.0845109Z ✔ phase proof rejects conflict-code (0.208588ms)
deploy-test	Run pnpm verify	2026-10-06T04:20:59.0845789Z ✔ phase proof rejects missing-http (0.155639ms)
deploy-test	Run pnpm verify	2026-10-06T04:20:59.0846448Z ✔ phase proof rejects other-run (0.131925ms)
deploy-test	Run pnpm verify	2026-10-06T04:20:59.1951528Z ✔ success audits bind precisely and conflicts never have a success audit (0.945837ms)
deploy-test	Run pnpm verify	2026-10-06T04:20:59.1973123Z ✔ audit proof rejects duplicate (0.356056ms)
deploy-test	Run pnpm verify	2026-10-06T04:20:59.1986169Z ✔ audit proof rejects wrong-version (0.142891ms)
deploy-test	Run pnpm verify	2026-10-06T04:20:59.1987391Z ✔ audit proof rejects conflict-success (0.168509ms)
deploy-test	Run pnpm verify	2026-10-06T04:20:59.1988507Z ✔ Gateway overlap cannot conceal serialized Lambda executions (0.90676ms)
deploy-test	Run pnpm verify	2026-10-06T04:20:59.3745172Z ✔ three races accept either winner, bind every successful write to audit and advance once per version (18.203612ms)
deploy-test	Run pnpm verify	2026-10-06T04:20:59.3770958Z ✔ early failure still drains the late sibling before readback and never retries or reports PASS (2.125569ms)
deploy-test	Run pnpm verify	2026-10-06T04:20:59.3837897Z ✔ race fails closed for double-winner (4.867578ms)
deploy-test	Run pnpm verify	2026-10-06T04:20:59.3863532Z ✔ race fails closed for gateway-id (5.144417ms)
deploy-test	Run pnpm verify	2026-10-06T04:20:59.4009212Z ✔ race fails closed for audit-id (13.119655ms)
deploy-test	Run pnpm verify	2026-10-06T04:20:59.4030672Z ✔ foreign context fails before dispatch or receipt writes (0.547218ms)
deploy-test	Run pnpm verify	2026-10-06T04:20:59.4058800Z ✔ historical read scope rejects any resource outside the exact sealed old contract before live calls (0.195549ms)
deploy-test	Run pnpm verify	2026-10-06T04:20:59.8601469Z ✔ read-only completion accepts only all six settled exact successful PATCH receipts (1.873807ms)
deploy-test	Run pnpm verify	2026-10-06T04:20:59.8671613Z ✔ cleanup/completion guard rejects unknown-write (0.503293ms)
deploy-test	Run pnpm verify	2026-10-06T04:20:59.8691603Z ✔ cleanup/completion guard rejects foreign-site (0.255978ms)
deploy-test	Run pnpm verify	2026-10-06T04:20:59.8701611Z ✔ cleanup/completion guard rejects wrong-account (0.205012ms)
deploy-test	Run pnpm verify	2026-10-06T04:20:59.8702630Z ✔ cleanup/completion guard rejects unfinished (0.217061ms)
deploy-test	Run pnpm verify	2026-10-06T04:20:59.8703501Z ✔ cleanup/completion guard rejects gateway-id (0.250009ms)
deploy-test	Run pnpm verify	2026-10-06T04:20:59.8953958Z ✔ log projection redacts payload/error details and rejects unrecognized events (0.895252ms)
deploy-test	Run pnpm verify	2026-10-06T04:20:59.8980482Z ✔ serialized AWS log projection preserves closed event names through the 20-sequence Gate (2.463578ms)
deploy-test	Run pnpm verify	2026-10-06T04:20:59.9002271Z ✔ specific redelivery needs matching SQS ID, final disposition and durable duplicate receipt (1.052224ms)
deploy-test	Run pnpm verify	2026-10-06T04:20:59.9003653Z ✔ 20 sequence stage Gate rejects incomplete coverage and unrelated device evidence (1.145311ms)
deploy-test	Run pnpm verify	2026-10-06T04:20:59.9005182Z ✔ completed Build result tolerates delayed/truncated CloudWatch visibility and transient read failure without rerunning SQL (1.460046ms)
deploy-test	Run pnpm verify	2026-10-06T04:20:59.9006915Z ✔ wrong/multiple/failed frames and AccessDenied reject immediately, absent result fails closed after bounded reads (1.257257ms)
deploy-test	Run pnpm verify	2026-10-06T04:20:59.9008250Z ✔ expired SSO is a terminal authentication condition, never a transient log retry (0.255778ms)
deploy-test	Run pnpm verify	2026-10-06T04:20:59.9010683Z ✔ CloudWatch 250000-character fragments reassemble exact source-bound metadata without accepting truncation or another frame (15.475108ms)
deploy-test	Run pnpm verify	2026-10-06T04:20:59.9012262Z ✔ large fixture observations round-trip through bounded gzip without losing metadata (26.502463ms)
deploy-test	Run pnpm verify	2026-10-06T04:20:59.9013609Z ✔ compressed fixture frames reject corruption, noncanonical data and decompression bombs (96.899858ms)
deploy-test	Run pnpm verify	2026-10-06T04:20:59.9014872Z ✔ compressed metadata still requires the exact expected source/build/action binding (3.223571ms)
deploy-test	Run pnpm verify	2026-10-06T04:20:59.9015939Z ✔ fixed manifest rejects unsafe SQL identifiers, missing hash and duplicates (0.983453ms)
deploy-test	Run pnpm verify	2026-10-06T04:20:59.9017654Z ✔ migration comparison distinguishes missing, tampered, unfinished and rolled-back migrations (0.256038ms)
deploy-test	Run pnpm verify	2026-10-06T04:20:59.9018868Z ✔ snapshot uses repeatable read/read only, timeouts, fixed SELECTs and always rolls back (0.890015ms)
deploy-test	Run pnpm verify	2026-10-06T04:20:59.9020198Z ✔ writable transaction rejected before business queries and rolled back (0.37871ms)
deploy-test	Run pnpm verify	2026-10-06T04:20:59.9021174Z ✔ query failure rolls back instead of yielding partial PASS (0.327514ms)
deploy-test	Run pnpm verify	2026-10-06T04:20:59.9022295Z ✔ dedicated query project never changes migration project or passes StartBuild overrides (16.924369ms)
deploy-test	Run pnpm verify	2026-10-06T04:20:59.9023524Z ✔ legacy onboarding rows without CSR columns require reconciliation before migration (0.288997ms)
deploy-test	Run pnpm verify	2026-10-06T04:20:59.9256476Z ✔ query success preserves real migration BLOCKED instead of promoting readiness (2.018401ms)
deploy-test	Run pnpm verify	2026-10-06T04:20:59.9268522Z ✔ wrong build, writable transaction, unbound hash and fabricated migration PASS rejected (0.796236ms)
deploy-test	Run pnpm verify	2026-10-06T04:20:59.9287088Z ✔ missing table count cannot become complete SQL evidence (2.34973ms)
deploy-test	Run pnpm verify	2026-10-06T04:21:00.6793735Z ✔ entity merge requires actual decisions on both viewports, scoped devices, versions and cleanup (1.600744ms)
deploy-test	Run pnpm verify	2026-10-06T04:21:00.6800037Z ✔ certificate merge cannot use review-only parent to claim real dual-channel certificate entity (0.308275ms)
deploy-test	Run pnpm verify	2026-10-06T04:21:00.7064764Z ✔ request UUID is durable before a single dispatch and credentials never enter receipts (19.486237ms)
deploy-test	Run pnpm verify	2026-10-06T04:21:00.7090486Z ✔ failed AWAIT_HEADERS preserves correlation without retry (0.697029ms)
deploy-test	Run pnpm verify	2026-10-06T04:21:00.7158448Z ✔ failed READ_BODY preserves correlation without retry (0.268186ms)
deploy-test	Run pnpm verify	2026-10-06T04:21:00.7171195Z ✔ malformed JSON cannot become a successful HTTP receipt (0.425539ms)
deploy-test	Run pnpm verify	2026-10-06T04:21:00.7193511Z ✔ layout diagnostic fails closed before AWS calls for foreign, finished or unbound fixtures (1.43597ms)
deploy-test	Run pnpm verify	2026-10-06T04:21:00.7203023Z ✔ diagnostic cleanup retains all actions and fails closed: absent (1.248234ms)
deploy-test	Run pnpm verify	2026-10-06T04:21:00.7204194Z ✔ diagnostic cleanup retains all actions and fails closed: still-present (0.159025ms)
deploy-test	Run pnpm verify	2026-10-06T04:21:00.7205245Z ✔ diagnostic cleanup retains all actions and fails closed: read-denied (0.164142ms)
deploy-test	Run pnpm verify	2026-10-06T04:21:00.7206262Z ✔ diagnostic cleanup retains all actions and fails closed: signout-failed (0.18986ms)
deploy-test	Run pnpm verify	2026-10-06T04:21:00.7207297Z ✔ diagnostic cleanup retains all actions and fails closed: delete-failed (0.19658ms)
deploy-test	Run pnpm verify	2026-10-06T04:21:03.0621152Z ✔ snapshot must be available encrypted manual and exact whitelist cannot expand (0.820562ms)
deploy-test	Run pnpm verify	2026-10-06T04:21:03.0680847Z ✔ real local SQL retires exactly two jobs/requests and preserves every other table (2498.01538ms)
deploy-test	Run pnpm verify	2026-10-06T04:21:04.7461076Z ✔ live status drift aborts with original rows intact (1685.923918ms)
deploy-test	Run pnpm verify	2026-10-06T04:21:06.2631328Z ✔ unexpected cascade/trigger changing a preserved table rolls back all deletes (1517.937225ms)
deploy-test	Run pnpm verify	2026-10-06T04:21:06.3231282Z ✔ valid HTTP writes cannot be inflated by malformed, wrong role, wrong method or failed requests (2.379094ms)
deploy-test	Run pnpm verify	2026-10-06T04:21:06.3232840Z ✔ target License wire sequence proves ExpiringSoon renewal and Renewed activation using real handlers and PostgreSQL (3580.233012ms)
deploy-test	Run pnpm verify	2026-10-06T04:21:06.3260890Z ✔ recovery sub-gate checks all preserved tables without accepting full QA09 (1.588997ms)
deploy-test	Run pnpm verify	2026-10-06T04:21:06.3263831Z ✔ version mismatch, missing migration and changed certificate/other business data fail closed (2.096106ms)
deploy-test	Run pnpm verify	2026-10-06T04:21:06.3264932Z ✔ retirement evidence cannot hide wrong deleted IDs or lose preservation proof (0.8124ms)
deploy-test	Run pnpm verify	2026-10-06T04:21:06.3265869Z ✔ retirement project has fixed source and never modifies readonly/migration runner (20.381904ms)
deploy-test	Run pnpm verify	2026-10-06T04:21:06.3266986Z ✔ real Sync observation redacts secret domains and cannot treat delivery as firmware verification (1.240422ms)
deploy-test	Run pnpm verify	2026-10-06T04:21:06.3267941Z ✔ receipt runner sends only RECEIVED and redacts complete snapshots even with device password hashes (1.011243ms)
deploy-test	Run pnpm verify	2026-10-06T04:21:06.3269496Z ✔ receipt runner fails closed for mismatched snapshots and refused confirmation (0.46717ms)
deploy-test	Run pnpm verify	2026-10-06T04:21:06.3270436Z ✔ 117 elements require both real viewport receipts (8.601152ms)
deploy-test	Run pnpm verify	2026-10-06T04:21:06.3271189Z ✔ one failure fails all elements in the affected behavior group (0.959607ms)
deploy-test	Run pnpm verify	2026-10-06T04:21:06.3272119Z ✔ Active dependent operations are explicit NOT_RUN, not successful disabled checks (2.045711ms)
deploy-test	Run pnpm verify	2026-10-06T04:21:06.3273020Z ✔ duplicate, foreign and invalid viewport receipts fail closed (2.061264ms)
deploy-test	Run pnpm verify	2026-10-06T04:21:06.3273774Z ✔ Defer and Reject failures also block the browser Gate (1.51641ms)
deploy-test	Run pnpm verify	2026-10-06T04:21:06.3274704Z ✔ CSV proof rejects empty, foreign and malformed downloads while parsing quoted data (1.065293ms)
deploy-test	Run pnpm verify	2026-10-06T04:21:06.3275779Z ✔ reopens own TLS session after same-clientId negative probe and closes on failure (1.759338ms)
deploy-test	Run pnpm verify	2026-10-06T04:21:06.3276847Z ✔ foreign MQTT scope is rejected before connection (0.255097ms)
deploy-test	Run pnpm verify	2026-10-06T04:21:06.3277916Z ✔ S3 fallback accepts exact owned version cleanup and rejects bucket, customer and pagination expansion (1.259971ms)
deploy-test	Run pnpm verify	2026-10-06T04:21:06.3279060Z ✔ export scope rejects a foreign device before API, AWS or output writes (1.521547ms)
deploy-test	Run pnpm verify	2026-10-06T04:21:06.3280334Z ✔ domain cleanup refuses live run, foreign customer name, missing DB cleanup and out-of-scope objects (1.176497ms)
deploy-test	Run pnpm verify	2026-10-06T04:21:06.3281586Z ✔ unseeded identity cleanup rejects unfinished, foreign, seeded and pre-existing admin ledgers (0.871998ms)
deploy-test	Run pnpm verify	2026-10-06T04:21:06.3282800Z ✔ Cognito canonical UUID is allowed only with exact own email and creation within this failed run (0.393341ms)
deploy-test	Run pnpm verify	2026-10-06T04:21:06.3283836Z ✔ P95 uses all actual samples and rejects empty or invalid measurements (2.01769ms)
deploy-test	Run pnpm verify	2026-10-06T04:21:06.3284810Z ✔ complete P95 excludes censored timeouts and refuses partial sample acceptance (0.431517ms)
deploy-test	Run pnpm verify	2026-10-06T04:21:06.3285915Z ✔ performance summary refuses to report P95 PASS for missing or incomplete actual samples (63.387768ms)
deploy-test	Run pnpm verify	2026-10-06T04:21:06.3287106Z ✔ read-only pool probe distinguishes one connection, recovery and incomplete capacity acceptance (5.134322ms)
deploy-test	Run pnpm verify	2026-10-06T04:21:06.3288159Z ✔ observed connection-budget violation refuses a pool PASS receipt (1.039475ms)
deploy-test	Run pnpm verify	2026-10-06T04:21:06.3289058Z ✔ foreign probe application name is rejected before database access (0.129631ms)
deploy-test	Run pnpm verify	2026-10-06T04:21:06.3290281Z ✔ scheduled publishing overlaps slow PUBACK and drains failures without abandoning in-flight writes (21.322468ms)
deploy-test	Run pnpm verify	2026-10-06T04:21:06.3291233Z ✔ only exact test account and readonly role accepted (4.129288ms)
deploy-test	Run pnpm verify	2026-10-06T04:21:06.3292223Z ✔ stack identity, region, project and test tag fail closed (0.303377ms)
deploy-test	Run pnpm verify	2026-10-06T04:21:06.3293013Z ✔ permission denial is unverified, never classified as absent (0.279203ms)
deploy-test	Run pnpm verify	2026-10-06T04:21:06.3293874Z ✔ metadata health never promotes missing business evidence to AWS PASS (0.571695ms)
deploy-test	Run pnpm verify	2026-10-06T04:21:06.3294854Z ✔ five groups with unconfirmed or disabled users do not prove usable identities (0.228428ms)
deploy-test	Run pnpm verify	2026-10-06T04:21:06.3295790Z ✔ missing target receipts and version mismatch remain blockers (0.199885ms)
deploy-test	Run pnpm verify	2026-10-06T04:21:06.3296950Z ✔ existing test environment requires neither new account nor stack and retains real-response/cleanup boundaries (0.599174ms)
deploy-test	Run pnpm verify	2026-10-06T04:21:06.3297948Z ✔ real sub-scope acceptance cannot claim whole QA09 (2.332524ms)
deploy-test	Run pnpm verify	2026-10-06T04:21:06.3298743Z ✔ unfinished execution, missing role probe and failed assertion rejected (0.349396ms)
deploy-test	Run pnpm verify	2026-10-06T04:21:06.3302534Z ✔ missing cleanup, wrong target, secrets and source tampering rejected (1.96362ms)
deploy-test	Run pnpm verify	2026-10-06T04:21:06.3303570Z ✔ identity cleanup only accepts this run and the five known role identities (0.841903ms)
deploy-test	Run pnpm verify	2026-10-06T04:21:06.3304541Z ✔ record cleanup requires exact run namespace, not merely a partial prefix (0.222268ms)
deploy-test	Run pnpm verify	2026-10-06T04:21:06.3305632Z ✔ recovery excludes explicitly later own SLO records without waiving original bytes or deadlines (17.124359ms)
deploy-test	Run pnpm verify	2026-10-06T04:21:06.3306634Z ✔ later record exemption never includes other devices or customers (6.362756ms)
deploy-test	Run pnpm verify	2026-10-06T04:21:06.8490377Z ✔ site compensation rejects foreign-route before any AWS command (359.48837ms)
deploy-test	Run pnpm verify	2026-10-06T04:21:06.8533934Z ✔ site compensation rejects failed-cleanup before any AWS command (329.943989ms)
deploy-test	Run pnpm verify	2026-10-06T04:21:06.8560944Z ✔ site compensation rejects unbound-parent before any AWS command (315.144634ms)
deploy-test	Run pnpm verify	2026-10-06T04:21:06.8771065Z ✔ remaining target rejects foreign fixture before an API or database call (2.299866ms)
deploy-test	Run pnpm verify	2026-10-06T04:21:06.8830607Z ✔ unproved license activation fails legal stage and independent stage failures remain explicit without credentials (1.137761ms)
deploy-test	Run pnpm verify	2026-10-06T04:21:06.8832295Z ✔ per-request service throttling requires both unique IDs and bound access-row time/status, never minute metrics (0.98184ms)
deploy-test	Run pnpm verify	2026-10-06T04:21:06.8860817Z ✔ QA09 rollout separates logging, budget and event publication and rejects silent phase mistakes (1.653762ms)
deploy-test	Run pnpm verify	2026-10-06T04:21:07.4713896Z ✔ security retest rejects foreign fixture before any credential or live API access (1.316173ms)
deploy-test	Run pnpm verify	2026-10-06T04:21:07.4771047Z ✔ six tampered tokens require HTTP rejection and keep credentials out of receipt (1.802261ms)
deploy-test	Run pnpm verify	2026-10-06T04:21:07.5231414Z ✔ unknown seed outcome requires observed complete own set or proven empty set, never a blind retry (1.193924ms)
deploy-test	Run pnpm verify	2026-10-06T04:21:12.2303238Z ✔ semantic SQL creates two scoped read models without lifecycle or authentication claims and refuses reuse (2911.015037ms)
deploy-test	Run pnpm verify	2026-10-06T04:21:12.2307893Z ✔ semantic SQL refuses scope/state drift: lifecycle_status='Active' (360.129486ms)
deploy-test	Run pnpm verify	2026-10-06T04:21:12.2311343Z ✔ semantic SQL refuses scope/state drift: site_id=NULL (365.035762ms)
deploy-test	Run pnpm verify	2026-10-06T04:21:12.2313004Z ✔ semantic SQL refuses scope/state drift: customer_id='22222222-2222-2222-2222-222222222222' WHERE customer_id='11111111-1111-1111-1111-111111111111' (331.065416ms)
deploy-test	Run pnpm verify	2026-10-06T04:21:12.2314449Z ✔ semantic SQL refuses scope/state drift: name='outside' (370.659402ms)
deploy-test	Run pnpm verify	2026-10-06T04:21:12.2315691Z ✔ platform exports require the exact ledger and own frozen filters; foreign jobs remain unchanged (478.761944ms)
deploy-test	Run pnpm verify	2026-10-06T04:21:12.2970492Z ✔ business session cleanup never accepts a foreign email id role scope or lifecycle (1.306128ms)
deploy-test	Run pnpm verify	2026-10-06T04:21:12.2971662Z ✔ session fixtures require exact own customer and site binding before cleanup (0.387232ms)
deploy-test	Run pnpm verify	2026-10-06T04:21:12.2972608Z ✔ complete narrow real-environment scope never accepts full QA09 (3.935722ms)
deploy-test	Run pnpm verify	2026-10-06T04:21:12.2973674Z ✔ missing mTLS, shared keys, different ingress/archive bytes and missing cleanup fail closed (2.103216ms)
deploy-test	Run pnpm verify	2026-10-06T04:21:12.6271703Z ✔ CodeBuild inline source fits service limit and decompresses to exact reviewed bytes (25.404847ms)
deploy-test	Run pnpm verify	2026-10-06T04:21:12.6286432Z ✔ exact own-ten plan rejects expansion, historical identity and wrong customer namespace (15.26928ms)
deploy-test	Run pnpm verify	2026-10-06T04:21:12.6287217Z ✔ real SQL creates exact fixtures and cleanup preserves original devices/certificates (2133.699991ms)
deploy-test	Run pnpm verify	2026-10-06T04:21:12.6288106Z ✔ unexpected original-data trigger mutation rolls back fixture creation (1033.90921ms)
deploy-test	Run pnpm verify	2026-10-06T04:21:12.6289804Z ✔ processing provisioning job prevents cleanup without deleting any own devices (972.629785ms)
deploy-test	Run pnpm verify	2026-10-06T04:21:12.6290878Z ✔ CSR proofs bind method, path, request ID, timestamp, nonce and independent key (122.073765ms)
deploy-test	Run pnpm verify	2026-10-06T04:21:13.5081200Z ✔ closed-fixture audit and request outbox cleanup require ledger and preserve unrelated events (882.774643ms)
deploy-test	Run pnpm verify	2026-10-06T04:21:14.3784484Z ✔ closed-fixture access rejects missing approval audit and live customer (869.8216ms)
deploy-test	Run pnpm verify	2026-10-06T04:21:15.2771450Z ✔ unseeded capacity attempt has read-only empty audit with deleted customers and fixed original baseline (898.423258ms)
deploy-test	Run pnpm verify	2026-10-06T04:21:16.1473222Z ✔ business-only Onboarded fixtures preserve original rows, refuse reuse and make no certificate/authentication claim (871.77526ms)
deploy-test	Run pnpm verify	2026-10-06T04:21:16.9921270Z ✔ unseeded timeout audit reads only exact prefix and cannot mutate original or retry customer creation (842.960888ms)
deploy-test	Run pnpm verify	2026-10-06T04:21:17.8441061Z ✔ active lifecycle fixture changes exactly two own states and never claims a natural path (851.596506ms)
deploy-test	Run pnpm verify	2026-10-06T04:21:18.6863547Z ✔ capacity probe executes a read-only transaction and leaves fixture and original rows unchanged (844.463507ms)
deploy-test	Run pnpm verify	2026-10-06T04:21:18.6864875Z ✔ review-only mode cannot run without an explicit review hook or with unknown options (0.788284ms)
deploy-test	Run pnpm verify	2026-10-06T04:21:18.6866954Z ✔ fixture CLI distinguishes expired SSO from authorization rejection and transport timeouts (0.246324ms)
deploy-test	Run pnpm verify	2026-10-06T04:21:18.7340598Z ✔ version binding preserves prior defaults and accepts exact new target (1.502128ms)
deploy-test	Run pnpm verify	2026-10-06T04:21:18.7341404Z ✔ invalid version input is rejected before any AWS operation (0.387652ms)
deploy-test	Run pnpm verify	2026-10-06T04:21:18.7341985Z ✔ all delivered writes have an explicit permission and own or absent object path (1.552042ms)
deploy-test	Run pnpm verify	2026-10-06T04:21:18.7342649Z ✔ identical claims still change signed payload bytes rather than unused base64 signature bits (0.308616ms)
deploy-test	Run pnpm verify	2026-10-06T04:21:18.7343265Z ✔ Gateway 403 rejects tampered signatures while protected 2xx must fail (6.604323ms)
deploy-test	Run pnpm verify	2026-10-06T04:21:18.7343941Z ✔ quick has exact cadence, 24 historical hours, 30x burst, 5% duplicates and 2% delayed delivery (14.343057ms)
deploy-test	Run pnpm verify	2026-10-06T04:21:18.7344617Z ✔ full plan contains 86400 historical Telemetry samples for 10 devices at 10-second cadence (587.342637ms)
deploy-test	Run pnpm verify	2026-10-06T04:21:18.7345076Z ✔ unknown profile fails closed (0.453049ms)
deploy-test	Run pnpm verify	2026-10-06T04:21:18.7345448Z ✔ P95 uses nearest rank and does not mutate input (0.304439ms)
deploy-test	Run pnpm verify	2026-10-06T04:21:18.7345804Z ✔ invalid latency  rejected (0.168269ms)
deploy-test	Run pnpm verify	2026-10-06T04:21:18.7346106Z ✔ invalid latency NaN rejected (0.106057ms)
deploy-test	Run pnpm verify	2026-10-06T04:21:18.7346427Z ✔ invalid latency Infinity rejected (2.697784ms)
deploy-test	Run pnpm verify	2026-10-06T04:21:18.7346745Z ✔ invalid latency -1 rejected (0.161389ms)
deploy-test	Run pnpm verify	2026-10-06T04:21:18.7347221Z ✔ independent checker verifies count average min max and UTC buckets (1.750044ms)
deploy-test	Run pnpm verify	2026-10-06T04:21:18.7347919Z ✔ complete reliability proof passes (7.938133ms)
deploy-test	Run pnpm verify	2026-10-06T04:21:18.7348382Z ✔ Gate rejects missing trace (1.267812ms)
deploy-test	Run pnpm verify	2026-10-06T04:21:18.7348840Z ✔ Gate rejects duplicate trace (4.987165ms)
deploy-test	Run pnpm verify	2026-10-06T04:21:18.7349420Z ✔ Gate rejects failed cleanup (3.102883ms)
deploy-test	Run pnpm verify	2026-10-06T04:21:18.7349867Z ✔ Gate rejects wrong profile (1.106754ms)
deploy-test	Run pnpm verify	2026-10-06T04:21:18.7350314Z ✔ Gate rejects wrong cadence (1.062789ms)
deploy-test	Run pnpm verify	2026-10-06T04:21:18.7350606Z ✔ Gate rejects untracked loss (1.284417ms)
deploy-test	Run pnpm verify	2026-10-06T04:21:18.7350920Z ✔ Gate rejects duplicate business row (1.102709ms)
deploy-test	Run pnpm verify	2026-10-06T04:21:18.7351239Z ✔ Gate rejects missing archive (1.051423ms)
deploy-test	Run pnpm verify	2026-10-06T04:21:18.7351931Z ✔ Gate rejects missing reorder (1.057261ms)
deploy-test	Run pnpm verify	2026-10-06T04:21:18.7352221Z ✔ Gate rejects missing retry (1.06942ms)
deploy-test	Run pnpm verify	2026-10-06T04:21:18.7352515Z ✔ Gate rejects unresolved gap (1.119113ms)
deploy-test	Run pnpm verify	2026-10-06T04:21:18.7352827Z ✔ Gate rejects worker not paused (1.103109ms)
deploy-test	Run pnpm verify	2026-10-06T04:21:18.7353142Z ✔ Gate rejects no backlog (1.06971ms)
deploy-test	Run pnpm verify	2026-10-06T04:21:18.7353449Z ✔ Gate rejects unscoped replay (1.013236ms)
deploy-test	Run pnpm verify	2026-10-06T04:21:18.7353777Z ✔ Gate rejects duplicate MQTT publish (1.043891ms)
deploy-test	Run pnpm verify	2026-10-06T04:21:18.7354396Z ✔ Gate rejects late ACK changed terminal state (1.126474ms)
deploy-test	Run pnpm verify	2026-10-06T04:21:18.7354753Z ✔ Gate rejects telemetry P95 failed (1.149427ms)
deploy-test	Run pnpm verify	2026-10-06T04:21:18.7355078Z ✔ Gate rejects command P95 failed (1.277827ms)
deploy-test	Run pnpm verify	2026-10-06T04:21:18.7355367Z ✔ Gate rejects NaN P95 (1.242505ms)
deploy-test	Run pnpm verify	2026-10-06T04:21:18.7355676Z ✔ Gate rejects missing latency samples (10.819538ms)
deploy-test	Run pnpm verify	2026-10-06T04:21:18.7356244Z ✔ security receipt accepts complete execution and all observed acceptance proofs (11.372074ms)
deploy-test	Run pnpm verify	2026-10-06T04:21:18.7356806Z ✔ execution fails closed: deleted required test (1.558321ms)
deploy-test	Run pnpm verify	2026-10-06T04:21:18.7357198Z ✔ execution fails closed: missing file (0.253344ms)
deploy-test	Run pnpm verify	2026-10-06T04:21:18.7357572Z ✔ execution fails closed: pending test (0.337628ms)
deploy-test	Run pnpm verify	2026-10-06T04:21:18.7357901Z ✔ execution fails closed: failed test (3.308475ms)
deploy-test	Run pnpm verify	2026-10-06T04:21:18.7358231Z ✔ proof fails closed: missing proof (0.727745ms)
deploy-test	Run pnpm verify	2026-10-06T04:21:18.7358555Z ✔ proof fails closed: reused prefix (0.794684ms)
deploy-test	Run pnpm verify	2026-10-06T04:21:18.7358966Z ✔ proof fails closed: cleanup incomplete (0.607127ms)
deploy-test	Run pnpm verify	2026-10-06T04:21:18.7360449Z ✔ proof fails closed: expired JWT accepted (0.506818ms)
deploy-test	Run pnpm verify	2026-10-06T04:21:18.7360912Z ✔ proof fails closed: missing write operation (0.889113ms)
deploy-test	Run pnpm verify	2026-10-06T04:21:18.7361332Z ✔ proof fails closed: forged identity accepted (0.524815ms)
deploy-test	Run pnpm verify	2026-10-06T04:21:18.7361763Z ✔ proof fails closed: route resolved before auth (0.192304ms)
deploy-test	Run pnpm verify	2026-10-06T04:21:18.7362157Z ✔ proof fails closed: cross tenant allowed (0.321485ms)
deploy-test	Run pnpm verify	2026-10-06T04:21:18.7362625Z ✔ proof fails closed: unauthorized side effect (0.387231ms)
deploy-test	Run pnpm verify	2026-10-06T04:21:18.7363019Z ✔ proof fails closed: prototype pollution (0.227496ms)
deploy-test	Run pnpm verify	2026-10-06T04:21:18.7363406Z ✔ proof fails closed: malicious media signed (0.217271ms)
deploy-test	Run pnpm verify	2026-10-06T04:21:18.7363808Z ✔ proof fails closed: malicious media persisted (0.22962ms)
deploy-test	Run pnpm verify	2026-10-06T04:21:18.7364183Z ✔ proof fails closed: leak ignored (0.959637ms)
deploy-test	Run pnpm verify	2026-10-06T04:21:18.7364539Z ✔ proof fails closed: unscanned audit (0.428633ms)
deploy-test	Run pnpm verify	2026-10-06T04:21:18.7364942Z ✔ proof fails closed: unscanned snapshot (0.563352ms)
deploy-test	Run pnpm verify	2026-10-06T04:21:18.7365337Z ✔ proof fails closed: partial response scan (0.219535ms)
deploy-test	Run pnpm verify	2026-10-06T04:21:18.7366005Z ✔ independent scanner rejects nested secrets raw JWT Error private key and signed URL without echoing values (2.732626ms)
deploy-test	Run pnpm verify	2026-10-06T04:21:18.7366782Z ✔ scanner detects opaque canary leakage and permits null redacted values and public certificate (0.158063ms)
deploy-test	Run pnpm verify	2026-10-06T04:21:18.7367202Z ℹ tests 549
deploy-test	Run pnpm verify	2026-10-06T04:21:18.7367386Z ℹ suites 0
deploy-test	Run pnpm verify	2026-10-06T04:21:18.7367578Z ℹ pass 549
deploy-test	Run pnpm verify	2026-10-06T04:21:18.7367756Z ℹ fail 0
deploy-test	Run pnpm verify	2026-10-06T04:21:18.7367930Z ℹ cancelled 0
deploy-test	Run pnpm verify	2026-10-06T04:21:18.7368120Z ℹ skipped 0
deploy-test	Run pnpm verify	2026-10-06T04:21:18.7368293Z ℹ todo 0
deploy-test	Run pnpm verify	2026-10-06T04:21:18.7368501Z ℹ duration_ms 29144.504439
deploy-test	Run pnpm verify	2026-10-06T04:21:18.9729721Z 
deploy-test	Run pnpm verify	2026-10-06T04:21:18.9730744Z > food-digester-platform@0.0.0 build /home/runner/work/food-digester-platform/food-digester-platform
deploy-test	Run pnpm verify	2026-10-06T04:21:18.9731440Z > turbo run build
deploy-test	Run pnpm verify	2026-10-06T04:21:18.9731641Z 
deploy-test	Run pnpm verify	2026-10-06T04:21:19.0215844Z 
deploy-test	Run pnpm verify	2026-10-06T04:21:19.0221857Z    • Packages in scope: @fdp/admin-web, @fdp/archive-worker, @fdp/auth, @fdp/aws-clients, @fdp/cloud-api, @fdp/contracts, @fdp/database, @fdp/domain, @fdp/infra, @fdp/ingestion-worker, @fdp/media, @fdp/observability, @fdp/summary-worker
deploy-test	Run pnpm verify	2026-10-06T04:21:19.0223434Z    • Running build in 13 packages
deploy-test	Run pnpm verify	2026-10-06T04:21:19.0224091Z    • Remote caching disabled
deploy-test	Run pnpm verify	2026-10-06T04:21:19.0224622Z 
deploy-test	Run pnpm verify	2026-10-06T04:21:19.0271945Z ##[group]@fdp/contracts:build
deploy-test	Run pnpm verify	2026-10-06T04:21:19.0303003Z cache hit, replaying logs badb40bf08f6da73
deploy-test	Run pnpm verify	2026-10-06T04:21:19.0303513Z 
deploy-test	Run pnpm verify	2026-10-06T04:21:19.0304308Z > @fdp/contracts@0.0.0 build /home/runner/work/food-digester-platform/food-digester-platform/contracts
deploy-test	Run pnpm verify	2026-10-06T04:21:19.0305837Z > node -e "console.log('@fdp/contracts 为源码契约包：内部使用 .ts 扩展名互引，不经 tsc 构建；消费方经 tsx/打包器直接使用源码')"
deploy-test	Run pnpm verify	2026-10-06T04:21:19.0306433Z 
deploy-test	Run pnpm verify	2026-10-06T04:21:19.0306975Z @fdp/contracts 为源码契约包：内部使用 .ts 扩展名互引，不经 tsc 构建；消费方经 tsx/打包器直接使用源码
deploy-test	Run pnpm verify	2026-10-06T04:21:19.0308112Z ##[endgroup]
deploy-test	Run pnpm verify	2026-10-06T04:21:19.0308745Z ##[group]@fdp/database:generate
deploy-test	Run pnpm verify	2026-10-06T04:21:19.0309407Z cache hit, replaying logs 6f29d7861b790d41
deploy-test	Run pnpm verify	2026-10-06T04:21:19.0309824Z 
deploy-test	Run pnpm verify	2026-10-06T04:21:19.0313533Z > @fdp/database@0.0.0 generate /home/runner/work/food-digester-platform/food-digester-platform/packages/database
deploy-test	Run pnpm verify	2026-10-06T04:21:19.0314232Z > prisma generate
deploy-test	Run pnpm verify	2026-10-06T04:21:19.0314391Z 
deploy-test	Run pnpm verify	2026-10-06T04:21:19.0314595Z Loaded Prisma config from prisma.config.ts.
deploy-test	Run pnpm verify	2026-10-06T04:21:19.0314843Z 
deploy-test	Run pnpm verify	2026-10-06T04:21:19.0315100Z Prisma schema loaded from prisma/schema.prisma.
deploy-test	Run pnpm verify	2026-10-06T04:21:19.0315365Z 
deploy-test	Run pnpm verify	2026-10-06T04:21:19.0315782Z ✔ Generated Prisma Client (7.9.1) to ./src/generated in 1.34s
deploy-test	Run pnpm verify	2026-10-06T04:21:19.0316103Z 
deploy-test	Run pnpm verify	2026-10-06T04:21:19.0316398Z ##[endgroup]
deploy-test	Run pnpm verify	2026-10-06T04:21:19.0316799Z ##[group]@fdp/aws-clients:build
deploy-test	Run pnpm verify	2026-10-06T04:21:19.0317179Z cache hit, replaying logs 72b741ff8e28f9c8
deploy-test	Run pnpm verify	2026-10-06T04:21:19.0317415Z 
deploy-test	Run pnpm verify	2026-10-06T04:21:19.0317996Z > @fdp/aws-clients@0.0.0 build /home/runner/work/food-digester-platform/food-digester-platform/packages/aws-clients
deploy-test	Run pnpm verify	2026-10-06T04:21:19.0318683Z > tsc -p tsconfig.build.json
deploy-test	Run pnpm verify	2026-10-06T04:21:19.0318878Z 
deploy-test	Run pnpm verify	2026-10-06T04:21:19.0319131Z ##[endgroup]
deploy-test	Run pnpm verify	2026-10-06T04:21:19.0319651Z ##[group]@fdp/observability:build
deploy-test	Run pnpm verify	2026-10-06T04:21:19.0320035Z cache hit, replaying logs b22046eabd7182a9
deploy-test	Run pnpm verify	2026-10-06T04:21:19.0320270Z 
deploy-test	Run pnpm verify	2026-10-06T04:21:19.0320870Z > @fdp/observability@0.0.0 build /home/runner/work/food-digester-platform/food-digester-platform/packages/observability
deploy-test	Run pnpm verify	2026-10-06T04:21:19.0321573Z > tsc -p tsconfig.build.json
deploy-test	Run pnpm verify	2026-10-06T04:21:19.0321757Z 
deploy-test	Run pnpm verify	2026-10-06T04:21:19.0355730Z ##[endgroup]
deploy-test	Run pnpm verify	2026-10-06T04:21:19.0356237Z ##[group]@fdp/domain:build
deploy-test	Run pnpm verify	2026-10-06T04:21:19.0356602Z cache hit, replaying logs 47ef0249a0b99843
deploy-test	Run pnpm verify	2026-10-06T04:21:19.0356829Z 
deploy-test	Run pnpm verify	2026-10-06T04:21:19.0357321Z > @fdp/domain@0.0.0 build /home/runner/work/food-digester-platform/food-digester-platform/packages/domain
deploy-test	Run pnpm verify	2026-10-06T04:21:19.0357956Z > tsc -p tsconfig.build.json
deploy-test	Run pnpm verify	2026-10-06T04:21:19.0358165Z 
deploy-test	Run pnpm verify	2026-10-06T04:21:19.0358438Z ##[endgroup]
deploy-test	Run pnpm verify	2026-10-06T04:21:19.0358850Z ##[group]@fdp/database:build
deploy-test	Run pnpm verify	2026-10-06T04:21:19.0359262Z cache hit, replaying logs d2e9504f281a7867
deploy-test	Run pnpm verify	2026-10-06T04:21:19.0359684Z 
deploy-test	Run pnpm verify	2026-10-06T04:21:19.0360239Z > @fdp/database@0.0.0 build /home/runner/work/food-digester-platform/food-digester-platform/packages/database
deploy-test	Run pnpm verify	2026-10-06T04:21:19.0360865Z > tsc -p tsconfig.build.json
deploy-test	Run pnpm verify	2026-10-06T04:21:19.0361067Z 
deploy-test	Run pnpm verify	2026-10-06T04:21:19.0361327Z ##[endgroup]
deploy-test	Run pnpm verify	2026-10-06T04:21:19.0361716Z ##[group]@fdp/media:build
deploy-test	Run pnpm verify	2026-10-06T04:21:19.0362072Z cache hit, replaying logs 8b966babc723bb0c
deploy-test	Run pnpm verify	2026-10-06T04:21:19.0362326Z 
deploy-test	Run pnpm verify	2026-10-06T04:21:19.0362846Z > @fdp/media@0.0.0 build /home/runner/work/food-digester-platform/food-digester-platform/packages/media
deploy-test	Run pnpm verify	2026-10-06T04:21:19.0363466Z > tsc -p tsconfig.build.json
deploy-test	Run pnpm verify	2026-10-06T04:21:19.0363669Z 
deploy-test	Run pnpm verify	2026-10-06T04:21:19.0363922Z ##[endgroup]
deploy-test	Run pnpm verify	2026-10-06T04:21:19.0364338Z ##[group]@fdp/auth:build
deploy-test	Run pnpm verify	2026-10-06T04:21:19.0364680Z cache hit, replaying logs 161d25a0bb288877
deploy-test	Run pnpm verify	2026-10-06T04:21:19.0364915Z 
deploy-test	Run pnpm verify	2026-10-06T04:21:19.0365383Z > @fdp/auth@0.0.0 build /home/runner/work/food-digester-platform/food-digester-platform/packages/auth
deploy-test	Run pnpm verify	2026-10-06T04:21:19.0366025Z > tsc -p tsconfig.build.json
deploy-test	Run pnpm verify	2026-10-06T04:21:19.0366160Z 
deploy-test	Run pnpm verify	2026-10-06T04:21:19.0366397Z ##[endgroup]
deploy-test	Run pnpm verify	2026-10-06T04:21:24.7320870Z ##[group]@fdp/summary-worker:build
deploy-test	Run pnpm verify	2026-10-06T04:21:24.7382472Z cache miss, executing 77d113d7dc4b62c3
deploy-test	Run pnpm verify	2026-10-06T04:21:24.7409640Z 
deploy-test	Run pnpm verify	2026-10-06T04:21:24.7440747Z > @fdp/summary-worker@0.0.0 build /home/runner/work/food-digester-platform/food-digester-platform/apps/summary-worker
deploy-test	Run pnpm verify	2026-10-06T04:21:24.7530497Z > tsc -p tsconfig.build.json
deploy-test	Run pnpm verify	2026-10-06T04:21:24.7546895Z 
deploy-test	Run pnpm verify	2026-10-06T04:21:24.7570449Z ##[endgroup]
deploy-test	Run pnpm verify	2026-10-06T04:21:24.8068324Z ##[group]@fdp/archive-worker:build
deploy-test	Run pnpm verify	2026-10-06T04:21:24.8085726Z cache miss, executing a0e6c0cec6c3151d
deploy-test	Run pnpm verify	2026-10-06T04:21:24.8086378Z 
deploy-test	Run pnpm verify	2026-10-06T04:21:24.8087231Z > @fdp/archive-worker@0.0.0 build /home/runner/work/food-digester-platform/food-digester-platform/apps/archive-worker
deploy-test	Run pnpm verify	2026-10-06T04:21:24.8088510Z > tsc -p tsconfig.build.json
deploy-test	Run pnpm verify	2026-10-06T04:21:24.8088897Z 
deploy-test	Run pnpm verify	2026-10-06T04:21:24.8089607Z ##[endgroup]
deploy-test	Run pnpm verify	2026-10-06T04:21:26.3560801Z ##[group]@fdp/ingestion-worker:build
deploy-test	Run pnpm verify	2026-10-06T04:21:26.3568510Z cache miss, executing 936ac9a6e582a305
deploy-test	Run pnpm verify	2026-10-06T04:21:26.3579147Z 
deploy-test	Run pnpm verify	2026-10-06T04:21:26.3580168Z > @fdp/ingestion-worker@0.0.0 build /home/runner/work/food-digester-platform/food-digester-platform/apps/ingestion-worker
deploy-test	Run pnpm verify	2026-10-06T04:21:26.3580947Z > tsc -p tsconfig.build.json
deploy-test	Run pnpm verify	2026-10-06T04:21:26.3581194Z 
deploy-test	Run pnpm verify	2026-10-06T04:21:26.3581544Z ##[endgroup]
deploy-test	Run pnpm verify	2026-10-06T04:21:27.8940801Z ##[group]@fdp/infra:build
deploy-test	Run pnpm verify	2026-10-06T04:21:27.8941378Z cache miss, executing ae15db771adc85e4
deploy-test	Run pnpm verify	2026-10-06T04:21:27.8941661Z 
deploy-test	Run pnpm verify	2026-10-06T04:21:27.8942168Z > @fdp/infra@0.0.0 build /home/runner/work/food-digester-platform/food-digester-platform/infra
deploy-test	Run pnpm verify	2026-10-06T04:21:27.8942790Z > tsc -p tsconfig.build.json
deploy-test	Run pnpm verify	2026-10-06T04:21:27.8943054Z 
deploy-test	Run pnpm verify	2026-10-06T04:21:27.8943387Z ##[endgroup]
deploy-test	Run pnpm verify	2026-10-06T04:21:28.6491130Z ##[group]@fdp/cloud-api:build
deploy-test	Run pnpm verify	2026-10-06T04:21:28.6492029Z cache miss, executing f68e31080bcf62ee
deploy-test	Run pnpm verify	2026-10-06T04:21:28.6492453Z 
deploy-test	Run pnpm verify	2026-10-06T04:21:28.6493252Z > @fdp/cloud-api@0.0.0 build /home/runner/work/food-digester-platform/food-digester-platform/apps/cloud-api
deploy-test	Run pnpm verify	2026-10-06T04:21:28.6494234Z > tsc -p tsconfig.build.json
deploy-test	Run pnpm verify	2026-10-06T04:21:28.6494630Z 
deploy-test	Run pnpm verify	2026-10-06T04:21:28.6496701Z ##[endgroup]
deploy-test	Run pnpm verify	2026-10-06T04:21:31.0227937Z ##[group]@fdp/admin-web:build
deploy-test	Run pnpm verify	2026-10-06T04:21:31.0228590Z cache miss, executing e6f245876b04286c
deploy-test	Run pnpm verify	2026-10-06T04:21:31.0228897Z 
deploy-test	Run pnpm verify	2026-10-06T04:21:31.0229668Z > @fdp/admin-web@0.0.0 build /home/runner/work/food-digester-platform/food-digester-platform/apps/admin-web
deploy-test	Run pnpm verify	2026-10-06T04:21:31.0230451Z > tsc -p tsconfig.build.json && vite build
deploy-test	Run pnpm verify	2026-10-06T04:21:31.0230705Z 
deploy-test	Run pnpm verify	2026-10-06T04:21:31.0231423Z ^[[36mvite v8.2.2 ^[[32mbuilding client environment for production...^[[36m^[[39m
deploy-test	Run pnpm verify	2026-10-06T04:21:31.0231921Z transforming...
deploy-test	Run pnpm verify	2026-10-06T04:21:31.0232282Z ✓ 1609 modules transformed.
deploy-test	Run pnpm verify	2026-10-06T04:21:31.0232619Z rendering chunks...
deploy-test	Run pnpm verify	2026-10-06T04:21:31.0232944Z computing gzip size...
deploy-test	Run pnpm verify	2026-10-06T04:21:31.0233518Z dist/web/index.html                     0.46 kB │ gzip:   0.32 kB
deploy-test	Run pnpm verify	2026-10-06T04:21:31.0234253Z dist/web/assets/index-CecZB0A0.css     19.08 kB │ gzip:   5.07 kB
deploy-test	Run pnpm verify	2026-10-06T04:21:31.0234977Z dist/web/assets/index-D1EpTElP.js   1,357.74 kB │ gzip: 417.92 kB
deploy-test	Run pnpm verify	2026-10-06T04:21:31.0235316Z 
deploy-test	Run pnpm verify	2026-10-06T04:21:31.0235508Z ^[[32m✓ built in 462ms^[[39m
deploy-test	Run pnpm verify	2026-10-06T04:21:31.0235941Z ^[[33m[plugin builtin:vite-reporter] 
deploy-test	Run pnpm verify	2026-10-06T04:21:31.0236511Z (!) Some chunks are larger than 500 kB after minification. Consider:
deploy-test	Run pnpm verify	2026-10-06T04:21:31.0237150Z - Using dynamic import() to code-split the application
deploy-test	Run pnpm verify	2026-10-06T04:21:31.0238212Z - Use build.rolldownOptions.output.codeSplitting to improve chunking: https://rolldown.rs/reference/OutputOptions.codeSplitting
deploy-test	Run pnpm verify	2026-10-06T04:21:31.0239741Z - Adjust chunk size limit for this warning via build.chunkSizeWarningLimit.^[[39m
deploy-test	Run pnpm verify	2026-10-06T04:21:31.0240505Z ##[endgroup]
deploy-test	Run pnpm verify	2026-10-06T04:21:31.0267985Z 
deploy-test	Run pnpm verify	2026-10-06T04:21:31.0268266Z  Tasks:    14 successful, 14 total
deploy-test	Run pnpm verify	2026-10-06T04:21:31.0268628Z Cached:    8 cached, 14 total
deploy-test	Run pnpm verify	2026-10-06T04:21:31.0269028Z   Time:    12.026s 
deploy-test	Run pnpm verify	2026-10-06T04:21:31.0269196Z 
deploy-test	Run pnpm verify	2026-10-06T04:21:31.2904160Z 
deploy-test	Run pnpm verify	2026-10-06T04:21:31.2905259Z > food-digester-platform@0.0.0 check:boundaries /home/runner/work/food-digester-platform/food-digester-platform
deploy-test	Run pnpm verify	2026-10-06T04:21:31.2906070Z > node scripts/check-boundaries.mjs
deploy-test	Run pnpm verify	2026-10-06T04:21:31.2906303Z 
deploy-test	Run pnpm verify	2026-10-06T04:21:31.3144828Z 检查 13 个工作区包
deploy-test	Run pnpm verify	2026-10-06T04:21:31.3145654Z 模块边界与循环依赖检查通过
deploy-test	Run pnpm verify	2026-10-06T04:21:31.5451849Z 
deploy-test	Run pnpm verify	2026-10-06T04:21:31.5452953Z > food-digester-platform@0.0.0 check:schemas /home/runner/work/food-digester-platform/food-digester-platform
deploy-test	Run pnpm verify	2026-10-06T04:21:31.5453725Z > node scripts/check-schemas.mjs
deploy-test	Run pnpm verify	2026-10-06T04:21:31.5453951Z 
deploy-test	Run pnpm verify	2026-10-06T04:21:31.6859134Z OpenAPI / JSON Schema 校验通过
deploy-test	Run pnpm verify	2026-10-06T04:21:31.9129605Z 
deploy-test	Run pnpm verify	2026-10-06T04:21:31.9130837Z > food-digester-platform@0.0.0 check:migrations /home/runner/work/food-digester-platform/food-digester-platform
deploy-test	Run pnpm verify	2026-10-06T04:21:31.9132182Z > node scripts/check-migrations.mjs
deploy-test	Run pnpm verify	2026-10-06T04:21:31.9132443Z 
deploy-test	Run pnpm verify	2026-10-06T04:21:35.4248040Z Migration 结构与 Prisma Schema 漂移检查通过
deploy-test	Run pnpm verify	2026-10-06T04:21:35.6495707Z 
deploy-test	Run pnpm verify	2026-10-06T04:21:35.6496723Z > food-digester-platform@0.0.0 check:evidence /home/runner/work/food-digester-platform/food-digester-platform
deploy-test	Run pnpm verify	2026-10-06T04:21:35.6497275Z > node scripts/check-eng-db-dom-evidence.mjs
deploy-test	Run pnpm verify	2026-10-06T04:21:35.6497448Z 
deploy-test	Run pnpm verify	2026-10-06T04:21:35.6819545Z ENG/DB/DOM/IAC/AUTH/SEC/BE-IOT/BE-ARC/RPL/ESG/管理后台业务与前端 证据与开发文档检查通过
deploy-test	Run pnpm verify	2026-10-06T04:21:35.9078567Z 
deploy-test	Run pnpm verify	2026-10-06T04:21:35.9079833Z > food-digester-platform@0.0.0 check:secrets /home/runner/work/food-digester-platform/food-digester-platform
deploy-test	Run pnpm verify	2026-10-06T04:21:35.9080632Z > node scripts/check-secrets.mjs
deploy-test	Run pnpm verify	2026-10-06T04:21:35.9080864Z 
deploy-test	Run pnpm verify	2026-10-06T04:21:36.3272438Z 敏感信息扫描通过
deploy-test	Run pnpm verify	2026-10-06T04:21:36.5635120Z 
deploy-test	Run pnpm verify	2026-10-06T04:21:36.5636374Z > food-digester-platform@0.0.0 check:sensitive-sinks /home/runner/work/food-digester-platform/food-digester-platform
deploy-test	Run pnpm verify	2026-10-06T04:21:36.5637368Z > node scripts/check-sensitive-sinks.mjs
deploy-test	Run pnpm verify	2026-10-06T04:21:36.5637635Z 
deploy-test	Run pnpm verify	2026-10-06T04:21:36.6172276Z 生产日志与 Trace sink 脱敏门禁通过
deploy-test	Run pnpm verify	2026-10-06T04:21:36.8449857Z 
deploy-test	Run pnpm verify	2026-10-06T04:21:36.8451096Z > food-digester-platform@0.0.0 check:admin-web-delivery /home/runner/work/food-digester-platform/food-digester-platform
deploy-test	Run pnpm verify	2026-10-06T04:21:36.8452162Z > node scripts/check-admin-web-delivery.mjs
deploy-test	Run pnpm verify	2026-10-06T04:21:36.8452574Z 
deploy-test	Run pnpm verify	2026-10-06T04:21:36.8981199Z 管理后台交付检查通过：入口、组合根、路由页面、OpenAPI operationId、CSS 与浏览器构建产物均已就绪
deploy-test	Run pnpm verify	2026-10-06T04:21:37.1282490Z 
deploy-test	Run pnpm verify	2026-10-06T04:21:37.1283725Z > food-digester-platform@0.0.0 check:admin-web-e2e /home/runner/work/food-digester-platform/food-digester-platform
deploy-test	Run pnpm verify	2026-10-06T04:21:37.1284744Z > pnpm --filter @fdp/admin-web test:e2e
deploy-test	Run pnpm verify	2026-10-06T04:21:37.1285278Z 
deploy-test	Run pnpm verify	2026-10-06T04:21:37.3574706Z 
deploy-test	Run pnpm verify	2026-10-06T04:21:37.3575675Z > @fdp/admin-web@0.0.0 test:e2e /home/runner/work/food-digester-platform/food-digester-platform/apps/admin-web
deploy-test	Run pnpm verify	2026-10-06T04:21:37.3576288Z > playwright test
deploy-test	Run pnpm verify	2026-10-06T04:21:37.3576577Z 
deploy-test	Run pnpm verify	2026-10-06T04:21:43.6630516Z [WebServer] [plugin builtin:vite-reporter] 
deploy-test	Run pnpm verify	2026-10-06T04:21:43.6631493Z [WebServer] (!) Some chunks are larger than 500 kB after minification. Consider:
deploy-test	Run pnpm verify	2026-10-06T04:21:43.6632287Z [WebServer] - Using dynamic import() to code-split the application
deploy-test	Run pnpm verify	2026-10-06T04:21:43.6633352Z [WebServer] - Use build.rolldownOptions.output.codeSplitting to improve chunking: https://rolldown.rs/reference/OutputOptions.codeSplitting
deploy-test	Run pnpm verify	2026-10-06T04:21:43.6634411Z [WebServer] - Adjust chunk size limit for this warning via build.chunkSizeWarningLimit.
deploy-test	Run pnpm verify	2026-10-06T04:21:43.6639962Z 
deploy-test	Run pnpm verify	2026-10-06T04:21:44.7077774Z 
deploy-test	Run pnpm verify	2026-10-06T04:21:44.7078402Z Running 36 tests using 1 worker
deploy-test	Run pnpm verify	2026-10-06T04:21:44.7078712Z 
deploy-test	Run pnpm verify	2026-10-06T04:21:45.0312174Z [1/36] e2e/admin-web.spec.ts:15:1 › H-01 API 拒绝停用会话后清除浏览器会话并返回登录
deploy-test	Run pnpm verify	2026-10-06T04:21:46.3606125Z [2/36] e2e/admin-web.spec.ts:42:1 › M-01 CustomerViewer 从菜单查询设备用户详情，全部写入口隐藏
deploy-test	Run pnpm verify	2026-10-06T04:21:46.8889975Z [3/36] e2e/admin-web.spec.ts:88:1 › 无 Token 安全回登录；五角色菜单和受限路由均由组合根守卫
deploy-test	Run pnpm verify	2026-10-06T04:21:50.0037302Z [4/36] e2e/admin-web.spec.ts:116:1 › 刷新失败清会话，API 403 保留会话并呈现无权
deploy-test	Run pnpm verify	2026-10-06T04:21:50.6943258Z [5/36] e2e/admin-web.spec.ts:138:1 › Customer scope 与 Dashboard 离线/无 entitlement 动作在真实浏览器失败关闭
deploy-test	Run pnpm verify	2026-10-06T04:21:51.2997680Z [6/36] e2e/admin-web.spec.ts:175:1 › Onboarding 审批双击只提交一次，展示录入来源和证书状态
deploy-test	Run pnpm verify	2026-10-06T04:21:51.8418563Z [7/36] e2e/admin-web.spec.ts:220:1 › Customer/Site CRUD 关键路径：创建、非法时区、关联停用提示与 409
deploy-test	Run pnpm verify	2026-10-06T04:21:53.6271109Z [8/36] e2e/admin-web.spec.ts:343:1 › 1440/768/375 响应式布局、横向表格和对话框键盘边界
deploy-test	Run pnpm verify	2026-10-06T04:21:55.4210175Z [9/36] e2e/admin-web.spec.ts:429:1 › FE-06 至 FE-10 六个生产路由可运行，并覆盖成功、空态、分页入口、时区与响应式
deploy-test	Run pnpm verify	2026-10-06T04:21:57.0493757Z [10/36] e2e/admin-web.spec.ts:471:1 › FE-06 至 FE-10 在 403/404、Customer scope、详情焦点与重复提交场景失败关闭
deploy-test	Run pnpm verify	2026-10-06T04:21:59.1984219Z [11/36] e2e/admin-web.spec.ts:547:1 › FE-11 至 FE-15 七个生产路由由真实控制器驱动，并覆盖媒体签发与审计详情
deploy-test	Run pnpm verify	2026-10-06T04:22:03.4090654Z [12/36] e2e/admin-web.spec.ts:611:1 › FE-11 至 FE-15 API 403 与路由角色边界在真实浏览器失败关闭
deploy-test	Run pnpm verify	2026-10-06T04:22:04.1137301Z [13/36] e2e/admin-web.spec.ts:628:1 › FE-17 新建权限与零设备第二阶段在真实浏览器失败关闭
deploy-test	Run pnpm verify	2026-10-06T04:22:04.9959077Z [14/36] e2e/admin-web.spec.ts:699:1 › FE-18 Chromium 覆盖 unknown/stale、联系人按需零预载与申请状态机
deploy-test	Run pnpm verify	2026-10-06T04:22:05.9529686Z [15/36] e2e/admin-web.spec.ts:803:1 › FE-16 Chromium 覆盖邀请、角色、Scope、重置与设置 409 回源
deploy-test	Run pnpm verify	2026-10-06T04:22:07.4561349Z [16/36] e2e/admin-web.spec.ts:927:1 › FE-17 Chromium 覆盖绑定、解绑、续约与终止并保留 License 边界
deploy-test	Run pnpm verify	2026-10-06T04:22:08.8574144Z [17/36] e2e/admin-web.spec.ts:1102:5 › FE-19 Chromium 22 个生产路由：zh-CN / 375px
deploy-test	Run pnpm verify	2026-10-06T04:22:14.0371141Z [18/36] e2e/admin-web.spec.ts:1102:5 › FE-19 Chromium 22 个生产路由：zh-CN / 768px
deploy-test	Run pnpm verify	2026-10-06T04:22:19.1962294Z [19/36] e2e/admin-web.spec.ts:1102:5 › FE-19 Chromium 22 个生产路由：zh-CN / 1440px
deploy-test	Run pnpm verify	2026-10-06T04:22:24.5446953Z [20/36] e2e/admin-web.spec.ts:1102:5 › FE-19 Chromium 22 个生产路由：en / 375px
deploy-test	Run pnpm verify	2026-10-06T04:22:29.6464513Z [21/36] e2e/admin-web.spec.ts:1102:5 › FE-19 Chromium 22 个生产路由：en / 768px
deploy-test	Run pnpm verify	2026-10-06T04:22:34.6972138Z [22/36] e2e/admin-web.spec.ts:1102:5 › FE-19 Chromium 22 个生产路由：en / 1440px
deploy-test	Run pnpm verify	2026-10-06T04:22:40.0402018Z [23/36] e2e/admin-web.spec.ts:1123:1 › FE-19 语言选择在刷新后保持
deploy-test	Run pnpm verify	2026-10-06T04:22:40.5779981Z [24/36] e2e/admin-web.spec.ts:1135:1 › QA-09 设备管理长别名和序列号在375px完整换行且不裁切
deploy-test	Run pnpm verify	2026-10-06T04:22:42.0272284Z [25/36] e2e/qa05-workflows.spec.ts:33:3 › QA05 role route and button matrix PlatformSuperAdmin
deploy-test	Run pnpm verify	2026-10-06T04:22:50.6776991Z [26/36] e2e/qa05-workflows.spec.ts:33:3 › QA05 role route and button matrix PlatformOperator
deploy-test	Run pnpm verify	2026-10-06T04:22:58.0155200Z [27/36] e2e/qa05-workflows.spec.ts:33:3 › QA05 role route and button matrix Auditor
deploy-test	Run pnpm verify	2026-10-06T04:23:05.3269766Z [28/36] e2e/qa05-workflows.spec.ts:33:3 › QA05 role route and button matrix CustomerAdmin
deploy-test	Run pnpm verify	2026-10-06T04:23:11.4780534Z [29/36] e2e/qa05-workflows.spec.ts:33:3 › QA05 role route and button matrix CustomerViewer
deploy-test	Run pnpm verify	2026-10-06T04:23:17.4162753Z [30/36] e2e/qa05-workflows.spec.ts:80:1 › QA05 login SRP MFA error success logout without persisting password
deploy-test	Run pnpm verify	2026-10-06T04:23:18.1924866Z [31/36] e2e/qa05-workflows.spec.ts:146:1 › QA05 ESG cursor totals export snapshot timezone and empty state
deploy-test	Run pnpm verify	2026-10-06T04:23:19.2006718Z [32/36] e2e/qa05-workflows.spec.ts:216:1 › QA05 Command dangerous confirmation terminal result and publish failure
deploy-test	Run pnpm verify	2026-10-06T04:23:20.3388221Z [33/36] e2e/qa05-workflows.spec.ts:271:1 › QA05 Media expiry renew 403 and audit read-only zero writes
deploy-test	Run pnpm verify	2026-10-06T04:23:21.3297083Z [34/36] e2e/ui-redesign.spec.ts:12:3 › UI redesign: all business routes at 1366x768
deploy-test	Run pnpm verify	2026-10-06T04:23:38.4787457Z [35/36] e2e/ui-redesign.spec.ts:12:3 › UI redesign: all business routes at 1440x900
deploy-test	Run pnpm verify	2026-10-06T04:23:55.4225039Z [36/36] e2e/ui-redesign.spec.ts:12:3 › UI redesign: all business routes at 1920x1080
deploy-test	Run pnpm verify	2026-10-06T04:24:12.4481959Z   36 passed (2.6m)
deploy-test	Run pnpm verify	2026-10-06T04:24:12.7004090Z 
deploy-test	Run pnpm verify	2026-10-06T04:24:12.7005335Z > food-digester-platform@0.0.0 check:cmd-ota-delivery /home/runner/work/food-digester-platform/food-digester-platform
deploy-test	Run pnpm verify	2026-10-06T04:24:12.7006314Z > pnpm check:runtime && pnpm check:cdk
deploy-test	Run pnpm verify	2026-10-06T04:24:12.7006643Z 
deploy-test	Run pnpm verify	2026-10-06T04:24:12.9230018Z 
deploy-test	Run pnpm verify	2026-10-06T04:24:12.9238220Z > food-digester-platform@0.0.0 check:runtime /home/runner/work/food-digester-platform/food-digester-platform
deploy-test	Run pnpm verify	2026-10-06T04:24:12.9239487Z > node --import tsx scripts/check-delivered-runtime.mjs
deploy-test	Run pnpm verify	2026-10-06T04:24:12.9239775Z 
deploy-test	Run pnpm verify	2026-10-06T04:24:12.9988856Z 已交付 REST 生产路由与 OpenAPI 双向一致（129 operations）
deploy-test	Run pnpm verify	2026-10-06T04:24:13.2379823Z 
deploy-test	Run pnpm verify	2026-10-06T04:24:13.2381029Z > food-digester-platform@0.0.0 check:cdk /home/runner/work/food-digester-platform/food-digester-platform
deploy-test	Run pnpm verify	2026-10-06T04:24:13.2381969Z > node scripts/check-cdk-synth.mjs
deploy-test	Run pnpm verify	2026-10-06T04:24:13.2382321Z 
deploy-test	Run pnpm verify	2026-10-06T04:24:25.8328076Z CDK synth 无 warning；已交付 Lambda asset 与 CMD/OTA 生产接线 Gate 通过
deploy-test	Run pnpm verify	2026-10-06T04:24:26.0720466Z 
deploy-test	Run pnpm verify	2026-10-06T04:24:26.0721744Z > food-digester-platform@0.0.0 test:device-contracts /home/runner/work/food-digester-platform/food-digester-platform
deploy-test	Run pnpm verify	2026-10-06T04:24:26.0722984Z > node --import tsx scripts/run-contract-suite.mjs /tmp/fdp-device-contracts-gate.json
deploy-test	Run pnpm verify	2026-10-06T04:24:26.0723547Z 
deploy-test	Run pnpm verify	2026-10-06T04:24:26.7989237Z ✔ QA-02 MQTT heartbeat: all valid/invalid fixtures, missing meta and type mutation (7.970081ms)
deploy-test	Run pnpm verify	2026-10-06T04:24:26.7990648Z ✔ QA-02 MQTT telemetry: all valid/invalid fixtures, missing meta and type mutation (4.190705ms)
deploy-test	Run pnpm verify	2026-10-06T04:24:26.7991724Z ✔ QA-02 MQTT report: all valid/invalid fixtures, missing meta and type mutation (3.663715ms)
deploy-test	Run pnpm verify	2026-10-06T04:24:26.7992649Z ✔ QA-02 MQTT alarm: all valid/invalid fixtures, missing meta and type mutation (2.601606ms)
deploy-test	Run pnpm verify	2026-10-06T04:24:26.7993569Z ✔ QA-02 MQTT event: all valid/invalid fixtures, missing meta and type mutation (1.599565ms)
deploy-test	Run pnpm verify	2026-10-06T04:24:26.7994496Z ✔ QA-02 MQTT ack: all valid/invalid fixtures, missing meta and type mutation (2.190828ms)
deploy-test	Run pnpm verify	2026-10-06T04:24:26.7995457Z ✔ QA-02 MQTT tamper: all valid/invalid fixtures, missing meta and type mutation (2.573214ms)
deploy-test	Run pnpm verify	2026-10-06T04:24:26.7996383Z ✔ QA-02 MQTT media: all valid/invalid fixtures, missing meta and type mutation (2.08338ms)
deploy-test	Run pnpm verify	2026-10-06T04:24:26.7997267Z ✔ QA-02 MQTT cmd: all valid/invalid fixtures, missing meta and type mutation (2.904132ms)
deploy-test	Run pnpm verify	2026-10-06T04:24:26.7998230Z ✔ QA-02 MQTT ota: all valid/invalid fixtures, missing meta and type mutation (3.794148ms)
deploy-test	Run pnpm verify	2026-10-06T04:24:26.7999211Z ✔ QA-02 MQTT notification: all valid/invalid fixtures, missing meta and type mutation (2.267641ms)
deploy-test	Run pnpm verify	2026-10-06T04:24:26.8000281Z ✔ MQTT semantic hash, discriminator and UTC calendar errors fail closed (0.817749ms)
deploy-test	Run pnpm verify	2026-10-06T04:24:26.8001446Z ✔ full REST response: field deletion/type mutation/envelope/date/errors/status/headers are enforced (5.193126ms)
deploy-test	Run pnpm verify	2026-10-06T04:24:26.8002920Z ✔ REST request validation: required body/path/query/header, optional Sync, bodyless Deactivate, no type coercion in JSON (6.81923ms)
deploy-test	Run pnpm verify	2026-10-06T04:24:26.8004328Z ✔ all device operations and declared response JSON Schemas compile; stable error catalog has no duplicates (44.749054ms)
deploy-test	Run pnpm verify	2026-10-06T04:24:26.8005496Z ✔ predecessor MQTT is compatible; known REST break requires exact version and frozen DEC approvals (29.62648ms)
deploy-test	Run pnpm verify	2026-10-06T04:24:26.8006712Z ✔ breaking contract mutations fail: removing fields/operations/status, changing type/required/security (79.337308ms)
deploy-test	Run pnpm verify	2026-10-06T04:24:26.8007992Z ✔ receipt coverage gate fails closed for missing operations/statuses, no valid request and forged records (0.52772ms)
deploy-test	Run pnpm verify	2026-10-06T04:24:26.8009181Z ✔ archived CSR upgrade mapping still verifies original baselines without rewriting history (4.848596ms)
deploy-test	Run pnpm verify	2026-10-06T04:24:26.8010165Z ℹ tests 19
deploy-test	Run pnpm verify	2026-10-06T04:24:26.8010421Z ℹ suites 0
deploy-test	Run pnpm verify	2026-10-06T04:24:26.8010657Z ℹ pass 19
deploy-test	Run pnpm verify	2026-10-06T04:24:26.8010902Z ℹ fail 0
deploy-test	Run pnpm verify	2026-10-06T04:24:26.8011830Z ℹ cancelled 0
deploy-test	Run pnpm verify	2026-10-06T04:24:26.8012106Z ℹ skipped 0
deploy-test	Run pnpm verify	2026-10-06T04:24:26.8012365Z ℹ todo 0
deploy-test	Run pnpm verify	2026-10-06T04:24:26.8012668Z ℹ duration_ms 477.553557
deploy-test	Run pnpm verify	2026-10-06T04:24:43.5234248Z 
deploy-test	Run pnpm verify	2026-10-06T04:24:43.5235564Z ^[[1m^[[30m^[[46m RUN ^[[49m^[[39m^[[22m ^[[36mv4.1.11 ^[[39m^[[90m/home/runner/work/food-digester-platform/food-digester-platform^[[39m
deploy-test	Run pnpm verify	2026-10-06T04:24:43.5235952Z 
deploy-test	Run pnpm verify	2026-10-06T04:24:43.5236452Z  ^[[32m✓^[[39m apps/cloud-api/test/license-sync-lifecycle.test.ts ^[[2m(^[[22m^[[2m10 tests^[[22m^[[2m)^[[22m^[[33m 4763^[[2mms^[[22m^[[39m
deploy-test	Run pnpm verify	2026-10-06T04:24:43.5238127Z    ^[[33m^[[2m✓^[[22m^[[39m real PostgreSQL: served snapshot and signed local verification drive Assigned→Licensed→Active once ^[[33m 898^[[2mms^[[22m^[[39m
deploy-test	Run pnpm verify	2026-10-06T04:24:43.5238938Z    ^[[33m^[[2m✓^[[22m^[[39m expired/revoked licenses and changed assignment cannot activate a device ^[[33m 350^[[2mms^[[22m^[[39m
deploy-test	Run pnpm verify	2026-10-06T04:24:43.5239816Z  ^[[32m✓^[[39m apps/cloud-api/test/ota-dispatch.test.ts ^[[2m(^[[22m^[[2m16 tests^[[22m^[[2m)^[[22m^[[33m 4614^[[2mms^[[22m^[[39m
deploy-test	Run pnpm verify	2026-10-06T04:24:43.5240590Z  ^[[32m✓^[[39m apps/cloud-api/test/certificate-rotate.test.ts ^[[2m(^[[22m^[[2m8 tests^[[22m^[[2m)^[[22m^[[33m 6488^[[2mms^[[22m^[[39m
deploy-test	Run pnpm verify	2026-10-06T04:24:43.5241523Z      ^[[33m^[[2m✓^[[22m^[[39m 缺失 CSR 不签发；AWS attach 失败保留可重试停用记录并保留旧证 ^[[33m 509^[[2mms^[[22m^[[39m
deploy-test	Run pnpm verify	2026-10-06T04:24:43.5242235Z      ^[[33m^[[2m✓^[[22m^[[39m 正向：返回五字段证书包；双证书窗口（旧证仍可用）；私钥不落库/审计 ^[[33m 327^[[2mms^[[22m^[[39m
deploy-test	Run pnpm verify	2026-10-06T04:24:43.5242892Z      ^[[33m^[[2m✓^[[22m^[[39m 旧证书错误/跨设备拒绝：缺字段 400；与身份不符 403（含他设备证书） ^[[33m 695^[[2mms^[[22m^[[39m
deploy-test	Run pnpm verify	2026-10-06T04:24:43.5243444Z      ^[[33m^[[2m✓^[[22m^[[39m 响应不确定重试：撤销未确认证书并重签，不重复下发同一私钥 ^[[33m 604^[[2mms^[[22m^[[39m
deploy-test	Run pnpm verify	2026-10-06T04:24:43.5243909Z      ^[[33m^[[2m✓^[[22m^[[39m 成功提交后、首个新证 Heartbeat 前重复请求稳定冲突且不撤证重签 ^[[33m 328^[[2mms^[[22m^[[39m
deploy-test	Run pnpm verify	2026-10-06T04:24:43.5244361Z      ^[[33m^[[2m✓^[[22m^[[39m 部分失败（发证后 attach 失败）可重试：不建孤儿业务记录，重试成功 ^[[33m 381^[[2mms^[[22m^[[39m
deploy-test	Run pnpm verify	2026-10-06T04:24:43.5244930Z  ^[[32m✓^[[39m apps/cloud-api/test/csr-onboarding.test.ts ^[[2m(^[[22m^[[2m1 test^[[22m^[[2m)^[[22m^[[33m 3681^[[2mms^[[22m^[[39m
deploy-test	Run pnpm verify	2026-10-06T04:24:43.5245488Z      ^[[33m^[[2m✓^[[22m^[[39m 匿名申请、相同公钥幂等、换钥冲突；签名轮询拒绝重放 ^[[33m 536^[[2mms^[[22m^[[39m
deploy-test	Run pnpm verify	2026-10-06T04:24:43.5246139Z  ^[[32m✓^[[39m apps/cloud-api/test/device-sync.test.ts ^[[2m(^[[22m^[[2m13 tests^[[22m^[[2m)^[[22m^[[33m 3984^[[2mms^[[22m^[[39m
deploy-test	Run pnpm verify	2026-10-06T04:24:43.5247261Z      ^[[33m^[[2m✓^[[22m^[[39m 六域齐备：Assignment/Alias/License+签名/Device Users+验证材料/Configuration/Operational Status ^[[33m 461^[[2mms^[[22m^[[39m
deploy-test	Run pnpm verify	2026-10-06T04:24:43.5247980Z  ^[[32m✓^[[39m apps/cloud-api/test/device-deactivate.test.ts ^[[2m(^[[22m^[[2m11 tests^[[22m^[[2m)^[[22m^[[33m 3769^[[2mms^[[22m^[[39m
deploy-test	Run pnpm verify	2026-10-06T04:24:43.5248629Z      ^[[33m^[[2m✓^[[22m^[[39m 确认在先断证在后：CONFIRMED + 证书撤销 + 审计（仅摘要）+ 通用校验此前 403 而本端点可达 ^[[33m 457^[[2mms^[[22m^[[39m
deploy-test	Run pnpm verify	2026-10-06T04:24:43.5249226Z  ^[[32m✓^[[39m apps/cloud-api/test/certificate-status.test.ts ^[[2m(^[[22m^[[2m8 tests^[[22m^[[2m)^[[22m^[[33m 3515^[[2mms^[[22m^[[39m
deploy-test	Run pnpm verify	2026-10-06T04:24:43.5250269Z  ^[[32m✓^[[39m apps/cloud-api/test/qa02-device-errors.test.ts ^[[2m(^[[22m^[[2m6 tests^[[22m^[[2m)^[[22m^[[32m 247^[[2mms^[[22m^[[39m
deploy-test	Run pnpm verify	2026-10-06T04:24:43.5251319Z  ^[[32m✓^[[39m apps/cloud-api/test/device-lambda-composition.test.ts ^[[2m(^[[22m^[[2m13 tests^[[22m^[[2m)^[[22m^[[32m 14^[[2mms^[[22m^[[39m
deploy-test	Run pnpm verify	2026-10-06T04:24:43.5252187Z  ^[[32m✓^[[39m apps/cloud-api/test/media.test.ts ^[[2m(^[[22m^[[2m12 tests^[[22m^[[2m)^[[22m^[[33m 3296^[[2mms^[[22m^[[39m
deploy-test	Run pnpm verify	2026-10-06T04:24:43.5252465Z 
deploy-test	Run pnpm verify	2026-10-06T04:24:43.5252703Z ^[[2m Test Files ^[[22m ^[[1m^[[32m10 passed^[[39m^[[22m^[[90m (10)^[[39m
deploy-test	Run pnpm verify	2026-10-06T04:24:43.5253099Z ^[[2m      Tests ^[[22m ^[[1m^[[32m98 passed^[[39m^[[22m^[[90m (98)^[[39m
deploy-test	Run pnpm verify	2026-10-06T04:24:43.5253423Z ^[[2m   Start at ^[[22m 04:24:27
deploy-test	Run pnpm verify	2026-10-06T04:24:43.5253946Z ^[[2m   Duration ^[[22m 16.40s^[[2m (transform 2.91s, setup 122ms, import 11.77s, tests 34.37s, environment 1ms)^[[22m
deploy-test	Run pnpm verify	2026-10-06T04:24:43.5254235Z 
deploy-test	Run pnpm verify	2026-10-06T04:24:43.5284433Z QA-02 PASS: 11 MQTT schemas, 8 device operations, 168 checked Handler responses
deploy-test	Run pnpm verify	2026-10-06T04:24:43.7660679Z 
deploy-test	Run pnpm verify	2026-10-06T04:24:43.7661918Z > food-digester-platform@0.0.0 test:iot-integration /home/runner/work/food-digester-platform/food-digester-platform
deploy-test	Run pnpm verify	2026-10-06T04:24:43.7663249Z > node --import tsx scripts/run-iot-integration.mjs /tmp/fdp-iot-integration-gate.json
deploy-test	Run pnpm verify	2026-10-06T04:24:43.7663957Z 
deploy-test	Run pnpm verify	2026-10-06T04:24:53.8289887Z 
deploy-test	Run pnpm verify	2026-10-06T04:24:53.8291281Z ^[[1m^[[30m^[[46m RUN ^[[49m^[[39m^[[22m ^[[36mv4.1.11 ^[[39m^[[90m/home/runner/work/food-digester-platform/food-digester-platform^[[39m
deploy-test	Run pnpm verify	2026-10-06T04:24:53.8292530Z ^[[90mstderr^[[2m | apps/ingestion-worker/test/qa03-data-path.test.ts^[[2m > ^[[22m^[[2mQA03 partial failure, quarantine retry, payload conflict and gap recovery
deploy-test	Run pnpm verify	2026-10-06T04:24:53.8293896Z ^[[22m^[[39mingestion message quarantined {
deploy-test	Run pnpm verify	2026-10-06T04:24:53.8294353Z   event: ^[[32m'ingestion.quarantined'^[[39m,
deploy-test	Run pnpm verify	2026-10-06T04:24:53.8294760Z   messageId: ^[[32m'QA03-invalid-json'^[[39m,
deploy-test	Run pnpm verify	2026-10-06T04:24:53.8295178Z   errorType: ^[[32m'INVALID_JSON'^[[39m,
deploy-test	Run pnpm verify	2026-10-06T04:24:53.8295600Z   errorPath: ^[[32m'(root)'^[[39m,
deploy-test	Run pnpm verify	2026-10-06T04:24:53.8296063Z   reason: ^[[32m'message body is not valid JSON'^[[39m
deploy-test	Run pnpm verify	2026-10-06T04:24:53.8296432Z }
deploy-test	Run pnpm verify	2026-10-06T04:24:53.8296542Z 
deploy-test	Run pnpm verify	2026-10-06T04:24:53.8297119Z ^[[90mstderr^[[2m | apps/ingestion-worker/test/qa03-data-path.test.ts^[[2m > ^[[22m^[[2mQA03 partial failure, quarantine retry, payload conflict and gap recovery
deploy-test	Run pnpm verify	2026-10-06T04:24:53.8297724Z ^[[22m^[[39mingestion message quarantined {
deploy-test	Run pnpm verify	2026-10-06T04:24:53.8298035Z   event: ^[[32m'ingestion.quarantined'^[[39m,
deploy-test	Run pnpm verify	2026-10-06T04:24:53.8298327Z   messageId: ^[[32m'QA03-invalid-json'^[[39m,
deploy-test	Run pnpm verify	2026-10-06T04:24:53.8298606Z   errorType: ^[[32m'INVALID_JSON'^[[39m,
deploy-test	Run pnpm verify	2026-10-06T04:24:53.8298873Z   errorPath: ^[[32m'(root)'^[[39m,
deploy-test	Run pnpm verify	2026-10-06T04:24:53.8299173Z   reason: ^[[32m'message body is not valid JSON'^[[39m
deploy-test	Run pnpm verify	2026-10-06T04:24:53.8302321Z }
deploy-test	Run pnpm verify	2026-10-06T04:24:53.8302421Z 
deploy-test	Run pnpm verify	2026-10-06T04:24:53.8303018Z ^[[90mstderr^[[2m | apps/ingestion-worker/test/qa03-data-path.test.ts^[[2m > ^[[22m^[[2mQA03 partial failure, quarantine retry, payload conflict and gap recovery
deploy-test	Run pnpm verify	2026-10-06T04:24:53.8303601Z ^[[22m^[[39mingestion message quarantined {
deploy-test	Run pnpm verify	2026-10-06T04:24:53.8303900Z   event: ^[[32m'ingestion.quarantined'^[[39m,
deploy-test	Run pnpm verify	2026-10-06T04:24:53.8304193Z   messageId: ^[[32m'conflict'^[[39m,
deploy-test	Run pnpm verify	2026-10-06T04:24:53.8304483Z   errorType: ^[[32m'PAYLOAD_CONFLICT'^[[39m,
deploy-test	Run pnpm verify	2026-10-06T04:24:53.8304754Z   errorPath: ^[[32m'meta.seq'^[[39m,
deploy-test	Run pnpm verify	2026-10-06T04:24:53.8305326Z   reason: ^[[32m'receipt key QA03-2E0126DB080E-DEV0:telemetry:1 already recorded with different payload hash (security anomaly)'^[[39m,
deploy-test	Run pnpm verify	2026-10-06T04:24:53.8305903Z   iotTopic: ^[[32m'bnx/device/QA03-2E0126DB080E-DEV0/telemetry'^[[39m,
deploy-test	Run pnpm verify	2026-10-06T04:24:53.8306267Z   iotDeviceId: ^[[32m'QA03-2E0126DB080E-DEV0'^[[39m
deploy-test	Run pnpm verify	2026-10-06T04:24:53.8306518Z }
deploy-test	Run pnpm verify	2026-10-06T04:24:53.8306605Z 
deploy-test	Run pnpm verify	2026-10-06T04:24:53.8307168Z ^[[90mstderr^[[2m | apps/ingestion-worker/test/qa03-data-path.test.ts^[[2m > ^[[22m^[[2mQA03 partial failure, quarantine retry, payload conflict and gap recovery
deploy-test	Run pnpm verify	2026-10-06T04:24:53.8307833Z ^[[22m^[[39mingestion message quarantined {
deploy-test	Run pnpm verify	2026-10-06T04:24:53.8308292Z   event: ^[[32m'ingestion.quarantined'^[[39m,
deploy-test	Run pnpm verify	2026-10-06T04:24:53.8308720Z   messageId: ^[[32m'schema'^[[39m,
deploy-test	Run pnpm verify	2026-10-06T04:24:53.8309059Z   errorType: ^[[32m'SCHEMA_VIOLATION'^[[39m,
deploy-test	Run pnpm verify	2026-10-06T04:24:53.8309743Z   errorPath: ^[[32m'data.deviceStatus'^[[39m,
deploy-test	Run pnpm verify	2026-10-06T04:24:53.8310297Z   reason: ^[[32m'payload violates heartbeat.schema.json: 非法枚举值 "BROKEN"，允许值: ONLINE, DEGRADED, OFFLINE'^[[39m,
deploy-test	Run pnpm verify	2026-10-06T04:24:53.8310829Z   iotTopic: ^[[32m'bnx/device/QA03-2E0126DB080E-DEV0/heartbeat'^[[39m,
deploy-test	Run pnpm verify	2026-10-06T04:24:53.8311200Z   iotDeviceId: ^[[32m'QA03-2E0126DB080E-DEV0'^[[39m
deploy-test	Run pnpm verify	2026-10-06T04:24:53.8311455Z }
deploy-test	Run pnpm verify	2026-10-06T04:24:53.8311541Z 
deploy-test	Run pnpm verify	2026-10-06T04:24:53.8312108Z ^[[90mstderr^[[2m | apps/ingestion-worker/test/qa03-data-path.test.ts^[[2m > ^[[22m^[[2mQA03 partial failure, quarantine retry, payload conflict and gap recovery
deploy-test	Run pnpm verify	2026-10-06T04:24:53.8312697Z ^[[22m^[[39mingestion message quarantined {
deploy-test	Run pnpm verify	2026-10-06T04:24:53.8313037Z   event: ^[[32m'ingestion.quarantined'^[[39m,
deploy-test	Run pnpm verify	2026-10-06T04:24:53.8313386Z   messageId: ^[[32m'identity'^[[39m,
deploy-test	Run pnpm verify	2026-10-06T04:24:53.8313724Z   errorType: ^[[32m'IDENTITY_VIOLATION'^[[39m,
deploy-test	Run pnpm verify	2026-10-06T04:24:53.8314009Z   errorPath: ^[[32m'iotDeviceId'^[[39m,
deploy-test	Run pnpm verify	2026-10-06T04:24:53.8314354Z   reason: ^[[32m'topic device does not match certificate binding'^[[39m,
deploy-test	Run pnpm verify	2026-10-06T04:24:53.8314768Z   iotTopic: ^[[32m'bnx/device/QA03-2E0126DB080E-DEV0/event'^[[39m,
deploy-test	Run pnpm verify	2026-10-06T04:24:53.8315123Z   iotDeviceId: ^[[32m'QA03-2E0126DB080E-DEV0'^[[39m
deploy-test	Run pnpm verify	2026-10-06T04:24:53.8315355Z }
deploy-test	Run pnpm verify	2026-10-06T04:24:53.8315440Z 
deploy-test	Run pnpm verify	2026-10-06T04:24:53.8315988Z ^[[90mstderr^[[2m | apps/ingestion-worker/test/qa03-data-path.test.ts^[[2m > ^[[22m^[[2mQA03 archive queue outage and manifest failure converge with stable objects
deploy-test	Run pnpm verify	2026-10-06T04:24:53.8316552Z ^[[22m^[[39marchive validation rejected {
deploy-test	Run pnpm verify	2026-10-06T04:24:53.8317025Z   kind: ^[[32m'archive.validation_rejected'^[[39m,
deploy-test	Run pnpm verify	2026-10-06T04:24:53.8317338Z   messageId: ^[[32m'invalid-archive'^[[39m,
deploy-test	Run pnpm verify	2026-10-06T04:24:53.8317596Z   eventId: ^[[1mnull^[[22m,
deploy-test	Run pnpm verify	2026-10-06T04:24:53.8317818Z   errorPath: ^[[32m'$'^[[39m,
deploy-test	Run pnpm verify	2026-10-06T04:24:53.8318221Z   reason: ^[[32m"Expected property name or '}' in JSON at position 1 (line 1 column 2)"^[[39m,
deploy-test	Run pnpm verify	2026-10-06T04:24:53.8318583Z   rawBody: ^[[32m'{bad'^[[39m
deploy-test	Run pnpm verify	2026-10-06T04:24:53.8318762Z }
deploy-test	Run pnpm verify	2026-10-06T04:24:53.8318852Z 
deploy-test	Run pnpm verify	2026-10-06T04:24:53.8318881Z 
deploy-test	Run pnpm verify	2026-10-06T04:24:53.8319453Z  ^[[32m✓^[[39m apps/ingestion-worker/test/qa03-data-path.test.ts ^[[2m(^[[22m^[[2m5 tests^[[22m^[[2m)^[[22m^[[33m 8876^[[2mms^[[22m^[[39m
deploy-test	Run pnpm verify	2026-10-06T04:24:53.8320289Z    ^[[33m^[[2m✓^[[22m^[[39m QA03 eight routes: business + receipts + outbox + raw archive, duplicate redelivery ^[[33m 3185^[[2mms^[[22m^[[39m
deploy-test	Run pnpm verify	2026-10-06T04:24:53.8321021Z    ^[[33m^[[2m✓^[[22m^[[39m QA03 partial failure, quarantine retry, payload conflict and gap recovery ^[[33m 1201^[[2mms^[[22m^[[39m
deploy-test	Run pnpm verify	2026-10-06T04:24:53.8321733Z    ^[[33m^[[2m✓^[[22m^[[39m QA03 archive queue outage and manifest failure converge with stable objects ^[[33m 1183^[[2mms^[[22m^[[39m
deploy-test	Run pnpm verify	2026-10-06T04:24:53.8322380Z    ^[[33m^[[2m✓^[[22m^[[39m QA03 business/receipt/outbox transaction rollback then retry ^[[33m 1120^[[2mms^[[22m^[[39m
deploy-test	Run pnpm verify	2026-10-06T04:24:53.8323007Z    ^[[33m^[[2m✓^[[22m^[[39m QA03 isolated resources are cleaned even when the scenario throws ^[[33m 2185^[[2mms^[[22m^[[39m
deploy-test	Run pnpm verify	2026-10-06T04:24:53.8323299Z 
deploy-test	Run pnpm verify	2026-10-06T04:24:53.8323526Z ^[[2m Test Files ^[[22m ^[[1m^[[32m1 passed^[[39m^[[22m^[[90m (1)^[[39m
deploy-test	Run pnpm verify	2026-10-06T04:24:53.8323920Z ^[[2m      Tests ^[[22m ^[[1m^[[32m5 passed^[[39m^[[22m^[[90m (5)^[[39m
deploy-test	Run pnpm verify	2026-10-06T04:24:53.8324231Z ^[[2m   Start at ^[[22m 04:24:44
deploy-test	Run pnpm verify	2026-10-06T04:24:53.8324731Z ^[[2m   Duration ^[[22m 9.67s^[[2m (transform 392ms, setup 16ms, import 685ms, tests 8.88s, environment 0ms)^[[22m
deploy-test	Run pnpm verify	2026-10-06T04:24:53.8325013Z 
deploy-test	Run pnpm verify	2026-10-06T04:24:54.0763940Z 
deploy-test	Run pnpm verify	2026-10-06T04:24:54.0765149Z > food-digester-platform@0.0.0 test:core-api-integration /home/runner/work/food-digester-platform/food-digester-platform
deploy-test	Run pnpm verify	2026-10-06T04:24:54.0766393Z > node --import tsx scripts/run-core-api-integration.mjs /tmp/fdp-core-api-integration-gate.json
deploy-test	Run pnpm verify	2026-10-06T04:24:54.0766924Z 
deploy-test	Run pnpm verify	2026-10-06T04:25:20.4382023Z 
deploy-test	Run pnpm verify	2026-10-06T04:25:20.4383486Z ^[[1m^[[30m^[[46m RUN ^[[49m^[[39m^[[22m ^[[36mv4.1.11 ^[[39m^[[90m/home/runner/work/food-digester-platform/food-digester-platform^[[39m
deploy-test	Run pnpm verify	2026-10-06T04:25:20.4384061Z 
deploy-test	Run pnpm verify	2026-10-06T04:25:20.4384694Z  ^[[32m✓^[[39m apps/cloud-api/test/device-sync.test.ts ^[[2m(^[[22m^[[2m13 tests^[[22m^[[2m)^[[22m^[[33m 4643^[[2mms^[[22m^[[39m
deploy-test	Run pnpm verify	2026-10-06T04:25:20.4386392Z      ^[[33m^[[2m✓^[[22m^[[39m 六域齐备：Assignment/Alias/License+签名/Device Users+验证材料/Configuration/Operational Status ^[[33m 521^[[2mms^[[22m^[[39m
deploy-test	Run pnpm verify	2026-10-06T04:25:20.4387582Z  ^[[32m✓^[[39m apps/cloud-api/test/admin-command.test.ts ^[[2m(^[[22m^[[2m15 tests^[[22m^[[2m)^[[22m^[[33m 4930^[[2mms^[[22m^[[39m
deploy-test	Run pnpm verify	2026-10-06T04:25:20.4388180Z      ^[[33m^[[2m✓^[[22m^[[39m ACTIVE 设备：22 个命令全部创建成功并进入 AUTHORIZED ^[[33m 664^[[2mms^[[22m^[[39m
deploy-test	Run pnpm verify	2026-10-06T04:25:20.4388941Z  ^[[32m✓^[[39m apps/cloud-api/test/qa04-core-api.test.ts ^[[2m(^[[22m^[[2m3 tests^[[22m^[[2m)^[[22m^[[33m 8336^[[2mms^[[22m^[[39m
deploy-test	Run pnpm verify	2026-10-06T04:25:20.4389863Z    ^[[33m^[[2m✓^[[22m^[[39m QA04 five roles, two tenants: read scope, mutation and audit boundaries ^[[33m 3885^[[2mms^[[22m^[[39m
deploy-test	Run pnpm verify	2026-10-06T04:25:20.4390561Z    ^[[33m^[[2m✓^[[22m^[[39m QA04 concurrent If-Match writes have one winner and one success audit ^[[33m 1911^[[2mms^[[22m^[[39m
deploy-test	Run pnpm verify	2026-10-06T04:25:20.4391307Z    ^[[33m^[[2m✓^[[22m^[[39m QA04 audit failure rolls back lifecycle/outbox; retry and replay preserve exactly one audit ^[[33m 2536^[[2mms^[[22m^[[39m
deploy-test	Run pnpm verify	2026-10-06T04:25:20.4392085Z  ^[[32m✓^[[39m apps/cloud-api/test/admin-device-assignment.test.ts ^[[2m(^[[22m^[[2m9 tests^[[22m^[[2m)^[[22m^[[33m 3854^[[2mms^[[22m^[[39m
deploy-test	Run pnpm verify	2026-10-06T04:25:20.4392807Z  ^[[32m✓^[[39m apps/cloud-api/test/admin-consumable-request.test.ts ^[[2m(^[[22m^[[2m8 tests^[[22m^[[2m)^[[22m^[[33m 3821^[[2mms^[[22m^[[39m
deploy-test	Run pnpm verify	2026-10-06T04:25:20.4393391Z      ^[[33m^[[2m✓^[[22m^[[39m 创建→处理→完成；每步状态/处理人/备注/完成时间/审计 ^[[33m 327^[[2mms^[[22m^[[39m
deploy-test	Run pnpm verify	2026-10-06T04:25:20.4393976Z  ^[[32m✓^[[39m apps/cloud-api/test/admin-contract-device.test.ts ^[[2m(^[[22m^[[2m8 tests^[[22m^[[2m)^[[22m^[[33m 4100^[[2mms^[[22m^[[39m
deploy-test	Run pnpm verify	2026-10-06T04:25:20.4394640Z      ^[[33m^[[2m✓^[[22m^[[39m 批量关联全成：ACTIVE 关联 + 审计一次；Contract 设备视图含四轴/固件/Region/别名/租期 ^[[33m 400^[[2mms^[[22m^[[39m
deploy-test	Run pnpm verify	2026-10-06T04:25:20.4395223Z  ^[[32m✓^[[39m apps/cloud-api/test/admin-alarm.test.ts ^[[2m(^[[22m^[[2m10 tests^[[22m^[[2m)^[[22m^[[33m 3822^[[2mms^[[22m^[[39m
deploy-test	Run pnpm verify	2026-10-06T04:25:20.4395856Z  ^[[32m✓^[[39m apps/cloud-api/test/admin-license.test.ts ^[[2m(^[[22m^[[2m11 tests^[[22m^[[2m)^[[22m^[[33m 3915^[[2mms^[[22m^[[39m
deploy-test	Run pnpm verify	2026-10-06T04:25:20.4396388Z      ^[[33m^[[2m✓^[[22m^[[39m 完整链路：每步状态/签名/历史/审计/通知各一次 ^[[33m 320^[[2mms^[[22m^[[39m
deploy-test	Run pnpm verify	2026-10-06T04:25:20.4396932Z  ^[[32m✓^[[39m apps/cloud-api/test/admin-onboarding.test.ts ^[[2m(^[[22m^[[2m13 tests^[[22m^[[2m)^[[22m^[[33m 4015^[[2mms^[[22m^[[39m
deploy-test	Run pnpm verify	2026-10-06T04:25:20.4397597Z  ^[[32m✓^[[39m apps/cloud-api/test/admin-device-status.test.ts ^[[2m(^[[22m^[[2m8 tests^[[22m^[[2m)^[[22m^[[33m 3715^[[2mms^[[22m^[[39m
deploy-test	Run pnpm verify	2026-10-06T04:25:20.4398243Z  ^[[32m✓^[[39m apps/cloud-api/test/admin-contract.test.ts ^[[2m(^[[22m^[[2m9 tests^[[22m^[[2m)^[[22m^[[33m 3743^[[2mms^[[22m^[[39m
deploy-test	Run pnpm verify	2026-10-06T04:25:20.4398980Z      ^[[33m^[[2m✓^[[22m^[[39m 创建→详情→编辑→激活→续约→终止；每步审计一次、version 递增 ^[[33m 321^[[2mms^[[22m^[[39m
deploy-test	Run pnpm verify	2026-10-06T04:25:20.4399850Z  ^[[32m✓^[[39m apps/cloud-api/test/admin-esg.test.ts ^[[2m(^[[22m^[[2m10 tests^[[22m^[[2m)^[[22m^[[33m 3897^[[2mms^[[22m^[[39m
deploy-test	Run pnpm verify	2026-10-06T04:25:20.4400490Z  ^[[32m✓^[[39m apps/cloud-api/test/admin-audit.test.ts ^[[2m(^[[22m^[[2m7 tests^[[22m^[[2m)^[[22m^[[33m 3522^[[2mms^[[22m^[[39m
deploy-test	Run pnpm verify	2026-10-06T04:25:20.4401425Z ^[[90mstderr^[[2m | apps/cloud-api/test/qa04-core-api.test.ts^[[2m > ^[[22m^[[2mQA04 audit failure rolls back lifecycle/outbox; retry and replay preserve exactly one audit
deploy-test	Run pnpm verify	2026-10-06T04:25:20.4402517Z ^[[22m^[[39maudit FAILURE 记录写入失败 Error [PrismaClientKnownRequestError]: 
deploy-test	Run pnpm verify	2026-10-06T04:25:20.4403082Z Invalid `client.auditLog.create()` invocation in
deploy-test	Run pnpm verify	2026-10-06T04:25:20.4403907Z /home/runner/work/food-digester-platform/food-digester-platform/packages/database/src/audit.ts:72:25
deploy-test	Run pnpm verify	2026-10-06T04:25:20.4404411Z 
deploy-test	Run pnpm verify	2026-10-06T04:25:20.4404654Z   69 /** 写一条审计记录。可在事务内（tx）或根 client 上调用。 */
deploy-test	Run pnpm verify	2026-10-06T04:25:20.4405300Z   70 export async function recordAudit(client: DbClient, entry: AuditEntry): Promise<void> {
deploy-test	Run pnpm verify	2026-10-06T04:25:20.4405897Z   71   const ctx = getRequestContext();
deploy-test	Run pnpm verify	2026-10-06T04:25:20.4406389Z → 72   await client.auditLog.create(
deploy-test	Run pnpm verify	2026-10-06T04:25:20.4406935Z Database error. Code: `P0001`. Message: `QA04 audit unavailable`
deploy-test	Run pnpm verify	2026-10-06T04:25:20.4408112Z     at redactSensitive ^[[90m(/home/runner/work/food-digester-platform/food-digester-platform/^[[39mpackages/observability/src/redaction.ts:43:19^[[90m)^[[39m
deploy-test	Run pnpm verify	2026-10-06T04:25:20.4409212Z     at Array.map (<anonymous>)
deploy-test	Run pnpm verify	2026-10-06T04:25:20.4410569Z     at Object.error ^[[90m(/home/runner/work/food-digester-platform/food-digester-platform/^[[39mpackages/observability/src/redaction.ts:70:18^[[90m)^[[39m
deploy-test	Run pnpm verify	2026-10-06T04:25:20.4412036Z     at audited ^[[90m(/home/runner/work/food-digester-platform/food-digester-platform/^[[39mpackages/database/src/audit.ts:144:14^[[90m)^[[39m
deploy-test	Run pnpm verify	2026-10-06T04:25:20.4413413Z ^[[90m    at processTicksAndRejections (node:internal/process/task_queues:103:5)^[[39m
deploy-test	Run pnpm verify	2026-10-06T04:25:20.4414616Z     at ^[[90m/home/runner/work/food-digester-platform/food-digester-platform/^[[39mapps/cloud-api/src/admin/device-status/handler.ts:79:20
deploy-test	Run pnpm verify	2026-10-06T04:25:20.4416001Z     at ^[[90m/home/runner/work/food-digester-platform/food-digester-platform/^[[39mapps/cloud-api/src/admin/device-status/handler.ts:104:16
deploy-test	Run pnpm verify	2026-10-06T04:25:20.4417487Z     at Object.suspend ^[[90m(/home/runner/work/food-digester-platform/food-digester-platform/^[[39mapps/cloud-api/test/qa04-observe.ts:18:28^[[90m)^[[39m
deploy-test	Run pnpm verify	2026-10-06T04:25:20.4418925Z     at ^[[90m/home/runner/work/food-digester-platform/food-digester-platform/^[[39mapps/cloud-api/test/qa04-core-api.test.ts:193:20
deploy-test	Run pnpm verify	2026-10-06T04:25:20.4421090Z     at withFixture ^[[90m(/home/runner/work/food-digester-platform/food-digester-platform/^[[39mapps/cloud-api/test/qa04-core-api.test.ts:50:13^[[90m)^[[39m
deploy-test	Run pnpm verify	2026-10-06T04:25:20.4421806Z 
deploy-test	Run pnpm verify	2026-10-06T04:25:20.4422483Z  ^[[32m✓^[[39m apps/cloud-api/test/admin-device-retirement.test.ts ^[[2m(^[[22m^[[2m7 tests^[[22m^[[2m)^[[22m^[[33m 3794^[[2mms^[[22m^[[39m
deploy-test	Run pnpm verify	2026-10-06T04:25:20.4423078Z 
deploy-test	Run pnpm verify	2026-10-06T04:25:20.4423426Z ^[[2m Test Files ^[[22m ^[[1m^[[32m14 passed^[[39m^[[22m^[[90m (14)^[[39m
deploy-test	Run pnpm verify	2026-10-06T04:25:20.4424071Z ^[[2m      Tests ^[[22m ^[[1m^[[32m131 passed^[[39m^[[22m^[[90m (131)^[[39m
deploy-test	Run pnpm verify	2026-10-06T04:25:20.4424558Z ^[[2m   Start at ^[[22m 04:24:54
deploy-test	Run pnpm verify	2026-10-06T04:25:20.4425401Z ^[[2m   Duration ^[[22m 25.96s^[[2m (transform 2.56s, setup 264ms, import 14.15s, tests 60.11s, environment 2ms)^[[22m
deploy-test	Run pnpm verify	2026-10-06T04:25:20.4425906Z 
deploy-test	Run pnpm verify	2026-10-06T04:25:20.4426198Z JSON report written to /tmp/qa04-core-api-zjBYdu/vitest.json
deploy-test	Run pnpm verify	2026-10-06T04:25:20.7010082Z 
deploy-test	Run pnpm verify	2026-10-06T04:25:20.7011254Z > food-digester-platform@0.0.0 test:admin-e2e-suite /home/runner/work/food-digester-platform/food-digester-platform
deploy-test	Run pnpm verify	2026-10-06T04:25:20.7012230Z > node scripts/run-admin-e2e.mjs /tmp/fdp-admin-e2e-gate.json
deploy-test	Run pnpm verify	2026-10-06T04:25:20.7012569Z 
deploy-test	Run pnpm verify	2026-10-06T04:25:21.2058647Z QA05 phase=serial executions=36 workers=1 timeoutMs=660000
deploy-test	Run pnpm verify	2026-10-06T04:27:55.0735713Z 
deploy-test	Run pnpm verify	2026-10-06T04:27:55.0735787Z 
deploy-test	Run pnpm verify	2026-10-06T04:27:55.0736266Z Running 36 tests using 1 worker
deploy-test	Run pnpm verify	2026-10-06T04:27:55.0736555Z 
deploy-test	Run pnpm verify	2026-10-06T04:27:55.0737200Z [1/36] e2e/admin-web.spec.ts:15:1 › H-01 API 拒绝停用会话后清除浏览器会话并返回登录
deploy-test	Run pnpm verify	2026-10-06T04:27:55.0737757Z [2/36] e2e/admin-web.spec.ts:42:1 › M-01 CustomerViewer 从菜单查询设备用户详情，全部写入口隐藏
deploy-test	Run pnpm verify	2026-10-06T04:27:55.0738256Z [3/36] e2e/admin-web.spec.ts:88:1 › 无 Token 安全回登录；五角色菜单和受限路由均由组合根守卫
deploy-test	Run pnpm verify	2026-10-06T04:27:55.0738735Z [4/36] e2e/admin-web.spec.ts:116:1 › 刷新失败清会话，API 403 保留会话并呈现无权
deploy-test	Run pnpm verify	2026-10-06T04:27:55.0739262Z [5/36] e2e/admin-web.spec.ts:138:1 › Customer scope 与 Dashboard 离线/无 entitlement 动作在真实浏览器失败关闭
deploy-test	Run pnpm verify	2026-10-06T04:27:55.0740085Z [6/36] e2e/admin-web.spec.ts:175:1 › Onboarding 审批双击只提交一次，展示录入来源和证书状态
deploy-test	Run pnpm verify	2026-10-06T04:27:55.0740595Z [7/36] e2e/admin-web.spec.ts:220:1 › Customer/Site CRUD 关键路径：创建、非法时区、关联停用提示与 409
deploy-test	Run pnpm verify	2026-10-06T04:27:55.0741071Z [8/36] e2e/admin-web.spec.ts:343:1 › 1440/768/375 响应式布局、横向表格和对话框键盘边界
deploy-test	Run pnpm verify	2026-10-06T04:27:55.0741621Z [9/36] e2e/admin-web.spec.ts:429:1 › FE-06 至 FE-10 六个生产路由可运行，并覆盖成功、空态、分页入口、时区与响应式
deploy-test	Run pnpm verify	2026-10-06T04:27:55.0742206Z [10/36] e2e/admin-web.spec.ts:471:1 › FE-06 至 FE-10 在 403/404、Customer scope、详情焦点与重复提交场景失败关闭
deploy-test	Run pnpm verify	2026-10-06T04:27:55.0742754Z [11/36] e2e/admin-web.spec.ts:547:1 › FE-11 至 FE-15 七个生产路由由真实控制器驱动，并覆盖媒体签发与审计详情
deploy-test	Run pnpm verify	2026-10-06T04:27:55.0743236Z [12/36] e2e/admin-web.spec.ts:611:1 › FE-11 至 FE-15 API 403 与路由角色边界在真实浏览器失败关闭
deploy-test	Run pnpm verify	2026-10-06T04:27:55.0743687Z [13/36] e2e/admin-web.spec.ts:628:1 › FE-17 新建权限与零设备第二阶段在真实浏览器失败关闭
deploy-test	Run pnpm verify	2026-10-06T04:27:55.0744526Z [14/36] e2e/admin-web.spec.ts:699:1 › FE-18 Chromium 覆盖 unknown/stale、联系人按需零预载与申请状态机
deploy-test	Run pnpm verify	2026-10-06T04:27:55.0745061Z [15/36] e2e/admin-web.spec.ts:803:1 › FE-16 Chromium 覆盖邀请、角色、Scope、重置与设置 409 回源
deploy-test	Run pnpm verify	2026-10-06T04:27:55.0745554Z [16/36] e2e/admin-web.spec.ts:927:1 › FE-17 Chromium 覆盖绑定、解绑、续约与终止并保留 License 边界
deploy-test	Run pnpm verify	2026-10-06T04:27:55.0746025Z [17/36] e2e/admin-web.spec.ts:1102:5 › FE-19 Chromium 22 个生产路由：zh-CN / 375px
deploy-test	Run pnpm verify	2026-10-06T04:27:55.0746484Z [18/36] e2e/admin-web.spec.ts:1102:5 › FE-19 Chromium 22 个生产路由：zh-CN / 768px
deploy-test	Run pnpm verify	2026-10-06T04:27:55.0747120Z [19/36] e2e/admin-web.spec.ts:1102:5 › FE-19 Chromium 22 个生产路由：zh-CN / 1440px
deploy-test	Run pnpm verify	2026-10-06T04:27:55.0747581Z [20/36] e2e/admin-web.spec.ts:1102:5 › FE-19 Chromium 22 个生产路由：en / 375px
deploy-test	Run pnpm verify	2026-10-06T04:27:55.0748028Z [21/36] e2e/admin-web.spec.ts:1102:5 › FE-19 Chromium 22 个生产路由：en / 768px
deploy-test	Run pnpm verify	2026-10-06T04:27:55.0748478Z [22/36] e2e/admin-web.spec.ts:1102:5 › FE-19 Chromium 22 个生产路由：en / 1440px
deploy-test	Run pnpm verify	2026-10-06T04:27:55.0748890Z [23/36] e2e/admin-web.spec.ts:1123:1 › FE-19 语言选择在刷新后保持
deploy-test	Run pnpm verify	2026-10-06T04:27:55.0749626Z [24/36] e2e/admin-web.spec.ts:1135:1 › QA-09 设备管理长别名和序列号在375px完整换行且不裁切
deploy-test	Run pnpm verify	2026-10-06T04:27:55.0750185Z [25/36] e2e/qa05-workflows.spec.ts:33:3 › QA05 role route and button matrix PlatformSuperAdmin
deploy-test	Run pnpm verify	2026-10-06T04:27:55.0750756Z [26/36] e2e/qa05-workflows.spec.ts:33:3 › QA05 role route and button matrix PlatformOperator
deploy-test	Run pnpm verify	2026-10-06T04:27:55.0751276Z [27/36] e2e/qa05-workflows.spec.ts:33:3 › QA05 role route and button matrix Auditor
deploy-test	Run pnpm verify	2026-10-06T04:27:55.0751822Z [28/36] e2e/qa05-workflows.spec.ts:33:3 › QA05 role route and button matrix CustomerAdmin
deploy-test	Run pnpm verify	2026-10-06T04:27:55.0752373Z [29/36] e2e/qa05-workflows.spec.ts:33:3 › QA05 role route and button matrix CustomerViewer
deploy-test	Run pnpm verify	2026-10-06T04:27:55.0752980Z [30/36] e2e/qa05-workflows.spec.ts:80:1 › QA05 login SRP MFA error success logout without persisting password
deploy-test	Run pnpm verify	2026-10-06T04:27:55.0753650Z [31/36] e2e/qa05-workflows.spec.ts:146:1 › QA05 ESG cursor totals export snapshot timezone and empty state
deploy-test	Run pnpm verify	2026-10-06T04:27:55.0754333Z [32/36] e2e/qa05-workflows.spec.ts:216:1 › QA05 Command dangerous confirmation terminal result and publish failure
deploy-test	Run pnpm verify	2026-10-06T04:27:55.0754973Z [33/36] e2e/qa05-workflows.spec.ts:271:1 › QA05 Media expiry renew 403 and audit read-only zero writes
deploy-test	Run pnpm verify	2026-10-06T04:27:55.0755529Z [34/36] e2e/ui-redesign.spec.ts:12:3 › UI redesign: all business routes at 1366x768
deploy-test	Run pnpm verify	2026-10-06T04:27:55.0756026Z [35/36] e2e/ui-redesign.spec.ts:12:3 › UI redesign: all business routes at 1440x900
deploy-test	Run pnpm verify	2026-10-06T04:27:55.0756537Z [36/36] e2e/ui-redesign.spec.ts:12:3 › UI redesign: all business routes at 1920x1080
deploy-test	Run pnpm verify	2026-10-06T04:27:55.0756943Z [WebServer] [plugin builtin:vite-reporter] 
deploy-test	Run pnpm verify	2026-10-06T04:27:55.0757333Z [WebServer] (!) Some chunks are larger than 500 kB after minification. Consider:
deploy-test	Run pnpm verify	2026-10-06T04:27:55.0757758Z [WebServer] - Using dynamic import() to code-split the application
deploy-test	Run pnpm verify	2026-10-06T04:27:55.0758491Z [WebServer] - Use build.rolldownOptions.output.codeSplitting to improve chunking: https://rolldown.rs/reference/OutputOptions.codeSplitting
deploy-test	Run pnpm verify	2026-10-06T04:27:55.0759563Z [WebServer] - Adjust chunk size limit for this warning via build.chunkSizeWarningLimit.
deploy-test	Run pnpm verify	2026-10-06T04:27:55.0759916Z   36 passed (2.6m)
deploy-test	Run pnpm verify	2026-10-06T04:27:55.0760142Z QA05 phase=serial durationMs=153867
deploy-test	Run pnpm verify	2026-10-06T04:27:55.0786896Z QA05 phase=parallel-repeat executions=72 workers=2 timeoutMs=660000
deploy-test	Run pnpm verify	2026-10-06T04:31:10.6020109Z [WebServer] [plugin builtin:vite-reporter] 
deploy-test	Run pnpm verify	2026-10-06T04:31:10.6020425Z 
deploy-test	Run pnpm verify	2026-10-06T04:31:10.6020817Z 
deploy-test	Run pnpm verify	2026-10-06T04:31:10.6020949Z Running 72 tests using 2 workers
deploy-test	Run pnpm verify	2026-10-06T04:31:10.6021098Z 
deploy-test	Run pnpm verify	2026-10-06T04:31:10.6021708Z [1/72] e2e/admin-web.spec.ts:42:1 › M-01 CustomerViewer 从菜单查询设备用户详情，全部写入口隐藏
deploy-test	Run pnpm verify	2026-10-06T04:31:10.6022254Z [2/72] e2e/admin-web.spec.ts:15:1 › H-01 API 拒绝停用会话后清除浏览器会话并返回登录
deploy-test	Run pnpm verify	2026-10-06T04:31:10.6022713Z [3/72] e2e/admin-web.spec.ts:88:1 › 无 Token 安全回登录；五角色菜单和受限路由均由组合根守卫
deploy-test	Run pnpm verify	2026-10-06T04:31:10.6023155Z [4/72] e2e/admin-web.spec.ts:116:1 › 刷新失败清会话，API 403 保留会话并呈现无权
deploy-test	Run pnpm verify	2026-10-06T04:31:10.6023680Z [5/72] e2e/admin-web.spec.ts:138:1 › Customer scope 与 Dashboard 离线/无 entitlement 动作在真实浏览器失败关闭
deploy-test	Run pnpm verify	2026-10-06T04:31:10.6024265Z [6/72] e2e/admin-web.spec.ts:175:1 › Onboarding 审批双击只提交一次，展示录入来源和证书状态
deploy-test	Run pnpm verify	2026-10-06T04:31:10.6024770Z [7/72] e2e/admin-web.spec.ts:220:1 › Customer/Site CRUD 关键路径：创建、非法时区、关联停用提示与 409
deploy-test	Run pnpm verify	2026-10-06T04:31:10.6025249Z [8/72] e2e/admin-web.spec.ts:343:1 › 1440/768/375 响应式布局、横向表格和对话框键盘边界
deploy-test	Run pnpm verify	2026-10-06T04:31:10.6025730Z [9/72] e2e/admin-web.spec.ts:429:1 › FE-06 至 FE-10 六个生产路由可运行，并覆盖成功、空态、分页入口、时区与响应式
deploy-test	Run pnpm verify	2026-10-06T04:31:10.6026306Z [10/72] e2e/admin-web.spec.ts:471:1 › FE-06 至 FE-10 在 403/404、Customer scope、详情焦点与重复提交场景失败关闭
deploy-test	Run pnpm verify	2026-10-06T04:31:10.6026843Z [11/72] e2e/admin-web.spec.ts:547:1 › FE-11 至 FE-15 七个生产路由由真实控制器驱动，并覆盖媒体签发与审计详情
deploy-test	Run pnpm verify	2026-10-06T04:31:10.6027325Z [12/72] e2e/admin-web.spec.ts:611:1 › FE-11 至 FE-15 API 403 与路由角色边界在真实浏览器失败关闭
deploy-test	Run pnpm verify	2026-10-06T04:31:10.6027783Z [13/72] e2e/admin-web.spec.ts:628:1 › FE-17 新建权限与零设备第二阶段在真实浏览器失败关闭
deploy-test	Run pnpm verify	2026-10-06T04:31:10.6028267Z [14/72] e2e/admin-web.spec.ts:699:1 › FE-18 Chromium 覆盖 unknown/stale、联系人按需零预载与申请状态机
deploy-test	Run pnpm verify	2026-10-06T04:31:10.6028779Z [15/72] e2e/admin-web.spec.ts:803:1 › FE-16 Chromium 覆盖邀请、角色、Scope、重置与设置 409 回源
deploy-test	Run pnpm verify	2026-10-06T04:31:10.6029263Z [16/72] e2e/admin-web.spec.ts:927:1 › FE-17 Chromium 覆盖绑定、解绑、续约与终止并保留 License 边界
deploy-test	Run pnpm verify	2026-10-06T04:31:10.6030334Z [17/72] e2e/admin-web.spec.ts:1102:5 › FE-19 Chromium 22 个生产路由：zh-CN / 375px
deploy-test	Run pnpm verify	2026-10-06T04:31:10.6030933Z [18/72] e2e/admin-web.spec.ts:1102:5 › FE-19 Chromium 22 个生产路由：zh-CN / 768px
deploy-test	Run pnpm verify	2026-10-06T04:31:10.6031696Z [19/72] e2e/admin-web.spec.ts:1102:5 › FE-19 Chromium 22 个生产路由：zh-CN / 1440px
deploy-test	Run pnpm verify	2026-10-06T04:31:10.6032494Z [20/72] e2e/admin-web.spec.ts:1102:5 › FE-19 Chromium 22 个生产路由：en / 375px
deploy-test	Run pnpm verify	2026-10-06T04:31:10.6033163Z [21/72] e2e/admin-web.spec.ts:1102:5 › FE-19 Chromium 22 个生产路由：en / 768px
deploy-test	Run pnpm verify	2026-10-06T04:31:10.6033787Z [22/72] e2e/admin-web.spec.ts:1102:5 › FE-19 Chromium 22 个生产路由：en / 1440px
deploy-test	Run pnpm verify	2026-10-06T04:31:10.6034214Z [23/72] e2e/admin-web.spec.ts:1123:1 › FE-19 语言选择在刷新后保持
deploy-test	Run pnpm verify	2026-10-06T04:31:10.6034662Z [24/72] e2e/admin-web.spec.ts:1135:1 › QA-09 设备管理长别名和序列号在375px完整换行且不裁切
deploy-test	Run pnpm verify	2026-10-06T04:31:10.6035435Z [25/72] e2e/qa05-workflows.spec.ts:33:3 › QA05 role route and button matrix PlatformSuperAdmin
deploy-test	Run pnpm verify	2026-10-06T04:31:10.6036019Z [26/72] e2e/qa05-workflows.spec.ts:33:3 › QA05 role route and button matrix PlatformOperator
deploy-test	Run pnpm verify	2026-10-06T04:31:10.6036547Z [27/72] e2e/qa05-workflows.spec.ts:33:3 › QA05 role route and button matrix Auditor
deploy-test	Run pnpm verify	2026-10-06T04:31:10.6037085Z [28/72] e2e/qa05-workflows.spec.ts:33:3 › QA05 role route and button matrix CustomerAdmin
deploy-test	Run pnpm verify	2026-10-06T04:31:10.6037629Z [WebServer] (!) Some chunks are larger than 500 kB after minification. Consider:
deploy-test	Run pnpm verify	2026-10-06T04:31:10.6038070Z [WebServer] - Using dynamic import() to code-split the application
deploy-test	Run pnpm verify	2026-10-06T04:31:10.6038743Z [WebServer] - Use build.rolldownOptions.output.codeSplitting to improve chunking: https://rolldown.rs/reference/OutputOptions.codeSplitting
deploy-test	Run pnpm verify	2026-10-06T04:31:10.6039635Z [WebServer] - Adjust chunk size limit for this warning via build.chunkSizeWarningLimit.
deploy-test	Run pnpm verify	2026-10-06T04:31:10.6040508Z [29/72] e2e/qa05-workflows.spec.ts:33:3 › QA05 role route and button matrix CustomerViewer
deploy-test	Run pnpm verify	2026-10-06T04:31:10.6041141Z [30/72] e2e/qa05-workflows.spec.ts:80:1 › QA05 login SRP MFA error success logout without persisting password
deploy-test	Run pnpm verify	2026-10-06T04:31:10.6041797Z [31/72] e2e/qa05-workflows.spec.ts:146:1 › QA05 ESG cursor totals export snapshot timezone and empty state
deploy-test	Run pnpm verify	2026-10-06T04:31:10.6042480Z [32/72] e2e/qa05-workflows.spec.ts:216:1 › QA05 Command dangerous confirmation terminal result and publish failure
deploy-test	Run pnpm verify	2026-10-06T04:31:10.6043285Z [33/72] e2e/qa05-workflows.spec.ts:271:1 › QA05 Media expiry renew 403 and audit read-only zero writes
deploy-test	Run pnpm verify	2026-10-06T04:31:10.6043843Z [34/72] e2e/ui-redesign.spec.ts:12:3 › UI redesign: all business routes at 1366x768
deploy-test	Run pnpm verify	2026-10-06T04:31:10.6044360Z [35/72] e2e/ui-redesign.spec.ts:12:3 › UI redesign: all business routes at 1440x900
deploy-test	Run pnpm verify	2026-10-06T04:31:10.6044863Z [36/72] e2e/ui-redesign.spec.ts:12:3 › UI redesign: all business routes at 1920x1080
deploy-test	Run pnpm verify	2026-10-06T04:31:10.6045360Z [37/72] e2e/admin-web.spec.ts:15:1 › H-01 API 拒绝停用会话后清除浏览器会话并返回登录
deploy-test	Run pnpm verify	2026-10-06T04:31:10.6045854Z [38/72] e2e/admin-web.spec.ts:42:1 › M-01 CustomerViewer 从菜单查询设备用户详情，全部写入口隐藏
deploy-test	Run pnpm verify	2026-10-06T04:31:10.6046315Z [39/72] e2e/admin-web.spec.ts:88:1 › 无 Token 安全回登录；五角色菜单和受限路由均由组合根守卫
deploy-test	Run pnpm verify	2026-10-06T04:31:10.6046740Z [40/72] e2e/admin-web.spec.ts:116:1 › 刷新失败清会话，API 403 保留会话并呈现无权
deploy-test	Run pnpm verify	2026-10-06T04:31:10.6047261Z [41/72] e2e/admin-web.spec.ts:138:1 › Customer scope 与 Dashboard 离线/无 entitlement 动作在真实浏览器失败关闭
deploy-test	Run pnpm verify	2026-10-06T04:31:10.6047789Z [42/72] e2e/admin-web.spec.ts:175:1 › Onboarding 审批双击只提交一次，展示录入来源和证书状态
deploy-test	Run pnpm verify	2026-10-06T04:31:10.6048269Z [43/72] e2e/admin-web.spec.ts:220:1 › Customer/Site CRUD 关键路径：创建、非法时区、关联停用提示与 409
deploy-test	Run pnpm verify	2026-10-06T04:31:10.6048735Z [44/72] e2e/admin-web.spec.ts:343:1 › 1440/768/375 响应式布局、横向表格和对话框键盘边界
deploy-test	Run pnpm verify	2026-10-06T04:31:10.6049208Z [45/72] e2e/admin-web.spec.ts:429:1 › FE-06 至 FE-10 六个生产路由可运行，并覆盖成功、空态、分页入口、时区与响应式
deploy-test	Run pnpm verify	2026-10-06T04:31:10.6049952Z [46/72] e2e/admin-web.spec.ts:471:1 › FE-06 至 FE-10 在 403/404、Customer scope、详情焦点与重复提交场景失败关闭
deploy-test	Run pnpm verify	2026-10-06T04:31:10.6050501Z [47/72] e2e/admin-web.spec.ts:547:1 › FE-11 至 FE-15 七个生产路由由真实控制器驱动，并覆盖媒体签发与审计详情
deploy-test	Run pnpm verify	2026-10-06T04:31:10.6050978Z [48/72] e2e/admin-web.spec.ts:611:1 › FE-11 至 FE-15 API 403 与路由角色边界在真实浏览器失败关闭
deploy-test	Run pnpm verify	2026-10-06T04:31:10.6051434Z [49/72] e2e/admin-web.spec.ts:628:1 › FE-17 新建权限与零设备第二阶段在真实浏览器失败关闭
deploy-test	Run pnpm verify	2026-10-06T04:31:10.6051928Z [50/72] e2e/admin-web.spec.ts:699:1 › FE-18 Chromium 覆盖 unknown/stale、联系人按需零预载与申请状态机
deploy-test	Run pnpm verify	2026-10-06T04:31:10.6052478Z [51/72] e2e/admin-web.spec.ts:803:1 › FE-16 Chromium 覆盖邀请、角色、Scope、重置与设置 409 回源
deploy-test	Run pnpm verify	2026-10-06T04:31:10.6053068Z [52/72] e2e/admin-web.spec.ts:927:1 › FE-17 Chromium 覆盖绑定、解绑、续约与终止并保留 License 边界
deploy-test	Run pnpm verify	2026-10-06T04:31:10.6053577Z [53/72] e2e/admin-web.spec.ts:1102:5 › FE-19 Chromium 22 个生产路由：zh-CN / 375px
deploy-test	Run pnpm verify	2026-10-06T04:31:10.6054039Z [54/72] e2e/admin-web.spec.ts:1102:5 › FE-19 Chromium 22 个生产路由：zh-CN / 768px
deploy-test	Run pnpm verify	2026-10-06T04:31:10.6054493Z [55/72] e2e/admin-web.spec.ts:1102:5 › FE-19 Chromium 22 个生产路由：zh-CN / 1440px
deploy-test	Run pnpm verify	2026-10-06T04:31:10.6054947Z [56/72] e2e/admin-web.spec.ts:1102:5 › FE-19 Chromium 22 个生产路由：en / 375px
deploy-test	Run pnpm verify	2026-10-06T04:31:10.6055538Z [57/72] e2e/admin-web.spec.ts:1102:5 › FE-19 Chromium 22 个生产路由：en / 768px
deploy-test	Run pnpm verify	2026-10-06T04:31:10.6055988Z [58/72] e2e/admin-web.spec.ts:1102:5 › FE-19 Chromium 22 个生产路由：en / 1440px
deploy-test	Run pnpm verify	2026-10-06T04:31:10.6056410Z [59/72] e2e/admin-web.spec.ts:1123:1 › FE-19 语言选择在刷新后保持
deploy-test	Run pnpm verify	2026-10-06T04:31:10.6056839Z [60/72] e2e/admin-web.spec.ts:1135:1 › QA-09 设备管理长别名和序列号在375px完整换行且不裁切
deploy-test	Run pnpm verify	2026-10-06T04:31:10.6057367Z [61/72] e2e/qa05-workflows.spec.ts:33:3 › QA05 role route and button matrix PlatformSuperAdmin
deploy-test	Run pnpm verify	2026-10-06T04:31:10.6058077Z [62/72] e2e/qa05-workflows.spec.ts:33:3 › QA05 role route and button matrix PlatformOperator
deploy-test	Run pnpm verify	2026-10-06T04:31:10.6058610Z [63/72] e2e/qa05-workflows.spec.ts:33:3 › QA05 role route and button matrix Auditor
deploy-test	Run pnpm verify	2026-10-06T04:31:10.6059139Z [64/72] e2e/qa05-workflows.spec.ts:33:3 › QA05 role route and button matrix CustomerAdmin
deploy-test	Run pnpm verify	2026-10-06T04:31:10.6060222Z [65/72] e2e/qa05-workflows.spec.ts:33:3 › QA05 role route and button matrix CustomerViewer
deploy-test	Run pnpm verify	2026-10-06T04:31:10.6061226Z [66/72] e2e/qa05-workflows.spec.ts:80:1 › QA05 login SRP MFA error success logout without persisting password
deploy-test	Run pnpm verify	2026-10-06T04:31:10.6062331Z [67/72] e2e/qa05-workflows.spec.ts:146:1 › QA05 ESG cursor totals export snapshot timezone and empty state
deploy-test	Run pnpm verify	2026-10-06T04:31:10.6063391Z [68/72] e2e/qa05-workflows.spec.ts:216:1 › QA05 Command dangerous confirmation terminal result and publish failure
deploy-test	Run pnpm verify	2026-10-06T04:31:10.6064421Z [69/72] e2e/qa05-workflows.spec.ts:271:1 › QA05 Media expiry renew 403 and audit read-only zero writes
deploy-test	Run pnpm verify	2026-10-06T04:31:10.6065166Z [70/72] e2e/ui-redesign.spec.ts:12:3 › UI redesign: all business routes at 1366x768
deploy-test	Run pnpm verify	2026-10-06T04:31:10.6065677Z [71/72] e2e/ui-redesign.spec.ts:12:3 › UI redesign: all business routes at 1440x900
deploy-test	Run pnpm verify	2026-10-06T04:31:10.6066179Z [72/72] e2e/ui-redesign.spec.ts:12:3 › UI redesign: all business routes at 1920x1080
deploy-test	Run pnpm verify	2026-10-06T04:31:10.6066498Z   72 passed (3.3m)
deploy-test	Run pnpm verify	2026-10-06T04:31:10.6066753Z QA05 phase=parallel-repeat durationMs=195523
deploy-test	Run pnpm verify	2026-10-06T04:31:10.8463731Z 
deploy-test	Run pnpm verify	2026-10-06T04:31:10.8464828Z > food-digester-platform@0.0.0 test:security-suite /home/runner/work/food-digester-platform/food-digester-platform
deploy-test	Run pnpm verify	2026-10-06T04:31:10.8465890Z > node --import tsx scripts/run-security-suite.mjs /tmp/fdp-security-gate.json
deploy-test	Run pnpm verify	2026-10-06T04:31:10.8466312Z 
deploy-test	Run pnpm verify	2026-10-06T04:31:36.7339880Z 
deploy-test	Run pnpm verify	2026-10-06T04:31:36.7341290Z ^[[1m^[[30m^[[46m RUN ^[[49m^[[39m^[[22m ^[[36mv4.1.11 ^[[39m^[[90m/home/runner/work/food-digester-platform/food-digester-platform^[[39m
deploy-test	Run pnpm verify	2026-10-06T04:31:36.7341953Z 
deploy-test	Run pnpm verify	2026-10-06T04:31:36.7342631Z  ^[[32m✓^[[39m apps/cloud-api/test/admin-user.test.ts ^[[2m(^[[22m^[[2m31 tests^[[22m^[[2m)^[[22m^[[33m 5238^[[2mms^[[22m^[[39m
deploy-test	Run pnpm verify	2026-10-06T04:31:36.7343679Z      ^[[33m^[[2m✓^[[22m^[[39m PlatformSuperAdmin 停用后旧 id Token 不再进入读写路由 ^[[33m 475^[[2mms^[[22m^[[39m
deploy-test	Run pnpm verify	2026-10-06T04:31:36.7344746Z  ^[[32m✓^[[39m apps/cloud-api/test/certificate-rotate.test.ts ^[[2m(^[[22m^[[2m8 tests^[[22m^[[2m)^[[22m^[[33m 6441^[[2mms^[[22m^[[39m
deploy-test	Run pnpm verify	2026-10-06T04:31:36.7345747Z      ^[[33m^[[2m✓^[[22m^[[39m 缺失 CSR 不签发；AWS attach 失败保留可重试停用记录并保留旧证 ^[[33m 635^[[2mms^[[22m^[[39m
deploy-test	Run pnpm verify	2026-10-06T04:31:36.7346895Z      ^[[33m^[[2m✓^[[22m^[[39m 正向：返回五字段证书包；双证书窗口（旧证仍可用）；私钥不落库/审计 ^[[33m 363^[[2mms^[[22m^[[39m
deploy-test	Run pnpm verify	2026-10-06T04:31:36.7347656Z      ^[[33m^[[2m✓^[[22m^[[39m 旧证书错误/跨设备拒绝：缺字段 400；与身份不符 403（含他设备证书） ^[[33m 505^[[2mms^[[22m^[[39m
deploy-test	Run pnpm verify	2026-10-06T04:31:36.7348366Z      ^[[33m^[[2m✓^[[22m^[[39m 响应不确定重试：撤销未确认证书并重签，不重复下发同一私钥 ^[[33m 457^[[2mms^[[22m^[[39m
deploy-test	Run pnpm verify	2026-10-06T04:31:36.7349093Z      ^[[33m^[[2m✓^[[22m^[[39m 成功提交后、首个新证 Heartbeat 前重复请求稳定冲突且不撤证重签 ^[[33m 336^[[2mms^[[22m^[[39m
deploy-test	Run pnpm verify	2026-10-06T04:31:36.7351079Z  ^[[32m✓^[[39m apps/cloud-api/test/qa06-security.test.ts ^[[2m(^[[22m^[[2m4 tests^[[22m^[[2m)^[[22m^[[33m 7539^[[2mms^[[22m^[[39m
deploy-test	Run pnpm verify	2026-10-06T04:31:36.7352416Z    ^[[33m^[[2m✓^[[22m^[[39m QA06 signed tenant scope and SQL JSON injection cannot cross boundaries or corrupt business state ^[[33m 3680^[[2mms^[[22m^[[39m
deploy-test	Run pnpm verify	2026-10-06T04:31:36.7353748Z    ^[[33m^[[2m✓^[[22m^[[39m QA06 malicious media filenames and metadata reject before signing or persistence ^[[33m 1755^[[2mms^[[22m^[[39m
deploy-test	Run pnpm verify	2026-10-06T04:31:36.7354908Z    ^[[33m^[[2m✓^[[22m^[[39m QA06 raw canaries are absent from actual logger trace audit and snapshot artifacts ^[[33m 1947^[[2mms^[[22m^[[39m
deploy-test	Run pnpm verify	2026-10-06T04:31:36.7356021Z  ^[[32m✓^[[39m apps/cloud-api/test/admin-command.test.ts ^[[2m(^[[22m^[[2m15 tests^[[22m^[[2m)^[[22m^[[33m 4729^[[2mms^[[22m^[[39m
deploy-test	Run pnpm verify	2026-10-06T04:31:36.7356966Z      ^[[33m^[[2m✓^[[22m^[[39m ACTIVE 设备：22 个命令全部创建成功并进入 AUTHORIZED ^[[33m 796^[[2mms^[[22m^[[39m
deploy-test	Run pnpm verify	2026-10-06T04:31:36.7357973Z      ^[[33m^[[2m✓^[[22m^[[39m SUSPENDED（云端 lifecycle）：仅 allowedStatuses 子集放行；启动处理类 DEVICE_STATE_NOT_ALLOWED ^[[33m 357^[[2mms^[[22m^[[39m
deploy-test	Run pnpm verify	2026-10-06T04:31:36.7359128Z  ^[[32m✓^[[39m apps/cloud-api/test/ota-dispatch.test.ts ^[[2m(^[[22m^[[2m16 tests^[[22m^[[2m)^[[22m^[[33m 4798^[[2mms^[[22m^[[39m
deploy-test	Run pnpm verify	2026-10-06T04:31:36.7361134Z  ^[[32m✓^[[39m apps/cloud-api/test/admin-device-user.test.ts ^[[2m(^[[22m^[[2m8 tests^[[22m^[[2m)^[[22m^[[33m 4747^[[2mms^[[22m^[[39m
deploy-test	Run pnpm verify	2026-10-06T04:31:36.7362012Z      ^[[33m^[[2m✓^[[22m^[[39m 仅匹配具有目标设备 ACTIVE 分配的设备操作员 ^[[33m 464^[[2mms^[[22m^[[39m
deploy-test	Run pnpm verify	2026-10-06T04:31:36.7362884Z      ^[[33m^[[2m✓^[[22m^[[39m CustomerAdmin 只能管理自身 Customer；跨 Customer 404；未认证 401；Viewer 写 403 ^[[33m 310^[[2mms^[[22m^[[39m
deploy-test	Run pnpm verify	2026-10-06T04:31:36.7364039Z  ^[[32m✓^[[39m apps/cloud-api/test/csr-onboarding.test.ts ^[[2m(^[[22m^[[2m1 test^[[22m^[[2m)^[[22m^[[33m 3567^[[2mms^[[22m^[[39m
deploy-test	Run pnpm verify	2026-10-06T04:31:36.7364922Z      ^[[33m^[[2m✓^[[22m^[[39m 匿名申请、相同公钥幂等、换钥冲突；签名轮询拒绝重放 ^[[33m 485^[[2mms^[[22m^[[39m
deploy-test	Run pnpm verify	2026-10-06T04:31:36.7365885Z  ^[[32m✓^[[39m packages/auth/test/secure-package.test.ts ^[[2m(^[[22m^[[2m14 tests^[[22m^[[2m)^[[22m^[[33m 3384^[[2mms^[[22m^[[39m
deploy-test	Run pnpm verify	2026-10-06T04:31:36.7367018Z  ^[[32m✓^[[39m apps/cloud-api/test/admin-audit.test.ts ^[[2m(^[[22m^[[2m7 tests^[[22m^[[2m)^[[22m^[[33m 3374^[[2mms^[[22m^[[39m
deploy-test	Run pnpm verify	2026-10-06T04:31:36.7368064Z  ^[[32m✓^[[39m apps/cloud-api/test/media.test.ts ^[[2m(^[[22m^[[2m12 tests^[[22m^[[2m)^[[22m^[[33m 4041^[[2mms^[[22m^[[39m
deploy-test	Run pnpm verify	2026-10-06T04:31:36.7369091Z      ^[[33m^[[2m✓^[[22m^[[39m 认证与生命周期：无证书/未知证书 → 401；Suspended/Retired/未分配 Customer → 403 ^[[33m 323^[[2mms^[[22m^[[39m
deploy-test	Run pnpm verify	2026-10-06T04:31:36.7370307Z  ^[[32m✓^[[39m apps/cloud-api/test/admin-settings.test.ts ^[[2m(^[[22m^[[2m10 tests^[[22m^[[2m)^[[22m^[[33m 3729^[[2mms^[[22m^[[39m
deploy-test	Run pnpm verify	2026-10-06T04:31:36.7371435Z  ^[[32m✓^[[39m packages/auth/test/device-mtls.test.ts ^[[2m(^[[22m^[[2m11 tests^[[22m^[[2m)^[[22m^[[33m 3623^[[2mms^[[22m^[[39m
deploy-test	Run pnpm verify	2026-10-06T04:31:36.7372478Z  ^[[32m✓^[[39m packages/auth/test/cognito.test.ts ^[[2m(^[[22m^[[2m14 tests^[[22m^[[2m)^[[22m^[[32m 112^[[2mms^[[22m^[[39m
deploy-test	Run pnpm verify	2026-10-06T04:31:36.7373635Z  ^[[32m✓^[[39m apps/cloud-api/test/admin-lambda-composition.test.ts ^[[2m(^[[22m^[[2m12 tests^[[22m^[[2m)^[[22m^[[33m 847^[[2mms^[[22m^[[39m
deploy-test	Run pnpm verify	2026-10-06T04:31:36.7374828Z  ^[[32m✓^[[39m packages/auth/test/qa06-jwt-security.test.ts ^[[2m(^[[22m^[[2m1 test^[[22m^[[2m)^[[22m^[[32m 82^[[2mms^[[22m^[[39m
deploy-test	Run pnpm verify	2026-10-06T04:31:36.7376049Z  ^[[32m✓^[[39m packages/aws-clients/test/iot-device-policy.test.ts ^[[2m(^[[22m^[[2m12 tests^[[22m^[[2m)^[[22m^[[32m 10^[[2mms^[[22m^[[39m
deploy-test	Run pnpm verify	2026-10-06T04:31:36.7377324Z  ^[[32m✓^[[39m apps/cloud-api/test/device-lambda-composition.test.ts ^[[2m(^[[22m^[[2m13 tests^[[22m^[[2m)^[[22m^[[32m 25^[[2mms^[[22m^[[39m
deploy-test	Run pnpm verify	2026-10-06T04:31:36.7378509Z  ^[[32m✓^[[39m packages/observability/test/redaction.test.ts ^[[2m(^[[22m^[[2m8 tests^[[22m^[[2m)^[[22m^[[32m 8^[[2mms^[[22m^[[39m
deploy-test	Run pnpm verify	2026-10-06T04:31:36.7380023Z  ^[[32m✓^[[39m packages/auth/test/guard.test.ts ^[[2m(^[[22m^[[2m10 tests^[[22m^[[2m)^[[22m^[[32m 6^[[2mms^[[22m^[[39m
deploy-test	Run pnpm verify	2026-10-06T04:31:36.7381024Z  ^[[32m✓^[[39m packages/database/test/db03.test.ts ^[[2m(^[[22m^[[2m10 tests^[[22m^[[2m)^[[22m^[[33m 2505^[[2mms^[[22m^[[39m
deploy-test	Run pnpm verify	2026-10-06T04:31:36.7381524Z 
deploy-test	Run pnpm verify	2026-10-06T04:31:36.7381906Z ^[[2m Test Files ^[[22m ^[[1m^[[32m20 passed^[[39m^[[22m^[[90m (20)^[[39m
deploy-test	Run pnpm verify	2026-10-06T04:31:36.7382595Z ^[[2m      Tests ^[[22m ^[[1m^[[32m217 passed^[[39m^[[22m^[[90m (217)^[[39m
deploy-test	Run pnpm verify	2026-10-06T04:31:36.7383292Z ^[[2m   Start at ^[[22m 04:31:11
deploy-test	Run pnpm verify	2026-10-06T04:31:36.7384173Z ^[[2m   Duration ^[[22m 25.50s^[[2m (transform 2.44s, setup 134ms, import 12.79s, tests 58.81s, environment 2ms)^[[22m
deploy-test	Run pnpm verify	2026-10-06T04:31:36.7384684Z 
deploy-test	Run pnpm verify	2026-10-06T04:31:36.7384997Z JSON report written to /tmp/qa06-security-qMqk0V/vitest.json
deploy-test	Run pnpm verify	2026-10-06T04:31:36.9929176Z 
deploy-test	Run pnpm verify	2026-10-06T04:31:36.9930561Z > food-digester-platform@0.0.0 test:reliability-suite /home/runner/work/food-digester-platform/food-digester-platform
deploy-test	Run pnpm verify	2026-10-06T04:31:36.9932032Z > node --import tsx scripts/run-reliability-suite.mjs /tmp/fdp-reliability-gate.json
deploy-test	Run pnpm verify	2026-10-06T04:31:36.9932705Z 
deploy-test	Run pnpm verify	2026-10-06T04:32:15.4698862Z JSON report written to /tmp/qa07-reliability-Ojhfrh/vitest.json
deploy-test	Run pnpm verify	2026-10-06T04:32:15.7147598Z 
deploy-test	Run pnpm verify	2026-10-06T04:32:15.7148711Z > food-digester-platform@0.0.0 test:prototype-regression /home/runner/work/food-digester-platform/food-digester-platform
deploy-test	Run pnpm verify	2026-10-06T04:32:15.7150011Z > node scripts/run-prototype-regression.mjs /tmp/fdp-prototype-regression-gate.json
deploy-test	Run pnpm verify	2026-10-06T04:32:15.7150529Z 
deploy-test	Run pnpm verify	2026-10-06T04:34:47.1945193Z 
deploy-test	Run pnpm verify	2026-10-06T04:34:47.1945256Z 
deploy-test	Run pnpm verify	2026-10-06T04:34:47.1945833Z Running 24 tests using 1 worker
deploy-test	Run pnpm verify	2026-10-06T04:34:47.1946145Z 
deploy-test	Run pnpm verify	2026-10-06T04:34:47.1946791Z [1/24] e2e/qa08-prototype.spec.ts:461:5 › QA08 dashboard 375
deploy-test	Run pnpm verify	2026-10-06T04:34:47.1947483Z [2/24] e2e/qa08-prototype.spec.ts:461:5 › QA08 device-view 375
deploy-test	Run pnpm verify	2026-10-06T04:34:47.1948164Z [3/24] e2e/qa08-prototype.spec.ts:461:5 › QA08 device-operate 375
deploy-test	Run pnpm verify	2026-10-06T04:34:47.1948889Z [4/24] e2e/qa08-prototype.spec.ts:461:5 › QA08 device-group 375
deploy-test	Run pnpm verify	2026-10-06T04:34:47.1950251Z [5/24] e2e/qa08-prototype.spec.ts:461:5 › QA08 device-manage 375
deploy-test	Run pnpm verify	2026-10-06T04:34:47.1951000Z [6/24] e2e/qa08-prototype.spec.ts:461:5 › QA08 device-consumable 375
deploy-test	Run pnpm verify	2026-10-06T04:34:47.1951740Z [7/24] e2e/qa08-prototype.spec.ts:461:5 › QA08 contract-modify 375
deploy-test	Run pnpm verify	2026-10-06T04:34:47.1952455Z [8/24] e2e/qa08-prototype.spec.ts:461:5 › QA08 contract-new 375
deploy-test	Run pnpm verify	2026-10-06T04:34:47.1953191Z [9/24] e2e/qa08-prototype.spec.ts:461:5 › QA08 contract-detail 375
deploy-test	Run pnpm verify	2026-10-06T04:34:47.1953910Z [10/24] e2e/qa08-prototype.spec.ts:461:5 › QA08 esg-overview 375
deploy-test	Run pnpm verify	2026-10-06T04:34:47.1954597Z [11/24] e2e/qa08-prototype.spec.ts:461:5 › QA08 esg-device 375
deploy-test	Run pnpm verify	2026-10-06T04:34:47.1955264Z [12/24] e2e/qa08-prototype.spec.ts:461:5 › QA08 settings 375
deploy-test	Run pnpm verify	2026-10-06T04:34:47.1955927Z [13/24] e2e/qa08-prototype.spec.ts:461:5 › QA08 dashboard 1440
deploy-test	Run pnpm verify	2026-10-06T04:34:47.1956597Z [14/24] e2e/qa08-prototype.spec.ts:461:5 › QA08 device-view 1440
deploy-test	Run pnpm verify	2026-10-06T04:34:47.1957283Z [15/24] e2e/qa08-prototype.spec.ts:461:5 › QA08 device-operate 1440
deploy-test	Run pnpm verify	2026-10-06T04:34:47.1958005Z [16/24] e2e/qa08-prototype.spec.ts:461:5 › QA08 device-group 1440
deploy-test	Run pnpm verify	2026-10-06T04:34:47.1958720Z [17/24] e2e/qa08-prototype.spec.ts:461:5 › QA08 device-manage 1440
deploy-test	Run pnpm verify	2026-10-06T04:34:47.1959619Z [18/24] e2e/qa08-prototype.spec.ts:461:5 › QA08 device-consumable 1440
deploy-test	Run pnpm verify	2026-10-06T04:34:47.1960355Z [19/24] e2e/qa08-prototype.spec.ts:461:5 › QA08 contract-modify 1440
deploy-test	Run pnpm verify	2026-10-06T04:34:47.1961094Z [20/24] e2e/qa08-prototype.spec.ts:461:5 › QA08 contract-new 1440
deploy-test	Run pnpm verify	2026-10-06T04:34:47.1961826Z [21/24] e2e/qa08-prototype.spec.ts:461:5 › QA08 contract-detail 1440
deploy-test	Run pnpm verify	2026-10-06T04:34:47.1962574Z [22/24] e2e/qa08-prototype.spec.ts:461:5 › QA08 esg-overview 1440
deploy-test	Run pnpm verify	2026-10-06T04:34:47.1963250Z [23/24] e2e/qa08-prototype.spec.ts:461:5 › QA08 esg-device 1440
deploy-test	Run pnpm verify	2026-10-06T04:34:47.1963884Z [24/24] e2e/qa08-prototype.spec.ts:461:5 › QA08 settings 1440
deploy-test	Run pnpm verify	2026-10-06T04:34:47.1964323Z   24 passed (2.5m)
deploy-test	Run pnpm verify	2026-10-06T04:34:47.1965102Z [WebServer] [plugin builtin:vite-reporter] 
deploy-test	Run pnpm verify	2026-10-06T04:34:47.1965761Z [WebServer] (!) Some chunks are larger than 500 kB after minification. Consider:
deploy-test	Run pnpm verify	2026-10-06T04:34:47.1966506Z [WebServer] - Using dynamic import() to code-split the application
deploy-test	Run pnpm verify	2026-10-06T04:34:47.1967647Z [WebServer] - Use build.rolldownOptions.output.codeSplitting to improve chunking: https://rolldown.rs/reference/OutputOptions.codeSplitting
deploy-test	Run pnpm verify	2026-10-06T04:34:47.1968771Z [WebServer] - Adjust chunk size limit for this warning via build.chunkSizeWarningLimit.
