deploy-test	Run node scripts/esgiot-cdk.mjs diff AppDependencies	﻿2026-10-06T04:34:53.1247968Z ##[group]Run node scripts/esgiot-cdk.mjs diff AppDependencies
deploy-test	Run node scripts/esgiot-cdk.mjs diff AppDependencies	2026-10-06T04:34:53.1248360Z ^[[36;1mnode scripts/esgiot-cdk.mjs diff AppDependencies^[[0m
deploy-test	Run node scripts/esgiot-cdk.mjs diff AppDependencies	2026-10-06T04:34:53.1304247Z shell: /usr/bin/bash -e {0}
deploy-test	Run node scripts/esgiot-cdk.mjs diff AppDependencies	2026-10-06T04:34:53.1304490Z env:
deploy-test	Run node scripts/esgiot-cdk.mjs diff AppDependencies	2026-10-06T04:34:53.1304869Z   FDP_DEVICE_API_CERTIFICATE_ARN: arn:aws:acm:ap-southeast-1:065986019555:certificate/db3daf4f-de27-4cb3-8813-5f1f068478e0
deploy-test	Run node scripts/esgiot-cdk.mjs diff AppDependencies	2026-10-06T04:34:53.1305474Z   FDP_PUBLIC_API_CERTIFICATE_ARN: arn:aws:acm:ap-southeast-1:065986019555:certificate/2777e55f-df6e-4e7d-8ce8-22cd3cf2babb
deploy-test	Run node scripts/esgiot-cdk.mjs diff AppDependencies	2026-10-06T04:34:53.1305947Z   FDP_TRUSTSTORE_BUCKET_NAME: fdp-test-mtls-truststore-065986019555
deploy-test	Run node scripts/esgiot-cdk.mjs diff AppDependencies	2026-10-06T04:34:53.1306287Z   FDP_TRUSTSTORE_VERSION: FtN.3H5AydTqt6cgxf0wzeOcNQHFxCOx
deploy-test	Run node scripts/esgiot-cdk.mjs diff AppDependencies	2026-10-06T04:34:53.1306564Z   FDP_QA09_ROLLOUT_PHASE: immediate
deploy-test	Run node scripts/esgiot-cdk.mjs diff AppDependencies	2026-10-06T04:34:53.1306816Z   PNPM_HOME: /home/runner/setup-pnpm/node_modules/.bin
deploy-test	Run node scripts/esgiot-cdk.mjs diff AppDependencies	2026-10-06T04:34:53.1307082Z   AWS_DEFAULT_REGION: ap-southeast-1
deploy-test	Run node scripts/esgiot-cdk.mjs diff AppDependencies	2026-10-06T04:34:53.1307301Z   AWS_REGION: ap-southeast-1
deploy-test	Run node scripts/esgiot-cdk.mjs diff AppDependencies	2026-10-06T04:34:53.1307672Z   AWS_ACCESS_KEY_ID: ***
deploy-test	Run node scripts/esgiot-cdk.mjs diff AppDependencies	2026-10-06T04:34:53.1307960Z   AWS_SECRET_ACCESS_KEY: ***
deploy-test	Run node scripts/esgiot-cdk.mjs diff AppDependencies	2026-10-06T04:34:53.1311880Z   AWS_SESSION_TOKEN: ***
deploy-test	Run node scripts/esgiot-cdk.mjs diff AppDependencies	2026-10-06T04:34:53.1312081Z ##[endgroup]
deploy-test	Run node scripts/esgiot-cdk.mjs diff AppDependencies	2026-10-06T04:34:53.3620646Z 
deploy-test	Run node scripts/esgiot-cdk.mjs diff AppDependencies	2026-10-06T04:34:53.3621923Z > food-digester-platform@0.0.0 build /home/runner/work/food-digester-platform/food-digester-platform
deploy-test	Run node scripts/esgiot-cdk.mjs diff AppDependencies	2026-10-06T04:34:53.3622717Z > turbo run build
deploy-test	Run node scripts/esgiot-cdk.mjs diff AppDependencies	2026-10-06T04:34:53.3622970Z 
deploy-test	Run node scripts/esgiot-cdk.mjs diff AppDependencies	2026-10-06T04:34:53.4044273Z 
deploy-test	Run node scripts/esgiot-cdk.mjs diff AppDependencies	2026-10-06T04:34:53.4072190Z    • Packages in scope: @fdp/admin-web, @fdp/archive-worker, @fdp/auth, @fdp/aws-clients, @fdp/cloud-api, @fdp/contracts, @fdp/database, @fdp/domain, @fdp/infra, @fdp/ingestion-worker, @fdp/media, @fdp/observability, @fdp/summary-worker
deploy-test	Run node scripts/esgiot-cdk.mjs diff AppDependencies	2026-10-06T04:34:53.4074964Z    • Running build in 13 packages
deploy-test	Run node scripts/esgiot-cdk.mjs diff AppDependencies	2026-10-06T04:34:53.4099813Z    • Remote caching disabled
deploy-test	Run node scripts/esgiot-cdk.mjs diff AppDependencies	2026-10-06T04:34:53.4100184Z 
deploy-test	Run node scripts/esgiot-cdk.mjs diff AppDependencies	2026-10-06T04:34:53.4211698Z ##[group]@fdp/database:generate
deploy-test	Run node scripts/esgiot-cdk.mjs diff AppDependencies	2026-10-06T04:34:53.4212403Z cache hit, replaying logs 6f29d7861b790d41
deploy-test	Run node scripts/esgiot-cdk.mjs diff AppDependencies	2026-10-06T04:34:53.4238407Z 
deploy-test	Run node scripts/esgiot-cdk.mjs diff AppDependencies	2026-10-06T04:34:53.4239593Z > @fdp/database@0.0.0 generate /home/runner/work/food-digester-platform/food-digester-platform/packages/database
deploy-test	Run node scripts/esgiot-cdk.mjs diff AppDependencies	2026-10-06T04:34:53.4240631Z > prisma generate
deploy-test	Run node scripts/esgiot-cdk.mjs diff AppDependencies	2026-10-06T04:34:53.4240937Z 
deploy-test	Run node scripts/esgiot-cdk.mjs diff AppDependencies	2026-10-06T04:34:53.4241458Z Loaded Prisma config from prisma.config.ts.
deploy-test	Run node scripts/esgiot-cdk.mjs diff AppDependencies	2026-10-06T04:34:53.4242016Z 
deploy-test	Run node scripts/esgiot-cdk.mjs diff AppDependencies	2026-10-06T04:34:53.4242395Z Prisma schema loaded from prisma/schema.prisma.
deploy-test	Run node scripts/esgiot-cdk.mjs diff AppDependencies	2026-10-06T04:34:53.4242943Z 
deploy-test	Run node scripts/esgiot-cdk.mjs diff AppDependencies	2026-10-06T04:34:53.4243758Z ✔ Generated Prisma Client (7.9.1) to ./src/generated in 1.34s
deploy-test	Run node scripts/esgiot-cdk.mjs diff AppDependencies	2026-10-06T04:34:53.4244316Z 
deploy-test	Run node scripts/esgiot-cdk.mjs diff AppDependencies	2026-10-06T04:34:53.4244778Z ##[endgroup]
deploy-test	Run node scripts/esgiot-cdk.mjs diff AppDependencies	2026-10-06T04:34:53.4245504Z ##[group]@fdp/contracts:build
deploy-test	Run node scripts/esgiot-cdk.mjs diff AppDependencies	2026-10-06T04:34:53.4246152Z cache hit, replaying logs badb40bf08f6da73
deploy-test	Run node scripts/esgiot-cdk.mjs diff AppDependencies	2026-10-06T04:34:53.4246679Z 
deploy-test	Run node scripts/esgiot-cdk.mjs diff AppDependencies	2026-10-06T04:34:53.4247425Z > @fdp/contracts@0.0.0 build /home/runner/work/food-digester-platform/food-digester-platform/contracts
deploy-test	Run node scripts/esgiot-cdk.mjs diff AppDependencies	2026-10-06T04:34:53.4249069Z > node -e "console.log('@fdp/contracts 为源码契约包：内部使用 .ts 扩展名互引，不经 tsc 构建；消费方经 tsx/打包器直接使用源码')"
deploy-test	Run node scripts/esgiot-cdk.mjs diff AppDependencies	2026-10-06T04:34:53.4249984Z 
deploy-test	Run node scripts/esgiot-cdk.mjs diff AppDependencies	2026-10-06T04:34:53.4250629Z @fdp/contracts 为源码契约包：内部使用 .ts 扩展名互引，不经 tsc 构建；消费方经 tsx/打包器直接使用源码
deploy-test	Run node scripts/esgiot-cdk.mjs diff AppDependencies	2026-10-06T04:34:53.4251525Z ##[endgroup]
deploy-test	Run node scripts/esgiot-cdk.mjs diff AppDependencies	2026-10-06T04:34:53.4252286Z ##[group]@fdp/aws-clients:build
deploy-test	Run node scripts/esgiot-cdk.mjs diff AppDependencies	2026-10-06T04:34:53.4252997Z cache hit, replaying logs 72b741ff8e28f9c8
deploy-test	Run node scripts/esgiot-cdk.mjs diff AppDependencies	2026-10-06T04:34:53.4253607Z 
deploy-test	Run node scripts/esgiot-cdk.mjs diff AppDependencies	2026-10-06T04:34:53.4254435Z > @fdp/aws-clients@0.0.0 build /home/runner/work/food-digester-platform/food-digester-platform/packages/aws-clients
deploy-test	Run node scripts/esgiot-cdk.mjs diff AppDependencies	2026-10-06T04:34:53.4255422Z > tsc -p tsconfig.build.json
deploy-test	Run node scripts/esgiot-cdk.mjs diff AppDependencies	2026-10-06T04:34:53.4255844Z 
deploy-test	Run node scripts/esgiot-cdk.mjs diff AppDependencies	2026-10-06T04:34:53.4256342Z ##[endgroup]
deploy-test	Run node scripts/esgiot-cdk.mjs diff AppDependencies	2026-10-06T04:34:53.4257049Z ##[group]@fdp/infra:build
deploy-test	Run node scripts/esgiot-cdk.mjs diff AppDependencies	2026-10-06T04:34:53.4257734Z cache hit, replaying logs ae15db771adc85e4
deploy-test	Run node scripts/esgiot-cdk.mjs diff AppDependencies	2026-10-06T04:34:53.4258122Z 
deploy-test	Run node scripts/esgiot-cdk.mjs diff AppDependencies	2026-10-06T04:34:53.4258849Z > @fdp/infra@0.0.0 build /home/runner/work/food-digester-platform/food-digester-platform/infra
deploy-test	Run node scripts/esgiot-cdk.mjs diff AppDependencies	2026-10-06T04:34:53.4260094Z > tsc -p tsconfig.build.json
deploy-test	Run node scripts/esgiot-cdk.mjs diff AppDependencies	2026-10-06T04:34:53.4260520Z 
deploy-test	Run node scripts/esgiot-cdk.mjs diff AppDependencies	2026-10-06T04:34:53.4260975Z ##[endgroup]
deploy-test	Run node scripts/esgiot-cdk.mjs diff AppDependencies	2026-10-06T04:34:53.4262112Z ##[group]@fdp/observability:build
deploy-test	Run node scripts/esgiot-cdk.mjs diff AppDependencies	2026-10-06T04:34:53.4262768Z cache hit, replaying logs b22046eabd7182a9
deploy-test	Run node scripts/esgiot-cdk.mjs diff AppDependencies	2026-10-06T04:34:53.4263182Z 
deploy-test	Run node scripts/esgiot-cdk.mjs diff AppDependencies	2026-10-06T04:34:53.4264126Z > @fdp/observability@0.0.0 build /home/runner/work/food-digester-platform/food-digester-platform/packages/observability
deploy-test	Run node scripts/esgiot-cdk.mjs diff AppDependencies	2026-10-06T04:34:53.4265052Z > tsc -p tsconfig.build.json
deploy-test	Run node scripts/esgiot-cdk.mjs diff AppDependencies	2026-10-06T04:34:53.4265409Z 
deploy-test	Run node scripts/esgiot-cdk.mjs diff AppDependencies	2026-10-06T04:34:53.4265842Z ##[endgroup]
deploy-test	Run node scripts/esgiot-cdk.mjs diff AppDependencies	2026-10-06T04:34:53.4266511Z ##[group]@fdp/domain:build
deploy-test	Run node scripts/esgiot-cdk.mjs diff AppDependencies	2026-10-06T04:34:53.4283706Z cache hit, replaying logs 47ef0249a0b99843
deploy-test	Run node scripts/esgiot-cdk.mjs diff AppDependencies	2026-10-06T04:34:53.4285853Z 
deploy-test	Run node scripts/esgiot-cdk.mjs diff AppDependencies	2026-10-06T04:34:53.4286582Z > @fdp/domain@0.0.0 build /home/runner/work/food-digester-platform/food-digester-platform/packages/domain
deploy-test	Run node scripts/esgiot-cdk.mjs diff AppDependencies	2026-10-06T04:34:53.4287394Z > tsc -p tsconfig.build.json
deploy-test	Run node scripts/esgiot-cdk.mjs diff AppDependencies	2026-10-06T04:34:53.4287945Z 
deploy-test	Run node scripts/esgiot-cdk.mjs diff AppDependencies	2026-10-06T04:34:53.4288394Z ##[endgroup]
deploy-test	Run node scripts/esgiot-cdk.mjs diff AppDependencies	2026-10-06T04:34:53.4288960Z ##[group]@fdp/database:build
deploy-test	Run node scripts/esgiot-cdk.mjs diff AppDependencies	2026-10-06T04:34:53.4289682Z cache hit, replaying logs d2e9504f281a7867
deploy-test	Run node scripts/esgiot-cdk.mjs diff AppDependencies	2026-10-06T04:34:53.4290060Z 
deploy-test	Run node scripts/esgiot-cdk.mjs diff AppDependencies	2026-10-06T04:34:53.4290801Z > @fdp/database@0.0.0 build /home/runner/work/food-digester-platform/food-digester-platform/packages/database
deploy-test	Run node scripts/esgiot-cdk.mjs diff AppDependencies	2026-10-06T04:34:53.4291679Z > tsc -p tsconfig.build.json
deploy-test	Run node scripts/esgiot-cdk.mjs diff AppDependencies	2026-10-06T04:34:53.4292037Z 
deploy-test	Run node scripts/esgiot-cdk.mjs diff AppDependencies	2026-10-06T04:34:53.4292762Z ##[endgroup]
deploy-test	Run node scripts/esgiot-cdk.mjs diff AppDependencies	2026-10-06T04:34:53.4293340Z ##[group]@fdp/summary-worker:build
deploy-test	Run node scripts/esgiot-cdk.mjs diff AppDependencies	2026-10-06T04:34:53.4293879Z cache hit, replaying logs 77d113d7dc4b62c3
deploy-test	Run node scripts/esgiot-cdk.mjs diff AppDependencies	2026-10-06T04:34:53.4294255Z 
deploy-test	Run node scripts/esgiot-cdk.mjs diff AppDependencies	2026-10-06T04:34:53.4294999Z > @fdp/summary-worker@0.0.0 build /home/runner/work/food-digester-platform/food-digester-platform/apps/summary-worker
deploy-test	Run node scripts/esgiot-cdk.mjs diff AppDependencies	2026-10-06T04:34:53.4295844Z > tsc -p tsconfig.build.json
deploy-test	Run node scripts/esgiot-cdk.mjs diff AppDependencies	2026-10-06T04:34:53.4296179Z 
deploy-test	Run node scripts/esgiot-cdk.mjs diff AppDependencies	2026-10-06T04:34:53.4296613Z ##[endgroup]
deploy-test	Run node scripts/esgiot-cdk.mjs diff AppDependencies	2026-10-06T04:34:53.4297188Z ##[group]@fdp/archive-worker:build
deploy-test	Run node scripts/esgiot-cdk.mjs diff AppDependencies	2026-10-06T04:34:53.4297767Z cache hit, replaying logs a0e6c0cec6c3151d
deploy-test	Run node scripts/esgiot-cdk.mjs diff AppDependencies	2026-10-06T04:34:53.4298147Z 
deploy-test	Run node scripts/esgiot-cdk.mjs diff AppDependencies	2026-10-06T04:34:53.4298874Z > @fdp/archive-worker@0.0.0 build /home/runner/work/food-digester-platform/food-digester-platform/apps/archive-worker
deploy-test	Run node scripts/esgiot-cdk.mjs diff AppDependencies	2026-10-06T04:34:53.4299962Z > tsc -p tsconfig.build.json
deploy-test	Run node scripts/esgiot-cdk.mjs diff AppDependencies	2026-10-06T04:34:53.4300307Z 
deploy-test	Run node scripts/esgiot-cdk.mjs diff AppDependencies	2026-10-06T04:34:53.4300702Z ##[endgroup]
deploy-test	Run node scripts/esgiot-cdk.mjs diff AppDependencies	2026-10-06T04:34:53.4301166Z ##[group]@fdp/auth:build
deploy-test	Run node scripts/esgiot-cdk.mjs diff AppDependencies	2026-10-06T04:34:53.4301625Z cache hit, replaying logs 161d25a0bb288877
deploy-test	Run node scripts/esgiot-cdk.mjs diff AppDependencies	2026-10-06T04:34:53.4301952Z 
deploy-test	Run node scripts/esgiot-cdk.mjs diff AppDependencies	2026-10-06T04:34:53.4302605Z > @fdp/auth@0.0.0 build /home/runner/work/food-digester-platform/food-digester-platform/packages/auth
deploy-test	Run node scripts/esgiot-cdk.mjs diff AppDependencies	2026-10-06T04:34:53.4303392Z > tsc -p tsconfig.build.json
deploy-test	Run node scripts/esgiot-cdk.mjs diff AppDependencies	2026-10-06T04:34:53.4303639Z 
deploy-test	Run node scripts/esgiot-cdk.mjs diff AppDependencies	2026-10-06T04:34:53.4303994Z ##[endgroup]
deploy-test	Run node scripts/esgiot-cdk.mjs diff AppDependencies	2026-10-06T04:34:53.4304576Z ##[group]@fdp/media:build
deploy-test	Run node scripts/esgiot-cdk.mjs diff AppDependencies	2026-10-06T04:34:53.4305089Z cache hit, replaying logs 8b966babc723bb0c
deploy-test	Run node scripts/esgiot-cdk.mjs diff AppDependencies	2026-10-06T04:34:53.4305421Z 
deploy-test	Run node scripts/esgiot-cdk.mjs diff AppDependencies	2026-10-06T04:34:53.4305915Z > @fdp/media@0.0.0 build /home/runner/work/food-digester-platform/food-digester-platform/packages/media
deploy-test	Run node scripts/esgiot-cdk.mjs diff AppDependencies	2026-10-06T04:34:53.4306754Z > tsc -p tsconfig.build.json
deploy-test	Run node scripts/esgiot-cdk.mjs diff AppDependencies	2026-10-06T04:34:53.4307100Z 
deploy-test	Run node scripts/esgiot-cdk.mjs diff AppDependencies	2026-10-06T04:34:53.4307396Z ##[endgroup]
deploy-test	Run node scripts/esgiot-cdk.mjs diff AppDependencies	2026-10-06T04:34:53.4307866Z ##[group]@fdp/ingestion-worker:build
deploy-test	Run node scripts/esgiot-cdk.mjs diff AppDependencies	2026-10-06T04:34:53.4308479Z cache hit, replaying logs 936ac9a6e582a305
deploy-test	Run node scripts/esgiot-cdk.mjs diff AppDependencies	2026-10-06T04:34:53.4308861Z 
deploy-test	Run node scripts/esgiot-cdk.mjs diff AppDependencies	2026-10-06T04:34:53.4309600Z > @fdp/ingestion-worker@0.0.0 build /home/runner/work/food-digester-platform/food-digester-platform/apps/ingestion-worker
deploy-test	Run node scripts/esgiot-cdk.mjs diff AppDependencies	2026-10-06T04:34:53.4310531Z > tsc -p tsconfig.build.json
deploy-test	Run node scripts/esgiot-cdk.mjs diff AppDependencies	2026-10-06T04:34:53.4310932Z 
deploy-test	Run node scripts/esgiot-cdk.mjs diff AppDependencies	2026-10-06T04:34:53.4311266Z ##[endgroup]
deploy-test	Run node scripts/esgiot-cdk.mjs diff AppDependencies	2026-10-06T04:34:53.4319971Z ##[group]@fdp/cloud-api:build
deploy-test	Run node scripts/esgiot-cdk.mjs diff AppDependencies	2026-10-06T04:34:53.4320780Z cache hit, replaying logs f68e31080bcf62ee
deploy-test	Run node scripts/esgiot-cdk.mjs diff AppDependencies	2026-10-06T04:34:53.4321257Z 
deploy-test	Run node scripts/esgiot-cdk.mjs diff AppDependencies	2026-10-06T04:34:53.4321834Z > @fdp/cloud-api@0.0.0 build /home/runner/work/food-digester-platform/food-digester-platform/apps/cloud-api
deploy-test	Run node scripts/esgiot-cdk.mjs diff AppDependencies	2026-10-06T04:34:53.4322545Z > tsc -p tsconfig.build.json
deploy-test	Run node scripts/esgiot-cdk.mjs diff AppDependencies	2026-10-06T04:34:53.4322987Z 
deploy-test	Run node scripts/esgiot-cdk.mjs diff AppDependencies	2026-10-06T04:34:53.4323458Z ##[endgroup]
deploy-test	Run node scripts/esgiot-cdk.mjs diff AppDependencies	2026-10-06T04:34:53.5235795Z ##[group]@fdp/admin-web:build
deploy-test	Run node scripts/esgiot-cdk.mjs diff AppDependencies	2026-10-06T04:34:53.5236526Z cache hit, replaying logs e6f245876b04286c
deploy-test	Run node scripts/esgiot-cdk.mjs diff AppDependencies	2026-10-06T04:34:53.5236989Z 
deploy-test	Run node scripts/esgiot-cdk.mjs diff AppDependencies	2026-10-06T04:34:53.5237740Z > @fdp/admin-web@0.0.0 build /home/runner/work/food-digester-platform/food-digester-platform/apps/admin-web
deploy-test	Run node scripts/esgiot-cdk.mjs diff AppDependencies	2026-10-06T04:34:53.5238943Z > tsc -p tsconfig.build.json && vite build
deploy-test	Run node scripts/esgiot-cdk.mjs diff AppDependencies	2026-10-06T04:34:53.5239482Z 
deploy-test	Run node scripts/esgiot-cdk.mjs diff AppDependencies	2026-10-06T04:34:53.5240312Z ^[[36mvite v8.2.2 ^[[32mbuilding client environment for production...^[[36m^[[39m
deploy-test	Run node scripts/esgiot-cdk.mjs diff AppDependencies	2026-10-06T04:34:53.5241030Z transforming...
deploy-test	Run node scripts/esgiot-cdk.mjs diff AppDependencies	2026-10-06T04:34:53.5241535Z ✓ 1609 modules transformed.
deploy-test	Run node scripts/esgiot-cdk.mjs diff AppDependencies	2026-10-06T04:34:53.5242111Z rendering chunks...
deploy-test	Run node scripts/esgiot-cdk.mjs diff AppDependencies	2026-10-06T04:34:53.5242588Z computing gzip size...
deploy-test	Run node scripts/esgiot-cdk.mjs diff AppDependencies	2026-10-06T04:34:53.5243317Z dist/web/index.html                     0.46 kB │ gzip:   0.32 kB
deploy-test	Run node scripts/esgiot-cdk.mjs diff AppDependencies	2026-10-06T04:34:53.5244188Z dist/web/assets/index-CecZB0A0.css     19.08 kB │ gzip:   5.07 kB
deploy-test	Run node scripts/esgiot-cdk.mjs diff AppDependencies	2026-10-06T04:34:53.5245102Z dist/web/assets/index-D1EpTElP.js   1,357.74 kB │ gzip: 417.92 kB
deploy-test	Run node scripts/esgiot-cdk.mjs diff AppDependencies	2026-10-06T04:34:53.5245584Z 
deploy-test	Run node scripts/esgiot-cdk.mjs diff AppDependencies	2026-10-06T04:34:53.5245910Z ^[[32m✓ built in 462ms^[[39m
deploy-test	Run node scripts/esgiot-cdk.mjs diff AppDependencies	2026-10-06T04:34:53.5246470Z ^[[33m[plugin builtin:vite-reporter] 
deploy-test	Run node scripts/esgiot-cdk.mjs diff AppDependencies	2026-10-06T04:34:53.5247189Z (!) Some chunks are larger than 500 kB after minification. Consider:
deploy-test	Run node scripts/esgiot-cdk.mjs diff AppDependencies	2026-10-06T04:34:53.5247895Z - Using dynamic import() to code-split the application
deploy-test	Run node scripts/esgiot-cdk.mjs diff AppDependencies	2026-10-06T04:34:53.5249914Z - Use build.rolldownOptions.output.codeSplitting to improve chunking: https://rolldown.rs/reference/OutputOptions.codeSplitting
deploy-test	Run node scripts/esgiot-cdk.mjs diff AppDependencies	2026-10-06T04:34:53.5252777Z - Adjust chunk size limit for this warning via build.chunkSizeWarningLimit.^[[39m
deploy-test	Run node scripts/esgiot-cdk.mjs diff AppDependencies	2026-10-06T04:34:53.5254461Z ##[endgroup]
deploy-test	Run node scripts/esgiot-cdk.mjs diff AppDependencies	2026-10-06T04:34:53.5255029Z 
deploy-test	Run node scripts/esgiot-cdk.mjs diff AppDependencies	2026-10-06T04:34:53.5255578Z  Tasks:    14 successful, 14 total
deploy-test	Run node scripts/esgiot-cdk.mjs diff AppDependencies	2026-10-06T04:34:53.5256272Z Cached:    14 cached, 14 total
deploy-test	Run node scripts/esgiot-cdk.mjs diff AppDependencies	2026-10-06T04:34:53.5257213Z   Time:    133ms >>> FULL TURBO
deploy-test	Run node scripts/esgiot-cdk.mjs diff AppDependencies	2026-10-06T04:34:53.5257889Z 
deploy-test	Run node scripts/esgiot-cdk.mjs diff AppDependencies	2026-10-06T04:34:56.7595028Z Bundling asset AppDependencies/IngestionFn/Code/Stage...
deploy-test	Run node scripts/esgiot-cdk.mjs diff AppDependencies	2026-10-06T04:34:57.2455789Z Bundling asset AppDependencies/ArchiveFn/Code/Stage...
deploy-test	Run node scripts/esgiot-cdk.mjs diff AppDependencies	2026-10-06T04:34:57.5230933Z Bundling asset AppDependencies/OutboxPublisherFn/Code/Stage...
deploy-test	Run node scripts/esgiot-cdk.mjs diff AppDependencies	2026-10-06T04:34:57.9952353Z Bundling asset AppDependencies/NotificationPublisherFn/Code/Stage...
deploy-test	Run node scripts/esgiot-cdk.mjs diff AppDependencies	2026-10-06T04:34:58.4602249Z Bundling asset AppDependencies/SummaryFn/Code/Stage...
deploy-test	Run node scripts/esgiot-cdk.mjs diff AppDependencies	2026-10-06T04:34:58.9133331Z Bundling asset AppDependencies/ReplayTriggerPublisherFn/Code/Stage...
deploy-test	Run node scripts/esgiot-cdk.mjs diff AppDependencies	2026-10-06T04:34:59.3803548Z Bundling asset AppDependencies/ReplayFn/Code/Stage...
deploy-test	Run node scripts/esgiot-cdk.mjs diff AppDependencies	2026-10-06T04:34:59.8397946Z Bundling asset AppDependencies/CertPackageSweeperFn/Code/Stage...
deploy-test	Run node scripts/esgiot-cdk.mjs diff AppDependencies	2026-10-06T04:35:00.2948294Z Bundling asset AppDependencies/OnboardingDeadlineFn/Code/Stage...
deploy-test	Run node scripts/esgiot-cdk.mjs diff AppDependencies	2026-10-06T04:35:00.7831427Z Bundling asset AppDependencies/RetirementTimeoutFn/Code/Stage...
deploy-test	Run node scripts/esgiot-cdk.mjs diff AppDependencies	2026-10-06T04:35:01.2383253Z Bundling asset AppDependencies/ActivityExportFn/Code/Stage...
deploy-test	Run node scripts/esgiot-cdk.mjs diff AppDependencies	2026-10-06T04:35:01.6890711Z Bundling asset AppDependencies/EsgExportFn/Code/Stage...
deploy-test	Run node scripts/esgiot-cdk.mjs diff AppDependencies	2026-10-06T04:35:02.1401944Z Bundling asset AppDependencies/CommandPublisherFn/Code/Stage...
deploy-test	Run node scripts/esgiot-cdk.mjs diff AppDependencies	2026-10-06T04:35:02.6009912Z Bundling asset AppDependencies/CommandTimeoutFn/Code/Stage...
deploy-test	Run node scripts/esgiot-cdk.mjs diff AppDependencies	2026-10-06T04:35:03.0544726Z Bundling asset AppDependencies/OtaDispatcherFn/Code/Stage...
deploy-test	Run node scripts/esgiot-cdk.mjs diff AppDependencies	2026-10-06T04:35:03.5151130Z Bundling asset AppDependencies/OnboardingApiFn/Code/Stage...
deploy-test	Run node scripts/esgiot-cdk.mjs diff AppDependencies	2026-10-06T04:35:03.9821872Z Bundling asset AppDependencies/OnboardingProvisioningFn/Code/Stage...
deploy-test	Run node scripts/esgiot-cdk.mjs diff AppDependencies	2026-10-06T04:35:04.4517226Z Bundling asset AppDependencies/DeviceApiFn/Code/Stage...
deploy-test	Run node scripts/esgiot-cdk.mjs diff AppDependencies	2026-10-06T04:35:04.9323109Z Bundling asset AppDependencies/ApiFn/Code/Stage...
deploy-test	Run node scripts/esgiot-cdk.mjs diff AppDependencies	2026-10-06T04:35:11.6229910Z Stack AppDependencies (fdp-test-app) (aws://065986019555/ap-southeast-1)
deploy-test	Run node scripts/esgiot-cdk.mjs diff AppDependencies	2026-10-06T04:35:11.6230493Z Resources
deploy-test	Run node scripts/esgiot-cdk.mjs diff AppDependencies	2026-10-06T04:35:11.6230957Z [~] AWS::Lambda::Function IngestionFn IngestionFn233E043F
deploy-test	Run node scripts/esgiot-cdk.mjs diff AppDependencies	2026-10-06T04:35:11.6231657Z  ├─ [~] Code
deploy-test	Run node scripts/esgiot-cdk.mjs diff AppDependencies	2026-10-06T04:35:11.6231961Z  │   └─ [~] .S3Key:
deploy-test	Run node scripts/esgiot-cdk.mjs diff AppDependencies	2026-10-06T04:35:11.6232593Z  │       ├─ [-] 4ca817d7ac9145fa3f57f73e511e1dcd55f2067f5d25ce1485b157410c9d6635.zip
deploy-test	Run node scripts/esgiot-cdk.mjs diff AppDependencies	2026-10-06T04:35:11.6233305Z  │       └─ [+] cc4040ef3f04a11bc6e608f62e187799e784d6191535cb2213747c7ee44023ef.zip
deploy-test	Run node scripts/esgiot-cdk.mjs diff AppDependencies	2026-10-06T04:35:11.6233836Z  └─ [~] Metadata
deploy-test	Run node scripts/esgiot-cdk.mjs diff AppDependencies	2026-10-06T04:35:11.6234158Z      └─ [~] .aws:asset:path:
deploy-test	Run node scripts/esgiot-cdk.mjs diff AppDependencies	2026-10-06T04:35:11.6234737Z          ├─ [-] asset.4ca817d7ac9145fa3f57f73e511e1dcd55f2067f5d25ce1485b157410c9d6635
deploy-test	Run node scripts/esgiot-cdk.mjs diff AppDependencies	2026-10-06T04:35:11.6235906Z          └─ [+] asset.cc4040ef3f04a11bc6e608f62e187799e784d6191535cb2213747c7ee44023ef
deploy-test	Run node scripts/esgiot-cdk.mjs diff AppDependencies	2026-10-06T04:35:11.6236535Z [~] AWS::Lambda::Function ArchiveFn ArchiveFn5585D223
deploy-test	Run node scripts/esgiot-cdk.mjs diff AppDependencies	2026-10-06T04:35:11.6236862Z  ├─ [~] Code
deploy-test	Run node scripts/esgiot-cdk.mjs diff AppDependencies	2026-10-06T04:35:11.6237068Z  │   └─ [~] .S3Key:
deploy-test	Run node scripts/esgiot-cdk.mjs diff AppDependencies	2026-10-06T04:35:11.6237462Z  │       ├─ [-] 5b2b8a06d9894df80e644cb91e20797d19016ac2e0bda72b9c243cc165f61086.zip
deploy-test	Run node scripts/esgiot-cdk.mjs diff AppDependencies	2026-10-06T04:35:11.6237988Z  │       └─ [+] 34b045334a21b488d162b95553e5505e0fd651b803970075523d047ac74866fe.zip
deploy-test	Run node scripts/esgiot-cdk.mjs diff AppDependencies	2026-10-06T04:35:11.6238337Z  └─ [~] Metadata
deploy-test	Run node scripts/esgiot-cdk.mjs diff AppDependencies	2026-10-06T04:35:11.6238557Z      └─ [~] .aws:asset:path:
deploy-test	Run node scripts/esgiot-cdk.mjs diff AppDependencies	2026-10-06T04:35:11.6238978Z          ├─ [-] asset.5b2b8a06d9894df80e644cb91e20797d19016ac2e0bda72b9c243cc165f61086
deploy-test	Run node scripts/esgiot-cdk.mjs diff AppDependencies	2026-10-06T04:35:11.6239856Z          └─ [+] asset.34b045334a21b488d162b95553e5505e0fd651b803970075523d047ac74866fe
deploy-test	Run node scripts/esgiot-cdk.mjs diff AppDependencies	2026-10-06T04:35:11.6240431Z [~] AWS::Lambda::Function OutboxPublisherFn OutboxPublisherFn5402D4AC
deploy-test	Run node scripts/esgiot-cdk.mjs diff AppDependencies	2026-10-06T04:35:11.6240780Z  ├─ [~] Code
deploy-test	Run node scripts/esgiot-cdk.mjs diff AppDependencies	2026-10-06T04:35:11.6240975Z  │   └─ [~] .S3Key:
deploy-test	Run node scripts/esgiot-cdk.mjs diff AppDependencies	2026-10-06T04:35:11.6241359Z  │       ├─ [-] 6b77a883c7f830a45d3cea5bbea24c1871dd7bca09822f8735ac3a3179d2bddd.zip
deploy-test	Run node scripts/esgiot-cdk.mjs diff AppDependencies	2026-10-06T04:35:11.6241891Z  │       └─ [+] 859ee988842e8bebec222fad587038f16e3e4106f9cdef1995b6589c69e78d6e.zip
deploy-test	Run node scripts/esgiot-cdk.mjs diff AppDependencies	2026-10-06T04:35:11.6242444Z  └─ [~] Metadata
deploy-test	Run node scripts/esgiot-cdk.mjs diff AppDependencies	2026-10-06T04:35:11.6242663Z      └─ [~] .aws:asset:path:
deploy-test	Run node scripts/esgiot-cdk.mjs diff AppDependencies	2026-10-06T04:35:11.6243078Z          ├─ [-] asset.6b77a883c7f830a45d3cea5bbea24c1871dd7bca09822f8735ac3a3179d2bddd
deploy-test	Run node scripts/esgiot-cdk.mjs diff AppDependencies	2026-10-06T04:35:11.6243615Z          └─ [+] asset.859ee988842e8bebec222fad587038f16e3e4106f9cdef1995b6589c69e78d6e
deploy-test	Run node scripts/esgiot-cdk.mjs diff AppDependencies	2026-10-06T04:35:11.6244139Z [~] AWS::Lambda::Function NotificationPublisherFn NotificationPublisherFn73516682
deploy-test	Run node scripts/esgiot-cdk.mjs diff AppDependencies	2026-10-06T04:35:11.6244497Z  ├─ [~] Code
deploy-test	Run node scripts/esgiot-cdk.mjs diff AppDependencies	2026-10-06T04:35:11.6244690Z  │   └─ [~] .S3Key:
deploy-test	Run node scripts/esgiot-cdk.mjs diff AppDependencies	2026-10-06T04:35:11.6245074Z  │       ├─ [-] 3e2a006e6ccad0bb7709f3cab5b91e9ec73fe1efec60bf1f44fadc47507d7b12.zip
deploy-test	Run node scripts/esgiot-cdk.mjs diff AppDependencies	2026-10-06T04:35:11.6245615Z  │       └─ [+] 50da36d21e416384a84d954853ac9826dc47a9e494047d8a654ba06fd2ef5e53.zip
deploy-test	Run node scripts/esgiot-cdk.mjs diff AppDependencies	2026-10-06T04:35:11.6245985Z  └─ [~] Metadata
deploy-test	Run node scripts/esgiot-cdk.mjs diff AppDependencies	2026-10-06T04:35:11.6246200Z      └─ [~] .aws:asset:path:
deploy-test	Run node scripts/esgiot-cdk.mjs diff AppDependencies	2026-10-06T04:35:11.6246632Z          ├─ [-] asset.3e2a006e6ccad0bb7709f3cab5b91e9ec73fe1efec60bf1f44fadc47507d7b12
deploy-test	Run node scripts/esgiot-cdk.mjs diff AppDependencies	2026-10-06T04:35:11.6247192Z          └─ [+] asset.50da36d21e416384a84d954853ac9826dc47a9e494047d8a654ba06fd2ef5e53
deploy-test	Run node scripts/esgiot-cdk.mjs diff AppDependencies	2026-10-06T04:35:11.6247611Z [~] AWS::Lambda::Function SummaryFn SummaryFnDB90B184
deploy-test	Run node scripts/esgiot-cdk.mjs diff AppDependencies	2026-10-06T04:35:11.6247891Z  ├─ [~] Code
deploy-test	Run node scripts/esgiot-cdk.mjs diff AppDependencies	2026-10-06T04:35:11.6248085Z  │   └─ [~] .S3Key:
deploy-test	Run node scripts/esgiot-cdk.mjs diff AppDependencies	2026-10-06T04:35:11.6248459Z  │       ├─ [-] 7e4f9b5426057923477901531ab61fbd6fcc2f3945adfb135a412aee0c0bc6fa.zip
deploy-test	Run node scripts/esgiot-cdk.mjs diff AppDependencies	2026-10-06T04:35:11.6248994Z  │       └─ [+] 8679bba6d2afaacee778b91a6b32521732d6660381da3837b203525b19afc8e6.zip
deploy-test	Run node scripts/esgiot-cdk.mjs diff AppDependencies	2026-10-06T04:35:11.6249496Z  └─ [~] Metadata
deploy-test	Run node scripts/esgiot-cdk.mjs diff AppDependencies	2026-10-06T04:35:11.6249712Z      └─ [~] .aws:asset:path:
deploy-test	Run node scripts/esgiot-cdk.mjs diff AppDependencies	2026-10-06T04:35:11.6250125Z          ├─ [-] asset.7e4f9b5426057923477901531ab61fbd6fcc2f3945adfb135a412aee0c0bc6fa
deploy-test	Run node scripts/esgiot-cdk.mjs diff AppDependencies	2026-10-06T04:35:11.6250665Z          └─ [+] asset.8679bba6d2afaacee778b91a6b32521732d6660381da3837b203525b19afc8e6
deploy-test	Run node scripts/esgiot-cdk.mjs diff AppDependencies	2026-10-06T04:35:11.6251202Z [~] AWS::Lambda::Function ReplayTriggerPublisherFn ReplayTriggerPublisherFnDB45C8BB
deploy-test	Run node scripts/esgiot-cdk.mjs diff AppDependencies	2026-10-06T04:35:11.6251572Z  ├─ [~] Code
deploy-test	Run node scripts/esgiot-cdk.mjs diff AppDependencies	2026-10-06T04:35:11.6251763Z  │   └─ [~] .S3Key:
deploy-test	Run node scripts/esgiot-cdk.mjs diff AppDependencies	2026-10-06T04:35:11.6252144Z  │       ├─ [-] e1a3821e6749567d36369e9523cd635f23c1c035ea0820efd8ecdf54c429015a.zip
deploy-test	Run node scripts/esgiot-cdk.mjs diff AppDependencies	2026-10-06T04:35:11.6252670Z  │       └─ [+] e5a4f9692784f9bf402d81884dbd785adfa237bc7dd328b0eca783a373051f9d.zip
deploy-test	Run node scripts/esgiot-cdk.mjs diff AppDependencies	2026-10-06T04:35:11.6253016Z  └─ [~] Metadata
deploy-test	Run node scripts/esgiot-cdk.mjs diff AppDependencies	2026-10-06T04:35:11.6253228Z      └─ [~] .aws:asset:path:
deploy-test	Run node scripts/esgiot-cdk.mjs diff AppDependencies	2026-10-06T04:35:11.6253633Z          ├─ [-] asset.e1a3821e6749567d36369e9523cd635f23c1c035ea0820efd8ecdf54c429015a
deploy-test	Run node scripts/esgiot-cdk.mjs diff AppDependencies	2026-10-06T04:35:11.6254172Z          └─ [+] asset.e5a4f9692784f9bf402d81884dbd785adfa237bc7dd328b0eca783a373051f9d
deploy-test	Run node scripts/esgiot-cdk.mjs diff AppDependencies	2026-10-06T04:35:11.6254588Z [~] AWS::Lambda::Function ReplayFn ReplayFn6908A346
deploy-test	Run node scripts/esgiot-cdk.mjs diff AppDependencies	2026-10-06T04:35:11.6254868Z  ├─ [~] Code
deploy-test	Run node scripts/esgiot-cdk.mjs diff AppDependencies	2026-10-06T04:35:11.6255061Z  │   └─ [~] .S3Key:
deploy-test	Run node scripts/esgiot-cdk.mjs diff AppDependencies	2026-10-06T04:35:11.6255550Z  │       ├─ [-] b3838f473c5cef0100ef345709530d344630e464352cd60e97974e29fec77e28.zip
deploy-test	Run node scripts/esgiot-cdk.mjs diff AppDependencies	2026-10-06T04:35:11.6256067Z  │       └─ [+] ae41c293a3a305653ee1aab09250539b1f40002e8a7a9740dfc24198b1096c57.zip
deploy-test	Run node scripts/esgiot-cdk.mjs diff AppDependencies	2026-10-06T04:35:11.6256417Z  └─ [~] Metadata
deploy-test	Run node scripts/esgiot-cdk.mjs diff AppDependencies	2026-10-06T04:35:11.6256627Z      └─ [~] .aws:asset:path:
deploy-test	Run node scripts/esgiot-cdk.mjs diff AppDependencies	2026-10-06T04:35:11.6257028Z          ├─ [-] asset.b3838f473c5cef0100ef345709530d344630e464352cd60e97974e29fec77e28
deploy-test	Run node scripts/esgiot-cdk.mjs diff AppDependencies	2026-10-06T04:35:11.6257550Z          └─ [+] asset.ae41c293a3a305653ee1aab09250539b1f40002e8a7a9740dfc24198b1096c57
deploy-test	Run node scripts/esgiot-cdk.mjs diff AppDependencies	2026-10-06T04:35:11.6258052Z [~] AWS::Lambda::Function CertPackageSweeperFn CertPackageSweeperFnA3144633
deploy-test	Run node scripts/esgiot-cdk.mjs diff AppDependencies	2026-10-06T04:35:11.6258390Z  ├─ [~] Code
deploy-test	Run node scripts/esgiot-cdk.mjs diff AppDependencies	2026-10-06T04:35:11.6258580Z  │   └─ [~] .S3Key:
deploy-test	Run node scripts/esgiot-cdk.mjs diff AppDependencies	2026-10-06T04:35:11.6258959Z  │       ├─ [-] 1803f3fcd595f9d5bb1b5c2d88bfdbdeff07700884920585ce7a48ff42da6ca7.zip
deploy-test	Run node scripts/esgiot-cdk.mjs diff AppDependencies	2026-10-06T04:35:11.6259705Z  │       └─ [+] 5d6c435a865253898e784d684aa31f611f9435009bcbf77869cb88ce468b29b5.zip
deploy-test	Run node scripts/esgiot-cdk.mjs diff AppDependencies	2026-10-06T04:35:11.6260061Z  └─ [~] Metadata
deploy-test	Run node scripts/esgiot-cdk.mjs diff AppDependencies	2026-10-06T04:35:11.6260265Z      └─ [~] .aws:asset:path:
deploy-test	Run node scripts/esgiot-cdk.mjs diff AppDependencies	2026-10-06T04:35:11.6260679Z          ├─ [-] asset.1803f3fcd595f9d5bb1b5c2d88bfdbdeff07700884920585ce7a48ff42da6ca7
deploy-test	Run node scripts/esgiot-cdk.mjs diff AppDependencies	2026-10-06T04:35:11.6261217Z          └─ [+] asset.5d6c435a865253898e784d684aa31f611f9435009bcbf77869cb88ce468b29b5
deploy-test	Run node scripts/esgiot-cdk.mjs diff AppDependencies	2026-10-06T04:35:11.6261939Z [~] AWS::Lambda::Function OnboardingDeadlineFn OnboardingDeadlineFn980E8722
deploy-test	Run node scripts/esgiot-cdk.mjs diff AppDependencies	2026-10-06T04:35:11.6262292Z  ├─ [~] Code
deploy-test	Run node scripts/esgiot-cdk.mjs diff AppDependencies	2026-10-06T04:35:11.6262548Z  │   └─ [~] .S3Key:
deploy-test	Run node scripts/esgiot-cdk.mjs diff AppDependencies	2026-10-06T04:35:11.6263162Z  │       ├─ [-] 0cbc712bf612474d07aa8c152b0ad163ec8ad70273237068a6543f31e3b46830.zip
deploy-test	Run node scripts/esgiot-cdk.mjs diff AppDependencies	2026-10-06T04:35:11.6264079Z  │       └─ [+] 03f7c431ec2cea030c4a8d3b121d38462d59a33ae78544a5a288c3c7fc9b97d4.zip
deploy-test	Run node scripts/esgiot-cdk.mjs diff AppDependencies	2026-10-06T04:35:11.6264558Z  └─ [~] Metadata
deploy-test	Run node scripts/esgiot-cdk.mjs diff AppDependencies	2026-10-06T04:35:11.6264783Z      └─ [~] .aws:asset:path:
deploy-test	Run node scripts/esgiot-cdk.mjs diff AppDependencies	2026-10-06T04:35:11.6265204Z          ├─ [-] asset.0cbc712bf612474d07aa8c152b0ad163ec8ad70273237068a6543f31e3b46830
deploy-test	Run node scripts/esgiot-cdk.mjs diff AppDependencies	2026-10-06T04:35:11.6265755Z          └─ [+] asset.03f7c431ec2cea030c4a8d3b121d38462d59a33ae78544a5a288c3c7fc9b97d4
deploy-test	Run node scripts/esgiot-cdk.mjs diff AppDependencies	2026-10-06T04:35:11.6266293Z [~] AWS::Lambda::Function RetirementTimeoutFn RetirementTimeoutFn5FA89DC8
deploy-test	Run node scripts/esgiot-cdk.mjs diff AppDependencies	2026-10-06T04:35:11.6266630Z  ├─ [~] Code
deploy-test	Run node scripts/esgiot-cdk.mjs diff AppDependencies	2026-10-06T04:35:11.6266831Z  │   └─ [~] .S3Key:
deploy-test	Run node scripts/esgiot-cdk.mjs diff AppDependencies	2026-10-06T04:35:11.6267232Z  │       ├─ [-] 5a3db4464a94075defdc895fa1343c78e5d0ee0b2d63db6a5ac223da85165f3e.zip
deploy-test	Run node scripts/esgiot-cdk.mjs diff AppDependencies	2026-10-06T04:35:11.6267775Z  │       └─ [+] f4941896eee1e3f6395ca32e47f93cdaf2d11578e6b55aedadb59aef68485402.zip
deploy-test	Run node scripts/esgiot-cdk.mjs diff AppDependencies	2026-10-06T04:35:11.6268126Z  └─ [~] Metadata
deploy-test	Run node scripts/esgiot-cdk.mjs diff AppDependencies	2026-10-06T04:35:11.6268335Z      └─ [~] .aws:asset:path:
deploy-test	Run node scripts/esgiot-cdk.mjs diff AppDependencies	2026-10-06T04:35:11.6268757Z          ├─ [-] asset.5a3db4464a94075defdc895fa1343c78e5d0ee0b2d63db6a5ac223da85165f3e
deploy-test	Run node scripts/esgiot-cdk.mjs diff AppDependencies	2026-10-06T04:35:11.6269469Z          └─ [+] asset.f4941896eee1e3f6395ca32e47f93cdaf2d11578e6b55aedadb59aef68485402
deploy-test	Run node scripts/esgiot-cdk.mjs diff AppDependencies	2026-10-06T04:35:11.6269958Z [~] AWS::Lambda::Function ActivityExportFn ActivityExportFn2D54E851
deploy-test	Run node scripts/esgiot-cdk.mjs diff AppDependencies	2026-10-06T04:35:11.6270284Z  ├─ [~] Code
deploy-test	Run node scripts/esgiot-cdk.mjs diff AppDependencies	2026-10-06T04:35:11.6270475Z  │   └─ [~] .S3Key:
deploy-test	Run node scripts/esgiot-cdk.mjs diff AppDependencies	2026-10-06T04:35:11.6270869Z  │       ├─ [-] 8fd9ad0b9d2067c1efe8e4b53b30561cafb1f211d05581e969428fd4db7d885f.zip
deploy-test	Run node scripts/esgiot-cdk.mjs diff AppDependencies	2026-10-06T04:35:11.6271418Z  │       └─ [+] 0a9ebecf1d9b901ea6b73ca53a826abc2b88f1591897bddbf49e48fe2feb3a23.zip
deploy-test	Run node scripts/esgiot-cdk.mjs diff AppDependencies	2026-10-06T04:35:11.6271768Z  └─ [~] Metadata
deploy-test	Run node scripts/esgiot-cdk.mjs diff AppDependencies	2026-10-06T04:35:11.6271986Z      └─ [~] .aws:asset:path:
deploy-test	Run node scripts/esgiot-cdk.mjs diff AppDependencies	2026-10-06T04:35:11.6272401Z          ├─ [-] asset.8fd9ad0b9d2067c1efe8e4b53b30561cafb1f211d05581e969428fd4db7d885f
deploy-test	Run node scripts/esgiot-cdk.mjs diff AppDependencies	2026-10-06T04:35:11.6272945Z          └─ [+] asset.0a9ebecf1d9b901ea6b73ca53a826abc2b88f1591897bddbf49e48fe2feb3a23
deploy-test	Run node scripts/esgiot-cdk.mjs diff AppDependencies	2026-10-06T04:35:11.6273381Z [~] AWS::Lambda::Function EsgExportFn EsgExportFn4FB12684
deploy-test	Run node scripts/esgiot-cdk.mjs diff AppDependencies	2026-10-06T04:35:11.6273666Z  ├─ [~] Code
deploy-test	Run node scripts/esgiot-cdk.mjs diff AppDependencies	2026-10-06T04:35:11.6273855Z  │   └─ [~] .S3Key:
deploy-test	Run node scripts/esgiot-cdk.mjs diff AppDependencies	2026-10-06T04:35:11.6274228Z  │       ├─ [-] 5bbb9ff5bc6317349e379a0e2c0ae0dbb4088c88187a8e122f0178c6a273aa19.zip
deploy-test	Run node scripts/esgiot-cdk.mjs diff AppDependencies	2026-10-06T04:35:11.6274742Z  │       └─ [+] 3d175e8aa312e5b986581170fb583926a6f656e7a59d33e4815dc47269b7e135.zip
deploy-test	Run node scripts/esgiot-cdk.mjs diff AppDependencies	2026-10-06T04:35:11.6275074Z  └─ [~] Metadata
deploy-test	Run node scripts/esgiot-cdk.mjs diff AppDependencies	2026-10-06T04:35:11.6275290Z      └─ [~] .aws:asset:path:
deploy-test	Run node scripts/esgiot-cdk.mjs diff AppDependencies	2026-10-06T04:35:11.6275863Z          ├─ [-] asset.5bbb9ff5bc6317349e379a0e2c0ae0dbb4088c88187a8e122f0178c6a273aa19
deploy-test	Run node scripts/esgiot-cdk.mjs diff AppDependencies	2026-10-06T04:35:11.6276394Z          └─ [+] asset.3d175e8aa312e5b986581170fb583926a6f656e7a59d33e4815dc47269b7e135
deploy-test	Run node scripts/esgiot-cdk.mjs diff AppDependencies	2026-10-06T04:35:11.6276980Z [~] AWS::Lambda::Function CommandPublisherFn CommandPublisherFn2C3A62E3
deploy-test	Run node scripts/esgiot-cdk.mjs diff AppDependencies	2026-10-06T04:35:11.6277309Z  ├─ [~] Code
deploy-test	Run node scripts/esgiot-cdk.mjs diff AppDependencies	2026-10-06T04:35:11.6277492Z  │   └─ [~] .S3Key:
deploy-test	Run node scripts/esgiot-cdk.mjs diff AppDependencies	2026-10-06T04:35:11.6277869Z  │       ├─ [-] c69ac6c8c43cfa232b2dec25bef837772d66bb6cdc1832ac281d648a339039d8.zip
deploy-test	Run node scripts/esgiot-cdk.mjs diff AppDependencies	2026-10-06T04:35:11.6278395Z  │       └─ [+] ac689e281b375eb4d39ba9edde8874761aebf3b7dae6bb2ccfa200c210e288ee.zip
deploy-test	Run node scripts/esgiot-cdk.mjs diff AppDependencies	2026-10-06T04:35:11.6278743Z  └─ [~] Metadata
deploy-test	Run node scripts/esgiot-cdk.mjs diff AppDependencies	2026-10-06T04:35:11.6278949Z      └─ [~] .aws:asset:path:
deploy-test	Run node scripts/esgiot-cdk.mjs diff AppDependencies	2026-10-06T04:35:11.6279522Z          ├─ [-] asset.c69ac6c8c43cfa232b2dec25bef837772d66bb6cdc1832ac281d648a339039d8
deploy-test	Run node scripts/esgiot-cdk.mjs diff AppDependencies	2026-10-06T04:35:11.6280083Z          └─ [+] asset.ac689e281b375eb4d39ba9edde8874761aebf3b7dae6bb2ccfa200c210e288ee
deploy-test	Run node scripts/esgiot-cdk.mjs diff AppDependencies	2026-10-06T04:35:11.6280570Z [~] AWS::Lambda::Function CommandTimeoutFn CommandTimeoutFnDCC08544
deploy-test	Run node scripts/esgiot-cdk.mjs diff AppDependencies	2026-10-06T04:35:11.6280879Z  ├─ [~] Code
deploy-test	Run node scripts/esgiot-cdk.mjs diff AppDependencies	2026-10-06T04:35:11.6281067Z  │   └─ [~] .S3Key:
deploy-test	Run node scripts/esgiot-cdk.mjs diff AppDependencies	2026-10-06T04:35:11.6281433Z  │       ├─ [-] 178ae405beef5e8c437037fb1455298f1e608055c6802e3fc83580b13ecb6237.zip
deploy-test	Run node scripts/esgiot-cdk.mjs diff AppDependencies	2026-10-06T04:35:11.6281960Z  │       └─ [+] d22643b850de91014bf1400e8db6e2b335b6846a493f150a0d32f9ab8c7727a7.zip
deploy-test	Run node scripts/esgiot-cdk.mjs diff AppDependencies	2026-10-06T04:35:11.6282294Z  └─ [~] Metadata
deploy-test	Run node scripts/esgiot-cdk.mjs diff AppDependencies	2026-10-06T04:35:11.6282503Z      └─ [~] .aws:asset:path:
deploy-test	Run node scripts/esgiot-cdk.mjs diff AppDependencies	2026-10-06T04:35:11.6282908Z          ├─ [-] asset.178ae405beef5e8c437037fb1455298f1e608055c6802e3fc83580b13ecb6237
deploy-test	Run node scripts/esgiot-cdk.mjs diff AppDependencies	2026-10-06T04:35:11.6283426Z          └─ [+] asset.d22643b850de91014bf1400e8db6e2b335b6846a493f150a0d32f9ab8c7727a7
deploy-test	Run node scripts/esgiot-cdk.mjs diff AppDependencies	2026-10-06T04:35:11.6283880Z [~] AWS::Lambda::Function OtaDispatcherFn OtaDispatcherFn60AC5176
deploy-test	Run node scripts/esgiot-cdk.mjs diff AppDependencies	2026-10-06T04:35:11.6284181Z  ├─ [~] Code
deploy-test	Run node scripts/esgiot-cdk.mjs diff AppDependencies	2026-10-06T04:35:11.6284413Z  │   └─ [~] .S3Key:
deploy-test	Run node scripts/esgiot-cdk.mjs diff AppDependencies	2026-10-06T04:35:11.6285045Z  │       ├─ [-] 83b0508628787b661b2d14fe52d6da8ff4539aa11fa960fc1dba1c28f8d8109c.zip
deploy-test	Run node scripts/esgiot-cdk.mjs diff AppDependencies	2026-10-06T04:35:11.6285982Z  │       └─ [+] 6db45e544ca5ffebfbb48773b6d3bf685e230c080fff34c9dcd06d53cec61ad0.zip
deploy-test	Run node scripts/esgiot-cdk.mjs diff AppDependencies	2026-10-06T04:35:11.6286481Z  └─ [~] Metadata
deploy-test	Run node scripts/esgiot-cdk.mjs diff AppDependencies	2026-10-06T04:35:11.6286709Z      └─ [~] .aws:asset:path:
deploy-test	Run node scripts/esgiot-cdk.mjs diff AppDependencies	2026-10-06T04:35:11.6287144Z          ├─ [-] asset.83b0508628787b661b2d14fe52d6da8ff4539aa11fa960fc1dba1c28f8d8109c
deploy-test	Run node scripts/esgiot-cdk.mjs diff AppDependencies	2026-10-06T04:35:11.6287719Z          └─ [+] asset.6db45e544ca5ffebfbb48773b6d3bf685e230c080fff34c9dcd06d53cec61ad0
deploy-test	Run node scripts/esgiot-cdk.mjs diff AppDependencies	2026-10-06T04:35:11.6288199Z [~] AWS::Lambda::Function OnboardingApiFn OnboardingApiFn75D76C9A
deploy-test	Run node scripts/esgiot-cdk.mjs diff AppDependencies	2026-10-06T04:35:11.6288509Z  ├─ [~] Code
deploy-test	Run node scripts/esgiot-cdk.mjs diff AppDependencies	2026-10-06T04:35:11.6288701Z  │   └─ [~] .S3Key:
deploy-test	Run node scripts/esgiot-cdk.mjs diff AppDependencies	2026-10-06T04:35:11.6289074Z  │       ├─ [-] 385ca4bb2372589db84e92c37922cef76143369934b570063a33a35b0a33fcde.zip
deploy-test	Run node scripts/esgiot-cdk.mjs diff AppDependencies	2026-10-06T04:35:11.6289795Z  │       └─ [+] 935f34310c662635178aa979879bc1a7ab30cafe11188d8363fa1ede420fd0a9.zip
deploy-test	Run node scripts/esgiot-cdk.mjs diff AppDependencies	2026-10-06T04:35:11.6290138Z  └─ [~] Metadata
deploy-test	Run node scripts/esgiot-cdk.mjs diff AppDependencies	2026-10-06T04:35:11.6290349Z      └─ [~] .aws:asset:path:
deploy-test	Run node scripts/esgiot-cdk.mjs diff AppDependencies	2026-10-06T04:35:11.6290752Z          ├─ [-] asset.385ca4bb2372589db84e92c37922cef76143369934b570063a33a35b0a33fcde
deploy-test	Run node scripts/esgiot-cdk.mjs diff AppDependencies	2026-10-06T04:35:11.6291339Z          └─ [+] asset.935f34310c662635178aa979879bc1a7ab30cafe11188d8363fa1ede420fd0a9
deploy-test	Run node scripts/esgiot-cdk.mjs diff AppDependencies	2026-10-06T04:35:11.6292247Z [~] AWS::Lambda::Function OnboardingProvisioningFn OnboardingProvisioningFnE4A4C012
deploy-test	Run node scripts/esgiot-cdk.mjs diff AppDependencies	2026-10-06T04:35:11.6292908Z  ├─ [~] Code
deploy-test	Run node scripts/esgiot-cdk.mjs diff AppDependencies	2026-10-06T04:35:11.6293181Z  │   └─ [~] .S3Key:
deploy-test	Run node scripts/esgiot-cdk.mjs diff AppDependencies	2026-10-06T04:35:11.6293569Z  │       ├─ [-] a2c647417551033bb7a83747de947669627f4bcd267278c6024b7b0ffd8eee25.zip
deploy-test	Run node scripts/esgiot-cdk.mjs diff AppDependencies	2026-10-06T04:35:11.6294098Z  │       └─ [+] db153a99878a1bcc78191f02cf8ee336bf8fb86a0cd6f5aaa7656cf78e8a1f77.zip
deploy-test	Run node scripts/esgiot-cdk.mjs diff AppDependencies	2026-10-06T04:35:11.6294452Z  └─ [~] Metadata
deploy-test	Run node scripts/esgiot-cdk.mjs diff AppDependencies	2026-10-06T04:35:11.6294703Z      └─ [~] .aws:asset:path:
deploy-test	Run node scripts/esgiot-cdk.mjs diff AppDependencies	2026-10-06T04:35:11.6295105Z          ├─ [-] asset.a2c647417551033bb7a83747de947669627f4bcd267278c6024b7b0ffd8eee25
deploy-test	Run node scripts/esgiot-cdk.mjs diff AppDependencies	2026-10-06T04:35:11.6295645Z          └─ [+] asset.db153a99878a1bcc78191f02cf8ee336bf8fb86a0cd6f5aaa7656cf78e8a1f77
deploy-test	Run node scripts/esgiot-cdk.mjs diff AppDependencies	2026-10-06T04:35:11.6296323Z [~] AWS::Lambda::Function DeviceApiFn DeviceApiFn860282C7
deploy-test	Run node scripts/esgiot-cdk.mjs diff AppDependencies	2026-10-06T04:35:11.6297034Z  ├─ [~] Code
deploy-test	Run node scripts/esgiot-cdk.mjs diff AppDependencies	2026-10-06T04:35:11.6297343Z  │   └─ [~] .S3Key:
deploy-test	Run node scripts/esgiot-cdk.mjs diff AppDependencies	2026-10-06T04:35:11.6297771Z  │       ├─ [-] 87dab4136988716cba6db5a4c0e403ea962e195ef6c9c697653af46b5658238b.zip
deploy-test	Run node scripts/esgiot-cdk.mjs diff AppDependencies	2026-10-06T04:35:11.6298462Z  │       └─ [+] 232e038491d8ebf61d69163d164aeb6d98e7b20debc71b3eae8f77b864c84e6f.zip
deploy-test	Run node scripts/esgiot-cdk.mjs diff AppDependencies	2026-10-06T04:35:11.6298821Z  └─ [~] Metadata
deploy-test	Run node scripts/esgiot-cdk.mjs diff AppDependencies	2026-10-06T04:35:11.6299176Z      └─ [~] .aws:asset:path:
deploy-test	Run node scripts/esgiot-cdk.mjs diff AppDependencies	2026-10-06T04:35:11.6299904Z          ├─ [-] asset.87dab4136988716cba6db5a4c0e403ea962e195ef6c9c697653af46b5658238b
deploy-test	Run node scripts/esgiot-cdk.mjs diff AppDependencies	2026-10-06T04:35:11.6300468Z          └─ [+] asset.232e038491d8ebf61d69163d164aeb6d98e7b20debc71b3eae8f77b864c84e6f
deploy-test	Run node scripts/esgiot-cdk.mjs diff AppDependencies	2026-10-06T04:35:11.6300883Z [~] AWS::Lambda::Function ApiFn ApiFnE0725F78
deploy-test	Run node scripts/esgiot-cdk.mjs diff AppDependencies	2026-10-06T04:35:11.6301141Z  ├─ [~] Code
deploy-test	Run node scripts/esgiot-cdk.mjs diff AppDependencies	2026-10-06T04:35:11.6301332Z  │   └─ [~] .S3Key:
deploy-test	Run node scripts/esgiot-cdk.mjs diff AppDependencies	2026-10-06T04:35:11.6301712Z  │       ├─ [-] 412e14615570a210916cecaeb6fbf72762ea446a11ab66e2b0aac1f805d2326d.zip
deploy-test	Run node scripts/esgiot-cdk.mjs diff AppDependencies	2026-10-06T04:35:11.6302352Z  │       └─ [+] 176b3e16aeb397c28138a616c03a733262e8c0155574d13ba8e9ba60042becd6.zip
deploy-test	Run node scripts/esgiot-cdk.mjs diff AppDependencies	2026-10-06T04:35:11.6302726Z  └─ [~] Metadata
deploy-test	Run node scripts/esgiot-cdk.mjs diff AppDependencies	2026-10-06T04:35:11.6302931Z      └─ [~] .aws:asset:path:
deploy-test	Run node scripts/esgiot-cdk.mjs diff AppDependencies	2026-10-06T04:35:11.6303349Z          ├─ [-] asset.412e14615570a210916cecaeb6fbf72762ea446a11ab66e2b0aac1f805d2326d
deploy-test	Run node scripts/esgiot-cdk.mjs diff AppDependencies	2026-10-06T04:35:11.6303915Z          └─ [+] asset.176b3e16aeb397c28138a616c03a733262e8c0155574d13ba8e9ba60042becd6
deploy-test	Run node scripts/esgiot-cdk.mjs diff AppDependencies	2026-10-06T04:35:11.6304172Z 
deploy-test	Run node scripts/esgiot-cdk.mjs diff AppDependencies	2026-10-06T04:35:11.6304181Z 
deploy-test	Run node scripts/esgiot-cdk.mjs diff AppDependencies	2026-10-06T04:35:11.6304185Z 
deploy-test	Run node scripts/esgiot-cdk.mjs diff AppDependencies	2026-10-06T04:35:11.6304350Z ✨  Number of stacks with differences: 1
deploy-test	Run node scripts/esgiot-cdk.mjs diff AppDependencies	2026-10-06T04:35:11.6304507Z 
deploy-test	Run node scripts/esgiot-cdk.mjs deploy AppDependencies	﻿2026-10-06T04:35:11.8041273Z ##[group]Run node scripts/esgiot-cdk.mjs deploy AppDependencies
deploy-test	Run node scripts/esgiot-cdk.mjs deploy AppDependencies	2026-10-06T04:35:11.8041920Z ^[[36;1mnode scripts/esgiot-cdk.mjs deploy AppDependencies^[[0m
deploy-test	Run node scripts/esgiot-cdk.mjs deploy AppDependencies	2026-10-06T04:35:11.8106672Z shell: /usr/bin/bash -e {0}
deploy-test	Run node scripts/esgiot-cdk.mjs deploy AppDependencies	2026-10-06T04:35:11.8106915Z env:
deploy-test	Run node scripts/esgiot-cdk.mjs deploy AppDependencies	2026-10-06T04:35:11.8107320Z   FDP_DEVICE_API_CERTIFICATE_ARN: arn:aws:acm:ap-southeast-1:065986019555:certificate/db3daf4f-de27-4cb3-8813-5f1f068478e0
deploy-test	Run node scripts/esgiot-cdk.mjs deploy AppDependencies	2026-10-06T04:35:11.8107983Z   FDP_PUBLIC_API_CERTIFICATE_ARN: arn:aws:acm:ap-southeast-1:065986019555:certificate/2777e55f-df6e-4e7d-8ce8-22cd3cf2babb
deploy-test	Run node scripts/esgiot-cdk.mjs deploy AppDependencies	2026-10-06T04:35:11.8108490Z   FDP_TRUSTSTORE_BUCKET_NAME: fdp-test-mtls-truststore-065986019555
deploy-test	Run node scripts/esgiot-cdk.mjs deploy AppDependencies	2026-10-06T04:35:11.8108871Z   FDP_TRUSTSTORE_VERSION: FtN.3H5AydTqt6cgxf0wzeOcNQHFxCOx
deploy-test	Run node scripts/esgiot-cdk.mjs deploy AppDependencies	2026-10-06T04:35:11.8109165Z   FDP_QA09_ROLLOUT_PHASE: immediate
deploy-test	Run node scripts/esgiot-cdk.mjs deploy AppDependencies	2026-10-06T04:35:11.8109610Z   PNPM_HOME: /home/runner/setup-pnpm/node_modules/.bin
deploy-test	Run node scripts/esgiot-cdk.mjs deploy AppDependencies	2026-10-06T04:35:11.8109892Z   AWS_DEFAULT_REGION: ap-southeast-1
deploy-test	Run node scripts/esgiot-cdk.mjs deploy AppDependencies	2026-10-06T04:35:11.8110111Z   AWS_REGION: ap-southeast-1
deploy-test	Run node scripts/esgiot-cdk.mjs deploy AppDependencies	2026-10-06T04:35:11.8110487Z   AWS_ACCESS_KEY_ID: ***
deploy-test	Run node scripts/esgiot-cdk.mjs deploy AppDependencies	2026-10-06T04:35:11.8110907Z   AWS_SECRET_ACCESS_KEY: ***
deploy-test	Run node scripts/esgiot-cdk.mjs deploy AppDependencies	2026-10-06T04:35:11.8117757Z   AWS_SESSION_TOKEN: ***
deploy-test	Run node scripts/esgiot-cdk.mjs deploy AppDependencies	2026-10-06T04:35:11.8118086Z ##[endgroup]
deploy-test	Run node scripts/esgiot-cdk.mjs deploy AppDependencies	2026-10-06T04:35:12.0417930Z 
deploy-test	Run node scripts/esgiot-cdk.mjs deploy AppDependencies	2026-10-06T04:35:12.0418978Z > food-digester-platform@0.0.0 build /home/runner/work/food-digester-platform/food-digester-platform
deploy-test	Run node scripts/esgiot-cdk.mjs deploy AppDependencies	2026-10-06T04:35:12.0419881Z > turbo run build
deploy-test	Run node scripts/esgiot-cdk.mjs deploy AppDependencies	2026-10-06T04:35:12.0420067Z 
deploy-test	Run node scripts/esgiot-cdk.mjs deploy AppDependencies	2026-10-06T04:35:12.0930407Z 
deploy-test	Run node scripts/esgiot-cdk.mjs deploy AppDependencies	2026-10-06T04:35:12.0961880Z    • Packages in scope: @fdp/admin-web, @fdp/archive-worker, @fdp/auth, @fdp/aws-clients, @fdp/cloud-api, @fdp/contracts, @fdp/database, @fdp/domain, @fdp/infra, @fdp/ingestion-worker, @fdp/media, @fdp/observability, @fdp/summary-worker
deploy-test	Run node scripts/esgiot-cdk.mjs deploy AppDependencies	2026-10-06T04:35:12.0963796Z    • Running build in 13 packages
deploy-test	Run node scripts/esgiot-cdk.mjs deploy AppDependencies	2026-10-06T04:35:12.1020420Z    • Remote caching disabled
deploy-test	Run node scripts/esgiot-cdk.mjs deploy AppDependencies	2026-10-06T04:35:12.1020895Z 
deploy-test	Run node scripts/esgiot-cdk.mjs deploy AppDependencies	2026-10-06T04:35:12.1021542Z ##[group]@fdp/contracts:build
deploy-test	Run node scripts/esgiot-cdk.mjs deploy AppDependencies	2026-10-06T04:35:12.1022116Z cache hit, replaying logs badb40bf08f6da73
deploy-test	Run node scripts/esgiot-cdk.mjs deploy AppDependencies	2026-10-06T04:35:12.1022556Z 
deploy-test	Run node scripts/esgiot-cdk.mjs deploy AppDependencies	2026-10-06T04:35:12.1023237Z > @fdp/contracts@0.0.0 build /home/runner/work/food-digester-platform/food-digester-platform/contracts
deploy-test	Run node scripts/esgiot-cdk.mjs deploy AppDependencies	2026-10-06T04:35:12.1024528Z > node -e "console.log('@fdp/contracts 为源码契约包：内部使用 .ts 扩展名互引，不经 tsc 构建；消费方经 tsx/打包器直接使用源码')"
deploy-test	Run node scripts/esgiot-cdk.mjs deploy AppDependencies	2026-10-06T04:35:12.1025106Z 
deploy-test	Run node scripts/esgiot-cdk.mjs deploy AppDependencies	2026-10-06T04:35:12.1025643Z @fdp/contracts 为源码契约包：内部使用 .ts 扩展名互引，不经 tsc 构建；消费方经 tsx/打包器直接使用源码
deploy-test	Run node scripts/esgiot-cdk.mjs deploy AppDependencies	2026-10-06T04:35:12.1026394Z ##[endgroup]
deploy-test	Run node scripts/esgiot-cdk.mjs deploy AppDependencies	2026-10-06T04:35:12.1026964Z ##[group]@fdp/database:generate
deploy-test	Run node scripts/esgiot-cdk.mjs deploy AppDependencies	2026-10-06T04:35:12.1027549Z cache hit, replaying logs 6f29d7861b790d41
deploy-test	Run node scripts/esgiot-cdk.mjs deploy AppDependencies	2026-10-06T04:35:12.1027939Z 
deploy-test	Run node scripts/esgiot-cdk.mjs deploy AppDependencies	2026-10-06T04:35:12.1028673Z > @fdp/database@0.0.0 generate /home/runner/work/food-digester-platform/food-digester-platform/packages/database
deploy-test	Run node scripts/esgiot-cdk.mjs deploy AppDependencies	2026-10-06T04:35:12.1030001Z > prisma generate
deploy-test	Run node scripts/esgiot-cdk.mjs deploy AppDependencies	2026-10-06T04:35:12.1030309Z 
deploy-test	Run node scripts/esgiot-cdk.mjs deploy AppDependencies	2026-10-06T04:35:12.1030659Z Loaded Prisma config from prisma.config.ts.
deploy-test	Run node scripts/esgiot-cdk.mjs deploy AppDependencies	2026-10-06T04:35:12.1031066Z 
deploy-test	Run node scripts/esgiot-cdk.mjs deploy AppDependencies	2026-10-06T04:35:12.1031436Z Prisma schema loaded from prisma/schema.prisma.
deploy-test	Run node scripts/esgiot-cdk.mjs deploy AppDependencies	2026-10-06T04:35:12.1031865Z 
deploy-test	Run node scripts/esgiot-cdk.mjs deploy AppDependencies	2026-10-06T04:35:12.1032393Z ✔ Generated Prisma Client (7.9.1) to ./src/generated in 1.34s
deploy-test	Run node scripts/esgiot-cdk.mjs deploy AppDependencies	2026-10-06T04:35:12.1032862Z 
deploy-test	Run node scripts/esgiot-cdk.mjs deploy AppDependencies	2026-10-06T04:35:12.1033304Z ##[endgroup]
deploy-test	Run node scripts/esgiot-cdk.mjs deploy AppDependencies	2026-10-06T04:35:12.1033892Z ##[group]@fdp/aws-clients:build
deploy-test	Run node scripts/esgiot-cdk.mjs deploy AppDependencies	2026-10-06T04:35:12.1059859Z cache hit, replaying logs 72b741ff8e28f9c8
deploy-test	Run node scripts/esgiot-cdk.mjs deploy AppDependencies	2026-10-06T04:35:12.1089496Z 
deploy-test	Run node scripts/esgiot-cdk.mjs deploy AppDependencies	2026-10-06T04:35:12.1090603Z > @fdp/aws-clients@0.0.0 build /home/runner/work/food-digester-platform/food-digester-platform/packages/aws-clients
deploy-test	Run node scripts/esgiot-cdk.mjs deploy AppDependencies	2026-10-06T04:35:12.1091754Z > tsc -p tsconfig.build.json
deploy-test	Run node scripts/esgiot-cdk.mjs deploy AppDependencies	2026-10-06T04:35:12.1092159Z 
deploy-test	Run node scripts/esgiot-cdk.mjs deploy AppDependencies	2026-10-06T04:35:12.1092650Z ##[endgroup]
deploy-test	Run node scripts/esgiot-cdk.mjs deploy AppDependencies	2026-10-06T04:35:12.1093279Z ##[group]@fdp/domain:build
deploy-test	Run node scripts/esgiot-cdk.mjs deploy AppDependencies	2026-10-06T04:35:12.1093883Z cache hit, replaying logs 47ef0249a0b99843
deploy-test	Run node scripts/esgiot-cdk.mjs deploy AppDependencies	2026-10-06T04:35:12.1094298Z 
deploy-test	Run node scripts/esgiot-cdk.mjs deploy AppDependencies	2026-10-06T04:35:12.1095028Z > @fdp/domain@0.0.0 build /home/runner/work/food-digester-platform/food-digester-platform/packages/domain
deploy-test	Run node scripts/esgiot-cdk.mjs deploy AppDependencies	2026-10-06T04:35:12.1095896Z > tsc -p tsconfig.build.json
deploy-test	Run node scripts/esgiot-cdk.mjs deploy AppDependencies	2026-10-06T04:35:12.1096255Z 
deploy-test	Run node scripts/esgiot-cdk.mjs deploy AppDependencies	2026-10-06T04:35:12.1096687Z ##[endgroup]
deploy-test	Run node scripts/esgiot-cdk.mjs deploy AppDependencies	2026-10-06T04:35:12.1097674Z ##[group]@fdp/infra:build
deploy-test	Run node scripts/esgiot-cdk.mjs deploy AppDependencies	2026-10-06T04:35:12.1098234Z cache hit, replaying logs ae15db771adc85e4
deploy-test	Run node scripts/esgiot-cdk.mjs deploy AppDependencies	2026-10-06T04:35:12.1098635Z 
deploy-test	Run node scripts/esgiot-cdk.mjs deploy AppDependencies	2026-10-06T04:35:12.1100529Z > @fdp/infra@0.0.0 build /home/runner/work/food-digester-platform/food-digester-platform/infra
deploy-test	Run node scripts/esgiot-cdk.mjs deploy AppDependencies	2026-10-06T04:35:12.1101415Z > tsc -p tsconfig.build.json
deploy-test	Run node scripts/esgiot-cdk.mjs deploy AppDependencies	2026-10-06T04:35:12.1101786Z 
deploy-test	Run node scripts/esgiot-cdk.mjs deploy AppDependencies	2026-10-06T04:35:12.1102218Z ##[endgroup]
deploy-test	Run node scripts/esgiot-cdk.mjs deploy AppDependencies	2026-10-06T04:35:12.1102791Z ##[group]@fdp/observability:build
deploy-test	Run node scripts/esgiot-cdk.mjs deploy AppDependencies	2026-10-06T04:35:12.1103371Z cache hit, replaying logs b22046eabd7182a9
deploy-test	Run node scripts/esgiot-cdk.mjs deploy AppDependencies	2026-10-06T04:35:12.1103784Z 
deploy-test	Run node scripts/esgiot-cdk.mjs deploy AppDependencies	2026-10-06T04:35:12.1104624Z > @fdp/observability@0.0.0 build /home/runner/work/food-digester-platform/food-digester-platform/packages/observability
deploy-test	Run node scripts/esgiot-cdk.mjs deploy AppDependencies	2026-10-06T04:35:12.1105625Z > tsc -p tsconfig.build.json
deploy-test	Run node scripts/esgiot-cdk.mjs deploy AppDependencies	2026-10-06T04:35:12.1105998Z 
deploy-test	Run node scripts/esgiot-cdk.mjs deploy AppDependencies	2026-10-06T04:35:12.1106439Z ##[endgroup]
deploy-test	Run node scripts/esgiot-cdk.mjs deploy AppDependencies	2026-10-06T04:35:12.1107034Z ##[group]@fdp/database:build
deploy-test	Run node scripts/esgiot-cdk.mjs deploy AppDependencies	2026-10-06T04:35:12.1107603Z cache hit, replaying logs d2e9504f281a7867
deploy-test	Run node scripts/esgiot-cdk.mjs deploy AppDependencies	2026-10-06T04:35:12.1108009Z 
deploy-test	Run node scripts/esgiot-cdk.mjs deploy AppDependencies	2026-10-06T04:35:12.1108773Z > @fdp/database@0.0.0 build /home/runner/work/food-digester-platform/food-digester-platform/packages/database
deploy-test	Run node scripts/esgiot-cdk.mjs deploy AppDependencies	2026-10-06T04:35:12.1109806Z > tsc -p tsconfig.build.json
deploy-test	Run node scripts/esgiot-cdk.mjs deploy AppDependencies	2026-10-06T04:35:12.1110178Z 
deploy-test	Run node scripts/esgiot-cdk.mjs deploy AppDependencies	2026-10-06T04:35:12.1110597Z ##[endgroup]
deploy-test	Run node scripts/esgiot-cdk.mjs deploy AppDependencies	2026-10-06T04:35:12.1111178Z ##[group]@fdp/archive-worker:build
deploy-test	Run node scripts/esgiot-cdk.mjs deploy AppDependencies	2026-10-06T04:35:12.1111754Z cache hit, replaying logs a0e6c0cec6c3151d
deploy-test	Run node scripts/esgiot-cdk.mjs deploy AppDependencies	2026-10-06T04:35:12.1112158Z 
deploy-test	Run node scripts/esgiot-cdk.mjs deploy AppDependencies	2026-10-06T04:35:12.1112992Z > @fdp/archive-worker@0.0.0 build /home/runner/work/food-digester-platform/food-digester-platform/apps/archive-worker
deploy-test	Run node scripts/esgiot-cdk.mjs deploy AppDependencies	2026-10-06T04:35:12.1113925Z > tsc -p tsconfig.build.json
deploy-test	Run node scripts/esgiot-cdk.mjs deploy AppDependencies	2026-10-06T04:35:12.1114289Z 
deploy-test	Run node scripts/esgiot-cdk.mjs deploy AppDependencies	2026-10-06T04:35:12.1114710Z ##[endgroup]
deploy-test	Run node scripts/esgiot-cdk.mjs deploy AppDependencies	2026-10-06T04:35:12.1115291Z ##[group]@fdp/auth:build
deploy-test	Run node scripts/esgiot-cdk.mjs deploy AppDependencies	2026-10-06T04:35:12.1115836Z cache hit, replaying logs 161d25a0bb288877
deploy-test	Run node scripts/esgiot-cdk.mjs deploy AppDependencies	2026-10-06T04:35:12.1116233Z 
deploy-test	Run node scripts/esgiot-cdk.mjs deploy AppDependencies	2026-10-06T04:35:12.1116926Z > @fdp/auth@0.0.0 build /home/runner/work/food-digester-platform/food-digester-platform/packages/auth
deploy-test	Run node scripts/esgiot-cdk.mjs deploy AppDependencies	2026-10-06T04:35:12.1117756Z > tsc -p tsconfig.build.json
deploy-test	Run node scripts/esgiot-cdk.mjs deploy AppDependencies	2026-10-06T04:35:12.1118094Z 
deploy-test	Run node scripts/esgiot-cdk.mjs deploy AppDependencies	2026-10-06T04:35:12.1118498Z ##[endgroup]
deploy-test	Run node scripts/esgiot-cdk.mjs deploy AppDependencies	2026-10-06T04:35:12.1119077Z ##[group]@fdp/summary-worker:build
deploy-test	Run node scripts/esgiot-cdk.mjs deploy AppDependencies	2026-10-06T04:35:12.1119824Z cache hit, replaying logs 77d113d7dc4b62c3
deploy-test	Run node scripts/esgiot-cdk.mjs deploy AppDependencies	2026-10-06T04:35:12.1120280Z 
deploy-test	Run node scripts/esgiot-cdk.mjs deploy AppDependencies	2026-10-06T04:35:12.1121085Z > @fdp/summary-worker@0.0.0 build /home/runner/work/food-digester-platform/food-digester-platform/apps/summary-worker
deploy-test	Run node scripts/esgiot-cdk.mjs deploy AppDependencies	2026-10-06T04:35:12.1122179Z > tsc -p tsconfig.build.json
deploy-test	Run node scripts/esgiot-cdk.mjs deploy AppDependencies	2026-10-06T04:35:12.1122571Z 
deploy-test	Run node scripts/esgiot-cdk.mjs deploy AppDependencies	2026-10-06T04:35:12.1123019Z ##[endgroup]
deploy-test	Run node scripts/esgiot-cdk.mjs deploy AppDependencies	2026-10-06T04:35:12.1123624Z ##[group]@fdp/media:build
deploy-test	Run node scripts/esgiot-cdk.mjs deploy AppDependencies	2026-10-06T04:35:12.1124183Z cache hit, replaying logs 8b966babc723bb0c
deploy-test	Run node scripts/esgiot-cdk.mjs deploy AppDependencies	2026-10-06T04:35:12.1124864Z 
deploy-test	Run node scripts/esgiot-cdk.mjs deploy AppDependencies	2026-10-06T04:35:12.1125600Z > @fdp/media@0.0.0 build /home/runner/work/food-digester-platform/food-digester-platform/packages/media
deploy-test	Run node scripts/esgiot-cdk.mjs deploy AppDependencies	2026-10-06T04:35:12.1126433Z > tsc -p tsconfig.build.json
deploy-test	Run node scripts/esgiot-cdk.mjs deploy AppDependencies	2026-10-06T04:35:12.1126789Z 
deploy-test	Run node scripts/esgiot-cdk.mjs deploy AppDependencies	2026-10-06T04:35:12.1127212Z ##[endgroup]
deploy-test	Run node scripts/esgiot-cdk.mjs deploy AppDependencies	2026-10-06T04:35:12.1127859Z ##[group]@fdp/admin-web:build
deploy-test	Run node scripts/esgiot-cdk.mjs deploy AppDependencies	2026-10-06T04:35:12.1128421Z cache hit, replaying logs e6f245876b04286c
deploy-test	Run node scripts/esgiot-cdk.mjs deploy AppDependencies	2026-10-06T04:35:12.1128831Z 
deploy-test	Run node scripts/esgiot-cdk.mjs deploy AppDependencies	2026-10-06T04:35:12.1129712Z > @fdp/admin-web@0.0.0 build /home/runner/work/food-digester-platform/food-digester-platform/apps/admin-web
deploy-test	Run node scripts/esgiot-cdk.mjs deploy AppDependencies	2026-10-06T04:35:12.1130846Z > tsc -p tsconfig.build.json && vite build
deploy-test	Run node scripts/esgiot-cdk.mjs deploy AppDependencies	2026-10-06T04:35:12.1131267Z 
deploy-test	Run node scripts/esgiot-cdk.mjs deploy AppDependencies	2026-10-06T04:35:12.1131982Z ^[[36mvite v8.2.2 ^[[32mbuilding client environment for production...^[[36m^[[39m
deploy-test	Run node scripts/esgiot-cdk.mjs deploy AppDependencies	2026-10-06T04:35:12.1132665Z transforming...
deploy-test	Run node scripts/esgiot-cdk.mjs deploy AppDependencies	2026-10-06T04:35:12.1133171Z ✓ 1609 modules transformed.
deploy-test	Run node scripts/esgiot-cdk.mjs deploy AppDependencies	2026-10-06T04:35:12.1133648Z rendering chunks...
deploy-test	Run node scripts/esgiot-cdk.mjs deploy AppDependencies	2026-10-06T04:35:12.1134089Z computing gzip size...
deploy-test	Run node scripts/esgiot-cdk.mjs deploy AppDependencies	2026-10-06T04:35:12.1134865Z dist/web/index.html                     0.46 kB │ gzip:   0.32 kB
deploy-test	Run node scripts/esgiot-cdk.mjs deploy AppDependencies	2026-10-06T04:35:12.1135834Z dist/web/assets/index-CecZB0A0.css     19.08 kB │ gzip:   5.07 kB
deploy-test	Run node scripts/esgiot-cdk.mjs deploy AppDependencies	2026-10-06T04:35:12.1136786Z dist/web/assets/index-D1EpTElP.js   1,357.74 kB │ gzip: 417.92 kB
deploy-test	Run node scripts/esgiot-cdk.mjs deploy AppDependencies	2026-10-06T04:35:12.1137315Z 
deploy-test	Run node scripts/esgiot-cdk.mjs deploy AppDependencies	2026-10-06T04:35:12.1137686Z ^[[32m✓ built in 462ms^[[39m
deploy-test	Run node scripts/esgiot-cdk.mjs deploy AppDependencies	2026-10-06T04:35:12.1138588Z ^[[33m[plugin builtin:vite-reporter] 
deploy-test	Run node scripts/esgiot-cdk.mjs deploy AppDependencies	2026-10-06T04:35:12.1139481Z (!) Some chunks are larger than 500 kB after minification. Consider:
deploy-test	Run node scripts/esgiot-cdk.mjs deploy AppDependencies	2026-10-06T04:35:12.1140280Z - Using dynamic import() to code-split the application
deploy-test	Run node scripts/esgiot-cdk.mjs deploy AppDependencies	2026-10-06T04:35:12.1141488Z - Use build.rolldownOptions.output.codeSplitting to improve chunking: https://rolldown.rs/reference/OutputOptions.codeSplitting
deploy-test	Run node scripts/esgiot-cdk.mjs deploy AppDependencies	2026-10-06T04:35:12.1142931Z - Adjust chunk size limit for this warning via build.chunkSizeWarningLimit.^[[39m
deploy-test	Run node scripts/esgiot-cdk.mjs deploy AppDependencies	2026-10-06T04:35:12.1143839Z ##[endgroup]
deploy-test	Run node scripts/esgiot-cdk.mjs deploy AppDependencies	2026-10-06T04:35:12.1144459Z ##[group]@fdp/ingestion-worker:build
deploy-test	Run node scripts/esgiot-cdk.mjs deploy AppDependencies	2026-10-06T04:35:12.1145072Z cache hit, replaying logs 936ac9a6e582a305
deploy-test	Run node scripts/esgiot-cdk.mjs deploy AppDependencies	2026-10-06T04:35:12.1145492Z 
deploy-test	Run node scripts/esgiot-cdk.mjs deploy AppDependencies	2026-10-06T04:35:12.1146326Z > @fdp/ingestion-worker@0.0.0 build /home/runner/work/food-digester-platform/food-digester-platform/apps/ingestion-worker
deploy-test	Run node scripts/esgiot-cdk.mjs deploy AppDependencies	2026-10-06T04:35:12.1147304Z > tsc -p tsconfig.build.json
deploy-test	Run node scripts/esgiot-cdk.mjs deploy AppDependencies	2026-10-06T04:35:12.1147700Z 
deploy-test	Run node scripts/esgiot-cdk.mjs deploy AppDependencies	2026-10-06T04:35:12.1148159Z ##[endgroup]
deploy-test	Run node scripts/esgiot-cdk.mjs deploy AppDependencies	2026-10-06T04:35:12.1148777Z ##[group]@fdp/cloud-api:build
deploy-test	Run node scripts/esgiot-cdk.mjs deploy AppDependencies	2026-10-06T04:35:12.1149496Z cache hit, replaying logs f68e31080bcf62ee
deploy-test	Run node scripts/esgiot-cdk.mjs deploy AppDependencies	2026-10-06T04:35:12.1149926Z 
deploy-test	Run node scripts/esgiot-cdk.mjs deploy AppDependencies	2026-10-06T04:35:12.1150654Z > @fdp/cloud-api@0.0.0 build /home/runner/work/food-digester-platform/food-digester-platform/apps/cloud-api
deploy-test	Run node scripts/esgiot-cdk.mjs deploy AppDependencies	2026-10-06T04:35:12.1151506Z > tsc -p tsconfig.build.json
deploy-test	Run node scripts/esgiot-cdk.mjs deploy AppDependencies	2026-10-06T04:35:12.1151872Z 
deploy-test	Run node scripts/esgiot-cdk.mjs deploy AppDependencies	2026-10-06T04:35:12.1152286Z ##[endgroup]
deploy-test	Run node scripts/esgiot-cdk.mjs deploy AppDependencies	2026-10-06T04:35:12.1152575Z 
deploy-test	Run node scripts/esgiot-cdk.mjs deploy AppDependencies	2026-10-06T04:35:12.1152884Z  Tasks:    14 successful, 14 total
deploy-test	Run node scripts/esgiot-cdk.mjs deploy AppDependencies	2026-10-06T04:35:12.1153450Z Cached:    14 cached, 14 total
deploy-test	Run node scripts/esgiot-cdk.mjs deploy AppDependencies	2026-10-06T04:35:12.1153948Z   Time:    41ms >>> FULL TURBO
deploy-test	Run node scripts/esgiot-cdk.mjs deploy AppDependencies	2026-10-06T04:35:12.1154289Z 
deploy-test	Run node scripts/esgiot-cdk.mjs deploy AppDependencies	2026-10-06T04:35:14.6031954Z Bundling asset AppDependencies/IngestionFn/Code/Stage...
deploy-test	Run node scripts/esgiot-cdk.mjs deploy AppDependencies	2026-10-06T04:35:15.0953465Z Bundling asset AppDependencies/ArchiveFn/Code/Stage...
deploy-test	Run node scripts/esgiot-cdk.mjs deploy AppDependencies	2026-10-06T04:35:15.3784146Z Bundling asset AppDependencies/OutboxPublisherFn/Code/Stage...
deploy-test	Run node scripts/esgiot-cdk.mjs deploy AppDependencies	2026-10-06T04:35:15.8464073Z Bundling asset AppDependencies/NotificationPublisherFn/Code/Stage...
deploy-test	Run node scripts/esgiot-cdk.mjs deploy AppDependencies	2026-10-06T04:35:16.3026452Z Bundling asset AppDependencies/SummaryFn/Code/Stage...
deploy-test	Run node scripts/esgiot-cdk.mjs deploy AppDependencies	2026-10-06T04:35:16.7657646Z Bundling asset AppDependencies/ReplayTriggerPublisherFn/Code/Stage...
deploy-test	Run node scripts/esgiot-cdk.mjs deploy AppDependencies	2026-10-06T04:35:17.2197967Z Bundling asset AppDependencies/ReplayFn/Code/Stage...
deploy-test	Run node scripts/esgiot-cdk.mjs deploy AppDependencies	2026-10-06T04:35:17.6759704Z Bundling asset AppDependencies/CertPackageSweeperFn/Code/Stage...
deploy-test	Run node scripts/esgiot-cdk.mjs deploy AppDependencies	2026-10-06T04:35:18.1318081Z Bundling asset AppDependencies/OnboardingDeadlineFn/Code/Stage...
deploy-test	Run node scripts/esgiot-cdk.mjs deploy AppDependencies	2026-10-06T04:35:18.5957407Z Bundling asset AppDependencies/RetirementTimeoutFn/Code/Stage...
deploy-test	Run node scripts/esgiot-cdk.mjs deploy AppDependencies	2026-10-06T04:35:19.0475924Z Bundling asset AppDependencies/ActivityExportFn/Code/Stage...
deploy-test	Run node scripts/esgiot-cdk.mjs deploy AppDependencies	2026-10-06T04:35:19.5006198Z Bundling asset AppDependencies/EsgExportFn/Code/Stage...
deploy-test	Run node scripts/esgiot-cdk.mjs deploy AppDependencies	2026-10-06T04:35:19.9544587Z Bundling asset AppDependencies/CommandPublisherFn/Code/Stage...
deploy-test	Run node scripts/esgiot-cdk.mjs deploy AppDependencies	2026-10-06T04:35:20.4084064Z Bundling asset AppDependencies/CommandTimeoutFn/Code/Stage...
deploy-test	Run node scripts/esgiot-cdk.mjs deploy AppDependencies	2026-10-06T04:35:20.8551912Z Bundling asset AppDependencies/OtaDispatcherFn/Code/Stage...
deploy-test	Run node scripts/esgiot-cdk.mjs deploy AppDependencies	2026-10-06T04:35:21.3131426Z Bundling asset AppDependencies/OnboardingApiFn/Code/Stage...
deploy-test	Run node scripts/esgiot-cdk.mjs deploy AppDependencies	2026-10-06T04:35:21.7706883Z Bundling asset AppDependencies/OnboardingProvisioningFn/Code/Stage...
deploy-test	Run node scripts/esgiot-cdk.mjs deploy AppDependencies	2026-10-06T04:35:22.2271259Z Bundling asset AppDependencies/DeviceApiFn/Code/Stage...
deploy-test	Run node scripts/esgiot-cdk.mjs deploy AppDependencies	2026-10-06T04:35:22.7075587Z Bundling asset AppDependencies/ApiFn/Code/Stage...
deploy-test	Run node scripts/esgiot-cdk.mjs deploy AppDependencies	2026-10-06T04:35:25.4848739Z 
deploy-test	Run node scripts/esgiot-cdk.mjs deploy AppDependencies	2026-10-06T04:35:25.4849728Z ✨  Synthesis time: 11.51s
deploy-test	Run node scripts/esgiot-cdk.mjs deploy AppDependencies	2026-10-06T04:35:25.4849955Z 
deploy-test	Run node scripts/esgiot-cdk.mjs deploy AppDependencies	2026-10-06T04:35:29.1404581Z fdp-test-app: start: Building IngestionFn/Code
deploy-test	Run node scripts/esgiot-cdk.mjs deploy AppDependencies	2026-10-06T04:35:29.1405266Z fdp-test-app: success: Built IngestionFn/Code
deploy-test	Run node scripts/esgiot-cdk.mjs deploy AppDependencies	2026-10-06T04:35:29.1419447Z fdp-test-app: start: Building ArchiveFn/Code
deploy-test	Run node scripts/esgiot-cdk.mjs deploy AppDependencies	2026-10-06T04:35:29.1420711Z fdp-test-app: success: Built ArchiveFn/Code
deploy-test	Run node scripts/esgiot-cdk.mjs deploy AppDependencies	2026-10-06T04:35:29.1428008Z fdp-test-app: start: Building OutboxPublisherFn/Code
deploy-test	Run node scripts/esgiot-cdk.mjs deploy AppDependencies	2026-10-06T04:35:29.1428709Z fdp-test-app: success: Built OutboxPublisherFn/Code
deploy-test	Run node scripts/esgiot-cdk.mjs deploy AppDependencies	2026-10-06T04:35:29.1436383Z fdp-test-app: start: Building NotificationPublisherFn/Code
deploy-test	Run node scripts/esgiot-cdk.mjs deploy AppDependencies	2026-10-06T04:35:29.1437460Z fdp-test-app: success: Built NotificationPublisherFn/Code
deploy-test	Run node scripts/esgiot-cdk.mjs deploy AppDependencies	2026-10-06T04:35:29.1444464Z fdp-test-app: start: Building SummaryFn/Code
deploy-test	Run node scripts/esgiot-cdk.mjs deploy AppDependencies	2026-10-06T04:35:29.1444950Z fdp-test-app: success: Built SummaryFn/Code
deploy-test	Run node scripts/esgiot-cdk.mjs deploy AppDependencies	2026-10-06T04:35:29.1455125Z fdp-test-app: start: Building ReplayTriggerPublisherFn/Code
deploy-test	Run node scripts/esgiot-cdk.mjs deploy AppDependencies	2026-10-06T04:35:29.1455795Z fdp-test-app: success: Built ReplayTriggerPublisherFn/Code
deploy-test	Run node scripts/esgiot-cdk.mjs deploy AppDependencies	2026-10-06T04:35:29.1465914Z fdp-test-app: start: Building ReplayFn/Code
deploy-test	Run node scripts/esgiot-cdk.mjs deploy AppDependencies	2026-10-06T04:35:29.1466435Z fdp-test-app: success: Built ReplayFn/Code
deploy-test	Run node scripts/esgiot-cdk.mjs deploy AppDependencies	2026-10-06T04:35:29.1486822Z fdp-test-app: start: Building CertPackageSweeperFn/Code
deploy-test	Run node scripts/esgiot-cdk.mjs deploy AppDependencies	2026-10-06T04:35:29.1487540Z fdp-test-app: success: Built CertPackageSweeperFn/Code
deploy-test	Run node scripts/esgiot-cdk.mjs deploy AppDependencies	2026-10-06T04:35:29.1506614Z fdp-test-app: start: Building OnboardingDeadlineFn/Code
deploy-test	Run node scripts/esgiot-cdk.mjs deploy AppDependencies	2026-10-06T04:35:29.1507470Z fdp-test-app: success: Built OnboardingDeadlineFn/Code
deploy-test	Run node scripts/esgiot-cdk.mjs deploy AppDependencies	2026-10-06T04:35:29.1523442Z fdp-test-app: start: Building RetirementTimeoutFn/Code
deploy-test	Run node scripts/esgiot-cdk.mjs deploy AppDependencies	2026-10-06T04:35:29.1524264Z fdp-test-app: success: Built RetirementTimeoutFn/Code
deploy-test	Run node scripts/esgiot-cdk.mjs deploy AppDependencies	2026-10-06T04:35:29.1535856Z fdp-test-app: start: Building ActivityExportFn/Code
deploy-test	Run node scripts/esgiot-cdk.mjs deploy AppDependencies	2026-10-06T04:35:29.1536420Z fdp-test-app: success: Built ActivityExportFn/Code
deploy-test	Run node scripts/esgiot-cdk.mjs deploy AppDependencies	2026-10-06T04:35:29.1547893Z fdp-test-app: start: Building EsgExportFn/Code
deploy-test	Run node scripts/esgiot-cdk.mjs deploy AppDependencies	2026-10-06T04:35:29.1548361Z fdp-test-app: success: Built EsgExportFn/Code
deploy-test	Run node scripts/esgiot-cdk.mjs deploy AppDependencies	2026-10-06T04:35:29.1558833Z fdp-test-app: start: Building CommandPublisherFn/Code
deploy-test	Run node scripts/esgiot-cdk.mjs deploy AppDependencies	2026-10-06T04:35:29.1559708Z fdp-test-app: success: Built CommandPublisherFn/Code
deploy-test	Run node scripts/esgiot-cdk.mjs deploy AppDependencies	2026-10-06T04:35:29.1568518Z fdp-test-app: start: Building CommandTimeoutFn/Code
deploy-test	Run node scripts/esgiot-cdk.mjs deploy AppDependencies	2026-10-06T04:35:29.1569000Z fdp-test-app: success: Built CommandTimeoutFn/Code
deploy-test	Run node scripts/esgiot-cdk.mjs deploy AppDependencies	2026-10-06T04:35:29.1576898Z fdp-test-app: start: Building OtaDispatcherFn/Code
deploy-test	Run node scripts/esgiot-cdk.mjs deploy AppDependencies	2026-10-06T04:35:29.1577571Z fdp-test-app: success: Built OtaDispatcherFn/Code
deploy-test	Run node scripts/esgiot-cdk.mjs deploy AppDependencies	2026-10-06T04:35:29.1578379Z fdp-test-app: start: Building OnboardingApiFn/Code
deploy-test	Run node scripts/esgiot-cdk.mjs deploy AppDependencies	2026-10-06T04:35:29.1579050Z fdp-test-app: success: Built OnboardingApiFn/Code
deploy-test	Run node scripts/esgiot-cdk.mjs deploy AppDependencies	2026-10-06T04:35:29.1580043Z fdp-test-app: start: Building OnboardingProvisioningFn/Code
deploy-test	Run node scripts/esgiot-cdk.mjs deploy AppDependencies	2026-10-06T04:35:29.1592368Z fdp-test-app: success: Built OnboardingProvisioningFn/Code
deploy-test	Run node scripts/esgiot-cdk.mjs deploy AppDependencies	2026-10-06T04:35:29.1592988Z fdp-test-app: start: Building DeviceApiFn/Code
deploy-test	Run node scripts/esgiot-cdk.mjs deploy AppDependencies	2026-10-06T04:35:29.1593319Z fdp-test-app: success: Built DeviceApiFn/Code
deploy-test	Run node scripts/esgiot-cdk.mjs deploy AppDependencies	2026-10-06T04:35:29.1593616Z fdp-test-app: start: Building ApiFn/Code
deploy-test	Run node scripts/esgiot-cdk.mjs deploy AppDependencies	2026-10-06T04:35:29.1593896Z fdp-test-app: success: Built ApiFn/Code
deploy-test	Run node scripts/esgiot-cdk.mjs deploy AppDependencies	2026-10-06T04:35:29.1594214Z fdp-test-app: start: Building fdp-test-app Template
deploy-test	Run node scripts/esgiot-cdk.mjs deploy AppDependencies	2026-10-06T04:35:29.1594552Z fdp-test-app: success: Built fdp-test-app Template
deploy-test	Run node scripts/esgiot-cdk.mjs deploy AppDependencies	2026-10-06T04:35:29.7447221Z fdp-test-app: start: Publishing ArchiveFn/Code (065986019555-ap-southeast-1-a5083638)
deploy-test	Run node scripts/esgiot-cdk.mjs deploy AppDependencies	2026-10-06T04:35:29.7546493Z fdp-test-app: start: Publishing ReplayTriggerPublisherFn/Code (065986019555-ap-southeast-1-5dfb93e3)
deploy-test	Run node scripts/esgiot-cdk.mjs deploy AppDependencies	2026-10-06T04:35:29.7737042Z fdp-test-app: start: Publishing IngestionFn/Code (065986019555-ap-southeast-1-92a858b8)
deploy-test	Run node scripts/esgiot-cdk.mjs deploy AppDependencies	2026-10-06T04:35:29.7759190Z fdp-test-app: start: Publishing OutboxPublisherFn/Code (065986019555-ap-southeast-1-e1d8e123)
deploy-test	Run node scripts/esgiot-cdk.mjs deploy AppDependencies	2026-10-06T04:35:29.7783459Z fdp-test-app: start: Publishing SummaryFn/Code (065986019555-ap-southeast-1-869807d3)
deploy-test	Run node scripts/esgiot-cdk.mjs deploy AppDependencies	2026-10-06T04:35:29.7828625Z fdp-test-app: start: Publishing NotificationPublisherFn/Code (065986019555-ap-southeast-1-05cb6ff6)
deploy-test	Run node scripts/esgiot-cdk.mjs deploy AppDependencies	2026-10-06T04:35:29.8070176Z fdp-test-app: start: Publishing CertPackageSweeperFn/Code (065986019555-ap-southeast-1-35931710)
deploy-test	Run node scripts/esgiot-cdk.mjs deploy AppDependencies	2026-10-06T04:35:29.8217930Z fdp-test-app: start: Publishing ReplayFn/Code (065986019555-ap-southeast-1-0affe30e)
deploy-test	Run node scripts/esgiot-cdk.mjs deploy AppDependencies	2026-10-06T04:35:33.3544424Z fdp-test-app: success: Published ArchiveFn/Code (065986019555-ap-southeast-1-a5083638)
deploy-test	Run node scripts/esgiot-cdk.mjs deploy AppDependencies	2026-10-06T04:35:33.3549621Z fdp-test-app: start: Publishing OnboardingDeadlineFn/Code (065986019555-ap-southeast-1-686f7624)
deploy-test	Run node scripts/esgiot-cdk.mjs deploy AppDependencies	2026-10-06T04:35:34.7384944Z fdp-test-app: success: Published IngestionFn/Code (065986019555-ap-southeast-1-92a858b8)
deploy-test	Run node scripts/esgiot-cdk.mjs deploy AppDependencies	2026-10-06T04:35:34.7387678Z fdp-test-app: start: Publishing RetirementTimeoutFn/Code (065986019555-ap-southeast-1-a6eab9e7)
deploy-test	Run node scripts/esgiot-cdk.mjs deploy AppDependencies	2026-10-06T04:35:34.8857685Z fdp-test-app: success: Published ReplayTriggerPublisherFn/Code (065986019555-ap-southeast-1-5dfb93e3)
deploy-test	Run node scripts/esgiot-cdk.mjs deploy AppDependencies	2026-10-06T04:35:34.8859090Z fdp-test-app: start: Publishing ActivityExportFn/Code (065986019555-ap-southeast-1-4608a442)
deploy-test	Run node scripts/esgiot-cdk.mjs deploy AppDependencies	2026-10-06T04:35:34.9281989Z fdp-test-app: success: Published SummaryFn/Code (065986019555-ap-southeast-1-869807d3)
deploy-test	Run node scripts/esgiot-cdk.mjs deploy AppDependencies	2026-10-06T04:35:34.9284275Z fdp-test-app: start: Publishing EsgExportFn/Code (065986019555-ap-southeast-1-94e51951)
deploy-test	Run node scripts/esgiot-cdk.mjs deploy AppDependencies	2026-10-06T04:35:35.0500507Z fdp-test-app: success: Published OutboxPublisherFn/Code (065986019555-ap-southeast-1-e1d8e123)
deploy-test	Run node scripts/esgiot-cdk.mjs deploy AppDependencies	2026-10-06T04:35:35.0502219Z fdp-test-app: start: Publishing CommandPublisherFn/Code (065986019555-ap-southeast-1-72ba13e9)
deploy-test	Run node scripts/esgiot-cdk.mjs deploy AppDependencies	2026-10-06T04:35:35.1036122Z fdp-test-app: success: Published CertPackageSweeperFn/Code (065986019555-ap-southeast-1-35931710)
deploy-test	Run node scripts/esgiot-cdk.mjs deploy AppDependencies	2026-10-06T04:35:35.1037907Z fdp-test-app: start: Publishing CommandTimeoutFn/Code (065986019555-ap-southeast-1-21ade83d)
deploy-test	Run node scripts/esgiot-cdk.mjs deploy AppDependencies	2026-10-06T04:35:35.1856641Z fdp-test-app: success: Published NotificationPublisherFn/Code (065986019555-ap-southeast-1-05cb6ff6)
deploy-test	Run node scripts/esgiot-cdk.mjs deploy AppDependencies	2026-10-06T04:35:35.1857873Z fdp-test-app: start: Publishing OtaDispatcherFn/Code (065986019555-ap-southeast-1-d84764a5)
deploy-test	Run node scripts/esgiot-cdk.mjs deploy AppDependencies	2026-10-06T04:35:35.6115130Z fdp-test-app: success: Published ReplayFn/Code (065986019555-ap-southeast-1-0affe30e)
deploy-test	Run node scripts/esgiot-cdk.mjs deploy AppDependencies	2026-10-06T04:35:35.6118630Z fdp-test-app: start: Publishing OnboardingApiFn/Code (065986019555-ap-southeast-1-23b0a182)
deploy-test	Run node scripts/esgiot-cdk.mjs deploy AppDependencies	2026-10-06T04:35:36.3358571Z fdp-test-app: success: Published OnboardingDeadlineFn/Code (065986019555-ap-southeast-1-686f7624)
deploy-test	Run node scripts/esgiot-cdk.mjs deploy AppDependencies	2026-10-06T04:35:36.3361948Z fdp-test-app: start: Publishing OnboardingProvisioningFn/Code (065986019555-ap-southeast-1-559f8c07)
deploy-test	Run node scripts/esgiot-cdk.mjs deploy AppDependencies	2026-10-06T04:35:38.7233535Z fdp-test-app: success: Published RetirementTimeoutFn/Code (065986019555-ap-southeast-1-a6eab9e7)
deploy-test	Run node scripts/esgiot-cdk.mjs deploy AppDependencies	2026-10-06T04:35:38.7235847Z fdp-test-app: start: Publishing DeviceApiFn/Code (065986019555-ap-southeast-1-d9b9a49e)
deploy-test	Run node scripts/esgiot-cdk.mjs deploy AppDependencies	2026-10-06T04:35:38.7986893Z fdp-test-app: success: Published CommandPublisherFn/Code (065986019555-ap-southeast-1-72ba13e9)
deploy-test	Run node scripts/esgiot-cdk.mjs deploy AppDependencies	2026-10-06T04:35:38.7988131Z fdp-test-app: start: Publishing ApiFn/Code (065986019555-ap-southeast-1-d952fb14)
deploy-test	Run node scripts/esgiot-cdk.mjs deploy AppDependencies	2026-10-06T04:35:38.9445887Z fdp-test-app: success: Published EsgExportFn/Code (065986019555-ap-southeast-1-94e51951)
deploy-test	Run node scripts/esgiot-cdk.mjs deploy AppDependencies	2026-10-06T04:35:38.9447060Z fdp-test-app: start: Publishing fdp-test-app Template (065986019555-ap-southeast-1-c4153948)
deploy-test	Run node scripts/esgiot-cdk.mjs deploy AppDependencies	2026-10-06T04:35:38.9725516Z fdp-test-app: success: Published CommandTimeoutFn/Code (065986019555-ap-southeast-1-21ade83d)
deploy-test	Run node scripts/esgiot-cdk.mjs deploy AppDependencies	2026-10-06T04:35:39.0226900Z fdp-test-app: success: Published OtaDispatcherFn/Code (065986019555-ap-southeast-1-d84764a5)
deploy-test	Run node scripts/esgiot-cdk.mjs deploy AppDependencies	2026-10-06T04:35:39.1372934Z fdp-test-app: success: Published OnboardingApiFn/Code (065986019555-ap-southeast-1-23b0a182)
deploy-test	Run node scripts/esgiot-cdk.mjs deploy AppDependencies	2026-10-06T04:35:39.6316393Z fdp-test-app: success: Published ActivityExportFn/Code (065986019555-ap-southeast-1-4608a442)
deploy-test	Run node scripts/esgiot-cdk.mjs deploy AppDependencies	2026-10-06T04:35:39.9331440Z fdp-test-app: success: Published OnboardingProvisioningFn/Code (065986019555-ap-southeast-1-559f8c07)
deploy-test	Run node scripts/esgiot-cdk.mjs deploy AppDependencies	2026-10-06T04:35:41.1200948Z fdp-test-app: success: Published fdp-test-app Template (065986019555-ap-southeast-1-c4153948)
deploy-test	Run node scripts/esgiot-cdk.mjs deploy AppDependencies	2026-10-06T04:35:41.8296996Z fdp-test-app: success: Published DeviceApiFn/Code (065986019555-ap-southeast-1-d9b9a49e)
deploy-test	Run node scripts/esgiot-cdk.mjs deploy AppDependencies	2026-10-06T04:35:42.7786744Z fdp-test-app: success: Published ApiFn/Code (065986019555-ap-southeast-1-d952fb14)
deploy-test	Run node scripts/esgiot-cdk.mjs deploy AppDependencies	2026-10-06T04:35:46.3543989Z fdp-test-app: creating CloudFormation changeset...
deploy-test	Run node scripts/esgiot-cdk.mjs deploy AppDependencies	2026-10-06T04:36:27.8411347Z AppDependencies (fdp-test-app): deploying... [1/1]
deploy-test	Run node scripts/esgiot-cdk.mjs deploy AppDependencies	2026-10-06T04:36:33.9167346Z fdp-test-app |  0/21 | 4:36:30 AM | UPDATE_IN_PROGRESS      | AWS::CloudFormation::Stack                  | fdp-test-app User Initiated
deploy-test	Run node scripts/esgiot-cdk.mjs deploy AppDependencies	2026-10-06T04:36:37.3332521Z fdp-test-app |  0/21 | 4:36:35 AM | UPDATE_IN_PROGRESS      | AWS::Lambda::Function                       | AppDependencies/EsgExportFn (EsgExportFn4FB12684) 
deploy-test	Run node scripts/esgiot-cdk.mjs deploy AppDependencies	2026-10-06T04:36:37.3346282Z fdp-test-app |  0/21 | 4:36:35 AM | UPDATE_IN_PROGRESS      | AWS::Lambda::Function                       | AppDependencies/OtaDispatcherFn (OtaDispatcherFn60AC5176) 
deploy-test	Run node scripts/esgiot-cdk.mjs deploy AppDependencies	2026-10-06T04:36:37.3360467Z fdp-test-app |  0/21 | 4:36:36 AM | UPDATE_IN_PROGRESS      | AWS::Lambda::Function                       | AppDependencies/CommandPublisherFn (CommandPublisherFn2C3A62E3) 
deploy-test	Run node scripts/esgiot-cdk.mjs deploy AppDependencies	2026-10-06T04:36:37.3376967Z fdp-test-app |  0/21 | 4:36:36 AM | UPDATE_IN_PROGRESS      | AWS::Lambda::Function                       | AppDependencies/NotificationPublisherFn (NotificationPublisherFn73516682) 
deploy-test	Run node scripts/esgiot-cdk.mjs deploy AppDependencies	2026-10-06T04:36:37.3389857Z fdp-test-app |  0/21 | 4:36:36 AM | UPDATE_IN_PROGRESS      | AWS::Lambda::Function                       | AppDependencies/SummaryFn (SummaryFnDB90B184) 
deploy-test	Run node scripts/esgiot-cdk.mjs deploy AppDependencies	2026-10-06T04:36:37.3405144Z fdp-test-app |  0/21 | 4:36:36 AM | UPDATE_IN_PROGRESS      | AWS::Lambda::Function                       | AppDependencies/RetirementTimeoutFn (RetirementTimeoutFn5FA89DC8) 
deploy-test	Run node scripts/esgiot-cdk.mjs deploy AppDependencies	2026-10-06T04:36:37.3418109Z fdp-test-app |  0/21 | 4:36:36 AM | UPDATE_IN_PROGRESS      | AWS::Lambda::Function                       | AppDependencies/ReplayFn (ReplayFn6908A346) 
deploy-test	Run node scripts/esgiot-cdk.mjs deploy AppDependencies	2026-10-06T04:36:37.3431129Z fdp-test-app |  0/21 | 4:36:36 AM | UPDATE_IN_PROGRESS      | AWS::Lambda::Function                       | AppDependencies/ArchiveFn (ArchiveFn5585D223) 
deploy-test	Run node scripts/esgiot-cdk.mjs deploy AppDependencies	2026-10-06T04:36:37.3444540Z fdp-test-app |  0/21 | 4:36:36 AM | UPDATE_IN_PROGRESS      | AWS::Lambda::Function                       | AppDependencies/CommandTimeoutFn (CommandTimeoutFnDCC08544) 
deploy-test	Run node scripts/esgiot-cdk.mjs deploy AppDependencies	2026-10-06T04:36:37.3459850Z fdp-test-app |  0/21 | 4:36:36 AM | UPDATE_IN_PROGRESS      | AWS::Lambda::Function                       | AppDependencies/OutboxPublisherFn (OutboxPublisherFn5402D4AC) 
deploy-test	Run node scripts/esgiot-cdk.mjs deploy AppDependencies	2026-10-06T04:36:37.3473077Z fdp-test-app |  0/21 | 4:36:36 AM | UPDATE_IN_PROGRESS      | AWS::Lambda::Function                       | AppDependencies/ActivityExportFn (ActivityExportFn2D54E851) 
deploy-test	Run node scripts/esgiot-cdk.mjs deploy AppDependencies	2026-10-06T04:36:37.3486781Z fdp-test-app |  0/21 | 4:36:36 AM | UPDATE_IN_PROGRESS      | AWS::Lambda::Function                       | AppDependencies/ReplayTriggerPublisherFn (ReplayTriggerPublisherFnDB45C8BB) 
deploy-test	Run node scripts/esgiot-cdk.mjs deploy AppDependencies	2026-10-06T04:36:37.3498293Z fdp-test-app |  0/21 | 4:36:36 AM | UPDATE_IN_PROGRESS      | AWS::Lambda::Function                       | AppDependencies/OnboardingProvisioningFn (OnboardingProvisioningFnE4A4C012) 
deploy-test	Run node scripts/esgiot-cdk.mjs deploy AppDependencies	2026-10-06T04:36:37.3509566Z fdp-test-app |  0/21 | 4:36:36 AM | UPDATE_IN_PROGRESS      | AWS::Lambda::Function                       | AppDependencies/OnboardingApiFn (OnboardingApiFn75D76C9A) 
deploy-test	Run node scripts/esgiot-cdk.mjs deploy AppDependencies	2026-10-06T04:36:37.3524891Z fdp-test-app |  0/21 | 4:36:36 AM | UPDATE_IN_PROGRESS      | AWS::Lambda::Function                       | AppDependencies/CertPackageSweeperFn (CertPackageSweeperFnA3144633) 
deploy-test	Run node scripts/esgiot-cdk.mjs deploy AppDependencies	2026-10-06T04:36:37.3536294Z fdp-test-app |  0/21 | 4:36:36 AM | UPDATE_IN_PROGRESS      | AWS::Lambda::Function                       | AppDependencies/ApiFn (ApiFnE0725F78) 
deploy-test	Run node scripts/esgiot-cdk.mjs deploy AppDependencies	2026-10-06T04:36:37.3547727Z fdp-test-app |  0/21 | 4:36:36 AM | UPDATE_IN_PROGRESS      | AWS::Lambda::Function                       | AppDependencies/IngestionFn (IngestionFn233E043F) 
deploy-test	Run node scripts/esgiot-cdk.mjs deploy AppDependencies	2026-10-06T04:36:37.3561770Z fdp-test-app |  0/21 | 4:36:36 AM | UPDATE_IN_PROGRESS      | AWS::Lambda::Function                       | AppDependencies/OnboardingDeadlineFn (OnboardingDeadlineFn980E8722) 
deploy-test	Run node scripts/esgiot-cdk.mjs deploy AppDependencies	2026-10-06T04:36:40.7414987Z fdp-test-app |  0/21 | 4:36:36 AM | UPDATE_IN_PROGRESS      | AWS::Lambda::Function                       | AppDependencies/DeviceApiFn (DeviceApiFn860282C7) 
deploy-test	Run node scripts/esgiot-cdk.mjs deploy AppDependencies	2026-10-06T04:36:47.5098564Z fdp-test-app |  1/21 | 4:36:43 AM | UPDATE_COMPLETE         | AWS::Lambda::Function                       | AppDependencies/ArchiveFn (ArchiveFn5585D223) 
deploy-test	Run node scripts/esgiot-cdk.mjs deploy AppDependencies	2026-10-06T04:36:47.5112636Z fdp-test-app |  2/21 | 4:36:43 AM | UPDATE_COMPLETE         | AWS::Lambda::Function                       | AppDependencies/NotificationPublisherFn (NotificationPublisherFn73516682) 
deploy-test	Run node scripts/esgiot-cdk.mjs deploy AppDependencies	2026-10-06T04:36:47.5124442Z fdp-test-app |  3/21 | 4:36:43 AM | UPDATE_COMPLETE         | AWS::Lambda::Function                       | AppDependencies/EsgExportFn (EsgExportFn4FB12684) 
deploy-test	Run node scripts/esgiot-cdk.mjs deploy AppDependencies	2026-10-06T04:36:47.5140097Z fdp-test-app |  4/21 | 4:36:43 AM | UPDATE_COMPLETE         | AWS::Lambda::Function                       | AppDependencies/OtaDispatcherFn (OtaDispatcherFn60AC5176) 
deploy-test	Run node scripts/esgiot-cdk.mjs deploy AppDependencies	2026-10-06T04:36:47.5152283Z fdp-test-app |  5/21 | 4:36:43 AM | UPDATE_COMPLETE         | AWS::Lambda::Function                       | AppDependencies/RetirementTimeoutFn (RetirementTimeoutFn5FA89DC8) 
deploy-test	Run node scripts/esgiot-cdk.mjs deploy AppDependencies	2026-10-06T04:36:47.5163936Z fdp-test-app |  6/21 | 4:36:43 AM | UPDATE_COMPLETE         | AWS::Lambda::Function                       | AppDependencies/CommandPublisherFn (CommandPublisherFn2C3A62E3) 
deploy-test	Run node scripts/esgiot-cdk.mjs deploy AppDependencies	2026-10-06T04:36:47.5177836Z fdp-test-app |  7/21 | 4:36:43 AM | UPDATE_COMPLETE         | AWS::Lambda::Function                       | AppDependencies/SummaryFn (SummaryFnDB90B184) 
deploy-test	Run node scripts/esgiot-cdk.mjs deploy AppDependencies	2026-10-06T04:36:47.5189137Z fdp-test-app |  8/21 | 4:36:43 AM | UPDATE_COMPLETE         | AWS::Lambda::Function                       | AppDependencies/OutboxPublisherFn (OutboxPublisherFn5402D4AC) 
deploy-test	Run node scripts/esgiot-cdk.mjs deploy AppDependencies	2026-10-06T04:36:47.5200904Z fdp-test-app |  9/21 | 4:36:43 AM | UPDATE_COMPLETE         | AWS::Lambda::Function                       | AppDependencies/ReplayFn (ReplayFn6908A346) 
deploy-test	Run node scripts/esgiot-cdk.mjs deploy AppDependencies	2026-10-06T04:36:47.5214952Z fdp-test-app | 10/21 | 4:36:43 AM | UPDATE_COMPLETE         | AWS::Lambda::Function                       | AppDependencies/ActivityExportFn (ActivityExportFn2D54E851) 
deploy-test	Run node scripts/esgiot-cdk.mjs deploy AppDependencies	2026-10-06T04:36:47.5226445Z fdp-test-app | 11/21 | 4:36:43 AM | UPDATE_COMPLETE         | AWS::Lambda::Function                       | AppDependencies/ReplayTriggerPublisherFn (ReplayTriggerPublisherFnDB45C8BB) 
deploy-test	Run node scripts/esgiot-cdk.mjs deploy AppDependencies	2026-10-06T04:36:47.5237924Z fdp-test-app | 12/21 | 4:36:43 AM | UPDATE_COMPLETE         | AWS::Lambda::Function                       | AppDependencies/CommandTimeoutFn (CommandTimeoutFnDCC08544) 
deploy-test	Run node scripts/esgiot-cdk.mjs deploy AppDependencies	2026-10-06T04:36:47.5249963Z fdp-test-app | 13/21 | 4:36:43 AM | UPDATE_COMPLETE         | AWS::Lambda::Function                       | AppDependencies/OnboardingProvisioningFn (OnboardingProvisioningFnE4A4C012) 
deploy-test	Run node scripts/esgiot-cdk.mjs deploy AppDependencies	2026-10-06T04:36:47.5262035Z fdp-test-app | 14/21 | 4:36:43 AM | UPDATE_COMPLETE         | AWS::Lambda::Function                       | AppDependencies/ApiFn (ApiFnE0725F78) 
deploy-test	Run node scripts/esgiot-cdk.mjs deploy AppDependencies	2026-10-06T04:36:47.5275288Z fdp-test-app | 15/21 | 4:36:43 AM | UPDATE_COMPLETE         | AWS::Lambda::Function                       | AppDependencies/OnboardingDeadlineFn (OnboardingDeadlineFn980E8722) 
deploy-test	Run node scripts/esgiot-cdk.mjs deploy AppDependencies	2026-10-06T04:36:47.5291013Z fdp-test-app | 16/21 | 4:36:43 AM | UPDATE_COMPLETE         | AWS::Lambda::Function                       | AppDependencies/OnboardingApiFn (OnboardingApiFn75D76C9A) 
deploy-test	Run node scripts/esgiot-cdk.mjs deploy AppDependencies	2026-10-06T04:36:47.5303158Z fdp-test-app | 17/21 | 4:36:43 AM | UPDATE_COMPLETE         | AWS::Lambda::Function                       | AppDependencies/CertPackageSweeperFn (CertPackageSweeperFnA3144633) 
deploy-test	Run node scripts/esgiot-cdk.mjs deploy AppDependencies	2026-10-06T04:36:47.5315302Z fdp-test-app | 18/21 | 4:36:43 AM | UPDATE_COMPLETE         | AWS::Lambda::Function                       | AppDependencies/DeviceApiFn (DeviceApiFn860282C7) 
deploy-test	Run node scripts/esgiot-cdk.mjs deploy AppDependencies	2026-10-06T04:36:47.5327394Z fdp-test-app | 19/21 | 4:36:43 AM | UPDATE_COMPLETE         | AWS::Lambda::Function                       | AppDependencies/IngestionFn (IngestionFn233E043F) 
deploy-test	Run node scripts/esgiot-cdk.mjs deploy AppDependencies	2026-10-06T04:36:50.8769513Z fdp-test-app | 20/21 | 4:36:50 AM | UPDATE_COMPLETE_CLEANUP | AWS::CloudFormation::Stack                  | fdp-test-app 
deploy-test	Run node scripts/esgiot-cdk.mjs deploy AppDependencies	2026-10-06T04:36:54.2415517Z fdp-test-app | 20/21 | 4:36:51 AM | UPDATE_COMPLETE         | AWS::CloudFormation::Stack                  | fdp-test-app 
deploy-test	Run node scripts/esgiot-cdk.mjs deploy AppDependencies	2026-10-06T04:36:55.6780814Z 
deploy-test	Run node scripts/esgiot-cdk.mjs deploy AppDependencies	2026-10-06T04:36:55.6781738Z ✅  AppDependencies (fdp-test-app)
deploy-test	Run node scripts/esgiot-cdk.mjs deploy AppDependencies	2026-10-06T04:36:55.6782046Z 
deploy-test	Run node scripts/esgiot-cdk.mjs deploy AppDependencies	2026-10-06T04:36:55.6782258Z ✨  Deployment time: 27.84s
deploy-test	Run node scripts/esgiot-cdk.mjs deploy AppDependencies	2026-10-06T04:36:55.6782472Z 
deploy-test	Run node scripts/esgiot-cdk.mjs deploy AppDependencies	2026-10-06T04:36:55.6782606Z Outputs:
deploy-test	Run node scripts/esgiot-cdk.mjs deploy AppDependencies	2026-10-06T04:36:55.6792417Z AppDependencies.AdminApiDomainHostedZoneId = ZL327KTPIQFUL
deploy-test	Run node scripts/esgiot-cdk.mjs deploy AppDependencies	2026-10-06T04:36:55.6793870Z AppDependencies.AdminApiDomainTarget = d-wch0foz7b3.execute-api.ap-southeast-1.amazonaws.com
deploy-test	Run node scripts/esgiot-cdk.mjs deploy AppDependencies	2026-10-06T04:36:55.6794837Z AppDependencies.AdminApiEndpointACFD5967 = https://ldark4ozek.execute-api.ap-southeast-1.amazonaws.com/test/
deploy-test	Run node scripts/esgiot-cdk.mjs deploy AppDependencies	2026-10-06T04:36:55.6795793Z AppDependencies.AdminApiUrl = https://api.bio-nexa.com/api/v1/
deploy-test	Run node scripts/esgiot-cdk.mjs deploy AppDependencies	2026-10-06T04:36:55.6796632Z AppDependencies.AdminBootstrapRunnerProjectName = fdp-test-admin-bootstrap-runner
deploy-test	Run node scripts/esgiot-cdk.mjs deploy AppDependencies	2026-10-06T04:36:55.6797603Z AppDependencies.AdminWebAmplifyAppId = d29sdr89i4zl0
deploy-test	Run node scripts/esgiot-cdk.mjs deploy AppDependencies	2026-10-06T04:36:55.6797953Z AppDependencies.AdminWebAmplifyBranchName = main
deploy-test	Run node scripts/esgiot-cdk.mjs deploy AppDependencies	2026-10-06T04:36:55.6798498Z AppDependencies.AdminWebAmplifyDefaultDomain = d29sdr89i4zl0.amplifyapp.com
deploy-test	Run node scripts/esgiot-cdk.mjs deploy AppDependencies	2026-10-06T04:36:55.6799241Z AppDependencies.AdminWebOrigin = https://admin.bio-nexa.com
deploy-test	Run node scripts/esgiot-cdk.mjs deploy AppDependencies	2026-10-06T04:36:55.6800319Z AppDependencies.ArchiveQueueUrl = https://sqs.ap-southeast-1.amazonaws.com/065986019555/fdp-test-archive
deploy-test	Run node scripts/esgiot-cdk.mjs deploy AppDependencies	2026-10-06T04:36:55.6801480Z AppDependencies.CertPackageKeyArn = arn:aws:kms:ap-southeast-1:065986019555:key/92a4f862-7dc0-4260-8132-5d2b1953c31b
deploy-test	Run node scripts/esgiot-cdk.mjs deploy AppDependencies	2026-10-06T04:36:55.6802589Z AppDependencies.DataKeyArn = arn:aws:kms:ap-southeast-1:065986019555:key/22af85c4-76d3-40c9-a849-0621740afe6c
deploy-test	Run node scripts/esgiot-cdk.mjs deploy AppDependencies	2026-10-06T04:36:55.6803587Z AppDependencies.DbEndpointAddress = fdp-test-db.c30ie84saulu.ap-southeast-1.rds.amazonaws.com
deploy-test	Run node scripts/esgiot-cdk.mjs deploy AppDependencies	2026-10-06T04:36:55.6804321Z AppDependencies.DbSecretArn = arn:aws:secretsmanager:ap-southeast-1:065986019555:secret:fdp-test-rds-credentials-hBessK
deploy-test	Run node scripts/esgiot-cdk.mjs deploy AppDependencies	2026-10-06T04:36:55.6804890Z AppDependencies.DeviceApiDomainHostedZoneId = ZL327KTPIQFUL
deploy-test	Run node scripts/esgiot-cdk.mjs deploy AppDependencies	2026-10-06T04:36:55.6805431Z AppDependencies.DeviceApiDomainTarget = d-o3ijadoene.execute-api.ap-southeast-1.amazonaws.com
deploy-test	Run node scripts/esgiot-cdk.mjs deploy AppDependencies	2026-10-06T04:36:55.6806116Z AppDependencies.DeviceApiEndpoint6E8144A4 = https://t363q8o51b.execute-api.ap-southeast-1.amazonaws.com/test/
deploy-test	Run node scripts/esgiot-cdk.mjs deploy AppDependencies	2026-10-06T04:36:55.6806693Z AppDependencies.DeviceApiUrl = https://device-api.bio-nexa.com/
deploy-test	Run node scripts/esgiot-cdk.mjs deploy AppDependencies	2026-10-06T04:36:55.6807132Z AppDependencies.ExportBucketName = fdp-test-export-065986019555
deploy-test	Run node scripts/esgiot-cdk.mjs deploy AppDependencies	2026-10-06T04:36:55.6807689Z AppDependencies.IngressQueueUrl = https://sqs.ap-southeast-1.amazonaws.com/065986019555/fdp-test-ingress
deploy-test	Run node scripts/esgiot-cdk.mjs deploy AppDependencies	2026-10-06T04:36:55.6808212Z AppDependencies.MediaBucketName = fdp-test-media-065986019555
deploy-test	Run node scripts/esgiot-cdk.mjs deploy AppDependencies	2026-10-06T04:36:55.6808657Z AppDependencies.MigrationRunnerProjectName = fdp-test-migration-runner
deploy-test	Run node scripts/esgiot-cdk.mjs deploy AppDependencies	2026-10-06T04:36:55.6809224Z AppDependencies.MigrationSourceBucketName = fdp-test-migration-source-065986019555-ap-southeast-1
deploy-test	Run node scripts/esgiot-cdk.mjs deploy AppDependencies	2026-10-06T04:36:55.6809947Z AppDependencies.OnboardingApiDomainHostedZoneId = ZL327KTPIQFUL
deploy-test	Run node scripts/esgiot-cdk.mjs deploy AppDependencies	2026-10-06T04:36:55.6810502Z AppDependencies.OnboardingApiDomainTarget = d-w75verkd54.execute-api.ap-southeast-1.amazonaws.com
deploy-test	Run node scripts/esgiot-cdk.mjs deploy AppDependencies	2026-10-06T04:36:55.6811219Z AppDependencies.OnboardingApiEndpointFDF673B9 = https://wxeml7cc33.execute-api.ap-southeast-1.amazonaws.com/test/
deploy-test	Run node scripts/esgiot-cdk.mjs deploy AppDependencies	2026-10-06T04:36:55.6811819Z AppDependencies.OnboardingApiUrl = https://onboard-api.bio-nexa.com/
deploy-test	Run node scripts/esgiot-cdk.mjs deploy AppDependencies	2026-10-06T04:36:55.6812233Z AppDependencies.OtaBucketName = fdp-test-ota-065986019555
deploy-test	Run node scripts/esgiot-cdk.mjs deploy AppDependencies	2026-10-06T04:36:55.6812793Z AppDependencies.OtaSigningKeyArn = arn:aws:kms:ap-southeast-1:065986019555:key/2f3b0c18-1618-4547-8188-59cd4be554f9
deploy-test	Run node scripts/esgiot-cdk.mjs deploy AppDependencies	2026-10-06T04:36:55.6813685Z AppDependencies.QuarantineQueueUrl = https://sqs.ap-southeast-1.amazonaws.com/065986019555/fdp-test-quarantine
deploy-test	Run node scripts/esgiot-cdk.mjs deploy AppDependencies	2026-10-06T04:36:55.6814210Z AppDependencies.RawBucketName = fdp-test-raw-065986019555
deploy-test	Run node scripts/esgiot-cdk.mjs deploy AppDependencies	2026-10-06T04:36:55.6814734Z AppDependencies.ReplayQueueUrl = https://sqs.ap-southeast-1.amazonaws.com/065986019555/fdp-test-replay
deploy-test	Run node scripts/esgiot-cdk.mjs deploy AppDependencies	2026-10-06T04:36:55.6815410Z AppDependencies.RuleErrorQueueUrl = https://sqs.ap-southeast-1.amazonaws.com/065986019555/fdp-test-iot-rule-error
deploy-test	Run node scripts/esgiot-cdk.mjs deploy AppDependencies	2026-10-06T04:36:55.6816006Z AppDependencies.TruststoreBucketName = fdp-test-mtls-truststore-065986019555
deploy-test	Run node scripts/esgiot-cdk.mjs deploy AppDependencies	2026-10-06T04:36:55.6816461Z AppDependencies.UserPoolClientId = 5ljdjsf9g563mc1vdc7vjdjm09
deploy-test	Run node scripts/esgiot-cdk.mjs deploy AppDependencies	2026-10-06T04:36:55.6816834Z AppDependencies.UserPoolId = ap-southeast-1_hZMX8LpFo
deploy-test	Run node scripts/esgiot-cdk.mjs deploy AppDependencies	2026-10-06T04:36:55.6817099Z Stack ARN:
deploy-test	Run node scripts/esgiot-cdk.mjs deploy AppDependencies	2026-10-06T04:36:55.6817533Z arn:aws:cloudformation:ap-southeast-1:065986019555:stack/fdp-test-app/f6ae9780-b495-11f1-9a00-02ffeb9f5f63
deploy-test	Run node scripts/esgiot-cdk.mjs deploy AppDependencies	2026-10-06T04:36:55.6817847Z 
deploy-test	Run node scripts/esgiot-cdk.mjs deploy AppDependencies	2026-10-06T04:36:55.6818029Z ✨  Total time: 101.7s
deploy-test	Run node scripts/esgiot-cdk.mjs deploy AppDependencies	2026-10-06T04:36:55.6818163Z 
