
> food-digester-platform@0.0.0 verify /Users/anray/Documents/project/hiddenjoyacom/food-digester-platform
> pnpm lint && pnpm format:check && pnpm typecheck && pnpm openapi:check && pnpm test && pnpm build && pnpm check:boundaries && pnpm check:schemas && pnpm check:migrations && pnpm check:evidence && pnpm check:secrets && pnpm check:sensitive-sinks && pnpm check:admin-web-delivery && pnpm check:admin-web-e2e && pnpm check:cmd-ota-delivery && pnpm test:device-contracts /tmp/fdp-device-contracts-gate.json && pnpm test:iot-integration /tmp/fdp-iot-integration-gate.json && pnpm test:core-api-integration /tmp/fdp-core-api-integration-gate.json && pnpm test:admin-e2e-suite /tmp/fdp-admin-e2e-gate.json && pnpm test:security-suite /tmp/fdp-security-gate.json && pnpm test:reliability-suite /tmp/fdp-reliability-gate.json && pnpm test:prototype-regression /tmp/fdp-prototype-regression-gate.json


> food-digester-platform@0.0.0 lint /Users/anray/Documents/project/hiddenjoyacom/food-digester-platform
> eslint .


> food-digester-platform@0.0.0 format:check /Users/anray/Documents/project/hiddenjoyacom/food-digester-platform
> prettier --check .

Checking formatting...
All matched files use Prettier code style!

> food-digester-platform@0.0.0 typecheck /Users/anray/Documents/project/hiddenjoyacom/food-digester-platform
> turbo run typecheck


   • Packages in scope: @fdp/admin-web, @fdp/archive-worker, @fdp/auth, @fdp/aws-clients, @fdp/cloud-api, @fdp/contracts, @fdp/database, @fdp/domain, @fdp/infra, @fdp/ingestion-worker, @fdp/media, @fdp/observability, @fdp/summary-worker
   • Running typecheck in 13 packages
   • Remote caching disabled

@fdp/database:generate: cache miss, executing 1e899b977782963d
@fdp/observability:typecheck: cache hit, replaying logs 18983a7c80d9e54a
@fdp/observability:typecheck: 
@fdp/observability:typecheck: > @fdp/observability@0.0.0 typecheck /Users/anray/Documents/project/hiddenjoyacom/food-digester-platform/packages/observability
@fdp/observability:typecheck: > tsc -p tsconfig.json
@fdp/observability:typecheck: 
@fdp/aws-clients:typecheck: cache hit, replaying logs 767e47322641a244
@fdp/observability:build: cache hit, replaying logs fd5773ea404bb20d
@fdp/aws-clients:typecheck: 
@fdp/infra:typecheck: cache hit, replaying logs 501d8e78370248ae
@fdp/contracts:build: cache hit, replaying logs badb40bf08f6da73
@fdp/contracts:typecheck: cache hit, replaying logs aa15856efcfb63ca
@fdp/aws-clients:typecheck: > @fdp/aws-clients@0.0.0 typecheck /Users/anray/Documents/project/hiddenjoyacom/food-digester-platform/packages/aws-clients
@fdp/aws-clients:typecheck: > tsc -p tsconfig.json
@fdp/aws-clients:typecheck: 
@fdp/observability:build: 
@fdp/observability:build: > @fdp/observability@0.0.0 build /Users/anray/Documents/project/hiddenjoyacom/food-digester-platform/packages/observability
@fdp/contracts:build: 
@fdp/contracts:build: > @fdp/contracts@0.0.0 build /Users/anray/Documents/project/hiddenjoyacom/food-digester-platform/contracts
@fdp/contracts:build: > node -e "console.log('@fdp/contracts 为源码契约包：内部使用 .ts 扩展名互引，不经 tsc 构建；消费方经 tsx/打包器直接使用源码')"
@fdp/contracts:build: 
@fdp/contracts:build: @fdp/contracts 为源码契约包：内部使用 .ts 扩展名互引，不经 tsc 构建；消费方经 tsx/打包器直接使用源码
@fdp/observability:build: > tsc -p tsconfig.build.json
@fdp/observability:build: 
@fdp/infra:typecheck: 
@fdp/infra:typecheck: > @fdp/infra@0.0.0 typecheck /Users/anray/Documents/project/hiddenjoyacom/food-digester-platform/infra
@fdp/infra:typecheck: > tsc -p tsconfig.json
@fdp/infra:typecheck: 
@fdp/contracts:typecheck: 
@fdp/contracts:typecheck: > @fdp/contracts@0.0.0 typecheck /Users/anray/Documents/project/hiddenjoyacom/food-digester-platform/contracts
@fdp/contracts:typecheck: > tsc -p tsconfig.json
@fdp/contracts:typecheck: 
@fdp/aws-clients:build: cache hit, replaying logs 72b741ff8e28f9c8
@fdp/domain:typecheck: cache hit, replaying logs fd26312a4c0953c8
@fdp/domain:typecheck: 
@fdp/domain:typecheck: > @fdp/domain@0.0.0 typecheck /Users/anray/Documents/project/hiddenjoyacom/food-digester-platform/packages/domain
@fdp/domain:typecheck: > tsc -p tsconfig.json
@fdp/domain:typecheck: 
@fdp/aws-clients:build: 
@fdp/aws-clients:build: > @fdp/aws-clients@0.0.0 build /Users/anray/Documents/project/hiddenjoyacom/food-digester-platform/packages/aws-clients
@fdp/aws-clients:build: > tsc -p tsconfig.build.json
@fdp/aws-clients:build: 
@fdp/domain:build: cache hit, replaying logs 47ef0249a0b99843
@fdp/domain:build: 
@fdp/domain:build: > @fdp/domain@0.0.0 build /Users/anray/Documents/project/hiddenjoyacom/food-digester-platform/packages/domain
@fdp/domain:build: > tsc -p tsconfig.build.json
@fdp/domain:build: 
@fdp/database:generate: 
@fdp/database:generate: > @fdp/database@0.0.0 generate /Users/anray/Documents/project/hiddenjoyacom/food-digester-platform/packages/database
@fdp/database:generate: > prisma generate
@fdp/database:generate: 
@fdp/database:generate: Loaded Prisma config from prisma.config.ts.
@fdp/database:generate: 
@fdp/database:generate: Prisma schema loaded from prisma/schema.prisma.
@fdp/database:generate: 
@fdp/database:generate: ✔ Generated Prisma Client (7.9.1) to ./src/generated in 134ms
@fdp/database:generate: 
@fdp/database:typecheck: cache miss, executing c6f4e8f4b8298cd8
@fdp/database:build: cache miss, executing 663b853459118512
@fdp/database:build: 
@fdp/database:build: > @fdp/database@0.0.0 build /Users/anray/Documents/project/hiddenjoyacom/food-digester-platform/packages/database
@fdp/database:build: > tsc -p tsconfig.build.json
@fdp/database:build: 
@fdp/database:typecheck: 
@fdp/database:typecheck: > @fdp/database@0.0.0 typecheck /Users/anray/Documents/project/hiddenjoyacom/food-digester-platform/packages/database
@fdp/database:typecheck: > tsc -p tsconfig.json
@fdp/database:typecheck: 
@fdp/auth:typecheck: cache miss, executing de28547f847881c4
@fdp/media:typecheck: cache miss, executing 80f44a8eab7b3afe
@fdp/media:build: cache miss, executing f3503ccb6a376769
@fdp/auth:build: cache miss, executing 61adfc3b72d2c823
@fdp/summary-worker:typecheck: cache miss, executing e7abe02092dd4281
@fdp/archive-worker:typecheck: cache miss, executing 4f697b9df6811301
@fdp/media:typecheck: 
@fdp/media:typecheck: > @fdp/media@0.0.0 typecheck /Users/anray/Documents/project/hiddenjoyacom/food-digester-platform/packages/media
@fdp/media:typecheck: > tsc -p tsconfig.json
@fdp/media:typecheck: 
@fdp/summary-worker:typecheck: 
@fdp/summary-worker:typecheck: > @fdp/summary-worker@0.0.0 typecheck /Users/anray/Documents/project/hiddenjoyacom/food-digester-platform/apps/summary-worker
@fdp/summary-worker:typecheck: > tsc -p tsconfig.json
@fdp/summary-worker:typecheck: 
@fdp/auth:typecheck: 
@fdp/auth:typecheck: > @fdp/auth@0.0.0 typecheck /Users/anray/Documents/project/hiddenjoyacom/food-digester-platform/packages/auth
@fdp/auth:typecheck: > tsc -p tsconfig.json
@fdp/auth:typecheck: 
@fdp/archive-worker:typecheck: 
@fdp/archive-worker:typecheck: > @fdp/archive-worker@0.0.0 typecheck /Users/anray/Documents/project/hiddenjoyacom/food-digester-platform/apps/archive-worker
@fdp/archive-worker:typecheck: > tsc -p tsconfig.json
@fdp/archive-worker:typecheck: 
@fdp/media:build: 
@fdp/media:build: > @fdp/media@0.0.0 build /Users/anray/Documents/project/hiddenjoyacom/food-digester-platform/packages/media
@fdp/media:build: > tsc -p tsconfig.build.json
@fdp/media:build: 
@fdp/auth:build: 
@fdp/auth:build: > @fdp/auth@0.0.0 build /Users/anray/Documents/project/hiddenjoyacom/food-digester-platform/packages/auth
@fdp/auth:build: > tsc -p tsconfig.build.json
@fdp/auth:build: 
@fdp/cloud-api:typecheck: cache miss, executing 6fafd7f7b3cdfa13
@fdp/ingestion-worker:typecheck: cache miss, executing 935492c457e8560e
@fdp/admin-web:typecheck: cache miss, executing 972fddb9f9ff1248
@fdp/ingestion-worker:typecheck: 
@fdp/ingestion-worker:typecheck: > @fdp/ingestion-worker@0.0.0 typecheck /Users/anray/Documents/project/hiddenjoyacom/food-digester-platform/apps/ingestion-worker
@fdp/ingestion-worker:typecheck: > tsc -p tsconfig.json
@fdp/ingestion-worker:typecheck: 
@fdp/admin-web:typecheck: 
@fdp/admin-web:typecheck: > @fdp/admin-web@0.0.0 typecheck /Users/anray/Documents/project/hiddenjoyacom/food-digester-platform/apps/admin-web
@fdp/admin-web:typecheck: > tsc -p tsconfig.json && tsc -p tsconfig.e2e.json
@fdp/admin-web:typecheck: 
@fdp/cloud-api:typecheck: 
@fdp/cloud-api:typecheck: > @fdp/cloud-api@0.0.0 typecheck /Users/anray/Documents/project/hiddenjoyacom/food-digester-platform/apps/cloud-api
@fdp/cloud-api:typecheck: > tsc -p tsconfig.json
@fdp/cloud-api:typecheck: 

 Tasks:    21 successful, 21 total
Cached:    9 cached, 21 total
  Time:    6.629s 


> food-digester-platform@0.0.0 openapi:check /Users/anray/Documents/project/hiddenjoyacom/food-digester-platform
> node scripts/build-openapi.mjs --check && redocly lint contracts/rest/openapi-base.json "contracts/rest/*-api.json" contracts/rest/openapi.bundle.json --extends spec

OpenAPI bundle 新鲜：contracts/rest/openapi.bundle.json

> food-digester-platform@0.0.0 test /Users/anray/Documents/project/hiddenjoyacom/food-digester-platform
> vitest run && pnpm test:contracts && pnpm test:scripts


 RUN  v4.1.11 /Users/anray/Documents/project/hiddenjoyacom/food-digester-platform


 Test Files  177 passed (177)
      Tests  1436 passed (1436)
   Start at  21:21:00
   Duration  70.48s (transform 8.51s, setup 1.19s, import 159.49s, tests 328.77s, environment 12.77s)


> food-digester-platform@0.0.0 test:contracts /Users/anray/Documents/project/hiddenjoyacom/food-digester-platform
> pnpm --filter @fdp/contracts test


> @fdp/contracts@0.0.0 test /Users/anray/Documents/project/hiddenjoyacom/food-digester-platform/contracts
> node --import tsx --test mqtt/*.test.ts mqtt/*.test.mjs domain/*.test.ts lifecycle/*.test.ts media/*.test.ts security/*.test.ts rest/*.test.ts iot/*.test.mjs archive/*.test.mjs configuration/*.test.ts settings/*.test.ts

✔ 合法 Manifest fixtures 通过校验 (0.825334ms)
✔ 非法 Manifest fixtures 被拒绝 (0.216541ms)
✔ DEC-016 已冻结且策略覆盖全部阻塞任务 (0.622209ms)
✔ 三类来源使用独立 Envelope 与互斥前缀 (0.129834ms)
✔ License/OTA 禁止伪装为 MQTT 原文，OTA 记录类型封闭 (0.059125ms)
✔ 归档 Envelope 判别字段和版本固定 (0.050083ms)
✔ DEC-018 策略结构有效、已冻结且覆盖全部阻塞任务 (0.854417ms)
✔ V1 只允许四字段，范围、单位、默认值与冻结值一致 (0.071125ms)
✔ Admin Configuration 与 Device Sync OpenAPI 逐字段匹配统一策略 (0.145333ms)
✔ TS 常量与 JSON 策略一致 (0.055375ms)
✔ 策略 JSON 通过自身 JSON Schema 结构校验 (0.81725ms)
✔ 负向结构：实时流启用、非法范围/刷新模式与缺失字段被 Schema 拒绝 (0.2725ms)
✔ x-decision-versions 引用 DEC-009 且版本与决策登记一致；prototype-traceability.yaml 同步 (0.065417ms)
✔ 冻结值定性规则可执行：仅最新授权 Media、手动刷新、禁实时流 (0.094834ms)
✔ 策略消费者均为合法任务 ID 且覆盖 DEC-009 阻塞任务 (0.497292ms)
✔ TS 常量与 camera-interaction-policy.json 完全一致 (0.245958ms)
✔ 策略 JSON 通过自身 JSON Schema 结构校验 (0.754ms)
✔ 负向结构：数据来源篡改与缺失字段被 Schema 拒绝 (0.369375ms)
✔ x-decision-versions 引用 DEC-008 且版本与决策登记一致；prototype-traceability.yaml 同步 (0.064ms)
✔ 冻结值定性规则可执行：封闭类型集合、仅设备上报、禁云端臆测 (0.100292ms)
✔ 冻结参数可执行：正式名称、阈值和 24 小时过期规则 (0.208ms)
✔ 策略消费者均为合法任务 ID 且覆盖 DEC-008 阻塞任务 (0.115459ms)
✔ TS 常量与 consumables-policy.json 完全一致 (0.089375ms)
✔ 策略 JSON 通过自身 JSON Schema 结构校验 (1.402417ms)
✔ 负向结构：联动规则反转与缺失字段被 Schema 拒绝 (0.361958ms)
✔ x-decision-versions 引用 DEC-007 且版本与决策登记一致；prototype-traceability.yaml 同步 (0.084959ms)
✔ 冻结值定性规则可执行：职责划分、联动与展示 (0.127958ms)
✔ 策略消费者均为合法任务 ID 且覆盖 DEC-007 阻塞任务与关联任务 (0.609583ms)
✔ TS 常量与 contract-license-relation.json 完全一致 (0.258458ms)
✔ DEC-019 alias 策略已冻结且无待定参数 (0.55425ms)
✔ TS、JSON 与 Admin Device OpenAPI 使用同一 alias 规则 (0.0985ms)
✔ 策略 JSON 通过自身 JSON Schema 结构校验 (0.75925ms)
✔ 负向结构：单字段混用、独立存储"启用"与缺失字段被 Schema 拒绝 (0.298125ms)
✔ x-decision-versions 引用 DEC-010 且版本与决策登记一致；prototype-traceability.yaml 同步 (0.066042ms)
✔ 冻结值定性规则可执行：四轴分离、禁单字段混用、派生原则 (0.128167ms)
✔ 冻结参数可执行：启用由 Active 生命周期和有效 License 派生 (0.05325ms)
✔ 策略消费者均为合法任务 ID 且覆盖 DEC-010 阻塞任务与关联任务 (0.113291ms)
✔ TS 常量与 device-status-axes-policy.json 完全一致 (0.065708ms)
✔ 策略 JSON 通过自身 JSON Schema 结构校验 (0.710125ms)
✔ 负向结构：设备地域真值与缺失字段被 Schema 拒绝 (0.222333ms)
✔ x-decision-versions 引用 DEC-011 且版本与决策登记一致；prototype-traceability.yaml 同步 (0.062791ms)
✔ 冻结值定性规则可执行：层级链、Site 属性、设备仅关联 Site (0.104958ms)
✔ 策略消费者均为合法任务 ID 且覆盖 DEC-011 阻塞任务 (0.116542ms)
✔ TS 常量与 geo-model-policy.json 完全一致 (0.06325ms)
✔ 策略 JSON 通过自身 JSON Schema 结构校验 (0.710833ms)
✔ 负向结构：AWS 授权、矩阵可编辑与缺失字段被 Schema 拒绝 (0.288416ms)
✔ x-decision-versions 引用 DEC-012 且版本与决策登记一致；prototype-traceability.yaml 同步 (0.062375ms)
✔ 冻结值定性规则可执行：封闭映射、界面名、AWS 权限与矩阵规则 (0.143583ms)
✔ 策略消费者均为合法任务 ID 且覆盖 DEC-012 阻塞任务 (0.117458ms)
✔ TS 常量与 role-mapping-policy.json 完全一致 (0.076291ms)
✔ Envelope 必填五个 iot* 上下文字段，Payload 平铺透传 (0.561417ms)
✔ iotType 枚举与 topic-catalog 上行类型严格一致（8 个） (0.084041ms)
✔ 所有合法 Fixture 通过校验（含 Payload 内不可信身份字段的样本） (0.286042ms)
✔ 所有非法 Fixture 被稳定拒绝且错误路径正确 (0.114333ms)
✔ 矩阵 JSON 通过自身 JSON Schema 结构校验 (1.214375ms)
✔ 负向结构：缺失必填字段、非法枚举与额外行为键被 Schema 拒绝 (0.49575ms)
✔ x-decision-versions 引用 DEC-001 且版本与决策登记一致 (0.098792ms)
✔ 冻结值：独立状态；允许维护、同步、遥测、告警和 OTA (0.091625ms)
✔ Maintenance Sync 节奏为 15 分钟（Suspended 节奏） (0.054167ms)
✔ 失败关闭：未知行为拒绝并抛出稳定错误 (0.186ms)
✔ 命令策略与 command-catalog 一致：Maintenance 允许集合 == Suspended 允许集合 (0.117416ms)
✔ 行为条目消费者均为合法任务 ID 且覆盖 DEC-001 阻塞任务 (0.127792ms)
✔ TS 常量与 maintenance-behavior-matrix.json 完全一致 (0.126125ms)
✔ DEC-017 策略结构有效、已冻结且覆盖全部阻塞任务 (0.806167ms)
✔ 24 小时截止从证书包存储开始，截止边界包含在超时内 (2.242041ms)
✔ 超时处置、迟到 Heartbeat 与重新申请规则失败关闭 (0.075875ms)
✔ TS 常量与 JSON 策略一致 (0.068958ms)
✔ 策略 JSON 通过自身 JSON Schema 结构校验 (1.5215ms)
✔ 负向结构：存储位置篡改、非法处置行为与缺失字段被 Schema 拒绝 (0.674709ms)
✔ x-decision-versions 引用 DEC-005 且版本与决策登记一致 (0.124042ms)
✔ 冻结值定性规则可执行：RDS 元数据 / S3 文件分离 (0.117709ms)
✔ 冻结参数可执行：元数据 365 天、文件 90 天且删除文件保留元数据 (1.18075ms)
✔ 策略消费者均为合法任务 ID 且覆盖 DEC-005 阻塞任务与关联任务 (0.16825ms)
✔ TS 常量与 media-retention-policy.json 完全一致 (0.111208ms)
✔ 策略 JSON 通过自身 JSON Schema 结构校验 (0.684792ms)
✔ 负向结构：客户端指定 Key、篡改冻结 TTL/配额与缺失字段被 Schema 拒绝 (0.327708ms)
✔ 锁定规则：mediaTypes 与 CT-03 media.schema.json 枚举一致；客户端不得指定 Key (2.595083ms)
✔ DEC-024 冻结值可执行且无待定参数 (0.18275ms)
✔ TS 常量与 media-upload-policy.json 完全一致 (0.370458ms)
✔ 22 个 Command 全部唯一且覆盖六大分类 (0.75175ms)
✔ 13 个 Notification 全部唯一且有设备动作映射 (0.130708ms)
✔ 高风险标记与文档一致（EMERGENCY_STOP/FACTORY_RESET/SHUTDOWN/全部加热、排料、电机控制） (0.073083ms)
✔ 允许状态矩阵无遗漏：22 命令 × 4 状态 (0.100125ms)
✔ Suspended 仅允许安全停止、诊断、同步和维护/恢复类命令 (0.065375ms)
✔ MAINTENANCE 按 Suspended 限制（DEC-001 冻结值） (0.045ms)
✔ 未知命令/通知在运行时被拒绝 (0.186584ms)
✔ denyReason 稳定且允许时返回 null (0.045208ms)
✔ TS 常量与 command-catalog.json / notification-catalog.json 完全一致 (0.097125ms)
✔ Schema 枚举与目录一致（cmd/ack command、notification type） (0.267292ms)
✔ 策略 JSON 通过自身 JSON Schema 结构校验 (0.705458ms)
✔ 负向结构：非法取值与缺失字段被 Schema 拒绝 (0.269334ms)
✔ x-decision-versions 引用 DEC-006 且版本与决策登记一致 (0.056625ms)
✔ 冻结值可执行：V1 下行 seq 可选、上行必填、Command 以 meta.id 幂等 (0.063042ms)
✔ 策略与 common.schema.json 一致：下行 metaBase 不要求 seq、id 必填；上行 metaSeq 要求 seq (0.056875ms)
✔ 下行/上行 Schema 的 meta 引用与策略一致 (0.608458ms)
✔ 策略消费者均为合法任务 ID 且覆盖 DEC-006 阻塞任务 (0.122333ms)
✔ TS 常量与 downlink-policy.json 完全一致 (0.092917ms)
✔ DEC-015 策略冻结、可追溯且覆盖全部阻塞任务 (0.62625ms)
✔ 唯一通道为既有 ACK；Topic 总数和 IoT 权限面不扩大 (0.069167ms)
✔ ACK 判别字段、关联键和 OTA 状态与冻结策略一致 (0.076417ms)
✔ 状态机只允许冻结的单向迁移；相同状态幂等 (0.064375ms)
✔ TS 常量与 JSON 策略完全一致 (0.078959ms)
✔ DEC-013 策略 JSON 通过自身 Schema 且覆盖登记阻塞任务 (0.794458ms)
✔ DEC-013 策略关键值被 Schema 锁定，篡改时失败关闭 (0.202916ms)
✔ DEC-013 策略冻结且无待定参数 (0.059291ms)
✔ Heartbeat 旧嵌套结构在兼容期转换为正式扁平结构且不修改原对象 (0.205ms)
✔ Telemetry motorCurrentAmp 在兼容期转换为 currentAmp；同值并存允许、冲突失败关闭 (0.280166ms)
✔ 兼容截止边界起拒绝嵌套结构、motorCurrentAmp 与 DISCHARING (0.091084ms)
✔ RFC 8785 固定向量与 audit.hash 覆盖 {meta,data} (0.176792ms)
✔ 11 类消息均有 Schema 和 Fixture，且每类 >=1 合法 + >=3 非法 (1.811541ms)
✔ 所有合法 Fixture 通过校验 (3.811583ms)
✔ 所有非法 Fixture 被稳定拒绝并返回明确错误路径 (0.963667ms)
✔ 非法枚举被稳定拒绝且路径明确 (0.076625ms)
✔ 单位/类型错误被拒绝（integer 不接受小数与字符串） (0.212959ms)
✔ 缺少必填字段被拒绝（meta.id、上行 seq、Heartbeat 必填 data 字段） (0.160833ms)
✔ 额外身份字段（customerId/tenantId/deviceId）在各层均被拒绝 (0.149291ms)
✔ 下行消息 meta.seq 可选（DEC-006），上行强制 (3.995458ms)
✔ Telemetry/Report/Tamper 强制 audit.hash；Command 禁止 audit（DEC-002） (0.336958ms)
✔ DEC-013：Audited 合法 Fixture 携带可复算的 RFC 8785 audit.hash (0.412375ms)
✔ schemaVer 缺省按 1.0 归一化；非法 schemaVer 被拒绝 (0.183417ms)
✔ meta.id 字符集与长度固定 (0.093167ms)
✔ payloads.ts 与 Schema 保持一致（生成器新鲜度） (0.986125ms)
✔ 全部 Schema 的 x-decision-versions 可追溯到决策登记 (1.564167ms)
✔ Telemetry current (0.356375ms)
✔ Telemetry past 300s (0.049792ms)
✔ Telemetry past 301s (0.04225ms)
✔ Telemetry past 24h inclusive (0.035792ms)
✔ Telemetry past 24h plus 1ms (0.044291ms)
✔ Telemetry future 300s inclusive (2.73125ms)
✔ Telemetry future 300s plus 1ms (0.069666ms)
✔ other topics retain symmetric 300-second tolerance (0.08775ms)
✔ configured tolerance affects future bound but cannot enlarge Telemetry history (0.060042ms)
✔ invalid numeric policy inputs fail closed (0.089166ms)
✔ Tier 登记 JSON 通过自身 JSON Schema 结构校验 (0.898417ms)
✔ 负向结构：非法 Tier、未知 Topic 键与缺失字段被 Schema 拒绝 (0.494958ms)
✔ x-decision-versions 引用 DEC-002 且版本与决策登记一致 (0.062666ms)
✔ 冻结值：Telemetry/Report/Tamper 为 AUDITED，Command 及其余为 STANDARD (0.133625ms)
✔ Tier 与 topic-catalog.json 的 payloadEnvelope 完全一致 (0.05975ms)
✔ Tier 与 11 个 MQTT Schema 的 audit 强制完全一致 (0.557875ms)
✔ 失败关闭：未知 Topic 拒绝并抛出稳定错误 (0.201041ms)
✔ Tier 条目消费者均为合法任务 ID 且覆盖 DEC-002 阻塞任务 (0.134375ms)
✔ 登记覆盖全部 11 个 Topic 且 TS 常量与 topic-tier.json 完全一致 (0.107458ms)
✔ catalog 恰好包含 8 个上行和 3 个下行 Topic (3.491791ms)
✔ 11 个 Topic 的方向与 QoS 矩阵全部符合契约 (0.244792ms)
✔ TS 常量与 topic-catalog.json 完全一致 (0.195875ms)
✔ 合法 Topic 可解析出 deviceId/type/direction (0.291291ms)
✔ buildTopic 与 parseTopic 往返一致 (0.186334ms)
✔ 未知层级和空 deviceId 被拒绝 (0.479833ms)
✔ buildTopic 拒绝空和非法 deviceId (0.182875ms)
✔ 权限模板：设备只能发布自身上行、只能订阅自身下行 (0.635208ms)
✔ 权限模板拒绝非法 deviceId (0.212625ms)
✔ 六个端点齐备且 CognitoJwt 认证；响应码齐备 (1.936458ms)
✔ 筛选参数齐备：severity/status/device/site/时间范围 + 游标分页 (0.250916ms)
✔ Schema 封闭：Alarm 处理字段（操作者/原因/时间）与 replayed 齐备；确认/清除强制 reason (0.241333ms)
✔ 所有 $ref 可解析（内部引用 + 同目录相对引用 openapi-base.json） (0.930959ms)
✔ 端点齐备且 CognitoJwt 认证：列表 + 详情 (0.613417ms)
✔ 只读 API：不存在任何写路由（post/put/patch/delete） (0.06775ms)
✔ 筛选参数齐备（actor/Customer/对象/动作/结果/时间 + 游标分页）；响应不暴露敏感字段 (0.116875ms)
✔ 所有 $ref 可解析（内部引用 + openapi-base.json） (0.898666ms)
✔ 端点存在且 Cognito 认证；轮换请求视图为七字段且不含密钥材料 (0.571583ms)
✔ 所有 $ref 可解析（内部引用 + 同目录相对引用 openapi-base.json） (0.185708ms)
✔ 端点齐备且 CognitoJwt 认证；201 创建 + 200 幂等重放 + 409 冲突/状态门 (0.613083ms)
✔ 命令枚举与 CT-04 目录 22 个白名单一致；确认凭证与 timeoutSec 边界齐备 (0.142ms)
✔ 响应 Schema 封闭且含 requestedBy/expiresAt/replayed/confirmedBy (0.073625ms)
✔ BE-CMD-03 查询端点齐备：列表/详情 + 状态枚举 + attempts/acks 时间线 (0.118541ms)
✔ 所有 $ref 可解析（内部引用 + 同目录相对引用 openapi-base.json） (0.296458ms)
✔ 七个端点齐备且 Cognito 认证；operationId 与响应码齐备 (0.650333ms)
✔ Schema 封闭：DEC-018 冻结 V1 四字段、单位、范围与默认值 (0.725917ms)
✔ 所有 $ref 可解析（内部引用 + 同目录相对引用 openapi-base.json） (0.317041ms)
✔ 列表与按需联系人端点齐备且 Cognito 认证；筛选参数齐备 (0.603542ms)
✔ Schema 封闭：两种耗材列恒在；列表零联系人 PII；按需联系人独立；百分比 0~100 (0.091834ms)
✔ 所有 $ref 可解析（内部引用 + 同目录相对引用 openapi-base.json） (1.149ms)
✔ 六个端点齐备且 Cognito 认证；状态迁移强制 If-Match (0.677917ms)
✔ Schema 封闭：四态枚举/source 固定 ADMIN/幂等 replayed/完整历史字段 (0.093208ms)
✔ 所有 $ref 可解析（内部引用 + 同目录相对引用 openapi-base.json） (1.181875ms)
✔ 八个端点齐备且 Cognito 认证；写操作强制 If-Match (0.693791ms)
✔ Schema 封闭：五态枚举/唯一编号/强制原因/派生状态/最小权限 contact (0.848083ms)
✔ 所有 $ref 可解析（内部引用 + 同目录相对引用 openapi-base.json） (1.203417ms)
✔ 五个端点齐备且 Cognito 认证；operationId 与响应码齐备 (0.608666ms)
✔ Schema 封闭：设备视图字段齐备/关联窗口/强制原因/批量语义 (0.122542ms)
✔ 所有 $ref 可解析（内部引用 + 同目录相对引用 openapi-base.json） (1.29775ms)
✔ 六端点齐备且 Cognito 认证；写操作声明 If-Match；响应码齐备 (0.678375ms)
✔ Customer 视图六字段封闭；status 枚举 ACTIVE|SUSPENDED；请求体封闭 (0.081709ms)
✔ 所有 $ref 可解析（内部引用 + 同目录相对引用 openapi-base.json） (0.654708ms)
✔ 端点齐备且 CognitoJwt 认证：仅 GET 总览（只读，无写路由） (0.565417ms)
✔ 总览 DTO 齐备：Contract/设备分布/在线率/今日 ESG/最新告警/设备卡片；四轴分离不合并 (0.165833ms)
✔ 所有 $ref 可解析（内部引用 + openapi-base.json） (0.976667ms)
✔ 列表/详情端点存在且 Cognito 认证；筛选参数齐备；响应码齐备 (0.642042ms)
✔ Device 视图字段封闭（原型设备群表格字段均有来源）；证书仅摘要 (0.156875ms)
✔ BE-DEV-06 元数据 PATCH 端点：白名单仅 alias + If-Match 乐观锁 + 409 冲突语义 (0.084458ms)
✔ 所有 $ref 可解析（内部引用 + 同目录相对引用 openapi-base.json） (0.269542ms)
✔ 分配/历史端点齐备且 Cognito 认证；响应码齐备 (0.734125ms)
✔ DeviceAssignment 视图封闭：授权窗口（assignedAt/endedAt）+ 幂等/通知字段齐备 (0.083875ms)
✔ 所有 $ref 可解析（内部引用 + 同目录相对引用 openapi-base.json） (0.721ms)
✔ 端点齐备且 CognitoJwt 认证：console/activities/export/导出详情 (0.632333ms)
✔ 四轴分离 + 数据块 observedAt/stale/单位；最新 Media 可选块稳定可空 (0.113209ms)
✔ 不透传 MQTT 原始消息、不含实时流/运维字段；所有 $ref 可解析 (1.364084ms)
✔ retire/force-complete 端点齐备且 Cognito 认证；响应码齐备 (0.606666ms)
✔ 请求体封闭：retire 强制原因 + confirm 恒 true；视图封闭且通知枚举正确 (0.09075ms)
✔ 所有 $ref 可解析（内部引用 + 同目录相对引用 openapi-base.json） (1.17975ms)
✔ suspend/reactivate 端点齐备且 Cognito 认证；响应码齐备 (0.609ms)
✔ 请求体封闭：挂起强制原因；恢复强制原因 + issueResolved 恒 true；通知枚举正确 (0.085542ms)
✔ 所有 $ref 可解析（内部引用 + 同目录相对引用 openapi-base.json） (1.156167ms)
✔ 七个端点齐备且 Cognito 认证；写操作强制 If-Match (1.904625ms)
✔ Schema 封闭：管理 DTO 无 PHC；写接口只受控接收 writeOnly password (0.282292ms)
✔ 所有 $ref 可解析（内部引用 + 同目录相对引用 openapi-base.json） (0.902042ms)
✔ 八个端点齐备且 CognitoJwt 认证；导出创建返回 202 (1.416625ms)
✔ 查询筛选参数齐备（customerId/siteId/deviceId/时间范围 + 游标）；reports 含 reportType (0.246792ms)
✔ Schema 封闭：导出数据集枚举、短期 URL 过期字段、CSV 一致性字段 (0.163583ms)
✔ 所有 $ref 可解析（内部引用 + 同目录相对引用 openapi-base.json） (0.873583ms)
✔ 八个端点齐备且 Cognito 认证；operationId 与响应码齐备 (0.667917ms)
✔ Schema 封闭：七态枚举/Entitlement 三码/签名字段/强制原因/幂等与派生字段 (0.760292ms)
✔ 所有 $ref 可解析（内部引用 + 同目录相对引用 openapi-base.json） (0.833083ms)
✔ 四个审批端点存在且使用 Cognito JWT 认证 (0.563958ms)
✔ approve/reject 强制 If-Match；reject 强制 reason (0.099ms)
✔ 申请 DTO 不含 CSR 原文 (0.053708ms)
✔ 管理端明确暴露内部 TIMED_OUT，列表状态过滤为封闭枚举 (0.939542ms)
✔ 所有 $ref 可解析（内部引用 + 同目录相对引用 openapi-base.json） (0.513375ms)
✔ 端点齐备且 CognitoJwt 认证：创建/列表/详情/targets/扩大批次/pause/resume/cancel/retry (0.693917ms)
✔ 首批强制恰好 1 台；最终全量审批契约封闭；状态机枚举封闭 (0.07975ms)
✔ 视图封闭且不泄露内部字段；批次/重试结果结构稳定 (0.069416ms)
✔ 所有 $ref 可解析（内部引用 + 同目录相对引用 openapi-base.json） (0.351ms)
✔ 端点齐备且 CognitoJwt 认证：上传会话/complete/列表/详情 (1.003ms)
✔ packageType/sha256 与 CT-03 OTA Schema 一致；创建字段封闭且签名必填 (0.072ms)
✔ 状态机封闭：UPLOADED/VERIFIED/RETIRED；可发布=VERIFIED；视图不泄露信任根 (0.089833ms)
✔ 所有 $ref 可解析（内部引用 + 同目录相对引用 openapi-base.json） (0.253375ms)
✔ 端点存在且 Cognito 认证；三端点（create/list/detail）响应码齐备 (0.609167ms)
✔ ReplayJob 视图七字段封闭；状态枚举与统计字段齐备；scope 封闭 (0.088083ms)
✔ 所有 $ref 可解析（内部引用 + 同目录相对引用 openapi-base.json） (0.75225ms)
✔ 端点齐备且 CognitoJwt 认证：列表/读取/更新（无删除与新建路由） (0.59625ms)
✔ 封闭 key 集与乐观锁版本控制；固定枚举不可经 API 改写 (0.11525ms)
✔ 所有 $ref 可解析（内部引用 + openapi-base.json） (0.7645ms)
✔ 六端点齐备且 Cognito 认证；写操作声明 If-Match；响应码齐备 (0.633375ms)
✔ Site 视图字段封闭（含 deviceCount/version）；status 枚举；请求体封闭且更新体不含 customerId (0.082375ms)
✔ 所有 $ref 可解析（内部引用 + 同目录相对引用 openapi-base.json） (0.87075ms)
✔ 端点齐备且 CognitoJwt 认证：列表/邀请/角色/scope/停用/密码重置 (0.637083ms)
✔ 角色封闭集与 DEC-012 映射；输入不含密码字段；响应不含凭证材料 (0.133375ms)
✔ 所有 $ref 可解析（内部引用 + openapi-base.json） (0.816167ms)
✔ 端点存在且使用 Device mTLS 认证 (1.254583ms)
✔ 轮换契约：请求强制 currentCertificateId；响应五字段；409/403/400/401 齐整 (0.277083ms)
✔ 状态契约为四态枚举且响应不含 PEM/私钥字段 (0.1195ms)
✔ 状态查询由 mTLS 身份定位证书，不增加源稿未定义的 deviceId Query (0.060291ms)
✔ 所有 $ref 可解析（内部引用 + 同目录相对引用 openapi-base.json） (0.694458ms)
✔ deactivate 端点齐备且 DeviceMtls 认证；响应码齐备 (1.449583ms)
✔ 响应视图封闭：退役记录 + 证书摘要（无证书材料字段）；幂等字段齐备 (0.409208ms)
✔ 所有 $ref 可解析（内部引用 + 同目录相对引用 openapi-base.json） (1.174917ms)
✔ BE-ONB-01 端点存在且 CSR 首次申请无需预置 Token (0.5505ms)
✔ 请求体包含设备资料和必填 CSR (0.677708ms)
✔ 成功响应含 requestId 与 PENDING 状态（200 幂等重放 / 201 新建） (0.185042ms)
✔ 匿名申请负向响应覆盖稳定错误码语义：400/404/409/429/500 (0.157042ms)
✔ 所有 $ref 可解析（内部引用 + 同目录相对引用 openapi-base.json） (0.493375ms)
✔ BE-ONB-03 status 端点：requestId 与 CSR 私钥签名，三态响应不含设备私钥 (0.217291ms)
✔ BE-OTA-03 下载兑换必须使用 Device mTLS 且绑定 target/token (0.552166ms)
✔ 一次性兑换响应禁止缓存，并封闭安全失败状态 (0.085084ms)
✔ 六个设备 Endpoint 的 Method、Path 完整且认证方式符合 DEC-025 (0.639041ms)
✔ Onboarding 按 DEC-026 增加 chain 与 REST，保留顶层结构，不使用 data/meta 包裹 (0.07175ms)
✔ Certificate 与 Sync 关键字段遵循源稿日期、枚举、用户和配置结构 (0.088916ms)
✔ 管理端 License/Device 投影不把源稿 OTA entitlement 改名为 OTA_UPDATE (0.045125ms)
✔ 所有 REST OpenAPI 使用当前正式决策登记版本且无非法 SEC 决策引用 (6.462458ms)
✔ sync 端点齐备且 DeviceMtls 认证；响应码齐备 (0.630833ms)
✔ 请求体封闭：lastSyncTime 与可选许可证确认 (0.063333ms)
✔ 快照顶层与源稿六域同形，兼容元数据不成为必填线协议 (0.195042ms)
✔ Retired 退役确认待处理设备仍可 Sync，契约不在认证层全局拒绝 (0.078125ms)
✔ 所有 $ref 可解析（内部引用 + 同目录相对引用 openapi-base.json） (0.236916ms)
✔ 许可证确认绑定版本与快照，规范验签输入保留完整UTC时间 (0.061042ms)
✔ 基座 SuccessResponse 结构：data + meta(requestId, UTC timestamp) (1.698042ms)
✔ 游标分页响应与往返解析 (0.139875ms)
✔ 非法游标返回 CURSOR_INVALID（400） (0.149625ms)
✔ limit 归一化：默认 50，范围 1~100 (0.071416ms)
✔ Idempotency-Key：缺失/非法被拒绝，合法值透传 (0.099708ms)
✔ If-Match 并发版本冲突返回确定的 409 (0.172708ms)
✔ 验证失败有确定响应（400 + VALIDATION_FAILED） (0.084625ms)
✔ 异常映射器不泄露堆栈、SQL 或 AWS 内部错误 (0.057833ms)
✔ 错误码目录、HTTP 状态映射与 OpenAPI ErrorCode 枚举三者一致 (0.089959ms)
✔ OpenAPI 基座结构有效：四个 API 分组与安全方案 (0.098833ms)
✔ OpenAPI 基座所有内部 $ref 均可解析（无悬空引用） (0.143ms)
✔ 设备端：上传会话端点齐备且 DeviceMtls 认证；输入封闭；objectPath 由服务端签发 (0.5915ms)
✔ 管理端：列表/下载端点齐备且 CognitoJwt 认证；视图不泄露内部存储信息 (0.574584ms)
✔ Media 状态枚举封闭（AVAILABLE/DELETED）；配额/大小/TTL 引用 DEC-024 冻结值 (0.095041ms)
✔ 所有 $ref 可解析（内部引用 + openapi-base.json） (0.257917ms)
✔ 策略 JSON 通过自身 JSON Schema 结构校验 (0.694292ms)
✔ 负向结构：非法枚举、非空待冻结参数与缺失字段被 Schema 拒绝 (0.324583ms)
✔ x-decision-versions 引用 DEC-003 且版本与决策登记一致 (0.055833ms)
✔ 暂定值定性规则可执行：KMS 信封、一次性领取、成功即销毁、丢失重签 (0.063042ms)
✔ 冻结参数可直接执行：24 小时、一次成功领取、无待定参数 (0.068583ms)
✔ 策略消费者均为合法任务 ID 且覆盖 DEC-003 阻塞任务与 SEC-01 (0.11275ms)
✔ TS 常量与 certificate-package-policy.json 完全一致 (0.106875ms)
✔ 策略 JSON 通过自身 JSON Schema 结构校验 (0.690542ms)
✔ 负向结构：复用云端 Hash、非独立 salt 与非法字段被 Schema 拒绝 (0.326667ms)
✔ x-decision-versions 引用 DEC-004 且版本与决策登记一致 (0.055834ms)
✔ 暂定值定性规则可执行：设备本地专用、禁复用云端 Hash、每用户 salt、仅 Sync 下发 (0.094083ms)
✔ 冻结参数可直接执行：Argon2id PHC、固定参数与长度 (0.085125ms)
✔ 策略消费者均为合法任务 ID 且覆盖 DEC-004 阻塞任务 (0.108875ms)
✔ TS 常量与 device-user-verifier-policy.json 完全一致 (0.083ms)
✔ 策略 JSON 通过自身 JSON Schema 结构校验 (0.687041ms)
✔ 负向结构：跳过服务端验签、非失败关闭与内嵌信任根被 Schema 拒绝 (0.326833ms)
✔ 暂定值定性规则可执行：服务端验签强制、失败关闭、载荷字段锁定、信任根带外分发 (0.096708ms)
✔ DEC-022 冻结算法、信任根类型、编码且无待定参数 (0.05975ms)
✔ DEC-022 固定 RSA/SHA-256 测试向量可复验 (0.664542ms)
✔ 策略消费者均为合法任务 ID 且覆盖 BE-OTA-01 (0.10875ms)
✔ TS 常量与 ota-package-signature-policy.json 完全一致 (0.084333ms)
✔ 四类业务设置共享版本化 JSON Schema 与运行时校验器 (21.544875ms)
ℹ tests 302
ℹ suites 0
ℹ pass 302
ℹ fail 0
ℹ cancelled 0
ℹ skipped 0
ℹ todo 0
ℹ duration_ms 550.99475

> food-digester-platform@0.0.0 test:scripts /Users/anray/Documents/project/hiddenjoyacom/food-digester-platform
> node --import tsx --test scripts/*.test.mjs

✔ bootstrap input is bound to the normalized email and never accepts a password (0.718208ms)
✔ successful bootstrap creates Cognito identity before committing linked database user (0.203708ms)
✔ non-pristine Cognito or database fails before any mutation (0.201458ms)
✔ database failure deletes Cognito identity and records compensated failure (0.197459ms)
✔ failed Cognito compensation keeps reconciliation required (0.122541ms)
✔ source approval requires exact SHA and packager embeds committed SHA (5135.629042ms)
✔ runner without approved source fails closed without leaking configuration (26.049084ms)
✔ serial and parallel repeated browser receipts are validated (2.145042ms)
✔ fail closed: missing required flow (0.158833ms)
✔ fail closed: skipped execution (0.097666ms)
✔ fail closed: flaky execution (0.644917ms)
✔ fail closed: retry hides failure (0.269292ms)
✔ fail closed: unexpected error (0.221ms)
✔ fail closed: missing isolated trace (0.214542ms)
✔ fail closed: data prefix reused (1.206916ms)
✔ fail closed: context cleanup failed (0.135584ms)
✔ fail closed: unmocked network request (0.131292ms)
✔ fail closed: missing role proof (0.166917ms)
✔ fail closed: wrong route permission (0.176584ms)
✔ fail closed: Auditor OTA write enabled (0.140875ms)
✔ fail closed: missing MFA assertion (0.149792ms)
✔ fail closed: missing conflict response (0.1525ms)
✔ fail closed: missing forbidden response (0.139375ms)
✔ fail closed: missing repeat (0.066459ms)
✔ repeat traces cannot duplicate the first execution (0.119041ms)
✔ manifest exactly matches independent Playwright discovery (514.279ms)
✔ discovery fails closed: missing case (0.224291ms)
✔ discovery fails closed: extra case (0.0725ms)
✔ discovery fails closed: duplicate replacing required case (0.064875ms)
✔ old Viewer permission cannot pass the updated matrix (0.178417ms)
✔ required behavioral proof cannot be missing: QA-09 设备管理长别名和序列号在375px完整换行且不裁切 (0.175583ms)
✔ required behavioral proof cannot be missing: H-01 API 拒绝停用会话后清除浏览器会话并返回登录 (0.180333ms)
✔ required behavioral proof cannot be missing: M-01 CustomerViewer 从菜单查询设备用户详情，全部写入口隐藏 (0.222084ms)
✔ required behavioral proof cannot be missing: UI redesign: all business routes at 1366x768 (0.217375ms)
✔ required behavioral proof cannot be missing: UI redesign: all business routes at 1440x900 (0.354542ms)
✔ required behavioral proof cannot be missing: UI redesign: all business routes at 1920x1080 (0.120541ms)
✔ required behavioral proof cannot be missing: QA05 login SRP MFA error success logout without persisting password (0.115125ms)
✔ required behavioral proof cannot be missing: QA05 ESG cursor totals export snapshot timezone and empty state (0.105417ms)
✔ required behavioral proof cannot be missing: QA05 Command dangerous confirmation terminal result and publish failure (0.105208ms)
✔ required behavioral proof cannot be missing: QA05 Media expiry renew 403 and audit read-only zero writes (0.109ms)
✔ serial and repeated phases require all 108 independent prefixes (0.386708ms)
✔ phase budget accounts for startup, executions and worker slots, with a finite ceiling (0.047417ms)
✔ invalid phase budget rejected: repeat=0 workers=1 (0.035208ms)
✔ invalid phase budget rejected: repeat=1 workers=0 (0.022ms)
✔ invalid phase budget rejected: repeat=0.5 workers=1 (0.021416ms)
✔ invalid phase budget rejected: repeat=1 workers=0.5 (0.020833ms)
✔ invalid phase budget rejected: repeat=Infinity workers=1 (0.019792ms)
✔ invalid phase budget rejected: repeat=1 workers=NaN (0.019417ms)
✔ real child-process timeout is classified and cannot create a successful phase (51.905292ms)
✔ failed/killed process cannot pass: status=1 (0.057916ms)
✔ failed/killed process cannot pass: status=null (0.041584ms)
✔ spawn errors reject without disclosing raw process error details (0.183459ms)
✔ successful process may proceed to the strict report and trace validator (0.062167ms)
✔ 真实 OpenAPI 片段可确定性打包且无外部引用 (50.4385ms)
✔ bundle 新鲜度检查拒绝缺失或过期产物 (96.277375ms)
✔ 失败示例：非法 OpenAPI 版本与缺少 responses 被拒绝 (0.166291ms)
✔ 失败示例：全局重复 operationId 被拒绝 (0.074375ms)
✔ 失败示例：非法 parameter 与 Schema 被拒绝 (0.112292ms)
✔ 仓库提交的统一 bundle 与当前片段一致 (10.176416ms)
✔ scoped Gate accepts the archived real-target receipt, without promoting full acceptance (19.427875ms)
✔ scoped Gate rejects missing role (7.475917ms)
✔ scoped Gate rejects wrong SHA (43.245375ms)
✔ scoped Gate rejects unverified Lambda (6.282791ms)
✔ scoped Gate rejects runtime drift (25.824833ms)
✔ scoped Gate rejects mocked API (7.134458ms)
✔ scoped Gate rejects empty tenant (6.636916ms)
✔ scoped Gate rejects cross-Customer list leak (5.976333ms)
✔ scoped Gate rejects Viewer mutation accepted (6.053458ms)
✔ scoped Gate rejects expired old Token (49.385583ms)
✔ scoped Gate rejects two duplicate successes (6.238333ms)
✔ scoped Gate rejects two optimistic successes (6.677ms)
✔ scoped Gate rejects bundled Firefox (6.638458ms)
✔ scoped Gate rejects missing browser-role case (8.62925ms)
✔ scoped Gate rejects persisted edit belongs to another record (7.501708ms)
✔ scoped Gate rejects forbidden page rendered as business page (17.602ms)
✔ scoped Gate rejects missing screenshot (1.708084ms)
✔ scoped Gate rejects cleanup duplicate hides missing ID (6.87775ms)
✔ scoped Gate rejects cleanup incomplete (6.587042ms)
✔ scoped Gate rejects private credentials retained (6.519833ms)
✔ scoped Gate rejects scope promoted (6.309417ms)
✔ 当前管理后台源代码满足入口与组合根交付约束 (5.621166ms)
✔ 缺少入口和构建产物时失败关闭 (0.30525ms)
✔ FE-06 至 FE-19 任一任务或路由从事实源缺失时失败关闭 (4.462292ms)
✔ FE-11 至 FE-15 任一任务、路由或页面标识缺失时失败关闭 (3.599958ms)
✔ FE-06 至 FE-15 任一控制器或 operationId 缺失时失败关闭 (2.5705ms)
✔ FE-11 至 FE-15 控制器或 operationId 缺失时失败关闭 (2.89125ms)
✔ FE-16 至 FE-19 任一任务、路由、控制器、页面标识或 operationId 缺失时失败关闭 (7.941458ms)
✔ App 移除显式页面分支时失败关闭 (3.449792ms)
✔ 完整目标回执覆盖双提交、隔离环境、五角色、七路由、五闭环与清理 (58.15375ms)
✔ 缺路由、角色、闭环或审计拒绝角色时失败关闭 (17.518792ms)
✔ mock、泄露、短链持久化、危险操作与只读写请求均失败关闭 (19.472958ms)
✔ 缺失回执、双部署提交漂移、HEAD 不一致与未清理均失败关闭 (71.983416ms)
✔ 目标 Gate 是显式发布步骤且不进入普通 verify (0.254958ms)
✔ 完整回执覆盖双提交、隔离环境、五角色、五路由、四闭环、隐私、双语布局与清理 (104.695167ms)
✔ 缺路由、角色、闭环、locale 或 viewport 时失败关闭 (49.629042ms)
✔ mock、权限、并发、泄露或布局不合格时失败关闭 (30.62125ms)
✔ 缺失回执、双部署提交漂移、HEAD 不一致与未清理均失败关闭 (12.887917ms)
✔ 目标 Gate 是显式发布步骤且不进入普通 verify (0.254333ms)
✔ 完整路由、五角色、五业务闭环、租户、并发、敏感字段与清理回执通过 (0.789875ms)
✔ 缺路由、角色或业务闭环时失败关闭 (0.144833ms)
✔ Cognito、部署 API、跨租户、并发与敏感字段证据不满足约束时失败关闭 (0.097125ms)
✔ 缺失回执、部署提交或 sourceCommit 不一致时失败关闭 (0.473458ms)
✔ 完整的 58 API、五角色、并发、ESG 与清理目标 AWS 回执通过 (2.30925ms)
✔ 58 个回执 operationId 与九份正式业务 OpenAPI 精确一致 (3.473084ms)
✔ API 缺项、角色缺项与跨 Customer 放行均失败关闭 (0.253291ms)
✔ 并发或 ESG 证据不满足生产约束时失败关闭 (0.103625ms)
✔ 缺失回执与 sourceCommit 不匹配均失败关闭 (0.577667ms)
✔ 完整覆盖 25 API、五角色、竞态、退役与导出的隔离 AWS 回执通过 (0.866042ms)
✔ 缺 operation、跨租户放行、竞态双成功、证书未失活与 MQTT/S3 缺口均失败关闭 (0.179083ms)
✔ operation 成功状态与负向状态集合不完整时失败关闭 (0.091292ms)
✔ 回执缺失、非法 JSON 或 sourceCommit 不一致时独立发布 Gate 失败 (0.682416ms)
✔ 完整 Archive、Replay、Summary 目标 AWS 回执通过 (0.783416ms)
✔ 缺探针、重复归档、Replay 复制业务行和空 Summary 均失败关闭 (0.200583ms)
✔ 缺少回执或提交不一致时独立 Gate 失败 (0.4815ms)
✔ 完整隔离 AWS 回执覆盖 8 Topic、负向路径、QA-03 与清理时通过 (0.819875ms)
✔ 缺 Topic、未知 Topic 命中、Error Action 未恢复和原文漂移均失败关闭 (0.160917ms)
✔ 未提供目标 AWS 回执时独立发布 Gate 明确失败 (0.446459ms)
✔ 回执必须对应待发布的精确 Git 提交 (0.321666ms)
✔ 完整的 15 API、角色、Cognito、并发、S3、Dashboard、审计与清理回执通过 (0.857625ms)
✔ 15 个 operationId 与六份正式 OpenAPI 精确一致 (0.716333ms)
✔ API、角色、租户或安全/并发探针缺口均失败关闭 (0.222042ms)
✔ 缺失回执与 sourceCommit 不匹配均失败关闭 (0.840792ms)
✔ 干净的依赖图通过检查 (1.399792ms)
✔ 共享包反向依赖 apps 被识别为边界违规 (0.669791ms)
✔ contracts 反向依赖 apps 被识别为边界违规 (0.501458ms)
✔ apps 之间互相依赖被识别为边界违规 (0.448333ms)
✔ 工作区循环依赖被检出 (0.7095ms)
✔ 非工作区依赖（外部 npm 包）不参与检查 (0.348ms)
✔ 当前仓库通过边界与循环依赖检查 (0.5615ms)
✔ CDK WARNING 与规则校验编号会触发 Gate (0.504917ms)
✔ 正常 synth 输出不会误报 (0.339167ms)
✔ 已交付 Lambda 缺失或回退到内联 501 占位时 Gate 失败 (0.146541ms)
✔ 已交付 Lambda 使用 S3 asset 时 Gate 通过 (0.053291ms)
✔ CMD/OTA 生产接线 Gate 对 Worker/调度任一缺失均失败关闭 (0.188709ms)
✔ CMD/OTA 生产接线 Gate 对 IoT/S3/KMS 权限缺失失败关闭 (0.225917ms)
✔ 真实登记文件：结构校验通过，并准确识别当前未决 DEC (1.847417ms)
✔ 真实契约版本文件：decisionRegisterVersion 与登记一致 (0.409709ms)
✔ 契约版本不一致被拒绝 (0.328583ms)
✔ 重复决策 ID 被拒绝（已知冲突必须有唯一决策 ID） (0.134ms)
✔ 原则与决策之间 ID 也全局唯一 (0.086625ms)
✔ pending 决策携带批准人被拒绝 (0.062959ms)
✔ frozen 决策必须有批准人、批准时间和 >=1.0.0 版本 (0.092583ms)
✔ blockingTasks 为空或格式非法被拒绝 (0.072959ms)
✔ history 必须非空且末条版本与条目版本一致 (0.873333ms)
✔ 非 UTC 时间戳被拒绝 (0.144042ms)
✔ CLI validate 模式：真实文件退出码 0 且输出实际未决数；--fail-on-pending 按实际未决数返回 (1.053042ms)
✔ CLI：结构错误退出码 1 (0.754042ms)
✔ 追溯校验：合法 x-decision-versions 引用通过（Schema 可追溯到决策版本） (2.199625ms)
✔ 追溯校验：不存在的决策 ID 被拒绝 (0.671791ms)
✔ 追溯校验：引用版本与登记版本不一致被拒绝 (0.618334ms)
✔ 追溯校验：缺少 x-decision-versions 或格式非法被拒绝 (0.834167ms)
✔ 追溯校验：嵌套在 OpenAPI info 下的 x-decision-versions 可被递归发现 (0.718958ms)
✔ 已交付 API（含管理后台 P1）的 129 个 OpenAPI operation 与生产路由双向一致 (10.092167ms)
✔ 版本化已交付清单缺失、重复或引用不存在文件时失败关闭 (1.071292ms)
✔ 缺失、额外、重复及 method/path 漂移均失败关闭 (0.141542ms)
✔ CMD/OTA 治理 Gate 校验四份 REST 契约及 DEC-022/023 冻结状态 (3.467875ms)
✔ 有效链接、无易漂移计数且工具链配对正确时通过 (1.523084ms)
✔ 损坏的仓库内 Markdown 链接被拒绝 (0.648875ms)
✔ 陈旧测试计数或不兼容工具链声明被拒绝 (1.675292ms)
✔ 当前仓库 ENG/DB/DOM 与 IAC/AUTH/SEC 任务文档证据一致 (19.508375ms)
✔ BE-IOT-01～08 文档全部纳入默认链接与证据门禁 (0.094125ms)
✔ BE-ARC/RPL/ESG 四份文档及 P2 回归纳入默认证据门禁 (0.051083ms)
✔ 11 份管理后台业务文档全部纳入默认链接与证据门禁 (0.045458ms)
✔ BE-MED/RBAC/AUD/DASH/SET 五份文档纳入状态与 AWS 证据门禁 (0.037334ms)
✔ FE-06～FE-10 五份前端文档纳入四层状态与目标回执门禁 (0.0455ms)
✔ FE-11～FE-15 五份前端文档纳入四层状态与独立目标回执门禁 (0.075833ms)
✔ 前端任务文档拒绝缺层级、问题责任字段、目标 Gate 和 P1 陈旧描述 (0.080958ms)
✔ FE-11～FE-15 文档拒绝旧缺陷、任务级勾选及旧目标 Gate (0.054959ms)
✔ BE-MED/RBAC/AUD/DASH/SET 文档拒绝缺状态层、陈旧参数和设置生效误述 (0.052417ms)
✔ 管理后台业务文档拒绝缺证据引用和陈旧决策或部署说法 (0.046833ms)
✔ BE-ARC/RPL/ESG 文档拒绝缺审计快照和生产接线边界外旧说法 (0.048708ms)
✔ BE-IOT 文档拒绝缺少审计快照、Report P2002 与 Media 另路由旧说法 (0.053ms)
✔ BE-IOT 严格负向探针必须保留为可定位的永久回归 (0.648709ms)
✔ 安全任务文档拒绝历史计数、缺少 verify 命令与陈旧 DEC-012 状态 (0.054875ms)
✔ 安全任务文档接受当前命令、审计快照引用与 frozen 决策 (0.033375ms)
✔ 当前仓库（DB-01 已落地）Migration 结构通过 (15.841166ms)
✔ schema.prisma 未落地时跳过并通过（骨架期行为） (0.229375ms)
✔ 失败示例：Schema 已存在但无任何 Migration（未提交 Migration） (0.5735ms)
✔ 失败示例：migrations/ 为空且缺少 migration_lock.toml (1.600541ms)
✔ 失败示例：Migration 目录名非法与空 migration.sql (2.155292ms)
✔ 合法 Migration 结构通过 (1.30975ms)
✔ 失败示例：已有旧 Migration 但 Schema 已变化且未登记快照 (0.713667ms)
✔ 真实矩阵通过完整性检查 (1.957875ms)
✔ 真实引用集合：41 个矩阵 API 与 13 个 routeId 全部可解析 (0.380041ms)
✔ index19.html 源清单：9 个菜单、12 个页面、128 个元素与矩阵双向覆盖 (0.323875ms)
✔ 真实矩阵：9 菜单、12 页面、每项均有处置结论 (0.243417ms)
✔ 被拒绝的实时流、明文密码、状态混用不携带实现任务 (0.228667ms)
✔ 矩阵的 x-decision-versions 可追溯到决策登记（DEC-007~012） (0.991125ms)
✔ 缺少菜单或页面被拒绝 (0.245958ms)
✔ 重复元素 ID 被拒绝 (0.082ms)
✔ Adapt/Reject 缺少依据被拒绝 (0.080208ms)
✔ Adopt/Adapt 生产字段缺少 API 来源被拒绝 (0.102708ms)
✔ rejectCategory 项非 Reject 或携带实现任务被拒绝 (0.077125ms)
✔ 未知角色被拒绝（R7） (0.069042ms)
✔ 格式合法但不存在的 operationId、routeId 与响应字段被拒绝 (0.898458ms)
✔ planned operation 的任务归属漂移被拒绝 (0.292875ms)
✔ 源清单与矩阵任一侧删除元素均被双向覆盖检查拒绝 (4.492083ms)
✔ index19.html 内容变化但未重新盘点源清单时失败关闭 (2.412125ms)
✔ 重复 operationId 与 routeId 被引用索引拒绝 (7.445ms)
✔ CLI：真实矩阵退出码 0，违规矩阵退出码 1 (18.065875ms)
✔ remaining scope cannot replace full core, Active acceptance or failed cleanups (0.463375ms)
✔ 当前仓库全部 Schema、OpenAPI 片段与统一 bundle 通过引用校验 (111.063708ms)
✔ 失败示例：悬空内部 $ref 被拒绝 (0.632875ms)
✔ 失败示例：同目录相对 $ref 目标文件不存在被拒绝 (0.331458ms)
✔ 失败示例：JSON 语法损坏的 Schema 被拒绝 (0.461084ms)
✔ 失败示例：JSON Schema 2020-12 非法 type 被元 Schema 拒绝 (0.6375ms)
✔ 失败示例：OpenAPI 基座缺少 paths 被拒绝 (0.530958ms)
✔ 同目录相对 $ref 可解析时通过 (0.872083ms)
✔ 失败示例：PEM 私钥块被检出 (0.559416ms)
✔ 失败示例：AWS Access Key ID 被检出 (0.073458ms)
✔ 失败示例：GitHub 令牌被检出 (0.052416ms)
✔ 失败示例：Slack 令牌被检出 (0.0425ms)
✔ 正常内容不误报 (0.361334ms)
✔ 失败示例：未跟踪且未忽略文件中的私钥也被扫描 (53.022584ms)
✔ 当前仓库通过敏感信息扫描 (1900.217042ms)
✔ 生产源码直接 console 与 raw trace API 均被拒绝 (2.851417ms)
✔ 测试目录可使用 console，生产统一 logger 允许 (1.046125ms)
✔ 当前仓库生产源码通过 sink 门禁 (43.78775ms)
✔ QA-02 MQTT heartbeat: all valid/invalid fixtures, missing meta and type mutation (5.560375ms)
✔ QA-02 MQTT telemetry: all valid/invalid fixtures, missing meta and type mutation (2.118958ms)
✔ QA-02 MQTT report: all valid/invalid fixtures, missing meta and type mutation (3.056958ms)
✔ QA-02 MQTT alarm: all valid/invalid fixtures, missing meta and type mutation (3.276458ms)
✔ QA-02 MQTT event: all valid/invalid fixtures, missing meta and type mutation (1.074917ms)
✔ QA-02 MQTT ack: all valid/invalid fixtures, missing meta and type mutation (1.192917ms)
✔ QA-02 MQTT tamper: all valid/invalid fixtures, missing meta and type mutation (1.096625ms)
✔ QA-02 MQTT media: all valid/invalid fixtures, missing meta and type mutation (1.021666ms)
✔ QA-02 MQTT cmd: all valid/invalid fixtures, missing meta and type mutation (1.627208ms)
✔ QA-02 MQTT ota: all valid/invalid fixtures, missing meta and type mutation (1.334458ms)
✔ QA-02 MQTT notification: all valid/invalid fixtures, missing meta and type mutation (1.055709ms)
✔ MQTT semantic hash, discriminator and UTC calendar errors fail closed (1.436041ms)
✔ full REST response: field deletion/type mutation/envelope/date/errors/status/headers are enforced (2.636041ms)
✔ REST request validation: required body/path/query/header, optional Sync, bodyless Deactivate, no type coercion in JSON (3.208958ms)
✔ all device operations and declared response JSON Schemas compile; stable error catalog has no duplicates (46.371875ms)
✔ predecessor MQTT is compatible; known REST break requires exact version and frozen DEC approvals (19.54325ms)
✔ breaking contract mutations fail: removing fields/operations/status, changing type/required/security (92.987083ms)
✔ receipt coverage gate fails closed for missing operations/statuses, no valid request and forged records (0.303041ms)
✔ archived CSR upgrade mapping still verifies original baselines without rewriting history (27.135625ms)
✔ QA04 coverage Gate accepts complete matrix and proofs (0.750792ms)
✔ QA04 coverage Gate rejects missing domain (0.766459ms)
✔ QA04 coverage Gate rejects no negative path (0.178041ms)
✔ QA04 coverage Gate rejects untrusted handler (0.104083ms)
✔ QA04 coverage Gate rejects missing role (1.139958ms)
✔ QA04 coverage Gate rejects cross-tenant leak (0.179208ms)
✔ QA04 coverage Gate rejects two write winners (0.140334ms)
✔ QA04 coverage Gate rejects duplicate audit (0.110334ms)
✔ QA04 coverage Gate rejects rollback missing (0.120041ms)
✔ QA04 coverage Gate rejects unclean resource (0.133125ms)
✔ QA04 coverage Gate rejects reused isolation (0.105458ms)
✔ QA04 coverage Gate rejects no observed replay (0.119167ms)
✔ QA04 required acceptance cases are enforced (0.528959ms)
✔ QA04 skipped assertion fails execution Gate (0.047542ms)
✔ QA04 removed state-machine assertion fails coverage Gate (0.378417ms)
✔ migration source requires exact approved commit (0.432125ms)
✔ migration connection requires complete secret and verified TLS; special credentials are encoded (0.173375ms)
✔ database verification derives every mapped Prisma table (0.43825ms)
✔ runner without approved source fails without reporting credentials or driver details (37.376875ms)
✔ source packager archives committed tree, includes exact SHA and refuses overwriting ZIP (4804.417208ms)
✔ local TLS broker: 10 independent certificate sessions, QoS1, downlinks, reconnect and broker ACL rejection (837.071958ms)
✔ 10 concurrent sessions: all topics, exact 5% duplicates / 2% delayed telemetry, replay and isolated bad Schema (112.593709ms)
✔ cross-device publish, subscribe, receive and wildcard denied (0.455708ms)
✔ invalid configuration, OTA transitions and test credential gate fail closed (0.549125ms)
✔ scripted failed command, missing target mapping and illegal downlink do not generate mixed ACK (0.236333ms)
✔ all sessions close when one transport fails; no successful receipt (114.987292ms)
✔ MQTT adapter rejects SUBACK denial and connection failures (0.220583ms)
✔ CLI creates offline receipt and refuses ungated mqtts before reading credential paths (384.423709ms)
✔ CDK wrapper accepts synth/diff and requires explicit deploy stack (1.640625ms)
✔ CDK wrapper builds the whole workspace and fails closed on build errors (0.282708ms)
✔ CDK wrapper uses local SSO but requires OIDC credentials in GitHub Actions (0.168625ms)
✔ QA03 Gate accepts complete local integration receipt (0.551917ms)
✔ QA03 Gate rejects missing scenario (0.173583ms)
✔ QA03 Gate rejects unclean resources (0.0815ms)
✔ QA03 Gate rejects reused isolation prefix (0.080833ms)
✔ QA03 Gate rejects lost message (0.093667ms)
✔ QA03 Gate rejects duplicate business record (0.118416ms)
✔ QA03 Gate rejects missing raw proof (0.084792ms)
✔ QA03 Gate rejects missing fault probe (0.469458ms)
✔ receipt covers all 128 decisions in two viewports (2.385792ms)
✔ fail closed: missing page (0.303ms)
✔ fail closed: skipped case (1.131542ms)
✔ fail closed: flaky success (0.258625ms)
✔ fail closed: retry (0.216417ms)
✔ fail closed: unexpected external network (0.19225ms)
✔ fail closed: fixture collision (0.187417ms)
✔ fail closed: missing cleanup (0.170916ms)
✔ fail closed: updated baseline masquerades as regression (0.179125ms)
✔ fail closed: missing group (0.226667ms)
✔ fail closed: duplicate group (0.189625ms)
✔ fail closed: missing rejection assertion (0.216084ms)
✔ fail closed: missing menu (0.201791ms)
✔ fail closed: missing behavior guard (0.190834ms)
✔ fail closed: wrong viewport (0.195ms)
✔ fail closed: snapshot hash mismatch (0.185042ms)
✔ binding omission, duplication and reject implementation fail closed (0.286542ms)
✔ real gzip bytes bind exact own devices, raw outbox hash and canonical published hash (2.76825ms)
✔ scope expansion, unknown customer/device, modified bytes and missing archive fail closed (1.69975ms)
✔ IoT normalized raw body binds outbox bytes while original publication binds canonical payload (5.269583ms)
✔ quick MQTT profile requires exact additional telemetry ledger and cannot waive missing archives (2.085417ms)
✔ archive deadline uses actual S3 modification times and cannot green an eventual late archive (2.661958ms)
✔ redelivery rejects foreign archives, unbounded inventories and unbound certificates before AWS operations (1.741ms)
✔ C1 waits for both branches then independent query/checkout; C0 refuses candidate signal; warm absent is null (2.483208ms)
✔ preconnect proof rejects missing (0.086541ms)
✔ preconnect proof rejects duplicate (0.053791ms)
✔ preconnect proof rejects failed (0.05725ms)
✔ preconnect proof rejects foreign (0.065667ms)
✔ preconnect proof rejects bad timestamp (0.066667ms)
✔ preconnect proof rejects dispatch instead of settlement (0.05575ms)
✔ preconnect proof rejects not connection wait (0.0585ms)
✔ preconnect proof rejects query before preparation (0.067917ms)
✔ preconnect proof rejects checkout steals readiness (0.097625ms)
✔ preconnect proof rejects outside hook (0.064ms)
✔ preconnect proof rejects invalid duration (0.051542ms)
✔ preconnect proof rejects orphan (1.370458ms)
✔ preconnect proof rejects consistently empty invocation identities (0.982833ms)
✔ nominal 30x profile cannot conceal a slower real publish window (4.584584ms)
✔ version proof requires CI deploy Amplify exact commit and 19 distinct verified artifact bytes (0.398042ms)
✔ own-fixture fault grant rejects shared changes and unknown faults while retaining deployment boundary (0.131125ms)
✔ database proof rejects foreign build, source, role and nonzero cleanup instead of trusting child PASS (0.294708ms)
✔ target gates reject missing finish cleanup required case and foreign device before live calls (0.561417ms)
✔ business cleanup preserves outside rows, rejects baseline drift and deletes own dependent rows atomically (1797.465666ms)
✔ fault injection rejects missing authorization and foreign export identity without mutation (0.666916ms)
✔ assertion-only validation cannot stand in for cleanup or whole target acceptance (5.139375ms)
✔ nonActive scope cannot enter the full wave that contains Active dependent probes (1.094875ms)
✔ foundation mode cannot be mistaken for full core or browser acceptance (0.119792ms)
✔ complete intermediate/root chain matches truststore and private key (3.042417ms)
✔ missing root is distinguished from valid signing certificate and key (0.987292ms)
✔ wrong parent, expired chain and wrong private key fail independently (2.726542ms)
✔ oversized worker chain, malformed values and arbitrary canaries never leak (1.540833ms)
✔ receipt gate accepts completed diagnostic with invalid chain, rejects data leak and missing cleanup (1.771083ms)
✔ approved exact Worker, Secret, KMS and original expiry scope is accepted (0.653583ms)
✔ removing role condition, wildcard Secret or extended expiry is rejected (0.292583ms)
✔ unrestricted KMS, different context or extra secret permissions are rejected (0.142416ms)
✔ repair gate requires retained versions, exact output binding and all cleanup (2.037084ms)
✔ only root field changes, original version remains immutable and AWSPREVIOUS (5.729833ms)
✔ baseline drift prevents all writes (0.103125ms)
✔ wrong fixed root prevents all writes (0.318208ms)
✔ unknown put outcome recovers immutable token without a second put (1.229625ms)
✔ candidate mutation fails before promotion (0.357209ms)
✔ concurrent current movement after candidate write is preserved (0.587834ms)
✔ unknown promotion response is recovered from current stages (0.889666ms)
✔ post-promotion failed readback rolls back only the known current candidate (0.611292ms)
✔ invalid version token rejects before accessing any secret (0.230625ms)
✔ rollback refuses to overwrite a concurrent foreign current version (0.660416ms)
✔ unknown AWS errors are returned as fixed codes without secret exception text (0.078917ms)
✔ successful promotion waits for metadata visibility without repeating stage writes (0.873417ms)
✔ existing current candidate is verified using read-only store without new versions or stage writes (0.774792ms)
✔ read-only recovery rejects changed fields without rolling back an existing current version (0.268375ms)
✔ capacity planning includes operational and rotation idle overlap and rejects naive concurrency increase (0.753959ms)
✔ partition preserves 722ms without treating CPU as exclusive scheduling or compiler time (9.137375ms)
✔ split rejects missing (0.103292ms)
✔ split rejects duplicate (0.071459ms)
✔ split rejects foreign (0.075583ms)
✔ split rejects invalid CPU (0.060208ms)
✔ split rejects no CPU (0.064167ms)
✔ split rejects wrong boundary (0.05875ms)
✔ split rejects failed (0.059292ms)
✔ split rejects gap (0.063833ms)
✔ split rejects overlap (0.088417ms)
✔ split rejects fake duration (0.057625ms)
✔ split rejects connection claim (0.047541ms)
✔ range reads keep the original default and permit bounded slow-link retry (0.341041ms)
✔ range reads reject unbounded, ambiguous and below-default timeouts (0.18025ms)
✔ read-only asset concurrency stays bounded independently of DB/API capacity (0.105833ms)
✔ cold sampler collector binds exact own REPORT and safe client metrics: patch (68.639ms)
✔ cold sampler collector binds exact own REPORT and safe client metrics: audit (73.476625ms)
✔ two batches preserve six own contracts, six winners/conflicts and audits with a hard concurrency/request bound (84.833125ms)
✔ unknown write drains siblings and waits for Lambda quiescence without retry or false PASS (18.339958ms)
✔ audit drift fails closed: audit-id (12.848334ms)
✔ audit drift fails closed: foreign-list (17.523583ms)
✔ foreign context, missing baseline or excess batches fail before any dispatch/receipt (2.555333ms)
✔ sampling correlation ledger rejects foreign or missing HTTP rows even with a valid business result (21.872333ms)
✔ DLQ scope requires closed ledger, 20 exact IDs and fresh empty database proof (0.776667ms)
✔ one-shot worker deletes only exact retired pointers, restores unknown visibility, and exports no bodies or handles (4.32675ms)
✔ six exact request/time/status/extended/Lambda links pass without saving unrelated fields or requests (62.383833ms)
✔ correlation refuses complete proof for time (56.459542ms)
✔ correlation refuses complete proof for lambda-id (54.089083ms)
✔ correlation refuses complete proof for duplicate (66.097083ms)
✔ correlation refuses complete proof for missing-http (45.31375ms)
✔ audit GET binds list/detail operation and timeout UUID without claiming client success (115.177917ms)
✔ phase proof covers success, conditional conflict and all audit reads without declaring latency/cleanup acceptance (1.60725ms)
✔ cold 409 gate requires matching cold phase flags and successful runtime initialization (6.337542ms)
✔ new account gate requires nested hook, Prisma query, first driver query and checkout on every request (2.605208ms)
✔ account gate rejects missing (0.555125ms)
✔ account gate rejects duplicate (0.263416ms)
✔ account gate rejects failure (0.262042ms)
✔ account gate rejects wait-boundary (0.184583ms)
✔ account gate rejects timestamp (0.160083ms)
✔ account gate rejects outside-hook (1.447708ms)
✔ phase proof rejects foreign-invocation (0.168291ms)
✔ phase proof rejects missing-transaction (0.129208ms)
✔ phase proof rejects conflict-code (0.095916ms)
✔ phase proof rejects missing-http (0.048042ms)
✔ phase proof rejects other-run (0.034166ms)
✔ bounded sampler requires physical Init Duration as well as application cold phases and retains client metrics (0.585042ms)
✔ bounded sampler rejects foreign-report (0.177291ms)
✔ bounded sampler rejects duplicate-report (0.12475ms)
✔ bounded sampler rejects no-socket-metrics (0.178334ms)
✔ bounded sampler rejects missing-body (0.112375ms)
✔ bounded sampler rejects over-budget (0.097916ms)
✔ bounded sampler rejects missing-audit (0.097084ms)
✔ client preparation requires actual dispatch, cold adapter suffix and leaves warm adapter timings absent (0.601459ms)
✔ client preparation rejects missing prepare (0.198708ms)
✔ client preparation rejects settlement is not driver dispatch (0.163667ms)
✔ client preparation rejects preparation after driver start (0.164792ms)
✔ client preparation rejects cold missing suffix (0.166583ms)
✔ client preparation rejects suffix outside preparation (0.154042ms)
✔ client preparation rejects wrong invocation (0.141208ms)
✔ client preparation cannot bypass account phase checks (0.125959ms)
✔ engine CPU mode proves preparation before model, preserves driver boundary and refuses old lazy ownership (1.489ms)
✔ runtime assembly opt-in preserves both engine ownership modes and rejects old partial runtime receipts (1.845542ms)
✔ parent phase Gate requires engine/runtime and C1 settlement before queries; C0 refuses candidate phases (1.689083ms)
✔ success audits bind precisely and conflicts never have a success audit (0.34075ms)
✔ audit proof rejects duplicate (0.128375ms)
✔ audit proof rejects wrong-version (0.057125ms)
✔ audit proof rejects conflict-success (0.05125ms)
✔ Gateway overlap cannot conceal serialized Lambda executions (0.303208ms)
✔ three races accept either winner, bind every successful write to audit and advance once per version (65.221042ms)
✔ early failure still drains the late sibling before readback and never retries or reports PASS (7.16975ms)
✔ race fails closed for double-winner (8.410625ms)
✔ race fails closed for gateway-id (9.496375ms)
✔ race fails closed for audit-id (41.668875ms)
✔ foreign context fails before dispatch or receipt writes (8.187709ms)
✔ historical read scope rejects any resource outside the exact sealed old contract before live calls (0.107542ms)
✔ read-only completion accepts only all six settled exact successful PATCH receipts (0.691209ms)
✔ cleanup/completion guard rejects unknown-write (0.175459ms)
✔ cleanup/completion guard rejects foreign-site (0.081125ms)
✔ cleanup/completion guard rejects wrong-account (0.073292ms)
✔ cleanup/completion guard rejects unfinished (0.076375ms)
✔ cleanup/completion guard rejects gateway-id (0.074875ms)
✔ log projection redacts payload/error details and rejects unrecognized events (0.92325ms)
✔ serialized AWS log projection preserves closed event names through the 20-sequence Gate (4.64925ms)
✔ specific redelivery needs matching SQS ID, final disposition and durable duplicate receipt (0.183833ms)
✔ 20 sequence stage Gate rejects incomplete coverage and unrelated device evidence (0.4495ms)
✔ completed Build result tolerates delayed/truncated CloudWatch visibility and transient read failure without rerunning SQL (0.562333ms)
✔ wrong/multiple/failed frames and AccessDenied reject immediately, absent result fails closed after bounded reads (0.38825ms)
✔ expired SSO is a terminal authentication condition, never a transient log retry (0.077333ms)
✔ CloudWatch 250000-character fragments reassemble exact source-bound metadata without accepting truncation or another frame (9.073791ms)
✔ large fixture observations round-trip through bounded gzip without losing metadata (24.591166ms)
✔ compressed fixture frames reject corruption, noncanonical data and decompression bombs (28.14825ms)
✔ compressed metadata still requires the exact expected source/build/action binding (3.244167ms)
✔ fixed manifest rejects unsafe SQL identifiers, missing hash and duplicates (0.556084ms)
✔ migration comparison distinguishes missing, tampered, unfinished and rolled-back migrations (0.143916ms)
✔ snapshot uses repeatable read/read only, timeouts, fixed SELECTs and always rolls back (0.472125ms)
✔ writable transaction rejected before business queries and rolled back (0.222917ms)
✔ query failure rolls back instead of yielding partial PASS (0.138042ms)
✔ dedicated query project never changes migration project or passes StartBuild overrides (32.769708ms)
✔ legacy onboarding rows without CSR columns require reconciliation before migration (0.111209ms)
✔ query success preserves real migration BLOCKED instead of promoting readiness (0.699459ms)
✔ wrong build, writable transaction, unbound hash and fabricated migration PASS rejected (0.251458ms)
✔ missing table count cannot become complete SQL evidence (0.9335ms)
✔ explicit manual false overrides repository true and preserves capacity/immediate context (0.60125ms)
✔ manual deployment rejects branch/SHA, missing mode, phase drift and unsupported events before cloud work (0.158ms)
✔ push keeps existing resolved defaults but cannot ignore explicit invalid input (0.064334ms)
✔ input pair gate never implies target acceptance and rejects SHA/config/context/duplicate run drift (0.229166ms)
✔ workflow records input receipt before verification/AWS and never interpolates manual input into shell (0.212917ms)
✔ C0/C1 same SHA and engine=true differ only preconnect; push cannot turn candidate on (0.217792ms)
✔ entity merge requires actual decisions on both viewports, scoped devices, versions and cleanup (0.602ms)
✔ certificate merge cannot use review-only parent to claim real dual-channel certificate entity (0.111208ms)
✔ request UUID is durable before a single dispatch and credentials never enter receipts (32.938458ms)
✔ failed AWAIT_HEADERS preserves correlation without retry (0.368959ms)
✔ failed READ_BODY preserves correlation without retry (0.119792ms)
✔ malformed JSON cannot become a successful HTTP receipt (0.17825ms)
✔ socket events split DNS/TCP/TLS; receipts contain no URL, authorization or socket details (1.12075ms)
✔ real delayed body is measured separately; a reused connection has absent DNS/TCP/TLS, not invented zeros (141.924458ms)
✔ total deadline aborts an unfinished response body; no complete-body receipt or retry (10.058417ms)
✔ injected fetch cannot masquerade as detailed socket observation (0.289834ms)
✔ layout diagnostic fails closed before AWS calls for foreign, finished or unbound fixtures (0.562167ms)
✔ diagnostic cleanup retains all actions and fails closed: absent (0.482458ms)
✔ diagnostic cleanup retains all actions and fails closed: still-present (0.048584ms)
✔ diagnostic cleanup retains all actions and fails closed: read-denied (0.049834ms)
✔ diagnostic cleanup retains all actions and fails closed: signout-failed (0.058ms)
✔ diagnostic cleanup retains all actions and fails closed: delete-failed (0.066667ms)
✔ snapshot must be available encrypted manual and exact whitelist cannot expand (0.438542ms)
✔ real local SQL retires exactly two jobs/requests and preserves every other table (1383.816458ms)
✔ live status drift aborts with original rows intact (495.548416ms)
✔ unexpected cascade/trigger changing a preserved table rolls back all deletes (451.806042ms)
✔ valid HTTP writes cannot be inflated by malformed, wrong role, wrong method or failed requests (1.012375ms)
✔ target License wire sequence proves ExpiringSoon renewal and Renewed activation using real handlers and PostgreSQL (1499.154167ms)
✔ planner never dispatches and matchable inputs never accept P95 or causal benefit (0.66075ms)
✔ pair rejects drift or missing proof sourceCommit (0.080292ms)
✔ pair rejects drift or missing proof memoryMiB (0.057875ms)
✔ pair rejects drift or missing proof poolMax (0.396792ms)
✔ pair rejects drift or missing proof actorRole (0.094166ms)
✔ pair rejects drift or missing proof accountState (0.053958ms)
✔ pair rejects drift or missing proof operationId (0.053917ms)
✔ pair rejects drift or missing proof expectedStatus (0.045542ms)
✔ pair rejects drift or missing proof authenticatedPreconnect (0.043916ms)
✔ pair rejects drift or missing proof engineCpuDiagnosis (0.073458ms)
✔ pair rejects drift or missing proof artifactSetSha256 (0.058375ms)
✔ pair rejects drift or missing proof lambdaCount (0.063542ms)
✔ pair rejects drift or missing proof cleanupGate (0.028625ms)
✔ pair rejects drift or missing proof source (0.023833ms)
✔ pair rejects drift or missing proof naturalCold409Count (0.038667ms)
✔ pair rejects drift or missing proof platformInitDurationMs (0.033458ms)
✔ pair rejects drift or missing proof clientSplitGate (0.028292ms)
✔ pair rejects drift or missing proof firstCheckoutOwned (0.03275ms)
✔ pair rejects drift or missing proof startedAt (0.02175ms)
✔ actual receipt loader rejects byte drift and directory escape before reading semantic proof (1.992708ms)
✔ recovery sub-gate checks all preserved tables without accepting full QA09 (0.995333ms)
✔ version mismatch, missing migration and changed certificate/other business data fail closed (0.370167ms)
✔ retirement evidence cannot hide wrong deleted IDs or lose preservation proof (0.299416ms)
✔ retirement project has fixed source and never modifies readonly/migration runner (23.301083ms)
✔ real Sync observation redacts secret domains and cannot treat delivery as firmware verification (0.5075ms)
✔ receipt runner sends only RECEIVED and redacts complete snapshots even with device password hashes (0.415083ms)
✔ receipt runner fails closed for mismatched snapshots and refused confirmation (0.162291ms)
✔ 117 elements require both real viewport receipts (3.23425ms)
✔ one failure fails all elements in the affected behavior group (0.428167ms)
✔ Active dependent operations are explicit NOT_RUN, not successful disabled checks (0.485584ms)
✔ duplicate, foreign and invalid viewport receipts fail closed (0.546333ms)
✔ Defer and Reject failures also block the browser Gate (0.444042ms)
✔ CSV proof rejects empty, foreign and malformed downloads while parsing quoted data (0.214667ms)
✔ reopens own TLS session after same-clientId negative probe and closes on failure (0.662083ms)
✔ foreign MQTT scope is rejected before connection (0.095958ms)
✔ S3 fallback accepts exact owned version cleanup and rejects bucket, customer and pagination expansion (0.492833ms)
✔ export scope rejects a foreign device before API, AWS or output writes (0.549167ms)
✔ domain cleanup refuses live run, foreign customer name, missing DB cleanup and out-of-scope objects (0.625208ms)
✔ unseeded identity cleanup rejects unfinished, foreign, seeded and pre-existing admin ledgers (0.508875ms)
✔ Cognito canonical UUID is allowed only with exact own email and creation within this failed run (0.189083ms)
✔ P95 uses all actual samples and rejects empty or invalid measurements (0.446042ms)
✔ complete P95 excludes censored timeouts and refuses partial sample acceptance (0.107ms)
✔ performance summary refuses to report P95 PASS for missing or incomplete actual samples (66.844209ms)
✔ read-only pool probe distinguishes one connection, recovery and incomplete capacity acceptance (3.801125ms)
✔ observed connection-budget violation refuses a pool PASS receipt (0.645042ms)
✔ foreign probe application name is rejected before database access (0.070833ms)
✔ CPU ancestry attributes minified constructor and compile samples exclusively (0.452208ms)
✔ curl metrics differences preserve boundaries and reject bad ordering or nonfinite values (0.474583ms)
✔ curl probes are six bounded verified GETs with no credential/config/retry path; proxy prevents dispatch (1.477208ms)
✔ curl failures retain siblings and discard raw error text (0.38475ms)
✔ scheduled publishing overlaps slow PUBACK and drains failures without abandoning in-flight writes (19.100958ms)
✔ only exact test account and readonly role accepted (0.458417ms)
✔ stack identity, region, project and test tag fail closed (0.112417ms)
✔ permission denial is unverified, never classified as absent (0.113291ms)
✔ metadata health never promotes missing business evidence to AWS PASS (0.245125ms)
✔ five groups with unconfirmed or disabled users do not prove usable identities (0.075417ms)
✔ missing target receipts and version mismatch remain blockers (0.070792ms)
✔ existing test environment requires neither new account nor stack and retains real-response/cleanup boundaries (0.292208ms)
✔ real sub-scope acceptance cannot claim whole QA09 (0.985791ms)
✔ unfinished execution, missing role probe and failed assertion rejected (0.144792ms)
✔ missing cleanup, wrong target, secrets and source tampering rejected (0.852209ms)
✔ identity cleanup only accepts this run and the five known role identities (0.46525ms)
✔ record cleanup requires exact run namespace, not merely a partial prefix (0.093542ms)
✔ recovery excludes explicitly later own SLO records without waiving original bytes or deadlines (6.641708ms)
✔ later record exemption never includes other devices or customers (3.063625ms)
✔ site compensation rejects foreign-route before any AWS command (164.740125ms)
✔ site compensation rejects failed-cleanup before any AWS command (182.627541ms)
✔ site compensation rejects unbound-parent before any AWS command (158.710709ms)
✔ remaining target rejects foreign fixture before an API or database call (0.965958ms)
✔ unproved license activation fails legal stage and independent stage failures remain explicit without credentials (2.168625ms)
✔ per-request service throttling requires both unique IDs and bound access-row time/status, never minute metrics (0.36125ms)
✔ QA09 rollout separates logging, budget and event publication and rejects silent phase mistakes (1.420167ms)
✔ engine CPU diagnosis is explicit and only allowed after pool budget rollout (0.302875ms)
✔ runtime assembly has ordered nested CPU intervals without additive initialization totals (2.153625ms)
✔ runtime proof rejects absent, duplicate, failed, foreign IDs, overlap, bad CPU and invalid durations (0.76525ms)
✔ security retest rejects foreign fixture before any credential or live API access (0.53825ms)
✔ six tampered tokens require HTTP rejection and keep credentials out of receipt (0.674417ms)
✔ unknown seed outcome requires observed complete own set or proven empty set, never a blind retry (0.519417ms)
✔ semantic SQL creates two scoped read models without lifecycle or authentication claims and refuses reuse (1221.964917ms)
✔ semantic SQL refuses scope/state drift: lifecycle_status='Active' (178.488458ms)
✔ semantic SQL refuses scope/state drift: site_id=NULL (177.139ms)
✔ semantic SQL refuses scope/state drift: customer_id='22222222-2222-2222-2222-222222222222' WHERE customer_id='11111111-1111-1111-1111-111111111111' (169.67ms)
✔ semantic SQL refuses scope/state drift: name='outside' (161.820375ms)
✔ platform exports require the exact ledger and own frozen filters; foreign jobs remain unchanged (226.445833ms)
✔ business session cleanup never accepts a foreign email id role scope or lifecycle (0.874833ms)
✔ session fixtures require exact own customer and site binding before cleanup (1.440291ms)
✔ complete narrow real-environment scope never accepts full QA09 (1.318875ms)
✔ missing mTLS, shared keys, different ingress/archive bytes and missing cleanup fail closed (1.070334ms)
✔ CodeBuild inline source fits service limit and decompresses to exact reviewed bytes (25.022ms)
✔ exact own-ten plan rejects expansion, historical identity and wrong customer namespace (13.160542ms)
✔ real SQL creates exact fixtures and cleanup preserves original devices/certificates (852.817792ms)
✔ unexpected original-data trigger mutation rolls back fixture creation (476.005375ms)
✔ processing provisioning job prevents cleanup without deleting any own devices (431.026958ms)
✔ CSR proofs bind method, path, request ID, timestamp, nonce and independent key (72.182167ms)
✔ closed-fixture audit and request outbox cleanup require ledger and preserve unrelated events (429.025375ms)
✔ closed-fixture access rejects missing approval audit and live customer (425.460458ms)
✔ unseeded capacity attempt has read-only empty audit with deleted customers and fixed original baseline (411.82925ms)
✔ business-only Onboarded fixtures preserve original rows, refuse reuse and make no certificate/authentication claim (422.987209ms)
✔ unseeded timeout audit reads only exact prefix and cannot mutate original or retry customer creation (443.024167ms)
✔ active lifecycle fixture changes exactly two own states and never claims a natural path (407.937083ms)
✔ capacity probe executes a read-only transaction and leaves fixture and original rows unchanged (402.765167ms)
✔ review-only mode cannot run without an explicit review hook or with unknown options (0.418958ms)
✔ fixture CLI distinguishes expired SSO from authorization rejection and transport timeouts (0.140875ms)
✔ TLS diagnostic bounds independent reads to 12 and six concurrent; fake observations cannot claim real target source (59.092541ms)
✔ TLS diagnostic retains settled siblings, missing samples and unexpected HTTP/authentication as PARTIAL (3.445333ms)
✔ version binding preserves prior defaults and accepts exact new target (0.658166ms)
✔ invalid version input is rejected before any AWS operation (0.142959ms)
✔ all delivered writes have an explicit permission and own or absent object path (0.642708ms)
✔ identical claims still change signed payload bytes rather than unused base64 signature bits (0.105959ms)
✔ Gateway 403 rejects tampered signatures while protected 2xx must fail (2.263917ms)
✔ quick has exact cadence, 24 historical hours, 30x burst, 5% duplicates and 2% delayed delivery (3.155584ms)
✔ full plan contains 86400 historical Telemetry samples for 10 devices at 10-second cadence (516.493917ms)
✔ unknown profile fails closed (0.178416ms)
✔ P95 uses nearest rank and does not mutate input (0.128958ms)
✔ invalid latency  rejected (0.061083ms)
✔ invalid latency NaN rejected (0.037792ms)
✔ invalid latency Infinity rejected (0.036166ms)
✔ invalid latency -1 rejected (0.038458ms)
✔ independent checker verifies count average min max and UTC buckets (0.259084ms)
✔ complete reliability proof passes (0.720417ms)
✔ Gate rejects missing trace (0.425833ms)
✔ Gate rejects duplicate trace (0.401667ms)
✔ Gate rejects failed cleanup (0.371125ms)
✔ Gate rejects wrong profile (0.398041ms)
✔ Gate rejects wrong cadence (0.375ms)
✔ Gate rejects untracked loss (0.362959ms)
✔ Gate rejects duplicate business row (0.367083ms)
✔ Gate rejects missing archive (0.354708ms)
✔ Gate rejects missing reorder (0.378792ms)
✔ Gate rejects missing retry (5.987541ms)
✔ Gate rejects unresolved gap (0.500708ms)
✔ Gate rejects worker not paused (0.38825ms)
✔ Gate rejects no backlog (0.385916ms)
✔ Gate rejects unscoped replay (0.362958ms)
✔ Gate rejects duplicate MQTT publish (0.369542ms)
✔ Gate rejects late ACK changed terminal state (0.372334ms)
✔ Gate rejects telemetry P95 failed (0.370166ms)
✔ Gate rejects command P95 failed (0.353875ms)
✔ Gate rejects NaN P95 (0.370291ms)
✔ Gate rejects missing latency samples (0.353833ms)
✔ security receipt accepts complete execution and all observed acceptance proofs (2.154875ms)
✔ execution fails closed: deleted required test (2.580542ms)
✔ execution fails closed: missing file (0.11825ms)
✔ execution fails closed: pending test (0.083541ms)
✔ execution fails closed: failed test (0.9875ms)
✔ proof fails closed: missing proof (0.136625ms)
✔ proof fails closed: reused prefix (0.107291ms)
✔ proof fails closed: cleanup incomplete (0.103542ms)
✔ proof fails closed: expired JWT accepted (0.103166ms)
✔ proof fails closed: missing write operation (0.11175ms)
✔ proof fails closed: forged identity accepted (0.082542ms)
✔ proof fails closed: route resolved before auth (0.057125ms)
✔ proof fails closed: cross tenant allowed (0.085667ms)
✔ proof fails closed: unauthorized side effect (0.0815ms)
✔ proof fails closed: prototype pollution (0.0915ms)
✔ proof fails closed: malicious media signed (0.068084ms)
✔ proof fails closed: malicious media persisted (0.057875ms)
✔ proof fails closed: leak ignored (0.083708ms)
✔ proof fails closed: unscanned audit (0.097542ms)
✔ proof fails closed: unscanned snapshot (0.134708ms)
✔ proof fails closed: partial response scan (0.100375ms)
✔ independent scanner rejects nested secrets raw JWT Error private key and signed URL without echoing values (0.776667ms)
✔ scanner detects opaque canary leakage and permits null redacted values and public certificate (0.041834ms)
ℹ tests 640
ℹ suites 0
ℹ pass 640
ℹ fail 0
ℹ cancelled 0
ℹ skipped 0
ℹ todo 0
ℹ duration_ms 7308.152084

> food-digester-platform@0.0.0 build /Users/anray/Documents/project/hiddenjoyacom/food-digester-platform
> turbo run build


   • Packages in scope: @fdp/admin-web, @fdp/archive-worker, @fdp/auth, @fdp/aws-clients, @fdp/cloud-api, @fdp/contracts, @fdp/database, @fdp/domain, @fdp/infra, @fdp/ingestion-worker, @fdp/media, @fdp/observability, @fdp/summary-worker
   • Running build in 13 packages
   • Remote caching disabled

@fdp/contracts:build: cache hit, replaying logs badb40bf08f6da73
@fdp/observability:build: cache hit, replaying logs fd5773ea404bb20d
@fdp/observability:build: 
@fdp/observability:build: > @fdp/observability@0.0.0 build /Users/anray/Documents/project/hiddenjoyacom/food-digester-platform/packages/observability
@fdp/observability:build: > tsc -p tsconfig.build.json
@fdp/observability:build: 
@fdp/contracts:build: 
@fdp/contracts:build: > @fdp/contracts@0.0.0 build /Users/anray/Documents/project/hiddenjoyacom/food-digester-platform/contracts
@fdp/contracts:build: > node -e "console.log('@fdp/contracts 为源码契约包：内部使用 .ts 扩展名互引，不经 tsc 构建；消费方经 tsx/打包器直接使用源码')"
@fdp/contracts:build: 
@fdp/contracts:build: @fdp/contracts 为源码契约包：内部使用 .ts 扩展名互引，不经 tsc 构建；消费方经 tsx/打包器直接使用源码
@fdp/database:generate: cache hit, replaying logs 1e899b977782963d
@fdp/aws-clients:build: cache hit, replaying logs 72b741ff8e28f9c8
@fdp/database:generate: 
@fdp/database:generate: > @fdp/database@0.0.0 generate /Users/anray/Documents/project/hiddenjoyacom/food-digester-platform/packages/database
@fdp/database:generate: > prisma generate
@fdp/database:generate: 
@fdp/database:generate: Loaded Prisma config from prisma.config.ts.
@fdp/database:generate: 
@fdp/database:generate: Prisma schema loaded from prisma/schema.prisma.
@fdp/database:generate: 
@fdp/database:generate: ✔ Generated Prisma Client (7.9.1) to ./src/generated in 134ms
@fdp/database:generate: 
@fdp/aws-clients:build: 
@fdp/aws-clients:build: > @fdp/aws-clients@0.0.0 build /Users/anray/Documents/project/hiddenjoyacom/food-digester-platform/packages/aws-clients
@fdp/aws-clients:build: > tsc -p tsconfig.build.json
@fdp/aws-clients:build: 
@fdp/domain:build: cache hit, replaying logs 47ef0249a0b99843
@fdp/domain:build: 
@fdp/domain:build: > @fdp/domain@0.0.0 build /Users/anray/Documents/project/hiddenjoyacom/food-digester-platform/packages/domain
@fdp/domain:build: > tsc -p tsconfig.build.json
@fdp/domain:build: 
@fdp/infra:build: cache hit, replaying logs 350c8568777d8acc
@fdp/infra:build: 
@fdp/infra:build: > @fdp/infra@0.0.0 build /Users/anray/Documents/project/hiddenjoyacom/food-digester-platform/infra
@fdp/infra:build: > tsc -p tsconfig.build.json
@fdp/infra:build: 
@fdp/database:build: cache hit, replaying logs 663b853459118512
@fdp/database:build: 
@fdp/database:build: > @fdp/database@0.0.0 build /Users/anray/Documents/project/hiddenjoyacom/food-digester-platform/packages/database
@fdp/database:build: > tsc -p tsconfig.build.json
@fdp/database:build: 
@fdp/summary-worker:build: cache miss, executing 1251889e218c66a2
@fdp/archive-worker:build: cache miss, executing 7fa86806b8b89c8e
@fdp/media:build: cache hit, replaying logs f3503ccb6a376769
@fdp/media:build: 
@fdp/media:build: > @fdp/media@0.0.0 build /Users/anray/Documents/project/hiddenjoyacom/food-digester-platform/packages/media
@fdp/media:build: > tsc -p tsconfig.build.json
@fdp/media:build: 
@fdp/auth:build: cache hit, replaying logs 61adfc3b72d2c823
@fdp/auth:build: 
@fdp/auth:build: > @fdp/auth@0.0.0 build /Users/anray/Documents/project/hiddenjoyacom/food-digester-platform/packages/auth
@fdp/auth:build: > tsc -p tsconfig.build.json
@fdp/auth:build: 
@fdp/ingestion-worker:build: cache miss, executing cbd0e69bbb7481db
@fdp/admin-web:build: cache miss, executing 3d892cd898894682
@fdp/cloud-api:build: cache miss, executing 9c7c4ebe442de2e2
@fdp/summary-worker:build: 
@fdp/summary-worker:build: > @fdp/summary-worker@0.0.0 build /Users/anray/Documents/project/hiddenjoyacom/food-digester-platform/apps/summary-worker
@fdp/summary-worker:build: > tsc -p tsconfig.build.json
@fdp/summary-worker:build: 
@fdp/archive-worker:build: 
@fdp/archive-worker:build: > @fdp/archive-worker@0.0.0 build /Users/anray/Documents/project/hiddenjoyacom/food-digester-platform/apps/archive-worker
@fdp/archive-worker:build: > tsc -p tsconfig.build.json
@fdp/archive-worker:build: 
@fdp/admin-web:build: 
@fdp/admin-web:build: > @fdp/admin-web@0.0.0 build /Users/anray/Documents/project/hiddenjoyacom/food-digester-platform/apps/admin-web
@fdp/admin-web:build: > tsc -p tsconfig.build.json && vite build
@fdp/admin-web:build: 
@fdp/ingestion-worker:build: 
@fdp/ingestion-worker:build: > @fdp/ingestion-worker@0.0.0 build /Users/anray/Documents/project/hiddenjoyacom/food-digester-platform/apps/ingestion-worker
@fdp/ingestion-worker:build: > tsc -p tsconfig.build.json
@fdp/ingestion-worker:build: 
@fdp/cloud-api:build: 
@fdp/cloud-api:build: > @fdp/cloud-api@0.0.0 build /Users/anray/Documents/project/hiddenjoyacom/food-digester-platform/apps/cloud-api
@fdp/cloud-api:build: > tsc -p tsconfig.build.json
@fdp/cloud-api:build: 
@fdp/admin-web:build: vite v8.2.2 building client environment for production...
@fdp/admin-web:build: transforming...
@fdp/admin-web:build: ✓ 1609 modules transformed.
@fdp/admin-web:build: rendering chunks...
@fdp/admin-web:build: computing gzip size...
@fdp/admin-web:build: dist/web/index.html                     0.46 kB │ gzip:   0.32 kB
@fdp/admin-web:build: dist/web/assets/index-CecZB0A0.css     19.08 kB │ gzip:   5.07 kB
@fdp/admin-web:build: dist/web/assets/index-D1EpTElP.js   1,357.74 kB │ gzip: 417.92 kB
@fdp/admin-web:build: 
@fdp/admin-web:build: ✓ built in 302ms
@fdp/admin-web:build: [plugin builtin:vite-reporter] 
@fdp/admin-web:build: (!) Some chunks are larger than 500 kB after minification. Consider:
@fdp/admin-web:build: - Using dynamic import() to code-split the application
@fdp/admin-web:build: - Use build.rolldownOptions.output.codeSplitting to improve chunking: https://rolldown.rs/reference/OutputOptions.codeSplitting
@fdp/admin-web:build: - Adjust chunk size limit for this warning via build.chunkSizeWarningLimit.

 Tasks:    14 successful, 14 total
Cached:    9 cached, 14 total
  Time:    3.19s 


> food-digester-platform@0.0.0 check:boundaries /Users/anray/Documents/project/hiddenjoyacom/food-digester-platform
> node scripts/check-boundaries.mjs

检查 13 个工作区包
模块边界与循环依赖检查通过

> food-digester-platform@0.0.0 check:schemas /Users/anray/Documents/project/hiddenjoyacom/food-digester-platform
> node scripts/check-schemas.mjs

OpenAPI / JSON Schema 校验通过

> food-digester-platform@0.0.0 check:migrations /Users/anray/Documents/project/hiddenjoyacom/food-digester-platform
> node scripts/check-migrations.mjs

Migration 结构与 Prisma Schema 漂移检查通过

> food-digester-platform@0.0.0 check:evidence /Users/anray/Documents/project/hiddenjoyacom/food-digester-platform
> node scripts/check-eng-db-dom-evidence.mjs

ENG/DB/DOM/IAC/AUTH/SEC/BE-IOT/BE-ARC/RPL/ESG/管理后台业务与前端 证据与开发文档检查通过

> food-digester-platform@0.0.0 check:secrets /Users/anray/Documents/project/hiddenjoyacom/food-digester-platform
> node scripts/check-secrets.mjs

敏感信息扫描通过

> food-digester-platform@0.0.0 check:sensitive-sinks /Users/anray/Documents/project/hiddenjoyacom/food-digester-platform
> node scripts/check-sensitive-sinks.mjs

生产日志与 Trace sink 脱敏门禁通过

> food-digester-platform@0.0.0 check:admin-web-delivery /Users/anray/Documents/project/hiddenjoyacom/food-digester-platform
> node scripts/check-admin-web-delivery.mjs

管理后台交付检查通过：入口、组合根、路由页面、OpenAPI operationId、CSS 与浏览器构建产物均已就绪

> food-digester-platform@0.0.0 check:admin-web-e2e /Users/anray/Documents/project/hiddenjoyacom/food-digester-platform
> pnpm --filter @fdp/admin-web test:e2e


> @fdp/admin-web@0.0.0 test:e2e /Users/anray/Documents/project/hiddenjoyacom/food-digester-platform/apps/admin-web
> playwright test







Running 36 tests using 1 worker



[1/36] e2e/admin-web.spec.ts:15:1 › H-01 API 拒绝停用会话后清除浏览器会话并返回登录
[2/36] e2e/admin-web.spec.ts:42:1 › M-01 CustomerViewer 从菜单查询设备用户详情，全部写入口隐藏
[3/36] e2e/admin-web.spec.ts:88:1 › 无 Token 安全回登录；五角色菜单和受限路由均由组合根守卫
[4/36] e2e/admin-web.spec.ts:116:1 › 刷新失败清会话，API 403 保留会话并呈现无权
[5/36] e2e/admin-web.spec.ts:138:1 › Customer scope 与 Dashboard 离线/无 entitlement 动作在真实浏览器失败关闭
[6/36] e2e/admin-web.spec.ts:175:1 › Onboarding 审批双击只提交一次，展示录入来源和证书状态
[7/36] e2e/admin-web.spec.ts:220:1 › Customer/Site CRUD 关键路径：创建、非法时区、关联停用提示与 409
[8/36] e2e/admin-web.spec.ts:343:1 › 1440/768/375 响应式布局、横向表格和对话框键盘边界
[9/36] e2e/admin-web.spec.ts:429:1 › FE-06 至 FE-10 六个生产路由可运行，并覆盖成功、空态、分页入口、时区与响应式
[10/36] e2e/admin-web.spec.ts:471:1 › FE-06 至 FE-10 在 403/404、Customer scope、详情焦点与重复提交场景失败关闭
[11/36] e2e/admin-web.spec.ts:547:1 › FE-11 至 FE-15 七个生产路由由真实控制器驱动，并覆盖媒体签发与审计详情
[12/36] e2e/admin-web.spec.ts:611:1 › FE-11 至 FE-15 API 403 与路由角色边界在真实浏览器失败关闭
[13/36] e2e/admin-web.spec.ts:628:1 › FE-17 新建权限与零设备第二阶段在真实浏览器失败关闭
[14/36] e2e/admin-web.spec.ts:699:1 › FE-18 Chromium 覆盖 unknown/stale、联系人按需零预载与申请状态机
[15/36] e2e/admin-web.spec.ts:803:1 › FE-16 Chromium 覆盖邀请、角色、Scope、重置与设置 409 回源
[16/36] e2e/admin-web.spec.ts:927:1 › FE-17 Chromium 覆盖绑定、解绑、续约与终止并保留 License 边界
[17/36] e2e/admin-web.spec.ts:1102:5 › FE-19 Chromium 22 个生产路由：zh-CN / 375px
[18/36] e2e/admin-web.spec.ts:1102:5 › FE-19 Chromium 22 个生产路由：zh-CN / 768px
[19/36] e2e/admin-web.spec.ts:1102:5 › FE-19 Chromium 22 个生产路由：zh-CN / 1440px
[20/36] e2e/admin-web.spec.ts:1102:5 › FE-19 Chromium 22 个生产路由：en / 375px
[21/36] e2e/admin-web.spec.ts:1102:5 › FE-19 Chromium 22 个生产路由：en / 768px
[22/36] e2e/admin-web.spec.ts:1102:5 › FE-19 Chromium 22 个生产路由：en / 1440px
[23/36] e2e/admin-web.spec.ts:1123:1 › FE-19 语言选择在刷新后保持
[24/36] e2e/admin-web.spec.ts:1135:1 › QA-09 设备管理长别名和序列号在375px完整换行且不裁切
[25/36] e2e/qa05-workflows.spec.ts:33:3 › QA05 role route and button matrix PlatformSuperAdmin
[26/36] e2e/qa05-workflows.spec.ts:33:3 › QA05 role route and button matrix PlatformOperator
[27/36] e2e/qa05-workflows.spec.ts:33:3 › QA05 role route and button matrix Auditor
[28/36] e2e/qa05-workflows.spec.ts:33:3 › QA05 role route and button matrix CustomerAdmin
[29/36] e2e/qa05-workflows.spec.ts:33:3 › QA05 role route and button matrix CustomerViewer
[30/36] e2e/qa05-workflows.spec.ts:80:1 › QA05 login SRP MFA error success logout without persisting password
[31/36] e2e/qa05-workflows.spec.ts:146:1 › QA05 ESG cursor totals export snapshot timezone and empty state
[32/36] e2e/qa05-workflows.spec.ts:216:1 › QA05 Command dangerous confirmation terminal result and publish failure
[33/36] e2e/qa05-workflows.spec.ts:271:1 › QA05 Media expiry renew 403 and audit read-only zero writes
[34/36] e2e/ui-redesign.spec.ts:12:3 › UI redesign: all business routes at 1366x768
[35/36] e2e/ui-redesign.spec.ts:12:3 › UI redesign: all business routes at 1440x900
[36/36] e2e/ui-redesign.spec.ts:12:3 › UI redesign: all business routes at 1920x1080
  36 passed (1.4m)

> food-digester-platform@0.0.0 check:cmd-ota-delivery /Users/anray/Documents/project/hiddenjoyacom/food-digester-platform
> pnpm check:runtime && pnpm check:cdk


> food-digester-platform@0.0.0 check:runtime /Users/anray/Documents/project/hiddenjoyacom/food-digester-platform
> node --import tsx scripts/check-delivered-runtime.mjs

已交付 REST 生产路由与 OpenAPI 双向一致（129 operations）

> food-digester-platform@0.0.0 check:cdk /Users/anray/Documents/project/hiddenjoyacom/food-digester-platform
> node scripts/check-cdk-synth.mjs

CDK synth 无 warning；已交付 Lambda asset 与 CMD/OTA 生产接线 Gate 通过

> food-digester-platform@0.0.0 test:device-contracts /Users/anray/Documents/project/hiddenjoyacom/food-digester-platform
> node --import tsx scripts/run-contract-suite.mjs /tmp/fdp-device-contracts-gate.json

✔ QA-02 MQTT heartbeat: all valid/invalid fixtures, missing meta and type mutation (3.974ms)
✔ QA-02 MQTT telemetry: all valid/invalid fixtures, missing meta and type mutation (1.609625ms)
✔ QA-02 MQTT report: all valid/invalid fixtures, missing meta and type mutation (1.687708ms)
✔ QA-02 MQTT alarm: all valid/invalid fixtures, missing meta and type mutation (1.146167ms)
✔ QA-02 MQTT event: all valid/invalid fixtures, missing meta and type mutation (0.710875ms)
✔ QA-02 MQTT ack: all valid/invalid fixtures, missing meta and type mutation (1.012042ms)
✔ QA-02 MQTT tamper: all valid/invalid fixtures, missing meta and type mutation (1.291542ms)
✔ QA-02 MQTT media: all valid/invalid fixtures, missing meta and type mutation (0.869083ms)
✔ QA-02 MQTT cmd: all valid/invalid fixtures, missing meta and type mutation (1.054334ms)
✔ QA-02 MQTT ota: all valid/invalid fixtures, missing meta and type mutation (1.058709ms)
✔ QA-02 MQTT notification: all valid/invalid fixtures, missing meta and type mutation (0.9165ms)
✔ MQTT semantic hash, discriminator and UTC calendar errors fail closed (0.348125ms)
✔ full REST response: field deletion/type mutation/envelope/date/errors/status/headers are enforced (2.133333ms)
✔ REST request validation: required body/path/query/header, optional Sync, bodyless Deactivate, no type coercion in JSON (2.738709ms)
✔ all device operations and declared response JSON Schemas compile; stable error catalog has no duplicates (16.076041ms)
✔ predecessor MQTT is compatible; known REST break requires exact version and frozen DEC approvals (15.40175ms)
✔ breaking contract mutations fail: removing fields/operations/status, changing type/required/security (33.317917ms)
✔ receipt coverage gate fails closed for missing operations/statuses, no valid request and forged records (0.2175ms)
✔ archived CSR upgrade mapping still verifies original baselines without rewriting history (1.958084ms)
ℹ tests 19
ℹ suites 0
ℹ pass 19
ℹ fail 0
ℹ cancelled 0
ℹ skipped 0
ℹ todo 0
ℹ duration_ms 204.290125

 RUN  v4.1.11 /Users/anray/Documents/project/hiddenjoyacom/food-digester-platform


 Test Files  10 passed (10)
      Tests  98 passed (98)
   Start at  21:24:03
   Duration  3.66s (transform 3.57s, setup 63ms, import 7.46s, tests 14.73s, environment 0ms)

QA-02 PASS: 11 MQTT schemas, 8 device operations, 168 checked Handler responses

> food-digester-platform@0.0.0 test:iot-integration /Users/anray/Documents/project/hiddenjoyacom/food-digester-platform
> node --import tsx scripts/run-iot-integration.mjs /tmp/fdp-iot-integration-gate.json


 RUN  v4.1.11 /Users/anray/Documents/project/hiddenjoyacom/food-digester-platform


 Test Files  1 passed (1)
      Tests  5 passed (5)
   Start at  21:24:07
   Duration  4.38s (transform 202ms, setup 8ms, import 340ms, tests 3.98s, environment 0ms)


> food-digester-platform@0.0.0 test:core-api-integration /Users/anray/Documents/project/hiddenjoyacom/food-digester-platform
> node --import tsx scripts/run-core-api-integration.mjs /tmp/fdp-core-api-integration-gate.json


 RUN  v4.1.11 /Users/anray/Documents/project/hiddenjoyacom/food-digester-platform

 ✓ apps/cloud-api/test/admin-device-assignment.test.ts (9 tests) 2340ms
 ✓ apps/cloud-api/test/admin-contract.test.ts (9 tests) 2326ms
 ✓ apps/cloud-api/test/admin-contract-device.test.ts (8 tests) 2385ms
 ✓ apps/cloud-api/test/admin-esg.test.ts (10 tests) 2780ms
 ✓ apps/cloud-api/test/admin-audit.test.ts (7 tests) 3001ms
 ✓ apps/cloud-api/test/admin-device-retirement.test.ts (7 tests) 2894ms
 ✓ apps/cloud-api/test/admin-license.test.ts (11 tests) 2912ms
 ✓ apps/cloud-api/test/admin-onboarding.test.ts (13 tests) 3063ms
 ✓ apps/cloud-api/test/admin-device-status.test.ts (8 tests) 2989ms
 ✓ apps/cloud-api/test/admin-consumable-request.test.ts (8 tests) 3017ms
 ✓ apps/cloud-api/test/admin-alarm.test.ts (10 tests) 3055ms
 ✓ apps/cloud-api/test/admin-command.test.ts (15 tests) 3232ms
     ✓ ACTIVE 设备：22 个命令全部创建成功并进入 AUTHORIZED  327ms
 ✓ apps/cloud-api/test/qa04-core-api.test.ts (3 tests) 4055ms
   ✓ QA04 five roles, two tenants: read scope, mutation and audit boundaries  2694ms
   ✓ QA04 concurrent If-Match writes have one winner and one success audit  799ms
   ✓ QA04 audit failure rolls back lifecycle/outbox; retry and replay preserve exactly one audit  561ms
 ✓ apps/cloud-api/test/device-sync.test.ts (13 tests) 973ms

 Test Files  14 passed (14)
      Tests  131 passed (131)
   Start at  21:24:12
   Duration  5.15s (transform 6.18s, setup 283ms, import 12.96s, tests 39.02s, environment 1ms)

JSON report written to /var/folders/k8/_4hymb6j59s0c8xntb11ktmc0000gn/T/qa04-core-api-lhDFnL/vitest.json

> food-digester-platform@0.0.0 test:admin-e2e-suite /Users/anray/Documents/project/hiddenjoyacom/food-digester-platform
> node scripts/run-admin-e2e.mjs /tmp/fdp-admin-e2e-gate.json

QA05 phase=serial executions=36 workers=1 timeoutMs=660000






Running 36 tests using 1 worker



[1/36] e2e/admin-web.spec.ts:15:1 › H-01 API 拒绝停用会话后清除浏览器会话并返回登录
[2/36] e2e/admin-web.spec.ts:42:1 › M-01 CustomerViewer 从菜单查询设备用户详情，全部写入口隐藏
[3/36] e2e/admin-web.spec.ts:88:1 › 无 Token 安全回登录；五角色菜单和受限路由均由组合根守卫
[4/36] e2e/admin-web.spec.ts:116:1 › 刷新失败清会话，API 403 保留会话并呈现无权
[5/36] e2e/admin-web.spec.ts:138:1 › Customer scope 与 Dashboard 离线/无 entitlement 动作在真实浏览器失败关闭
[6/36] e2e/admin-web.spec.ts:175:1 › Onboarding 审批双击只提交一次，展示录入来源和证书状态
[7/36] e2e/admin-web.spec.ts:220:1 › Customer/Site CRUD 关键路径：创建、非法时区、关联停用提示与 409
[8/36] e2e/admin-web.spec.ts:343:1 › 1440/768/375 响应式布局、横向表格和对话框键盘边界
[9/36] e2e/admin-web.spec.ts:429:1 › FE-06 至 FE-10 六个生产路由可运行，并覆盖成功、空态、分页入口、时区与响应式
[10/36] e2e/admin-web.spec.ts:471:1 › FE-06 至 FE-10 在 403/404、Customer scope、详情焦点与重复提交场景失败关闭
[11/36] e2e/admin-web.spec.ts:547:1 › FE-11 至 FE-15 七个生产路由由真实控制器驱动，并覆盖媒体签发与审计详情
[12/36] e2e/admin-web.spec.ts:611:1 › FE-11 至 FE-15 API 403 与路由角色边界在真实浏览器失败关闭
[13/36] e2e/admin-web.spec.ts:628:1 › FE-17 新建权限与零设备第二阶段在真实浏览器失败关闭
[14/36] e2e/admin-web.spec.ts:699:1 › FE-18 Chromium 覆盖 unknown/stale、联系人按需零预载与申请状态机
[15/36] e2e/admin-web.spec.ts:803:1 › FE-16 Chromium 覆盖邀请、角色、Scope、重置与设置 409 回源
[16/36] e2e/admin-web.spec.ts:927:1 › FE-17 Chromium 覆盖绑定、解绑、续约与终止并保留 License 边界
[17/36] e2e/admin-web.spec.ts:1102:5 › FE-19 Chromium 22 个生产路由：zh-CN / 375px
[18/36] e2e/admin-web.spec.ts:1102:5 › FE-19 Chromium 22 个生产路由：zh-CN / 768px
[19/36] e2e/admin-web.spec.ts:1102:5 › FE-19 Chromium 22 个生产路由：zh-CN / 1440px
[20/36] e2e/admin-web.spec.ts:1102:5 › FE-19 Chromium 22 个生产路由：en / 375px
[21/36] e2e/admin-web.spec.ts:1102:5 › FE-19 Chromium 22 个生产路由：en / 768px
[22/36] e2e/admin-web.spec.ts:1102:5 › FE-19 Chromium 22 个生产路由：en / 1440px
[23/36] e2e/admin-web.spec.ts:1123:1 › FE-19 语言选择在刷新后保持
[24/36] e2e/admin-web.spec.ts:1135:1 › QA-09 设备管理长别名和序列号在375px完整换行且不裁切
[25/36] e2e/qa05-workflows.spec.ts:33:3 › QA05 role route and button matrix PlatformSuperAdmin
[26/36] e2e/qa05-workflows.spec.ts:33:3 › QA05 role route and button matrix PlatformOperator
[27/36] e2e/qa05-workflows.spec.ts:33:3 › QA05 role route and button matrix Auditor
[28/36] e2e/qa05-workflows.spec.ts:33:3 › QA05 role route and button matrix CustomerAdmin
[29/36] e2e/qa05-workflows.spec.ts:33:3 › QA05 role route and button matrix CustomerViewer
[30/36] e2e/qa05-workflows.spec.ts:80:1 › QA05 login SRP MFA error success logout without persisting password
[31/36] e2e/qa05-workflows.spec.ts:146:1 › QA05 ESG cursor totals export snapshot timezone and empty state
[32/36] e2e/qa05-workflows.spec.ts:216:1 › QA05 Command dangerous confirmation terminal result and publish failure
[33/36] e2e/qa05-workflows.spec.ts:271:1 › QA05 Media expiry renew 403 and audit read-only zero writes
[34/36] e2e/ui-redesign.spec.ts:12:3 › UI redesign: all business routes at 1366x768
[35/36] e2e/ui-redesign.spec.ts:12:3 › UI redesign: all business routes at 1440x900
[36/36] e2e/ui-redesign.spec.ts:12:3 › UI redesign: all business routes at 1920x1080
  36 passed (1.4m)
QA05 phase=serial durationMs=83363
QA05 phase=parallel-repeat executions=72 workers=2 timeoutMs=660000






Running 72 tests using 2 workers





[1/72] e2e/admin-web.spec.ts:15:1 › H-01 API 拒绝停用会话后清除浏览器会话并返回登录
[2/72] e2e/admin-web.spec.ts:42:1 › M-01 CustomerViewer 从菜单查询设备用户详情，全部写入口隐藏
[3/72] e2e/admin-web.spec.ts:88:1 › 无 Token 安全回登录；五角色菜单和受限路由均由组合根守卫
[4/72] e2e/admin-web.spec.ts:116:1 › 刷新失败清会话，API 403 保留会话并呈现无权
[5/72] e2e/admin-web.spec.ts:138:1 › Customer scope 与 Dashboard 离线/无 entitlement 动作在真实浏览器失败关闭
[6/72] e2e/admin-web.spec.ts:175:1 › Onboarding 审批双击只提交一次，展示录入来源和证书状态
[7/72] e2e/admin-web.spec.ts:220:1 › Customer/Site CRUD 关键路径：创建、非法时区、关联停用提示与 409
[8/72] e2e/admin-web.spec.ts:343:1 › 1440/768/375 响应式布局、横向表格和对话框键盘边界
[9/72] e2e/admin-web.spec.ts:429:1 › FE-06 至 FE-10 六个生产路由可运行，并覆盖成功、空态、分页入口、时区与响应式
[10/72] e2e/admin-web.spec.ts:471:1 › FE-06 至 FE-10 在 403/404、Customer scope、详情焦点与重复提交场景失败关闭
[11/72] e2e/admin-web.spec.ts:547:1 › FE-11 至 FE-15 七个生产路由由真实控制器驱动，并覆盖媒体签发与审计详情
[12/72] e2e/admin-web.spec.ts:611:1 › FE-11 至 FE-15 API 403 与路由角色边界在真实浏览器失败关闭
[13/72] e2e/admin-web.spec.ts:628:1 › FE-17 新建权限与零设备第二阶段在真实浏览器失败关闭
[14/72] e2e/admin-web.spec.ts:699:1 › FE-18 Chromium 覆盖 unknown/stale、联系人按需零预载与申请状态机
[15/72] e2e/admin-web.spec.ts:803:1 › FE-16 Chromium 覆盖邀请、角色、Scope、重置与设置 409 回源
[16/72] e2e/admin-web.spec.ts:927:1 › FE-17 Chromium 覆盖绑定、解绑、续约与终止并保留 License 边界
[17/72] e2e/admin-web.spec.ts:1102:5 › FE-19 Chromium 22 个生产路由：zh-CN / 375px
[18/72] e2e/admin-web.spec.ts:1102:5 › FE-19 Chromium 22 个生产路由：zh-CN / 768px
[19/72] e2e/admin-web.spec.ts:1102:5 › FE-19 Chromium 22 个生产路由：zh-CN / 1440px
[20/72] e2e/admin-web.spec.ts:1102:5 › FE-19 Chromium 22 个生产路由：en / 375px
[21/72] e2e/admin-web.spec.ts:1102:5 › FE-19 Chromium 22 个生产路由：en / 768px
[22/72] e2e/admin-web.spec.ts:1102:5 › FE-19 Chromium 22 个生产路由：en / 1440px
[23/72] e2e/admin-web.spec.ts:1123:1 › FE-19 语言选择在刷新后保持
[24/72] e2e/admin-web.spec.ts:1135:1 › QA-09 设备管理长别名和序列号在375px完整换行且不裁切
[25/72] e2e/qa05-workflows.spec.ts:33:3 › QA05 role route and button matrix PlatformSuperAdmin
[26/72] e2e/qa05-workflows.spec.ts:33:3 › QA05 role route and button matrix PlatformOperator
[27/72] e2e/qa05-workflows.spec.ts:33:3 › QA05 role route and button matrix Auditor
[28/72] e2e/qa05-workflows.spec.ts:33:3 › QA05 role route and button matrix CustomerAdmin
[29/72] e2e/qa05-workflows.spec.ts:33:3 › QA05 role route and button matrix CustomerViewer
[30/72] e2e/qa05-workflows.spec.ts:80:1 › QA05 login SRP MFA error success logout without persisting password
[31/72] e2e/qa05-workflows.spec.ts:146:1 › QA05 ESG cursor totals export snapshot timezone and empty state
[32/72] e2e/qa05-workflows.spec.ts:216:1 › QA05 Command dangerous confirmation terminal result and publish failure
[33/72] e2e/qa05-workflows.spec.ts:271:1 › QA05 Media expiry renew 403 and audit read-only zero writes
[34/72] e2e/ui-redesign.spec.ts:12:3 › UI redesign: all business routes at 1366x768
[35/72] e2e/ui-redesign.spec.ts:12:3 › UI redesign: all business routes at 1440x900
[36/72] e2e/ui-redesign.spec.ts:12:3 › UI redesign: all business routes at 1920x1080


[37/72] e2e/admin-web.spec.ts:15:1 › H-01 API 拒绝停用会话后清除浏览器会话并返回登录
[38/72] e2e/admin-web.spec.ts:42:1 › M-01 CustomerViewer 从菜单查询设备用户详情，全部写入口隐藏
[39/72] e2e/admin-web.spec.ts:88:1 › 无 Token 安全回登录；五角色菜单和受限路由均由组合根守卫
[40/72] e2e/admin-web.spec.ts:116:1 › 刷新失败清会话，API 403 保留会话并呈现无权
[41/72] e2e/admin-web.spec.ts:138:1 › Customer scope 与 Dashboard 离线/无 entitlement 动作在真实浏览器失败关闭
[42/72] e2e/admin-web.spec.ts:175:1 › Onboarding 审批双击只提交一次，展示录入来源和证书状态
[43/72] e2e/admin-web.spec.ts:220:1 › Customer/Site CRUD 关键路径：创建、非法时区、关联停用提示与 409
[44/72] e2e/admin-web.spec.ts:343:1 › 1440/768/375 响应式布局、横向表格和对话框键盘边界
[45/72] e2e/admin-web.spec.ts:429:1 › FE-06 至 FE-10 六个生产路由可运行，并覆盖成功、空态、分页入口、时区与响应式
[46/72] e2e/admin-web.spec.ts:471:1 › FE-06 至 FE-10 在 403/404、Customer scope、详情焦点与重复提交场景失败关闭
[47/72] e2e/admin-web.spec.ts:547:1 › FE-11 至 FE-15 七个生产路由由真实控制器驱动，并覆盖媒体签发与审计详情
[48/72] e2e/admin-web.spec.ts:611:1 › FE-11 至 FE-15 API 403 与路由角色边界在真实浏览器失败关闭
[49/72] e2e/admin-web.spec.ts:628:1 › FE-17 新建权限与零设备第二阶段在真实浏览器失败关闭
[50/72] e2e/admin-web.spec.ts:699:1 › FE-18 Chromium 覆盖 unknown/stale、联系人按需零预载与申请状态机
[51/72] e2e/admin-web.spec.ts:803:1 › FE-16 Chromium 覆盖邀请、角色、Scope、重置与设置 409 回源
[52/72] e2e/admin-web.spec.ts:927:1 › FE-17 Chromium 覆盖绑定、解绑、续约与终止并保留 License 边界
[53/72] e2e/admin-web.spec.ts:1102:5 › FE-19 Chromium 22 个生产路由：zh-CN / 375px
[54/72] e2e/admin-web.spec.ts:1102:5 › FE-19 Chromium 22 个生产路由：zh-CN / 1440px


[55/72] e2e/admin-web.spec.ts:1102:5 › FE-19 Chromium 22 个生产路由：zh-CN / 768px
[56/72] e2e/admin-web.spec.ts:1102:5 › FE-19 Chromium 22 个生产路由：en / 375px
[57/72] e2e/admin-web.spec.ts:1102:5 › FE-19 Chromium 22 个生产路由：en / 768px
[58/72] e2e/admin-web.spec.ts:1102:5 › FE-19 Chromium 22 个生产路由：en / 1440px
[59/72] e2e/admin-web.spec.ts:1123:1 › FE-19 语言选择在刷新后保持
[60/72] e2e/admin-web.spec.ts:1135:1 › QA-09 设备管理长别名和序列号在375px完整换行且不裁切
[61/72] e2e/qa05-workflows.spec.ts:33:3 › QA05 role route and button matrix PlatformSuperAdmin
[62/72] e2e/qa05-workflows.spec.ts:33:3 › QA05 role route and button matrix PlatformOperator
[63/72] e2e/qa05-workflows.spec.ts:33:3 › QA05 role route and button matrix Auditor
[64/72] e2e/qa05-workflows.spec.ts:33:3 › QA05 role route and button matrix CustomerAdmin
[65/72] e2e/qa05-workflows.spec.ts:33:3 › QA05 role route and button matrix CustomerViewer
[66/72] e2e/qa05-workflows.spec.ts:80:1 › QA05 login SRP MFA error success logout without persisting password
[67/72] e2e/qa05-workflows.spec.ts:146:1 › QA05 ESG cursor totals export snapshot timezone and empty state
[68/72] e2e/qa05-workflows.spec.ts:216:1 › QA05 Command dangerous confirmation terminal result and publish failure
[69/72] e2e/qa05-workflows.spec.ts:271:1 › QA05 Media expiry renew 403 and audit read-only zero writes
[70/72] e2e/ui-redesign.spec.ts:12:3 › UI redesign: all business routes at 1366x768
[71/72] e2e/ui-redesign.spec.ts:12:3 › UI redesign: all business routes at 1440x900
[72/72] e2e/ui-redesign.spec.ts:12:3 › UI redesign: all business routes at 1920x1080
  72 passed (1.5m)
QA05 phase=parallel-repeat durationMs=90351

> food-digester-platform@0.0.0 test:security-suite /Users/anray/Documents/project/hiddenjoyacom/food-digester-platform
> node --import tsx scripts/run-security-suite.mjs /tmp/fdp-security-gate.json


 RUN  v4.1.11 /Users/anray/Documents/project/hiddenjoyacom/food-digester-platform

 ✓ packages/database/test/db03.test.ts (10 tests) 1086ms
 ✓ packages/auth/test/device-mtls.test.ts (11 tests) 1247ms
 ✓ packages/auth/test/secure-package.test.ts (14 tests) 1392ms
 ✓ packages/auth/test/qa06-jwt-security.test.ts (1 test) 40ms
 ✓ packages/auth/test/cognito.test.ts (14 tests) 204ms
 ✓ apps/cloud-api/test/admin-lambda-composition.test.ts (12 tests) 414ms
 ✓ packages/aws-clients/test/iot-device-policy.test.ts (12 tests) 6ms
 ✓ packages/observability/test/redaction.test.ts (8 tests) 5ms
 ✓ apps/cloud-api/test/device-lambda-composition.test.ts (13 tests) 11ms
 ✓ packages/auth/test/guard.test.ts (10 tests) 3ms
 ✓ apps/cloud-api/test/admin-settings.test.ts (10 tests) 2281ms
 ✓ apps/cloud-api/test/admin-audit.test.ts (7 tests) 2341ms
 ✓ apps/cloud-api/test/csr-onboarding.test.ts (1 test) 2362ms
 ✓ apps/cloud-api/test/media.test.ts (12 tests) 2496ms
 ✓ apps/cloud-api/test/admin-command.test.ts (15 tests) 2495ms
     ✓ ACTIVE 设备：22 个命令全部创建成功并进入 AUTHORIZED  363ms
 ✓ apps/cloud-api/test/ota-dispatch.test.ts (16 tests) 2612ms
 ✓ apps/cloud-api/test/admin-user.test.ts (31 tests) 2830ms
 ✓ apps/cloud-api/test/admin-device-user.test.ts (8 tests) 2994ms
 ✓ apps/cloud-api/test/certificate-rotate.test.ts (8 tests) 3441ms
 ✓ apps/cloud-api/test/qa06-security.test.ts (4 tests) 3557ms
   ✓ QA06 signed tenant scope and SQL JSON injection cannot cross boundaries or corrupt business state  2170ms
   ✓ QA06 malicious media filenames and metadata reject before signing or persistence  650ms
   ✓ QA06 raw canaries are absent from actual logger trace audit and snapshot artifacts  566ms

 Test Files  20 passed (20)
      Tests  217 passed (217)
   Start at  21:27:12
   Duration  4.90s (transform 7.20s, setup 161ms, import 14.18s, tests 31.82s, environment 1ms)

JSON report written to /var/folders/k8/_4hymb6j59s0c8xntb11ktmc0000gn/T/qa06-security-sgTEHn/vitest.json

> food-digester-platform@0.0.0 test:reliability-suite /Users/anray/Documents/project/hiddenjoyacom/food-digester-platform
> node --import tsx scripts/run-reliability-suite.mjs /tmp/fdp-reliability-gate.json

JSON report written to /var/folders/k8/_4hymb6j59s0c8xntb11ktmc0000gn/T/qa07-reliability-WEhppf/vitest.json

> food-digester-platform@0.0.0 test:prototype-regression /Users/anray/Documents/project/hiddenjoyacom/food-digester-platform
> node scripts/run-prototype-regression.mjs /tmp/fdp-prototype-regression-gate.json







Running 24 tests using 1 worker



[1/24] e2e/qa08-prototype.spec.ts:461:5 › QA08 dashboard 375
[2/24] e2e/qa08-prototype.spec.ts:461:5 › QA08 device-view 375
[3/24] e2e/qa08-prototype.spec.ts:461:5 › QA08 device-operate 375
[4/24] e2e/qa08-prototype.spec.ts:461:5 › QA08 device-group 375
[5/24] e2e/qa08-prototype.spec.ts:461:5 › QA08 device-manage 375
[6/24] e2e/qa08-prototype.spec.ts:461:5 › QA08 device-consumable 375
[7/24] e2e/qa08-prototype.spec.ts:461:5 › QA08 contract-modify 375
[8/24] e2e/qa08-prototype.spec.ts:461:5 › QA08 contract-new 375
[9/24] e2e/qa08-prototype.spec.ts:461:5 › QA08 contract-detail 375
[10/24] e2e/qa08-prototype.spec.ts:461:5 › QA08 esg-overview 375
[11/24] e2e/qa08-prototype.spec.ts:461:5 › QA08 esg-device 375
[12/24] e2e/qa08-prototype.spec.ts:461:5 › QA08 settings 375
[13/24] e2e/qa08-prototype.spec.ts:461:5 › QA08 dashboard 1440
[14/24] e2e/qa08-prototype.spec.ts:461:5 › QA08 device-view 1440
[15/24] e2e/qa08-prototype.spec.ts:461:5 › QA08 device-operate 1440
[16/24] e2e/qa08-prototype.spec.ts:461:5 › QA08 device-group 1440
[17/24] e2e/qa08-prototype.spec.ts:461:5 › QA08 device-manage 1440
[18/24] e2e/qa08-prototype.spec.ts:461:5 › QA08 device-consumable 1440
[19/24] e2e/qa08-prototype.spec.ts:461:5 › QA08 contract-modify 1440
[20/24] e2e/qa08-prototype.spec.ts:461:5 › QA08 contract-new 1440
[21/24] e2e/qa08-prototype.spec.ts:461:5 › QA08 contract-detail 1440
[22/24] e2e/qa08-prototype.spec.ts:461:5 › QA08 esg-overview 1440
[23/24] e2e/qa08-prototype.spec.ts:461:5 › QA08 esg-device 1440
[24/24] e2e/qa08-prototype.spec.ts:461:5 › QA08 settings 1440
  24 passed (1.9m)
